lemma_ru,pos,feats,dialect,form_vvz,cls,nacc,sim_lem,sim_sib,n_dial,sub,stressx,segx,typo
пасха,N,N;ACC;SG,SEV,па́сьсѫ,0,1,1.0,0.0,1,False,0,0,False
манхэттен,N,N;ACC;SG,SEV,манхэтте́н,1,1,1.0,0.0,1,False,0,0,False
аспирировать,V,V;PRS;3;SG,SEV,аспирираваи́ть,1,1,1.0,0.0,1,False,0,0,False
ассистировать,V,V;PRS;3;SG,SEV,а́ссистираваеть,0,1,1.0,0.0,1,False,0,0,False
белить,V,V;PRS;3;SG,SEV,бе́лиеть,0,1,1.0,0.0,1,False,0,0,False
бесить,V,V;PRS;3;SG,SEV,беси́ть,1,1,1.0,0.0,1,False,0,0,False
беситься,V,V;PRS;3;SG,SEV,беси́еть,2,1,0.8888888888888888,0.0,1,False,0,0,False
благоустраивать,V,V;PRS;3;SG,SEV,благаустраиваи́ть,1,1,1.0,0.0,1,False,0,0,False
благоустраиваться,V,V;PRS;3;SG,SEV,благаустраивае́ть,1,1,0.962962962962963,0.0,1,False,0,0,False
блёкнуть,V,V;PRS;3;SG,SEV,блёкну́еть,2,1,1.0,0.0,1,False,0,0,False
близиться,V,V;PRS;3;SG,SEV,бли́зиеть,0,1,0.9090909090909091,0.0,1,False,0,0,False
боготворить,V,V;PRS;3;SG,SEV,бо́гатвариеть,0,1,1.0,0.0,1,False,0,0,False
бодрить,V,V;PRS;3;SG,SEV,бо́дрить,0,1,1.0,0.0,1,False,0,0,False
бомбить,V,V;PRS;3;SG,SEV,бо́мбиеть,0,1,1.0,0.0,1,False,0,0,False
бубнить,V,V;PRS;3;SG,SEV,бубнии́ть,1,1,1.0,0.0,1,False,0,0,False
бурлить,V,V;PRS;3;SG,SEV,бу́рлить,0,1,1.0,0.0,1,False,0,0,False
бычить,V,V;PRS;3;SG,SEV,бы́чиеть,0,1,1.0,0.0,1,False,0,0,False
варьировать,V,V;PRS;3;SG,SEV,ва́рьиравать,0,1,1.0,0.0,1,False,0,0,False
варьироваться,V,V;PRS;3;SG,SEV,ва́рьиравать,0,1,1.0,0.0,1,False,0,0,False
вводить,V,V;PRS;3;SG,SEV,вво́диить,0,1,1.0,0.0,1,False,0,0,False
вводиться,V,V;PRS;3;SG,SEV,вво́дить,0,1,1.0,0.0,1,False,0,0,False
ввозить,V,V;PRS;3;SG,SEV,вво́зиить,0,1,1.0,0.0,1,False,0,0,False
вербовать,V,V;PRS;3;SG,SEV,вербава́ить,2,1,1.0,0.0,1,False,0,0,False
верещать,V,V;PRS;3;SG,SEV,врѣща́еть,2,1,1.0,0.0,1,False,0,0,False
верить,V,V;PRS;3;SG,SEV,верие́ть,1,1,1.0,0.0,1,False,0,0,False
вериться,V,V;PRS;3;SG,SEV,вери́ть,1,1,1.0,0.0,1,False,0,0,False
веровать,V,V;PRS;3;SG,SEV,верава́еть,2,1,1.0,0.0,1,False,0,0,False
вершить,V,V;PRS;3;SG,SEV,вѣрши́ить,2,1,1.0,0.0,1,False,0,0,False
веселеть,V,V;PRS;3;SG,SEV,ве́селееть,0,1,1.0,0.0,1,False,0,0,False
весить,V,V;PRS;3;SG,SEV,веси́ить,2,1,1.0,0.0,1,False,0,0,False
ветвиться,V,V;PRS;3;SG,SEV,ветвие́ть,1,1,0.9090909090909091,0.0,1,False,0,0,False
вечереть,V,V;PRS;3;SG,SEV,вечрѣ́еть,2,1,1.0,0.0,1,False,0,0,False
винить,V,V;PRS;3;SG,SEV,вини́ить,2,1,1.0,0.0,1,False,0,0,False
виснуть,V,V;PRS;3;SG,SEV,ви́снуеть,0,1,1.0,0.0,1,False,0,0,False
вихрить,V,V;PRS;3;SG,SEV,ви́сриеть,0,1,1.0,0.0,1,False,0,0,False
вноситься,V,V;PRS;3;SG,SEV,вно́сить,0,1,1.0,0.0,1,False,0,0,False
вовлекать,V,V;PRS;3;SG,SEV,вавлекае́ть,1,1,1.0,0.0,1,False,0,0,False
водиться,V,V;PRS;3;SG,SEV,вади́еть,2,1,0.8888888888888888,0.0,1,False,0,0,False
возвещать,V,V;PRS;3;SG,SEV,вазвеща́ить,2,1,1.0,0.0,1,False,0,0,False
воздевать,V,V;PRS;3;SG,SEV,ваздева́ть,1,1,1.0,0.0,1,False,0,0,False
возиться,V,V;PRS;3;SG,SEV,вази́ть,1,1,1.0,0.0,1,False,0,0,False
возмещать,V,V;PRS;3;SG,SEV,вазмеща́ить,2,1,1.0,0.0,1,False,0,0,False
возрождать,V,V;PRS;3;SG,SEV,вазраждаи́ть,1,1,1.0,0.0,1,False,0,0,False
возрождаться,V,V;PRS;3;SG,SEV,вазраждае́ть,1,1,0.9411764705882352,0.0,1,False,0,0,False
волновать,V,V;PRS;3;SG,SEV,во́лнаваеть,0,1,1.0,0.0,1,False,0,0,False
воплощаться,V,V;PRS;3;SG,SEV,ваплаща́еть,2,1,0.9333333333333332,0.0,1,False,0,0,False
вопрошать,V,V;PRS;3;SG,SEV,вапраша́еть,2,1,1.0,0.0,1,False,0,0,False
ворковать,V,V;PRS;3;SG,SEV,во́ркаваить,0,1,1.0,0.0,1,False,0,0,False
воровать,V,V;PRS;3;SG,SEV,врава́ть,1,1,1.0,0.0,1,False,0,0,False
воскресать,V,V;PRS;3;SG,SEV,васкреса́ть,1,1,1.0,0.0,1,False,0,0,False
воскрешать,V,V;PRS;3;SG,SEV,васкреша́ить,2,1,1.0,0.0,1,False,0,0,False
воспевать,V,V;PRS;3;SG,SEV,васпеваи́ть,1,1,1.0,0.0,1,False,0,0,False
восполнять,V,V;PRS;3;SG,SEV,васпалня́ть,1,1,1.0,0.0,1,False,0,0,False
воспрещать,V,V;PRS;3;SG,SEV,васпрещае́ть,1,1,1.0,0.0,1,False,0,0,False
восседать,V,V;PRS;3;SG,SEV,васседа́ть,1,1,1.0,0.0,1,False,0,0,False
восторгаться,V,V;PRS;3;SG,SEV,вастарга́еть,2,1,0.9411764705882352,0.0,1,False,0,0,False
вредить,V,V;PRS;3;SG,SEV,вре́диеть,0,1,1.0,0.0,1,False,0,0,False
всходить,V,V;PRS;3;SG,SEV,всхо́диить,0,1,1.0,0.0,1,False,0,0,False
вторить,V,V;PRS;3;SG,SEV,втарии́ть,1,1,1.0,0.0,1,False,0,0,False
выводить,V,V;PRS;3;SG,SEV,вывадии́ть,1,1,1.0,0.0,1,False,0,0,False
выводиться,V,V;PRS;3;SG,SEV,вывадие́ть,1,1,0.923076923076923,0.0,1,False,0,0,False
выволакивать,V,V;PRS;3;SG,SEV,вывалакива́ть,1,1,1.0,0.0,1,False,0,0,False
выворачивать,V,V;PRS;3;SG,SEV,вы́варачиваеть,0,1,1.0,0.0,1,False,0,0,False
выворачиваться,V,V;PRS;3;SG,SEV,вы́варачиваеть,0,1,0.9473684210526316,0.0,1,False,0,0,False
выглядывать,V,V;PRS;3;SG,SEV,выглядыва́ить,2,1,1.0,0.0,1,False,0,0,False
выговаривать,V,V;PRS;3;SG,SEV,выгаварива́ть,1,1,1.0,0.0,1,False,0,0,False
выговариваться,V,V;PRS;3;SG,SEV,выгаварива́ить,2,1,0.9523809523809522,0.0,1,False,0,0,False
выдавливать,V,V;PRS;3;SG,SEV,выдавливаи́ть,1,1,1.0,0.0,1,False,0,0,False
выказывать,V,V;PRS;3;SG,SEV,выказыва́еть,2,1,1.0,0.0,1,False,0,0,False
выкаливать,V,V;PRS;3;SG,SEV,выкалива́ить,2,1,1.0,0.0,1,False,0,0,False
выкатывать,V,V;PRS;3;SG,SEV,выкатыва́еть,2,1,1.0,0.0,1,False,0,0,False
выкатываться,V,V;PRS;3;SG,SEV,выкатыва́еть,2,1,0.9411764705882352,0.0,1,False,0,0,False
выкладывать,V,V;PRS;3;SG,SEV,выкладыва́ить,2,1,1.0,0.0,1,False,0,0,False
выкладываться,V,V;PRS;3;SG,SEV,выкладыва́еть,2,1,0.9473684210526316,0.0,1,False,0,0,False
выковыривать,V,V;PRS;3;SG,SEV,вы́кавыривать,0,1,1.0,0.0,1,False,0,0,False
вылавливать,V,V;PRS;3;SG,SEV,вы́лавливать,0,1,1.0,0.0,1,False,0,0,False
выламывать,V,V;PRS;3;SG,SEV,выламываи́ть,1,1,1.0,0.0,1,False,0,0,False
вымащивать,V,V;PRS;3;SG,SEV,вымащива́ить,2,1,1.0,0.0,1,False,0,0,False
вынашивать,V,V;PRS;3;SG,SEV,вынашива́еть,2,1,1.0,0.0,1,False,0,0,False
вынашиваться,V,V;PRS;3;SG,SEV,вынашива́ить,2,1,0.9411764705882352,0.0,1,False,0,0,False
выносить,V,V;PRS;3;SG,SEV,вынасии́ть,1,1,1.0,0.0,1,False,0,0,False
выпаливать,V,V;PRS;3;SG,SEV,вы́паливать,0,1,1.0,0.0,1,False,0,0,False
выпалывать,V,V;PRS;3;SG,SEV,вы́палываеть,0,1,1.0,0.0,1,False,0,0,False
выплачиваться,V,V;PRS;3;SG,SEV,выплачивае́ть,1,1,0.9473684210526316,0.0,1,False,0,0,False
выпрашивать,V,V;PRS;3;SG,SEV,выпрашиваи́ть,1,1,1.0,0.0,1,False,0,0,False
выпроваживать,V,V;PRS;3;SG,SEV,выправажива́ть,1,1,1.0,0.0,1,False,0,0,False
выпячивать,V,V;PRS;3;SG,SEV,выпячиваи́ть,1,1,1.0,0.0,1,False,0,0,False
выравнивать,V,V;PRS;3;SG,SEV,вы́равнивать,0,1,1.0,0.0,1,False,0,0,False
выращивать,V,V;PRS;3;SG,SEV,выращива́ть,1,1,1.0,0.0,1,False,0,0,False
высаживать,V,V;PRS;3;SG,SEV,высаживаи́ть,1,1,1.0,0.0,1,False,0,0,False
высаживаться,V,V;PRS;3;SG,SEV,высаживае́ть,1,1,0.9411764705882352,0.0,1,False,0,0,False
высасывать,V,V;PRS;3;SG,SEV,вы́сасывать,0,1,1.0,0.0,1,False,0,0,False
выситься,V,V;PRS;3;SG,SEV,вы́сиить,0,1,0.8888888888888888,0.0,1,False,0,0,False
выскабливать,V,V;PRS;3;SG,SEV,вы́скабливаить,0,1,1.0,0.0,1,False,0,0,False
высказываться,V,V;PRS;3;SG,SEV,высказываи́ть,1,1,0.9473684210526316,0.0,1,False,0,0,False
выскакивать,V,V;PRS;3;SG,SEV,выскакива́ить,2,1,1.0,0.0,1,False,0,0,False
выскальзывать,V,V;PRS;3;SG,SEV,выскальзываи́ть,1,1,1.0,0.0,1,False,0,0,False
высматривать,V,V;PRS;3;SG,SEV,высматрива́ить,2,1,1.0,0.0,1,False,0,0,False
выспрашивать,V,V;PRS;3;SG,SEV,вы́спрашиваеть,0,1,1.0,0.0,1,False,0,0,False
выстаивать,V,V;PRS;3;SG,SEV,вы́стаивать,0,1,1.0,0.0,1,False,0,0,False
выстраивать,V,V;PRS;3;SG,SEV,выстраива́ить,2,1,1.0,0.0,1,False,0,0,False
выстраиваться,V,V;PRS;3;SG,SEV,выстраива́еть,2,1,0.9473684210526316,0.0,1,False,0,0,False
выталкивать,V,V;PRS;3;SG,SEV,вы́талкивать,0,1,1.0,0.0,1,False,0,0,False
вытапливать,V,V;PRS;3;SG,SEV,вы́тапливать,0,1,1.0,0.0,1,False,0,0,False
вытаскивать,V,V;PRS;3;SG,SEV,вытаскиваи́ть,1,1,1.0,0.0,1,False,0,0,False
вытравливать,V,V;PRS;3;SG,SEV,вытравливае́ть,1,1,1.0,0.0,1,False,0,0,False
вытряхивать,V,V;PRS;3;SG,SEV,вы́тряхиваить,0,1,1.0,0.0,1,False,0,0,False
вытягивать,V,V;PRS;3;SG,SEV,вытягиваи́ть,1,1,1.0,0.0,1,False,0,0,False
вытягиваться,V,V;PRS;3;SG,SEV,вытягиваи́ть,1,1,0.9411764705882352,0.0,1,False,0,0,False
выхватывать,V,V;PRS;3;SG,SEV,выхватыва́ить,2,1,1.0,0.0,1,False,0,0,False
глохнуть,V,V;PRS;3;SG,SEV,глахнуи́ть,1,1,1.0,0.0,1,False,0,0,False
гневить,V,V;PRS;3;SG,SEV,гневи́ть,1,1,1.0,0.0,1,False,0,0,False
говориться,V,V;PRS;3;SG,SEV,гаварие́ть,1,1,0.923076923076923,0.0,1,False,0,0,False
годиться,V,V;PRS;3;SG,SEV,гади́еть,2,1,0.8888888888888888,0.0,1,False,0,0,False
голосить,V,V;PRS;3;SG,SEV,гла́сиеть,0,1,1.0,0.0,1,False,0,0,False
гомонить,V,V;PRS;3;SG,SEV,гамании́ть,1,1,1.0,0.0,1,False,0,0,False
горбить,V,V;PRS;3;SG,SEV,го́рбить,0,1,1.0,0.0,1,False,0,0,False
горбиться,V,V;PRS;3;SG,SEV,го́рбить,0,1,1.0,0.0,1,False,0,0,False
гореть,V,V;PRS;3;SG,SEV,го́рѣеть,0,1,1.0,0.0,1,False,0,0,False
горячить,V,V;PRS;3;SG,SEV,гарячи́ть,1,1,1.0,0.0,1,False,0,0,False
горячиться,V,V;PRS;3;SG,SEV,гарячи́еть,2,1,0.9090909090909091,0.0,1,False,0,0,False
гостить,V,V;PRS;3;SG,SEV,гасти́еть,2,1,1.0,0.0,1,False,0,0,False
готовить,V,V;PRS;3;SG,SEV,гатави́ть,1,1,1.0,0.0,1,False,0,0,False
грезить,V,V;PRS;3;SG,SEV,гре́зиеть,0,1,1.0,0.0,1,False,0,0,False
греметь,V,V;PRS;3;SG,SEV,гре́меить,0,1,1.0,0.0,1,False,0,0,False
грешить,V,V;PRS;3;SG,SEV,греши́ить,2,1,1.0,0.0,1,False,0,0,False
грозиться,V,V;PRS;3;SG,SEV,гро́зиить,0,1,0.9090909090909091,0.0,1,False,0,0,False
громить,V,V;PRS;3;SG,SEV,грамии́ть,1,1,1.0,0.0,1,False,0,0,False
громоздить,V,V;PRS;3;SG,SEV,гро́маздить,0,1,1.0,0.0,1,False,0,0,False
громоздиться,V,V;PRS;3;SG,SEV,гро́маздиеть,0,1,0.9411764705882352,0.0,1,False,0,0,False
двоить,V,V;PRS;3;SG,SEV,дваии́ть,1,1,1.0,0.0,1,False,0,0,False
дежурить,V,V;PRS;3;SG,SEV,дѣжурии́ть,1,1,1.0,0.0,1,False,0,0,False
делить,V,V;PRS;3;SG,SEV,де́лиеть,0,1,1.0,0.0,1,False,0,0,False
дивить,V,V;PRS;3;SG,SEV,ди́виеть,0,1,1.0,0.0,1,False,0,0,False
дивиться,V,V;PRS;3;SG,SEV,ди́виить,0,1,0.8888888888888888,0.0,1,False,0,0,False
доить,V,V;PRS;3;SG,SEV,даи́ить,2,1,1.0,0.0,1,False,0,0,False
долбить,V,V;PRS;3;SG,SEV,до́лбить,0,1,1.0,0.0,1,False,0,0,False
дорыть,V,V;PRS;3;SG,SEV,до́рыить,0,1,1.0,0.0,1,False,0,0,False
дорыться,V,V;PRS;3;SG,SEV,до́рыить,0,1,0.8888888888888888,0.0,1,False,0,0,False
дрейфить,V,V;PRS;3;SG,SEV,дрейфие́ть,1,1,1.0,0.0,1,False,0,0,False
дробить,V,V;PRS;3;SG,SEV,дро́биеть,0,1,1.0,0.0,1,False,0,0,False
дружить,V,V;PRS;3;SG,SEV,дружии́ть,1,1,1.0,0.0,1,False,0,0,False
дрыхнуть,V,V;PRS;3;SG,SEV,дры́хнуеть,0,1,1.0,0.0,1,False,0,0,False
дурачиться,V,V;PRS;3;SG,SEV,ду́рачиить,0,1,0.923076923076923,0.0,1,False,0,0,False
дурить,V,V;PRS;3;SG,SEV,ду́риеть,0,1,1.0,0.0,1,False,0,0,False
дымить,V,V;PRS;3;SG,SEV,ды́миеть,0,1,1.0,0.0,1,False,0,0,False
дымиться,V,V;PRS;3;SG,SEV,ды́мить,0,1,1.0,0.0,1,False,0,0,False
ездить,V,V;PRS;3;SG,SEV,ездие́ть,1,1,1.0,0.0,1,False,0,0,False
забавить,V,V;PRS;3;SG,SEV,забавие́ть,1,1,1.0,0.0,1,False,0,0,False
заволакивать,V,V;PRS;3;SG,SEV,за́валакивать,0,1,1.0,0.0,1,False,0,0,False
завораживать,V,V;PRS;3;SG,SEV,заваражива́ть,1,1,1.0,0.0,1,False,0,0,False
заворачивать,V,V;PRS;3;SG,SEV,заварачива́ть,1,1,1.0,0.0,1,False,0,0,False
заговаривать,V,V;PRS;3;SG,SEV,за́гавариваить,0,1,1.0,0.0,1,False,0,0,False
заговариваться,V,V;PRS;3;SG,SEV,за́гавариваить,0,1,0.9523809523809522,0.0,1,False,0,0,False
загораживать,V,V;PRS;3;SG,SEV,за́гараживаить,0,1,1.0,0.0,1,False,0,0,False
заготавливать,V,V;PRS;3;SG,SEV,загатавлива́ить,2,1,1.0,0.0,1,False,0,0,False
заколачивать,V,V;PRS;3;SG,SEV,за́калачиваить,0,1,1.0,0.0,1,False,0,0,False
заколдовывать,V,V;PRS;3;SG,SEV,закалдавыва́ть,1,1,1.0,0.0,1,False,0,0,False
закружить,V,V;PRS;3;SG,SEV,за́кружить,0,1,1.0,0.0,1,False,0,0,False
закружиться,V,V;PRS;3;SG,SEV,за́кружиеть,0,1,0.9333333333333332,0.0,1,False,0,0,False
замораживать,V,V;PRS;3;SG,SEV,замараживаи́ть,1,1,1.0,0.0,1,False,0,0,False
замучиться,V,V;PRS;3;SG,SEV,замучи́еть,2,1,0.923076923076923,0.0,1,False,0,0,False
запечатывать,V,V;PRS;3;SG,SEV,за́печатываеть,0,1,1.0,0.0,1,False,0,0,False
заподазривать,V,V;PRS;3;SG,SEV,западазрива́ить,2,1,1.0,0.0,1,False,0,0,False
запорашивать,V,V;PRS;3;SG,SEV,запарашива́ть,1,1,1.0,0.0,1,False,0,0,False
запрокидывать,V,V;PRS;3;SG,SEV,за́пракидываеть,0,1,1.0,0.0,1,False,0,0,False
засекречивать,V,V;PRS;3;SG,SEV,засекречива́ить,2,1,1.0,0.0,1,False,0,0,False
затормаживать,V,V;PRS;3;SG,SEV,затармаживаи́ть,1,1,1.0,0.0,1,False,0,0,False
зиждиться,V,V;PRS;3;SG,SEV,зиждии́ть,1,1,0.9090909090909091,0.0,1,False,0,0,False
знобить,V,V;PRS;3;SG,SEV,зно́биеть,0,1,1.0,0.0,1,False,0,0,False
избаловывать,V,V;PRS;3;SG,SEV,и́збалавывать,0,1,1.0,0.0,1,False,0,0,False
избивать,V,V;PRS;3;SG,SEV,избива́ть,1,1,1.0,0.0,1,False,0,0,False
избираться,V,V;PRS;3;SG,SEV,избираи́ть,1,1,0.923076923076923,0.0,1,False,0,0,False
избывать,V,V;PRS;3;SG,SEV,избыва́ть,1,1,1.0,0.0,1,False,0,0,False
извиваться,V,V;PRS;3;SG,SEV,извива́ть,1,1,1.0,0.0,1,False,0,0,False
извинять,V,V;PRS;3;SG,SEV,извиня́еть,2,1,1.0,0.0,1,False,0,0,False
изводить,V,V;PRS;3;SG,SEV,и́звадиеть,0,1,1.0,0.0,1,False,0,0,False
изволить,V,V;PRS;3;SG,SEV,извали́еть,2,1,1.0,0.0,1,False,0,0,False
изгибать,V,V;PRS;3;SG,SEV,изгиба́ть,1,1,1.0,0.0,1,False,0,0,False
изгибаться,V,V;PRS;3;SG,SEV,изгибаи́ть,1,1,0.923076923076923,0.0,1,False,0,0,False
изготовляться,V,V;PRS;3;SG,SEV,и́згатавлять,0,1,1.0,0.0,1,False,0,0,False
изживать,V,V;PRS;3;SG,SEV,и́зживаить,0,1,1.0,0.0,1,False,0,0,False
излучать,V,V;PRS;3;SG,SEV,излуча́ть,1,1,1.0,0.0,1,False,0,0,False
изнемогать,V,V;PRS;3;SG,SEV,изнемага́ть,1,1,1.0,0.0,1,False,0,0,False
изнурять,V,V;PRS;3;SG,SEV,изнуря́ть,1,1,1.0,0.0,1,False,0,0,False
изнывать,V,V;PRS;3;SG,SEV,изныва́ть,1,1,1.0,0.0,1,False,0,0,False
изобретать,V,V;PRS;3;SG,SEV,изабрета́еть,2,1,1.0,0.0,1,False,0,0,False
изрыгать,V,V;PRS;3;SG,SEV,изрыга́ть,1,1,1.0,0.0,1,False,0,0,False
изрыть,V,V;PRS;3;SG,SEV,изрые́ть,1,1,1.0,0.0,1,False,0,0,False
изумлять,V,V;PRS;3;SG,SEV,и́зумлять,0,1,1.0,0.0,1,False,0,0,False
изумляться,V,V;PRS;3;SG,SEV,и́зумляеть,0,1,0.923076923076923,0.0,1,False,0,0,False
изучаться,V,V;PRS;3;SG,SEV,и́зучать,0,1,1.0,0.0,1,False,0,0,False
изымать,V,V;PRS;3;SG,SEV,изыма́ть,1,1,1.0,0.0,1,False,0,0,False
иметься,V,V;PRS;3;SG,SEV,име́ить,2,1,0.8571428571428572,0.0,1,False,0,0,False
инициализировать,V,V;PRS;3;SG,SEV,инициализираваи́ть,1,1,1.0,0.0,1,False,0,0,False
исключаться,V,V;PRS;3;SG,SEV,исключа́еть,2,1,0.9333333333333332,0.0,1,False,0,0,False
искоренять,V,V;PRS;3;SG,SEV,искареня́ть,1,1,1.0,0.0,1,False,0,0,False
искривлять,V,V;PRS;3;SG,SEV,искривляи́ть,1,1,1.0,0.0,1,False,0,0,False
искриться,V,V;PRS;3;SG,SEV,и́скриеть,0,1,0.9090909090909091,0.0,1,False,0,0,False
исповедоваться,V,V;PRS;3;SG,SEV,испаведава́ть,1,1,1.0,0.0,1,False,0,0,False
использоваться,V,V;PRS;3;SG,SEV,и́спальзаваить,0,1,0.9473684210526316,0.0,1,False,0,0,False
испускать,V,V;PRS;3;SG,SEV,испускае́ть,1,1,1.0,0.0,1,False,0,0,False
исследоваться,V,V;PRS;3;SG,SEV,и́сследаваеть,0,1,0.9473684210526316,0.0,1,False,0,0,False
иссушать,V,V;PRS;3;SG,SEV,иссуша́ить,2,1,1.0,0.0,1,False,0,0,False
истерить,V,V;PRS;3;SG,SEV,истери́еть,2,1,1.0,0.0,1,False,0,0,False
исходить,V,V;PRS;3;SG,SEV,и́схадиеть,0,1,1.0,0.0,1,False,0,0,False
исцарапывать,V,V;PRS;3;SG,SEV,и́сцарапывать,0,1,1.0,0.0,1,False,0,0,False
исчислять,V,V;PRS;3;SG,SEV,исчисляи́ть,1,1,1.0,0.0,1,False,0,0,False
исчисляться,V,V;PRS;3;SG,SEV,исчисляи́ть,1,1,0.9333333333333332,0.0,1,False,0,0,False
клеить,V,V;PRS;3;SG,SEV,клеии́ть,1,1,1.0,0.0,1,False,0,0,False
клеймить,V,V;PRS;3;SG,SEV,клейми́ть,1,1,1.0,0.0,1,False,0,0,False
клонить,V,V;PRS;3;SG,SEV,клании́ть,1,1,1.0,0.0,1,False,0,0,False
клониться,V,V;PRS;3;SG,SEV,клании́ть,1,1,0.9090909090909091,0.0,1,False,0,0,False
колбасить,V,V;PRS;3;SG,SEV,калбаси́ть,1,1,1.0,0.0,1,False,0,0,False
колотить,V,V;PRS;3;SG,SEV,кла́тить,0,1,1.0,0.0,1,False,0,0,False
колотиться,V,V;PRS;3;SG,SEV,кла́тить,0,1,1.0,0.0,1,False,0,0,False
колоть,V,V;PRS;3;SG,SEV,кла́ить,0,1,1.0,0.0,1,False,0,0,False
колоться,V,V;PRS;3;SG,SEV,кла́ить,0,1,0.8571428571428572,0.0,1,False,0,0,False
конфузить,V,V;PRS;3;SG,SEV,ко́нфузить,0,1,1.0,0.0,1,False,0,0,False
копить,V,V;PRS;3;SG,SEV,капи́ить,2,1,1.0,0.0,1,False,0,0,False
копиться,V,V;PRS;3;SG,SEV,капи́ть,1,1,1.0,0.0,1,False,0,0,False
копошиться,V,V;PRS;3;SG,SEV,капаши́ть,1,1,1.0,0.0,1,False,0,0,False
коптить,V,V;PRS;3;SG,SEV,капти́ть,1,1,1.0,0.0,1,False,0,0,False
корить,V,V;PRS;3;SG,SEV,кари́ть,1,1,1.0,0.0,1,False,0,0,False
кормить,V,V;PRS;3;SG,SEV,карми́еть,2,1,1.0,0.0,1,False,0,0,False
кормиться,V,V;PRS;3;SG,SEV,карми́еть,2,1,0.9090909090909091,0.0,1,False,0,0,False
корчить,V,V;PRS;3;SG,SEV,карчи́ить,2,1,1.0,0.0,1,False,0,0,False
корчиться,V,V;PRS;3;SG,SEV,карчи́ить,2,1,0.9090909090909091,0.0,1,False,0,0,False
коситься,V,V;PRS;3;SG,SEV,каси́ть,1,1,1.0,0.0,1,False,0,0,False
костить,V,V;PRS;3;SG,SEV,касти́ть,1,1,1.0,0.0,1,False,0,0,False
крепить,V,V;PRS;3;SG,SEV,кре́пиить,0,1,1.0,0.0,1,False,0,0,False
крепиться,V,V;PRS;3;SG,SEV,кре́пиеть,0,1,0.9090909090909091,0.0,1,False,0,0,False
крепнуть,V,V;PRS;3;SG,SEV,крепну́ть,1,1,1.0,0.0,1,False,0,0,False
крестить,V,V;PRS;3;SG,SEV,кре́стиить,0,1,1.0,0.0,1,False,0,0,False
креститься,V,V;PRS;3;SG,SEV,кре́стить,0,1,1.0,0.0,1,False,0,0,False
кровавить,V,V;PRS;3;SG,SEV,кро́вавиеть,0,1,1.0,0.0,1,False,0,0,False
кроить,V,V;PRS;3;SG,SEV,краии́ть,1,1,1.0,0.0,1,False,0,0,False
крошить,V,V;PRS;3;SG,SEV,краши́ить,2,1,1.0,0.0,1,False,0,0,False
лакировать,V,V;PRS;3;SG,SEV,лакирава́еть,2,1,1.0,0.0,1,False,0,0,False
лелеять,V,V;PRS;3;SG,SEV,лелея́ть,1,1,1.0,0.0,1,False,0,0,False
лепетать,V,V;PRS;3;SG,SEV,ле́петаеть,0,1,1.0,0.0,1,False,0,0,False
лепить,V,V;PRS;3;SG,SEV,лепи́еть,2,1,1.0,0.0,1,False,0,0,False
лечить,V,V;PRS;3;SG,SEV,лѣ́чиеть,0,1,1.0,0.0,1,False,0,0,False
лечиться,V,V;PRS;3;SG,SEV,ле́чиеть,0,1,0.8888888888888888,0.0,1,False,0,0,False
либеральничать,V,V;PRS;3;SG,SEV,ли́бѣральничать,0,1,1.0,0.0,1,False,0,0,False
липнуть,V,V;PRS;3;SG,SEV,ли́пнуть,0,1,1.0,0.0,1,False,0,0,False
ловить,V,V;PRS;3;SG,SEV,лави́ть,1,1,1.0,0.0,1,False,0,0,False
ловчить,V,V;PRS;3;SG,SEV,лавчи́ить,2,1,1.0,0.0,1,False,0,0,False
ломить,V,V;PRS;3;SG,SEV,лами́ть,1,1,1.0,0.0,1,False,0,0,False
лосниться,V,V;PRS;3;SG,SEV,ласни́ть,1,1,1.0,0.0,1,False,0,0,False
лучить,V,V;PRS;3;SG,SEV,лу́чиеть,0,1,1.0,0.0,1,False,0,0,False
лысеть,V,V;PRS;3;SG,SEV,лысѣ́еть,2,1,1.0,0.0,1,False,0,0,False
манкировать,V,V;PRS;3;SG,SEV,манкиравае́ть,1,1,1.0,0.0,1,False,0,0,False
мариновать,V,V;PRS;3;SG,SEV,маринава́ить,2,1,1.0,0.0,1,False,0,0,False
маршировать,V,V;PRS;3;SG,SEV,ма́ршираваить,0,1,1.0,0.0,1,False,0,0,False
маскировать,V,V;PRS;3;SG,SEV,маскирава́ть,1,1,1.0,0.0,1,False,0,0,False
маскироваться,V,V;PRS;3;SG,SEV,маскирава́ть,1,1,1.0,0.0,1,False,0,0,False
массировать,V,V;PRS;3;SG,SEV,ма́ссираваить,0,1,1.0,0.0,1,False,0,0,False
мастерить,V,V;PRS;3;SG,SEV,ма́стериеть,0,1,1.0,0.0,1,False,0,0,False
материть,V,V;PRS;3;SG,SEV,матери́ить,2,1,1.0,0.0,1,False,0,0,False
материться,V,V;PRS;3;SG,SEV,матери́ть,1,1,1.0,0.0,1,False,0,0,False
маячить,V,V;PRS;3;SG,SEV,ма́ячиеть,0,1,1.0,0.0,1,False,0,0,False
медлить,V,V;PRS;3;SG,SEV,медли́ть,1,1,1.0,0.0,1,False,0,0,False
мерить,V,V;PRS;3;SG,SEV,мерии́ть,1,1,1.0,0.0,1,False,0,0,False
меркнуть,V,V;PRS;3;SG,SEV,ме́ркнуеть,0,1,1.0,0.0,1,False,0,0,False
месить,V,V;PRS;3;SG,SEV,меси́ить,2,1,1.0,0.0,1,False,0,0,False
метить,V,V;PRS;3;SG,SEV,мети́еть,2,1,1.0,0.0,1,False,0,0,False
мёрзнуть,V,V;PRS;3;SG,SEV,мё́рзнуеть,0,1,1.0,0.0,1,False,0,0,False
милитаризировать,V,V;PRS;3;SG,SEV,милитаризирава́ить,2,1,1.0,0.0,1,False,0,0,False
мириться,V,V;PRS;3;SG,SEV,мири́еть,2,1,0.8571428571428572,0.0,1,False,0,0,False
мокнуть,V,V;PRS;3;SG,SEV,мо́кнуть,0,1,1.0,0.0,1,False,0,0,False
молвить,V,V;PRS;3;SG,SEV,малви́ть,1,1,1.0,0.0,1,False,0,0,False
молиться,V,V;PRS;3;SG,SEV,малии́ть,1,1,0.8888888888888888,0.0,1,False,0,0,False
молкнуть,V,V;PRS;3;SG,SEV,мо́лкнуеть,0,1,1.0,0.0,1,False,0,0,False
молодеть,V,V;PRS;3;SG,SEV,младеи́ть,1,1,1.0,0.0,1,False,0,0,False
морщиться,V,V;PRS;3;SG,SEV,марщи́ить,2,1,0.9090909090909091,0.0,1,False,0,0,False
мостить,V,V;PRS;3;SG,SEV,масти́еть,2,1,1.0,0.0,1,False,0,0,False
мочить,V,V;PRS;3;SG,SEV,мо́чиить,0,1,1.0,0.0,1,False,0,0,False
мочиться,V,V;PRS;3;SG,SEV,мо́чиеть,0,1,0.8888888888888888,0.0,1,False,0,0,False
мрачнеть,V,V;PRS;3;SG,SEV,мрачне́ть,1,1,1.0,0.0,1,False,0,0,False
мудрить,V,V;PRS;3;SG,SEV,му́дриить,0,1,1.0,0.0,1,False,0,0,False
мусорить,V,V;PRS;3;SG,SEV,мусари́ть,1,1,1.0,0.0,1,False,0,0,False
мучить,V,V;PRS;3;SG,SEV,му́чиить,0,1,1.0,0.0,1,False,0,0,False
мучиться,V,V;PRS;3;SG,SEV,му́чиеть,0,1,0.8888888888888888,0.0,1,False,0,0,False
мыслить,V,V;PRS;3;SG,SEV,мы́слиить,0,1,1.0,0.0,1,False,0,0,False
мыслиться,V,V;PRS;3;SG,SEV,мы́слиеть,0,1,0.9090909090909091,0.0,1,False,0,0,False
наглеть,V,V;PRS;3;SG,SEV,на́глеить,0,1,1.0,0.0,1,False,0,0,False
насиловать,V,V;PRS;3;SG,SEV,на́силаваеть,0,1,1.0,0.0,1,False,0,0,False
никнуть,V,V;PRS;3;SG,SEV,ни́цнуть,0,1,1.0,0.0,1,False,0,0,False
носиться,V,V;PRS;3;SG,SEV,наси́еть,2,1,0.8888888888888888,0.0,1,False,0,0,False
ночевать,V,V;PRS;3;SG,SEV,начѣваи́ть,1,1,1.0,0.0,1,False,0,0,False
обрушить,V,V;PRS;3;SG,SEV,абруши́еть,2,1,1.0,0.0,1,False,0,0,False
ограничиваться,V,V;PRS;3;SG,SEV,аграничива́ить,2,1,0.9523809523809522,0.0,1,False,0,0,False
охотиться,V,V;PRS;3;SG,SEV,ахатие́ть,1,1,0.9090909090909091,0.0,1,False,0,0,False
патрулировать,V,V;PRS;3;SG,SEV,патрулирава́еть,2,1,1.0,0.0,1,False,0,0,False
перевозить,V,V;PRS;3;SG,SEV,прѣвази́еть,2,1,1.0,0.0,1,False,0,0,False
пиздить,V,V;PRS;3;SG,SEV,пи́здить,0,1,1.0,0.0,1,False,0,0,False
пиздячить,V,V;PRS;3;SG,SEV,пиздячи́ить,2,1,1.0,0.0,1,False,0,0,False
пилить,V,V;PRS;3;SG,SEV,пи́лиеть,0,1,1.0,0.0,1,False,0,0,False
писывать,V,V;PRS;3;SG,SEV,пи́сываить,0,1,1.0,0.0,1,False,0,0,False
плодоносить,V,V;PRS;3;SG,SEV,пладанаси́ить,2,1,1.0,0.0,1,False,0,0,False
плодотворить,V,V;PRS;3;SG,SEV,пладатвари́ть,1,1,1.0,0.0,1,False,0,0,False
плющить,V,V;PRS;3;SG,SEV,плющи́ть,1,1,1.0,0.0,1,False,0,0,False
портить,V,V;PRS;3;SG,SEV,по́ртить,0,1,1.0,0.0,1,False,0,0,False
портиться,V,V;PRS;3;SG,SEV,по́ртить,0,1,1.0,0.0,1,False,0,0,False
поручиться,V,V;PRS;3;SG,SEV,паручии́ть,1,1,0.923076923076923,0.0,1,False,0,0,False
превозносить,V,V;PRS;3;SG,SEV,пре́вазнасить,0,1,1.0,0.0,1,False,0,0,False
превосходить,V,V;PRS;3;SG,SEV,пре́васхадиеть,0,1,1.0,0.0,1,False,0,0,False
преподносить,V,V;PRS;3;SG,SEV,пре́паднасиить,0,1,1.0,0.0,1,False,0,0,False
прибивать,V,V;PRS;3;SG,SEV,прибива́ить,2,1,1.0,0.0,1,False,0,0,False
прибирать,V,V;PRS;3;SG,SEV,прибира́ить,2,1,1.0,0.0,1,False,0,0,False
приближать,V,V;PRS;3;SG,SEV,приближаи́ть,1,1,1.0,0.0,1,False,0,0,False
приветствовать,V,V;PRS;3;SG,SEV,при́ветстваваить,0,1,1.0,0.0,1,False,0,0,False
прививать,V,V;PRS;3;SG,SEV,привива́ть,1,1,1.0,0.0,1,False,0,0,False
привносить,V,V;PRS;3;SG,SEV,привнасии́ть,1,1,1.0,0.0,1,False,0,0,False
приводиться,V,V;PRS;3;SG,SEV,при́вадиеть,0,1,0.9333333333333332,0.0,1,False,0,0,False
пригибать,V,V;PRS;3;SG,SEV,призибаи́ть,1,1,1.0,0.0,1,False,0,0,False
пригибаться,V,V;PRS;3;SG,SEV,призибаи́ть,1,1,0.9333333333333332,0.0,1,False,0,0,False
приглушать,V,V;PRS;3;SG,SEV,призлуша́еть,2,1,1.0,0.0,1,False,0,0,False
приготовлять,V,V;PRS;3;SG,SEV,при́затавляить,0,1,1.0,0.0,1,False,0,0,False
приготовляться,V,V;PRS;3;SG,SEV,при́затавлять,0,1,1.0,0.0,1,False,0,0,False
придвигать,V,V;PRS;3;SG,SEV,при́двизаеть,0,1,1.0,0.0,1,False,0,0,False
придвигаться,V,V;PRS;3;SG,SEV,при́двизаеть,0,1,0.9411764705882352,0.0,1,False,0,0,False
придираться,V,V;PRS;3;SG,SEV,придира́еть,2,1,0.9333333333333332,0.0,1,False,0,0,False
приживаться,V,V;PRS;3;SG,SEV,при́живаить,0,1,0.9333333333333332,0.0,1,False,0,0,False
прижимать,V,V;PRS;3;SG,SEV,при́жимаить,0,1,1.0,0.0,1,False,0,0,False
прижиматься,V,V;PRS;3;SG,SEV,при́жимать,0,1,1.0,0.0,1,False,0,0,False
призадумываться,V,V;PRS;3;SG,SEV,при́задумывать,0,1,1.0,0.0,1,False,0,0,False
прикипать,V,V;PRS;3;SG,SEV,приципа́ть,1,1,1.0,0.0,1,False,0,0,False
приключаться,V,V;PRS;3;SG,SEV,прицлюча́ть,1,1,1.0,0.0,1,False,0,0,False
прикрывать,V,V;PRS;3;SG,SEV,прицрыва́ть,1,1,1.0,0.0,1,False,0,0,False
прикрываться,V,V;PRS;3;SG,SEV,прицрыва́ить,2,1,0.9411764705882352,0.0,1,False,0,0,False
прилипать,V,V;PRS;3;SG,SEV,прилипаи́ть,1,1,1.0,0.0,1,False,0,0,False
примирять,V,V;PRS;3;SG,SEV,примиря́ить,2,1,1.0,0.0,1,False,0,0,False
примиряться,V,V;PRS;3;SG,SEV,примиря́ить,2,1,0.9333333333333332,0.0,1,False,0,0,False
примыкать,V,V;PRS;3;SG,SEV,примыка́ить,2,1,1.0,0.0,1,False,0,0,False
приникать,V,V;PRS;3;SG,SEV,приница́еть,2,1,1.0,0.0,1,False,0,0,False
приниматься,V,V;PRS;3;SG,SEV,принима́ить,2,1,0.9333333333333332,0.0,1,False,0,0,False
принуждать,V,V;PRS;3;SG,SEV,при́нуждать,0,1,1.0,0.0,1,False,0,0,False
припарковывать,V,V;PRS;3;SG,SEV,при́паркавываить,0,1,1.0,0.0,1,False,0,0,False
припирать,V,V;PRS;3;SG,SEV,припира́ть,1,1,1.0,0.0,1,False,0,0,False
припираться,V,V;PRS;3;SG,SEV,припира́ить,2,1,0.9333333333333332,0.0,1,False,0,0,False
приплывать,V,V;PRS;3;SG,SEV,приплыва́ить,2,1,1.0,0.0,1,False,0,0,False
припухать,V,V;PRS;3;SG,SEV,при́пухаить,0,1,1.0,0.0,1,False,0,0,False
приручать,V,V;PRS;3;SG,SEV,при́ручаить,0,1,1.0,0.0,1,False,0,0,False
приручаться,V,V;PRS;3;SG,SEV,при́ручаеть,0,1,0.9333333333333332,0.0,1,False,0,0,False
приспособлять,V,V;PRS;3;SG,SEV,при́спасаблять,0,1,1.0,0.0,1,False,0,0,False
приспособляться,V,V;PRS;3;SG,SEV,при́спасаблять,0,1,1.0,0.0,1,False,0,0,False
приступать,V,V;PRS;3;SG,SEV,приступаи́ть,1,1,1.0,0.0,1,False,0,0,False
присуждать,V,V;PRS;3;SG,SEV,присужда́ть,1,1,1.0,0.0,1,False,0,0,False
пританцовывать,V,V;PRS;3;SG,SEV,пританцавыва́еть,2,1,1.0,0.0,1,False,0,0,False
притихать,V,V;PRS;3;SG,SEV,при́тисаить,0,1,1.0,0.0,1,False,0,0,False
приучать,V,V;PRS;3;SG,SEV,приуча́ть,1,1,1.0,0.0,1,False,0,0,False
причинять,V,V;PRS;3;SG,SEV,при́чинять,0,1,1.0,0.0,1,False,0,0,False
причислять,V,V;PRS;3;SG,SEV,при́числяеть,0,1,1.0,0.0,1,False,0,0,False
причитать,V,V;PRS;3;SG,SEV,причита́ить,2,1,1.0,0.0,1,False,0,0,False
причитаться,V,V;PRS;3;SG,SEV,причита́ить,2,1,0.9333333333333332,0.0,1,False,0,0,False
пришибать,V,V;PRS;3;SG,SEV,пришиба́еть,2,1,1.0,0.0,1,False,0,0,False
пришивать,V,V;PRS;3;SG,SEV,при́шиваить,0,1,1.0,0.0,1,False,0,0,False
проситься,V,V;PRS;3;SG,SEV,про́сиеть,0,1,0.9090909090909091,0.0,1,False,0,0,False
противиться,V,V;PRS;3;SG,SEV,пративи́ить,2,1,0.9333333333333332,0.0,1,False,0,0,False
прочить,V,V;PRS;3;SG,SEV,прачии́ть,1,1,1.0,0.0,1,False,0,0,False
пружинить,V,V;PRS;3;SG,SEV,пружини́ть,1,1,1.0,0.0,1,False,0,0,False
путешествовать,V,V;PRS;3;SG,SEV,пу́тешестваваеть,0,1,1.0,0.0,1,False,0,0,False
пухнуть,V,V;PRS;3;SG,SEV,пухну́ть,1,1,1.0,0.0,1,False,0,0,False
пучить,V,V;PRS;3;SG,SEV,пу́чить,0,1,1.0,0.0,1,False,0,0,False
пылить,V,V;PRS;3;SG,SEV,пы́лиить,0,1,1.0,0.0,1,False,0,0,False
радеть,V,V;PRS;3;SG,SEV,радее́ть,1,1,1.0,0.0,1,False,0,0,False
радировать,V,V;PRS;3;SG,SEV,ра́диравать,0,1,1.0,0.0,1,False,0,0,False
разводить,V,V;PRS;3;SG,SEV,ра́звадить,0,1,1.0,0.0,1,False,0,0,False
развозить,V,V;PRS;3;SG,SEV,ра́звазиеть,0,1,1.0,0.0,1,False,0,0,False
разносить,V,V;PRS;3;SG,SEV,ра́знасиеть,0,1,1.0,0.0,1,False,0,0,False
разноситься,V,V;PRS;3;SG,SEV,ра́знасиеть,0,1,0.9333333333333332,0.0,1,False,0,0,False
разубеждать,V,V;PRS;3;SG,SEV,ра́зубеждаить,0,1,1.0,0.0,1,False,0,0,False
ревновать,V,V;PRS;3;SG,SEV,ре́внаваеть,0,1,1.0,0.0,1,False,0,0,False
резвиться,V,V;PRS;3;SG,SEV,резвие́ть,1,1,0.9090909090909091,0.0,1,False,0,0,False
ржаветь,V,V;PRS;3;SG,SEV,ржа́вѣеть,0,1,1.0,0.0,1,False,0,0,False
роднить,V,V;PRS;3;SG,SEV,радни́ть,1,1,1.0,0.0,1,False,0,0,False
розоветь,V,V;PRS;3;SG,SEV,ро́завеить,0,1,1.0,0.0,1,False,0,0,False
роить,V,V;PRS;3;SG,SEV,ро́ить,0,1,1.0,0.0,1,False,0,0,False
роиться,V,V;PRS;3;SG,SEV,ро́ить,0,1,1.0,0.0,1,False,0,0,False
рокотать,V,V;PRS;3;SG,SEV,раката́ть,1,1,1.0,0.0,1,False,0,0,False
рубить,V,V;PRS;3;SG,SEV,ру́биеть,0,1,1.0,0.0,1,False,0,0,False
рукоблудничать,V,V;PRS;3;SG,SEV,рукаблуднича́ть,1,1,1.0,0.0,1,False,0,0,False
рукодельничать,V,V;PRS;3;SG,SEV,рукадельнича́ть,1,1,1.0,0.0,1,False,0,0,False
рулить,V,V;PRS;3;SG,SEV,рули́еть,2,1,1.0,0.0,1,False,0,0,False
рушить,V,V;PRS;3;SG,SEV,ру́шить,0,1,1.0,0.0,1,False,0,0,False
рушиться,V,V;PRS;3;SG,SEV,ру́шить,0,1,1.0,0.0,1,False,0,0,False
сверлить,V,V;PRS;3;SG,SEV,све́рлиеть,0,1,1.0,0.0,1,False,0,0,False
светить,V,V;PRS;3;SG,SEV,све́тиить,0,1,1.0,0.0,1,False,0,0,False
светиться,V,V;PRS;3;SG,SEV,свѣ́тиить,0,1,0.9090909090909091,0.0,1,False,0,0,False
свирепствовать,V,V;PRS;3;SG,SEV,сви́репстваваить,0,1,1.0,0.0,1,False,0,0,False
сводиться,V,V;PRS;3;SG,SEV,сво́дить,0,1,1.0,0.0,1,False,0,0,False
свозить,V,V;PRS;3;SG,SEV,сво́зить,0,1,1.0,0.0,1,False,0,0,False
селиться,V,V;PRS;3;SG,SEV,се́лиить,0,1,0.8888888888888888,0.0,1,False,0,0,False
сердить,V,V;PRS;3;SG,SEV,сѣ́рдить,0,1,1.0,0.0,1,False,0,0,False
сигналить,V,V;PRS;3;SG,SEV,сизналии́ть,1,1,1.0,0.0,1,False,0,0,False
силиться,V,V;PRS;3;SG,SEV,си́лиить,0,1,0.8888888888888888,0.0,1,False,0,0,False
скандалить,V,V;PRS;3;SG,SEV,ска́ндалить,0,1,1.0,0.0,1,False,0,0,False
сквозить,V,V;PRS;3;SG,SEV,скво́зиеть,0,1,1.0,0.0,1,False,0,0,False
скидывать,V,V;PRS;3;SG,SEV,скидывае́ть,1,1,1.0,0.0,1,False,0,0,False
скользить,V,V;PRS;3;SG,SEV,ско́льзиить,0,1,1.0,0.0,1,False,0,0,False
скручивать,V,V;PRS;3;SG,SEV,скручива́ть,1,1,1.0,0.0,1,False,0,0,False
скрючивать,V,V;PRS;3;SG,SEV,скрючивае́ть,1,1,1.0,0.0,1,False,0,0,False
скулить,V,V;PRS;3;SG,SEV,ску́лиить,0,1,1.0,0.0,1,False,0,0,False
скупиться,V,V;PRS;3;SG,SEV,ску́пить,0,1,1.0,0.0,1,False,0,0,False
следить,V,V;PRS;3;SG,SEV,сле́диить,0,1,1.0,0.0,1,False,0,0,False
слезиться,V,V;PRS;3;SG,SEV,сле́зиеть,0,1,0.9090909090909091,0.0,1,False,0,0,False
слепить,V,V;PRS;3;SG,SEV,сле́пить,0,1,1.0,0.0,1,False,0,0,False
слепнуть,V,V;PRS;3;SG,SEV,слѣпну́еть,2,1,1.0,0.0,1,False,0,0,False
служить,V,V;PRS;3;SG,SEV,служие́ть,1,1,1.0,0.0,1,False,0,0,False
смешить,V,V;PRS;3;SG,SEV,смешии́ть,1,1,1.0,0.0,1,False,0,0,False
смыслить,V,V;PRS;3;SG,SEV,смы́слиеть,0,1,1.0,0.0,1,False,0,0,False
снисходить,V,V;PRS;3;SG,SEV,сни́схадиеть,0,1,1.0,0.0,1,False,0,0,False
соотносить,V,V;PRS;3;SG,SEV,саатнасие́ть,1,1,1.0,0.0,1,False,0,0,False
соотноситься,V,V;PRS;3;SG,SEV,саатнаси́ть,1,1,1.0,0.0,1,False,0,0,False
сорить,V,V;PRS;3;SG,SEV,со́риить,0,1,1.0,0.0,1,False,0,0,False
сохнуть,V,V;PRS;3;SG,SEV,сахну́ть,1,1,1.0,0.0,1,False,0,0,False
сочить,V,V;PRS;3;SG,SEV,сачи́еть,2,1,1.0,0.0,1,False,0,0,False
сочиться,V,V;PRS;3;SG,SEV,сачи́ть,1,1,1.0,0.0,1,False,0,0,False
сощурить,V,V;PRS;3;SG,SEV,сащурие́ть,1,1,1.0,0.0,1,False,0,0,False
списывать,V,V;PRS;3;SG,SEV,списыва́еть,2,1,1.0,0.0,1,False,0,0,False
спихивать,V,V;PRS;3;SG,SEV,списива́еть,2,1,1.0,0.0,1,False,0,0,False
сплющивать,V,V;PRS;3;SG,SEV,сплю́щиваить,0,1,1.0,0.0,1,False,0,0,False
спорить,V,V;PRS;3;SG,SEV,спо́риить,0,1,1.0,0.0,1,False,0,0,False
спрыгивать,V,V;PRS;3;SG,SEV,спрыгивае́ть,1,1,1.0,0.0,1,False,0,0,False
спугивать,V,V;PRS;3;SG,SEV,спугива́ить,2,1,1.0,0.0,1,False,0,0,False
ссорить,V,V;PRS;3;SG,SEV,ссо́риеть,0,1,1.0,0.0,1,False,0,0,False
стабилизировать,V,V;PRS;3;SG,SEV,стабилизирава́еть,2,1,1.0,0.0,1,False,0,0,False
стелить,V,V;PRS;3;SG,SEV,сте́лиеть,0,1,1.0,0.0,1,False,0,0,False
стискивать,V,V;PRS;3;SG,SEV,стискива́ить,2,1,1.0,0.0,1,False,0,0,False
стремиться,V,V;PRS;3;SG,SEV,стрѣ́миеть,0,1,0.923076923076923,0.0,1,False,0,0,False
строиться,V,V;PRS;3;SG,SEV,стро́ить,0,1,1.0,0.0,1,False,0,0,False
струиться,V,V;PRS;3;SG,SEV,стру́ить,0,1,1.0,0.0,1,False,0,0,False
студить,V,V;PRS;3;SG,SEV,сту́диеть,0,1,1.0,0.0,1,False,0,0,False
стыдиться,V,V;PRS;3;SG,SEV,сты́диить,0,1,0.9090909090909091,0.0,1,False,0,0,False
стынуть,V,V;PRS;3;SG,SEV,сты́нуть,0,1,1.0,0.0,1,False,0,0,False
судить,V,V;PRS;3;SG,SEV,суди́ть,1,1,1.0,0.0,1,False,0,0,False
судиться,V,V;PRS;3;SG,SEV,судие́ть,1,1,0.8888888888888888,0.0,1,False,0,0,False
суживать,V,V;PRS;3;SG,SEV,сужива́ть,1,1,1.0,0.0,1,False,0,0,False
суживаться,V,V;PRS;3;SG,SEV,суживаи́ть,1,1,0.923076923076923,0.0,1,False,0,0,False
сулить,V,V;PRS;3;SG,SEV,су́лиеть,0,1,1.0,0.0,1,False,0,0,False
супить,V,V;PRS;3;SG,SEV,супие́ть,1,1,1.0,0.0,1,False,0,0,False
сутулить,V,V;PRS;3;SG,SEV,сутулие́ть,1,1,1.0,0.0,1,False,0,0,False
сутулиться,V,V;PRS;3;SG,SEV,сутули́ть,1,1,1.0,0.0,1,False,0,0,False
сушить,V,V;PRS;3;SG,SEV,су́шить,0,1,1.0,0.0,1,False,0,0,False
сушиться,V,V;PRS;3;SG,SEV,су́шиеть,0,1,0.8888888888888888,0.0,1,False,0,0,False
сходиться,V,V;PRS;3;SG,SEV,схади́ть,1,1,1.0,0.0,1,False,0,0,False
считывать,V,V;PRS;3;SG,SEV,считыва́еть,2,1,1.0,0.0,1,False,0,0,False
сыскивать,V,V;PRS;3;SG,SEV,сыскива́еть,2,1,1.0,0.0,1,False,0,0,False
таращить,V,V;PRS;3;SG,SEV,та́ращить,0,1,1.0,0.0,1,False,0,0,False
таращиться,V,V;PRS;3;SG,SEV,та́ращить,0,1,1.0,0.0,1,False,0,0,False
твердить,V,V;PRS;3;SG,SEV,твѣрдии́ть,1,1,1.0,0.0,1,False,0,0,False
темнить,V,V;PRS;3;SG,SEV,те́мниить,0,1,1.0,0.0,1,False,0,0,False
теплиться,V,V;PRS;3;SG,SEV,те́плиить,0,1,0.9090909090909091,0.0,1,False,0,0,False
теснить,V,V;PRS;3;SG,SEV,те́сниеть,0,1,1.0,0.0,1,False,0,0,False
тешить,V,V;PRS;3;SG,SEV,теши́ть,1,1,1.0,0.0,1,False,0,0,False
тиранить,V,V;PRS;3;SG,SEV,тирание́ть,1,1,1.0,0.0,1,False,0,0,False
толпиться,V,V;PRS;3;SG,SEV,то́лпиеть,0,1,0.9090909090909091,0.0,1,False,0,0,False
томить,V,V;PRS;3;SG,SEV,то́мить,0,1,1.0,0.0,1,False,0,0,False
томиться,V,V;PRS;3;SG,SEV,то́миеть,0,1,0.8888888888888888,0.0,1,False,0,0,False
тонуть,V,V;PRS;3;SG,SEV,то́нуеть,0,1,1.0,0.0,1,False,0,0,False
топиться,V,V;PRS;3;SG,SEV,тапи́ить,2,1,0.8888888888888888,0.0,1,False,0,0,False
транслитерировать,V,V;PRS;3;SG,SEV,тра́нслитерираваеть,0,1,1.0,0.0,1,False,0,0,False
трубить,V,V;PRS;3;SG,SEV,тру́бить,0,1,1.0,0.0,1,False,0,0,False
трудиться,V,V;PRS;3;SG,SEV,тру́диить,0,1,0.9090909090909091,0.0,1,False,0,0,False
туманить,V,V;PRS;3;SG,SEV,тумани́ть,1,1,1.0,0.0,1,False,0,0,False
тырить,V,V;PRS;3;SG,SEV,ты́рить,0,1,1.0,0.0,1,False,0,0,False
уберегать,V,V;PRS;3;SG,SEV,у́брѣгать,0,1,1.0,0.0,1,False,0,0,False
убиваться,V,V;PRS;3;SG,SEV,убива́ить,2,1,0.9090909090909091,0.0,1,False,0,0,False
убираться,V,V;PRS;3;SG,SEV,убира́еть,2,1,0.9090909090909091,0.0,1,False,0,0,False
убывать,V,V;PRS;3;SG,SEV,убыва́ить,2,1,1.0,0.0,1,False,0,0,False
убыстрять,V,V;PRS;3;SG,SEV,убыстря́ить,2,1,1.0,0.0,1,False,0,0,False
увеличиваться,V,V;PRS;3;SG,SEV,у́величивать,0,1,1.0,0.0,1,False,0,0,False
увечить,V,V;PRS;3;SG,SEV,увечи́ть,1,1,1.0,0.0,1,False,0,0,False
увозить,V,V;PRS;3;SG,SEV,у́вазиеть,0,1,1.0,0.0,1,False,0,0,False
увязывать,V,V;PRS;3;SG,SEV,увязываи́ть,1,1,1.0,0.0,1,False,0,0,False
увязываться,V,V;PRS;3;SG,SEV,увязыва́ть,1,1,1.0,0.0,1,False,0,0,False
удивляться,V,V;PRS;3;SG,SEV,у́дивлять,0,1,1.0,0.0,1,False,0,0,False
удирать,V,V;PRS;3;SG,SEV,удира́ть,1,1,1.0,0.0,1,False,0,0,False
удить,V,V;PRS;3;SG,SEV,уди́ить,2,1,1.0,0.0,1,False,0,0,False
удлинять,V,V;PRS;3;SG,SEV,удлиня́еть,2,1,1.0,0.0,1,False,0,0,False
удостоверять,V,V;PRS;3;SG,SEV,удаставеря́ить,2,1,1.0,0.0,1,False,0,0,False
удостоверяться,V,V;PRS;3;SG,SEV,удаставеря́еть,2,1,0.9523809523809522,0.0,1,False,0,0,False
удочерять,V,V;PRS;3;SG,SEV,удачеря́ть,1,1,1.0,0.0,1,False,0,0,False
узаконивать,V,V;PRS;3;SG,SEV,у́заканивать,0,1,1.0,0.0,1,False,0,0,False
улавливать,V,V;PRS;3;SG,SEV,улавливаи́ть,1,1,1.0,0.0,1,False,0,0,False
улаживать,V,V;PRS;3;SG,SEV,улаживаи́ть,1,1,1.0,0.0,1,False,0,0,False
умалчивать,V,V;PRS;3;SG,SEV,у́малчиваеть,0,1,1.0,0.0,1,False,0,0,False
умнеть,V,V;PRS;3;SG,SEV,у́мнееть,0,1,1.0,0.0,1,False,0,0,False
уноситься,V,V;PRS;3;SG,SEV,у́насиить,0,1,0.9090909090909091,0.0,1,False,0,0,False
упаковывать,V,V;PRS;3;SG,SEV,у́пакавываить,0,1,1.0,0.0,1,False,0,0,False
упиваться,V,V;PRS;3;SG,SEV,упива́еть,2,1,0.9090909090909091,0.0,1,False,0,0,False
упирать,V,V;PRS;3;SG,SEV,упира́ить,2,1,1.0,0.0,1,False,0,0,False
упираться,V,V;PRS;3;SG,SEV,упира́ть,1,1,1.0,0.0,1,False,0,0,False
уплывать,V,V;PRS;3;SG,SEV,уплыва́ть,1,1,1.0,0.0,1,False,0,0,False
упорствовать,V,V;PRS;3;SG,SEV,упарствава́еть,2,1,1.0,0.0,1,False,0,0,False
употребляться,V,V;PRS;3;SG,SEV,упатребля́ть,1,1,1.0,0.0,1,False,0,0,False
устанавливаться,V,V;PRS;3;SG,SEV,устанавливаи́ть,1,1,0.9565217391304348,0.0,1,False,0,0,False
устилать,V,V;PRS;3;SG,SEV,устилаи́ть,1,1,1.0,0.0,1,False,0,0,False
усыплять,V,V;PRS;3;SG,SEV,усыпляи́ть,1,1,1.0,0.0,1,False,0,0,False
утирать,V,V;PRS;3;SG,SEV,утира́еть,2,1,1.0,0.0,1,False,0,0,False
утихать,V,V;PRS;3;SG,SEV,у́тисать,0,1,1.0,0.0,1,False,0,0,False
утруждать,V,V;PRS;3;SG,SEV,у́труждаеть,0,1,1.0,0.0,1,False,0,0,False
утыкать,V,V;PRS;3;SG,SEV,у́тыкаеть,0,1,1.0,0.0,1,False,0,0,False
утыкаться,V,V;PRS;3;SG,SEV,у́тыкать,0,1,1.0,0.0,1,False,0,0,False
херачить,V,V;PRS;3;SG,SEV,херачи́еть,2,1,1.0,0.0,1,False,0,0,False
хмелеть,V,V;PRS;3;SG,SEV,хме́леить,0,1,1.0,0.0,1,False,0,0,False
холить,V,V;PRS;3;SG,SEV,хали́ть,1,1,1.0,0.0,1,False,0,0,False
холодить,V,V;PRS;3;SG,SEV,хла́диить,0,1,1.0,0.0,1,False,0,0,False
хоронить,V,V;PRS;3;SG,SEV,хрании́ть,1,1,1.0,0.0,1,False,0,0,False
юлить,V,V;PRS;3;SG,SEV,ю́лиить,0,1,1.0,0.0,1,False,0,0,False
претить,V,V;PRS;3;SG,SEV,пре́тиить,0,1,1.0,0.0,1,False,0,0,False
видеться,V,V;PRS;3;SG,SEV,виде́ить,2,1,0.8888888888888888,0.0,1,False,0,0,False
большак,N,N;ACC;SG,SEV,бальша́к,1,1,1.0,0.0,1,False,0,0,False
борец,N,N;ACC;SG,SEV,барѣ́ц,1,1,1.0,0.0,1,False,0,0,False
волчок,N,N;ACC;SG,SEV,во́лчак,0,1,1.0,0.0,1,False,0,0,False
гриф,N,N;ACC;SG,SEV,гри́ф,0,1,1.0,0.0,1,False,0,0,False
гусак,N,N;ACC;SG,SEV,гуса́к,1,1,1.0,0.0,1,False,0,0,False
карп,N,N;ACC;SG,SEV,ка́рпъ,0,1,1.0,0.0,1,False,0,0,False
кат,N,N;ACC;SG,SEV,ка́т,0,1,1.0,0.0,1,False,0,0,False
конёк,N,N;ACC;SG,SEV,канё́к,1,1,1.0,0.0,1,False,0,0,False
котик,N,N;ACC;SG,SEV,кати́ц,1,1,1.0,0.0,1,False,0,0,False
краболов,N,N;ACC;SG,SEV,крабла́в,1,1,1.0,0.0,1,False,0,0,False
мандарин,N,N;ACC;SG,SEV,мандари́н,1,1,1.0,0.0,1,False,0,0,False
молоток,N,N;ACC;SG,SEV,мла́так,0,1,1.0,0.0,1,False,0,0,False
носитель,N,N;ACC;SG,SEV,но́ситель,0,1,1.0,0.0,1,False,0,0,False
обозреватель,N,N;ACC;SG,SEV,о́базреватель,0,1,1.0,0.0,1,False,0,0,False
поц,N,N;ACC;SG,SEV,по́ц,0,1,1.0,0.0,1,False,0,0,False
птичник,N,N;ACC;SG,SEV,пти́чниц,0,1,1.0,0.0,1,False,0,0,False
рябчик,N,N;ACC;SG,SEV,ря́бчиц,0,1,1.0,0.0,1,False,0,0,False
сачок,N,N;ACC;SG,SEV,сачо́к,1,1,1.0,0.0,1,False,0,0,False
спутник,N,N;ACC;SG,SEV,спу́тниц,0,1,1.0,0.0,1,False,0,0,False
хлыст,N,N;ACC;SG,SEV,хлы́сътъ,0,1,1.0,0.0,1,False,0,0,False
хомяк,N,N;ACC;SG,SEV,хамя́к,1,1,1.0,0.0,1,False,0,0,False
челнок,N,N;ACC;SG,SEV,челно́к,1,1,1.0,0.0,1,False,0,0,False
бабахнуть,V,V;PRS;3;SG,SEV,ба́бахнуеть,0,1,1.0,0.0,1,False,0,0,False
блеснуть,V,V;PRS;3;SG,SEV,блесну́ть,1,1,1.0,0.0,1,False,0,0,False
бросить,V,V;PRS;3;SG,SEV,бро́сиеть,0,1,1.0,0.0,1,False,0,0,False
броситься,V,V;PRS;3;SG,SEV,бро́сиеть,0,1,0.9090909090909091,0.0,1,False,0,0,False
брызнуть,V,V;PRS;3;SG,SEV,бры́знуть,0,1,1.0,0.0,1,False,0,0,False
буркнуть,V,V;PRS;3;SG,SEV,буркнуи́ть,1,1,1.0,0.0,1,False,0,0,False
вверить,V,V;PRS;3;SG,SEV,ввери́ить,2,1,1.0,0.0,1,False,0,0,False
вглядеться,V,V;PRS;3;SG,SEV,вгляде́ть,1,1,1.0,0.0,1,False,0,0,False
вдохнуть,V,V;PRS;3;SG,SEV,вдахну́еть,2,1,1.0,0.0,1,False,0,0,False
вернуть,V,V;PRS;3;SG,SEV,верну́ть,1,1,1.0,0.0,1,False,0,0,False
взбесить,V,V;PRS;3;SG,SEV,взбѣ́сиить,0,1,1.0,0.0,1,False,0,0,False
взбеситься,V,V;PRS;3;SG,SEV,взбѣ́сить,0,1,1.0,0.0,1,False,0,0,False
взвизгнуть,V,V;PRS;3;SG,SEV,взвизгнуе́ть,1,1,1.0,0.0,1,False,0,0,False
взволновать,V,V;PRS;3;SG,SEV,взвалнаваи́ть,1,1,1.0,0.0,1,False,0,0,False
взволноваться,V,V;PRS;3;SG,SEV,взвалнаваи́ть,1,1,0.9473684210526316,0.0,1,False,0,0,False
вздёрнуть,V,V;PRS;3;SG,SEV,вздё́рнуть,0,1,1.0,0.0,1,False,0,0,False
вздорожать,V,V;PRS;3;SG,SEV,вздра́жаить,0,1,1.0,0.0,1,False,0,0,False
вздохнуть,V,V;PRS;3;SG,SEV,вздахну́ть,1,1,1.0,0.0,1,False,0,0,False
взметнуть,V,V;PRS;3;SG,SEV,взметнуе́ть,1,1,1.0,0.0,1,False,0,0,False
взметнуться,V,V;PRS;3;SG,SEV,взмѣтну́ть,1,1,1.0,0.0,1,False,0,0,False
взмокнуть,V,V;PRS;3;SG,SEV,взмакнуи́ть,1,1,1.0,0.0,1,False,0,0,False
взмолиться,V,V;PRS;3;SG,SEV,взмали́ть,1,1,1.0,0.0,1,False,0,0,False
визгнуть,V,V;PRS;3;SG,SEV,визгнуе́ть,1,1,1.0,0.0,1,False,0,0,False
вильнуть,V,V;PRS;3;SG,SEV,вильнуе́ть,1,1,1.0,0.0,1,False,0,0,False
включиться,V,V;PRS;3;SG,SEV,включии́ть,1,1,0.923076923076923,0.0,1,False,0,0,False
вкусить,V,V;PRS;3;SG,SEV,вкусии́ть,1,1,1.0,0.0,1,False,0,0,False
влепить,V,V;PRS;3;SG,SEV,вле́пиить,0,1,1.0,0.0,1,False,0,0,False
влипнуть,V,V;PRS;3;SG,SEV,вли́пнуеть,0,1,1.0,0.0,1,False,0,0,False
вложить,V,V;PRS;3;SG,SEV,влажи́ть,1,1,1.0,0.0,1,False,0,0,False
вложиться,V,V;PRS;3;SG,SEV,влажи́ть,1,1,1.0,0.0,1,False,0,0,False
влюбить,V,V;PRS;3;SG,SEV,влю́биеть,0,1,1.0,0.0,1,False,0,0,False
вместить,V,V;PRS;3;SG,SEV,вме́стить,0,1,1.0,0.0,1,False,0,0,False
внедрить,V,V;PRS;3;SG,SEV,внедри́ить,2,1,1.0,0.0,1,False,0,0,False
внедриться,V,V;PRS;3;SG,SEV,внедри́еть,2,1,0.923076923076923,0.0,1,False,0,0,False
вникнуть,V,V;PRS;3;SG,SEV,вни́цнуеть,0,1,1.0,0.0,1,False,0,0,False
воздержаться,V,V;PRS;3;SG,SEV,ваздержа́ить,2,1,0.9411764705882352,0.0,1,False,0,0,False
воззриться,V,V;PRS;3;SG,SEV,ваззри́еть,2,1,0.923076923076923,0.0,1,False,0,0,False
вонзить,V,V;PRS;3;SG,SEV,во́нзиить,0,1,1.0,0.0,1,False,0,0,False
вонзиться,V,V;PRS;3;SG,SEV,во́нзить,0,1,1.0,0.0,1,False,0,0,False
вопить,V,V;PRS;3;SG,SEV,вапи́ить,2,1,1.0,0.0,1,False,0,0,False
воссоздать,V,V;PRS;3;SG,SEV,во́ссаздать,0,1,1.0,0.0,1,False,0,0,False
воткнуть,V,V;PRS;3;SG,SEV,ваткну́ть,1,1,1.0,0.0,1,False,0,0,False
вселить,V,V;PRS;3;SG,SEV,вселии́ть,1,1,1.0,0.0,1,False,0,0,False
вселиться,V,V;PRS;3;SG,SEV,вселии́ть,1,1,0.9090909090909091,0.0,1,False,0,0,False
вскинуть,V,V;PRS;3;SG,SEV,вскину́ить,2,1,1.0,0.0,1,False,0,0,False
вскинуться,V,V;PRS;3;SG,SEV,вскину́еть,2,1,0.923076923076923,0.0,1,False,0,0,False
вскипеть,V,V;PRS;3;SG,SEV,вски́пѣить,0,1,1.0,0.0,1,False,0,0,False
вскочить,V,V;PRS;3;SG,SEV,вскачи́ть,1,1,1.0,0.0,1,False,0,0,False
вскрикнуть,V,V;PRS;3;SG,SEV,вскри́цнуть,0,1,1.0,0.0,1,False,0,0,False
всплеснуть,V,V;PRS;3;SG,SEV,всплесну́еть,2,1,1.0,0.0,1,False,0,0,False
вспомниться,V,V;PRS;3;SG,SEV,вспо́мнить,0,1,1.0,0.0,1,False,0,0,False
вспугнуть,V,V;PRS;3;SG,SEV,вспугну́ть,1,1,1.0,0.0,1,False,0,0,False
вспылить,V,V;PRS;3;SG,SEV,вспылие́ть,1,1,1.0,0.0,1,False,0,0,False
вспыхнуть,V,V;PRS;3;SG,SEV,вспыхнуи́ть,1,1,1.0,0.0,1,False,0,0,False
встретиться,V,V;PRS;3;SG,SEV,встрети́еть,2,1,0.9333333333333332,0.0,1,False,0,0,False
встроить,V,V;PRS;3;SG,SEV,встраие́ть,1,1,1.0,0.0,1,False,0,0,False
встроиться,V,V;PRS;3;SG,SEV,встраи́ть,1,1,1.0,0.0,1,False,0,0,False
вступиться,V,V;PRS;3;SG,SEV,вступи́ть,1,1,1.0,0.0,1,False,0,0,False
всучить,V,V;PRS;3;SG,SEV,всу́чить,0,1,1.0,0.0,1,False,0,0,False
всхлипнуть,V,V;PRS;3;SG,SEV,всхлипнуи́ть,1,1,1.0,0.0,1,False,0,0,False
втиснуть,V,V;PRS;3;SG,SEV,втисну́ть,1,1,1.0,0.0,1,False,0,0,False
втиснуться,V,V;PRS;3;SG,SEV,втиснуи́ть,1,1,0.923076923076923,0.0,1,False,0,0,False
втолковать,V,V;PRS;3;SG,SEV,вталкаваи́ть,1,1,1.0,0.0,1,False,0,0,False
вторгнуться,V,V;PRS;3;SG,SEV,втаргну́ить,2,1,0.9333333333333332,0.0,1,False,0,0,False
вцепиться,V,V;PRS;3;SG,SEV,вце́пиить,0,1,0.9090909090909091,0.0,1,False,0,0,False
выбиться,V,V;PRS;3;SG,SEV,вы́биить,0,1,0.8888888888888888,0.0,1,False,0,0,False
выбрить,V,V;PRS;3;SG,SEV,вы́бриеть,0,1,1.0,0.0,1,False,0,0,False
выбыть,V,V;PRS;3;SG,SEV,вы́быить,0,1,1.0,0.0,1,False,0,0,False
выверить,V,V;PRS;3;SG,SEV,выверии́ть,1,1,1.0,0.0,1,False,0,0,False
вывернуть,V,V;PRS;3;SG,SEV,вывѣрну́ть,1,1,1.0,0.0,1,False,0,0,False
вывернуться,V,V;PRS;3;SG,SEV,вывернуи́ть,1,1,0.9333333333333332,0.0,1,False,0,0,False
вывесить,V,V;PRS;3;SG,SEV,вывеси́ть,1,1,1.0,0.0,1,False,0,0,False
выдернуть,V,V;PRS;3;SG,SEV,выдѣрну́еть,2,1,1.0,0.0,1,False,0,0,False
выдохнуть,V,V;PRS;3;SG,SEV,выдахну́ть,1,1,1.0,0.0,1,False,0,0,False
выдохнуться,V,V;PRS;3;SG,SEV,выдахну́еть,2,1,0.9333333333333332,0.0,1,False,0,0,False
выжечь,V,V;PRS;3;SG,SEV,выжѣ́ить,2,1,1.0,0.0,1,False,0,0,False
выкрошить,V,V;PRS;3;SG,SEV,вы́крашиеть,0,1,1.0,0.0,1,False,0,0,False
вылепить,V,V;PRS;3;SG,SEV,вылепи́ть,1,1,1.0,0.0,1,False,0,0,False
вылить,V,V;PRS;3;SG,SEV,выли́еть,2,1,1.0,0.0,1,False,0,0,False
вылиться,V,V;PRS;3;SG,SEV,выли́ть,1,1,1.0,0.0,1,False,0,0,False
выловить,V,V;PRS;3;SG,SEV,вылавие́ть,1,1,1.0,0.0,1,False,0,0,False
выложить,V,V;PRS;3;SG,SEV,вылажи́ить,2,1,1.0,0.0,1,False,0,0,False
выложиться,V,V;PRS;3;SG,SEV,вылажи́ть,1,1,1.0,0.0,1,False,0,0,False
выломить,V,V;PRS;3;SG,SEV,выламии́ть,1,1,1.0,0.0,1,False,0,0,False
вымокнуть,V,V;PRS;3;SG,SEV,вымакну́ть,1,1,1.0,0.0,1,False,0,0,False
вымолвить,V,V;PRS;3;SG,SEV,вымалвие́ть,1,1,1.0,0.0,1,False,0,0,False
вымостить,V,V;PRS;3;SG,SEV,вымастии́ть,1,1,1.0,0.0,1,False,0,0,False
вынуть,V,V;PRS;3;SG,SEV,выну́ить,2,1,1.0,0.0,1,False,0,0,False
выплеснуть,V,V;PRS;3;SG,SEV,выплесну́ить,2,1,1.0,0.0,1,False,0,0,False
выплыть,V,V;PRS;3;SG,SEV,вы́плыть,0,1,1.0,0.0,1,False,0,0,False
выпросить,V,V;PRS;3;SG,SEV,вы́прасить,0,1,1.0,0.0,1,False,0,0,False
выронить,V,V;PRS;3;SG,SEV,вырании́ть,1,1,1.0,0.0,1,False,0,0,False
вырыть,V,V;PRS;3;SG,SEV,выры́еть,2,1,1.0,0.0,1,False,0,0,False
высветить,V,V;PRS;3;SG,SEV,вы́светить,0,1,1.0,0.0,1,False,0,0,False
выселить,V,V;PRS;3;SG,SEV,высѣли́ть,1,1,1.0,0.0,1,False,0,0,False
высечь,V,V;PRS;3;SG,SEV,высѣ́ить,2,1,1.0,0.0,1,False,0,0,False
выскользнуть,V,V;PRS;3;SG,SEV,выскальзнуе́ть,1,1,1.0,0.0,1,False,0,0,False
выскочить,V,V;PRS;3;SG,SEV,выскачи́еть,2,1,1.0,0.0,1,False,0,0,False
выследить,V,V;PRS;3;SG,SEV,вы́следить,0,1,1.0,0.0,1,False,0,0,False
высохнуть,V,V;PRS;3;SG,SEV,высахну́ить,2,1,1.0,0.0,1,False,0,0,False
выспросить,V,V;PRS;3;SG,SEV,выспраси́ить,2,1,1.0,0.0,1,False,0,0,False
выстрелить,V,V;PRS;3;SG,SEV,выстрѣлие́ть,1,1,1.0,0.0,1,False,0,0,False
выстричь,V,V;PRS;3;SG,SEV,выстри́еть,2,1,1.0,0.0,1,False,0,0,False
выстроить,V,V;PRS;3;SG,SEV,выстраие́ть,1,1,1.0,0.0,1,False,0,0,False
выстроиться,V,V;PRS;3;SG,SEV,выстраи́ть,1,1,1.0,0.0,1,False,0,0,False
вытворить,V,V;PRS;3;SG,SEV,вытвари́ть,1,1,1.0,0.0,1,False,0,0,False
вытеснить,V,V;PRS;3;SG,SEV,вытесни́ть,1,1,1.0,0.0,1,False,0,0,False
вытолкнуть,V,V;PRS;3;SG,SEV,вы́талкнуеть,0,1,1.0,0.0,1,False,0,0,False
вытопить,V,V;PRS;3;SG,SEV,вытапи́ить,2,1,1.0,0.0,1,False,0,0,False
вышить,V,V;PRS;3;SG,SEV,вы́шиеть,0,1,1.0,0.0,1,False,0,0,False
глотнуть,V,V;PRS;3;SG,SEV,глатну́еть,2,1,1.0,0.0,1,False,0,0,False
грокнуть,V,V;PRS;3;SG,SEV,гракнуе́ть,1,1,1.0,0.0,1,False,0,0,False
грохнуть,V,V;PRS;3;SG,SEV,грахну́ть,1,1,1.0,0.0,1,False,0,0,False
грохнуться,V,V;PRS;3;SG,SEV,грахну́ть,1,1,1.0,0.0,1,False,0,0,False
двинуть,V,V;PRS;3;SG,SEV,двинуи́ть,1,1,1.0,0.0,1,False,0,0,False
дерзнуть,V,V;PRS;3;SG,SEV,дерзну́ить,2,1,1.0,0.0,1,False,0,0,False
дёрнуть,V,V;PRS;3;SG,SEV,дё́рнуть,0,1,1.0,0.0,1,False,0,0,False
дёрнуться,V,V;PRS;3;SG,SEV,дё́рнуить,0,1,0.9090909090909091,0.0,1,False,0,0,False
добить,V,V;PRS;3;SG,SEV,даби́ить,2,1,1.0,0.0,1,False,0,0,False
добыться,V,V;PRS;3;SG,SEV,дабы́ть,1,1,1.0,0.0,1,False,0,0,False
договорить,V,V;PRS;3;SG,SEV,дагавари́еть,2,1,1.0,0.0,1,False,0,0,False
дожить,V,V;PRS;3;SG,SEV,дажи́ить,2,1,1.0,0.0,1,False,0,0,False
докурить,V,V;PRS;3;SG,SEV,дакури́ть,1,1,1.0,0.0,1,False,0,0,False
допить,V,V;PRS;3;SG,SEV,дапи́еть,2,1,1.0,0.0,1,False,0,0,False
доплыть,V,V;PRS;3;SG,SEV,до́плыеть,0,1,1.0,0.0,1,False,0,0,False
дунуть,V,V;PRS;3;SG,SEV,ду́нуть,0,1,1.0,0.0,1,False,0,0,False
ёкнуть,V,V;PRS;3;SG,SEV,ёкну́ить,2,1,1.0,0.0,1,False,0,0,False
завалить,V,V;PRS;3;SG,SEV,завали́ить,2,1,1.0,0.0,1,False,0,0,False
завалиться,V,V;PRS;3;SG,SEV,завали́еть,2,1,0.923076923076923,0.0,1,False,0,0,False
завибрировать,V,V;PRS;3;SG,SEV,за́вибрираваить,0,1,1.0,0.0,1,False,0,0,False
зависнуть,V,V;PRS;3;SG,SEV,зависну́ть,1,1,1.0,0.0,1,False,0,0,False
завысить,V,V;PRS;3;SG,SEV,за́высиеть,0,1,1.0,0.0,1,False,0,0,False
завязнуть,V,V;PRS;3;SG,SEV,за́вязнуть,0,1,1.0,0.0,1,False,0,0,False
завянуть,V,V;PRS;3;SG,SEV,завяну́ить,2,1,1.0,0.0,1,False,0,0,False
загадить,V,V;PRS;3;SG,SEV,загадие́ть,1,1,1.0,0.0,1,False,0,0,False
заглушить,V,V;PRS;3;SG,SEV,за́глушиить,0,1,1.0,0.0,1,False,0,0,False
заглянуть,V,V;PRS;3;SG,SEV,загляну́ть,1,1,1.0,0.0,1,False,0,0,False
загрузить,V,V;PRS;3;SG,SEV,загрузие́ть,1,1,1.0,0.0,1,False,0,0,False
загрузиться,V,V;PRS;3;SG,SEV,загрузие́ть,1,1,0.9333333333333332,0.0,1,False,0,0,False
загрязнить,V,V;PRS;3;SG,SEV,загрязни́ить,2,1,1.0,0.0,1,False,0,0,False
загубить,V,V;PRS;3;SG,SEV,загуби́ть,1,1,1.0,0.0,1,False,0,0,False
задавить,V,V;PRS;3;SG,SEV,задавие́ть,1,1,1.0,0.0,1,False,0,0,False
задвинуть,V,V;PRS;3;SG,SEV,задвину́ть,1,1,1.0,0.0,1,False,0,0,False
задвинуться,V,V;PRS;3;SG,SEV,задвину́ть,1,1,1.0,0.0,1,False,0,0,False
задушить,V,V;PRS;3;SG,SEV,задуши́ть,1,1,1.0,0.0,1,False,0,0,False
задымить,V,V;PRS;3;SG,SEV,задымие́ть,1,1,1.0,0.0,1,False,0,0,False
зажарить,V,V;PRS;3;SG,SEV,зажари́еть,2,1,1.0,0.0,1,False,0,0,False
зажмурить,V,V;PRS;3;SG,SEV,зажмури́ить,2,1,1.0,0.0,1,False,0,0,False
зажмуриться,V,V;PRS;3;SG,SEV,зажмури́еть,2,1,0.9333333333333332,0.0,1,False,0,0,False
заикнуться,V,V;PRS;3;SG,SEV,за́ицнуить,0,1,0.923076923076923,0.0,1,False,0,0,False
заинтересовать,V,V;PRS;3;SG,SEV,за́интрѣсаваить,0,1,1.0,0.0,1,False,0,0,False
заинтересоваться,V,V;PRS;3;SG,SEV,за́интрѣсавать,0,1,1.0,0.0,1,False,0,0,False
заинтриговать,V,V;PRS;3;SG,SEV,за́интризаваить,0,1,1.0,0.0,1,False,0,0,False
закатить,V,V;PRS;3;SG,SEV,закати́ть,1,1,1.0,0.0,1,False,0,0,False
закатиться,V,V;PRS;3;SG,SEV,закати́ть,1,1,1.0,0.0,1,False,0,0,False
закинуть,V,V;PRS;3;SG,SEV,за́кинуить,0,1,1.0,0.0,1,False,0,0,False
заклинить,V,V;PRS;3;SG,SEV,за́клиниеть,0,1,1.0,0.0,1,False,0,0,False
закрутить,V,V;PRS;3;SG,SEV,закрутие́ть,1,1,1.0,0.0,1,False,0,0,False
закрутиться,V,V;PRS;3;SG,SEV,закрутие́ть,1,1,0.9333333333333332,0.0,1,False,0,0,False
закупить,V,V;PRS;3;SG,SEV,закупи́ть,1,1,1.0,0.0,1,False,0,0,False
закурить,V,V;PRS;3;SG,SEV,за́курить,0,1,1.0,0.0,1,False,0,0,False
заладить,V,V;PRS;3;SG,SEV,за́ладиеть,0,1,1.0,0.0,1,False,0,0,False
заманить,V,V;PRS;3;SG,SEV,замани́ть,1,1,1.0,0.0,1,False,0,0,False
замахнуться,V,V;PRS;3;SG,SEV,за́махнуть,0,1,1.0,0.0,1,False,0,0,False
замутить,V,V;PRS;3;SG,SEV,за́мутить,0,1,1.0,0.0,1,False,0,0,False
замучить,V,V;PRS;3;SG,SEV,замучи́еть,2,1,1.0,0.0,1,False,0,0,False
занизить,V,V;PRS;3;SG,SEV,за́низить,0,1,1.0,0.0,1,False,0,0,False
запалить,V,V;PRS;3;SG,SEV,запалие́ть,1,1,1.0,0.0,1,False,0,0,False
запихнуть,V,V;PRS;3;SG,SEV,за́писнуеть,0,1,1.0,0.0,1,False,0,0,False
заправить,V,V;PRS;3;SG,SEV,заправие́ть,1,1,1.0,0.0,1,False,0,0,False
запылить,V,V;PRS;3;SG,SEV,запылие́ть,1,1,1.0,0.0,1,False,0,0,False
заразить,V,V;PRS;3;SG,SEV,за́разиить,0,1,1.0,0.0,1,False,0,0,False
заразиться,V,V;PRS;3;SG,SEV,за́разить,0,1,1.0,0.0,1,False,0,0,False
зарубить,V,V;PRS;3;SG,SEV,за́рубиеть,0,1,1.0,0.0,1,False,0,0,False
заручиться,V,V;PRS;3;SG,SEV,заручи́ть,1,1,1.0,0.0,1,False,0,0,False
засадить,V,V;PRS;3;SG,SEV,засади́ть,1,1,1.0,0.0,1,False,0,0,False
засвидетельствовать,V,V;PRS;3;SG,SEV,засвидетельствава́ть,1,1,1.0,0.0,1,False,0,0,False
застигнуть,V,V;PRS;3;SG,SEV,застизну́ть,1,1,1.0,0.0,1,False,0,0,False
заступить,V,V;PRS;3;SG,SEV,заступии́ть,1,1,1.0,0.0,1,False,0,0,False
заступиться,V,V;PRS;3;SG,SEV,заступие́ть,1,1,0.9333333333333332,0.0,1,False,0,0,False
застыдиться,V,V;PRS;3;SG,SEV,застыдие́ть,1,1,0.9333333333333332,0.0,1,False,0,0,False
застынуть,V,V;PRS;3;SG,SEV,за́стынуть,0,1,1.0,0.0,1,False,0,0,False
засунуть,V,V;PRS;3;SG,SEV,засунуи́ть,1,1,1.0,0.0,1,False,0,0,False
затаить,V,V;PRS;3;SG,SEV,затаи́еть,2,1,1.0,0.0,1,False,0,0,False
затаиться,V,V;PRS;3;SG,SEV,затаи́ить,2,1,0.9090909090909091,0.0,1,False,0,0,False
затащить,V,V;PRS;3;SG,SEV,затащи́ить,2,1,1.0,0.0,1,False,0,0,False
затихнуть,V,V;PRS;3;SG,SEV,за́тиснуить,0,1,1.0,0.0,1,False,0,0,False
затравить,V,V;PRS;3;SG,SEV,затравие́ть,1,1,1.0,0.0,1,False,0,0,False
затратить,V,V;PRS;3;SG,SEV,затрати́ить,2,1,1.0,0.0,1,False,0,0,False
затруднить,V,V;PRS;3;SG,SEV,затрудни́еть,2,1,1.0,0.0,1,False,0,0,False
затрудниться,V,V;PRS;3;SG,SEV,затрудни́ить,2,1,0.9411764705882352,0.0,1,False,0,0,False
затянуть,V,V;PRS;3;SG,SEV,затянуи́ть,1,1,1.0,0.0,1,False,0,0,False
затянуться,V,V;PRS;3;SG,SEV,затяну́ть,1,1,1.0,0.0,1,False,0,0,False
зафиксировать,V,V;PRS;3;SG,SEV,зафицсирава́ть,1,1,1.0,0.0,1,False,0,0,False
захватить,V,V;PRS;3;SG,SEV,захвати́ть,1,1,1.0,0.0,1,False,0,0,False
зачастить,V,V;PRS;3;SG,SEV,зачастии́ть,1,1,1.0,0.0,1,False,0,0,False
зачислить,V,V;PRS;3;SG,SEV,зачислии́ть,1,1,1.0,0.0,1,False,0,0,False
зашибить,V,V;PRS;3;SG,SEV,зашиби́ть,1,1,1.0,0.0,1,False,0,0,False
защититься,V,V;PRS;3;SG,SEV,защити́ть,1,1,1.0,0.0,1,False,0,0,False
заявиться,V,V;PRS;3;SG,SEV,заявие́ть,1,1,0.9090909090909091,0.0,1,False,0,0,False
зевнуть,V,V;PRS;3;SG,SEV,зѣ́внуть,0,1,1.0,0.0,1,False,0,0,False
избавить,V,V;PRS;3;SG,SEV,и́збавить,0,1,1.0,0.0,1,False,0,0,False
избить,V,V;PRS;3;SG,SEV,и́збить,0,1,1.0,0.0,1,False,0,0,False
избыть,V,V;PRS;3;SG,SEV,и́збыть,0,1,1.0,0.0,1,False,0,0,False
известить,V,V;PRS;3;SG,SEV,извѣсти́еть,2,1,1.0,0.0,1,False,0,0,False
извратить,V,V;PRS;3;SG,SEV,изврати́ть,1,1,1.0,0.0,1,False,0,0,False
изжить,V,V;PRS;3;SG,SEV,изжи́еть,2,1,1.0,0.0,1,False,0,0,False
излечить,V,V;PRS;3;SG,SEV,и́злечиеть,0,1,1.0,0.0,1,False,0,0,False
изловить,V,V;PRS;3;SG,SEV,излави́еть,2,1,1.0,0.0,1,False,0,0,False
изловчиться,V,V;PRS;3;SG,SEV,излавчи́ть,1,1,1.0,0.0,1,False,0,0,False
изложиться,V,V;PRS;3;SG,SEV,и́злажиить,0,1,0.923076923076923,0.0,1,False,0,0,False
излучить,V,V;PRS;3;SG,SEV,излучии́ть,1,1,1.0,0.0,1,False,0,0,False
измельчить,V,V;PRS;3;SG,SEV,измельчие́ть,1,1,1.0,0.0,1,False,0,0,False
измериться,V,V;PRS;3;SG,SEV,измери́еть,2,1,0.9090909090909091,0.0,1,False,0,0,False
измучать,V,V;PRS;3;SG,SEV,измуча́еть,2,1,1.0,0.0,1,False,0,0,False
измучить,V,V;PRS;3;SG,SEV,измучи́ть,1,1,1.0,0.0,1,False,0,0,False
изнурить,V,V;PRS;3;SG,SEV,и́знурить,0,1,1.0,0.0,1,False,0,0,False
изныть,V,V;PRS;3;SG,SEV,изныи́ть,1,1,1.0,0.0,1,False,0,0,False
изобрести,V,V;PRS;3;SG,SEV,изабре́сть,1,1,1.0,0.0,1,False,0,0,False
изогнуть,V,V;PRS;3;SG,SEV,изагну́еть,2,1,1.0,0.0,1,False,0,0,False
изогнуться,V,V;PRS;3;SG,SEV,изагну́ить,2,1,0.923076923076923,0.0,1,False,0,0,False
изощрить,V,V;PRS;3;SG,SEV,изащри́еть,2,1,1.0,0.0,1,False,0,0,False
изранить,V,V;PRS;3;SG,SEV,израни́ть,1,1,1.0,0.0,1,False,0,0,False
изумить,V,V;PRS;3;SG,SEV,изумие́ть,1,1,1.0,0.0,1,False,0,0,False
изумиться,V,V;PRS;3;SG,SEV,изумии́ть,1,1,0.9090909090909091,0.0,1,False,0,0,False
изучиться,V,V;PRS;3;SG,SEV,изучи́ть,1,1,1.0,0.0,1,False,0,0,False
изъяснить,V,V;PRS;3;SG,SEV,изъясни́ть,1,1,1.0,0.0,1,False,0,0,False
изъясниться,V,V;PRS;3;SG,SEV,изъясни́ть,1,1,1.0,0.0,1,False,0,0,False
исказить,V,V;PRS;3;SG,SEV,и́сказиеть,0,1,1.0,0.0,1,False,0,0,False
исключиться,V,V;PRS;3;SG,SEV,и́сключить,0,1,1.0,0.0,1,False,0,0,False
искривить,V,V;PRS;3;SG,SEV,искриви́ить,2,1,1.0,0.0,1,False,0,0,False
искупить,V,V;PRS;3;SG,SEV,искупи́ть,1,1,1.0,0.0,1,False,0,0,False
испариться,V,V;PRS;3;SG,SEV,и́спарить,0,1,1.0,0.0,1,False,0,0,False
испещрить,V,V;PRS;3;SG,SEV,и́спещриеть,0,1,1.0,0.0,1,False,0,0,False
исписать,V,V;PRS;3;SG,SEV,исписаи́ть,1,1,1.0,0.0,1,False,0,0,False
исповедаться,V,V;PRS;3;SG,SEV,испавѣда́еть,2,1,0.9411764705882352,0.0,1,False,0,0,False
исполниться,V,V;PRS;3;SG,SEV,и́спалниить,0,1,0.9333333333333332,0.0,1,False,0,0,False
испортить,V,V;PRS;3;SG,SEV,испарти́ть,1,1,1.0,0.0,1,False,0,0,False
испортиться,V,V;PRS;3;SG,SEV,испартии́ть,1,1,0.9333333333333332,0.0,1,False,0,0,False
исправиться,V,V;PRS;3;SG,SEV,и́справить,0,1,1.0,0.0,1,False,0,0,False
испугаться,V,V;PRS;3;SG,SEV,и́спугаить,0,1,0.923076923076923,0.0,1,False,0,0,False
испустить,V,V;PRS;3;SG,SEV,испусти́еть,2,1,1.0,0.0,1,False,0,0,False
иссушить,V,V;PRS;3;SG,SEV,иссуши́еть,2,1,1.0,0.0,1,False,0,0,False
иссякнуть,V,V;PRS;3;SG,SEV,иссякну́еть,2,1,1.0,0.0,1,False,0,0,False
истолковать,V,V;PRS;3;SG,SEV,исталкава́еть,2,1,1.0,0.0,1,False,0,0,False
истребить,V,V;PRS;3;SG,SEV,и́стребить,0,1,1.0,0.0,1,False,0,0,False
исхудать,V,V;PRS;3;SG,SEV,исхудае́ть,1,1,1.0,0.0,1,False,0,0,False
исцарапать,V,V;PRS;3;SG,SEV,исцарапае́ть,1,1,1.0,0.0,1,False,0,0,False
исцелить,V,V;PRS;3;SG,SEV,и́сцелиить,0,1,1.0,0.0,1,False,0,0,False
исчислить,V,V;PRS;3;SG,SEV,исчисли́еть,2,1,1.0,0.0,1,False,0,0,False
козырнуть,V,V;PRS;3;SG,SEV,казырну́ить,2,1,1.0,0.0,1,False,0,0,False
колыхнуться,V,V;PRS;3;SG,SEV,калыхну́ть,1,1,1.0,0.0,1,False,0,0,False
кольнуть,V,V;PRS;3;SG,SEV,кальну́ть,1,1,1.0,0.0,1,False,0,0,False
контузить,V,V;PRS;3;SG,SEV,ко́нтузить,0,1,1.0,0.0,1,False,0,0,False
кончить,V,V;PRS;3;SG,SEV,канчи́ить,2,1,1.0,0.0,1,False,0,0,False
кончиться,V,V;PRS;3;SG,SEV,канчи́ить,2,1,0.9090909090909091,0.0,1,False,0,0,False
копнуть,V,V;PRS;3;SG,SEV,капнуе́ть,1,1,1.0,0.0,1,False,0,0,False
коснуться,V,V;PRS;3;SG,SEV,каснуе́ть,1,1,0.9090909090909091,0.0,1,False,0,0,False
лизнуть,V,V;PRS;3;SG,SEV,ли́знуеть,0,1,1.0,0.0,1,False,0,0,False
ломиться,V,V;PRS;3;SG,SEV,ламии́ть,1,1,0.8888888888888888,0.0,1,False,0,0,False
лопнуть,V,V;PRS;3;SG,SEV,лапнуе́ть,1,1,1.0,0.0,1,False,0,0,False
лупить,V,V;PRS;3;SG,SEV,лу́пиить,0,1,1.0,0.0,1,False,0,0,False
мелькнуть,V,V;PRS;3;SG,SEV,мельцну́ть,1,1,1.0,0.0,1,False,0,0,False
метнуть,V,V;PRS;3;SG,SEV,метнуи́ть,1,1,1.0,0.0,1,False,0,0,False
метнуться,V,V;PRS;3;SG,SEV,мѣтнуи́ть,1,1,0.9090909090909091,0.0,1,False,0,0,False
мигнуть,V,V;PRS;3;SG,SEV,ми́знуеть,0,1,1.0,0.0,1,False,0,0,False
мирить,V,V;PRS;3;SG,SEV,мири́ть,1,1,1.0,0.0,1,False,0,0,False
моргнуть,V,V;PRS;3;SG,SEV,мо́ргнуить,0,1,1.0,0.0,1,False,0,0,False
мотнуть,V,V;PRS;3;SG,SEV,матнуи́ть,1,1,1.0,0.0,1,False,0,0,False
мотнуться,V,V;PRS;3;SG,SEV,матну́ть,1,1,1.0,0.0,1,False,0,0,False
набздеть,V,V;PRS;3;SG,SEV,на́бздѣеть,0,1,1.0,0.0,1,False,0,0,False
набросить,V,V;PRS;3;SG,SEV,на́брасить,0,1,1.0,0.0,1,False,0,0,False
наброситься,V,V;PRS;3;SG,SEV,на́брасить,0,1,1.0,0.0,1,False,0,0,False
набухнуть,V,V;PRS;3;SG,SEV,набухнуе́ть,1,1,1.0,0.0,1,False,0,0,False
навалить,V,V;PRS;3;SG,SEV,навалие́ть,1,1,1.0,0.0,1,False,0,0,False
навалиться,V,V;PRS;3;SG,SEV,навалие́ть,1,1,0.923076923076923,0.0,1,False,0,0,False
навесить,V,V;PRS;3;SG,SEV,навеси́ть,1,1,1.0,0.0,1,False,0,0,False
навестить,V,V;PRS;3;SG,SEV,навести́ить,2,1,1.0,0.0,1,False,0,0,False
нависнуть,V,V;PRS;3;SG,SEV,нависнуе́ть,1,1,1.0,0.0,1,False,0,0,False
навредить,V,V;PRS;3;SG,SEV,навредие́ть,1,1,1.0,0.0,1,False,0,0,False
навыкнуть,V,V;PRS;3;SG,SEV,навыкну́ть,1,1,1.0,0.0,1,False,0,0,False
навьючить,V,V;PRS;3;SG,SEV,навьючи́ть,1,1,1.0,0.0,1,False,0,0,False
навязнуть,V,V;PRS;3;SG,SEV,навязну́еть,2,1,1.0,0.0,1,False,0,0,False
наговорить,V,V;PRS;3;SG,SEV,нагаварие́ть,1,1,1.0,0.0,1,False,0,0,False
награбить,V,V;PRS;3;SG,SEV,награби́ить,2,1,1.0,0.0,1,False,0,0,False
нагреться,V,V;PRS;3;SG,SEV,на́греить,0,1,0.9090909090909091,0.0,1,False,0,0,False
нагромоздить,V,V;PRS;3;SG,SEV,награмазди́ить,2,1,1.0,0.0,1,False,0,0,False
нагрубить,V,V;PRS;3;SG,SEV,нагруби́ть,1,1,1.0,0.0,1,False,0,0,False
нагрузить,V,V;PRS;3;SG,SEV,нагрузи́еть,2,1,1.0,0.0,1,False,0,0,False
нагрянуть,V,V;PRS;3;SG,SEV,на́грянуть,0,1,1.0,0.0,1,False,0,0,False
надавить,V,V;PRS;3;SG,SEV,надавие́ть,1,1,1.0,0.0,1,False,0,0,False
надвинуть,V,V;PRS;3;SG,SEV,надвину́ть,1,1,1.0,0.0,1,False,0,0,False
надвинуться,V,V;PRS;3;SG,SEV,надвину́ть,1,1,1.0,0.0,1,False,0,0,False
наделить,V,V;PRS;3;SG,SEV,надели́ть,1,1,1.0,0.0,1,False,0,0,False
надстроить,V,V;PRS;3;SG,SEV,надстраи́ть,1,1,1.0,0.0,1,False,0,0,False
надстроиться,V,V;PRS;3;SG,SEV,надстраи́ть,1,1,1.0,0.0,1,False,0,0,False
надушить,V,V;PRS;3;SG,SEV,надуши́ить,2,1,1.0,0.0,1,False,0,0,False
нажучить,V,V;PRS;3;SG,SEV,нажучи́ть,1,1,1.0,0.0,1,False,0,0,False
назариться,V,V;PRS;3;SG,SEV,назарие́ть,1,1,0.923076923076923,0.0,1,False,0,0,False
назначиться,V,V;PRS;3;SG,SEV,на́значиеть,0,1,0.9333333333333332,0.0,1,False,0,0,False
назреть,V,V;PRS;3;SG,SEV,на́зреть,0,1,1.0,0.0,1,False,0,0,False
накалить,V,V;PRS;3;SG,SEV,накали́еть,2,1,1.0,0.0,1,False,0,0,False
накатить,V,V;PRS;3;SG,SEV,накати́ить,2,1,1.0,0.0,1,False,0,0,False
накинуть,V,V;PRS;3;SG,SEV,накинуе́ть,1,1,1.0,0.0,1,False,0,0,False
накинуться,V,V;PRS;3;SG,SEV,накину́ть,1,1,1.0,0.0,1,False,0,0,False
наклонить,V,V;PRS;3;SG,SEV,на́кланиеть,0,1,1.0,0.0,1,False,0,0,False
наклониться,V,V;PRS;3;SG,SEV,на́кланиить,0,1,0.9333333333333332,0.0,1,False,0,0,False
накопиться,V,V;PRS;3;SG,SEV,накапи́ть,1,1,1.0,0.0,1,False,0,0,False
накормить,V,V;PRS;3;SG,SEV,накармии́ть,1,1,1.0,0.0,1,False,0,0,False
накрасить,V,V;PRS;3;SG,SEV,накраси́ить,2,1,1.0,0.0,1,False,0,0,False
накупить,V,V;PRS;3;SG,SEV,накупи́ить,2,1,1.0,0.0,1,False,0,0,False
наладить,V,V;PRS;3;SG,SEV,налади́ть,1,1,1.0,0.0,1,False,0,0,False
наладиться,V,V;PRS;3;SG,SEV,налади́ить,2,1,0.9090909090909091,0.0,1,False,0,0,False
налепить,V,V;PRS;3;SG,SEV,налепии́ть,1,1,1.0,0.0,1,False,0,0,False
налечь,V,V;PRS;3;SG,SEV,на́лѣить,0,1,1.0,0.0,1,False,0,0,False
наловить,V,V;PRS;3;SG,SEV,налави́ить,2,1,1.0,0.0,1,False,0,0,False
наложить,V,V;PRS;3;SG,SEV,налажии́ть,1,1,1.0,0.0,1,False,0,0,False
наложиться,V,V;PRS;3;SG,SEV,налажии́ть,1,1,0.9090909090909091,0.0,1,False,0,0,False
намекнуть,V,V;PRS;3;SG,SEV,намекнуи́ть,1,1,1.0,0.0,1,False,0,0,False
наметить,V,V;PRS;3;SG,SEV,наметии́ть,1,1,1.0,0.0,1,False,0,0,False
наметиться,V,V;PRS;3;SG,SEV,наметии́ть,1,1,0.923076923076923,0.0,1,False,0,0,False
намокнуть,V,V;PRS;3;SG,SEV,намакнуе́ть,1,1,1.0,0.0,1,False,0,0,False
наморщить,V,V;PRS;3;SG,SEV,намарщи́ть,1,1,1.0,0.0,1,False,0,0,False
намудрить,V,V;PRS;3;SG,SEV,намудрии́ть,1,1,1.0,0.0,1,False,0,0,False
напеть,V,V;PRS;3;SG,SEV,напее́ть,1,1,1.0,0.0,1,False,0,0,False
напечь,V,V;PRS;3;SG,SEV,напеи́ть,1,1,1.0,0.0,1,False,0,0,False
наполниться,V,V;PRS;3;SG,SEV,на́палнить,0,1,1.0,0.0,1,False,0,0,False
направиться,V,V;PRS;3;SG,SEV,направие́ть,1,1,0.9333333333333332,0.0,1,False,0,0,False
напроситься,V,V;PRS;3;SG,SEV,на́прасиить,0,1,0.9333333333333332,0.0,1,False,0,0,False
напустить,V,V;PRS;3;SG,SEV,напусти́ить,2,1,1.0,0.0,1,False,0,0,False
напялить,V,V;PRS;3;SG,SEV,напяли́ть,1,1,1.0,0.0,1,False,0,0,False
нарастить,V,V;PRS;3;SG,SEV,нарастие́ть,1,1,1.0,0.0,1,False,0,0,False
наречь,V,V;PRS;3;SG,SEV,на́реть,0,1,1.0,0.0,1,False,0,0,False
нарушиться,V,V;PRS;3;SG,SEV,нарушие́ть,1,1,0.923076923076923,0.0,1,False,0,0,False
нарядить,V,V;PRS;3;SG,SEV,наряди́ить,2,1,1.0,0.0,1,False,0,0,False
насадить,V,V;PRS;3;SG,SEV,насади́ить,2,1,1.0,0.0,1,False,0,0,False
населить,V,V;PRS;3;SG,SEV,насели́ть,1,1,1.0,0.0,1,False,0,0,False
наскочить,V,V;PRS;3;SG,SEV,на́скачить,0,1,1.0,0.0,1,False,0,0,False
насладиться,V,V;PRS;3;SG,SEV,на́сладиеть,0,1,0.9333333333333332,0.0,1,False,0,0,False
наставить,V,V;PRS;3;SG,SEV,на́ставить,0,1,1.0,0.0,1,False,0,0,False
настигнуть,V,V;PRS;3;SG,SEV,на́стизнуеть,0,1,1.0,0.0,1,False,0,0,False
насторожить,V,V;PRS;3;SG,SEV,настражи́ть,1,1,1.0,0.0,1,False,0,0,False
насторожиться,V,V;PRS;3;SG,SEV,настражие́ть,1,1,0.9411764705882352,0.0,1,False,0,0,False
настроить,V,V;PRS;3;SG,SEV,настраи́ть,1,1,1.0,0.0,1,False,0,0,False
настроиться,V,V;PRS;3;SG,SEV,настраие́ть,1,1,0.9333333333333332,0.0,1,False,0,0,False
настрочить,V,V;PRS;3;SG,SEV,настрачи́еть,2,1,1.0,0.0,1,False,0,0,False
насупить,V,V;PRS;3;SG,SEV,насупии́ть,1,1,1.0,0.0,1,False,0,0,False
насупиться,V,V;PRS;3;SG,SEV,насупии́ть,1,1,0.923076923076923,0.0,1,False,0,0,False
насушить,V,V;PRS;3;SG,SEV,насуши́ить,2,1,1.0,0.0,1,False,0,0,False
насытить,V,V;PRS;3;SG,SEV,насытии́ть,1,1,1.0,0.0,1,False,0,0,False
насытиться,V,V;PRS;3;SG,SEV,насытие́ть,1,1,0.923076923076923,0.0,1,False,0,0,False
натащить,V,V;PRS;3;SG,SEV,натащи́ть,1,1,1.0,0.0,1,False,0,0,False
натворить,V,V;PRS;3;SG,SEV,натвари́еть,2,1,1.0,0.0,1,False,0,0,False
натолкнуть,V,V;PRS;3;SG,SEV,наталкну́ть,1,1,1.0,0.0,1,False,0,0,False
натолкнуться,V,V;PRS;3;SG,SEV,наталкну́ить,2,1,0.9411764705882352,0.0,1,False,0,0,False
натопить,V,V;PRS;3;SG,SEV,на́тапиить,0,1,1.0,0.0,1,False,0,0,False
натянуть,V,V;PRS;3;SG,SEV,натяну́ть,1,1,1.0,0.0,1,False,0,0,False
научить,V,V;PRS;3;SG,SEV,научи́ить,2,1,1.0,0.0,1,False,0,0,False
нахлынуть,V,V;PRS;3;SG,SEV,нахлынуе́ть,1,1,1.0,0.0,1,False,0,0,False
нахмурить,V,V;PRS;3;SG,SEV,нахмурие́ть,1,1,1.0,0.0,1,False,0,0,False
нахмуриться,V,V;PRS;3;SG,SEV,нахмури́ть,1,1,1.0,0.0,1,False,0,0,False
нацелиться,V,V;PRS;3;SG,SEV,нацелии́ть,1,1,0.923076923076923,0.0,1,False,0,0,False
нацепить,V,V;PRS;3;SG,SEV,нацепи́ть,1,1,1.0,0.0,1,False,0,0,False
начертить,V,V;PRS;3;SG,SEV,на́чертить,0,1,1.0,0.0,1,False,0,0,False
начислить,V,V;PRS;3;SG,SEV,начисли́ть,1,1,1.0,0.0,1,False,0,0,False
начистить,V,V;PRS;3;SG,SEV,начисти́ить,2,1,1.0,0.0,1,False,0,0,False
нашарить,V,V;PRS;3;SG,SEV,нашарие́ть,1,1,1.0,0.0,1,False,0,0,False
нырнуть,V,V;PRS;3;SG,SEV,ны́рнуть,0,1,1.0,0.0,1,False,0,0,False
обвиниться,V,V;PRS;3;SG,SEV,абвини́ть,1,1,1.0,0.0,1,False,0,0,False
обвиснуть,V,V;PRS;3;SG,SEV,абвисну́ть,1,1,1.0,0.0,1,False,0,0,False
обвить,V,V;PRS;3;SG,SEV,абви́ть,1,1,1.0,0.0,1,False,0,0,False
обговорить,V,V;PRS;3;SG,SEV,абгавари́ить,2,1,1.0,0.0,1,False,0,0,False
обезболить,V,V;PRS;3;SG,SEV,абезбали́ть,1,1,1.0,0.0,1,False,0,0,False
обезвредить,V,V;PRS;3;SG,SEV,абезвредие́ть,1,1,1.0,0.0,1,False,0,0,False
обездолить,V,V;PRS;3;SG,SEV,абездали́еть,2,1,1.0,0.0,1,False,0,0,False
обезножить,V,V;PRS;3;SG,SEV,о́безнажиеть,0,1,1.0,0.0,1,False,0,0,False
обеспечиться,V,V;PRS;3;SG,SEV,абеспечи́ить,2,1,0.9411764705882352,0.0,1,False,0,0,False
обить,V,V;PRS;3;SG,SEV,аби́еть,2,1,1.0,0.0,1,False,0,0,False
облить,V,V;PRS;3;SG,SEV,аблие́ть,1,1,1.0,0.0,1,False,0,0,False
облиться,V,V;PRS;3;SG,SEV,аблии́ть,1,1,0.8888888888888888,0.0,1,False,0,0,False
обличить,V,V;PRS;3;SG,SEV,абличи́еть,2,1,1.0,0.0,1,False,0,0,False
облокотиться,V,V;PRS;3;SG,SEV,о́блакатиить,0,1,0.9411764705882352,0.0,1,False,0,0,False
облупить,V,V;PRS;3;SG,SEV,о́блупить,0,1,1.0,0.0,1,False,0,0,False
облупиться,V,V;PRS;3;SG,SEV,о́блупить,0,1,1.0,0.0,1,False,0,0,False
обморочить,V,V;PRS;3;SG,SEV,абмрачи́ить,2,1,1.0,0.0,1,False,0,0,False
обмыть,V,V;PRS;3;SG,SEV,абмыи́ть,1,1,1.0,0.0,1,False,0,0,False
оборонить,V,V;PRS;3;SG,SEV,абрани́еть,2,1,1.0,0.0,1,False,0,0,False
оборониться,V,V;PRS;3;SG,SEV,абрани́ть,1,1,1.0,0.0,1,False,0,0,False
оборотить,V,V;PRS;3;SG,SEV,о́братиить,0,1,1.0,0.0,1,False,0,0,False
обособить,V,V;PRS;3;SG,SEV,о́басабиить,0,1,1.0,0.0,1,False,0,0,False
обручить,V,V;PRS;3;SG,SEV,абручи́ть,1,1,1.0,0.0,1,False,0,0,False
обручиться,V,V;PRS;3;SG,SEV,абручи́ть,1,1,1.0,0.0,1,False,0,0,False
обрушиться,V,V;PRS;3;SG,SEV,абруши́еть,2,1,0.923076923076923,0.0,1,False,0,0,False
обслужить,V,V;PRS;3;SG,SEV,абслужии́ть,1,1,1.0,0.0,1,False,0,0,False
обступить,V,V;PRS;3;SG,SEV,о́бступить,0,1,1.0,0.0,1,False,0,0,False
обсудиться,V,V;PRS;3;SG,SEV,абсуди́ть,1,1,1.0,0.0,1,False,0,0,False
обуглить,V,V;PRS;3;SG,SEV,абугли́еть,2,1,1.0,0.0,1,False,0,0,False
обуть,V,V;PRS;3;SG,SEV,абу́еть,2,1,1.0,0.0,1,False,0,0,False
обучить,V,V;PRS;3;SG,SEV,абучии́ть,1,1,1.0,0.0,1,False,0,0,False
обучиться,V,V;PRS;3;SG,SEV,абучи́ть,1,1,1.0,0.0,1,False,0,0,False
обшить,V,V;PRS;3;SG,SEV,абши́ить,2,1,1.0,0.0,1,False,0,0,False
оглохнуть,V,V;PRS;3;SG,SEV,аглахну́ть,1,1,1.0,0.0,1,False,0,0,False
оглушить,V,V;PRS;3;SG,SEV,аглушии́ть,1,1,1.0,0.0,1,False,0,0,False
оглянуть,V,V;PRS;3;SG,SEV,о́глянуеть,0,1,1.0,0.0,1,False,0,0,False
оглянуться,V,V;PRS;3;SG,SEV,о́глянуть,0,1,1.0,0.0,1,False,0,0,False
оголить,V,V;PRS;3;SG,SEV,агали́еть,2,1,1.0,0.0,1,False,0,0,False
огорчить,V,V;PRS;3;SG,SEV,агарчи́ить,2,1,1.0,0.0,1,False,0,0,False
огорчиться,V,V;PRS;3;SG,SEV,агарчи́ить,2,1,0.923076923076923,0.0,1,False,0,0,False
ограбить,V,V;PRS;3;SG,SEV,аграбии́ть,1,1,1.0,0.0,1,False,0,0,False
оградить,V,V;PRS;3;SG,SEV,аградие́ть,1,1,1.0,0.0,1,False,0,0,False
огрызнуться,V,V;PRS;3;SG,SEV,агрызну́ть,1,1,1.0,0.0,1,False,0,0,False
озвучить,V,V;PRS;3;SG,SEV,азвучи́ть,1,1,1.0,0.0,1,False,0,0,False
оздоровить,V,V;PRS;3;SG,SEV,аздрави́еть,2,1,1.0,0.0,1,False,0,0,False
озлиться,V,V;PRS;3;SG,SEV,азлии́ть,1,1,0.8888888888888888,0.0,1,False,0,0,False
окатить,V,V;PRS;3;SG,SEV,о́катить,0,1,1.0,0.0,1,False,0,0,False
окинуть,V,V;PRS;3;SG,SEV,акину́еть,2,1,1.0,0.0,1,False,0,0,False
окликнуть,V,V;PRS;3;SG,SEV,о́клицнуить,0,1,1.0,0.0,1,False,0,0,False
окончиться,V,V;PRS;3;SG,SEV,аканчи́еть,2,1,0.923076923076923,0.0,1,False,0,0,False
окрасить,V,V;PRS;3;SG,SEV,акрасие́ть,1,1,1.0,0.0,1,False,0,0,False
окрепнуть,V,V;PRS;3;SG,SEV,акрепну́ть,1,1,1.0,0.0,1,False,0,0,False
окрестить,V,V;PRS;3;SG,SEV,о́крестить,0,1,1.0,0.0,1,False,0,0,False
окрошить,V,V;PRS;3;SG,SEV,акраши́ть,1,1,1.0,0.0,1,False,0,0,False
округлить,V,V;PRS;3;SG,SEV,о́круглить,0,1,1.0,0.0,1,False,0,0,False
окунуть,V,V;PRS;3;SG,SEV,акуну́ить,2,1,1.0,0.0,1,False,0,0,False
окунуться,V,V;PRS;3;SG,SEV,акуну́ить,2,1,0.9090909090909091,0.0,1,False,0,0,False
онеметь,V,V;PRS;3;SG,SEV,анемеи́ть,1,1,1.0,0.0,1,False,0,0,False
опередить,V,V;PRS;3;SG,SEV,о́прѣдить,0,1,1.0,0.0,1,False,0,0,False
оповестить,V,V;PRS;3;SG,SEV,апавести́ть,1,1,1.0,0.0,1,False,0,0,False
опозорить,V,V;PRS;3;SG,SEV,о́пазариеть,0,1,1.0,0.0,1,False,0,0,False
опорожнить,V,V;PRS;3;SG,SEV,апражни́еть,2,1,1.0,0.0,1,False,0,0,False
опорочить,V,V;PRS;3;SG,SEV,апрачие́ть,1,1,1.0,0.0,1,False,0,0,False
опохмелиться,V,V;PRS;3;SG,SEV,апахмелии́ть,1,1,0.9411764705882352,0.0,1,False,0,0,False
определиться,V,V;PRS;3;SG,SEV,апредели́ить,2,1,0.9411764705882352,0.0,1,False,0,0,False
опровергнуть,V,V;PRS;3;SG,SEV,аправергну́ть,1,1,1.0,0.0,1,False,0,0,False
опуститься,V,V;PRS;3;SG,SEV,апусти́еть,2,1,0.923076923076923,0.0,1,False,0,0,False
опухнуть,V,V;PRS;3;SG,SEV,апухну́ить,2,1,1.0,0.0,1,False,0,0,False
оробеть,V,V;PRS;3;SG,SEV,ра́беить,0,1,1.0,0.0,1,False,0,0,False
осведомить,V,V;PRS;3;SG,SEV,асведами́еть,2,1,1.0,0.0,1,False,0,0,False
осведомиться,V,V;PRS;3;SG,SEV,асведами́ть,1,1,1.0,0.0,1,False,0,0,False
освободиться,V,V;PRS;3;SG,SEV,о́свабадиить,0,1,0.9411764705882352,0.0,1,False,0,0,False
осилить,V,V;PRS;3;SG,SEV,о́силить,0,1,1.0,0.0,1,False,0,0,False
осмыслить,V,V;PRS;3;SG,SEV,асмысли́еть,2,1,1.0,0.0,1,False,0,0,False
остричь,V,V;PRS;3;SG,SEV,о́стрить,0,1,1.0,0.0,1,False,0,0,False
остудить,V,V;PRS;3;SG,SEV,астуди́ить,2,1,1.0,0.0,1,False,0,0,False
оступиться,V,V;PRS;3;SG,SEV,аступи́ить,2,1,0.923076923076923,0.0,1,False,0,0,False
остынуть,V,V;PRS;3;SG,SEV,о́стынуть,0,1,1.0,0.0,1,False,0,0,False
осунуться,V,V;PRS;3;SG,SEV,о́сунуть,0,1,1.0,0.0,1,False,0,0,False
осушить,V,V;PRS;3;SG,SEV,асушии́ть,1,1,1.0,0.0,1,False,0,0,False
отбить,V,V;PRS;3;SG,SEV,атби́ть,1,1,1.0,0.0,1,False,0,0,False
отбиться,V,V;PRS;3;SG,SEV,атбие́ть,1,1,0.8888888888888888,0.0,1,False,0,0,False
отвинтить,V,V;PRS;3;SG,SEV,о́твинтиеть,0,1,1.0,0.0,1,False,0,0,False
отворотить,V,V;PRS;3;SG,SEV,атвратии́ть,1,1,1.0,0.0,1,False,0,0,False
отвыкнуть,V,V;PRS;3;SG,SEV,атвыкнуе́ть,1,1,1.0,0.0,1,False,0,0,False
отговорить,V,V;PRS;3;SG,SEV,атгавари́ить,2,1,1.0,0.0,1,False,0,0,False
отгородить,V,V;PRS;3;SG,SEV,атгради́ть,1,1,1.0,0.0,1,False,0,0,False
отгрузить,V,V;PRS;3;SG,SEV,о́тгрузить,0,1,1.0,0.0,1,False,0,0,False
отдуть,V,V;PRS;3;SG,SEV,атдуе́ть,1,1,1.0,0.0,1,False,0,0,False
отдуться,V,V;PRS;3;SG,SEV,атдуе́ть,1,1,0.8888888888888888,0.0,1,False,0,0,False
откинуть,V,V;PRS;3;SG,SEV,о́ткинуить,0,1,1.0,0.0,1,False,0,0,False
откинуться,V,V;PRS;3;SG,SEV,о́ткинуить,0,1,0.923076923076923,0.0,1,False,0,0,False
откликнуться,V,V;PRS;3;SG,SEV,атклицну́ить,2,1,0.9411764705882352,0.0,1,False,0,0,False
отключить,V,V;PRS;3;SG,SEV,атключи́ить,2,1,1.0,0.0,1,False,0,0,False
отключиться,V,V;PRS;3;SG,SEV,атключи́еть,2,1,0.9333333333333332,0.0,1,False,0,0,False
открыться,V,V;PRS;3;SG,SEV,аткрые́ть,1,1,0.9090909090909091,0.0,1,False,0,0,False
откусить,V,V;PRS;3;SG,SEV,о́ткусиить,0,1,1.0,0.0,1,False,0,0,False
отлить,V,V;PRS;3;SG,SEV,атлии́ть,1,1,1.0,0.0,1,False,0,0,False
отличить,V,V;PRS;3;SG,SEV,атличи́ить,2,1,1.0,0.0,1,False,0,0,False
отлупить,V,V;PRS;3;SG,SEV,о́тлупиить,0,1,1.0,0.0,1,False,0,0,False
отлучить,V,V;PRS;3;SG,SEV,атлучи́еть,2,1,1.0,0.0,1,False,0,0,False
отлучиться,V,V;PRS;3;SG,SEV,атлучи́еть,2,1,0.923076923076923,0.0,1,False,0,0,False
отморозить,V,V;PRS;3;SG,SEV,атмразие́ть,1,1,1.0,0.0,1,False,0,0,False
отмыть,V,V;PRS;3;SG,SEV,атмые́ть,1,1,1.0,0.0,1,False,0,0,False
отождествить,V,V;PRS;3;SG,SEV,атаждѣствии́ть,1,1,1.0,0.0,1,False,0,0,False
отожествить,V,V;PRS;3;SG,SEV,о́тажествиить,0,1,1.0,0.0,1,False,0,0,False
отпить,V,V;PRS;3;SG,SEV,атпи́ть,1,1,1.0,0.0,1,False,0,0,False
отпихнуть,V,V;PRS;3;SG,SEV,атписнуе́ть,1,1,1.0,0.0,1,False,0,0,False
отплыть,V,V;PRS;3;SG,SEV,о́тплыть,0,1,1.0,0.0,1,False,0,0,False
отпугнуть,V,V;PRS;3;SG,SEV,атпугнуе́ть,1,1,1.0,0.0,1,False,0,0,False
отринуть,V,V;PRS;3;SG,SEV,атрину́еть,2,1,1.0,0.0,1,False,0,0,False
отрубить,V,V;PRS;3;SG,SEV,о́трубиеть,0,1,1.0,0.0,1,False,0,0,False
отрыгнуть,V,V;PRS;3;SG,SEV,атрыгнуи́ть,1,1,1.0,0.0,1,False,0,0,False
отрыть,V,V;PRS;3;SG,SEV,атрые́ть,1,1,1.0,0.0,1,False,0,0,False
отслужить,V,V;PRS;3;SG,SEV,атслужие́ть,1,1,1.0,0.0,1,False,0,0,False
отступиться,V,V;PRS;3;SG,SEV,о́тступить,0,1,1.0,0.0,1,False,0,0,False
отучить,V,V;PRS;3;SG,SEV,атучи́ть,1,1,1.0,0.0,1,False,0,0,False
отчислить,V,V;PRS;3;SG,SEV,атчисли́ть,1,1,1.0,0.0,1,False,0,0,False
отчудить,V,V;PRS;3;SG,SEV,атчуди́еть,2,1,1.0,0.0,1,False,0,0,False
отшвырнуть,V,V;PRS;3;SG,SEV,атшвырну́ть,1,1,1.0,0.0,1,False,0,0,False
отылить,V,V;PRS;3;SG,SEV,о́тылиить,0,1,1.0,0.0,1,False,0,0,False
охладить,V,V;PRS;3;SG,SEV,ахлади́ть,1,1,1.0,0.0,1,False,0,0,False
охнуть,V,V;PRS;3;SG,SEV,ахну́еть,2,1,1.0,0.0,1,False,0,0,False
охраниться,V,V;PRS;3;SG,SEV,о́хранить,0,1,1.0,0.0,1,False,0,0,False
охрипнуть,V,V;PRS;3;SG,SEV,ахрипну́ть,1,1,1.0,0.0,1,False,0,0,False
перебросить,V,V;PRS;3;SG,SEV,прѣ́брасиеть,0,1,1.0,0.0,1,False,0,0,False
перевернуть,V,V;PRS;3;SG,SEV,прѣ́вѣрнуеть,0,1,1.0,0.0,1,False,0,0,False
перевернуться,V,V;PRS;3;SG,SEV,прѣ́вернуеть,0,1,0.9411764705882352,0.0,1,False,0,0,False
переводиться,V,V;PRS;3;SG,SEV,прѣвади́ть,1,1,1.0,0.0,1,False,0,0,False
передёрнуть,V,V;PRS;3;SG,SEV,прѣдёрну́еть,2,1,1.0,0.0,1,False,0,0,False
перезвонить,V,V;PRS;3;SG,SEV,прѣзвании́ть,1,1,1.0,0.0,1,False,0,0,False
перекрестить,V,V;PRS;3;SG,SEV,прѣ́крестить,0,1,1.0,0.0,1,False,0,0,False
перекреститься,V,V;PRS;3;SG,SEV,прѣ́крестить,0,1,1.0,0.0,1,False,0,0,False
переложить,V,V;PRS;3;SG,SEV,прѣ́лажиеть,0,1,1.0,0.0,1,False,0,0,False
переломить,V,V;PRS;3;SG,SEV,прѣламии́ть,1,1,1.0,0.0,1,False,0,0,False
перемесить,V,V;PRS;3;SG,SEV,прѣмеси́ть,1,1,1.0,0.0,1,False,0,0,False
переместить,V,V;PRS;3;SG,SEV,прѣмести́ть,1,1,1.0,0.0,1,False,0,0,False
переместиться,V,V;PRS;3;SG,SEV,прѣмѣсти́ть,1,1,1.0,0.0,1,False,0,0,False
переполнить,V,V;PRS;3;SG,SEV,прѣпални́ть,1,1,1.0,0.0,1,False,0,0,False
переселить,V,V;PRS;3;SG,SEV,прѣ́селить,0,1,1.0,0.0,1,False,0,0,False
переселиться,V,V;PRS;3;SG,SEV,прѣ́селиеть,0,1,0.9333333333333332,0.0,1,False,0,0,False
перескочить,V,V;PRS;3;SG,SEV,прѣскачи́еть,2,1,1.0,0.0,1,False,0,0,False
пересохнуть,V,V;PRS;3;SG,SEV,прѣ́сахнуеть,0,1,1.0,0.0,1,False,0,0,False
переспросить,V,V;PRS;3;SG,SEV,прѣ́спрасиеть,0,1,1.0,0.0,1,False,0,0,False
перестроиться,V,V;PRS;3;SG,SEV,прѣстраие́ть,1,1,0.9411764705882352,0.0,1,False,0,0,False
перечеркнуть,V,V;PRS;3;SG,SEV,прѣчеркну́ть,1,1,1.0,0.0,1,False,0,0,False
пёрднуть,V,V;PRS;3;SG,SEV,пёрдну́ть,1,1,1.0,0.0,1,False,0,0,False
пёрнуть,V,V;PRS;3;SG,SEV,пё́рнуить,0,1,1.0,0.0,1,False,0,0,False
пискнуть,V,V;PRS;3;SG,SEV,пискнуе́ть,1,1,1.0,0.0,1,False,0,0,False
пихнуть,V,V;PRS;3;SG,SEV,писну́ить,2,1,1.0,0.0,1,False,0,0,False
пленить,V,V;PRS;3;SG,SEV,пле́ниеть,0,1,1.0,0.0,1,False,0,0,False
плеснуть,V,V;PRS;3;SG,SEV,плесну́еть,2,1,1.0,0.0,1,False,0,0,False
плеснуться,V,V;PRS;3;SG,SEV,плесну́еть,2,1,0.923076923076923,0.0,1,False,0,0,False
плюнуть,V,V;PRS;3;SG,SEV,плюнуе́ть,1,1,1.0,0.0,1,False,0,0,False
плюхнуться,V,V;PRS;3;SG,SEV,плю́хнуеть,0,1,0.923076923076923,0.0,1,False,0,0,False
побить,V,V;PRS;3;SG,SEV,паби́ть,1,1,1.0,0.0,1,False,0,0,False
побрить,V,V;PRS;3;SG,SEV,по́бриить,0,1,1.0,0.0,1,False,0,0,False
побудить,V,V;PRS;3;SG,SEV,пабудие́ть,1,1,1.0,0.0,1,False,0,0,False
побыть,V,V;PRS;3;SG,SEV,пабы́ть,1,1,1.0,0.0,1,False,0,0,False
повеселиться,V,V;PRS;3;SG,SEV,по́веселиеть,0,1,0.9411764705882352,0.0,1,False,0,0,False
повиснуть,V,V;PRS;3;SG,SEV,пависнуи́ть,1,1,1.0,0.0,1,False,0,0,False
повысить,V,V;PRS;3;SG,SEV,по́высиить,0,1,1.0,0.0,1,False,0,0,False
повыситься,V,V;PRS;3;SG,SEV,по́высиеть,0,1,0.923076923076923,0.0,1,False,0,0,False
погубить,V,V;PRS;3;SG,SEV,пагуби́еть,2,1,1.0,0.0,1,False,0,0,False
подбить,V,V;PRS;3;SG,SEV,падби́еть,2,1,1.0,0.0,1,False,0,0,False
подвинуть,V,V;PRS;3;SG,SEV,падвину́еть,2,1,1.0,0.0,1,False,0,0,False
подвинуться,V,V;PRS;3;SG,SEV,падвину́ть,1,1,1.0,0.0,1,False,0,0,False
подвыпить,V,V;PRS;3;SG,SEV,падвыпи́еть,2,1,1.0,0.0,1,False,0,0,False
подвыть,V,V;PRS;3;SG,SEV,по́двыть,0,1,1.0,0.0,1,False,0,0,False
подговорить,V,V;PRS;3;SG,SEV,по́дгаварить,0,1,1.0,0.0,1,False,0,0,False
подготовиться,V,V;PRS;3;SG,SEV,падгатави́ить,2,1,0.9473684210526316,0.0,1,False,0,0,False
подивиться,V,V;PRS;3;SG,SEV,падивии́ть,1,1,0.923076923076923,0.0,1,False,0,0,False
подкинуть,V,V;PRS;3;SG,SEV,по́дкинуеть,0,1,1.0,0.0,1,False,0,0,False
подключить,V,V;PRS;3;SG,SEV,падключие́ть,1,1,1.0,0.0,1,False,0,0,False
подключиться,V,V;PRS;3;SG,SEV,падключи́ть,1,1,1.0,0.0,1,False,0,0,False
подкупить,V,V;PRS;3;SG,SEV,падкупии́ть,1,1,1.0,0.0,1,False,0,0,False
подлить,V,V;PRS;3;SG,SEV,по́длиеть,0,1,1.0,0.0,1,False,0,0,False
подмигнуть,V,V;PRS;3;SG,SEV,по́дмизнуть,0,1,1.0,0.0,1,False,0,0,False
подплыть,V,V;PRS;3;SG,SEV,по́дплыить,0,1,1.0,0.0,1,False,0,0,False
подпрыгнуть,V,V;PRS;3;SG,SEV,падпрыгнуе́ть,1,1,1.0,0.0,1,False,0,0,False
подпустить,V,V;PRS;3;SG,SEV,по́дпустиить,0,1,1.0,0.0,1,False,0,0,False
подружиться,V,V;PRS;3;SG,SEV,по́дружиить,0,1,0.9333333333333332,0.0,1,False,0,0,False
подрыть,V,V;PRS;3;SG,SEV,по́дрыть,0,1,1.0,0.0,1,False,0,0,False
подстричь,V,V;PRS;3;SG,SEV,по́дстриеть,0,1,1.0,0.0,1,False,0,0,False
подступить,V,V;PRS;3;SG,SEV,падступие́ть,1,1,1.0,0.0,1,False,0,0,False
подступиться,V,V;PRS;3;SG,SEV,падступие́ть,1,1,0.9411764705882352,0.0,1,False,0,0,False
подсунуть,V,V;PRS;3;SG,SEV,по́дсунуить,0,1,1.0,0.0,1,False,0,0,False
подчиниться,V,V;PRS;3;SG,SEV,по́дчинить,0,1,1.0,0.0,1,False,0,0,False
подшить,V,V;PRS;3;SG,SEV,по́дшить,0,1,1.0,0.0,1,False,0,0,False
подшутить,V,V;PRS;3;SG,SEV,падшутие́ть,1,1,1.0,0.0,1,False,0,0,False
пожить,V,V;PRS;3;SG,SEV,пажи́ить,2,1,1.0,0.0,1,False,0,0,False
позлить,V,V;PRS;3;SG,SEV,по́злиеть,0,1,1.0,0.0,1,False,0,0,False
позолотить,V,V;PRS;3;SG,SEV,по́златиить,0,1,1.0,0.0,1,False,0,0,False
поколотить,V,V;PRS;3;SG,SEV,по́клатиеть,0,1,1.0,0.0,1,False,0,0,False
покрутить,V,V;PRS;3;SG,SEV,пакрути́ть,1,1,1.0,0.0,1,False,0,0,False
покрыться,V,V;PRS;3;SG,SEV,пакры́еть,2,1,0.9090909090909091,0.0,1,False,0,0,False
покуситься,V,V;PRS;3;SG,SEV,пакуси́ть,1,1,1.0,0.0,1,False,0,0,False
полить,V,V;PRS;3;SG,SEV,по́лиить,0,1,1.0,0.0,1,False,0,0,False
политься,V,V;PRS;3;SG,SEV,по́лиеть,0,1,0.8888888888888888,0.0,1,False,0,0,False
получить,V,V;PRS;3;SG,SEV,палучии́ть,1,1,1.0,0.0,1,False,0,0,False
получиться,V,V;PRS;3;SG,SEV,палучи́ть,1,1,1.0,0.0,1,False,0,0,False
полыхнуть,V,V;PRS;3;SG,SEV,палыхну́ть,1,1,1.0,0.0,1,False,0,0,False
польстить,V,V;PRS;3;SG,SEV,по́льстиить,0,1,1.0,0.0,1,False,0,0,False
полюбиться,V,V;PRS;3;SG,SEV,по́любить,0,1,1.0,0.0,1,False,0,0,False
померещиться,V,V;PRS;3;SG,SEV,по́мрѣщиить,0,1,0.9333333333333332,0.0,1,False,0,0,False
помирить,V,V;PRS;3;SG,SEV,памири́ть,1,1,1.0,0.0,1,False,0,0,False
помириться,V,V;PRS;3;SG,SEV,памири́ть,1,1,1.0,0.0,1,False,0,0,False
помутить,V,V;PRS;3;SG,SEV,по́мутить,0,1,1.0,0.0,1,False,0,0,False
помыслить,V,V;PRS;3;SG,SEV,памыслие́ть,1,1,1.0,0.0,1,False,0,0,False
помыться,V,V;PRS;3;SG,SEV,по́мыеть,0,1,0.8888888888888888,0.0,1,False,0,0,False
понизить,V,V;PRS;3;SG,SEV,по́низиеть,0,1,1.0,0.0,1,False,0,0,False
поникнуть,V,V;PRS;3;SG,SEV,паницну́ть,1,1,1.0,0.0,1,False,0,0,False
попить,V,V;PRS;3;SG,SEV,папи́ть,1,1,1.0,0.0,1,False,0,0,False
порубить,V,V;PRS;3;SG,SEV,по́рубить,0,1,1.0,0.0,1,False,0,0,False
порхнуть,V,V;PRS;3;SG,SEV,по́рхнуить,0,1,1.0,0.0,1,False,0,0,False
порыться,V,V;PRS;3;SG,SEV,по́рыть,0,1,1.0,0.0,1,False,0,0,False
посеребрить,V,V;PRS;3;SG,SEV,пасрѣбри́ить,2,1,1.0,0.0,1,False,0,0,False
посеребриться,V,V;PRS;3;SG,SEV,пасрѣбри́еть,2,1,0.9411764705882352,0.0,1,False,0,0,False
поскупиться,V,V;PRS;3;SG,SEV,паскупии́ть,1,1,0.9333333333333332,0.0,1,False,0,0,False
послужить,V,V;PRS;3;SG,SEV,по́служиить,0,1,1.0,0.0,1,False,0,0,False
постигнуть,V,V;PRS;3;SG,SEV,пастизну́ть,1,1,1.0,0.0,1,False,0,0,False
постичь,V,V;PRS;3;SG,SEV,пасти́ть,1,1,1.0,0.0,1,False,0,0,False
посторониться,V,V;PRS;3;SG,SEV,пастрании́ть,1,1,0.9411764705882352,0.0,1,False,0,0,False
поступиться,V,V;PRS;3;SG,SEV,паступи́ить,2,1,0.9333333333333332,0.0,1,False,0,0,False
постыдиться,V,V;PRS;3;SG,SEV,пастыди́ить,2,1,0.9333333333333332,0.0,1,False,0,0,False
посудить,V,V;PRS;3;SG,SEV,пасуди́ть,1,1,1.0,0.0,1,False,0,0,False
посулить,V,V;PRS;3;SG,SEV,пасулии́ть,1,1,1.0,0.0,1,False,0,0,False
поторопить,V,V;PRS;3;SG,SEV,по́трапить,0,1,1.0,0.0,1,False,0,0,False
потревожить,V,V;PRS;3;SG,SEV,по́трѣважиить,0,1,1.0,0.0,1,False,0,0,False
потрудиться,V,V;PRS;3;SG,SEV,патруди́еть,2,1,0.9333333333333332,0.0,1,False,0,0,False
потупиться,V,V;PRS;3;SG,SEV,патупие́ть,1,1,0.923076923076923,0.0,1,False,0,0,False
потухнуть,V,V;PRS;3;SG,SEV,патухну́ть,1,1,1.0,0.0,1,False,0,0,False
поучить,V,V;PRS;3;SG,SEV,паучи́еть,2,1,1.0,0.0,1,False,0,0,False
поучиться,V,V;PRS;3;SG,SEV,паучи́еть,2,1,0.9090909090909091,0.0,1,False,0,0,False
похитить,V,V;PRS;3;SG,SEV,пахити́еть,2,1,1.0,0.0,1,False,0,0,False
похоронить,V,V;PRS;3;SG,SEV,пахрани́ить,2,1,1.0,0.0,1,False,0,0,False
почтить,V,V;PRS;3;SG,SEV,пачтии́ть,1,1,1.0,0.0,1,False,0,0,False
пошевелить,V,V;PRS;3;SG,SEV,пашѣвѣли́ть,1,1,1.0,0.0,1,False,0,0,False
пошевелиться,V,V;PRS;3;SG,SEV,пашевели́ить,2,1,0.9411764705882352,0.0,1,False,0,0,False
пребыть,V,V;PRS;3;SG,SEV,пре́быить,0,1,1.0,0.0,1,False,0,0,False
превысить,V,V;PRS;3;SG,SEV,превысие́ть,1,1,1.0,0.0,1,False,0,0,False
предвкусить,V,V;PRS;3;SG,SEV,прѣдвкусии́ть,1,1,1.0,0.0,1,False,0,0,False
предположиться,V,V;PRS;3;SG,SEV,пре́дплажиеть,0,1,0.9473684210526316,0.0,1,False,0,0,False
прельстить,V,V;PRS;3;SG,SEV,прельсти́ть,1,1,1.0,0.0,1,False,0,0,False
преступить,V,V;PRS;3;SG,SEV,преступие́ть,1,1,1.0,0.0,1,False,0,0,False
прибавить,V,V;PRS;3;SG,SEV,прибави́еть,2,1,1.0,0.0,1,False,0,0,False
прибавиться,V,V;PRS;3;SG,SEV,прибави́ть,1,1,1.0,0.0,1,False,0,0,False
прибить,V,V;PRS;3;SG,SEV,при́биеть,0,1,1.0,0.0,1,False,0,0,False
приблизить,V,V;PRS;3;SG,SEV,приблизи́ть,1,1,1.0,0.0,1,False,0,0,False
привалить,V,V;PRS;3;SG,SEV,привали́ить,2,1,1.0,0.0,1,False,0,0,False
привалиться,V,V;PRS;3;SG,SEV,привали́ить,2,1,0.9333333333333332,0.0,1,False,0,0,False
привить,V,V;PRS;3;SG,SEV,приви́ть,1,1,1.0,0.0,1,False,0,0,False
пригладить,V,V;PRS;3;SG,SEV,призлади́ить,2,1,1.0,0.0,1,False,0,0,False
пригласиться,V,V;PRS;3;SG,SEV,призласи́ить,2,1,0.9411764705882352,0.0,1,False,0,0,False
приглушить,V,V;PRS;3;SG,SEV,призлуши́ить,2,1,1.0,0.0,1,False,0,0,False
приглянуться,V,V;PRS;3;SG,SEV,призлянуе́ть,1,1,0.9411764705882352,0.0,1,False,0,0,False
пригнуть,V,V;PRS;3;SG,SEV,при́знуить,0,1,1.0,0.0,1,False,0,0,False
пригнуться,V,V;PRS;3;SG,SEV,при́знуеть,0,1,0.923076923076923,0.0,1,False,0,0,False
пригодиться,V,V;PRS;3;SG,SEV,призади́ть,1,1,1.0,0.0,1,False,0,0,False
пригрозить,V,V;PRS;3;SG,SEV,призрази́ить,2,1,1.0,0.0,1,False,0,0,False
придавить,V,V;PRS;3;SG,SEV,придави́еть,2,1,1.0,0.0,1,False,0,0,False
придвинуть,V,V;PRS;3;SG,SEV,придвину́еть,2,1,1.0,0.0,1,False,0,0,False
придвинуться,V,V;PRS;3;SG,SEV,придвину́ть,1,1,1.0,0.0,1,False,0,0,False
придушить,V,V;PRS;3;SG,SEV,при́душиеть,0,1,1.0,0.0,1,False,0,0,False
прижиться,V,V;PRS;3;SG,SEV,прижи́ть,1,1,1.0,0.0,1,False,0,0,False
приземлиться,V,V;PRS;3;SG,SEV,приземлии́ть,1,1,0.9411764705882352,0.0,1,False,0,0,False
прикатить,V,V;PRS;3;SG,SEV,при́цатиить,0,1,1.0,0.0,1,False,0,0,False
прикинуть,V,V;PRS;3;SG,SEV,прицинуи́ть,1,1,1.0,0.0,1,False,0,0,False
прикинуться,V,V;PRS;3;SG,SEV,прицину́ть,1,1,1.0,0.0,1,False,0,0,False
приклеить,V,V;PRS;3;SG,SEV,при́цлеиить,0,1,1.0,0.0,1,False,0,0,False
приклеиться,V,V;PRS;3;SG,SEV,при́цлеиеть,0,1,0.9333333333333332,0.0,1,False,0,0,False
приключиться,V,V;PRS;3;SG,SEV,прицлючи́ить,2,1,0.9411764705882352,0.0,1,False,0,0,False
прикончить,V,V;PRS;3;SG,SEV,при́цанчиеть,0,1,1.0,0.0,1,False,0,0,False
прикоснуться,V,V;PRS;3;SG,SEV,при́цаснуть,0,1,1.0,0.0,1,False,0,0,False
прикрепить,V,V;PRS;3;SG,SEV,прицрепи́ть,1,1,1.0,0.0,1,False,0,0,False
прикрепиться,V,V;PRS;3;SG,SEV,прицрепи́еть,2,1,0.9411764705882352,0.0,1,False,0,0,False
прикрикнуть,V,V;PRS;3;SG,SEV,при́црицнуеть,0,1,1.0,0.0,1,False,0,0,False
прикрыть,V,V;PRS;3;SG,SEV,при́црыеть,0,1,1.0,0.0,1,False,0,0,False
прикрыться,V,V;PRS;3;SG,SEV,при́црыть,0,1,1.0,0.0,1,False,0,0,False
прикупить,V,V;PRS;3;SG,SEV,прицупи́ть,1,1,1.0,0.0,1,False,0,0,False
прикурить,V,V;PRS;3;SG,SEV,прицури́ть,1,1,1.0,0.0,1,False,0,0,False
прикусить,V,V;PRS;3;SG,SEV,прицусии́ть,1,1,1.0,0.0,1,False,0,0,False
прилепить,V,V;PRS;3;SG,SEV,при́лепить,0,1,1.0,0.0,1,False,0,0,False
прилепиться,V,V;PRS;3;SG,SEV,при́лепиить,0,1,0.9333333333333332,0.0,1,False,0,0,False
прилипнуть,V,V;PRS;3;SG,SEV,прилипнуи́ть,1,1,1.0,0.0,1,False,0,0,False
приложить,V,V;PRS;3;SG,SEV,при́лажить,0,1,1.0,0.0,1,False,0,0,False
приложиться,V,V;PRS;3;SG,SEV,при́лажиеть,0,1,0.9333333333333332,0.0,1,False,0,0,False
прильнуть,V,V;PRS;3;SG,SEV,при́льнуть,0,1,1.0,0.0,1,False,0,0,False
приманить,V,V;PRS;3;SG,SEV,примани́ить,2,1,1.0,0.0,1,False,0,0,False
примерить,V,V;PRS;3;SG,SEV,примѣрие́ть,1,1,1.0,0.0,1,False,0,0,False
приметить,V,V;PRS;3;SG,SEV,при́метить,0,1,1.0,0.0,1,False,0,0,False
примирить,V,V;PRS;3;SG,SEV,примирии́ть,1,1,1.0,0.0,1,False,0,0,False
примириться,V,V;PRS;3;SG,SEV,примирии́ть,1,1,0.923076923076923,0.0,1,False,0,0,False
примкнуть,V,V;PRS;3;SG,SEV,примкнуи́ть,1,1,1.0,0.0,1,False,0,0,False
примолкнуть,V,V;PRS;3;SG,SEV,прималкну́ть,1,1,1.0,0.0,1,False,0,0,False
примостить,V,V;PRS;3;SG,SEV,при́мастить,0,1,1.0,0.0,1,False,0,0,False
примоститься,V,V;PRS;3;SG,SEV,при́мастиить,0,1,0.9411764705882352,0.0,1,False,0,0,False
приникнуть,V,V;PRS;3;SG,SEV,приницну́еть,2,1,1.0,0.0,1,False,0,0,False
принудить,V,V;PRS;3;SG,SEV,при́нудить,0,1,1.0,0.0,1,False,0,0,False
принюхаться,V,V;PRS;3;SG,SEV,принюха́ть,1,1,1.0,0.0,1,False,0,0,False
приобщить,V,V;PRS;3;SG,SEV,приабщие́ть,1,1,1.0,0.0,1,False,0,0,False
приобщиться,V,V;PRS;3;SG,SEV,приабщие́ть,1,1,0.9333333333333332,0.0,1,False,0,0,False
приоткрыть,V,V;PRS;3;SG,SEV,приаткры́ть,1,1,1.0,0.0,1,False,0,0,False
приоткрыться,V,V;PRS;3;SG,SEV,приаткры́ть,1,1,1.0,0.0,1,False,0,0,False
приписать,V,V;PRS;3;SG,SEV,приписаи́ть,1,1,1.0,0.0,1,False,0,0,False
приплыть,V,V;PRS;3;SG,SEV,при́плыеть,0,1,1.0,0.0,1,False,0,0,False
припомнить,V,V;PRS;3;SG,SEV,припамни́ть,1,1,1.0,0.0,1,False,0,0,False
припухнуть,V,V;PRS;3;SG,SEV,при́пухнуить,0,1,1.0,0.0,1,False,0,0,False
приручить,V,V;PRS;3;SG,SEV,приручие́ть,1,1,1.0,0.0,1,False,0,0,False
приручиться,V,V;PRS;3;SG,SEV,приручи́ть,1,1,1.0,0.0,1,False,0,0,False
присвистнуть,V,V;PRS;3;SG,SEV,при́свистнуить,0,1,1.0,0.0,1,False,0,0,False
присвоить,V,V;PRS;3;SG,SEV,при́сваиить,0,1,1.0,0.0,1,False,0,0,False
приселить,V,V;PRS;3;SG,SEV,при́сѣлиить,0,1,1.0,0.0,1,False,0,0,False
прислонить,V,V;PRS;3;SG,SEV,прислание́ть,1,1,1.0,0.0,1,False,0,0,False
прислониться,V,V;PRS;3;SG,SEV,прислании́ть,1,1,0.9411764705882352,0.0,1,False,0,0,False
прислушаться,V,V;PRS;3;SG,SEV,прислуша́ть,1,1,1.0,0.0,1,False,0,0,False
присниться,V,V;PRS;3;SG,SEV,при́сниеть,0,1,0.923076923076923,0.0,1,False,0,0,False
приставить,V,V;PRS;3;SG,SEV,при́ставиить,0,1,1.0,0.0,1,False,0,0,False
пристрелить,V,V;PRS;3;SG,SEV,пристрѣли́ть,1,1,1.0,0.0,1,False,0,0,False
пристроить,V,V;PRS;3;SG,SEV,пристраие́ть,1,1,1.0,0.0,1,False,0,0,False
пристроиться,V,V;PRS;3;SG,SEV,пристраии́ть,1,1,0.9411764705882352,0.0,1,False,0,0,False
приступить,V,V;PRS;3;SG,SEV,приступи́ить,2,1,1.0,0.0,1,False,0,0,False
присудить,V,V;PRS;3;SG,SEV,при́судиить,0,1,1.0,0.0,1,False,0,0,False
присчитать,V,V;PRS;3;SG,SEV,при́считаеть,0,1,1.0,0.0,1,False,0,0,False
присягнуть,V,V;PRS;3;SG,SEV,присягну́ть,1,1,1.0,0.0,1,False,0,0,False
притаить,V,V;PRS;3;SG,SEV,при́таить,0,1,1.0,0.0,1,False,0,0,False
притаиться,V,V;PRS;3;SG,SEV,при́таиеть,0,1,0.923076923076923,0.0,1,False,0,0,False
притащить,V,V;PRS;3;SG,SEV,притащи́ть,1,1,1.0,0.0,1,False,0,0,False
притихнуть,V,V;PRS;3;SG,SEV,при́тиснуеть,0,1,1.0,0.0,1,False,0,0,False
притронуться,V,V;PRS;3;SG,SEV,притрануи́ть,1,1,0.9411764705882352,0.0,1,False,0,0,False
притянуть,V,V;PRS;3;SG,SEV,притяну́ить,2,1,1.0,0.0,1,False,0,0,False
приучить,V,V;PRS;3;SG,SEV,приучи́ть,1,1,1.0,0.0,1,False,0,0,False
прихватить,V,V;PRS;3;SG,SEV,присвати́ть,1,1,1.0,0.0,1,False,0,0,False
прихлебнуть,V,V;PRS;3;SG,SEV,прислебну́ть,1,1,1.0,0.0,1,False,0,0,False
прихлопнуть,V,V;PRS;3;SG,SEV,прислапну́ть,1,1,1.0,0.0,1,False,0,0,False
прицелиться,V,V;PRS;3;SG,SEV,при́цѣлиеть,0,1,0.9333333333333332,0.0,1,False,0,0,False
прицепить,V,V;PRS;3;SG,SEV,прицѣпи́ить,2,1,1.0,0.0,1,False,0,0,False
причинить,V,V;PRS;3;SG,SEV,причиние́ть,1,1,1.0,0.0,1,False,0,0,False
причислить,V,V;PRS;3;SG,SEV,при́числиеть,0,1,1.0,0.0,1,False,0,0,False
пришибить,V,V;PRS;3;SG,SEV,пришиби́еть,2,1,1.0,0.0,1,False,0,0,False
пришить,V,V;PRS;3;SG,SEV,пришии́ть,1,1,1.0,0.0,1,False,0,0,False
прищурить,V,V;PRS;3;SG,SEV,прищурие́ть,1,1,1.0,0.0,1,False,0,0,False
прищуриться,V,V;PRS;3;SG,SEV,прищурии́ть,1,1,0.9333333333333332,0.0,1,False,0,0,False
приютить,V,V;PRS;3;SG,SEV,приютие́ть,1,1,1.0,0.0,1,False,0,0,False
пробить,V,V;PRS;3;SG,SEV,про́биить,0,1,1.0,0.0,1,False,0,0,False
пробиться,V,V;PRS;3;SG,SEV,про́бить,0,1,1.0,0.0,1,False,0,0,False
пробубнить,V,V;PRS;3;SG,SEV,прабубни́ть,1,1,1.0,0.0,1,False,0,0,False
пробудить,V,V;PRS;3;SG,SEV,про́будить,0,1,1.0,0.0,1,False,0,0,False
пробудиться,V,V;PRS;3;SG,SEV,про́будиить,0,1,0.9333333333333332,0.0,1,False,0,0,False
провиниться,V,V;PRS;3;SG,SEV,про́виниеть,0,1,0.9333333333333332,0.0,1,False,0,0,False
проговорить,V,V;PRS;3;SG,SEV,про́гавариеть,0,1,1.0,0.0,1,False,0,0,False
проговориться,V,V;PRS;3;SG,SEV,про́гавариить,0,1,0.9473684210526316,0.0,1,False,0,0,False
продвинуть,V,V;PRS;3;SG,SEV,прадвину́ть,1,1,1.0,0.0,1,False,0,0,False
продвинуться,V,V;PRS;3;SG,SEV,прадвинуе́ть,1,1,0.9411764705882352,0.0,1,False,0,0,False
продлить,V,V;PRS;3;SG,SEV,прадли́ить,2,1,1.0,0.0,1,False,0,0,False
произрасти,V,V;PRS;3;SG,SEV,про́израсть,0,1,1.0,0.0,1,False,0,0,False
прокиснуть,V,V;PRS;3;SG,SEV,пракисну́ить,2,1,1.0,0.0,1,False,0,0,False
прокрутить,V,V;PRS;3;SG,SEV,пракрути́ить,2,1,1.0,0.0,1,False,0,0,False
прокурить,V,V;PRS;3;SG,SEV,пракури́ить,2,1,1.0,0.0,1,False,0,0,False
пролить,V,V;PRS;3;SG,SEV,прали́еть,2,1,1.0,0.0,1,False,0,0,False
пролиться,V,V;PRS;3;SG,SEV,прали́еть,2,1,0.9090909090909091,0.0,1,False,0,0,False
промыслить,V,V;PRS;3;SG,SEV,прамысли́ть,1,1,1.0,0.0,1,False,0,0,False
промыть,V,V;PRS;3;SG,SEV,прамы́ть,1,1,1.0,0.0,1,False,0,0,False
пронзить,V,V;PRS;3;SG,SEV,пранзие́ть,1,1,1.0,0.0,1,False,0,0,False
проникнуться,V,V;PRS;3;SG,SEV,праницну́еть,2,1,0.9411764705882352,0.0,1,False,0,0,False
пропить,V,V;PRS;3;SG,SEV,про́пиить,0,1,1.0,0.0,1,False,0,0,False
проплыть,V,V;PRS;3;SG,SEV,праплы́ть,1,1,1.0,0.0,1,False,0,0,False
прорубить,V,V;PRS;3;SG,SEV,праруби́ть,1,1,1.0,0.0,1,False,0,0,False
прорыть,V,V;PRS;3;SG,SEV,прары́еть,2,1,1.0,0.0,1,False,0,0,False
прослужить,V,V;PRS;3;SG,SEV,праслужи́ть,1,1,1.0,0.0,1,False,0,0,False
прослыть,V,V;PRS;3;SG,SEV,праслы́ить,2,1,1.0,0.0,1,False,0,0,False
простить,V,V;PRS;3;SG,SEV,прастие́ть,1,1,1.0,0.0,1,False,0,0,False
проститься,V,V;PRS;3;SG,SEV,прастии́ть,1,1,0.923076923076923,0.0,1,False,0,0,False
простудить,V,V;PRS;3;SG,SEV,прастудии́ть,1,1,1.0,0.0,1,False,0,0,False
простудиться,V,V;PRS;3;SG,SEV,прастудие́ть,1,1,0.9411764705882352,0.0,1,False,0,0,False
проступить,V,V;PRS;3;SG,SEV,праступии́ть,1,1,1.0,0.0,1,False,0,0,False
простынуть,V,V;PRS;3;SG,SEV,про́стынуить,0,1,1.0,0.0,1,False,0,0,False
просунуть,V,V;PRS;3;SG,SEV,прасуну́еть,2,1,1.0,0.0,1,False,0,0,False
протиснуть,V,V;PRS;3;SG,SEV,пратисну́еть,2,1,1.0,0.0,1,False,0,0,False
протиснуться,V,V;PRS;3;SG,SEV,пратисну́еть,2,1,0.9411764705882352,0.0,1,False,0,0,False
проткнуть,V,V;PRS;3;SG,SEV,праткну́ть,1,1,1.0,0.0,1,False,0,0,False
проучить,V,V;PRS;3;SG,SEV,про́учиеть,0,1,1.0,0.0,1,False,0,0,False
прошибить,V,V;PRS;3;SG,SEV,прашиби́еть,2,1,1.0,0.0,1,False,0,0,False
прошить,V,V;PRS;3;SG,SEV,прашие́ть,1,1,1.0,0.0,1,False,0,0,False
прыснуть,V,V;PRS;3;SG,SEV,пры́снуить,0,1,1.0,0.0,1,False,0,0,False
пугнуть,V,V;PRS;3;SG,SEV,пугну́еть,2,1,1.0,0.0,1,False,0,0,False
пукнуть,V,V;PRS;3;SG,SEV,пукну́ить,2,1,1.0,0.0,1,False,0,0,False
пустить,V,V;PRS;3;SG,SEV,пу́стиить,0,1,1.0,0.0,1,False,0,0,False
пуститься,V,V;PRS;3;SG,SEV,пу́стиеть,0,1,0.9090909090909091,0.0,1,False,0,0,False
разбавить,V,V;PRS;3;SG,SEV,ра́збавиить,0,1,1.0,0.0,1,False,0,0,False
разбомбить,V,V;PRS;3;SG,SEV,ра́збамбиеть,0,1,1.0,0.0,1,False,0,0,False
разбудить,V,V;PRS;3;SG,SEV,разбудие́ть,1,1,1.0,0.0,1,False,0,0,False
разбухнуть,V,V;PRS;3;SG,SEV,ра́збухнуть,0,1,1.0,0.0,1,False,0,0,False
развалить,V,V;PRS;3;SG,SEV,развалии́ть,1,1,1.0,0.0,1,False,0,0,False
развалиться,V,V;PRS;3;SG,SEV,развалии́ть,1,1,0.9333333333333332,0.0,1,False,0,0,False
развернуться,V,V;PRS;3;SG,SEV,ра́звернуеть,0,1,0.9411764705882352,0.0,1,False,0,0,False
развеселить,V,V;PRS;3;SG,SEV,развесели́ить,2,1,1.0,0.0,1,False,0,0,False
развеселиться,V,V;PRS;3;SG,SEV,развѣсѣли́ть,1,1,1.0,0.0,1,False,0,0,False
развесить,V,V;PRS;3;SG,SEV,ра́звесить,0,1,1.0,0.0,1,False,0,0,False
разветвиться,V,V;PRS;3;SG,SEV,разветви́еть,2,1,0.9411764705882352,0.0,1,False,0,0,False
развлечь,V,V;PRS;3;SG,SEV,развле́ить,2,1,1.0,0.0,1,False,0,0,False
разворотить,V,V;PRS;3;SG,SEV,разврати́ть,1,1,1.0,0.0,1,False,0,0,False
развратить,V,V;PRS;3;SG,SEV,ра́звратиеть,0,1,1.0,0.0,1,False,0,0,False
разговорить,V,V;PRS;3;SG,SEV,разгавари́ть,1,1,1.0,0.0,1,False,0,0,False
разговориться,V,V;PRS;3;SG,SEV,разгавари́ть,1,1,1.0,0.0,1,False,0,0,False
разграбить,V,V;PRS;3;SG,SEV,разграби́ть,1,1,1.0,0.0,1,False,0,0,False
разгромить,V,V;PRS;3;SG,SEV,ра́зграмиить,0,1,1.0,0.0,1,False,0,0,False
разгрузить,V,V;PRS;3;SG,SEV,ра́згрузить,0,1,1.0,0.0,1,False,0,0,False
раздавить,V,V;PRS;3;SG,SEV,ра́здавить,0,1,1.0,0.0,1,False,0,0,False
раздвинуть,V,V;PRS;3;SG,SEV,раздвинуи́ть,1,1,1.0,0.0,1,False,0,0,False
раздвинуться,V,V;PRS;3;SG,SEV,раздвинуе́ть,1,1,0.9411764705882352,0.0,1,False,0,0,False
раздвоить,V,V;PRS;3;SG,SEV,раздваие́ть,1,1,1.0,0.0,1,False,0,0,False
разделиться,V,V;PRS;3;SG,SEV,ра́зделить,0,1,1.0,0.0,1,False,0,0,False
раздеться,V,V;PRS;3;SG,SEV,раздее́ть,1,1,0.9090909090909091,0.0,1,False,0,0,False
раздобыть,V,V;PRS;3;SG,SEV,раздабы́ть,1,1,1.0,0.0,1,False,0,0,False
раздражиться,V,V;PRS;3;SG,SEV,раздражи́ть,1,1,1.0,0.0,1,False,0,0,False
раздразнить,V,V;PRS;3;SG,SEV,раздразни́ить,2,1,1.0,0.0,1,False,0,0,False
раздробить,V,V;PRS;3;SG,SEV,ра́здрабиить,0,1,1.0,0.0,1,False,0,0,False
разжечь,V,V;PRS;3;SG,SEV,разже́ть,1,1,1.0,0.0,1,False,0,0,False
разинуть,V,V;PRS;3;SG,SEV,разинуе́ть,1,1,1.0,0.0,1,False,0,0,False
различить,V,V;PRS;3;SG,SEV,ра́зличиеть,0,1,1.0,0.0,1,False,0,0,False
различиться,V,V;PRS;3;SG,SEV,ра́зличиеть,0,1,0.9333333333333332,0.0,1,False,0,0,False
разложиться,V,V;PRS;3;SG,SEV,разлажие́ть,1,1,0.9333333333333332,0.0,1,False,0,0,False
разлучить,V,V;PRS;3;SG,SEV,ра́злучиить,0,1,1.0,0.0,1,False,0,0,False
разлюбить,V,V;PRS;3;SG,SEV,ра́злюбить,0,1,1.0,0.0,1,False,0,0,False
размахнуть,V,V;PRS;3;SG,SEV,размахну́ть,1,1,1.0,0.0,1,False,0,0,False
размахнуться,V,V;PRS;3;SG,SEV,размахнуи́ть,1,1,0.9411764705882352,0.0,1,False,0,0,False
размерить,V,V;PRS;3;SG,SEV,размери́ить,2,1,1.0,0.0,1,False,0,0,False
разместить,V,V;PRS;3;SG,SEV,размести́ить,2,1,1.0,0.0,1,False,0,0,False
разместиться,V,V;PRS;3;SG,SEV,размести́еть,2,1,0.9411764705882352,0.0,1,False,0,0,False
разморозить,V,V;PRS;3;SG,SEV,размразии́ть,1,1,1.0,0.0,1,False,0,0,False
размыслить,V,V;PRS;3;SG,SEV,размыслие́ть,1,1,1.0,0.0,1,False,0,0,False
размякнуть,V,V;PRS;3;SG,SEV,размякну́ть,1,1,1.0,0.0,1,False,0,0,False
разозлиться,V,V;PRS;3;SG,SEV,ра́зазлить,0,1,1.0,0.0,1,False,0,0,False
разорить,V,V;PRS;3;SG,SEV,разари́ить,2,1,1.0,0.0,1,False,0,0,False
разориться,V,V;PRS;3;SG,SEV,разари́еть,2,1,0.923076923076923,0.0,1,False,0,0,False
разразиться,V,V;PRS;3;SG,SEV,ра́зразить,0,1,1.0,0.0,1,False,0,0,False
разрешиться,V,V;PRS;3;SG,SEV,разрешие́ть,1,1,0.9333333333333332,0.0,1,False,0,0,False
разрисовать,V,V;PRS;3;SG,SEV,разрисавае́ть,1,1,1.0,0.0,1,False,0,0,False
разрознить,V,V;PRS;3;SG,SEV,разразни́еть,2,1,1.0,0.0,1,False,0,0,False
разрубить,V,V;PRS;3;SG,SEV,ра́зрубиить,0,1,1.0,0.0,1,False,0,0,False
разрушиться,V,V;PRS;3;SG,SEV,ра́зрушиеть,0,1,0.9333333333333332,0.0,1,False,0,0,False
разучить,V,V;PRS;3;SG,SEV,разучи́ть,1,1,1.0,0.0,1,False,0,0,False
разучиться,V,V;PRS;3;SG,SEV,разучи́ть,1,1,1.0,0.0,1,False,0,0,False
разъярить,V,V;PRS;3;SG,SEV,ра́зъярить,0,1,1.0,0.0,1,False,0,0,False
раскалить,V,V;PRS;3;SG,SEV,ра́скалить,0,1,1.0,0.0,1,False,0,0,False
раскатить,V,V;PRS;3;SG,SEV,ра́скатиить,0,1,1.0,0.0,1,False,0,0,False
раскинуть,V,V;PRS;3;SG,SEV,раскину́ить,2,1,1.0,0.0,1,False,0,0,False
раскинуться,V,V;PRS;3;SG,SEV,раскину́ть,1,1,1.0,0.0,1,False,0,0,False
раскиснуть,V,V;PRS;3;SG,SEV,раскисну́еть,2,1,1.0,0.0,1,False,0,0,False
раскрасить,V,V;PRS;3;SG,SEV,раскраси́ть,1,1,1.0,0.0,1,False,0,0,False
раскроить,V,V;PRS;3;SG,SEV,раскраи́ть,1,1,1.0,0.0,1,False,0,0,False
раскрутить,V,V;PRS;3;SG,SEV,ра́скрутиить,0,1,1.0,0.0,1,False,0,0,False
раскусить,V,V;PRS;3;SG,SEV,ра́скусить,0,1,1.0,0.0,1,False,0,0,False
распарить,V,V;PRS;3;SG,SEV,ра́спариить,0,1,1.0,0.0,1,False,0,0,False
распахнуть,V,V;PRS;3;SG,SEV,распахну́ить,2,1,1.0,0.0,1,False,0,0,False
распахнуться,V,V;PRS;3;SG,SEV,распахну́ить,2,1,0.9411764705882352,0.0,1,False,0,0,False
распеть,V,V;PRS;3;SG,SEV,распѣ́ть,1,1,1.0,0.0,1,False,0,0,False
расплавить,V,V;PRS;3;SG,SEV,ра́сплавить,0,1,1.0,0.0,1,False,0,0,False
расплатиться,V,V;PRS;3;SG,SEV,ра́сплатить,0,1,1.0,0.0,1,False,0,0,False
расплющить,V,V;PRS;3;SG,SEV,расплющие́ть,1,1,1.0,0.0,1,False,0,0,False
расположить,V,V;PRS;3;SG,SEV,расплажии́ть,1,1,1.0,0.0,1,False,0,0,False
расправить,V,V;PRS;3;SG,SEV,ра́справиеть,0,1,1.0,0.0,1,False,0,0,False
расправиться,V,V;PRS;3;SG,SEV,ра́справиить,0,1,0.9411764705882352,0.0,1,False,0,0,False
распределиться,V,V;PRS;3;SG,SEV,распредели́ить,2,1,0.9523809523809522,0.0,1,False,0,0,False
распрямить,V,V;PRS;3;SG,SEV,ра́спрямить,0,1,1.0,0.0,1,False,0,0,False
распрямиться,V,V;PRS;3;SG,SEV,ра́спрямиеть,0,1,0.9411764705882352,0.0,1,False,0,0,False
распустить,V,V;PRS;3;SG,SEV,распусти́ить,2,1,1.0,0.0,1,False,0,0,False
распуститься,V,V;PRS;3;SG,SEV,распусти́ить,2,1,0.9411764705882352,0.0,1,False,0,0,False
распухнуть,V,V;PRS;3;SG,SEV,ра́спухнуеть,0,1,1.0,0.0,1,False,0,0,False
рассадить,V,V;PRS;3;SG,SEV,рассади́ить,2,1,1.0,0.0,1,False,0,0,False
расселить,V,V;PRS;3;SG,SEV,ра́ссѣлить,0,1,1.0,0.0,1,False,0,0,False
расселиться,V,V;PRS;3;SG,SEV,ра́сселить,0,1,1.0,0.0,1,False,0,0,False
рассердить,V,V;PRS;3;SG,SEV,ра́ссердиеть,0,1,1.0,0.0,1,False,0,0,False
рассечь,V,V;PRS;3;SG,SEV,рассе́ть,1,1,1.0,0.0,1,False,0,0,False
расслабить,V,V;PRS;3;SG,SEV,ра́сслабить,0,1,1.0,0.0,1,False,0,0,False
расслабиться,V,V;PRS;3;SG,SEV,ра́сслабиить,0,1,0.9411764705882352,0.0,1,False,0,0,False
расспросить,V,V;PRS;3;SG,SEV,ра́сспрасиеть,0,1,1.0,0.0,1,False,0,0,False
расставить,V,V;PRS;3;SG,SEV,расставии́ть,1,1,1.0,0.0,1,False,0,0,False
расстегнуть,V,V;PRS;3;SG,SEV,расстегнуе́ть,1,1,1.0,0.0,1,False,0,0,False
расстелить,V,V;PRS;3;SG,SEV,расстѣли́ить,2,1,1.0,0.0,1,False,0,0,False
расстелиться,V,V;PRS;3;SG,SEV,расстели́ть,1,1,1.0,0.0,1,False,0,0,False
расстроить,V,V;PRS;3;SG,SEV,расстраи́ить,2,1,1.0,0.0,1,False,0,0,False
расстроиться,V,V;PRS;3;SG,SEV,расстраи́ть,1,1,1.0,0.0,1,False,0,0,False
расступиться,V,V;PRS;3;SG,SEV,ра́сступиить,0,1,0.9411764705882352,0.0,1,False,0,0,False
рассудить,V,V;PRS;3;SG,SEV,рассудии́ть,1,1,1.0,0.0,1,False,0,0,False
растащить,V,V;PRS;3;SG,SEV,растащи́еть,2,1,1.0,0.0,1,False,0,0,False
раствориться,V,V;PRS;3;SG,SEV,ра́стварить,0,1,1.0,0.0,1,False,0,0,False
растопить,V,V;PRS;3;SG,SEV,растапие́ть,1,1,1.0,0.0,1,False,0,0,False
расторгнуть,V,V;PRS;3;SG,SEV,растаргнуи́ть,1,1,1.0,0.0,1,False,0,0,False
растревожить,V,V;PRS;3;SG,SEV,растрѣважи́ть,1,1,1.0,0.0,1,False,0,0,False
растянуть,V,V;PRS;3;SG,SEV,ра́стянуть,0,1,1.0,0.0,1,False,0,0,False
растянуться,V,V;PRS;3;SG,SEV,ра́стянуить,0,1,0.9333333333333332,0.0,1,False,0,0,False
расчистить,V,V;PRS;3;SG,SEV,ра́счистить,0,1,1.0,0.0,1,False,0,0,False
расшириться,V,V;PRS;3;SG,SEV,расшири́ть,1,1,1.0,0.0,1,False,0,0,False
расшифровать,V,V;PRS;3;SG,SEV,расшифрава́ить,2,1,1.0,0.0,1,False,0,0,False
рехнуться,V,V;PRS;3;SG,SEV,ре́хнуть,0,1,1.0,0.0,1,False,0,0,False
решиться,V,V;PRS;3;SG,SEV,ре́шиить,0,1,0.8888888888888888,0.0,1,False,0,0,False
ринуть,V,V;PRS;3;SG,SEV,рину́еть,2,1,1.0,0.0,1,False,0,0,False
ринуться,V,V;PRS;3;SG,SEV,рину́еть,2,1,0.8888888888888888,0.0,1,False,0,0,False
рухнуть,V,V;PRS;3;SG,SEV,ру́хнуть,0,1,1.0,0.0,1,False,0,0,False
сагитировать,V,V;PRS;3;SG,SEV,сагитирава́ть,1,1,1.0,0.0,1,False,0,0,False
садануть,V,V;PRS;3;SG,SEV,садануе́ть,1,1,1.0,0.0,1,False,0,0,False
сблизить,V,V;PRS;3;SG,SEV,сбли́зить,0,1,1.0,0.0,1,False,0,0,False
сблизиться,V,V;PRS;3;SG,SEV,сбли́зиеть,0,1,0.923076923076923,0.0,1,False,0,0,False
сболтнуть,V,V;PRS;3;SG,SEV,сбалтну́ть,1,1,1.0,0.0,1,False,0,0,False
сбросить,V,V;PRS;3;SG,SEV,сбраси́ть,1,1,1.0,0.0,1,False,0,0,False
свергнуть,V,V;PRS;3;SG,SEV,свергну́ть,1,1,1.0,0.0,1,False,0,0,False
сверить,V,V;PRS;3;SG,SEV,свери́ить,2,1,1.0,0.0,1,False,0,0,False
свернуться,V,V;PRS;3;SG,SEV,све́рнуеть,0,1,0.923076923076923,0.0,1,False,0,0,False
свершиться,V,V;PRS;3;SG,SEV,свершие́ть,1,1,0.923076923076923,0.0,1,False,0,0,False
свесить,V,V;PRS;3;SG,SEV,све́сить,0,1,1.0,0.0,1,False,0,0,False
свеситься,V,V;PRS;3;SG,SEV,све́сиеть,0,1,0.9090909090909091,0.0,1,False,0,0,False
свиснуть,V,V;PRS;3;SG,SEV,сви́снуить,0,1,1.0,0.0,1,False,0,0,False
свистнуть,V,V;PRS;3;SG,SEV,свистну́ить,2,1,1.0,0.0,1,False,0,0,False
свихнуть,V,V;PRS;3;SG,SEV,сви́снуть,0,1,1.0,0.0,1,False,0,0,False
свихнуться,V,V;PRS;3;SG,SEV,сви́снуеть,0,1,0.923076923076923,0.0,1,False,0,0,False
сгинуть,V,V;PRS;3;SG,SEV,сги́нуить,0,1,1.0,0.0,1,False,0,0,False
сглотнуть,V,V;PRS;3;SG,SEV,сглатнуи́ть,1,1,1.0,0.0,1,False,0,0,False
сгодиться,V,V;PRS;3;SG,SEV,сгадии́ть,1,1,0.9090909090909091,0.0,1,False,0,0,False
сгорбить,V,V;PRS;3;SG,SEV,сго́рбиеть,0,1,1.0,0.0,1,False,0,0,False
сгорбиться,V,V;PRS;3;SG,SEV,сго́рбить,0,1,1.0,0.0,1,False,0,0,False
сгрудиться,V,V;PRS;3;SG,SEV,сгруди́ить,2,1,0.923076923076923,0.0,1,False,0,0,False
сгрузить,V,V;PRS;3;SG,SEV,сгрузи́ть,1,1,1.0,0.0,1,False,0,0,False
сгубить,V,V;PRS;3;SG,SEV,сгу́бить,0,1,1.0,0.0,1,False,0,0,False
сгустить,V,V;PRS;3;SG,SEV,сгу́стиить,0,1,1.0,0.0,1,False,0,0,False
сгуститься,V,V;PRS;3;SG,SEV,сгу́стить,0,1,1.0,0.0,1,False,0,0,False
сдвинуть,V,V;PRS;3;SG,SEV,сдви́нуить,0,1,1.0,0.0,1,False,0,0,False
сдвинуться,V,V;PRS;3;SG,SEV,сдви́нуить,0,1,0.923076923076923,0.0,1,False,0,0,False
сдёрнуть,V,V;PRS;3;SG,SEV,сдё́рнуить,0,1,1.0,0.0,1,False,0,0,False
сдохнуть,V,V;PRS;3;SG,SEV,сдо́хнуть,0,1,1.0,0.0,1,False,0,0,False
скинуть,V,V;PRS;3;SG,SEV,ски́нуить,0,1,1.0,0.0,1,False,0,0,False
склеить,V,V;PRS;3;SG,SEV,склеи́еть,2,1,1.0,0.0,1,False,0,0,False
склонить,V,V;PRS;3;SG,SEV,склани́ить,2,1,1.0,0.0,1,False,0,0,False
склониться,V,V;PRS;3;SG,SEV,склани́ть,1,1,1.0,0.0,1,False,0,0,False
скользнуть,V,V;PRS;3;SG,SEV,ско́льзнуеть,0,1,1.0,0.0,1,False,0,0,False
сконфузиться,V,V;PRS;3;SG,SEV,сканфузи́еть,2,1,0.9411764705882352,0.0,1,False,0,0,False
скопиться,V,V;PRS;3;SG,SEV,скапие́ть,1,1,0.9090909090909091,0.0,1,False,0,0,False
скорчить,V,V;PRS;3;SG,SEV,скарчие́ть,1,1,1.0,0.0,1,False,0,0,False
скорчиться,V,V;PRS;3;SG,SEV,скарчи́ть,1,1,1.0,0.0,1,False,0,0,False
скрепить,V,V;PRS;3;SG,SEV,скре́пиеть,0,1,1.0,0.0,1,False,0,0,False
скрестить,V,V;PRS;3;SG,SEV,скрѣсти́ить,2,1,1.0,0.0,1,False,0,0,False
скривить,V,V;PRS;3;SG,SEV,скриви́ить,2,1,1.0,0.0,1,False,0,0,False
скривиться,V,V;PRS;3;SG,SEV,скриви́еть,2,1,0.923076923076923,0.0,1,False,0,0,False
скрипнуть,V,V;PRS;3;SG,SEV,скрипну́ть,1,1,1.0,0.0,1,False,0,0,False
скроить,V,V;PRS;3;SG,SEV,скраи́ить,2,1,1.0,0.0,1,False,0,0,False
скрутить,V,V;PRS;3;SG,SEV,скрути́ть,1,1,1.0,0.0,1,False,0,0,False
скрючить,V,V;PRS;3;SG,SEV,скрючие́ть,1,1,1.0,0.0,1,False,0,0,False
скупить,V,V;PRS;3;SG,SEV,ску́пиеть,0,1,1.0,0.0,1,False,0,0,False
слипнуться,V,V;PRS;3;SG,SEV,сли́пнуить,0,1,0.923076923076923,0.0,1,False,0,0,False
сложить,V,V;PRS;3;SG,SEV,слажии́ть,1,1,1.0,0.0,1,False,0,0,False
сломить,V,V;PRS;3;SG,SEV,слами́еть,2,1,1.0,0.0,1,False,0,0,False
слупить,V,V;PRS;3;SG,SEV,слу́пиить,0,1,1.0,0.0,1,False,0,0,False
смекнуть,V,V;PRS;3;SG,SEV,смекну́ить,2,1,1.0,0.0,1,False,0,0,False
сменить,V,V;PRS;3;SG,SEV,сме́ниить,0,1,1.0,0.0,1,False,0,0,False
смениться,V,V;PRS;3;SG,SEV,сме́ниить,0,1,0.9090909090909091,0.0,1,False,0,0,False
смерить,V,V;PRS;3;SG,SEV,смери́еть,2,1,1.0,0.0,1,False,0,0,False
сместить,V,V;PRS;3;SG,SEV,смести́ть,1,1,1.0,0.0,1,False,0,0,False
сместиться,V,V;PRS;3;SG,SEV,смѣстие́ть,1,1,0.923076923076923,0.0,1,False,0,0,False
смирить,V,V;PRS;3;SG,SEV,смири́ть,1,1,1.0,0.0,1,False,0,0,False
смолкнуть,V,V;PRS;3;SG,SEV,смалкнуе́ть,1,1,1.0,0.0,1,False,0,0,False
сморщить,V,V;PRS;3;SG,SEV,смарщие́ть,1,1,1.0,0.0,1,False,0,0,False
сморщиться,V,V;PRS;3;SG,SEV,смарщи́ть,1,1,1.0,0.0,1,False,0,0,False
смочить,V,V;PRS;3;SG,SEV,смачие́ть,1,1,1.0,0.0,1,False,0,0,False
смудрить,V,V;PRS;3;SG,SEV,сму́дриить,0,1,1.0,0.0,1,False,0,0,False
смутить,V,V;PRS;3;SG,SEV,сму́тить,0,1,1.0,0.0,1,False,0,0,False
смутиться,V,V;PRS;3;SG,SEV,сму́тиеть,0,1,0.9090909090909091,0.0,1,False,0,0,False
снизить,V,V;PRS;3;SG,SEV,сни́зить,0,1,1.0,0.0,1,False,0,0,False
сникнуть,V,V;PRS;3;SG,SEV,сни́цнуить,0,1,1.0,0.0,1,False,0,0,False
согнуть,V,V;PRS;3;SG,SEV,сагну́ить,2,1,1.0,0.0,1,False,0,0,False
сокрушить,V,V;PRS;3;SG,SEV,сакруши́ить,2,1,1.0,0.0,1,False,0,0,False
сомкнуть,V,V;PRS;3;SG,SEV,со́мкнуеть,0,1,1.0,0.0,1,False,0,0,False
сомкнуться,V,V;PRS;3;SG,SEV,со́мкнуить,0,1,0.923076923076923,0.0,1,False,0,0,False
соскучиться,V,V;PRS;3;SG,SEV,саскучи́ть,1,1,1.0,0.0,1,False,0,0,False
сострить,V,V;PRS;3;SG,SEV,со́стрить,0,1,1.0,0.0,1,False,0,0,False
сочинить,V,V;PRS;3;SG,SEV,сачинии́ть,1,1,1.0,0.0,1,False,0,0,False
сощуриться,V,V;PRS;3;SG,SEV,сащурие́ть,1,1,0.923076923076923,0.0,1,False,0,0,False
спешиться,V,V;PRS;3;SG,SEV,спе́шить,0,1,1.0,0.0,1,False,0,0,False
спиздить,V,V;PRS;3;SG,SEV,спи́здиеть,0,1,1.0,0.0,1,False,0,0,False
спихнуть,V,V;PRS;3;SG,SEV,списнуи́ть,1,1,1.0,0.0,1,False,0,0,False
сплотить,V,V;PRS;3;SG,SEV,сплатие́ть,1,1,1.0,0.0,1,False,0,0,False
сплюнуть,V,V;PRS;3;SG,SEV,сплю́нуеть,0,1,1.0,0.0,1,False,0,0,False
сплющить,V,V;PRS;3;SG,SEV,сплющии́ть,1,1,1.0,0.0,1,False,0,0,False
споткнуться,V,V;PRS;3;SG,SEV,спаткну́ить,2,1,0.9333333333333332,0.0,1,False,0,0,False
спросить,V,V;PRS;3;SG,SEV,спрасие́ть,1,1,1.0,0.0,1,False,0,0,False
спроситься,V,V;PRS;3;SG,SEV,спрасии́ть,1,1,0.923076923076923,0.0,1,False,0,0,False
спрыгнуть,V,V;PRS;3;SG,SEV,спрыгну́ть,1,1,1.0,0.0,1,False,0,0,False
спугнуть,V,V;PRS;3;SG,SEV,спугнуе́ть,1,1,1.0,0.0,1,False,0,0,False
спуститься,V,V;PRS;3;SG,SEV,спу́стить,0,1,1.0,0.0,1,False,0,0,False
сроднить,V,V;PRS;3;SG,SEV,срадни́ить,2,1,1.0,0.0,1,False,0,0,False
срубить,V,V;PRS;3;SG,SEV,сру́биеть,0,1,1.0,0.0,1,False,0,0,False
ссудить,V,V;PRS;3;SG,SEV,ссу́дить,0,1,1.0,0.0,1,False,0,0,False
ссутулить,V,V;PRS;3;SG,SEV,ссутули́еть,2,1,1.0,0.0,1,False,0,0,False
ссутулиться,V,V;PRS;3;SG,SEV,ссутули́ить,2,1,0.9333333333333332,0.0,1,False,0,0,False
стеснить,V,V;PRS;3;SG,SEV,сте́снить,0,1,1.0,0.0,1,False,0,0,False
стесниться,V,V;PRS;3;SG,SEV,сте́сниеть,0,1,0.923076923076923,0.0,1,False,0,0,False
стиснуть,V,V;PRS;3;SG,SEV,стисну́ить,2,1,1.0,0.0,1,False,0,0,False
стихнуть,V,V;PRS;3;SG,SEV,стисну́ть,1,1,1.0,0.0,1,False,0,0,False
столкнуть,V,V;PRS;3;SG,SEV,сталкну́ть,1,1,1.0,0.0,1,False,0,0,False
столпиться,V,V;PRS;3;SG,SEV,сталпии́ть,1,1,0.923076923076923,0.0,1,False,0,0,False
стопить,V,V;PRS;3;SG,SEV,стапи́ить,2,1,1.0,0.0,1,False,0,0,False
стрельнуть,V,V;PRS;3;SG,SEV,стрельну́ть,1,1,1.0,0.0,1,False,0,0,False
стукнуть,V,V;PRS;3;SG,SEV,стукну́ть,1,1,1.0,0.0,1,False,0,0,False
стукнуться,V,V;PRS;3;SG,SEV,стукну́ть,1,1,1.0,0.0,1,False,0,0,False
стырить,V,V;PRS;3;SG,SEV,сты́риить,0,1,1.0,0.0,1,False,0,0,False
суетиться,V,V;PRS;3;SG,SEV,суѣти́еть,2,1,0.9090909090909091,0.0,1,False,0,0,False
сузить,V,V;PRS;3;SG,SEV,сузие́ть,1,1,1.0,0.0,1,False,0,0,False
сузиться,V,V;PRS;3;SG,SEV,сузи́ть,1,1,1.0,0.0,1,False,0,0,False
сунуть,V,V;PRS;3;SG,SEV,су́нуить,0,1,1.0,0.0,1,False,0,0,False
сунуться,V,V;PRS;3;SG,SEV,су́нуить,0,1,0.8888888888888888,0.0,1,False,0,0,False
схитрить,V,V;PRS;3;SG,SEV,схитри́ить,2,1,1.0,0.0,1,False,0,0,False
сцепить,V,V;PRS;3;SG,SEV,сцѣпи́еть,2,1,1.0,0.0,1,False,0,0,False
сцепиться,V,V;PRS;3;SG,SEV,сцѣпи́еть,2,1,0.9090909090909091,0.0,1,False,0,0,False
сшибить,V,V;PRS;3;SG,SEV,сши́бить,0,1,1.0,0.0,1,False,0,0,False
съёжиться,V,V;PRS;3;SG,SEV,съёжии́ть,1,1,0.8888888888888888,0.0,1,False,0,0,False
сэкономить,V,V;PRS;3;SG,SEV,сэканами́ть,1,1,1.0,0.0,1,False,0,0,False
тесниться,V,V;PRS;3;SG,SEV,те́сниеть,0,1,0.9090909090909091,0.0,1,False,0,0,False
тиснуть,V,V;PRS;3;SG,SEV,тиснуе́ть,1,1,1.0,0.0,1,False,0,0,False
толкнуться,V,V;PRS;3;SG,SEV,то́лкнуеть,0,1,0.923076923076923,0.0,1,False,0,0,False
топнуть,V,V;PRS;3;SG,SEV,то́пнуть,0,1,1.0,0.0,1,False,0,0,False
треснуть,V,V;PRS;3;SG,SEV,тресну́ть,1,1,1.0,0.0,1,False,0,0,False
убавить,V,V;PRS;3;SG,SEV,убави́еть,2,1,1.0,0.0,1,False,0,0,False
убедиться,V,V;PRS;3;SG,SEV,убеди́еть,2,1,0.9090909090909091,0.0,1,False,0,0,False
убиться,V,V;PRS;3;SG,SEV,уби́ить,2,1,0.8571428571428572,0.0,1,False,0,0,False
убыть,V,V;PRS;3;SG,SEV,убы́ить,2,1,1.0,0.0,1,False,0,0,False
уверить,V,V;PRS;3;SG,SEV,уверие́ть,1,1,1.0,0.0,1,False,0,0,False
увернуться,V,V;PRS;3;SG,SEV,увернуи́ть,1,1,0.923076923076923,0.0,1,False,0,0,False
увиться,V,V;PRS;3;SG,SEV,у́вить,0,1,1.0,0.0,1,False,0,0,False
увить,V,V;PRS;3;SG,SEV,у́виить,0,1,1.0,0.0,1,False,0,0,False
уволиться,V,V;PRS;3;SG,SEV,увалии́ть,1,1,0.9090909090909091,0.0,1,False,0,0,False
удалиться,V,V;PRS;3;SG,SEV,удали́ить,2,1,0.9090909090909091,0.0,1,False,0,0,False
удариться,V,V;PRS;3;SG,SEV,удари́еть,2,1,0.9090909090909091,0.0,1,False,0,0,False
удвоить,V,V;PRS;3;SG,SEV,удваи́еть,2,1,1.0,0.0,1,False,0,0,False
уделиться,V,V;PRS;3;SG,SEV,у́делить,0,1,1.0,0.0,1,False,0,0,False
уделить,V,V;PRS;3;SG,SEV,у́дѣлить,0,1,1.0,0.0,1,False,0,0,False
удивиться,V,V;PRS;3;SG,SEV,удивие́ть,1,1,0.9090909090909091,0.0,1,False,0,0,False
удлинить,V,V;PRS;3;SG,SEV,у́длиниеть,0,1,1.0,0.0,1,False,0,0,False
удовольствоваться,V,V;PRS;3;SG,SEV,удавальстваваи́ть,1,1,0.96,0.0,1,False,0,0,False
удовольствовать,V,V;PRS;3;SG,SEV,удавальстваваи́ть,1,1,1.0,0.0,1,False,0,0,False
ужесточить,V,V;PRS;3;SG,SEV,ужестачи́ить,2,1,1.0,0.0,1,False,0,0,False
уловить,V,V;PRS;3;SG,SEV,улави́ть,1,1,1.0,0.0,1,False,0,0,False
уменьшиться,V,V;PRS;3;SG,SEV,уменьшии́ть,1,1,0.923076923076923,0.0,1,False,0,0,False
уместиться,V,V;PRS;3;SG,SEV,у́местить,0,1,1.0,0.0,1,False,0,0,False
уместить,V,V;PRS;3;SG,SEV,у́местиить,0,1,1.0,0.0,1,False,0,0,False
умножить,V,V;PRS;3;SG,SEV,у́мнажиеть,0,1,1.0,0.0,1,False,0,0,False
умолить,V,V;PRS;3;SG,SEV,умали́ть,1,1,1.0,0.0,1,False,0,0,False
умолкнуть,V,V;PRS;3;SG,SEV,у́малкнуить,0,1,1.0,0.0,1,False,0,0,False
умыться,V,V;PRS;3;SG,SEV,у́мыить,0,1,0.8571428571428572,0.0,1,False,0,0,False
уныть,V,V;PRS;3;SG,SEV,у́ныить,0,1,1.0,0.0,1,False,0,0,False
упитать,V,V;PRS;3;SG,SEV,упита́ть,1,1,1.0,0.0,1,False,0,0,False
упиться,V,V;PRS;3;SG,SEV,упи́ть,1,1,1.0,0.0,1,False,0,0,False
уплыть,V,V;PRS;3;SG,SEV,уплыи́ть,1,1,1.0,0.0,1,False,0,0,False
управиться,V,V;PRS;3;SG,SEV,управи́еть,2,1,0.923076923076923,0.0,1,False,0,0,False
упразднить,V,V;PRS;3;SG,SEV,упраздни́ть,1,1,1.0,0.0,1,False,0,0,False
упрекнуть,V,V;PRS;3;SG,SEV,упрекнуи́ть,1,1,1.0,0.0,1,False,0,0,False
упросить,V,V;PRS;3;SG,SEV,у́прасить,0,1,1.0,0.0,1,False,0,0,False
упростить,V,V;PRS;3;SG,SEV,упрасти́еть,2,1,1.0,0.0,1,False,0,0,False
уронить,V,V;PRS;3;SG,SEV,урани́ть,1,1,1.0,0.0,1,False,0,0,False
усадить,V,V;PRS;3;SG,SEV,у́садиеть,0,1,1.0,0.0,1,False,0,0,False
усилиться,V,V;PRS;3;SG,SEV,усилие́ть,1,1,0.9090909090909091,0.0,1,False,0,0,False
ускользнуть,V,V;PRS;3;SG,SEV,ускальзнуе́ть,1,1,1.0,0.0,1,False,0,0,False
ускориться,V,V;PRS;3;SG,SEV,ускарие́ть,1,1,0.923076923076923,0.0,1,False,0,0,False
условиться,V,V;PRS;3;SG,SEV,услави́ить,2,1,0.923076923076923,0.0,1,False,0,0,False
усложнить,V,V;PRS;3;SG,SEV,услажни́ить,2,1,1.0,0.0,1,False,0,0,False
услужить,V,V;PRS;3;SG,SEV,услужие́ть,1,1,1.0,0.0,1,False,0,0,False
усмехнуться,V,V;PRS;3;SG,SEV,усмехнуи́ть,1,1,0.9333333333333332,0.0,1,False,0,0,False
усовершенствоваться,V,V;PRS;3;SG,SEV,у́савѣршѣнствавать,0,1,1.0,0.0,1,False,0,0,False
усовершенствовать,V,V;PRS;3;SG,SEV,у́савершенстваваить,0,1,1.0,0.0,1,False,0,0,False
усопнуть,V,V;PRS;3;SG,SEV,усапнуе́ть,1,1,1.0,0.0,1,False,0,0,False
уставиться,V,V;PRS;3;SG,SEV,у́ставиеть,0,1,0.923076923076923,0.0,1,False,0,0,False
уставить,V,V;PRS;3;SG,SEV,у́ставить,0,1,1.0,0.0,1,False,0,0,False
устелить,V,V;PRS;3;SG,SEV,устели́ть,1,1,1.0,0.0,1,False,0,0,False
устрашить,V,V;PRS;3;SG,SEV,устраши́ть,1,1,1.0,0.0,1,False,0,0,False
устремиться,V,V;PRS;3;SG,SEV,у́стремить,0,1,1.0,0.0,1,False,0,0,False
устремить,V,V;PRS;3;SG,SEV,у́стремиить,0,1,1.0,0.0,1,False,0,0,False
устроиться,V,V;PRS;3;SG,SEV,у́страиить,0,1,0.923076923076923,0.0,1,False,0,0,False
усыпить,V,V;PRS;3;SG,SEV,у́сыпиить,0,1,1.0,0.0,1,False,0,0,False
утаить,V,V;PRS;3;SG,SEV,утаии́ть,1,1,1.0,0.0,1,False,0,0,False
утащить,V,V;PRS;3;SG,SEV,у́тащиить,0,1,1.0,0.0,1,False,0,0,False
утвердиться,V,V;PRS;3;SG,SEV,у́твердиеть,0,1,0.9333333333333332,0.0,1,False,0,0,False
утихнуть,V,V;PRS;3;SG,SEV,утисну́ть,1,1,1.0,0.0,1,False,0,0,False
уткнуться,V,V;PRS;3;SG,SEV,у́ткнуить,0,1,0.9090909090909091,0.0,1,False,0,0,False
уткнуть,V,V;PRS;3;SG,SEV,у́ткнуть,0,1,1.0,0.0,1,False,0,0,False
утолить,V,V;PRS;3;SG,SEV,у́талиеть,0,1,1.0,0.0,1,False,0,0,False
утонуть,V,V;PRS;3;SG,SEV,у́тануть,0,1,1.0,0.0,1,False,0,0,False
утопиться,V,V;PRS;3;SG,SEV,утапи́еть,2,1,0.9090909090909091,0.0,1,False,0,0,False
утопить,V,V;PRS;3;SG,SEV,утапи́еть,2,1,1.0,0.0,1,False,0,0,False
уточить,V,V;PRS;3;SG,SEV,утачи́ть,1,1,1.0,0.0,1,False,0,0,False
утратить,V,V;PRS;3;SG,SEV,у́тратиеть,0,1,1.0,0.0,1,False,0,0,False
утрудить,V,V;PRS;3;SG,SEV,утруди́ить,2,1,1.0,0.0,1,False,0,0,False
уязвить,V,V;PRS;3;SG,SEV,уязвие́ть,1,1,1.0,0.0,1,False,0,0,False
фыркнуть,V,V;PRS;3;SG,SEV,фыркнуи́ть,1,1,1.0,0.0,1,False,0,0,False
хлебнуть,V,V;PRS;3;SG,SEV,хлебну́ить,2,1,1.0,0.0,1,False,0,0,False
хлестнуть,V,V;PRS;3;SG,SEV,хле́стнуеть,0,1,1.0,0.0,1,False,0,0,False
хлопнуть,V,V;PRS;3;SG,SEV,хлапну́ить,2,1,1.0,0.0,1,False,0,0,False
хохотнуть,V,V;PRS;3;SG,SEV,хахатну́ть,1,1,1.0,0.0,1,False,0,0,False
юркнуть,V,V;PRS;3;SG,SEV,юркну́ть,1,1,1.0,0.0,1,False,0,0,False
аак,N,N;ACC;SG,SEV,а́ак,0,1,1.0,0.0,1,False,0,0,False
абазинка,N,N;ACC;SG,SEV,абазиньцѫ́,1,1,1.0,0.0,1,False,0,0,False
абгомотопия,N,N;ACC;SG,SEV,абгаматапиѫ́,1,1,1.0,0.0,1,False,0,0,False
абдикация,N,N;ACC;SG,SEV,а́бдицациѫ,0,1,1.0,0.0,1,False,0,0,False
абдоминогистеротомия,N,N;ACC;SG,SEV,абдаминагистѣратамиѫ́,1,1,1.0,0.0,1,False,0,0,False
абдоминогистерэктомия,N,N;ACC;SG,SEV,абдаминагистерэктамиѫ́,1,1,1.0,0.0,1,False,0,0,False
абдоминоперикардиостомия,N,N;ACC;SG,SEV,абдаминаперицардиастамиѫ́,1,1,1.0,0.0,1,False,0,0,False
абдоминоскопия,N,N;ACC;SG,SEV,а́бдаминаскапиѫ,0,1,1.0,0.0,1,False,0,0,False
абелия,N,N;ACC;SG,SEV,абѣлиѫ́,1,1,1.0,0.0,1,False,0,0,False
абеталипопротеинемия,N,N;ACC;SG,SEV,а́бѣталипапратѣинѣмиѫ,0,1,1.0,0.0,1,False,0,0,False
абиотрофия,N,N;ACC;SG,SEV,абиатрафиѫ́,1,1,1.0,0.0,1,False,0,0,False
абиофизиология,N,N;ACC;SG,SEV,абиафизилагиѫ́,1,1,1.0,0.0,1,False,0,0,False
абластика,N,N;ACC;SG,SEV,а́бластицѫ,0,1,1.0,0.0,1,False,0,0,False
аблютомания,N,N;ACC;SG,SEV,аблютаманиѫ́,1,1,1.0,0.0,1,False,0,0,False
абмиграция,N,N;ACC;SG,SEV,а́бмизрациѫ,0,1,1.0,0.0,1,False,0,0,False
абориген,N,N;ACC;SG,SEV,а́баризѣн,0,1,1.0,0.0,1,False,0,0,False
аборигенка,N,N;ACC;SG,SEV,а́баризеньцѫ,0,1,1.0,0.0,1,False,0,0,False
абрек,N,N;ACC;SG,SEV,абрѣ́к,1,1,1.0,0.0,1,False,0,0,False
абсорбция,N,N;ACC;SG,SEV,абсарбциѫ́,1,1,1.0,0.0,1,False,0,0,False
абс-пластик,N,N;ACC;SG,SEV,абс-пласти́ц,1,1,1.0,0.0,1,False,0,0,False
авансцена,N,N;ACC;SG,SEV,авансценѫ́,1,1,1.0,0.0,1,False,0,0,False
авантюра,N,N;ACC;SG,SEV,авантю́рѫ,2,1,1.0,0.0,1,False,0,0,False
аварка,N,N;ACC;SG,SEV,аварьцѫ́,1,1,1.0,0.0,1,False,0,0,False
авиабилет,N,N;ACC;SG,SEV,авиабиле́т,1,1,1.0,0.0,1,False,0,0,False
авиагоризонт,N,N;ACC;SG,SEV,авиагаризо́нтъ,1,1,1.0,0.0,1,False,0,0,False
авиагруппа,N,N;ACC;SG,SEV,а́виагрупъпѫ,0,1,1.0,0.0,1,False,0,0,False
авиадвигатель,N,N;ACC;SG,SEV,авиадвизате́ль,1,1,1.0,0.0,1,False,0,0,False
авиация,N,N;ACC;SG,SEV,авиаци́ѫ,2,1,1.0,0.0,1,False,0,0,False
авоська,N,N;ACC;SG,SEV,авасьцѫ́,1,1,1.0,0.0,1,False,0,0,False
австралийка,N,N;ACC;SG,SEV,австрали́йьцѫ,2,1,1.0,0.0,1,False,0,0,False
австрийка,N,N;ACC;SG,SEV,австрийьцѫ́,1,1,1.0,0.0,1,False,0,0,False
автоген,N,N;ACC;SG,SEV,а́втагѣн,0,1,1.0,0.0,1,False,0,0,False
автодрезина,N,N;ACC;SG,SEV,а́втадрезинѫ,0,1,1.0,0.0,1,False,0,0,False
автодром,N,N;ACC;SG,SEV,автадро́м,1,1,1.0,0.0,1,False,0,0,False
автолюбитель,N,N;ACC;SG,SEV,авталюбите́ль,1,1,1.0,0.0,1,False,0,0,False
автомашина,N,N;ACC;SG,SEV,автамашинѫ́,1,1,1.0,0.0,1,False,0,0,False
автомобиль,N,N;ACC;SG,SEV,автамаби́ль,1,1,1.0,0.0,1,False,0,0,False
автономия,N,N;ACC;SG,SEV,а́втанамиѫ,0,1,1.0,0.0,1,False,0,0,False
автопокрышка,N,N;ACC;SG,SEV,а́втапакрышьцѫ,0,1,1.0,0.0,1,False,0,0,False
авторучка,N,N;ACC;SG,SEV,а́втаручьцѫ,0,1,1.0,0.0,1,False,0,0,False
автотомия,N,N;ACC;SG,SEV,а́втатамиѫ,0,1,1.0,0.0,1,False,0,0,False
автохория,N,N;ACC;SG,SEV,автахариѫ́,1,1,1.0,0.0,1,False,0,0,False
автохтон,N,N;ACC;SG,SEV,автахто́н,1,1,1.0,0.0,1,False,0,0,False
автошкола,N,N;ACC;SG,SEV,авташкалѫ́,1,1,1.0,0.0,1,False,0,0,False
агванка,N,N;ACC;SG,SEV,а́гваньцѫ,0,1,1.0,0.0,1,False,0,0,False
агитка,N,N;ACC;SG,SEV,агитьцѫ́,1,1,1.0,0.0,1,False,0,0,False
аграрий,N,N;ACC;SG,SEV,аграри́,1,1,1.0,0.0,1,False,0,0,False
агрессор,N,N;ACC;SG,SEV,агрессо́р,1,1,1.0,0.0,1,False,0,0,False
агроном,N,N;ACC;SG,SEV,аграно́м,1,1,1.0,0.0,1,False,0,0,False
адвентистка,N,N;ACC;SG,SEV,адвенти́стьцѫ,2,1,1.0,0.0,1,False,0,0,False
адвербиал,N,N;ACC;SG,SEV,а́двербиал,0,1,1.0,0.0,1,False,0,0,False
администрация,N,N;ACC;SG,SEV,а́дминистрациѫ,0,1,1.0,0.0,1,False,0,0,False
адопция,N,N;ACC;SG,SEV,адапциѫ́,1,1,1.0,0.0,1,False,0,0,False
азиатка,N,N;ACC;SG,SEV,а́зиатьцѫ,0,1,1.0,0.0,1,False,0,0,False
айсберг,N,N;ACC;SG,SEV,а́йсберьзъ,0,1,1.0,0.0,1,False,0,0,False
аксолотль,N,N;ACC;SG,SEV,аксла́тль,1,1,1.0,0.0,1,False,0,0,False
акт,N,N;ACC;SG,SEV,а́кътъ,0,1,1.0,0.0,1,False,0,0,False
акцептор,N,N;ACC;SG,SEV,акцепто́р,1,1,1.0,0.0,1,False,0,0,False
акция,N,N;ACC;SG,SEV,акциѫ́,1,1,1.0,0.0,1,False,0,0,False
алармизм,N,N;ACC;SG,SEV,аларми́змъ,1,1,1.0,0.0,1,False,0,0,False
алармистка,N,N;ACC;SG,SEV,алармистьцѫ́,1,1,1.0,0.0,1,False,0,0,False
албанка,N,N;ACC;SG,SEV,а́лбаньцѫ,0,1,1.0,0.0,1,False,0,0,False
алейкемия,N,N;ACC;SG,SEV,алѣйкѣмиѫ́,1,1,1.0,0.0,1,False,0,0,False
алеутка,N,N;ACC;SG,SEV,а́лѣутьцѫ,0,1,1.0,0.0,1,False,0,0,False
алжирка,N,N;ACC;SG,SEV,алжирьцѫ́,1,1,1.0,0.0,1,False,0,0,False
алкоголизм,N,N;ACC;SG,SEV,алкагали́змъ,1,1,1.0,0.0,1,False,0,0,False
алкоголик,N,N;ACC;SG,SEV,а́лкагалиц,0,1,1.0,0.0,1,False,0,0,False
аллатив,N,N;ACC;SG,SEV,аллати́в,1,1,1.0,0.0,1,False,0,0,False
аллегория,N,N;ACC;SG,SEV,а́ллегариѫ,0,1,1.0,0.0,1,False,0,0,False
аллерген,N,N;ACC;SG,SEV,аллерге́н,1,1,1.0,0.0,1,False,0,0,False
аллергия,N,N;ACC;SG,SEV,аллерги́ѫ,2,1,1.0,0.0,1,False,0,0,False
аллилуйя,N,N;ACC;SG,SEV,а́ллилуйѫ,0,1,1.0,0.0,1,False,0,0,False
аллофон,N,N;ACC;SG,SEV,а́ллафан,0,1,1.0,0.0,1,False,0,0,False
алопеция,N,N;ACC;SG,SEV,а́лапециѫ,0,1,1.0,0.0,1,False,0,0,False
алхимик,N,N;ACC;SG,SEV,алхими́ц,1,1,1.0,0.0,1,False,0,0,False
алхимия,N,N;ACC;SG,SEV,алхими́ѫ,2,1,1.0,0.0,1,False,0,0,False
альбинизм,N,N;ACC;SG,SEV,альбини́змъ,1,1,1.0,0.0,1,False,0,0,False
альмандин,N,N;ACC;SG,SEV,альманди́н,1,1,1.0,0.0,1,False,0,0,False
альтруистка,N,N;ACC;SG,SEV,альтруи́стьцѫ,2,1,1.0,0.0,1,False,0,0,False
амбиция,N,N;ACC;SG,SEV,а́мбициѫ,0,1,1.0,0.0,1,False,0,0,False
амбразура,N,N;ACC;SG,SEV,амбразурѫ́,1,1,1.0,0.0,1,False,0,0,False
амброзия,N,N;ACC;SG,SEV,амбрази́ѫ,2,1,1.0,0.0,1,False,0,0,False
аминокислота,N,N;ACC;SG,SEV,аминакисло́тѫ,2,1,1.0,0.0,1,False,0,0,False
амиодарон,N,N;ACC;SG,SEV,амиадаро́н,1,1,1.0,0.0,1,False,0,0,False
амнезия,N,N;ACC;SG,SEV,амнези́ѫ,2,1,1.0,0.0,1,False,0,0,False
амнистия,N,N;ACC;SG,SEV,амнисти́ѫ,2,1,1.0,0.0,1,False,0,0,False
амперметр,N,N;ACC;SG,SEV,ампѣрмѣ́тръ,1,1,1.0,0.0,1,False,0,0,False
ампутация,N,N;ACC;SG,SEV,а́мпутациѫ,0,1,1.0,0.0,1,False,0,0,False
амфетамин,N,N;ACC;SG,SEV,амфетами́н,1,1,1.0,0.0,1,False,0,0,False
амфибрахий,N,N;ACC;SG,SEV,а́мфибрахи,0,1,1.0,0.0,1,False,0,0,False
аналемма,N,N;ACC;SG,SEV,анале́ммѫ,2,1,1.0,0.0,1,False,0,0,False
аналогия,N,N;ACC;SG,SEV,аналаги́ѫ,2,1,1.0,0.0,1,False,0,0,False
анатомирование,N,N;ACC;SG,SEV,а́натамираваниа,0,1,1.0,0.0,1,False,0,0,False
анафема,N,N;ACC;SG,SEV,а́нафемѫ,0,1,1.0,0.0,1,False,0,0,False
анафилаксия,N,N;ACC;SG,SEV,анафилакси́ѫ,2,1,1.0,0.0,1,False,0,0,False
анафора,N,N;ACC;SG,SEV,а́нафарѫ,0,1,1.0,0.0,1,False,0,0,False
ангажирование,N,N;ACC;SG,SEV,а́нгажираваниа,0,1,1.0,0.0,1,False,0,0,False
ангелика,N,N;ACC;SG,SEV,ангели́цѫ,2,1,1.0,0.0,1,False,0,0,False
ангел-хранитель,N,N;ACC;SG,SEV,ангел-храните́ль,1,1,1.0,0.0,1,False,0,0,False
англизация,N,N;ACC;SG,SEV,англизаци́ѫ,2,1,1.0,0.0,1,False,0,0,False
англицизм,N,N;ACC;SG,SEV,англици́змъ,1,1,1.0,0.0,1,False,0,0,False
англосфера,N,N;ACC;SG,SEV,а́нгласферѫ,0,1,1.0,0.0,1,False,0,0,False
анголка,N,N;ACC;SG,SEV,ангальцѫ́,1,1,1.0,0.0,1,False,0,0,False
андроген,N,N;ACC;SG,SEV,андраге́н,1,1,1.0,0.0,1,False,0,0,False
анемон,N,N;ACC;SG,SEV,анемо́н,1,1,1.0,0.0,1,False,0,0,False
анестетик,N,N;ACC;SG,SEV,а́нестетиц,0,1,1.0,0.0,1,False,0,0,False
анизотропия,N,N;ACC;SG,SEV,а́низатрапиѫ,0,1,1.0,0.0,1,False,0,0,False
анимация,N,N;ACC;SG,SEV,анимациѫ́,1,1,1.0,0.0,1,False,0,0,False
аннексия,N,N;ACC;SG,SEV,аннексиѫ́,1,1,1.0,0.0,1,False,0,0,False
анорексия,N,N;ACC;SG,SEV,а́нарексиѫ,0,1,1.0,0.0,1,False,0,0,False
антиматерия,N,N;ACC;SG,SEV,а́нтиматериѫ,0,1,1.0,0.0,1,False,0,0,False
антиномистка,N,N;ACC;SG,SEV,антинами́стьцѫ,2,1,1.0,0.0,1,False,0,0,False
антиохийка,N,N;ACC;SG,SEV,антиахийьцѫ́,1,1,1.0,0.0,1,False,0,0,False
антипатия,N,N;ACC;SG,SEV,антипати́ѫ,2,1,1.0,0.0,1,False,0,0,False
антисемитка,N,N;ACC;SG,SEV,антисемитьцѫ́,1,1,1.0,0.0,1,False,0,0,False
антифашист,N,N;ACC;SG,SEV,антифаши́сътъ,1,1,1.0,0.0,1,False,0,0,False
антициклон,N,N;ACC;SG,SEV,антицицло́н,1,1,1.0,0.0,1,False,0,0,False
антология,N,N;ACC;SG,SEV,антлаги́ѫ,2,1,1.0,0.0,1,False,0,0,False
антропоним,N,N;ACC;SG,SEV,антрапани́м,1,1,1.0,0.0,1,False,0,0,False
антропохория,N,N;ACC;SG,SEV,а́нтрапахариѫ,0,1,1.0,0.0,1,False,0,0,False
анчутка,N,N;ACC;SG,SEV,анчу́тьцѫ,2,1,1.0,0.0,1,False,0,0,False
апачка,N,N;ACC;SG,SEV,а́пачьцѫ,0,1,1.0,0.0,1,False,0,0,False
апликантка,N,N;ACC;SG,SEV,а́плицантьцѫ,0,1,1.0,0.0,1,False,0,0,False
апогей,N,N;ACC;SG,SEV,а́паге,0,1,1.0,0.0,1,False,0,0,False
апория,N,N;ACC;SG,SEV,апариѫ́,1,1,1.0,0.0,1,False,0,0,False
аппендэктомия,N,N;ACC;SG,SEV,аппѣндэктами́ѫ,2,1,1.0,0.0,1,False,0,0,False
аппликантка,N,N;ACC;SG,SEV,апплица́нтьцѫ,2,1,1.0,0.0,1,False,0,0,False
аппликация,N,N;ACC;SG,SEV,апплицациѫ́,1,1,1.0,0.0,1,False,0,0,False
аптечка,N,N;ACC;SG,SEV,аптѣчьцѫ́,1,1,1.0,0.0,1,False,0,0,False
арабизация,N,N;ACC;SG,SEV,а́рабизациѫ,0,1,1.0,0.0,1,False,0,0,False
арборетум,N,N;ACC;SG,SEV,арбарету́м,1,1,1.0,0.0,1,False,0,0,False
аргентинка,N,N;ACC;SG,SEV,аргенти́ньцѫ,2,1,1.0,0.0,1,False,0,0,False
ареола,N,N;ACC;SG,SEV,ареалѫ́,1,1,1.0,0.0,1,False,0,0,False
арийка,N,N;ACC;SG,SEV,арийьцѫ́,1,1,1.0,0.0,1,False,0,0,False
аритмия,N,N;ACC;SG,SEV,аритмиѫ́,1,1,1.0,0.0,1,False,0,0,False
арифметика,N,N;ACC;SG,SEV,арифмети́цѫ,2,1,1.0,0.0,1,False,0,0,False
ария,N,N;ACC;SG,SEV,а́риѫ,0,1,1.0,0.0,1,False,0,0,False
арка,N,N;ACC;SG,SEV,а́рьцѫ,0,1,1.0,0.0,1,False,0,0,False
арматура,N,N;ACC;SG,SEV,арматурѫ́,1,1,1.0,0.0,1,False,0,0,False
аромунка,N,N;ACC;SG,SEV,арамѫньцѫ́,1,1,1.0,0.0,1,False,0,0,False
артикул,N,N;ACC;SG,SEV,артицу́л,1,1,1.0,0.0,1,False,0,0,False
артистка,N,N;ACC;SG,SEV,арти́стьцѫ,2,1,1.0,0.0,1,False,0,0,False
арумын,N,N;ACC;SG,SEV,а́румын,0,1,1.0,0.0,1,False,0,0,False
арумынка,N,N;ACC;SG,SEV,арумыньцѫ́,1,1,1.0,0.0,1,False,0,0,False
архаизм,N,N;ACC;SG,SEV,архаи́змъ,1,1,1.0,0.0,1,False,0,0,False
архангел,N,N;ACC;SG,SEV,арханге́л,1,1,1.0,0.0,1,False,0,0,False
архиепископ,N,N;ACC;SG,SEV,архиѣписко́п,1,1,1.0,0.0,1,False,0,0,False
архимандрит,N,N;ACC;SG,SEV,а́рхимандрит,0,1,1.0,0.0,1,False,0,0,False
аспирантка,N,N;ACC;SG,SEV,аспирантьцѫ́,1,1,1.0,0.0,1,False,0,0,False
аспирация,N,N;ACC;SG,SEV,а́спирациѫ,0,1,1.0,0.0,1,False,0,0,False
аспления,N,N;ACC;SG,SEV,а́сплѣниѫ,0,1,1.0,0.0,1,False,0,0,False
ассамблея,N,N;ACC;SG,SEV,а́ссамблеѫ,0,1,1.0,0.0,1,False,0,0,False
ассигнование,N,N;ACC;SG,SEV,ассизнаванио́,1,1,1.0,0.0,1,False,0,0,False
ассимиляция,N,N;ACC;SG,SEV,ассимиляциѫ́,1,1,1.0,0.0,1,False,0,0,False
ассирийка,N,N;ACC;SG,SEV,а́ссирийьцѫ,0,1,1.0,0.0,1,False,0,0,False
астения,N,N;ACC;SG,SEV,астениѫ́,1,1,1.0,0.0,1,False,0,0,False
астериск,N,N;ACC;SG,SEV,астери́сьцъ,1,1,1.0,0.0,1,False,0,0,False
астма,N,N;ACC;SG,SEV,а́стмѫ,0,1,1.0,0.0,1,False,0,0,False
астра,N,N;ACC;SG,SEV,а́стрѫ,0,1,1.0,0.0,1,False,0,0,False
астробиология,N,N;ACC;SG,SEV,астрабилагиѫ́,1,1,1.0,0.0,1,False,0,0,False
астрология,N,N;ACC;SG,SEV,астрлагиѫ́,1,1,1.0,0.0,1,False,0,0,False
атака,N,N;ACC;SG,SEV,ата́кѫ,2,1,1.0,0.0,1,False,0,0,False
атеистка,N,N;ACC;SG,SEV,атеи́стьцѫ,2,1,1.0,0.0,1,False,0,0,False
атеофобия,N,N;ACC;SG,SEV,атѣафаби́ѫ,2,1,1.0,0.0,1,False,0,0,False
атлетка,N,N;ACC;SG,SEV,атле́тьцѫ,2,1,1.0,0.0,1,False,0,0,False
атрий,N,N;ACC;SG,SEV,атри́,1,1,1.0,0.0,1,False,0,0,False
аудиология,N,N;ACC;SG,SEV,аудилаги́ѫ,2,1,1.0,0.0,1,False,0,0,False
аудирование,N,N;ACC;SG,SEV,аудиравани́а,2,1,1.0,0.0,1,False,0,0,False
аудитор,N,N;ACC;SG,SEV,аудито́р,1,1,1.0,0.0,1,False,0,0,False
аускультация,N,N;ACC;SG,SEV,а́ускультациѫ,0,1,1.0,0.0,1,False,0,0,False
аутотомия,N,N;ACC;SG,SEV,аутатами́ѫ,2,1,1.0,0.0,1,False,0,0,False
афганка,N,N;ACC;SG,SEV,а́фганьцѫ,0,1,1.0,0.0,1,False,0,0,False
афинянка,N,N;ACC;SG,SEV,а́финяньцѫ,0,1,1.0,0.0,1,False,0,0,False
африканка,N,N;ACC;SG,SEV,африца́ньцѫ,2,1,1.0,0.0,1,False,0,0,False
афрофобия,N,N;ACC;SG,SEV,афрафабиѫ́,1,1,1.0,0.0,1,False,0,0,False
афтершок,N,N;ACC;SG,SEV,афтѣршо́к,1,1,1.0,0.0,1,False,0,0,False
аффинитет,N,N;ACC;SG,SEV,аффините́т,1,1,1.0,0.0,1,False,0,0,False
аэрология,N,N;ACC;SG,SEV,а́эрлагиѫ,0,1,1.0,0.0,1,False,0,0,False
бабёнка,N,N;ACC;SG,SEV,ба́бёньцѫ,0,1,1.0,0.0,1,False,0,0,False
бабник,N,N;ACC;SG,SEV,ба́бниц,0,1,1.0,0.0,1,False,0,0,False
баг,N,N;ACC;SG,SEV,ба́г,0,1,1.0,0.0,1,False,0,0,False
базирование,N,N;ACC;SG,SEV,базираванио́,1,1,1.0,0.0,1,False,0,0,False
байдарка,N,N;ACC;SG,SEV,байдарьцѫ́,1,1,1.0,0.0,1,False,0,0,False
бакалея,N,N;ACC;SG,SEV,ба́калеѫ,0,1,1.0,0.0,1,False,0,0,False
баклажка,N,N;ACC;SG,SEV,баклажьцѫ́,1,1,1.0,0.0,1,False,0,0,False
бакланка,N,N;ACC;SG,SEV,бакла́ньцѫ,2,1,1.0,0.0,1,False,0,0,False
бактериология,N,N;ACC;SG,SEV,бактерилаги́ѫ,2,1,1.0,0.0,1,False,0,0,False
балачка,N,N;ACC;SG,SEV,балачьцѫ́,1,1,1.0,0.0,1,False,0,0,False
баллистика,N,N;ACC;SG,SEV,баллистицѫ́,1,1,1.0,0.0,1,False,0,0,False
банкротство,N,N;ACC;SG,SEV,банкро́тства,2,1,1.0,0.0,1,False,0,0,False
баночка,N,N;ACC;SG,SEV,баначьцѫ́,1,1,1.0,0.0,1,False,0,0,False
барак,N,N;ACC;SG,SEV,ба́рак,0,1,1.0,0.0,1,False,0,0,False
баранка,N,N;ACC;SG,SEV,бара́ньцѫ,2,1,1.0,0.0,1,False,0,0,False
бардак,N,N;ACC;SG,SEV,барда́к,1,1,1.0,0.0,1,False,0,0,False
барий,N,N;ACC;SG,SEV,бари́,1,1,1.0,0.0,1,False,0,0,False
басконка,N,N;ACC;SG,SEV,баско́ньцѫ,2,1,1.0,0.0,1,False,0,0,False
басня,N,N;ACC;SG,SEV,ба́снѫ,0,1,1.0,0.0,1,False,0,0,False
батенька,N,N;ACC;SG,SEV,ба́теньцѫ,0,1,1.0,0.0,1,False,0,0,False
батрак,N,N;ACC;SG,SEV,ба́трак,0,1,1.0,0.0,1,False,0,0,False
бачок,N,N;ACC;SG,SEV,бачо́к,1,1,1.0,0.0,1,False,0,0,False
башенка,N,N;ACC;SG,SEV,башеньцѫ́,1,1,1.0,0.0,1,False,0,0,False
баянистка,N,N;ACC;SG,SEV,баяни́стьцѫ,2,1,1.0,0.0,1,False,0,0,False
бег,N,N;ACC;SG,SEV,бе́г,0,1,1.0,0.0,1,False,0,0,False
беглец,N,N;ACC;SG,SEV,бѣглѣ́ц,1,1,1.0,0.0,1,False,0,0,False
бегство,N,N;ACC;SG,SEV,бе́гства,0,1,1.0,0.0,1,False,0,0,False
бедняжка,N,N;ACC;SG,SEV,бедняжьцѫ́,1,1,1.0,0.0,1,False,0,0,False
бедняк,N,N;ACC;SG,SEV,бедня́к,1,1,1.0,0.0,1,False,0,0,False
бедолага,N,N;ACC;SG,SEV,бѣдалагѫ́,1,1,1.0,0.0,1,False,0,0,False
бедствие,N,N;ACC;SG,SEV,бѣ́дствиа,0,1,1.0,0.0,1,False,0,0,False
бедуин,N,N;ACC;SG,SEV,бе́дуин,0,1,1.0,0.0,1,False,0,0,False
безбожница,N,N;ACC;SG,SEV,безбажни́цѫ,2,1,1.0,0.0,1,False,0,0,False
безвкусие,N,N;ACC;SG,SEV,бе́звкусиа,0,1,1.0,0.0,1,False,0,0,False
безвластие,N,N;ACC;SG,SEV,бе́звластиа,0,1,1.0,0.0,1,False,0,0,False
безволие,N,N;ACC;SG,SEV,безвалио́,1,1,1.0,0.0,1,False,0,0,False
безделушка,N,N;ACC;SG,SEV,бѣ́здѣлушьцѫ,0,1,1.0,0.0,1,False,0,0,False
безденежье,N,N;ACC;SG,SEV,бе́зденежьа,0,1,1.0,0.0,1,False,0,0,False
безмолвие,N,N;ACC;SG,SEV,бе́змалвиа,0,1,1.0,0.0,1,False,0,0,False
безумие,N,N;ACC;SG,SEV,безумио́,1,1,1.0,0.0,1,False,0,0,False
беллетристика,N,N;ACC;SG,SEV,беллетристи́цѫ,2,1,1.0,0.0,1,False,0,0,False
белокровие,N,N;ACC;SG,SEV,белакрави́а,2,1,1.0,0.0,1,False,0,0,False
белоруска,N,N;ACC;SG,SEV,бе́ларусьцѫ,0,1,1.0,0.0,1,False,0,0,False
белоручка,N,N;ACC;SG,SEV,беларучьцѫ́,1,1,1.0,0.0,1,False,0,0,False
белошвейка,N,N;ACC;SG,SEV,бѣ́лашвѣйьцѫ,0,1,1.0,0.0,1,False,0,0,False
белуга,N,N;ACC;SG,SEV,бе́лугѫ,0,1,1.0,0.0,1,False,0,0,False
белуха,N,N;ACC;SG,SEV,бе́лухѫ,0,1,1.0,0.0,1,False,0,0,False
бельчонок,N,N;ACC;SG,SEV,бе́льчанак,0,1,1.0,0.0,1,False,0,0,False
беляк,N,N;ACC;SG,SEV,бе́ляк,0,1,1.0,0.0,1,False,0,0,False
бензобак,N,N;ACC;SG,SEV,бензаба́к,1,1,1.0,0.0,1,False,0,0,False
бензоколонка,N,N;ACC;SG,SEV,бензакланьцѫ́,1,1,1.0,0.0,1,False,0,0,False
бережок,N,N;ACC;SG,SEV,брѣжо́к,1,1,1.0,0.0,1,False,0,0,False
беркелий,N,N;ACC;SG,SEV,беркели́,1,1,1.0,0.0,1,False,0,0,False
берклий,N,N;ACC;SG,SEV,бе́ркли,0,1,1.0,0.0,1,False,0,0,False
берлога,N,N;ACC;SG,SEV,берло́гѫ,2,1,1.0,0.0,1,False,0,0,False
бесёнок,N,N;ACC;SG,SEV,бесёно́к,1,1,1.0,0.0,1,False,0,0,False
бесплодие,N,N;ACC;SG,SEV,бесплади́а,2,1,1.0,0.0,1,False,0,0,False
беспокойство,N,N;ACC;SG,SEV,беспако́йства,2,1,1.0,0.0,1,False,0,0,False
бесправие,N,N;ACC;SG,SEV,бе́справиа,0,1,1.0,0.0,1,False,0,0,False
бессилие,N,N;ACC;SG,SEV,бессили́а,2,1,1.0,0.0,1,False,0,0,False
бессмертие,N,N;ACC;SG,SEV,бессмерти́а,2,1,1.0,0.0,1,False,0,0,False
бессонница,N,N;ACC;SG,SEV,бе́ссанницѫ,0,1,1.0,0.0,1,False,0,0,False
бесстрашие,N,N;ACC;SG,SEV,бесстраши́а,2,1,1.0,0.0,1,False,0,0,False
бешенство,N,N;ACC;SG,SEV,бешенство́,1,1,1.0,0.0,1,False,0,0,False
биг-мак,N,N;ACC;SG,SEV,би́з-мак,0,1,1.0,0.0,1,False,0,0,False
биомаркер,N,N;ACC;SG,SEV,биамарке́р,1,1,1.0,0.0,1,False,0,0,False
бирманка,N,N;ACC;SG,SEV,бирманьцѫ́,1,1,1.0,0.0,1,False,0,0,False
бирюк,N,N;ACC;SG,SEV,бирю́к,1,1,1.0,0.0,1,False,0,0,False
битник,N,N;ACC;SG,SEV,би́тниц,0,1,1.0,0.0,1,False,0,0,False
битьё,N,N;ACC;SG,SEV,би́тьё,0,1,1.0,0.0,1,False,0,0,False
благо,N,N;ACC;SG,SEV,благо́,1,1,1.0,0.0,1,False,0,0,False
благородие,N,N;ACC;SG,SEV,блаградио́,1,1,1.0,0.0,1,False,0,0,False
благочестие,N,N;ACC;SG,SEV,благачести́а,2,1,1.0,0.0,1,False,0,0,False
блаженство,N,N;ACC;SG,SEV,блаже́нства,2,1,1.0,0.0,1,False,0,0,False
блеяние,N,N;ACC;SG,SEV,бле́яниа,0,1,1.0,0.0,1,False,0,0,False
близнец,N,N;ACC;SG,SEV,бли́знѣц,0,1,1.0,0.0,1,False,0,0,False
блог,N,N;ACC;SG,SEV,бло́г,0,1,1.0,0.0,1,False,0,0,False
блудник,N,N;ACC;SG,SEV,блудни́ц,1,1,1.0,0.0,1,False,0,0,False
блузник,N,N;ACC;SG,SEV,блузни́ц,1,1,1.0,0.0,1,False,0,0,False
бляха,N,N;ACC;SG,SEV,бляхѫ́,1,1,1.0,0.0,1,False,0,0,False
богатырь,N,N;ACC;SG,SEV,багаты́рь,1,1,1.0,0.0,1,False,0,0,False
богач,N,N;ACC;SG,SEV,бага́ч,1,1,1.0,0.0,1,False,0,0,False
богословие,N,N;ACC;SG,SEV,багаслави́а,2,1,1.0,0.0,1,False,0,0,False
боеголовка,N,N;ACC;SG,SEV,баеглавьцѫ́,1,1,1.0,0.0,1,False,0,0,False
божество,N,N;ACC;SG,SEV,баже́ства,2,1,1.0,0.0,1,False,0,0,False
болванка,N,N;ACC;SG,SEV,балваньцѫ́,1,1,1.0,0.0,1,False,0,0,False
болгарин,N,N;ACC;SG,SEV,балгари́н,1,1,1.0,0.0,1,False,0,0,False
болельщик,N,N;ACC;SG,SEV,балельщи́ц,1,1,1.0,0.0,1,False,0,0,False
большевик,N,N;ACC;SG,SEV,бо́льшѣвиц,0,1,1.0,0.0,1,False,0,0,False
болячка,N,N;ACC;SG,SEV,баля́чьцѫ,2,1,1.0,0.0,1,False,0,0,False
бомбардир,N,N;ACC;SG,SEV,бо́мбардир,0,1,1.0,0.0,1,False,0,0,False
бонбоньерка,N,N;ACC;SG,SEV,банбаньѣ́рьцѫ,2,1,1.0,0.0,1,False,0,0,False
бонг,N,N;ACC;SG,SEV,бо́ньзъ,0,1,1.0,0.0,1,False,0,0,False
борий,N,N;ACC;SG,SEV,бо́ри,0,1,1.0,0.0,1,False,0,0,False
бортник,N,N;ACC;SG,SEV,бо́ртниц,0,1,1.0,0.0,1,False,0,0,False
борщевик,N,N;ACC;SG,SEV,бо́рщевиц,0,1,1.0,0.0,1,False,0,0,False
босяк,N,N;ACC;SG,SEV,бася́к,1,1,1.0,0.0,1,False,0,0,False
ботиночек,N,N;ACC;SG,SEV,бо́тиначек,0,1,1.0,0.0,1,False,0,0,False
бочонок,N,N;ACC;SG,SEV,бачано́к,1,1,1.0,0.0,1,False,0,0,False
боярин,N,N;ACC;SG,SEV,бо́ярин,0,1,1.0,0.0,1,False,0,0,False
боярыня,N,N;ACC;SG,SEV,бо́ярынѫ,0,1,1.0,0.0,1,False,0,0,False
боярышня,N,N;ACC;SG,SEV,бо́ярышнѫ,0,1,1.0,0.0,1,False,0,0,False
брага,N,N;ACC;SG,SEV,брагѫ́,1,1,1.0,0.0,1,False,0,0,False
брадобрей,N,N;ACC;SG,SEV,брадабре́,1,1,1.0,0.0,1,False,0,0,False
бражник,N,N;ACC;SG,SEV,бражни́ц,1,1,1.0,0.0,1,False,0,0,False
бразильянка,N,N;ACC;SG,SEV,бра́зильяньцѫ,0,1,1.0,0.0,1,False,0,0,False
браток,N,N;ACC;SG,SEV,брато́к,1,1,1.0,0.0,1,False,0,0,False
брашно,N,N;ACC;SG,SEV,бра́шна,0,1,1.0,0.0,1,False,0,0,False
бредник,N,N;ACC;SG,SEV,бре́дниц,0,1,1.0,0.0,1,False,0,0,False
брешь,N,N;ACC;SG,SEV,бре́шь,0,1,1.0,0.0,1,False,0,0,False
бриг,N,N;ACC;SG,SEV,бри́з,0,1,1.0,0.0,1,False,0,0,False
британка,N,N;ACC;SG,SEV,бри́таньцѫ,0,1,1.0,0.0,1,False,0,0,False
бронекатер,N,N;ACC;SG,SEV,бранекате́р,1,1,1.0,0.0,1,False,0,0,False
брошь,N,N;ACC;SG,SEV,бро́шь,0,1,1.0,0.0,1,False,0,0,False
брусника,N,N;ACC;SG,SEV,брусни́цѫ,2,1,1.0,0.0,1,False,0,0,False
бублик,N,N;ACC;SG,SEV,бу́блиц,0,1,1.0,0.0,1,False,0,0,False
бугорок,N,N;ACC;SG,SEV,бу́грак,0,1,1.0,0.0,1,False,0,0,False
будёновка,N,N;ACC;SG,SEV,будёнавьцѫ́,1,1,1.0,0.0,1,False,0,0,False
букетик,N,N;ACC;SG,SEV,букети́ц,1,1,1.0,0.0,1,False,0,0,False
булавка,N,N;ACC;SG,SEV,булавьцѫ́,1,1,1.0,0.0,1,False,0,0,False
бульдог,N,N;ACC;SG,SEV,бу́льдаг,0,1,1.0,0.0,1,False,0,0,False
бумажка,N,N;ACC;SG,SEV,бѫмажьцѫ́,1,1,1.0,0.0,1,False,0,0,False
бунтовщик,N,N;ACC;SG,SEV,бѫнтавщи́ц,1,1,1.0,0.0,1,False,0,0,False
бурундук,N,N;ACC;SG,SEV,бу́рундук,0,1,1.0,0.0,1,False,0,0,False
буряк,N,N;ACC;SG,SEV,буря́к,1,1,1.0,0.0,1,False,0,0,False
бутик,N,N;ACC;SG,SEV,бути́ц,1,1,1.0,0.0,1,False,0,0,False
бутылочка,N,N;ACC;SG,SEV,бутыло́чьцѫ,2,1,1.0,0.0,1,False,0,0,False
буфетчик,N,N;ACC;SG,SEV,буфетчи́ц,1,1,1.0,0.0,1,False,0,0,False
буханка,N,N;ACC;SG,SEV,буха́ньцѫ,2,1,1.0,0.0,1,False,0,0,False
бухгалтерия,N,N;ACC;SG,SEV,бухгалтериѫ́,1,1,1.0,0.0,1,False,0,0,False
быличка,N,N;ACC;SG,SEV,бы́личьцѫ,0,1,1.0,0.0,1,False,0,0,False
бэби-бум,N,N;ACC;SG,SEV,бэ́би-бѫм,0,1,1.0,0.0,1,False,0,0,False
вагонетка,N,N;ACC;SG,SEV,ваганетьцѫ́,1,1,1.0,0.0,1,False,0,0,False
вагончик,N,N;ACC;SG,SEV,ваганчи́ц,1,1,1.0,0.0,1,False,0,0,False
вазочка,N,N;ACC;SG,SEV,вазо́чьцѫ,2,1,1.0,0.0,1,False,0,0,False
вакцинация,N,N;ACC;SG,SEV,вакцинациѫ́,1,1,1.0,0.0,1,False,0,0,False
валик,N,N;ACC;SG,SEV,ва́лиц,0,1,1.0,0.0,1,False,0,0,False
валок,N,N;ACC;SG,SEV,вало́к,1,1,1.0,0.0,1,False,0,0,False
валькирия,N,N;ACC;SG,SEV,ва́льцириѫ,0,1,1.0,0.0,1,False,0,0,False
ванилин,N,N;ACC;SG,SEV,ва́нилин,0,1,1.0,0.0,1,False,0,0,False
варежка,N,N;ACC;SG,SEV,варе́жьцѫ,2,1,1.0,0.0,1,False,0,0,False
вариация,N,N;ACC;SG,SEV,вариациѫ́,1,1,1.0,0.0,1,False,0,0,False
ватрушка,N,N;ACC;SG,SEV,ватру́шьцѫ,2,1,1.0,0.0,1,False,0,0,False
ваххабизм,N,N;ACC;SG,SEV,ва́ххабизмъ,0,1,1.0,0.0,1,False,0,0,False
введение,N,N;ACC;SG,SEV,введенио́,1,1,1.0,0.0,1,False,0,0,False
ведёрко,N,N;ACC;SG,SEV,ве́дёрьца,0,1,1.0,0.0,1,False,0,0,False
ведущая,N,N;ACC;SG,SEV,ведуща́ѫ,2,1,1.0,0.0,1,False,0,0,False
везение,N,N;ACC;SG,SEV,ве́зениа,0,1,1.0,0.0,1,False,0,0,False
веко,N,N;ACC;SG,SEV,вѣ́ка,0,1,1.0,0.0,1,False,0,0,False
веление,N,N;ACC;SG,SEV,велени́а,2,1,1.0,0.0,1,False,0,0,False
величество,N,N;ACC;SG,SEV,величество́,1,1,1.0,0.0,1,False,0,0,False
величие,N,N;ACC;SG,SEV,величио́,1,1,1.0,0.0,1,False,0,0,False
велоконюшня,N,N;ACC;SG,SEV,ве́лаканюшнѫ,0,1,1.0,0.0,1,False,0,0,False
вельможа,N,N;ACC;SG,SEV,ве́льмажѫ,0,1,1.0,0.0,1,False,0,0,False
венчание,N,N;ACC;SG,SEV,ве́нчаниа,0,1,1.0,0.0,1,False,0,0,False
венчик,N,N;ACC;SG,SEV,вѣ́нчиц,0,1,1.0,0.0,1,False,0,0,False
вердикт,N,N;ACC;SG,SEV,вѣрди́цътъ,1,1,1.0,0.0,1,False,0,0,False
вереск,N,N;ACC;SG,SEV,врѣ́сьцъ,0,1,1.0,0.0,1,False,0,0,False
верёвочка,N,N;ACC;SG,SEV,верёвачьцѫ́,1,1,1.0,0.0,1,False,0,0,False
вермишель,N,N;ACC;SG,SEV,ве́рмишель,0,1,1.0,0.0,1,False,0,0,False
вермут,N,N;ACC;SG,SEV,верму́т,1,1,1.0,0.0,1,False,0,0,False
верование,N,N;ACC;SG,SEV,веравани́а,2,1,1.0,0.0,1,False,0,0,False
вероятие,N,N;ACC;SG,SEV,ве́раятиа,0,1,1.0,0.0,1,False,0,0,False
верстальщик,N,N;ACC;SG,SEV,верстальщи́ц,1,1,1.0,0.0,1,False,0,0,False
вертухай,N,N;ACC;SG,SEV,вертуха́,1,1,1.0,0.0,1,False,0,0,False
вертушка,N,N;ACC;SG,SEV,верту́шьцѫ,2,1,1.0,0.0,1,False,0,0,False
верхушка,N,N;ACC;SG,SEV,ве́рхушьцѫ,0,1,1.0,0.0,1,False,0,0,False
вершок,N,N;ACC;SG,SEV,ве́ршак,0,1,1.0,0.0,1,False,0,0,False
веснушка,N,N;ACC;SG,SEV,веснушьцѫ́,1,1,1.0,0.0,1,False,0,0,False
ветерок,N,N;ACC;SG,SEV,ветеро́к,1,1,1.0,0.0,1,False,0,0,False
веточка,N,N;ACC;SG,SEV,вето́чьцѫ,2,1,1.0,0.0,1,False,0,0,False
ветошь,N,N;ACC;SG,SEV,вето́шь,1,1,1.0,0.0,1,False,0,0,False
вечеринка,N,N;ACC;SG,SEV,вечериньцѫ́,1,1,1.0,0.0,1,False,0,0,False
вешание,N,N;ACC;SG,SEV,ве́шаниа,0,1,1.0,0.0,1,False,0,0,False
вещание,N,N;ACC;SG,SEV,ве́щаниа,0,1,1.0,0.0,1,False,0,0,False
вещдок,N,N;ACC;SG,SEV,вещдо́к,1,1,1.0,0.0,1,False,0,0,False
вещичка,N,N;ACC;SG,SEV,вещи́чьцѫ,2,1,1.0,0.0,1,False,0,0,False
вещмешок,N,N;ACC;SG,SEV,вещмешо́к,1,1,1.0,0.0,1,False,0,0,False
веяние,N,N;ACC;SG,SEV,веяни́а,2,1,1.0,0.0,1,False,0,0,False
вёрстка,N,N;ACC;SG,SEV,вё́рстьцѫ,0,1,1.0,0.0,1,False,0,0,False
взаимодействие,N,N;ACC;SG,SEV,взаимадействио́,1,1,1.0,0.0,1,False,0,0,False
взаимозависимость,N,N;ACC;SG,SEV,вза́имазависимасъть,0,1,1.0,0.0,1,False,0,0,False
взаимоотношение,N,N;ACC;SG,SEV,взаимаатнашѣни́а,2,1,1.0,0.0,1,False,0,0,False
вздорожание,N,N;ACC;SG,SEV,вздра́жаниа,0,1,1.0,0.0,1,False,0,0,False
взимание,N,N;ACC;SG,SEV,взи́маниа,0,1,1.0,0.0,1,False,0,0,False
взломщик,N,N;ACC;SG,SEV,взло́мщиц,0,1,1.0,0.0,1,False,0,0,False
взрывчатка,N,N;ACC;SG,SEV,взры́вчатьцѫ,0,1,1.0,0.0,1,False,0,0,False
взыскание,N,N;ACC;SG,SEV,взысканио́,1,1,1.0,0.0,1,False,0,0,False
взыскатель,N,N;ACC;SG,SEV,взыскате́ль,1,1,1.0,0.0,1,False,0,0,False
взятие,N,N;ACC;SG,SEV,взя́тиа,0,1,1.0,0.0,1,False,0,0,False
взятка,N,N;ACC;SG,SEV,взя́тьцѫ,0,1,1.0,0.0,1,False,0,0,False
вибрация,N,N;ACC;SG,SEV,вибраци́ѫ,2,1,1.0,0.0,1,False,0,0,False
визуализация,N,N;ACC;SG,SEV,визуализаци́ѫ,2,1,1.0,0.0,1,False,0,0,False
викарий,N,N;ACC;SG,SEV,ви́цари,0,1,1.0,0.0,1,False,0,0,False
виноделие,N,N;ACC;SG,SEV,винадели́а,2,1,1.0,0.0,1,False,0,0,False
вице-спикер,N,N;ACC;SG,SEV,вице-спице́р,1,1,1.0,0.0,1,False,0,0,False
вкладчик,N,N;ACC;SG,SEV,вкладчи́ц,1,1,1.0,0.0,1,False,0,0,False
включение,N,N;ACC;SG,SEV,вклю́чениа,0,1,1.0,0.0,1,False,0,0,False
владыка,N,N;ACC;SG,SEV,владыкѫ́,1,1,1.0,0.0,1,False,0,0,False
влечение,N,N;ACC;SG,SEV,влечени́а,2,1,1.0,0.0,1,False,0,0,False
вложение,N,N;ACC;SG,SEV,влажени́а,2,1,1.0,0.0,1,False,0,0,False
внедрение,N,N;ACC;SG,SEV,внѣдрѣни́а,2,1,1.0,0.0,1,False,0,0,False
внесение,N,N;ACC;SG,SEV,внесенио́,1,1,1.0,0.0,1,False,0,0,False
внучонок,N,N;ACC;SG,SEV,вну́чанак,0,1,1.0,0.0,1,False,0,0,False
внушение,N,N;ACC;SG,SEV,вну́шѣниа,0,1,1.0,0.0,1,False,0,0,False
вовлечение,N,N;ACC;SG,SEV,вавлечени́а,2,1,1.0,0.0,1,False,0,0,False
водичка,N,N;ACC;SG,SEV,во́дичьцѫ,0,1,1.0,0.0,1,False,0,0,False
водокрас,N,N;ACC;SG,SEV,вадакра́с,1,1,1.0,0.0,1,False,0,0,False
водолаз,N,N;ACC;SG,SEV,вадала́з,1,1,1.0,0.0,1,False,0,0,False
водонька,N,N;ACC;SG,SEV,во́даньцѫ,0,1,1.0,0.0,1,False,0,0,False
водораздел,N,N;ACC;SG,SEV,вадараздѣ́л,1,1,1.0,0.0,1,False,0,0,False
водоросель,N,N;ACC;SG,SEV,вадрасе́ль,1,1,1.0,0.0,1,False,0,0,False
водоснабжение,N,N;ACC;SG,SEV,во́даснабжениа,0,1,1.0,0.0,1,False,0,0,False
водосток,N,N;ACC;SG,SEV,во́дастак,0,1,1.0,0.0,1,False,0,0,False
водочка,N,N;ACC;SG,SEV,вадо́чьцѫ,2,1,1.0,0.0,1,False,0,0,False
военрук,N,N;ACC;SG,SEV,ваенру́к,1,1,1.0,0.0,1,False,0,0,False
вожак,N,N;ACC;SG,SEV,важа́к,1,1,1.0,0.0,1,False,0,0,False
вожделение,N,N;ACC;SG,SEV,важдѣлѣнио́,1,1,1.0,0.0,1,False,0,0,False
вождение,N,N;ACC;SG,SEV,важденио́,1,1,1.0,0.0,1,False,0,0,False
возведение,N,N;ACC;SG,SEV,во́зведениа,0,1,1.0,0.0,1,False,0,0,False
возвышенность,N,N;ACC;SG,SEV,вазвышенно́съть,1,1,1.0,0.0,1,False,0,0,False
воздействие,N,N;ACC;SG,SEV,во́здействиа,0,1,1.0,0.0,1,False,0,0,False
воздержание,N,N;ACC;SG,SEV,во́здѣржаниа,0,1,1.0,0.0,1,False,0,0,False
воззвание,N,N;ACC;SG,SEV,во́ззваниа,0,1,1.0,0.0,1,False,0,0,False
воззрение,N,N;ACC;SG,SEV,ваззренио́,1,1,1.0,0.0,1,False,0,0,False
возмездие,N,N;ACC;SG,SEV,вазмездио́,1,1,1.0,0.0,1,False,0,0,False
возмещение,N,N;ACC;SG,SEV,вазмещени́а,2,1,1.0,0.0,1,False,0,0,False
вознаграждение,N,N;ACC;SG,SEV,во́знаграждениа,0,1,1.0,0.0,1,False,0,0,False
вознесение,N,N;ACC;SG,SEV,во́знесениа,0,1,1.0,0.0,1,False,0,0,False
возникновение,N,N;ACC;SG,SEV,вазницнавѣни́а,2,1,1.0,0.0,1,False,0,0,False
возобновление,N,N;ACC;SG,SEV,вазабнавлѣни́а,2,1,1.0,0.0,1,False,0,0,False
возрождение,N,N;ACC;SG,SEV,вазраждени́а,2,1,1.0,0.0,1,False,0,0,False
воитель,N,N;ACC;SG,SEV,ваите́ль,1,1,1.0,0.0,1,False,0,0,False
вокалистка,N,N;ACC;SG,SEV,вакалистьцѫ́,1,1,1.0,0.0,1,False,0,0,False
вокзальчик,N,N;ACC;SG,SEV,во́кзальчиц,0,1,1.0,0.0,1,False,0,0,False
волкулак,N,N;ACC;SG,SEV,валкула́к,1,1,1.0,0.0,1,False,0,0,False
волосок,N,N;ACC;SG,SEV,вла́сак,0,1,1.0,0.0,1,False,0,0,False
волчонок,N,N;ACC;SG,SEV,валчано́к,1,1,1.0,0.0,1,False,0,0,False
волынка,N,N;ACC;SG,SEV,во́лыньцѫ,0,1,1.0,0.0,1,False,0,0,False
вонючка,N,N;ACC;SG,SEV,ваню́чьцѫ,2,1,1.0,0.0,1,False,0,0,False
воображение,N,N;ACC;SG,SEV,во́абражениа,0,1,1.0,0.0,1,False,0,0,False
вопросик,N,N;ACC;SG,SEV,вапраси́ц,1,1,1.0,0.0,1,False,0,0,False
воровка,N,N;ACC;SG,SEV,вра́вьцѫ,0,1,1.0,0.0,1,False,0,0,False
воронко,N,N;ACC;SG,SEV,вра́ньца,0,1,1.0,0.0,1,False,0,0,False
воскресение,N,N;ACC;SG,SEV,во́скресениа,0,1,1.0,0.0,1,False,0,0,False
воскрешение,N,N;ACC;SG,SEV,во́скрешениа,0,1,1.0,0.0,1,False,0,0,False
воспроизведение,N,N;ACC;SG,SEV,васпраизвѣдѣнио́,1,1,1.0,0.0,1,False,0,0,False
воссоединение,N,N;ACC;SG,SEV,вассаединенио́,1,1,1.0,0.0,1,False,0,0,False
воссоздание,N,N;ACC;SG,SEV,во́ссазданиа,0,1,1.0,0.0,1,False,0,0,False
восстановление,N,N;ACC;SG,SEV,васстанавлени́а,2,1,1.0,0.0,1,False,0,0,False
восхваление,N,N;ACC;SG,SEV,васхваленио́,1,1,1.0,0.0,1,False,0,0,False
восхождение,N,N;ACC;SG,SEV,васхаждени́а,2,1,1.0,0.0,1,False,0,0,False
восьмёрка,N,N;ACC;SG,SEV,васьмёрьцѫ́,1,1,1.0,0.0,1,False,0,0,False
вошка,N,N;ACC;SG,SEV,во́шьцѫ,0,1,1.0,0.0,1,False,0,0,False
вояка,N,N;ACC;SG,SEV,ваякѫ́,1,1,1.0,0.0,1,False,0,0,False
вредитель,N,N;ACC;SG,SEV,вредите́ль,1,1,1.0,0.0,1,False,0,0,False
вредительство,N,N;ACC;SG,SEV,врѣдитѣльство́,1,1,1.0,0.0,1,False,0,0,False
времяпрепровождение,N,N;ACC;SG,SEV,времяпреправажденио́,1,1,1.0,0.0,1,False,0,0,False
вручение,N,N;ACC;SG,SEV,вру́чениа,0,1,1.0,0.0,1,False,0,0,False
всасывание,N,N;ACC;SG,SEV,всасыванио́,1,1,1.0,0.0,1,False,0,0,False
всевышний,N,N;ACC;SG,SEV,всевышни́,1,1,1.0,0.0,1,False,0,0,False
всезнайка,N,N;ACC;SG,SEV,всезна́йьцѫ,2,1,1.0,0.0,1,False,0,0,False
всплеск,N,N;ACC;SG,SEV,вспле́сьцъ,0,1,1.0,0.0,1,False,0,0,False
вставка,N,N;ACC;SG,SEV,вста́вьцѫ,0,1,1.0,0.0,1,False,0,0,False
встречка,N,N;ACC;SG,SEV,встречьцѫ́,1,1,1.0,0.0,1,False,0,0,False
вступление,N,N;ACC;SG,SEV,всту́плениа,0,1,1.0,0.0,1,False,0,0,False
вундеркинд,N,N;ACC;SG,SEV,вѫ́ндѣркиндъ,0,1,1.0,0.0,1,False,0,0,False
вхождение,N,N;ACC;SG,SEV,вхажденио́,1,1,1.0,0.0,1,False,0,0,False
выведение,N,N;ACC;SG,SEV,выведени́а,2,1,1.0,0.0,1,False,0,0,False
выдвижение,N,N;ACC;SG,SEV,выдвижени́а,2,1,1.0,0.0,1,False,0,0,False
выделение,N,N;ACC;SG,SEV,выдѣлѣнио́,1,1,1.0,0.0,1,False,0,0,False
выкладка,N,N;ACC;SG,SEV,вы́кладьцѫ,0,1,1.0,0.0,1,False,0,0,False
выключение,N,N;ACC;SG,SEV,вы́ключѣниа,0,1,1.0,0.0,1,False,0,0,False
вылазка,N,N;ACC;SG,SEV,вы́лазьцѫ,0,1,1.0,0.0,1,False,0,0,False
вынесение,N,N;ACC;SG,SEV,вынесени́а,2,1,1.0,0.0,1,False,0,0,False
выплавка,N,N;ACC;SG,SEV,выплавьцѫ́,1,1,1.0,0.0,1,False,0,0,False
выродок,N,N;ACC;SG,SEV,вырадо́к,1,1,1.0,0.0,1,False,0,0,False
высадка,N,N;ACC;SG,SEV,выса́дьцѫ,2,1,1.0,0.0,1,False,0,0,False
выселение,N,N;ACC;SG,SEV,выселенио́,1,1,1.0,0.0,1,False,0,0,False
вытеснение,N,N;ACC;SG,SEV,вытеснени́а,2,1,1.0,0.0,1,False,0,0,False
вытрезвитель,N,N;ACC;SG,SEV,вытрезвите́ль,1,1,1.0,0.0,1,False,0,0,False
вьетнамка,N,N;ACC;SG,SEV,вьетнамьцѫ́,1,1,1.0,0.0,1,False,0,0,False
вязальщик,N,N;ACC;SG,SEV,вязальщи́ц,1,1,1.0,0.0,1,False,0,0,False
гагарка,N,N;ACC;SG,SEV,га́гарьцѫ,0,1,1.0,0.0,1,False,0,0,False
гадалка,N,N;ACC;SG,SEV,га́дальцѫ,0,1,1.0,0.0,1,False,0,0,False
гадание,N,N;ACC;SG,SEV,гадани́а,2,1,1.0,0.0,1,False,0,0,False
гад,N,N;ACC;SG,SEV,га́д,0,1,1.0,0.0,1,False,0,0,False
газетка,N,N;ACC;SG,SEV,га́зетьцѫ,0,1,1.0,0.0,1,False,0,0,False
газик,N,N;ACC;SG,SEV,гази́ц,1,1,1.0,0.0,1,False,0,0,False
гайдук,N,N;ACC;SG,SEV,га́йдук,0,1,1.0,0.0,1,False,0,0,False
галанка,N,N;ACC;SG,SEV,гала́ньцѫ,2,1,1.0,0.0,1,False,0,0,False
галлий,N,N;ACC;SG,SEV,га́лли,0,1,1.0,0.0,1,False,0,0,False
галоген,N,N;ACC;SG,SEV,галаге́н,1,1,1.0,0.0,1,False,0,0,False
гамак,N,N;ACC;SG,SEV,гама́к,1,1,1.0,0.0,1,False,0,0,False
гарда,N,N;ACC;SG,SEV,гардѫ́,1,1,1.0,0.0,1,False,0,0,False
гармошка,N,N;ACC;SG,SEV,гармашьцѫ́,1,1,1.0,0.0,1,False,0,0,False
гастарбайтер,N,N;ACC;SG,SEV,гастарбайте́р,1,1,1.0,0.0,1,False,0,0,False
гастроном,N,N;ACC;SG,SEV,гастрано́м,1,1,1.0,0.0,1,False,0,0,False
гать,N,N;ACC;SG,SEV,га́ть,0,1,1.0,0.0,1,False,0,0,False
гафний,N,N;ACC;SG,SEV,га́фни,0,1,1.0,0.0,1,False,0,0,False
гачек,N,N;ACC;SG,SEV,гаче́к,1,1,1.0,0.0,1,False,0,0,False
гвардия,N,N;ACC;SG,SEV,гвардиѫ́,1,1,1.0,0.0,1,False,0,0,False
гей-брак,N,N;ACC;SG,SEV,гѣй-бра́к,1,1,1.0,0.0,1,False,0,0,False
гей-издание,N,N;ACC;SG,SEV,гей-издани́а,2,1,1.0,0.0,1,False,0,0,False
генератор,N,N;ACC;SG,SEV,генерато́р,1,1,1.0,0.0,1,False,0,0,False
генпрокурор,N,N;ACC;SG,SEV,гѣнпракуро́р,1,1,1.0,0.0,1,False,0,0,False
генсек,N,N;ACC;SG,SEV,гѣнсѣ́к,1,1,1.0,0.0,1,False,0,0,False
геодезия,N,N;ACC;SG,SEV,геадезиѫ́,1,1,1.0,0.0,1,False,0,0,False
геолог,N,N;ACC;SG,SEV,гела́г,1,1,1.0,0.0,1,False,0,0,False
геология,N,N;ACC;SG,SEV,ге́лагиѫ,0,1,1.0,0.0,1,False,0,0,False
геометрия,N,N;ACC;SG,SEV,геаметри́ѫ,2,1,1.0,0.0,1,False,0,0,False
гидрометла,N,N;ACC;SG,SEV,гидраме́тлѫ,2,1,1.0,0.0,1,False,0,0,False
гидрофойл,N,N;ACC;SG,SEV,гидрафо́йлъ,1,1,1.0,0.0,1,False,0,0,False
гильдия,N,N;ACC;SG,SEV,ги́льдиѫ,0,1,1.0,0.0,1,False,0,0,False
гильза,N,N;ACC;SG,SEV,гильзѫ́,1,1,1.0,0.0,1,False,0,0,False
гипербола,N,N;ACC;SG,SEV,гипербо́лѫ,2,1,1.0,0.0,1,False,0,0,False
гипс,N,N;ACC;SG,SEV,ги́пъсъ,0,1,1.0,0.0,1,False,0,0,False
гланда,N,N;ACC;SG,SEV,гла́ндѫ,0,1,1.0,0.0,1,False,0,0,False
глубинка,N,N;ACC;SG,SEV,глубиньцѫ́,1,1,1.0,0.0,1,False,0,0,False
глушняк,N,N;ACC;SG,SEV,глу́шняк,0,1,1.0,0.0,1,False,0,0,False
глыба,N,N;ACC;SG,SEV,глы́бѫ,0,1,1.0,0.0,1,False,0,0,False
гнида,N,N;ACC;SG,SEV,гни́дѫ,0,1,1.0,0.0,1,False,0,0,False
гнойник,N,N;ACC;SG,SEV,гнайни́ц,1,1,1.0,0.0,1,False,0,0,False
гоблин,N,N;ACC;SG,SEV,габли́н,1,1,1.0,0.0,1,False,0,0,False
говнюк,N,N;ACC;SG,SEV,го́внюк,0,1,1.0,0.0,1,False,0,0,False
годик,N,N;ACC;SG,SEV,гади́ц,1,1,1.0,0.0,1,False,0,0,False
година,N,N;ACC;SG,SEV,гади́нѫ,2,1,1.0,0.0,1,False,0,0,False
голландка,N,N;ACC;SG,SEV,галландьцѫ́,1,1,1.0,0.0,1,False,0,0,False
головка,N,N;ACC;SG,SEV,гла́вьцѫ,0,1,1.0,0.0,1,False,0,0,False
голубок,N,N;ACC;SG,SEV,галубо́к,1,1,1.0,0.0,1,False,0,0,False
гомик,N,N;ACC;SG,SEV,гами́ц,1,1,1.0,0.0,1,False,0,0,False
гомофобия,N,N;ACC;SG,SEV,го́мафабиѫ,0,1,1.0,0.0,1,False,0,0,False
гонение,N,N;ACC;SG,SEV,го́нениа,0,1,1.0,0.0,1,False,0,0,False
гонщик,N,N;ACC;SG,SEV,ганщи́ц,1,1,1.0,0.0,1,False,0,0,False
гопник,N,N;ACC;SG,SEV,гапни́ц,1,1,1.0,0.0,1,False,0,0,False
горбушка,N,N;ACC;SG,SEV,гарбу́шьцѫ,2,1,1.0,0.0,1,False,0,0,False
гордыня,N,N;ACC;SG,SEV,го́рдынѫ,0,1,1.0,0.0,1,False,0,0,False
горение,N,N;ACC;SG,SEV,го́рениа,0,1,1.0,0.0,1,False,0,0,False
горилка,N,N;ACC;SG,SEV,гари́льцѫ,2,1,1.0,0.0,1,False,0,0,False
горилла,N,N;ACC;SG,SEV,го́риллѫ,0,1,1.0,0.0,1,False,0,0,False
горлышко,N,N;ACC;SG,SEV,го́рлышьца,0,1,1.0,0.0,1,False,0,0,False
горняк,N,N;ACC;SG,SEV,гарня́к,1,1,1.0,0.0,1,False,0,0,False
горячка,N,N;ACC;SG,SEV,гарячьцѫ́,1,1,1.0,0.0,1,False,0,0,False
госслужащий,N,N;ACC;SG,SEV,го́сслужащи,0,1,1.0,0.0,1,False,0,0,False
гост,N,N;ACC;SG,SEV,го́сътъ,0,1,1.0,0.0,1,False,0,0,False
гот,N,N;ACC;SG,SEV,го́т,0,1,1.0,0.0,1,False,0,0,False
граб,N,N;ACC;SG,SEV,гра́б,0,1,1.0,0.0,1,False,0,0,False
граммофон,N,N;ACC;SG,SEV,граммафо́н,1,1,1.0,0.0,1,False,0,0,False
грант,N,N;ACC;SG,SEV,гра́нтъ,0,1,1.0,0.0,1,False,0,0,False
гренок,N,N;ACC;SG,SEV,грѣно́к,1,1,1.0,0.0,1,False,0,0,False
гречанка,N,N;ACC;SG,SEV,гре́чаньцѫ,0,1,1.0,0.0,1,False,0,0,False
грешник,N,N;ACC;SG,SEV,гре́шниц,0,1,1.0,0.0,1,False,0,0,False
грешок,N,N;ACC;SG,SEV,грешо́к,1,1,1.0,0.0,1,False,0,0,False
грёза,N,N;ACC;SG,SEV,грё́зѫ,0,1,1.0,0.0,1,False,0,0,False
грибок,N,N;ACC;SG,SEV,грибо́к,1,1,1.0,0.0,1,False,0,0,False
гроздь,N,N;ACC;SG,SEV,гро́зъдь,0,1,1.0,0.0,1,False,0,0,False
грот,N,N;ACC;SG,SEV,гро́т,0,1,1.0,0.0,1,False,0,0,False
груда,N,N;ACC;SG,SEV,гру́дѫ,0,1,1.0,0.0,1,False,0,0,False
груз,N,N;ACC;SG,SEV,гру́з,0,1,1.0,0.0,1,False,0,0,False
грузинка,N,N;ACC;SG,SEV,грузиньцѫ́,1,1,1.0,0.0,1,False,0,0,False
грузчик,N,N;ACC;SG,SEV,грузчи́ц,1,1,1.0,0.0,1,False,0,0,False
грыза,N,N;ACC;SG,SEV,гры́зѫ,0,1,1.0,0.0,1,False,0,0,False
гряда,N,N;ACC;SG,SEV,грядѫ́,1,1,1.0,0.0,1,False,0,0,False
губнушка,N,N;ACC;SG,SEV,гу́бнушьцѫ,0,1,1.0,0.0,1,False,0,0,False
гуглофон,N,N;ACC;SG,SEV,гу́глафан,0,1,1.0,0.0,1,False,0,0,False
гудение,N,N;ACC;SG,SEV,гудени́а,2,1,1.0,0.0,1,False,0,0,False
гуляка,N,N;ACC;SG,SEV,гулякѫ́,1,1,1.0,0.0,1,False,0,0,False
гурт,N,N;ACC;SG,SEV,гу́ртъ,0,1,1.0,0.0,1,False,0,0,False
дамочка,N,N;ACC;SG,SEV,дамачьцѫ́,1,1,1.0,0.0,1,False,0,0,False
данник,N,N;ACC;SG,SEV,да́нниц,0,1,1.0,0.0,1,False,0,0,False
датирование,N,N;ACC;SG,SEV,датираванио́,1,1,1.0,0.0,1,False,0,0,False
датчанка,N,N;ACC;SG,SEV,датча́ньцѫ,2,1,1.0,0.0,1,False,0,0,False
дачник,N,N;ACC;SG,SEV,дачни́ц,1,1,1.0,0.0,1,False,0,0,False
дверца,N,N;ACC;SG,SEV,двѣ́рцѫ,0,1,1.0,0.0,1,False,0,0,False
двоежёнство,N,N;ACC;SG,SEV,дваежё́нства,2,1,1.0,0.0,1,False,0,0,False
двоеперстие,N,N;ACC;SG,SEV,дво́еперстиа,0,1,1.0,0.0,1,False,0,0,False
двоеточие,N,N;ACC;SG,SEV,дваетачи́а,2,1,1.0,0.0,1,False,0,0,False
двоечница,N,N;ACC;SG,SEV,дво́ечницѫ,0,1,1.0,0.0,1,False,0,0,False
двойник,N,N;ACC;SG,SEV,дво́йниц,0,1,1.0,0.0,1,False,0,0,False
дворянин,N,N;ACC;SG,SEV,дваряни́н,1,1,1.0,0.0,1,False,0,0,False
дворянка,N,N;ACC;SG,SEV,дво́ряньцѫ,0,1,1.0,0.0,1,False,0,0,False
двуперстие,N,N;ACC;SG,SEV,двупѣрсти́а,2,1,1.0,0.0,1,False,0,0,False
двуручка,N,N;ACC;SG,SEV,двуручьцѫ́,1,1,1.0,0.0,1,False,0,0,False
девиация,N,N;ACC;SG,SEV,девиаци́ѫ,2,1,1.0,0.0,1,False,0,0,False
девочка-подросток,N,N;ACC;SG,SEV,девачка-падрасто́к,1,1,1.0,0.0,1,False,0,0,False
девственница,N,N;ACC;SG,SEV,де́вственницѫ,0,1,1.0,0.0,1,False,0,0,False
девятка,N,N;ACC;SG,SEV,девятьцѫ́,1,1,1.0,0.0,1,False,0,0,False
дежурная,N,N;ACC;SG,SEV,де́журнаѫ,0,1,1.0,0.0,1,False,0,0,False
действо,N,N;ACC;SG,SEV,действо́,1,1,1.0,0.0,1,False,0,0,False
декалитр,N,N;ACC;SG,SEV,декали́тръ,1,1,1.0,0.0,1,False,0,0,False
делец,N,N;ACC;SG,SEV,деле́ц,1,1,1.0,0.0,1,False,0,0,False
демонстрантка,N,N;ACC;SG,SEV,деманстрантьцѫ́,1,1,1.0,0.0,1,False,0,0,False
демпинг,N,N;ACC;SG,SEV,де́мпиньзъ,0,1,1.0,0.0,1,False,0,0,False
дендрарий,N,N;ACC;SG,SEV,дендрари́,1,1,1.0,0.0,1,False,0,0,False
деньга,N,N;ACC;SG,SEV,де́ньзѫ,0,1,1.0,0.0,1,False,0,0,False
депрессия,N,N;ACC;SG,SEV,дѣ́прѣссиѫ,0,1,1.0,0.0,1,False,0,0,False
деревенька,N,N;ACC;SG,SEV,дрѣ́веньцѫ,0,1,1.0,0.0,1,False,0,0,False
дереворубка,N,N;ACC;SG,SEV,дрѣвару́бьцѫ,2,1,1.0,0.0,1,False,0,0,False
деревушка,N,N;ACC;SG,SEV,дрѣвушьцѫ́,1,1,1.0,0.0,1,False,0,0,False
деревянка,N,N;ACC;SG,SEV,дрѣвя́ньцѫ,2,1,1.0,0.0,1,False,0,0,False
деревяшка,N,N;ACC;SG,SEV,дрѣвя́шьцѫ,2,1,1.0,0.0,1,False,0,0,False
деспотия,N,N;ACC;SG,SEV,де́спатиѫ,0,1,1.0,0.0,1,False,0,0,False
десятилетие,N,N;ACC;SG,SEV,десятилети́а,2,1,1.0,0.0,1,False,0,0,False
десятина,N,N;ACC;SG,SEV,дѣсятинѫ́,1,1,1.0,0.0,1,False,0,0,False
детёнок,N,N;ACC;SG,SEV,детёно́к,1,1,1.0,0.0,1,False,0,0,False
детёныш,N,N;ACC;SG,SEV,детёны́ш,1,1,1.0,0.0,1,False,0,0,False
детонатор,N,N;ACC;SG,SEV,детанато́р,1,1,1.0,0.0,1,False,0,0,False
дехканин,N,N;ACC;SG,SEV,дехкани́н,1,1,1.0,0.0,1,False,0,0,False
децилитр,N,N;ACC;SG,SEV,децили́тръ,1,1,1.0,0.0,1,False,0,0,False
деяние,N,N;ACC;SG,SEV,деяни́а,2,1,1.0,0.0,1,False,0,0,False
диванчик,N,N;ACC;SG,SEV,диванчи́ц,1,1,1.0,0.0,1,False,0,0,False
диверсия,N,N;ACC;SG,SEV,диверсиѫ́,1,1,1.0,0.0,1,False,0,0,False
дивизион,N,N;ACC;SG,SEV,дивизио́н,1,1,1.0,0.0,1,False,0,0,False
динамика,N,N;ACC;SG,SEV,динамицѫ́,1,1,1.0,0.0,1,False,0,0,False
директория,N,N;ACC;SG,SEV,директари́ѫ,2,1,1.0,0.0,1,False,0,0,False
дирекция,N,N;ACC;SG,SEV,ди́рекциѫ,0,1,1.0,0.0,1,False,0,0,False
дирижабль,N,N;ACC;SG,SEV,дирижа́бль,1,1,1.0,0.0,1,False,0,0,False
дисплей,N,N;ACC;SG,SEV,диспле́,1,1,1.0,0.0,1,False,0,0,False
диспрозий,N,N;ACC;SG,SEV,диспрази́,1,1,1.0,0.0,1,False,0,0,False
дистрибьютер,N,N;ACC;SG,SEV,ди́стрибьютер,0,1,1.0,0.0,1,False,0,0,False
дистрибьютор,N,N;ACC;SG,SEV,ди́стрибьютар,0,1,1.0,0.0,1,False,0,0,False
дисфория,N,N;ACC;SG,SEV,дисфари́ѫ,2,1,1.0,0.0,1,False,0,0,False
дисциплина,N,N;ACC;SG,SEV,дисципли́нѫ,2,1,1.0,0.0,1,False,0,0,False
дитё,N,N;ACC;SG,SEV,дитё́,1,1,1.0,0.0,1,False,0,0,False
дитёнок,N,N;ACC;SG,SEV,ди́тёнак,0,1,1.0,0.0,1,False,0,0,False
дифтонг,N,N;ACC;SG,SEV,дифто́ньзъ,1,1,1.0,0.0,1,False,0,0,False
дневальный,N,N;ACC;SG,SEV,дневальны́,1,1,1.0,0.0,1,False,0,0,False
дневник,N,N;ACC;SG,SEV,дне́вниц,0,1,1.0,0.0,1,False,0,0,False
днюха,N,N;ACC;SG,SEV,днюхѫ́,1,1,1.0,0.0,1,False,0,0,False
добавка,N,N;ACC;SG,SEV,даба́вьцѫ,2,1,1.0,0.0,1,False,0,0,False
доберман-пинчер,N,N;ACC;SG,SEV,даберман-пинче́р,1,1,1.0,0.0,1,False,0,0,False
доброжелатель,N,N;ACC;SG,SEV,до́бражѣлатѣль,0,1,1.0,0.0,1,False,0,0,False
довольствие,N,N;ACC;SG,SEV,давальствио́,1,1,1.0,0.0,1,False,0,0,False
догадка,N,N;ACC;SG,SEV,дага́дьцѫ,2,1,1.0,0.0,1,False,0,0,False
дог,N,N;ACC;SG,SEV,до́г,0,1,1.0,0.0,1,False,0,0,False
дождевик,N,N;ACC;SG,SEV,даждеви́ц,1,1,1.0,0.0,1,False,0,0,False
дож,N,N;ACC;SG,SEV,до́ж,0,1,1.0,0.0,1,False,0,0,False
дознаватель,N,N;ACC;SG,SEV,до́знаватель,0,1,1.0,0.0,1,False,0,0,False
дознание,N,N;ACC;SG,SEV,до́знаниа,0,1,1.0,0.0,1,False,0,0,False
докладчик,N,N;ACC;SG,SEV,дакладчи́ц,1,1,1.0,0.0,1,False,0,0,False
докторишка,N,N;ACC;SG,SEV,дактаришьцѫ́,1,1,1.0,0.0,1,False,0,0,False
долгоносик,N,N;ACC;SG,SEV,далганаси́ц,1,1,1.0,0.0,1,False,0,0,False
должник,N,N;ACC;SG,SEV,до́лжниц,0,1,1.0,0.0,1,False,0,0,False
донг,N,N;ACC;SG,SEV,до́ньзъ,0,1,1.0,0.0,1,False,0,0,False
доносчик,N,N;ACC;SG,SEV,данасчи́ц,1,1,1.0,0.0,1,False,0,0,False
допечатка,N,N;ACC;SG,SEV,дапеча́тьцѫ,2,1,1.0,0.0,1,False,0,0,False
допинг,N,N;ACC;SG,SEV,до́пиньзъ,0,1,1.0,0.0,1,False,0,0,False
доспех,N,N;ACC;SG,SEV,до́спех,0,1,1.0,0.0,1,False,0,0,False
досуг,N,N;ACC;SG,SEV,до́суг,0,1,1.0,0.0,1,False,0,0,False
дотация,N,N;ACC;SG,SEV,до́тациѫ,0,1,1.0,0.0,1,False,0,0,False
доха,N,N;ACC;SG,SEV,до́хѫ,0,1,1.0,0.0,1,False,0,0,False
дохлятина,N,N;ACC;SG,SEV,дахлятинѫ́,1,1,1.0,0.0,1,False,0,0,False
дошколёнок,N,N;ACC;SG,SEV,дашкалёно́к,1,1,1.0,0.0,1,False,0,0,False
доярка,N,N;ACC;SG,SEV,дая́рьцѫ,2,1,1.0,0.0,1,False,0,0,False
драхма,N,N;ACC;SG,SEV,дра́хмѫ,0,1,1.0,0.0,1,False,0,0,False
древесница,N,N;ACC;SG,SEV,древесни́цѫ,2,1,1.0,0.0,1,False,0,0,False
древлянин,N,N;ACC;SG,SEV,дрѣ́влянин,0,1,1.0,0.0,1,False,0,0,False
древонасаждение,N,N;ACC;SG,SEV,древанасажденио́,1,1,1.0,0.0,1,False,0,0,False
древотёрка,N,N;ACC;SG,SEV,дре́ватёрьцѫ,0,1,1.0,0.0,1,False,0,0,False
дробовик,N,N;ACC;SG,SEV,дро́бавиц,0,1,1.0,0.0,1,False,0,0,False
дровозаготовка,N,N;ACC;SG,SEV,дравазагато́вьцѫ,2,1,1.0,0.0,1,False,0,0,False
дровосек,N,N;ACC;SG,SEV,дравасе́к,1,1,1.0,0.0,1,False,0,0,False
дрога,N,N;ACC;SG,SEV,дро́гѫ,0,1,1.0,0.0,1,False,0,0,False
дубинка,N,N;ACC;SG,SEV,дубиньцѫ́,1,1,1.0,0.0,1,False,0,0,False
дудук,N,N;ACC;SG,SEV,дуду́к,1,1,1.0,0.0,1,False,0,0,False
дуновение,N,N;ACC;SG,SEV,дунавенио́,1,1,1.0,0.0,1,False,0,0,False
дуриан,N,N;ACC;SG,SEV,дуриа́н,1,1,1.0,0.0,1,False,0,0,False
дхарма,N,N;ACC;SG,SEV,дха́рмѫ,0,1,1.0,0.0,1,False,0,0,False
дьячество,N,N;ACC;SG,SEV,дья́чѣства,0,1,1.0,0.0,1,False,0,0,False
дяденька,N,N;ACC;SG,SEV,дя́деньцѫ,0,1,1.0,0.0,1,False,0,0,False
еврейка,N,N;ACC;SG,SEV,евре́йьцѫ,2,1,1.0,0.0,1,False,0,0,False
европейка,N,N;ACC;SG,SEV,ѣврапѣ́йьцѫ,2,1,1.0,0.0,1,False,0,0,False
европий,N,N;ACC;SG,SEV,еврапи́,1,1,1.0,0.0,1,False,0,0,False
единоборство,N,N;ACC;SG,SEV,е́динабарства,0,1,1.0,0.0,1,False,0,0,False
епархия,N,N;ACC;SG,SEV,епархи́ѫ,2,1,1.0,0.0,1,False,0,0,False
епитимья,N,N;ACC;SG,SEV,ѣпити́мьѫ,2,1,1.0,0.0,1,False,0,0,False
ермолка,N,N;ACC;SG,SEV,ермо́льцѫ,2,1,1.0,0.0,1,False,0,0,False
есаул,N,N;ACC;SG,SEV,есау́л,1,1,1.0,0.0,1,False,0,0,False
ехидна,N,N;ACC;SG,SEV,ѣхиднѫ́,1,1,1.0,0.0,1,False,0,0,False
ёлка,N,N;ACC;SG,SEV,ё́льцѫ,0,1,1.0,0.0,1,False,0,0,False
ёлочка,N,N;ACC;SG,SEV,ёло́чьцѫ,2,1,1.0,0.0,1,False,0,0,False
жабра,N,N;ACC;SG,SEV,жа́брѫ,0,1,1.0,0.0,1,False,0,0,False
жанр,N,N;ACC;SG,SEV,жа́нръ,0,1,1.0,0.0,1,False,0,0,False
жаргон,N,N;ACC;SG,SEV,жарго́н,1,1,1.0,0.0,1,False,0,0,False
жаровня,N,N;ACC;SG,SEV,жаро́внѫ,2,1,1.0,0.0,1,False,0,0,False
жвачка,N,N;ACC;SG,SEV,жва́чьцѫ,0,1,1.0,0.0,1,False,0,0,False
жевело,N,N;ACC;SG,SEV,жеве́ла,2,1,1.0,0.0,1,False,0,0,False
железка,N,N;ACC;SG,SEV,железьцѫ́,1,1,1.0,0.0,1,False,0,0,False
желток,N,N;ACC;SG,SEV,желто́к,1,1,1.0,0.0,1,False,0,0,False
женьшень,N,N;ACC;SG,SEV,женьше́нь,1,1,1.0,0.0,1,False,0,0,False
жертвенник,N,N;ACC;SG,SEV,же́ртвенниц,0,1,1.0,0.0,1,False,0,0,False
жёрнов,N,N;ACC;SG,SEV,жёрно́в,1,1,1.0,0.0,1,False,0,0,False
жилка,N,N;ACC;SG,SEV,жи́льцѫ,0,1,1.0,0.0,1,False,0,0,False
жонглёр,N,N;ACC;SG,SEV,жо́нглёр,0,1,1.0,0.0,1,False,0,0,False
жопошник,N,N;ACC;SG,SEV,жапашни́ц,1,1,1.0,0.0,1,False,0,0,False
забвение,N,N;ACC;SG,SEV,за́бвениа,0,1,1.0,0.0,1,False,0,0,False
забияка,N,N;ACC;SG,SEV,за́биякѫ,0,1,1.0,0.0,1,False,0,0,False
забывчивость,N,N;ACC;SG,SEV,за́бывчивасъть,0,1,1.0,0.0,1,False,0,0,False
заварка,N,N;ACC;SG,SEV,зава́рьцѫ,2,1,1.0,0.0,1,False,0,0,False
заведение,N,N;ACC;SG,SEV,заведени́а,2,1,1.0,0.0,1,False,0,0,False
заверение,N,N;ACC;SG,SEV,заврѣнио́,1,1,1.0,0.0,1,False,0,0,False
завершение,N,N;ACC;SG,SEV,завершени́а,2,1,1.0,0.0,1,False,0,0,False
зав,N,N;ACC;SG,SEV,за́в,0,1,1.0,0.0,1,False,0,0,False
завивание,N,N;ACC;SG,SEV,за́виваниа,0,1,1.0,0.0,1,False,0,0,False
завирушка,N,N;ACC;SG,SEV,за́вирушьцѫ,0,1,1.0,0.0,1,False,0,0,False
завязка,N,N;ACC;SG,SEV,за́вязьцѫ,0,1,1.0,0.0,1,False,0,0,False
загадка,N,N;ACC;SG,SEV,зага́дьцѫ,2,1,1.0,0.0,1,False,0,0,False
заготовка,N,N;ACC;SG,SEV,за́гатавьцѫ,0,1,1.0,0.0,1,False,0,0,False
задачка,N,N;ACC;SG,SEV,задачьцѫ́,1,1,1.0,0.0,1,False,0,0,False
задержка,N,N;ACC;SG,SEV,за́дѣржьцѫ,0,1,1.0,0.0,1,False,0,0,False
задок,N,N;ACC;SG,SEV,за́дак,0,1,1.0,0.0,1,False,0,0,False
задумчивость,N,N;ACC;SG,SEV,за́думчивасъть,0,1,1.0,0.0,1,False,0,0,False
заёмщик,N,N;ACC;SG,SEV,заёмщи́ц,1,1,1.0,0.0,1,False,0,0,False
зажигалка,N,N;ACC;SG,SEV,зажиза́льцѫ,2,1,1.0,0.0,1,False,0,0,False
зажигание,N,N;ACC;SG,SEV,за́жизаниа,0,1,1.0,0.0,1,False,0,0,False
заземление,N,N;ACC;SG,SEV,заземленио́,1,1,1.0,0.0,1,False,0,0,False
заигрывание,N,N;ACC;SG,SEV,за́изрываниа,0,1,1.0,0.0,1,False,0,0,False
заимствование,N,N;ACC;SG,SEV,заимстваванио́,1,1,1.0,0.0,1,False,0,0,False
зайчонок,N,N;ACC;SG,SEV,зайчано́к,1,1,1.0,0.0,1,False,0,0,False
заказчик,N,N;ACC;SG,SEV,заказчи́ц,1,1,1.0,0.0,1,False,0,0,False
закалка,N,N;ACC;SG,SEV,за́кальцѫ,0,1,1.0,0.0,1,False,0,0,False
закладка,N,N;ACC;SG,SEV,закла́дьцѫ,2,1,1.0,0.0,1,False,0,0,False
заклёпка,N,N;ACC;SG,SEV,заклё́пьцѫ,2,1,1.0,0.0,1,False,0,0,False
заклинание,N,N;ACC;SG,SEV,за́клинаниа,0,1,1.0,0.0,1,False,0,0,False
закоулок,N,N;ACC;SG,SEV,закауло́к,1,1,1.0,0.0,1,False,0,0,False
закрепление,N,N;ACC;SG,SEV,закрепленио́,1,1,1.0,0.0,1,False,0,0,False
залог,N,N;ACC;SG,SEV,зало́г,1,1,1.0,0.0,1,False,0,0,False
замазка,N,N;ACC;SG,SEV,за́мазьцѫ,0,1,1.0,0.0,1,False,0,0,False
замедление,N,N;ACC;SG,SEV,за́медлениа,0,1,1.0,0.0,1,False,0,0,False
заметка,N,N;ACC;SG,SEV,заметьцѫ́,1,1,1.0,0.0,1,False,0,0,False
замещение,N,N;ACC;SG,SEV,за́мещениа,0,1,1.0,0.0,1,False,0,0,False
зам,N,N;ACC;SG,SEV,за́м,0,1,1.0,0.0,1,False,0,0,False
замыкание,N,N;ACC;SG,SEV,за́мыканиа,0,1,1.0,0.0,1,False,0,0,False
заполнение,N,N;ACC;SG,SEV,запалненио́,1,1,1.0,0.0,1,False,0,0,False
заполнитель,N,N;ACC;SG,SEV,запалните́ль,1,1,1.0,0.0,1,False,0,0,False
запонка,N,N;ACC;SG,SEV,за́паньцѫ,0,1,1.0,0.0,1,False,0,0,False
заправка,N,N;ACC;SG,SEV,заправьцѫ́,1,1,1.0,0.0,1,False,0,0,False
запрещение,N,N;ACC;SG,SEV,за́прѣщѣниа,0,1,1.0,0.0,1,False,0,0,False
зарождение,N,N;ACC;SG,SEV,зараждени́а,2,1,1.0,0.0,1,False,0,0,False
зарянка,N,N;ACC;SG,SEV,заря́ньцѫ,2,1,1.0,0.0,1,False,0,0,False
застенок,N,N;ACC;SG,SEV,за́стенак,0,1,1.0,0.0,1,False,0,0,False
застёжка,N,N;ACC;SG,SEV,застёжьцѫ́,1,1,1.0,0.0,1,False,0,0,False
застреха,N,N;ACC;SG,SEV,за́стрехѫ,0,1,1.0,0.0,1,False,0,0,False
застройка,N,N;ACC;SG,SEV,застро́йьцѫ,2,1,1.0,0.0,1,False,0,0,False
застройщик,N,N;ACC;SG,SEV,застрайщи́ц,1,1,1.0,0.0,1,False,0,0,False
затмение,N,N;ACC;SG,SEV,за́тмениа,0,1,1.0,0.0,1,False,0,0,False
затяжка,N,N;ACC;SG,SEV,затяжьцѫ́,1,1,1.0,0.0,1,False,0,0,False
захватчик,N,N;ACC;SG,SEV,захватчи́ц,1,1,1.0,0.0,1,False,0,0,False
заявка,N,N;ACC;SG,SEV,зая́вьцѫ,2,1,1.0,0.0,1,False,0,0,False
зверёнок,N,N;ACC;SG,SEV,зверёно́к,1,1,1.0,0.0,1,False,0,0,False
зверство,N,N;ACC;SG,SEV,зве́рства,0,1,1.0,0.0,1,False,0,0,False
здравие,N,N;ACC;SG,SEV,здра́виа,0,1,1.0,0.0,1,False,0,0,False
здравоохранение,N,N;ACC;SG,SEV,здраваахраненио́,1,1,1.0,0.0,1,False,0,0,False
зевака,N,N;ACC;SG,SEV,зе́вакѫ,0,1,1.0,0.0,1,False,0,0,False
зеленушка,N,N;ACC;SG,SEV,зеленушьцѫ́,1,1,1.0,0.0,1,False,0,0,False
землетрясение,N,N;ACC;SG,SEV,землетрясенио́,1,1,1.0,0.0,1,False,0,0,False
земляк,N,N;ACC;SG,SEV,зе́мляк,0,1,1.0,0.0,1,False,0,0,False
землянин,N,N;ACC;SG,SEV,земляни́н,1,1,1.0,0.0,1,False,0,0,False
землянка,N,N;ACC;SG,SEV,земляньцѫ́,1,1,1.0,0.0,1,False,0,0,False
земство,N,N;ACC;SG,SEV,зѣмство́,1,1,1.0,0.0,1,False,0,0,False
зенитчик,N,N;ACC;SG,SEV,зѣнитчи́ц,1,1,1.0,0.0,1,False,0,0,False
зеркальце,N,N;ACC;SG,SEV,зе́ркальца,0,1,1.0,0.0,1,False,0,0,False
зерновозка,N,N;ACC;SG,SEV,зѣрнавазьцѫ́,1,1,1.0,0.0,1,False,0,0,False
злодейство,N,N;ACC;SG,SEV,зладѣ́йства,2,1,1.0,0.0,1,False,0,0,False
злотый,N,N;ACC;SG,SEV,зло́ты,0,1,1.0,0.0,1,False,0,0,False
змеёнок,N,N;ACC;SG,SEV,змеёно́к,1,1,1.0,0.0,1,False,0,0,False
змеёныш,N,N;ACC;SG,SEV,змѣёны́ш,1,1,1.0,0.0,1,False,0,0,False
знамение,N,N;ACC;SG,SEV,знамени́а,2,1,1.0,0.0,1,False,0,0,False
зной,N,N;ACC;SG,SEV,зно́,0,1,1.0,0.0,1,False,0,0,False
зодчество,N,N;ACC;SG,SEV,задчество́,1,1,1.0,0.0,1,False,0,0,False
зодчий,N,N;ACC;SG,SEV,задчи́,1,1,1.0,0.0,1,False,0,0,False
зоолог,N,N;ACC;SG,SEV,зала́г,1,1,0.8,0.0,1,False,0,0,False
зоология,N,N;ACC;SG,SEV,залагиѫ́,1,1,0.8888888888888888,0.0,1,False,0,0,False
зубец,N,N;ACC;SG,SEV,зу́бец,0,1,1.0,0.0,1,False,0,0,False
зубочистка,N,N;ACC;SG,SEV,зубачи́стьцѫ,2,1,1.0,0.0,1,False,0,0,False
зубчик,N,N;ACC;SG,SEV,зубчи́ц,1,1,1.0,0.0,1,False,0,0,False
иголка,N,N;ACC;SG,SEV,и́зальцѫ,0,1,1.0,0.0,1,False,0,0,False
идиотка,N,N;ACC;SG,SEV,идиатьцѫ́,1,1,1.0,0.0,1,False,0,0,False
избавление,N,N;ACC;SG,SEV,избавленио́,1,1,1.0,0.0,1,False,0,0,False
избиение,N,N;ACC;SG,SEV,избиени́а,2,1,1.0,0.0,1,False,0,0,False
избушка,N,N;ACC;SG,SEV,избу́шьцѫ,2,1,1.0,0.0,1,False,0,0,False
избыток,N,N;ACC;SG,SEV,избыто́к,1,1,1.0,0.0,1,False,0,0,False
изверг,N,N;ACC;SG,SEV,извѣ́рьзъ,1,1,1.0,0.0,1,False,0,0,False
извержение,N,N;ACC;SG,SEV,извержени́а,2,1,1.0,0.0,1,False,0,0,False
извещение,N,N;ACC;SG,SEV,извещени́а,2,1,1.0,0.0,1,False,0,0,False
извилина,N,N;ACC;SG,SEV,извили́нѫ,2,1,1.0,0.0,1,False,0,0,False
извинение,N,N;ACC;SG,SEV,и́звинѣниа,0,1,1.0,0.0,1,False,0,0,False
извлечение,N,N;ACC;SG,SEV,извлеченио́,1,1,1.0,0.0,1,False,0,0,False
извозчик,N,N;ACC;SG,SEV,и́звазчиц,0,1,1.0,0.0,1,False,0,0,False
изволение,N,N;ACC;SG,SEV,и́звалениа,0,1,1.0,0.0,1,False,0,0,False
извращение,N,N;ACC;SG,SEV,извращенио́,1,1,1.0,0.0,1,False,0,0,False
изгой,N,N;ACC;SG,SEV,изго́,1,1,1.0,0.0,1,False,0,0,False
изжога,N,N;ACC;SG,SEV,изжагѫ́,1,1,1.0,0.0,1,False,0,0,False
излишек,N,N;ACC;SG,SEV,и́злишек,0,1,1.0,0.0,1,False,0,0,False
излучение,N,N;ACC;SG,SEV,и́злучениа,0,1,1.0,0.0,1,False,0,0,False
излучина,N,N;ACC;SG,SEV,излучи́нѫ,2,1,1.0,0.0,1,False,0,0,False
измельчение,N,N;ACC;SG,SEV,и́змельчениа,0,1,1.0,0.0,1,False,0,0,False
измерение,N,N;ACC;SG,SEV,и́змрѣниа,0,1,1.0,0.0,1,False,0,0,False
изнанка,N,N;ACC;SG,SEV,изнаньцѫ́,1,1,1.0,0.0,1,False,0,0,False
изолятор,N,N;ACC;SG,SEV,изалято́р,1,1,1.0,0.0,1,False,0,0,False
изречение,N,N;ACC;SG,SEV,изречени́а,2,1,1.0,0.0,1,False,0,0,False
изумление,N,N;ACC;SG,SEV,и́зумлѣниа,0,1,1.0,0.0,1,False,0,0,False
изыскание,N,N;ACC;SG,SEV,и́зысканиа,0,1,1.0,0.0,1,False,0,0,False
изыск,N,N;ACC;SG,SEV,изы́сьцъ,1,1,1.0,0.0,1,False,0,0,False
изюминка,N,N;ACC;SG,SEV,и́зюминьцѫ,0,1,1.0,0.0,1,False,0,0,False
иконка,N,N;ACC;SG,SEV,и́цаньцѫ,0,1,1.0,0.0,1,False,0,0,False
икс,N,N;ACC;SG,SEV,и́цъсъ,0,1,1.0,0.0,1,False,0,0,False
иллюзия,N,N;ACC;SG,SEV,и́ллюзиѫ,0,1,1.0,0.0,1,False,0,0,False
имение,N,N;ACC;SG,SEV,имѣнио́,1,1,1.0,0.0,1,False,0,0,False
индукция,N,N;ACC;SG,SEV,индукци́ѫ,2,1,1.0,0.0,1,False,0,0,False
индустриализация,N,N;ACC;SG,SEV,индустриализациѫ́,1,1,1.0,0.0,1,False,0,0,False
индустрия,N,N;ACC;SG,SEV,индустри́ѫ,2,1,1.0,0.0,1,False,0,0,False
инженерия,N,N;ACC;SG,SEV,и́нженериѫ,0,1,1.0,0.0,1,False,0,0,False
инкрустирование,N,N;ACC;SG,SEV,инкрустираванио́,1,1,1.0,0.0,1,False,0,0,False
инстанция,N,N;ACC;SG,SEV,инстанци́ѫ,2,1,1.0,0.0,1,False,0,0,False
интервьюер,N,N;ACC;SG,SEV,интервьюе́р,1,1,1.0,0.0,1,False,0,0,False
интернист,N,N;ACC;SG,SEV,интерни́сътъ,1,1,1.0,0.0,1,False,0,0,False
инфицирование,N,N;ACC;SG,SEV,инфициравани́а,2,1,1.0,0.0,1,False,0,0,False
ипотека,N,N;ACC;SG,SEV,ипатекѫ́,1,1,1.0,0.0,1,False,0,0,False
иранка,N,N;ACC;SG,SEV,ира́ньцѫ,2,1,1.0,0.0,1,False,0,0,False
иридий,N,N;ACC;SG,SEV,и́риди,0,1,1.0,0.0,1,False,0,0,False
ирландка,N,N;ACC;SG,SEV,ирландьцѫ́,1,1,1.0,0.0,1,False,0,0,False
искажение,N,N;ACC;SG,SEV,искаженио́,1,1,1.0,0.0,1,False,0,0,False
искупление,N,N;ACC;SG,SEV,и́скуплениа,0,1,1.0,0.0,1,False,0,0,False
искушение,N,N;ACC;SG,SEV,искушѣнио́,1,1,1.0,0.0,1,False,0,0,False
исландка,N,N;ACC;SG,SEV,и́сландьцѫ,0,1,1.0,0.0,1,False,0,0,False
испанка,N,N;ACC;SG,SEV,и́спаньцѫ,0,1,1.0,0.0,1,False,0,0,False
испарение,N,N;ACC;SG,SEV,испарени́а,2,1,1.0,0.0,1,False,0,0,False
исполнение,N,N;ACC;SG,SEV,и́спалнениа,0,1,1.0,0.0,1,False,0,0,False
исправление,N,N;ACC;SG,SEV,и́справлѣниа,0,1,1.0,0.0,1,False,0,0,False
испражнение,N,N;ACC;SG,SEV,испражненио́,1,1,1.0,0.0,1,False,0,0,False
испытание,N,N;ACC;SG,SEV,испытанио́,1,1,1.0,0.0,1,False,0,0,False
истерия,N,N;ACC;SG,SEV,и́стериѫ,0,1,1.0,0.0,1,False,0,0,False
истец,N,N;ACC;SG,SEV,и́стец,0,1,1.0,0.0,1,False,0,0,False
истечение,N,N;ACC;SG,SEV,истеченио́,1,1,1.0,0.0,1,False,0,0,False
истирание,N,N;ACC;SG,SEV,и́стираниа,0,1,1.0,0.0,1,False,0,0,False
истощение,N,N;ACC;SG,SEV,истащѣнио́,1,1,1.0,0.0,1,False,0,0,False
истукан,N,N;ACC;SG,SEV,истука́н,1,1,1.0,0.0,1,False,0,0,False
исцеление,N,N;ACC;SG,SEV,и́сцелениа,0,1,1.0,0.0,1,False,0,0,False
исчисление,N,N;ACC;SG,SEV,и́счислениа,0,1,1.0,0.0,1,False,0,0,False
йогурт,N,N;ACC;SG,SEV,йо́гуртъ,0,1,1.0,0.0,1,False,0,0,False
кабак,N,N;ACC;SG,SEV,ка́бак,0,1,1.0,0.0,1,False,0,0,False
кабинка,N,N;ACC;SG,SEV,каби́ньцѫ,2,1,1.0,0.0,1,False,0,0,False
кавычка,N,N;ACC;SG,SEV,кавычьцѫ́,1,1,1.0,0.0,1,False,0,0,False
кадмий,N,N;ACC;SG,SEV,ка́дми,0,1,1.0,0.0,1,False,0,0,False
кадык,N,N;ACC;SG,SEV,кады́к,1,1,1.0,0.0,1,False,0,0,False
казашка,N,N;ACC;SG,SEV,ка́зашьцѫ,0,1,1.0,0.0,1,False,0,0,False
какашка,N,N;ACC;SG,SEV,ка́кашьцѫ,0,1,1.0,0.0,1,False,0,0,False
калека,N,N;ACC;SG,SEV,калекѫ́,1,1,1.0,0.0,1,False,0,0,False
калий,N,N;ACC;SG,SEV,кали́,1,1,1.0,0.0,1,False,0,0,False
калинка,N,N;ACC;SG,SEV,ка́линьцѫ,0,1,1.0,0.0,1,False,0,0,False
калмык,N,N;ACC;SG,SEV,калмы́к,1,1,1.0,0.0,1,False,0,0,False
кальций,N,N;ACC;SG,SEV,кальци́,1,1,1.0,0.0,1,False,0,0,False
камергер,N,N;ACC;SG,SEV,камерге́р,1,1,1.0,0.0,1,False,0,0,False
камертон,N,N;ACC;SG,SEV,ка́мертан,0,1,1.0,0.0,1,False,0,0,False
камлейка,N,N;ACC;SG,SEV,камле́йьцѫ,2,1,1.0,0.0,1,False,0,0,False
кампания,N,N;ACC;SG,SEV,ка́мпаниѫ,0,1,1.0,0.0,1,False,0,0,False
канадка,N,N;ACC;SG,SEV,канадьцѫ́,1,1,1.0,0.0,1,False,0,0,False
кант,N,N;ACC;SG,SEV,ка́нтъ,0,1,1.0,0.0,1,False,0,0,False
канюк,N,N;ACC;SG,SEV,ка́нюк,0,1,1.0,0.0,1,False,0,0,False
капелька,N,N;ACC;SG,SEV,капельцѫ́,1,1,1.0,0.0,1,False,0,0,False
капоэйра,N,N;ACC;SG,SEV,капаэ́йрѫ,2,1,1.0,0.0,1,False,0,0,False
каппа,N,N;ACC;SG,SEV,капъпѫ́,1,1,1.0,0.0,1,False,0,0,False
карлик,N,N;ACC;SG,SEV,карли́ц,1,1,1.0,0.0,1,False,0,0,False
карст,N,N;ACC;SG,SEV,ка́рсътъ,0,1,1.0,0.0,1,False,0,0,False
картонка,N,N;ACC;SG,SEV,ка́ртаньцѫ,0,1,1.0,0.0,1,False,0,0,False
каста,N,N;ACC;SG,SEV,касътѫ́,1,1,1.0,0.0,1,False,0,0,False
кастрация,N,N;ACC;SG,SEV,ка́страциѫ,0,1,1.0,0.0,1,False,0,0,False
кастрюлька,N,N;ACC;SG,SEV,кастрюльцѫ́,1,1,1.0,0.0,1,False,0,0,False
каталка,N,N;ACC;SG,SEV,ка́тальцѫ,0,1,1.0,0.0,1,False,0,0,False
катание,N,N;ACC;SG,SEV,катани́а,2,1,1.0,0.0,1,False,0,0,False
катетер,N,N;ACC;SG,SEV,катѣтѣ́р,1,1,1.0,0.0,1,False,0,0,False
катушка,N,N;ACC;SG,SEV,катушьцѫ́,1,1,1.0,0.0,1,False,0,0,False
кафешка,N,N;ACC;SG,SEV,кафе́шьцѫ,2,1,1.0,0.0,1,False,0,0,False
качок,N,N;ACC;SG,SEV,качо́к,1,1,1.0,0.0,1,False,0,0,False
квант,N,N;ACC;SG,SEV,ква́нтъ,0,1,1.0,0.0,1,False,0,0,False
кварта,N,N;ACC;SG,SEV,ква́ртѫ,0,1,1.0,0.0,1,False,0,0,False
квартирка,N,N;ACC;SG,SEV,ква́ртирьцѫ,0,1,1.0,0.0,1,False,0,0,False
квас,N,N;ACC;SG,SEV,ква́с,0,1,1.0,0.0,1,False,0,0,False
кворум,N,N;ACC;SG,SEV,квару́м,1,1,1.0,0.0,1,False,0,0,False
квота,N,N;ACC;SG,SEV,кво́тѫ,0,1,1.0,0.0,1,False,0,0,False
кейс,N,N;ACC;SG,SEV,ке́йсъ,0,1,1.0,0.0,1,False,0,0,False
кекс,N,N;ACC;SG,SEV,ке́късъ,0,1,1.0,0.0,1,False,0,0,False
кент,N,N;ACC;SG,SEV,ке́нтъ,0,1,1.0,0.0,1,False,0,0,False
кибитка,N,N;ACC;SG,SEV,ки́битьцѫ,0,1,1.0,0.0,1,False,0,0,False
кивок,N,N;ACC;SG,SEV,киво́к,1,1,1.0,0.0,1,False,0,0,False
килт,N,N;ACC;SG,SEV,ки́лтъ,0,1,1.0,0.0,1,False,0,0,False
кипа,N,N;ACC;SG,SEV,ки́пѫ,0,1,1.0,0.0,1,False,0,0,False
кипение,N,N;ACC;SG,SEV,кипени́а,2,1,1.0,0.0,1,False,0,0,False
кипчак,N,N;ACC;SG,SEV,кипча́к,1,1,1.0,0.0,1,False,0,0,False
киргизка,N,N;ACC;SG,SEV,кирги́зьцѫ,2,1,1.0,0.0,1,False,0,0,False
кирза,N,N;ACC;SG,SEV,кирзѫ́,1,1,1.0,0.0,1,False,0,0,False
киса,N,N;ACC;SG,SEV,ки́сѫ,0,1,1.0,0.0,1,False,0,0,False
кисточка,N,N;ACC;SG,SEV,кисто́чьцѫ,2,1,1.0,0.0,1,False,0,0,False
китолов,N,N;ACC;SG,SEV,китла́в,1,1,1.0,0.0,1,False,0,0,False
киянка,N,N;ACC;SG,SEV,кияньцѫ́,1,1,1.0,0.0,1,False,0,0,False
кладь,N,N;ACC;SG,SEV,кла́дь,0,1,1.0,0.0,1,False,0,0,False
клепсидра,N,N;ACC;SG,SEV,кле́псидрѫ,0,1,1.0,0.0,1,False,0,0,False
клеточка,N,N;ACC;SG,SEV,клетачьцѫ́,1,1,1.0,0.0,1,False,0,0,False
клиника,N,N;ACC;SG,SEV,кли́ницѫ,0,1,1.0,0.0,1,False,0,0,False
клинок,N,N;ACC;SG,SEV,кли́нак,0,1,1.0,0.0,1,False,0,0,False
клип,N,N;ACC;SG,SEV,кли́п,0,1,1.0,0.0,1,False,0,0,False
клоака,N,N;ACC;SG,SEV,клаакѫ́,1,1,1.0,0.0,1,False,0,0,False
клобук,N,N;ACC;SG,SEV,клабу́к,1,1,1.0,0.0,1,False,0,0,False
клоун,N,N;ACC;SG,SEV,клау́н,1,1,1.0,0.0,1,False,0,0,False
клумба,N,N;ACC;SG,SEV,клумбѫ́,1,1,1.0,0.0,1,False,0,0,False
клюковка,N,N;ACC;SG,SEV,клю́кавьцѫ,0,1,1.0,0.0,1,False,0,0,False
ключик,N,N;ACC;SG,SEV,ключи́ц,1,1,1.0,0.0,1,False,0,0,False
клякса,N,N;ACC;SG,SEV,кля́късѫ,0,1,1.0,0.0,1,False,0,0,False
кляп,N,N;ACC;SG,SEV,кля́п,0,1,1.0,0.0,1,False,0,0,False
кнехт,N,N;ACC;SG,SEV,кне́хътъ,0,1,1.0,0.0,1,False,0,0,False
книжечка,N,N;ACC;SG,SEV,книже́чьцѫ,2,1,1.0,0.0,1,False,0,0,False
кнопочка,N,N;ACC;SG,SEV,кнапачьцѫ́,1,1,1.0,0.0,1,False,0,0,False
кобза,N,N;ACC;SG,SEV,ко́бъзѫ,0,1,1.0,0.0,1,False,0,0,False
кобура,N,N;ACC;SG,SEV,кабу́рѫ,2,1,1.0,0.0,1,False,0,0,False
кобылка,N,N;ACC;SG,SEV,кабыльцѫ́,1,1,1.0,0.0,1,False,0,0,False
кобь,N,N;ACC;SG,SEV,ко́бь,0,1,1.0,0.0,1,False,0,0,False
ковбойка,N,N;ACC;SG,SEV,кавбо́йьцѫ,2,1,1.0,0.0,1,False,0,0,False
ковёр-самолёт,N,N;ACC;SG,SEV,кавёр-самалё́т,1,1,1.0,0.0,1,False,0,0,False
коврижка,N,N;ACC;SG,SEV,ко́врижьцѫ,0,1,1.0,0.0,1,False,0,0,False
коврик,N,N;ACC;SG,SEV,ко́вриц,0,1,1.0,0.0,1,False,0,0,False
кодировка,N,N;ACC;SG,SEV,ко́диравьцѫ,0,1,1.0,0.0,1,False,0,0,False
козерог,N,N;ACC;SG,SEV,казѣро́г,1,1,1.0,0.0,1,False,0,0,False
козырь,N,N;ACC;SG,SEV,казы́рь,1,1,1.0,0.0,1,False,0,0,False
кокетка,N,N;ACC;SG,SEV,каке́тьцѫ,2,1,1.0,0.0,1,False,0,0,False
кокиль,N,N;ACC;SG,SEV,ко́киль,0,1,1.0,0.0,1,False,0,0,False
кокс,N,N;ACC;SG,SEV,ко́късъ,0,1,1.0,0.0,1,False,0,0,False
колба,N,N;ACC;SG,SEV,ко́лбѫ,0,1,1.0,0.0,1,False,0,0,False
колбаска,N,N;ACC;SG,SEV,калба́сьцѫ,2,1,1.0,0.0,1,False,0,0,False
колбочка,N,N;ACC;SG,SEV,калбо́чьцѫ,2,1,1.0,0.0,1,False,0,0,False
колдун,N,N;ACC;SG,SEV,ко́лдун,0,1,1.0,0.0,1,False,0,0,False
колдунья,N,N;ACC;SG,SEV,калдуньѫ́,1,1,1.0,0.0,1,False,0,0,False
коленка,N,N;ACC;SG,SEV,кале́ньцѫ,2,1,1.0,0.0,1,False,0,0,False
колечко,N,N;ACC;SG,SEV,кале́чьца,2,1,1.0,0.0,1,False,0,0,False
колик,N,N;ACC;SG,SEV,кали́ц,1,1,1.0,0.0,1,False,0,0,False
коллегия,N,N;ACC;SG,SEV,каллѣги́ѫ,2,1,1.0,0.0,1,False,0,0,False
колодка,N,N;ACC;SG,SEV,кладьцѫ́,1,1,1.0,0.0,1,False,0,0,False
колония,N,N;ACC;SG,SEV,кла́ниѫ,0,1,1.0,0.0,1,False,0,0,False
колонка,N,N;ACC;SG,SEV,кла́ньцѫ,0,1,1.0,0.0,1,False,0,0,False
колун,N,N;ACC;SG,SEV,калу́н,1,1,1.0,0.0,1,False,0,0,False
колымка,N,N;ACC;SG,SEV,калы́мьцѫ,2,1,1.0,0.0,1,False,0,0,False
колышек,N,N;ACC;SG,SEV,калыше́к,1,1,1.0,0.0,1,False,0,0,False
кольт,N,N;ACC;SG,SEV,ко́льтъ,0,1,1.0,0.0,1,False,0,0,False
колючка,N,N;ACC;SG,SEV,калючьцѫ́,1,1,1.0,0.0,1,False,0,0,False
колюшка,N,N;ACC;SG,SEV,калюшьцѫ́,1,1,1.0,0.0,1,False,0,0,False
колядка,N,N;ACC;SG,SEV,калядьцѫ́,1,1,1.0,0.0,1,False,0,0,False
командование,N,N;ACC;SG,SEV,ко́мандаваниа,0,1,1.0,0.0,1,False,0,0,False
комбинация,N,N;ACC;SG,SEV,ко́мбинациѫ,0,1,1.0,0.0,1,False,0,0,False
комдив,N,N;ACC;SG,SEV,ко́мдив,0,1,1.0,0.0,1,False,0,0,False
комик,N,N;ACC;SG,SEV,ками́ц,1,1,1.0,0.0,1,False,0,0,False
комиссионер,N,N;ACC;SG,SEV,камиссиане́р,1,1,1.0,0.0,1,False,0,0,False
комментатор,N,N;ACC;SG,SEV,каммѣнтато́р,1,1,1.0,0.0,1,False,0,0,False
коммерция,N,N;ACC;SG,SEV,ко́ммерциѫ,0,1,1.0,0.0,1,False,0,0,False
коммуна,N,N;ACC;SG,SEV,ко́ммѫнѫ,0,1,1.0,0.0,1,False,0,0,False
комнатка,N,N;ACC;SG,SEV,ко́мнатьцѫ,0,1,1.0,0.0,1,False,0,0,False
комок,N,N;ACC;SG,SEV,камо́к,1,1,1.0,0.0,1,False,0,0,False
компетенция,N,N;ACC;SG,SEV,кампетенци́ѫ,2,1,1.0,0.0,1,False,0,0,False
комфортабельность,N,N;ACC;SG,SEV,камфартабельно́съть,1,1,1.0,0.0,1,False,0,0,False
конвенция,N,N;ACC;SG,SEV,ко́нвенциѫ,0,1,1.0,0.0,1,False,0,0,False
конверсия,N,N;ACC;SG,SEV,канверсиѫ́,1,1,1.0,0.0,1,False,0,0,False
конденсатор,N,N;ACC;SG,SEV,ко́нденсатар,0,1,1.0,0.0,1,False,0,0,False
кондырь,N,N;ACC;SG,SEV,ко́ндырь,0,1,1.0,0.0,1,False,0,0,False
консерватор,N,N;ACC;SG,SEV,кансервато́р,1,1,1.0,0.0,1,False,0,0,False
конспирация,N,N;ACC;SG,SEV,канспирациѫ́,1,1,1.0,0.0,1,False,0,0,False
консул,N,N;ACC;SG,SEV,ко́нсул,0,1,1.0,0.0,1,False,0,0,False
консультация,N,N;ACC;SG,SEV,кансультациѫ́,1,1,1.0,0.0,1,False,0,0,False
контур,N,N;ACC;SG,SEV,ко́нтур,0,1,1.0,0.0,1,False,0,0,False
конура,N,N;ACC;SG,SEV,кану́рѫ,2,1,1.0,0.0,1,False,0,0,False
конференция,N,N;ACC;SG,SEV,ко́нфрѣнциѫ,0,1,1.0,0.0,1,False,0,0,False
конфессия,N,N;ACC;SG,SEV,ко́нфессиѫ,0,1,1.0,0.0,1,False,0,0,False
конфетка,N,N;ACC;SG,SEV,ко́нфетьцѫ,0,1,1.0,0.0,1,False,0,0,False
конфискация,N,N;ACC;SG,SEV,канфискациѫ́,1,1,1.0,0.0,1,False,0,0,False
конфорка,N,N;ACC;SG,SEV,канфо́рьцѫ,2,1,1.0,0.0,1,False,0,0,False
концепция,N,N;ACC;SG,SEV,канцепциѫ́,1,1,1.0,0.0,1,False,0,0,False
концовка,N,N;ACC;SG,SEV,ко́нцавьцѫ,0,1,1.0,0.0,1,False,0,0,False
кончик,N,N;ACC;SG,SEV,канчи́ц,1,1,1.0,0.0,1,False,0,0,False
кончина,N,N;ACC;SG,SEV,канчи́нѫ,2,1,1.0,0.0,1,False,0,0,False
копирка,N,N;ACC;SG,SEV,капирьцѫ́,1,1,1.0,0.0,1,False,0,0,False
коптилка,N,N;ACC;SG,SEV,каптильцѫ́,1,1,1.0,0.0,1,False,0,0,False
коптильня,N,N;ACC;SG,SEV,капти́льнѫ,2,1,1.0,0.0,1,False,0,0,False
копчение,N,N;ACC;SG,SEV,капчени́а,2,1,1.0,0.0,1,False,0,0,False
копыл,N,N;ACC;SG,SEV,капы́л,1,1,1.0,0.0,1,False,0,0,False
кораблекрушение,N,N;ACC;SG,SEV,караблѣкрушѣни́а,2,1,1.0,0.0,1,False,0,0,False
коржик,N,N;ACC;SG,SEV,каржи́ц,1,1,1.0,0.0,1,False,0,0,False
корзинка,N,N;ACC;SG,SEV,ко́рзиньцѫ,0,1,1.0,0.0,1,False,0,0,False
кормление,N,N;ACC;SG,SEV,кармленио́,1,1,1.0,0.0,1,False,0,0,False
коровка,N,N;ACC;SG,SEV,кра́вьцѫ,0,1,1.0,0.0,1,False,0,0,False
коронка,N,N;ACC;SG,SEV,кра́ньцѫ,0,1,1.0,0.0,1,False,0,0,False
коррекция,N,N;ACC;SG,SEV,каррекци́ѫ,2,1,1.0,0.0,1,False,0,0,False
коррозия,N,N;ACC;SG,SEV,ко́рразиѫ,0,1,1.0,0.0,1,False,0,0,False
коррупционер,N,N;ACC;SG,SEV,каррупциане́р,1,1,1.0,0.0,1,False,0,0,False
корт,N,N;ACC;SG,SEV,ко́ртъ,0,1,1.0,0.0,1,False,0,0,False
коршун,N,N;ACC;SG,SEV,каршу́н,1,1,1.0,0.0,1,False,0,0,False
корюшка,N,N;ACC;SG,SEV,карюшьцѫ́,1,1,1.0,0.0,1,False,0,0,False
косичка,N,N;ACC;SG,SEV,каси́чьцѫ,2,1,1.0,0.0,1,False,0,0,False
космология,N,N;ACC;SG,SEV,ко́смлагиѫ,0,1,1.0,0.0,1,False,0,0,False
косточка,N,N;ACC;SG,SEV,кастачьцѫ́,1,1,1.0,0.0,1,False,0,0,False
костыль,N,N;ACC;SG,SEV,касты́ль,1,1,1.0,0.0,1,False,0,0,False
костяшка,N,N;ACC;SG,SEV,ко́стяшьцѫ,0,1,1.0,0.0,1,False,0,0,False
косуля,N,N;ACC;SG,SEV,касу́лѫ,2,1,1.0,0.0,1,False,0,0,False
косяк,N,N;ACC;SG,SEV,ко́сяк,0,1,1.0,0.0,1,False,0,0,False
котировка,N,N;ACC;SG,SEV,ко́тиравьцѫ,0,1,1.0,0.0,1,False,0,0,False
кошечка,N,N;ACC;SG,SEV,ко́шечьцѫ,0,1,1.0,0.0,1,False,0,0,False
крап,N,N;ACC;SG,SEV,кра́п,0,1,1.0,0.0,1,False,0,0,False
красотка,N,N;ACC;SG,SEV,кра́сатьцѫ,0,1,1.0,0.0,1,False,0,0,False
крепление,N,N;ACC;SG,SEV,креплени́а,2,1,1.0,0.0,1,False,0,0,False
крепостничество,N,N;ACC;SG,SEV,крепастничество́,1,1,1.0,0.0,1,False,0,0,False
крестик,N,N;ACC;SG,SEV,крести́ц,1,1,1.0,0.0,1,False,0,0,False
крестник,N,N;ACC;SG,SEV,крестни́ц,1,1,1.0,0.0,1,False,0,0,False
крестьянка,N,N;ACC;SG,SEV,крестьяньцѫ́,1,1,1.0,0.0,1,False,0,0,False
кретин,N,N;ACC;SG,SEV,крети́н,1,1,1.0,0.0,1,False,0,0,False
крещение,N,N;ACC;SG,SEV,крещенио́,1,1,1.0,0.0,1,False,0,0,False
кривда,N,N;ACC;SG,SEV,кривдѫ́,1,1,1.0,0.0,1,False,0,0,False
крипта,N,N;ACC;SG,SEV,кри́пътѫ,0,1,1.0,0.0,1,False,0,0,False
крис,N,N;ACC;SG,SEV,кри́с,0,1,1.0,0.0,1,False,0,0,False
кроватка,N,N;ACC;SG,SEV,краватьцѫ́,1,1,1.0,0.0,1,False,0,0,False
кропило,N,N;ACC;SG,SEV,крапи́ла,2,1,1.0,0.0,1,False,0,0,False
кросс,N,N;ACC;SG,SEV,кро́съсъ,0,1,1.0,0.0,1,False,0,0,False
кроссовка,N,N;ACC;SG,SEV,кро́ссавьцѫ,0,1,1.0,0.0,1,False,0,0,False
кругозор,N,N;ACC;SG,SEV,кругазо́р,1,1,1.0,0.0,1,False,0,0,False
кружение,N,N;ACC;SG,SEV,кружени́а,2,1,1.0,0.0,1,False,0,0,False
крупа,N,N;ACC;SG,SEV,кру́пѫ,0,1,1.0,0.0,1,False,0,0,False
крупинка,N,N;ACC;SG,SEV,крупиньцѫ́,1,1,1.0,0.0,1,False,0,0,False
крупчатка,N,N;ACC;SG,SEV,крупчатьцѫ́,1,1,1.0,0.0,1,False,0,0,False
крушение,N,N;ACC;SG,SEV,крушени́а,2,1,1.0,0.0,1,False,0,0,False
крылечко,N,N;ACC;SG,SEV,кры́лечьца,0,1,1.0,0.0,1,False,0,0,False
крылышко,N,N;ACC;SG,SEV,крылы́шьца,2,1,1.0,0.0,1,False,0,0,False
крыса,N,N;ACC;SG,SEV,кры́сѫ,0,1,1.0,0.0,1,False,0,0,False
крючок,N,N;ACC;SG,SEV,крючо́к,1,1,1.0,0.0,1,False,0,0,False
ксенофобия,N,N;ACC;SG,SEV,ксенафаби́ѫ,2,1,1.0,0.0,1,False,0,0,False
ксерокопия,N,N;ACC;SG,SEV,ксѣракапиѫ́,1,1,1.0,0.0,1,False,0,0,False
ксёндз,N,N;ACC;SG,SEV,ксё́ндъзъ,0,1,1.0,0.0,1,False,0,0,False
ксилофон,N,N;ACC;SG,SEV,кси́лафан,0,1,1.0,0.0,1,False,0,0,False
кубик,N,N;ACC;SG,SEV,куби́ц,1,1,1.0,0.0,1,False,0,0,False
кубинка,N,N;ACC;SG,SEV,куби́ньцѫ,2,1,1.0,0.0,1,False,0,0,False
кубок,N,N;ACC;SG,SEV,ку́бак,0,1,1.0,0.0,1,False,0,0,False
кубометр,N,N;ACC;SG,SEV,кубаме́тръ,1,1,1.0,0.0,1,False,0,0,False
кубрик,N,N;ACC;SG,SEV,кубри́ц,1,1,1.0,0.0,1,False,0,0,False
кувшинка,N,N;ACC;SG,SEV,ку́вшиньцѫ,0,1,1.0,0.0,1,False,0,0,False
кулёк,N,N;ACC;SG,SEV,кулё́к,1,1,1.0,0.0,1,False,0,0,False
кулик,N,N;ACC;SG,SEV,ку́лиц,0,1,1.0,0.0,1,False,0,0,False
культ,N,N;ACC;SG,SEV,ку́льтъ,0,1,1.0,0.0,1,False,0,0,False
кунштюк,N,N;ACC;SG,SEV,ку́нштюк,0,1,1.0,0.0,1,False,0,0,False
купа,N,N;ACC;SG,SEV,ку́пѫ,0,1,1.0,0.0,1,False,0,0,False
курд,N,N;ACC;SG,SEV,ку́рдъ,0,1,1.0,0.0,1,False,0,0,False
курение,N,N;ACC;SG,SEV,куренио́,1,1,1.0,0.0,1,False,0,0,False
курок,N,N;ACC;SG,SEV,куро́к,1,1,1.0,0.0,1,False,0,0,False
курточка,N,N;ACC;SG,SEV,куртачьцѫ́,1,1,1.0,0.0,1,False,0,0,False
кус,N,N;ACC;SG,SEV,ку́с,0,1,1.0,0.0,1,False,0,0,False
кутузка,N,N;ACC;SG,SEV,ку́тузьцѫ,0,1,1.0,0.0,1,False,0,0,False
кухарка,N,N;ACC;SG,SEV,куха́рьцѫ,2,1,1.0,0.0,1,False,0,0,False
кухонька,N,N;ACC;SG,SEV,куханьцѫ́,1,1,1.0,0.0,1,False,0,0,False
кушак,N,N;ACC;SG,SEV,ку́шак,0,1,1.0,0.0,1,False,0,0,False
кушетка,N,N;ACC;SG,SEV,куше́тьцѫ,2,1,1.0,0.0,1,False,0,0,False
кшатрия,N,N;ACC;SG,SEV,кшатриѫ́,1,1,1.0,0.0,1,False,0,0,False
кыпчак,N,N;ACC;SG,SEV,кыпча́к,1,1,1.0,0.0,1,False,0,0,False
кюрий,N,N;ACC;SG,SEV,кю́ри,0,1,1.0,0.0,1,False,0,0,False
лавка,N,N;ACC;SG,SEV,ла́вьцѫ,0,1,1.0,0.0,1,False,0,0,False
лавочка,N,N;ACC;SG,SEV,лаво́чьцѫ,2,1,1.0,0.0,1,False,0,0,False
ладошка,N,N;ACC;SG,SEV,ладо́шьцѫ,2,1,1.0,0.0,1,False,0,0,False
лазейка,N,N;ACC;SG,SEV,лазѣ́йьцѫ,2,1,1.0,0.0,1,False,0,0,False
лазутчик,N,N;ACC;SG,SEV,ла́зутчиц,0,1,1.0,0.0,1,False,0,0,False
лакомка,N,N;ACC;SG,SEV,лакамьцѫ́,1,1,1.0,0.0,1,False,0,0,False
ламантин,N,N;ACC;SG,SEV,ламанти́н,1,1,1.0,0.0,1,False,0,0,False
ландушка,N,N;ACC;SG,SEV,ла́ндушьцѫ,0,1,1.0,0.0,1,False,0,0,False
ланка,N,N;ACC;SG,SEV,ла́ньцѫ,0,1,1.0,0.0,1,False,0,0,False
лаоска,N,N;ACC;SG,SEV,лао́сьцѫ,2,1,1.0,0.0,1,False,0,0,False
лаотянин,N,N;ACC;SG,SEV,лаатяни́н,1,1,1.0,0.0,1,False,0,0,False
лапка,N,N;ACC;SG,SEV,ла́пьцѫ,0,1,1.0,0.0,1,False,0,0,False
ларёк,N,N;ACC;SG,SEV,ларё́к,1,1,1.0,0.0,1,False,0,0,False
ластик,N,N;ACC;SG,SEV,ла́стиц,0,1,1.0,0.0,1,False,0,0,False
латка,N,N;ACC;SG,SEV,ла́тьцѫ,0,1,1.0,0.0,1,False,0,0,False
латышка,N,N;ACC;SG,SEV,ла́тышьцѫ,0,1,1.0,0.0,1,False,0,0,False
левак,N,N;ACC;SG,SEV,лева́к,1,1,1.0,0.0,1,False,0,0,False
легион,N,N;ACC;SG,SEV,лѣ́гиан,0,1,1.0,0.0,1,False,0,0,False
легкомыслие,N,N;ACC;SG,SEV,легкамысли́а,2,1,1.0,0.0,1,False,0,0,False
лежак,N,N;ACC;SG,SEV,лежа́к,1,1,1.0,0.0,1,False,0,0,False
лейб-кучер,N,N;ACC;SG,SEV,лѣйб-кучѣ́р,1,1,1.0,0.0,1,False,0,0,False
лейкемия,N,N;ACC;SG,SEV,лейкемиѫ́,1,1,1.0,0.0,1,False,0,0,False
лейтенант,N,N;ACC;SG,SEV,ле́йтенантъ,0,1,1.0,0.0,1,False,0,0,False
лек,N,N;ACC;SG,SEV,ле́к,0,1,1.0,0.0,1,False,0,0,False
лексика,N,N;ACC;SG,SEV,лексицѫ́,1,1,1.0,0.0,1,False,0,0,False
лексикон,N,N;ACC;SG,SEV,лексицо́н,1,1,1.0,0.0,1,False,0,0,False
ленточка,N,N;ACC;SG,SEV,лѣ́нтачьцѫ,0,1,1.0,0.0,1,False,0,0,False
леопард,N,N;ACC;SG,SEV,леапа́рдъ,1,1,1.0,0.0,1,False,0,0,False
лепёшка,N,N;ACC;SG,SEV,лѣпё́шьцѫ,2,1,1.0,0.0,1,False,0,0,False
лепка,N,N;ACC;SG,SEV,лѣ́пьцѫ,0,1,1.0,0.0,1,False,0,0,False
лесенка,N,N;ACC;SG,SEV,ле́сеньцѫ,0,1,1.0,0.0,1,False,0,0,False
леска,N,N;ACC;SG,SEV,ле́сьцѫ,0,1,1.0,0.0,1,False,0,0,False
лесоведение,N,N;ACC;SG,SEV,лесаведенио́,1,1,1.0,0.0,1,False,0,0,False
лесовозвращение,N,N;ACC;SG,SEV,лесавазвращенио́,1,1,1.0,0.0,1,False,0,0,False
лесовозобновление,N,N;ACC;SG,SEV,лесавазабнавлени́а,2,1,1.0,0.0,1,False,0,0,False
лесонасаждение,N,N;ACC;SG,SEV,лесанасажденио́,1,1,1.0,0.0,1,False,0,0,False
лесоохранение,N,N;ACC;SG,SEV,лесаахраненио́,1,1,1.0,0.0,1,False,0,0,False
лесопилка,N,N;ACC;SG,SEV,лѣ́сапильцѫ,0,1,1.0,0.0,1,False,0,0,False
лесосека,N,N;ACC;SG,SEV,лесасе́кѫ,2,1,1.0,0.0,1,False,0,0,False
лесоспуск,N,N;ACC;SG,SEV,лесаспу́сьцъ,1,1,1.0,0.0,1,False,0,0,False
лесохимия,N,N;ACC;SG,SEV,лесахими́ѫ,2,1,1.0,0.0,1,False,0,0,False
лечение,N,N;ACC;SG,SEV,ле́чениа,0,1,1.0,0.0,1,False,0,0,False
либрация,N,N;ACC;SG,SEV,либраци́ѫ,2,1,1.0,0.0,1,False,0,0,False
лизоблюд,N,N;ACC;SG,SEV,лизаблю́д,1,1,1.0,0.0,1,False,0,0,False
лимфоцит,N,N;ACC;SG,SEV,ли́мфацит,0,1,1.0,0.0,1,False,0,0,False
лисёнок,N,N;ACC;SG,SEV,ли́сёнак,0,1,1.0,0.0,1,False,0,0,False
листочек,N,N;ACC;SG,SEV,ли́стачек,0,1,1.0,0.0,1,False,0,0,False
литургия,N,N;ACC;SG,SEV,литургиѫ́,1,1,1.0,0.0,1,False,0,0,False
лиходейка,N,N;ACC;SG,SEV,лисадейьцѫ́,1,1,1.0,0.0,1,False,0,0,False
лицемерка,N,N;ACC;SG,SEV,ли́цемерьцѫ,0,1,1.0,0.0,1,False,0,0,False
лоботомия,N,N;ACC;SG,SEV,лабатамиѫ́,1,1,1.0,0.0,1,False,0,0,False
лоботряс,N,N;ACC;SG,SEV,лабатря́с,1,1,1.0,0.0,1,False,0,0,False
ловелас,N,N;ACC;SG,SEV,лавела́с,1,1,1.0,0.0,1,False,0,0,False
ловушка,N,N;ACC;SG,SEV,лаву́шьцѫ,2,1,1.0,0.0,1,False,0,0,False
логика,N,N;ACC;SG,SEV,ло́гицѫ,0,1,1.0,0.0,1,False,0,0,False
лодочка,N,N;ACC;SG,SEV,ладо́чьцѫ,2,1,1.0,0.0,1,False,0,0,False
лодыжка,N,N;ACC;SG,SEV,ло́дыжьцѫ,0,1,1.0,0.0,1,False,0,0,False
ложечка,N,N;ACC;SG,SEV,ло́жечьцѫ,0,1,1.0,0.0,1,False,0,0,False
локомотив,N,N;ACC;SG,SEV,лакамати́в,1,1,1.0,0.0,1,False,0,0,False
ломака,N,N;ACC;SG,SEV,лама́кѫ,2,1,1.0,0.0,1,False,0,0,False
ломтик,N,N;ACC;SG,SEV,ламти́ц,1,1,1.0,0.0,1,False,0,0,False
лондонка,N,N;ACC;SG,SEV,ло́нданьцѫ,0,1,1.0,0.0,1,False,0,0,False
лопатка,N,N;ACC;SG,SEV,ло́патьцѫ,0,1,1.0,0.0,1,False,0,0,False
лоскут,N,N;ACC;SG,SEV,ласку́т,1,1,1.0,0.0,1,False,0,0,False
лошадка,N,N;ACC;SG,SEV,лашадьцѫ́,1,1,1.0,0.0,1,False,0,0,False
лошак,N,N;ACC;SG,SEV,лаша́к,1,1,1.0,0.0,1,False,0,0,False
лужайка,N,N;ACC;SG,SEV,лужайьцѫ́,1,1,1.0,0.0,1,False,0,0,False
львёнок,N,N;ACC;SG,SEV,львёно́к,1,1,1.0,0.0,1,False,0,0,False
ляжка,N,N;ACC;SG,SEV,ля́жьцѫ,0,1,1.0,0.0,1,False,0,0,False
лямка,N,N;ACC;SG,SEV,ля́мьцѫ,0,1,1.0,0.0,1,False,0,0,False
магний,N,N;ACC;SG,SEV,магни́,1,1,1.0,0.0,1,False,0,0,False
мазок,N,N;ACC;SG,SEV,мазо́к,1,1,1.0,0.0,1,False,0,0,False
мазурка,N,N;ACC;SG,SEV,мазу́рьцѫ,2,1,1.0,0.0,1,False,0,0,False
макака,N,N;ACC;SG,SEV,макакѫ́,1,1,1.0,0.0,1,False,0,0,False
македонка,N,N;ACC;SG,SEV,македаньцѫ́,1,1,1.0,0.0,1,False,0,0,False
макрокосм,N,N;ACC;SG,SEV,макрако́смъ,1,1,1.0,0.0,1,False,0,0,False
максимум,N,N;ACC;SG,SEV,ма́ксимѫм,0,1,1.0,0.0,1,False,0,0,False
макушка,N,N;ACC;SG,SEV,маку́шьцѫ,2,1,1.0,0.0,1,False,0,0,False
малайзийка,N,N;ACC;SG,SEV,ма́лайзийьцѫ,0,1,1.0,0.0,1,False,0,0,False
малайка,N,N;ACC;SG,SEV,ма́лайьцѫ,0,1,1.0,0.0,1,False,0,0,False
малийка,N,N;ACC;SG,SEV,ма́лийьцѫ,0,1,1.0,0.0,1,False,0,0,False
малокровие,N,N;ACC;SG,SEV,малакравио́,1,1,1.0,0.0,1,False,0,0,False
малолетка,N,N;ACC;SG,SEV,ма́лалетьцѫ,0,1,1.0,0.0,1,False,0,0,False
мальтийка,N,N;ACC;SG,SEV,мальти́йьцѫ,2,1,1.0,0.0,1,False,0,0,False
мальчишка,N,N;ACC;SG,SEV,ма́льчишьцѫ,0,1,1.0,0.0,1,False,0,0,False
малютка,N,N;ACC;SG,SEV,малю́тьцѫ,2,1,1.0,0.0,1,False,0,0,False
малявка,N,N;ACC;SG,SEV,ма́лявьцѫ,0,1,1.0,0.0,1,False,0,0,False
мамка,N,N;ACC;SG,SEV,ма́мьцѫ,0,1,1.0,0.0,1,False,0,0,False
мандрагора,N,N;ACC;SG,SEV,ма́ндрагарѫ,0,1,1.0,0.0,1,False,0,0,False
манекен,N,N;ACC;SG,SEV,ма́некен,0,1,1.0,0.0,1,False,0,0,False
маникюр,N,N;ACC;SG,SEV,маницю́р,1,1,1.0,0.0,1,False,0,0,False
мания,N,N;ACC;SG,SEV,ма́ниѫ,0,1,1.0,0.0,1,False,0,0,False
манка,N,N;ACC;SG,SEV,ма́ньцѫ,0,1,1.0,0.0,1,False,0,0,False
мантия,N,N;ACC;SG,SEV,мантиѫ́,1,1,1.0,0.0,1,False,0,0,False
маньяк,N,N;ACC;SG,SEV,ма́ньяк,0,1,1.0,0.0,1,False,0,0,False
марафон,N,N;ACC;SG,SEV,марафо́н,1,1,1.0,0.0,1,False,0,0,False
маргарин,N,N;ACC;SG,SEV,ма́ргарин,0,1,1.0,0.0,1,False,0,0,False
мародёр,N,N;ACC;SG,SEV,ма́радёр,0,1,1.0,0.0,1,False,0,0,False
мартирологий,N,N;ACC;SG,SEV,мартирлаги́,1,1,1.0,0.0,1,False,0,0,False
мартышка,N,N;ACC;SG,SEV,ма́ртышьцѫ,0,1,1.0,0.0,1,False,0,0,False
маршрутизатор,N,N;ACC;SG,SEV,маршрутизато́р,1,1,1.0,0.0,1,False,0,0,False
маршрутка,N,N;ACC;SG,SEV,ма́ршрутьцѫ,0,1,1.0,0.0,1,False,0,0,False
маска,N,N;ACC;SG,SEV,ма́сьцѫ,0,1,1.0,0.0,1,False,0,0,False
маслобойка,N,N;ACC;SG,SEV,маслабо́йьцѫ,2,1,1.0,0.0,1,False,0,0,False
маслобойня,N,N;ACC;SG,SEV,маслабо́йнѫ,2,1,1.0,0.0,1,False,0,0,False
маслодельня,N,N;ACC;SG,SEV,ма́сладельнѫ,0,1,1.0,0.0,1,False,0,0,False
массовка,N,N;ACC;SG,SEV,массавьцѫ́,1,1,1.0,0.0,1,False,0,0,False
мастерок,N,N;ACC;SG,SEV,мастеро́к,1,1,1.0,0.0,1,False,0,0,False
мастика,N,N;ACC;SG,SEV,ма́стицѫ,0,1,1.0,0.0,1,False,0,0,False
материя,N,N;ACC;SG,SEV,матери́ѫ,2,1,1.0,0.0,1,False,0,0,False
матушка,N,N;ACC;SG,SEV,ма́тушьцѫ,0,1,1.0,0.0,1,False,0,0,False
мафия,N,N;ACC;SG,SEV,ма́фиѫ,0,1,1.0,0.0,1,False,0,0,False
махорка,N,N;ACC;SG,SEV,махарьцѫ́,1,1,1.0,0.0,1,False,0,0,False
мачеха,N,N;ACC;SG,SEV,маче́хѫ,2,1,1.0,0.0,1,False,0,0,False
машинистка,N,N;ACC;SG,SEV,машини́стьцѫ,2,1,1.0,0.0,1,False,0,0,False
машинка,N,N;ACC;SG,SEV,маши́ньцѫ,2,1,1.0,0.0,1,False,0,0,False
машиностроение,N,N;ACC;SG,SEV,ма́шинастраениа,0,1,1.0,0.0,1,False,0,0,False
мгновение,N,N;ACC;SG,SEV,мгнавени́а,2,1,1.0,0.0,1,False,0,0,False
медик,N,N;ACC;SG,SEV,меди́ц,1,1,1.0,0.0,1,False,0,0,False
медлительность,N,N;ACC;SG,SEV,ме́длительнасъть,0,1,1.0,0.0,1,False,0,0,False
медпункт,N,N;ACC;SG,SEV,медпѫ́нкътъ,1,1,1.0,0.0,1,False,0,0,False
медяк,N,N;ACC;SG,SEV,медя́к,1,1,1.0,0.0,1,False,0,0,False
медянка,N,N;ACC;SG,SEV,медяньцѫ́,1,1,1.0,0.0,1,False,0,0,False
мезуза,N,N;ACC;SG,SEV,мѣзузѫ́,1,1,1.0,0.0,1,False,0,0,False
мейтнерий,N,N;ACC;SG,SEV,мейтнери́,1,1,1.0,0.0,1,False,0,0,False
мелодия,N,N;ACC;SG,SEV,меладиѫ́,1,1,1.0,0.0,1,False,0,0,False
менделевий,N,N;ACC;SG,SEV,менделеви́,1,1,1.0,0.0,1,False,0,0,False
меньшевик,N,N;ACC;SG,SEV,меньшеви́ц,1,1,1.0,0.0,1,False,0,0,False
мережка,N,N;ACC;SG,SEV,мрѣ́жьцѫ,0,1,1.0,0.0,1,False,0,0,False
мерзляк,N,N;ACC;SG,SEV,мерзля́к,1,1,1.0,0.0,1,False,0,0,False
мерка,N,N;ACC;SG,SEV,мѣ́рьцѫ,0,1,1.0,0.0,1,False,0,0,False
месседж,N,N;ACC;SG,SEV,мессе́дъжъ,1,1,1.0,0.0,1,False,0,0,False
местечко,N,N;ACC;SG,SEV,ме́стечьца,0,1,1.0,0.0,1,False,0,0,False
местонахождение,N,N;ACC;SG,SEV,мѣ́станахаждѣниа,0,1,1.0,0.0,1,False,0,0,False
местоположение,N,N;ACC;SG,SEV,ме́стаплажениа,0,1,1.0,0.0,1,False,0,0,False
месторождение,N,N;ACC;SG,SEV,местражденио́,1,1,1.0,0.0,1,False,0,0,False
метание,N,N;ACC;SG,SEV,ме́таниа,0,1,1.0,0.0,1,False,0,0,False
метение,N,N;ACC;SG,SEV,ме́тениа,0,1,1.0,0.0,1,False,0,0,False
метка,N,N;ACC;SG,SEV,ме́тьцѫ,0,1,1.0,0.0,1,False,0,0,False
методика,N,N;ACC;SG,SEV,метадицѫ́,1,1,1.0,0.0,1,False,0,0,False
метонимия,N,N;ACC;SG,SEV,метанимиѫ́,1,1,1.0,0.0,1,False,0,0,False
метрика,N,N;ACC;SG,SEV,ме́трицѫ,0,1,1.0,0.0,1,False,0,0,False
метрология,N,N;ACC;SG,SEV,ме́трлагиѫ,0,1,1.0,0.0,1,False,0,0,False
метрополия,N,N;ACC;SG,SEV,ме́трапалиѫ,0,1,1.0,0.0,1,False,0,0,False
меценат,N,N;ACC;SG,SEV,мецена́т,1,1,1.0,0.0,1,False,0,0,False
мечтание,N,N;ACC;SG,SEV,мѣчтани́а,2,1,1.0,0.0,1,False,0,0,False
мешалка,N,N;ACC;SG,SEV,меша́льцѫ,2,1,1.0,0.0,1,False,0,0,False
мешочек,N,N;ACC;SG,SEV,мѣшачѣ́к,1,1,1.0,0.0,1,False,0,0,False
мещанка,N,N;ACC;SG,SEV,меща́ньцѫ,2,1,1.0,0.0,1,False,0,0,False
мигалка,N,N;ACC;SG,SEV,ми́зальцѫ,0,1,1.0,0.0,1,False,0,0,False
мизансцена,N,N;ACC;SG,SEV,ми́зансценѫ,0,1,1.0,0.0,1,False,0,0,False
микрочип,N,N;ACC;SG,SEV,мицрачи́п,1,1,1.0,0.0,1,False,0,0,False
милашка,N,N;ACC;SG,SEV,милашьцѫ́,1,1,1.0,0.0,1,False,0,0,False
милитаризация,N,N;ACC;SG,SEV,ми́литаризациѫ,0,1,1.0,0.0,1,False,0,0,False
минирование,N,N;ACC;SG,SEV,ми́нираваниа,0,1,1.0,0.0,1,False,0,0,False
минчанка,N,N;ACC;SG,SEV,минчаньцѫ́,1,1,1.0,0.0,1,False,0,0,False
митохондрия,N,N;ACC;SG,SEV,ми́тахандриѫ,0,1,1.0,0.0,1,False,0,0,False
мифология,N,N;ACC;SG,SEV,ми́флагиѫ,0,1,1.0,0.0,1,False,0,0,False
многословие,N,N;ACC;SG,SEV,мнагаслави́а,2,1,1.0,0.0,1,False,0,0,False
многоточие,N,N;ACC;SG,SEV,мнагатачио́,1,1,1.0,0.0,1,False,0,0,False
множитель,N,N;ACC;SG,SEV,мно́житель,0,1,1.0,0.0,1,False,0,0,False
мовешка,N,N;ACC;SG,SEV,мо́вѣшьцѫ,0,1,1.0,0.0,1,False,0,0,False
могилка,N,N;ACC;SG,SEV,мо́гильцѫ,0,1,1.0,0.0,1,False,0,0,False
могущество,N,N;ACC;SG,SEV,магущество́,1,1,1.0,0.0,1,False,0,0,False
модератор,N,N;ACC;SG,SEV,мо́дератар,0,1,1.0,0.0,1,False,0,0,False
модистка,N,N;ACC;SG,SEV,мадистьцѫ́,1,1,1.0,0.0,1,False,0,0,False
мозаика,N,N;ACC;SG,SEV,мазаи́цѫ,2,1,1.0,0.0,1,False,0,0,False
мойка,N,N;ACC;SG,SEV,мо́йьцѫ,0,1,1.0,0.0,1,False,0,0,False
молибден,N,N;ACC;SG,SEV,мо́либден,0,1,1.0,0.0,1,False,0,0,False
моллюск,N,N;ACC;SG,SEV,маллю́сьцъ,1,1,1.0,0.0,1,False,0,0,False
молодожён,N,N;ACC;SG,SEV,младажё́н,1,1,1.0,0.0,1,False,0,0,False
молодчик,N,N;ACC;SG,SEV,мла́дчиц,0,1,1.0,0.0,1,False,0,0,False
момордика,N,N;ACC;SG,SEV,мо́мардицѫ,0,1,1.0,0.0,1,False,0,0,False
монархия,N,N;ACC;SG,SEV,манархи́ѫ,2,1,1.0,0.0,1,False,0,0,False
монашка,N,N;ACC;SG,SEV,мана́шьцѫ,2,1,1.0,0.0,1,False,0,0,False
монголка,N,N;ACC;SG,SEV,манго́льцѫ,2,1,1.0,0.0,1,False,0,0,False
монетка,N,N;ACC;SG,SEV,мане́тьцѫ,2,1,1.0,0.0,1,False,0,0,False
монитор,N,N;ACC;SG,SEV,мо́нитар,0,1,1.0,0.0,1,False,0,0,False
монография,N,N;ACC;SG,SEV,манаграфиѫ́,1,1,1.0,0.0,1,False,0,0,False
монопанель,N,N;ACC;SG,SEV,манапане́ль,1,1,1.0,0.0,1,False,0,0,False
монополька,N,N;ACC;SG,SEV,манапальцѫ́,1,1,1.0,0.0,1,False,0,0,False
монотеизм,N,N;ACC;SG,SEV,мо́натѣизмъ,0,1,1.0,0.0,1,False,0,0,False
мордочка,N,N;ACC;SG,SEV,мо́рдачьцѫ,0,1,1.0,0.0,1,False,0,0,False
морковка,N,N;ACC;SG,SEV,марко́вьцѫ,2,1,1.0,0.0,1,False,0,0,False
морозилка,N,N;ACC;SG,SEV,мразильцѫ́,1,1,1.0,0.0,1,False,0,0,False
морфология,N,N;ACC;SG,SEV,мо́рфлагиѫ,0,1,1.0,0.0,1,False,0,0,False
морщинка,N,N;ACC;SG,SEV,мо́рщиньцѫ,0,1,1.0,0.0,1,False,0,0,False
москвичка,N,N;ACC;SG,SEV,маскви́чьцѫ,2,1,1.0,0.0,1,False,0,0,False
москит,N,N;ACC;SG,SEV,маски́т,1,1,1.0,0.0,1,False,0,0,False
мостик,N,N;ACC;SG,SEV,масти́ц,1,1,1.0,0.0,1,False,0,0,False
мотороллер,N,N;ACC;SG,SEV,матралле́р,1,1,1.0,0.0,1,False,0,0,False
мошонка,N,N;ACC;SG,SEV,машо́ньцѫ,2,1,1.0,0.0,1,False,0,0,False
мракобесие,N,N;ACC;SG,SEV,мра́кабесиа,0,1,1.0,0.0,1,False,0,0,False
мудрец,N,N;ACC;SG,SEV,мудре́ц,1,1,1.0,0.0,1,False,0,0,False
мужичок,N,N;ACC;SG,SEV,мужичо́к,1,1,1.0,0.0,1,False,0,0,False
мутаген,N,N;ACC;SG,SEV,мутагѣ́н,1,1,1.0,0.0,1,False,0,0,False
мутация,N,N;ACC;SG,SEV,мутациѫ́,1,1,1.0,0.0,1,False,0,0,False
мучение,N,N;ACC;SG,SEV,мученио́,1,1,1.0,0.0,1,False,0,0,False
мщение,N,N;ACC;SG,SEV,мщенио́,1,1,1.0,0.0,1,False,0,0,False
мышеловка,N,N;ACC;SG,SEV,мы́шелавьцѫ,0,1,1.0,0.0,1,False,0,0,False
мышление,N,N;ACC;SG,SEV,мышленио́,1,1,1.0,0.0,1,False,0,0,False
мышонок,N,N;ACC;SG,SEV,мышано́к,1,1,1.0,0.0,1,False,0,0,False
мышьяк,N,N;ACC;SG,SEV,мы́шьяк,0,1,1.0,0.0,1,False,0,0,False
мясорубка,N,N;ACC;SG,SEV,мясару́бьцѫ,2,1,1.0,0.0,1,False,0,0,False
мячик,N,N;ACC;SG,SEV,мячи́ц,1,1,1.0,0.0,1,False,0,0,False
набег,N,N;ACC;SG,SEV,на́бег,0,1,1.0,0.0,1,False,0,0,False
набросок,N,N;ACC;SG,SEV,на́брасак,0,1,1.0,0.0,1,False,0,0,False
навивка,N,N;ACC;SG,SEV,на́вивьцѫ,0,1,1.0,0.0,1,False,0,0,False
навигация,N,N;ACC;SG,SEV,на́визациѫ,0,1,1.0,0.0,1,False,0,0,False
наводка,N,N;ACC;SG,SEV,на́вадьцѫ,0,1,1.0,0.0,1,False,0,0,False
наводчик,N,N;ACC;SG,SEV,навадчи́ц,1,1,1.0,0.0,1,False,0,0,False
нагайка,N,N;ACC;SG,SEV,нага́йьцѫ,2,1,1.0,0.0,1,False,0,0,False
наговор,N,N;ACC;SG,SEV,на́гавар,0,1,1.0,0.0,1,False,0,0,False
нагрузка,N,N;ACC;SG,SEV,нагрузьцѫ́,1,1,1.0,0.0,1,False,0,0,False
надбавка,N,N;ACC;SG,SEV,надба́вьцѫ,2,1,1.0,0.0,1,False,0,0,False
надгробие,N,N;ACC;SG,SEV,на́дграбиа,0,1,1.0,0.0,1,False,0,0,False
надколенник,N,N;ACC;SG,SEV,на́дкаленниц,0,1,1.0,0.0,1,False,0,0,False
надстройка,N,N;ACC;SG,SEV,надстрайьцѫ́,1,1,1.0,0.0,1,False,0,0,False
наживка,N,N;ACC;SG,SEV,нажи́вьцѫ,2,1,1.0,0.0,1,False,0,0,False
назидание,N,N;ACC;SG,SEV,назиданио́,1,1,1.0,0.0,1,False,0,0,False
накаливание,N,N;ACC;SG,SEV,накаливани́а,2,1,1.0,0.0,1,False,0,0,False
накидка,N,N;ACC;SG,SEV,накидьцѫ́,1,1,1.0,0.0,1,False,0,0,False
накладка,N,N;ACC;SG,SEV,накла́дьцѫ,2,1,1.0,0.0,1,False,0,0,False
наклейка,N,N;ACC;SG,SEV,наклейьцѫ́,1,1,1.0,0.0,1,False,0,0,False
наконечник,N,N;ACC;SG,SEV,наканѣчни́ц,1,1,1.0,0.0,1,False,0,0,False
налаживание,N,N;ACC;SG,SEV,налаживани́а,2,1,1.0,0.0,1,False,0,0,False
налоговик,N,N;ACC;SG,SEV,на́лагавиц,0,1,1.0,0.0,1,False,0,0,False
нанометр,N,N;ACC;SG,SEV,на́наметръ,0,1,1.0,0.0,1,False,0,0,False
нанотехнология,N,N;ACC;SG,SEV,нанатехнлаги́ѫ,2,1,1.0,0.0,1,False,0,0,False
напёрсток,N,N;ACC;SG,SEV,напёрсто́к,1,1,1.0,0.0,1,False,0,0,False
написание,N,N;ACC;SG,SEV,написанио́,1,1,1.0,0.0,1,False,0,0,False
наращивание,N,N;ACC;SG,SEV,наращивани́а,2,1,1.0,0.0,1,False,0,0,False
нарезка,N,N;ACC;SG,SEV,на́резьцѫ,0,1,1.0,0.0,1,False,0,0,False
наречие,N,N;ACC;SG,SEV,на́речиа,0,1,1.0,0.0,1,False,0,0,False
наркотик,N,N;ACC;SG,SEV,наркати́ц,1,1,1.0,0.0,1,False,0,0,False
народишко,N,N;ACC;SG,SEV,наради́шьца,2,1,1.0,0.0,1,False,0,0,False
нарушитель,N,N;ACC;SG,SEV,на́рушитель,0,1,1.0,0.0,1,False,0,0,False
насилие,N,N;ACC;SG,SEV,на́силиа,0,1,1.0,0.0,1,False,0,0,False
наследие,N,N;ACC;SG,SEV,наследио́,1,1,1.0,0.0,1,False,0,0,False
насмешка,N,N;ACC;SG,SEV,на́смѣшьцѫ,0,1,1.0,0.0,1,False,0,0,False
настойка,N,N;ACC;SG,SEV,настайьцѫ́,1,1,1.0,0.0,1,False,0,0,False
настройка,N,N;ACC;SG,SEV,на́страйьцѫ,0,1,1.0,0.0,1,False,0,0,False
настройщик,N,N;ACC;SG,SEV,на́страйщиц,0,1,1.0,0.0,1,False,0,0,False
натиск,N,N;ACC;SG,SEV,нати́сьцъ,1,1,1.0,0.0,1,False,0,0,False
натрий,N,N;ACC;SG,SEV,натри́,1,1,1.0,0.0,1,False,0,0,False
натяжка,N,N;ACC;SG,SEV,на́тяжьцѫ,0,1,1.0,0.0,1,False,0,0,False
находка,N,N;ACC;SG,SEV,нахо́дьцѫ,2,1,1.0,0.0,1,False,0,0,False
нацистка,N,N;ACC;SG,SEV,на́цистьцѫ,0,1,1.0,0.0,1,False,0,0,False
начинание,N,N;ACC;SG,SEV,начинани́а,2,1,1.0,0.0,1,False,0,0,False
нашествие,N,N;ACC;SG,SEV,нашестви́а,2,1,1.0,0.0,1,False,0,0,False
небрежение,N,N;ACC;SG,SEV,небрежени́а,2,1,1.0,0.0,1,False,0,0,False
невежа,N,N;ACC;SG,SEV,невежѫ́,1,1,1.0,0.0,1,False,0,0,False
неверие,N,N;ACC;SG,SEV,невери́а,2,1,1.0,0.0,1,False,0,0,False
невестка,N,N;ACC;SG,SEV,нѣвѣ́стьцѫ,2,1,1.0,0.0,1,False,0,0,False
невыполнение,N,N;ACC;SG,SEV,невыпалненио́,1,1,1.0,0.0,1,False,0,0,False
негритянка,N,N;ACC;SG,SEV,негритя́ньцѫ,2,1,1.0,0.0,1,False,0,0,False
неделька,N,N;ACC;SG,SEV,не́дельцѫ,0,1,1.0,0.0,1,False,0,0,False
недержание,N,N;ACC;SG,SEV,недержанио́,1,1,1.0,0.0,1,False,0,0,False
недоверчивость,N,N;ACC;SG,SEV,не́даверчивасъть,0,1,1.0,0.0,1,False,0,0,False
недоимка,N,N;ACC;SG,SEV,недаи́мьцѫ,2,1,1.0,0.0,1,False,0,0,False
недопустимость,N,N;ACC;SG,SEV,недапустимо́съть,1,1,1.0,0.0,1,False,0,0,False
недоразумение,N,N;ACC;SG,SEV,недаразуменио́,1,1,1.0,0.0,1,False,0,0,False
недоумение,N,N;ACC;SG,SEV,недаумени́а,2,1,1.0,0.0,1,False,0,0,False
нежданчик,N,N;ACC;SG,SEV,нежданчи́ц,1,1,1.0,0.0,1,False,0,0,False
нежелание,N,N;ACC;SG,SEV,нежеланио́,1,1,1.0,0.0,1,False,0,0,False
незабудка,N,N;ACC;SG,SEV,не́забудьцѫ,0,1,1.0,0.0,1,False,0,0,False
незнание,N,N;ACC;SG,SEV,нѣзнани́а,2,1,1.0,0.0,1,False,0,0,False
неисполнение,N,N;ACC;SG,SEV,неиспалнени́а,2,1,1.0,0.0,1,False,0,0,False
некрофилия,N,N;ACC;SG,SEV,нѣкрафилиѫ́,1,1,1.0,0.0,1,False,0,0,False
нелюбовь,N,N;ACC;SG,SEV,не́любавь,0,1,1.0,0.0,1,False,0,0,False
нелюдь,N,N;ACC;SG,SEV,не́людь,0,1,1.0,0.0,1,False,0,0,False
немка,N,N;ACC;SG,SEV,не́мьцѫ,0,1,1.0,0.0,1,False,0,0,False
немощь,N,N;ACC;SG,SEV,немо́щь,1,1,1.0,0.0,1,False,0,0,False
необходимость,N,N;ACC;SG,SEV,неабхадимасътѫ́,1,1,1.0,0.0,1,False,0,0,False
неоднозначность,N,N;ACC;SG,SEV,нѣадназначно́съть,1,1,1.0,0.0,1,False,0,0,False
неодобрение,N,N;ACC;SG,SEV,неадабрени́а,2,1,1.0,0.0,1,False,0,0,False
неологизм,N,N;ACC;SG,SEV,нелаги́змъ,1,1,1.0,0.0,1,False,0,0,False
неотложка,N,N;ACC;SG,SEV,неатлажьцѫ́,1,1,1.0,0.0,1,False,0,0,False
неповиновение,N,N;ACC;SG,SEV,не́павинавениа,0,1,1.0,0.0,1,False,0,0,False
неподчинение,N,N;ACC;SG,SEV,не́падчинениа,0,1,1.0,0.0,1,False,0,0,False
нептуний,N,N;ACC;SG,SEV,нѣ́птуни,0,1,1.0,0.0,1,False,0,0,False
несение,N,N;ACC;SG,SEV,не́сениа,0,1,1.0,0.0,1,False,0,0,False
несоблюдение,N,N;ACC;SG,SEV,не́саблюдениа,0,1,1.0,0.0,1,False,0,0,False
несовместимость,N,N;ACC;SG,SEV,несавместимо́съть,1,1,1.0,0.0,1,False,0,0,False
несогласие,N,N;ACC;SG,SEV,несагласио́,1,1,1.0,0.0,1,False,0,0,False
нетерпение,N,N;ACC;SG,SEV,нетерпенио́,1,1,1.0,0.0,1,False,0,0,False
неувязка,N,N;ACC;SG,SEV,неувя́зьцѫ,2,1,1.0,0.0,1,False,0,0,False
неудобство,N,N;ACC;SG,SEV,не́удабства,0,1,1.0,0.0,1,False,0,0,False
нефрит,N,N;ACC;SG,SEV,нефри́т,1,1,1.0,0.0,1,False,0,0,False
нехватка,N,N;ACC;SG,SEV,нехватьцѫ́,1,1,1.0,0.0,1,False,0,0,False
нобелий,N,N;ACC;SG,SEV,но́бели,0,1,1.0,0.0,1,False,0,0,False
новация,N,N;ACC;SG,SEV,но́вациѫ,0,1,1.0,0.0,1,False,0,0,False
новинка,N,N;ACC;SG,SEV,но́виньцѫ,0,1,1.0,0.0,1,False,0,0,False
нововведение,N,N;ACC;SG,SEV,нававведени́а,2,1,1.0,0.0,1,False,0,0,False
новостройка,N,N;ACC;SG,SEV,но́вастрайьцѫ,0,1,1.0,0.0,1,False,0,0,False
ноготок,N,N;ACC;SG,SEV,но́гатак,0,1,1.0,0.0,1,False,0,0,False
ноженька,N,N;ACC;SG,SEV,но́женьцѫ,0,1,1.0,0.0,1,False,0,0,False
ножик,N,N;ACC;SG,SEV,нажи́ц,1,1,1.0,0.0,1,False,0,0,False
ножка,N,N;ACC;SG,SEV,но́жьцѫ,0,1,1.0,0.0,1,False,0,0,False
ножовка,N,N;ACC;SG,SEV,нажо́вьцѫ,2,1,1.0,0.0,1,False,0,0,False
ножонка,N,N;ACC;SG,SEV,нажо́ньцѫ,2,1,1.0,0.0,1,False,0,0,False
норвежка,N,N;ACC;SG,SEV,но́рвѣжьцѫ,0,1,1.0,0.0,1,False,0,0,False
носик,N,N;ACC;SG,SEV,наси́ц,1,1,1.0,0.0,1,False,0,0,False
ностальгия,N,N;ACC;SG,SEV,настальзи́ѫ,2,1,1.0,0.0,1,False,0,0,False
нотка,N,N;ACC;SG,SEV,но́тьцѫ,0,1,1.0,0.0,1,False,0,0,False
ноут,N,N;ACC;SG,SEV,нау́т,1,1,1.0,0.0,1,False,0,0,False
ночёвка,N,N;ACC;SG,SEV,начё́вьцѫ,2,1,1.0,0.0,1,False,0,0,False
ночка,N,N;ACC;SG,SEV,но́чьцѫ,0,1,1.0,0.0,1,False,0,0,False
ночлежка,N,N;ACC;SG,SEV,начле́жьцѫ,2,1,1.0,0.0,1,False,0,0,False
ношение,N,N;ACC;SG,SEV,но́шениа,0,1,1.0,0.0,1,False,0,0,False
нуклеус,N,N;ACC;SG,SEV,нуклеу́с,1,1,1.0,0.0,1,False,0,0,False
нянечка,N,N;ACC;SG,SEV,няне́чьцѫ,2,1,1.0,0.0,1,False,0,0,False
нянька,N,N;ACC;SG,SEV,ня́ньцѫ,0,1,1.0,0.0,1,False,0,0,False
обаим,N,N;ACC;SG,SEV,абаи́м,1,1,1.0,0.0,1,False,0,0,False
обакша,N,N;ACC;SG,SEV,аба́къшѫ,2,1,1.0,0.0,1,False,0,0,False
обатур,N,N;ACC;SG,SEV,абату́р,1,1,1.0,0.0,1,False,0,0,False
обезвоживаемость,N,N;ACC;SG,SEV,абѣзваживаѣмо́съть,1,1,1.0,0.0,1,False,0,0,False
обезьянка,N,N;ACC;SG,SEV,абѣзьяньцѫ́,1,1,1.0,0.0,1,False,0,0,False
обезьяночеловек,N,N;ACC;SG,SEV,о́безьяначелавек,0,1,1.0,0.0,1,False,0,0,False
обелиск,N,N;ACC;SG,SEV,абѣли́сьцъ,1,1,1.0,0.0,1,False,0,0,False
обжа,N,N;ACC;SG,SEV,о́бъжѫ,0,1,1.0,0.0,1,False,0,0,False
обидчик,N,N;ACC;SG,SEV,о́бидчиц,0,1,1.0,0.0,1,False,0,0,False
обилие,N,N;ACC;SG,SEV,абили́а,2,1,1.0,0.0,1,False,0,0,False
обладатель,N,N;ACC;SG,SEV,абладате́ль,1,1,1.0,0.0,1,False,0,0,False
облачко,N,N;ACC;SG,SEV,о́блачьца,0,1,1.0,0.0,1,False,0,0,False
обливание,N,N;ACC;SG,SEV,абливанио́,1,1,1.0,0.0,1,False,0,0,False
облигация,N,N;ACC;SG,SEV,аблизациѫ́,1,1,1.0,0.0,1,False,0,0,False
обломок,N,N;ACC;SG,SEV,о́бламак,0,1,1.0,0.0,1,False,0,0,False
обманщик,N,N;ACC;SG,SEV,абманщи́ц,1,1,1.0,0.0,1,False,0,0,False
обморок,N,N;ACC;SG,SEV,о́бмрак,0,1,1.0,0.0,1,False,0,0,False
обогащение,N,N;ACC;SG,SEV,о́багащѣниа,0,1,1.0,0.0,1,False,0,0,False
обогреватель,N,N;ACC;SG,SEV,о́багреватель,0,1,1.0,0.0,1,False,0,0,False
обожатель,N,N;ACC;SG,SEV,абажате́ль,1,1,1.0,0.0,1,False,0,0,False
обозначение,N,N;ACC;SG,SEV,о́базначениа,0,1,1.0,0.0,1,False,0,0,False
оболочка,N,N;ACC;SG,SEV,аблачьцѫ́,1,1,1.0,0.0,1,False,0,0,False
оборонка,N,N;ACC;SG,SEV,абраньцѫ́,1,1,1.0,0.0,1,False,0,0,False
обрезок,N,N;ACC;SG,SEV,абрезо́к,1,1,1.0,0.0,1,False,0,0,False
обрывок,N,N;ACC;SG,SEV,абрыво́к,1,1,1.0,0.0,1,False,0,0,False
обсдача,N,N;ACC;SG,SEV,абсда́чѫ,2,1,1.0,0.0,1,False,0,0,False
обслуга,N,N;ACC;SG,SEV,о́бслугѫ,0,1,1.0,0.0,1,False,0,0,False
обтекатель,N,N;ACC;SG,SEV,о́бтекатель,0,1,1.0,0.0,1,False,0,0,False
обух,N,N;ACC;SG,SEV,абу́х,1,1,1.0,0.0,1,False,0,0,False
обушок,N,N;ACC;SG,SEV,о́бушак,0,1,1.0,0.0,1,False,0,0,False
общак,N,N;ACC;SG,SEV,абща́к,1,1,1.0,0.0,1,False,0,0,False
объёмчик,N,N;ACC;SG,SEV,абъёмчи́ц,1,1,1.0,0.0,1,False,0,0,False
обычай,N,N;ACC;SG,SEV,абыча́,1,1,1.0,0.0,1,False,0,0,False
овация,N,N;ACC;SG,SEV,авациѫ́,1,1,1.0,0.0,1,False,0,0,False
овечка,N,N;ACC;SG,SEV,аве́чьцѫ,2,1,1.0,0.0,1,False,0,0,False
овладение,N,N;ACC;SG,SEV,авладени́а,2,1,1.0,0.0,1,False,0,0,False
овцебык,N,N;ACC;SG,SEV,о́вцебык,0,1,1.0,0.0,1,False,0,0,False
овчарка,N,N;ACC;SG,SEV,о́вчарьцѫ,0,1,1.0,0.0,1,False,0,0,False
оглядка,N,N;ACC;SG,SEV,агля́дьцѫ,2,1,1.0,0.0,1,False,0,0,False
огниво,N,N;ACC;SG,SEV,агниво́,1,1,1.0,0.0,1,False,0,0,False
огрызок,N,N;ACC;SG,SEV,агрызо́к,1,1,1.0,0.0,1,False,0,0,False
одиночка,N,N;ACC;SG,SEV,адино́чьцѫ,2,1,1.0,0.0,1,False,0,0,False
оживитель,N,N;ACC;SG,SEV,аживите́ль,1,1,1.0,0.0,1,False,0,0,False
оккупация,N,N;ACC;SG,SEV,о́ккупациѫ,0,1,1.0,0.0,1,False,0,0,False
окраска,N,N;ACC;SG,SEV,акра́сьцѫ,2,1,1.0,0.0,1,False,0,0,False
окрик,N,N;ACC;SG,SEV,о́криц,0,1,1.0,0.0,1,False,0,0,False
окрошка,N,N;ACC;SG,SEV,о́крашьцѫ,0,1,1.0,0.0,1,False,0,0,False
окурок,N,N;ACC;SG,SEV,акуро́к,1,1,1.0,0.0,1,False,0,0,False
оладик,N,N;ACC;SG,SEV,алади́ц,1,1,1.0,0.0,1,False,0,0,False
олеат,N,N;ACC;SG,SEV,о́леат,0,1,1.0,0.0,1,False,0,0,False
олицетворение,N,N;ACC;SG,SEV,о́лицѣтварѣниа,0,1,1.0,0.0,1,False,0,0,False
омбудсмен,N,N;ACC;SG,SEV,о́мбудсмен,0,1,1.0,0.0,1,False,0,0,False
омерзение,N,N;ACC;SG,SEV,амѣрзѣни́а,2,1,1.0,0.0,1,False,0,0,False
омовение,N,N;ACC;SG,SEV,о́мавениа,0,1,1.0,0.0,1,False,0,0,False
омограф,N,N;ACC;SG,SEV,амагра́ф,1,1,1.0,0.0,1,False,0,0,False
омут,N,N;ACC;SG,SEV,аму́т,1,1,1.0,0.0,1,False,0,0,False
оникс,N,N;ACC;SG,SEV,о́ницъсъ,0,1,1.0,0.0,1,False,0,0,False
онкология,N,N;ACC;SG,SEV,о́нклагиѫ,0,1,1.0,0.0,1,False,0,0,False
онтология,N,N;ACC;SG,SEV,антлагиѫ́,1,1,1.0,0.0,1,False,0,0,False
опалубка,N,N;ACC;SG,SEV,апалу́бьцѫ,2,1,1.0,0.0,1,False,0,0,False
оператор,N,N;ACC;SG,SEV,аперато́р,1,1,1.0,0.0,1,False,0,0,False
опечатка,N,N;ACC;SG,SEV,о́печатьцѫ,0,1,1.0,0.0,1,False,0,0,False
опёнок,N,N;ACC;SG,SEV,апёно́к,1,1,1.0,0.0,1,False,0,0,False
описание,N,N;ACC;SG,SEV,аписанио́,1,1,1.0,0.0,1,False,0,0,False
оправка,N,N;ACC;SG,SEV,о́правьцѫ,0,1,1.0,0.0,1,False,0,0,False
опреснитель,N,N;ACC;SG,SEV,апресните́ль,1,1,1.0,0.0,1,False,0,0,False
опричнина,N,N;ACC;SG,SEV,апричнинѫ́,1,1,1.0,0.0,1,False,0,0,False
оптимизм,N,N;ACC;SG,SEV,аптими́змъ,1,1,1.0,0.0,1,False,0,0,False
оптимист,N,N;ACC;SG,SEV,о́птимисътъ,0,1,1.0,0.0,1,False,0,0,False
опускание,N,N;ACC;SG,SEV,о́пусканиа,0,1,1.0,0.0,1,False,0,0,False
организованность,N,N;ACC;SG,SEV,арганизаванно́съть,1,1,1.0,0.0,1,False,0,0,False
орешек,N,N;ACC;SG,SEV,ареше́к,1,1,1.0,0.0,1,False,0,0,False
орлёнок,N,N;ACC;SG,SEV,арлёно́к,1,1,1.0,0.0,1,False,0,0,False
орография,N,N;ACC;SG,SEV,раграфиѫ́,1,1,1.0,0.0,1,False,0,0,False
ортодоксия,N,N;ACC;SG,SEV,артадакси́ѫ,2,1,1.0,0.0,1,False,0,0,False
осанка,N,N;ACC;SG,SEV,о́саньцѫ,0,1,1.0,0.0,1,False,0,0,False
освежитель,N,N;ACC;SG,SEV,о́свежитель,0,1,1.0,0.0,1,False,0,0,False
оселок,N,N;ACC;SG,SEV,асело́к,1,1,1.0,0.0,1,False,0,0,False
осетинка,N,N;ACC;SG,SEV,о́сетиньцѫ,0,1,1.0,0.0,1,False,0,0,False
осколок,N,N;ACC;SG,SEV,аскла́к,1,1,1.0,0.0,1,False,0,0,False
ослёнок,N,N;ACC;SG,SEV,о́слёнак,0,1,1.0,0.0,1,False,0,0,False
осмий,N,N;ACC;SG,SEV,асми́,1,1,1.0,0.0,1,False,0,0,False
основатель,N,N;ACC;SG,SEV,аснавате́ль,1,1,1.0,0.0,1,False,0,0,False
особняк,N,N;ACC;SG,SEV,о́сабняк,0,1,1.0,0.0,1,False,0,0,False
оссуарий,N,N;ACC;SG,SEV,ассуари́,1,1,1.0,0.0,1,False,0,0,False
островок,N,N;ACC;SG,SEV,астраво́к,1,1,1.0,0.0,1,False,0,0,False
остывание,N,N;ACC;SG,SEV,астыванио́,1,1,1.0,0.0,1,False,0,0,False
отверстие,N,N;ACC;SG,SEV,атверсти́а,2,1,1.0,0.0,1,False,0,0,False
ответчик,N,N;ACC;SG,SEV,атветчи́ц,1,1,1.0,0.0,1,False,0,0,False
отговорка,N,N;ACC;SG,SEV,о́тгаварьцѫ,0,1,1.0,0.0,1,False,0,0,False
отголосок,N,N;ACC;SG,SEV,атгласо́к,1,1,1.0,0.0,1,False,0,0,False
отдача,N,N;ACC;SG,SEV,атда́чѫ,2,1,1.0,0.0,1,False,0,0,False
отжиг,N,N;ACC;SG,SEV,атжи́з,1,1,1.0,0.0,1,False,0,0,False
открытая,N,N;ACC;SG,SEV,аткрыта́ѫ,2,1,1.0,0.0,1,False,0,0,False
отморозок,N,N;ACC;SG,SEV,о́тмразак,0,1,1.0,0.0,1,False,0,0,False
отмывание,N,N;ACC;SG,SEV,атмыванио́,1,1,1.0,0.0,1,False,0,0,False
отображение,N,N;ACC;SG,SEV,о́табражениа,0,1,1.0,0.0,1,False,0,0,False
отправка,N,N;ACC;SG,SEV,атпра́вьцѫ,2,1,1.0,0.0,1,False,0,0,False
отрезок,N,N;ACC;SG,SEV,атрѣзо́к,1,1,1.0,0.0,1,False,0,0,False
отрисовка,N,N;ACC;SG,SEV,атрисо́вьцѫ,2,1,1.0,0.0,1,False,0,0,False
отросток,N,N;ACC;SG,SEV,о́трастак,0,1,1.0,0.0,1,False,0,0,False
отрочество,N,N;ACC;SG,SEV,о́трачѣства,0,1,1.0,0.0,1,False,0,0,False
отставка,N,N;ACC;SG,SEV,атста́вьцѫ,2,1,1.0,0.0,1,False,0,0,False
оттяжка,N,N;ACC;SG,SEV,аттяжьцѫ́,1,1,1.0,0.0,1,False,0,0,False
отходная,N,N;ACC;SG,SEV,атхадна́ѫ,2,1,1.0,0.0,1,False,0,0,False
отцовство,N,N;ACC;SG,SEV,о́тцавства,0,1,1.0,0.0,1,False,0,0,False
офтальмология,N,N;ACC;SG,SEV,афтальмлагиѫ́,1,1,1.0,0.0,1,False,0,0,False
охапка,N,N;ACC;SG,SEV,о́хапьцѫ,0,1,1.0,0.0,1,False,0,0,False
очерк,N,N;ACC;SG,SEV,ачѣ́рьцъ,1,1,1.0,0.0,1,False,0,0,False
очечник,N,N;ACC;SG,SEV,ачечни́ц,1,1,1.0,0.0,1,False,0,0,False
ошейник,N,N;ACC;SG,SEV,ашейни́ц,1,1,1.0,0.0,1,False,0,0,False
паводок,N,N;ACC;SG,SEV,павадо́к,1,1,1.0,0.0,1,False,0,0,False
падение,N,N;ACC;SG,SEV,падени́а,2,1,1.0,0.0,1,False,0,0,False
пазл,N,N;ACC;SG,SEV,па́злъ,0,1,1.0,0.0,1,False,0,0,False
пазник,N,N;ACC;SG,SEV,па́зниц,0,1,1.0,0.0,1,False,0,0,False
пакетик,N,N;ACC;SG,SEV,пакѣти́ц,1,1,1.0,0.0,1,False,0,0,False
пакля,N,N;ACC;SG,SEV,па́клѫ,0,1,1.0,0.0,1,False,0,0,False
паковка,N,N;ACC;SG,SEV,пакавьцѫ́,1,1,1.0,0.0,1,False,0,0,False
палеоантропология,N,N;ACC;SG,SEV,палеаантраплаги́ѫ,2,1,1.0,0.0,1,False,0,0,False
палия,N,N;ACC;SG,SEV,пали́ѫ,2,1,1.0,0.0,1,False,0,0,False
палочка,N,N;ACC;SG,SEV,палачьцѫ́,1,1,1.0,0.0,1,False,0,0,False
пальма,N,N;ACC;SG,SEV,па́льмѫ,0,1,1.0,0.0,1,False,0,0,False
памятка,N,N;ACC;SG,SEV,па́мятьцѫ,0,1,1.0,0.0,1,False,0,0,False
пан,N,N;ACC;SG,SEV,па́н,0,1,1.0,0.0,1,False,0,0,False
парадное,N,N;ACC;SG,SEV,парадно́а,2,1,1.0,0.0,1,False,0,0,False
парейдолия,N,N;ACC;SG,SEV,парѣйдали́ѫ,2,1,1.0,0.0,1,False,0,0,False
паренёк,N,N;ACC;SG,SEV,па́ренёк,0,1,1.0,0.0,1,False,0,0,False
пария,N,N;ACC;SG,SEV,пари́ѫ,2,1,1.0,0.0,1,False,0,0,False
парковка,N,N;ACC;SG,SEV,па́ркавьцѫ,0,1,1.0,0.0,1,False,0,0,False
пародия,N,N;ACC;SG,SEV,парадиѫ́,1,1,1.0,0.0,1,False,0,0,False
парочка,N,N;ACC;SG,SEV,парачьцѫ́,1,1,1.0,0.0,1,False,0,0,False
партнёрство,N,N;ACC;SG,SEV,партнёрство́,1,1,1.0,0.0,1,False,0,0,False
парторг,N,N;ACC;SG,SEV,парто́рьзъ,1,1,1.0,0.0,1,False,0,0,False
паря,N,N;ACC;SG,SEV,па́рѫ,0,1,0.8,0.0,1,False,0,0,False
пасека,N,N;ACC;SG,SEV,па́секѫ,0,1,1.0,0.0,1,False,0,0,False
пассия,N,N;ACC;SG,SEV,па́ссиѫ,0,1,1.0,0.0,1,False,0,0,False
патология,N,N;ACC;SG,SEV,патлагиѫ́,1,1,1.0,0.0,1,False,0,0,False
патриархия,N,N;ACC;SG,SEV,па́триархиѫ,0,1,1.0,0.0,1,False,0,0,False
патрулирование,N,N;ACC;SG,SEV,па́трулираваниа,0,1,1.0,0.0,1,False,0,0,False
певец,N,N;ACC;SG,SEV,певе́ц,1,1,1.0,0.0,1,False,0,0,False
педикюр,N,N;ACC;SG,SEV,педицю́р,1,1,1.0,0.0,1,False,0,0,False
пейзанин,N,N;ACC;SG,SEV,пѣ́йзанин,0,1,1.0,0.0,1,False,0,0,False
пеночка-теньковка,N,N;ACC;SG,SEV,пеначка-теньцо́вьцѫ,2,1,1.0,0.0,1,False,0,0,False
пенсионерка,N,N;ACC;SG,SEV,пе́нсианерьцѫ,0,1,1.0,0.0,1,False,0,0,False
перебранка,N,N;ACC;SG,SEV,прѣ́браньцѫ,0,1,1.0,0.0,1,False,0,0,False
переброска,N,N;ACC;SG,SEV,прѣ́брасьцѫ,0,1,1.0,0.0,1,False,0,0,False
перевозка,N,N;ACC;SG,SEV,прѣвазьцѫ́,1,1,1.0,0.0,1,False,0,0,False
перевозчик,N,N;ACC;SG,SEV,прѣвазчи́ц,1,1,1.0,0.0,1,False,0,0,False
перевязка,N,N;ACC;SG,SEV,прѣвязьцѫ́,1,1,1.0,0.0,1,False,0,0,False
перегрузка,N,N;ACC;SG,SEV,прѣ́грузьцѫ,0,1,1.0,0.0,1,False,0,0,False
переделка,N,N;ACC;SG,SEV,прѣ́дельцѫ,0,1,1.0,0.0,1,False,0,0,False
передняя,N,N;ACC;SG,SEV,прѣдня́ѫ,2,1,1.0,0.0,1,False,0,0,False
передовая,N,N;ACC;SG,SEV,прѣдава́ѫ,2,1,1.0,0.0,1,False,0,0,False
передок,N,N;ACC;SG,SEV,прѣ́дак,0,1,1.0,0.0,1,False,0,0,False
передышка,N,N;ACC;SG,SEV,прѣдышьцѫ́,1,1,1.0,0.0,1,False,0,0,False
перекличка,N,N;ACC;SG,SEV,прѣкличьцѫ́,1,1,1.0,0.0,1,False,0,0,False
переменка,N,N;ACC;SG,SEV,прѣме́ньцѫ,2,1,1.0,0.0,1,False,0,0,False
переменная,N,N;ACC;SG,SEV,прѣменна́ѫ,2,1,1.0,0.0,1,False,0,0,False
перенаём,N,N;ACC;SG,SEV,прѣнаё́м,1,1,1.0,0.0,1,False,0,0,False
перенаправление,N,N;ACC;SG,SEV,прѣнаправлѣни́а,2,1,1.0,0.0,1,False,0,0,False
перенаселение,N,N;ACC;SG,SEV,прѣнаселени́а,2,1,1.0,0.0,1,False,0,0,False
переоценка,N,N;ACC;SG,SEV,прѣацѣ́ньцѫ,2,1,1.0,0.0,1,False,0,0,False
переписка,N,N;ACC;SG,SEV,прѣписьцѫ́,1,1,1.0,0.0,1,False,0,0,False
перераспределение,N,N;ACC;SG,SEV,прѣ́распределениа,0,1,1.0,0.0,1,False,0,0,False
перестрелка,N,N;ACC;SG,SEV,прѣ́стрельцѫ,0,1,1.0,0.0,1,False,0,0,False
пересылка,N,N;ACC;SG,SEV,прѣсы́льцѫ,2,1,1.0,0.0,1,False,0,0,False
переустройство,N,N;ACC;SG,SEV,прѣустро́йства,2,1,1.0,0.0,1,False,0,0,False
перец,N,N;ACC;SG,SEV,прѣ́ц,0,1,1.0,0.0,1,False,0,0,False
перечница,N,N;ACC;SG,SEV,прѣчни́цѫ,2,1,1.0,0.0,1,False,0,0,False
перешеек,N,N;ACC;SG,SEV,прѣшее́к,1,1,1.0,0.0,1,False,0,0,False
перипетия,N,N;ACC;SG,SEV,перипети́ѫ,2,1,1.0,0.0,1,False,0,0,False
периферия,N,N;ACC;SG,SEV,перифериѫ́,1,1,1.0,0.0,1,False,0,0,False
перламутр,N,N;ACC;SG,SEV,перламу́тръ,1,1,1.0,0.0,1,False,0,0,False
пермяк,N,N;ACC;SG,SEV,пе́рмяк,0,1,1.0,0.0,1,False,0,0,False
песец,N,N;ACC;SG,SEV,пѣсѣ́ц,1,1,1.0,0.0,1,False,0,0,False
песочница,N,N;ACC;SG,SEV,песачницѫ́,1,1,1.0,0.0,1,False,0,0,False
пессимист,N,N;ACC;SG,SEV,пе́ссимисътъ,0,1,1.0,0.0,1,False,0,0,False
пестицид,N,N;ACC;SG,SEV,пѣстици́д,1,1,1.0,0.0,1,False,0,0,False
петушок,N,N;ACC;SG,SEV,петушо́к,1,1,1.0,0.0,1,False,0,0,False
печатка,N,N;ACC;SG,SEV,пѣчатьцѫ́,1,1,1.0,0.0,1,False,0,0,False
печенег,N,N;ACC;SG,SEV,пѣчѣнѣ́г,1,1,1.0,0.0,1,False,0,0,False
пианистка,N,N;ACC;SG,SEV,пиани́стьцѫ,2,1,1.0,0.0,1,False,0,0,False
пивасик,N,N;ACC;SG,SEV,пиваси́ц,1,1,1.0,0.0,1,False,0,0,False
пигмей,N,N;ACC;SG,SEV,пизме́,1,1,1.0,0.0,1,False,0,0,False
пиздец,N,N;ACC;SG,SEV,пи́здѣц,0,1,1.0,0.0,1,False,0,0,False
пиздюк,N,N;ACC;SG,SEV,пиздю́к,1,1,1.0,0.0,1,False,0,0,False
пиздюшка,N,N;ACC;SG,SEV,пиздюшьцѫ́,1,1,1.0,0.0,1,False,0,0,False
пикапчик,N,N;ACC;SG,SEV,пицапчи́ц,1,1,1.0,0.0,1,False,0,0,False
пикетчик,N,N;ACC;SG,SEV,пицетчи́ц,1,1,1.0,0.0,1,False,0,0,False
пикник,N,N;ACC;SG,SEV,пицни́ц,1,1,1.0,0.0,1,False,0,0,False
пилигрим,N,N;ACC;SG,SEV,пилизри́м,1,1,1.0,0.0,1,False,0,0,False
пинг-понг,N,N;ACC;SG,SEV,пинг-по́ньзъ,1,1,1.0,0.0,1,False,0,0,False
пионерка,N,N;ACC;SG,SEV,пиане́рьцѫ,2,1,1.0,0.0,1,False,0,0,False
пипец,N,N;ACC;SG,SEV,пи́пѣц,0,1,1.0,0.0,1,False,0,0,False
пиписька,N,N;ACC;SG,SEV,пиписьцѫ́,1,1,1.0,0.0,1,False,0,0,False
писец,N,N;ACC;SG,SEV,пи́сец,0,1,1.0,0.0,1,False,0,0,False
пиццерия,N,N;ACC;SG,SEV,пиццери́ѫ,2,1,1.0,0.0,1,False,0,0,False
плавник,N,N;ACC;SG,SEV,плавни́ц,1,1,1.0,0.0,1,False,0,0,False
плазма,N,N;ACC;SG,SEV,плазмѫ́,1,1,1.0,0.0,1,False,0,0,False
планирование,N,N;ACC;SG,SEV,пла́нираваниа,0,1,1.0,0.0,1,False,0,0,False
плательщик,N,N;ACC;SG,SEV,пла́тельщиц,0,1,1.0,0.0,1,False,0,0,False
платочек,N,N;ACC;SG,SEV,пла́тачек,0,1,1.0,0.0,1,False,0,0,False
плаха,N,N;ACC;SG,SEV,плахѫ́,1,1,1.0,0.0,1,False,0,0,False
плебисцит,N,N;ACC;SG,SEV,плѣбисци́т,1,1,1.0,0.0,1,False,0,0,False
племяшка,N,N;ACC;SG,SEV,плѣмя́шьцѫ,2,1,1.0,0.0,1,False,0,0,False
племяш,N,N;ACC;SG,SEV,плѣмя́ш,1,1,1.0,0.0,1,False,0,0,False
пленник,N,N;ACC;SG,SEV,пле́нниц,0,1,1.0,0.0,1,False,0,0,False
плешь,N,N;ACC;SG,SEV,плѣ́шь,0,1,1.0,0.0,1,False,0,0,False
пловец,N,N;ACC;SG,SEV,пло́вец,0,1,1.0,0.0,1,False,0,0,False
плодородие,N,N;ACC;SG,SEV,пло́драдиа,0,1,1.0,0.0,1,False,0,0,False
плоскостопие,N,N;ACC;SG,SEV,пласкастапи́а,2,1,1.0,0.0,1,False,0,0,False
плотник,N,N;ACC;SG,SEV,пло́тниц,0,1,1.0,0.0,1,False,0,0,False
плуг,N,N;ACC;SG,SEV,плу́г,0,1,1.0,0.0,1,False,0,0,False
плутоний,N,N;ACC;SG,SEV,плутани́,1,1,1.0,0.0,1,False,0,0,False
пневмония,N,N;ACC;SG,SEV,пне́вманиѫ,0,1,1.0,0.0,1,False,0,0,False
побег,N,N;ACC;SG,SEV,пабе́г,1,1,1.0,0.0,1,False,0,0,False
побратим,N,N;ACC;SG,SEV,пабрати́м,1,1,1.0,0.0,1,False,0,0,False
повадка,N,N;ACC;SG,SEV,павадьцѫ́,1,1,1.0,0.0,1,False,0,0,False
повелитель,N,N;ACC;SG,SEV,павелите́ль,1,1,1.0,0.0,1,False,0,0,False
поверенный,N,N;ACC;SG,SEV,по́врѣнны,0,1,1.0,0.0,1,False,0,0,False
поветрие,N,N;ACC;SG,SEV,паветрио́,1,1,1.0,0.0,1,False,0,0,False
поглотитель,N,N;ACC;SG,SEV,по́глатитѣль,0,1,1.0,0.0,1,False,0,0,False
поговорка,N,N;ACC;SG,SEV,пагаварьцѫ́,1,1,1.0,0.0,1,False,0,0,False
погремушка,N,N;ACC;SG,SEV,пагрему́шьцѫ,2,1,1.0,0.0,1,False,0,0,False
погромщик,N,N;ACC;SG,SEV,паграмщи́ц,1,1,1.0,0.0,1,False,0,0,False
погромщица,N,N;ACC;SG,SEV,паграмщи́цѫ,2,1,1.0,0.0,1,False,0,0,False
подача,N,N;ACC;SG,SEV,пада́чѫ,2,1,1.0,0.0,1,False,0,0,False
подвиг,N,N;ACC;SG,SEV,падви́з,1,1,1.0,0.0,1,False,0,0,False
подвох,N,N;ACC;SG,SEV,падво́х,1,1,1.0,0.0,1,False,0,0,False
подёнщик,N,N;ACC;SG,SEV,падёнщи́ц,1,1,1.0,0.0,1,False,0,0,False
поджигательница,N,N;ACC;SG,SEV,паджизательни́цѫ,2,1,1.0,0.0,1,False,0,0,False
поджог,N,N;ACC;SG,SEV,паджо́г,1,1,1.0,0.0,1,False,0,0,False
подиум,N,N;ACC;SG,SEV,по́диум,0,1,1.0,0.0,1,False,0,0,False
подкладка,N,N;ACC;SG,SEV,падкладьцѫ́,1,1,1.0,0.0,1,False,0,0,False
подлец,N,N;ACC;SG,SEV,падле́ц,1,1,1.0,0.0,1,False,0,0,False
подмножество,N,N;ACC;SG,SEV,по́дмнажества,0,1,1.0,0.0,1,False,0,0,False
подножие,N,N;ACC;SG,SEV,по́днажиа,0,1,1.0,0.0,1,False,0,0,False
подонок,N,N;ACC;SG,SEV,падано́к,1,1,1.0,0.0,1,False,0,0,False
подписание,N,N;ACC;SG,SEV,падписани́а,2,1,1.0,0.0,1,False,0,0,False
подросток,N,N;ACC;SG,SEV,по́драстак,0,1,1.0,0.0,1,False,0,0,False
подрядчик,N,N;ACC;SG,SEV,падрядчи́ц,1,1,1.0,0.0,1,False,0,0,False
подсказка,N,N;ACC;SG,SEV,падска́зьцѫ,2,1,1.0,0.0,1,False,0,0,False
подсластитель,N,N;ACC;SG,SEV,падсластите́ль,1,1,1.0,0.0,1,False,0,0,False
подставка,N,N;ACC;SG,SEV,падста́вьцѫ,2,1,1.0,0.0,1,False,0,0,False
подстрекатель,N,N;ACC;SG,SEV,по́дстрекатель,0,1,1.0,0.0,1,False,0,0,False
подстрекательство,N,N;ACC;SG,SEV,падстрекательство́,1,1,1.0,0.0,1,False,0,0,False
подушечка,N,N;ACC;SG,SEV,по́душечьцѫ,0,1,1.0,0.0,1,False,0,0,False
подхалим,N,N;ACC;SG,SEV,падхали́м,1,1,1.0,0.0,1,False,0,0,False
позитив,N,N;ACC;SG,SEV,пазити́в,1,1,1.0,0.0,1,False,0,0,False
позиция,N,N;ACC;SG,SEV,пазициѫ́,1,1,1.0,0.0,1,False,0,0,False
познание,N,N;ACC;SG,SEV,по́знаниа,0,1,1.0,0.0,1,False,0,0,False
поклонница,N,N;ACC;SG,SEV,пакланницѫ́,1,1,1.0,0.0,1,False,0,0,False
покойница,N,N;ACC;SG,SEV,пакайни́цѫ,2,1,1.0,0.0,1,False,0,0,False
покровитель,N,N;ACC;SG,SEV,пакравите́ль,1,1,1.0,0.0,1,False,0,0,False
покрытие,N,N;ACC;SG,SEV,пакрыти́а,2,1,1.0,0.0,1,False,0,0,False
покупательница,N,N;ACC;SG,SEV,пакупательни́цѫ,2,1,1.0,0.0,1,False,0,0,False
полемика,N,N;ACC;SG,SEV,палемицѫ́,1,1,1.0,0.0,1,False,0,0,False
полиграфия,N,N;ACC;SG,SEV,пализрафи́ѫ,2,1,1.0,0.0,1,False,0,0,False
политкаторжанин,N,N;ACC;SG,SEV,палиткатаржани́н,1,1,1.0,0.0,1,False,0,0,False
полицай,N,N;ACC;SG,SEV,палица́,1,1,1.0,0.0,1,False,0,0,False
полиция,N,N;ACC;SG,SEV,по́лициѫ,0,1,1.0,0.0,1,False,0,0,False
половик,N,N;ACC;SG,SEV,плави́ц,1,1,1.0,0.0,1,False,0,0,False
половинка,N,N;ACC;SG,SEV,пла́виньцѫ,0,1,1.0,0.0,1,False,0,0,False
половица,N,N;ACC;SG,SEV,плави́цѫ,2,1,1.0,0.0,1,False,0,0,False
полоний,N,N;ACC;SG,SEV,плани́,1,1,1.0,0.0,1,False,0,0,False
полугодие,N,N;ACC;SG,SEV,по́лугадиа,0,1,1.0,0.0,1,False,0,0,False
полуимя,N,N;ACC;SG,SEV,по́луимѫ,0,1,1.0,0.0,1,False,0,0,False
получательница,N,N;ACC;SG,SEV,палучательницѫ́,1,1,1.0,0.0,1,False,0,0,False
полушарие,N,N;ACC;SG,SEV,по́лушариа,0,1,1.0,0.0,1,False,0,0,False
полчанин,N,N;ACC;SG,SEV,палчани́н,1,1,1.0,0.0,1,False,0,0,False
пользователь,N,N;ACC;SG,SEV,пальзаватѣ́ль,1,1,1.0,0.0,1,False,0,0,False
полянин,N,N;ACC;SG,SEV,паляни́н,1,1,1.0,0.0,1,False,0,0,False
полянка,N,N;ACC;SG,SEV,паляньцѫ́,1,1,1.0,0.0,1,False,0,0,False
помещик,N,N;ACC;SG,SEV,по́мещиц,0,1,1.0,0.0,1,False,0,0,False
помощница,N,N;ACC;SG,SEV,памащни́цѫ,2,1,1.0,0.0,1,False,0,0,False
понтифик,N,N;ACC;SG,SEV,пантифи́ц,1,1,1.0,0.0,1,False,0,0,False
попёнок,N,N;ACC;SG,SEV,папёно́к,1,1,1.0,0.0,1,False,0,0,False
попович,N,N;ACC;SG,SEV,папави́ч,1,1,1.0,0.0,1,False,0,0,False
поправка,N,N;ACC;SG,SEV,по́правьцѫ,0,1,1.0,0.0,1,False,0,0,False
попрошайка,N,N;ACC;SG,SEV,по́прашайьцѫ,0,1,1.0,0.0,1,False,0,0,False
популизм,N,N;ACC;SG,SEV,по́пулизмъ,0,1,1.0,0.0,1,False,0,0,False
популяция,N,N;ACC;SG,SEV,папуляци́ѫ,2,1,1.0,0.0,1,False,0,0,False
порицание,N,N;ACC;SG,SEV,по́рицаниа,0,1,1.0,0.0,1,False,0,0,False
порнуха,N,N;ACC;SG,SEV,по́рнухѫ,0,1,1.0,0.0,1,False,0,0,False
поросёнок,N,N;ACC;SG,SEV,прасёно́к,1,1,1.0,0.0,1,False,0,0,False
порошок,N,N;ACC;SG,SEV,прашо́к,1,1,1.0,0.0,1,False,0,0,False
портниха,N,N;ACC;SG,SEV,партнисѫ́,1,1,1.0,0.0,1,False,0,0,False
поручик,N,N;ACC;SG,SEV,по́ручиц,0,1,1.0,0.0,1,False,0,0,False
порча,N,N;ACC;SG,SEV,парчѫ́,1,1,1.0,0.0,1,False,0,0,False
посёлок,N,N;ACC;SG,SEV,пасёло́к,1,1,1.0,0.0,1,False,0,0,False
послание,N,N;ACC;SG,SEV,по́сланиа,0,1,1.0,0.0,1,False,0,0,False
последователь,N,N;ACC;SG,SEV,паследавате́ль,1,1,1.0,0.0,1,False,0,0,False
послелог,N,N;ACC;SG,SEV,паслело́г,1,1,1.0,0.0,1,False,0,0,False
послесловие,N,N;ACC;SG,SEV,паслеславио́,1,1,1.0,0.0,1,False,0,0,False
пословица,N,N;ACC;SG,SEV,паслави́цѫ,2,1,1.0,0.0,1,False,0,0,False
послушание,N,N;ACC;SG,SEV,паслушани́а,2,1,1.0,0.0,1,False,0,0,False
посольство,N,N;ACC;SG,SEV,пасо́льства,2,1,1.0,0.0,1,False,0,0,False
посох,N,N;ACC;SG,SEV,пасо́х,1,1,1.0,0.0,1,False,0,0,False
поставка,N,N;ACC;SG,SEV,паста́вьцѫ,2,1,1.0,0.0,1,False,0,0,False
поставщик,N,N;ACC;SG,SEV,паставщи́ц,1,1,1.0,0.0,1,False,0,0,False
постпанк,N,N;ACC;SG,SEV,пастпа́ньцъ,1,1,1.0,0.0,1,False,0,0,False
пострелёнок,N,N;ACC;SG,SEV,пастрелёно́к,1,1,1.0,0.0,1,False,0,0,False
посыльный,N,N;ACC;SG,SEV,пасыльны́,1,1,1.0,0.0,1,False,0,0,False
посягательство,N,N;ACC;SG,SEV,по́сягатѣльства,0,1,1.0,0.0,1,False,0,0,False
потаскушка,N,N;ACC;SG,SEV,патаскушьцѫ́,1,1,1.0,0.0,1,False,0,0,False
потенция,N,N;ACC;SG,SEV,по́тѣнциѫ,0,1,1.0,0.0,1,False,0,0,False
потеха,N,N;ACC;SG,SEV,патехѫ́,1,1,1.0,0.0,1,False,0,0,False
потомство,N,N;ACC;SG,SEV,пато́мства,2,1,1.0,0.0,1,False,0,0,False
поцелуй,N,N;ACC;SG,SEV,по́целу,0,1,1.0,0.0,1,False,0,0,False
почемучка,N,N;ACC;SG,SEV,пачему́чьцѫ,2,1,1.0,0.0,1,False,0,0,False
почитательница,N,N;ACC;SG,SEV,пачитательни́цѫ,2,1,1.0,0.0,1,False,0,0,False
поэтика,N,N;ACC;SG,SEV,по́этицѫ,0,1,1.0,0.0,1,False,0,0,False
прабабушка,N,N;ACC;SG,SEV,пра́бабушьцѫ,0,1,1.0,0.0,1,False,0,0,False
правдоподобие,N,N;ACC;SG,SEV,правдападаби́а,2,1,1.0,0.0,1,False,0,0,False
правление,N,N;ACC;SG,SEV,правленио́,1,1,1.0,0.0,1,False,0,0,False
правонарушение,N,N;ACC;SG,SEV,праванарушени́а,2,1,1.0,0.0,1,False,0,0,False
прадедушка,N,N;ACC;SG,SEV,прадеду́шьцѫ,2,1,1.0,0.0,1,False,0,0,False
празднество,N,N;ACC;SG,SEV,пра́зднества,0,1,1.0,0.0,1,False,0,0,False
прапорщик,N,N;ACC;SG,SEV,прапарщи́ц,1,1,1.0,0.0,1,False,0,0,False
праправнук,N,N;ACC;SG,SEV,праправну́к,1,1,1.0,0.0,1,False,0,0,False
прародитель,N,N;ACC;SG,SEV,прарадитѣ́ль,1,1,1.0,0.0,1,False,0,0,False
прах,N,N;ACC;SG,SEV,пра́х,0,1,1.0,0.0,1,False,0,0,False
праязык,N,N;ACC;SG,SEV,праязы́к,1,1,1.0,0.0,1,False,0,0,False
преамбула,N,N;ACC;SG,SEV,преамбулѫ́,1,1,1.0,0.0,1,False,0,0,False
пребывание,N,N;ACC;SG,SEV,пребывани́а,2,1,1.0,0.0,1,False,0,0,False
предание,N,N;ACC;SG,SEV,прѣдани́а,2,1,1.0,0.0,1,False,0,0,False
предводитель,N,N;ACC;SG,SEV,предвадите́ль,1,1,1.0,0.0,1,False,0,0,False
преддверие,N,N;ACC;SG,SEV,преддвери́а,2,1,1.0,0.0,1,False,0,0,False
предисловие,N,N;ACC;SG,SEV,предислави́а,2,1,1.0,0.0,1,False,0,0,False
предкрылок,N,N;ACC;SG,SEV,пре́дкрылак,0,1,1.0,0.0,1,False,0,0,False
предоставление,N,N;ACC;SG,SEV,предаставлени́а,2,1,1.0,0.0,1,False,0,0,False
предотвращение,N,N;ACC;SG,SEV,предатвращени́а,2,1,1.0,0.0,1,False,0,0,False
предохранитель,N,N;ACC;SG,SEV,предахраните́ль,1,1,1.0,0.0,1,False,0,0,False
предписание,N,N;ACC;SG,SEV,прѣдписани́а,2,1,1.0,0.0,1,False,0,0,False
предпосылка,N,N;ACC;SG,SEV,пре́дпасыльцѫ,0,1,1.0,0.0,1,False,0,0,False
предпринимательница,N,N;ACC;SG,SEV,предпринимательни́цѫ,2,1,1.0,0.0,1,False,0,0,False
председательство,N,N;ACC;SG,SEV,председательство́,1,1,1.0,0.0,1,False,0,0,False
предсердие,N,N;ACC;SG,SEV,пре́дсердиа,0,1,1.0,0.0,1,False,0,0,False
предчувствие,N,N;ACC;SG,SEV,пре́дчувствиа,0,1,1.0,0.0,1,False,0,0,False
презумпция,N,N;ACC;SG,SEV,презумпциѫ́,1,1,1.0,0.0,1,False,0,0,False
прелюбодейка,N,N;ACC;SG,SEV,прѣлюбадѣйьцѫ́,1,1,1.0,0.0,1,False,0,0,False
прелюдия,N,N;ACC;SG,SEV,прелюди́ѫ,2,1,1.0,0.0,1,False,0,0,False
преображение,N,N;ACC;SG,SEV,преабражени́а,2,1,1.0,0.0,1,False,0,0,False
препуций,N,N;ACC;SG,SEV,препуци́,1,1,1.0,0.0,1,False,0,0,False
препятствие,N,N;ACC;SG,SEV,прѣпятствио́,1,1,1.0,0.0,1,False,0,0,False
пресвитерианин,N,N;ACC;SG,SEV,пре́свитерианин,0,1,1.0,0.0,1,False,0,0,False
преследователь,N,N;ACC;SG,SEV,преследавате́ль,1,1,1.0,0.0,1,False,0,0,False
пресс-конференция,N,N;ACC;SG,SEV,пресс-канфрѣнци́ѫ,2,1,1.0,0.0,1,False,0,0,False
претендентка,N,N;ACC;SG,SEV,прѣтѣндѣ́нтьцѫ,2,1,1.0,0.0,1,False,0,0,False
прибавка,N,N;ACC;SG,SEV,при́бавьцѫ,0,1,1.0,0.0,1,False,0,0,False
прибавление,N,N;ACC;SG,SEV,прибавленио́,1,1,1.0,0.0,1,False,0,0,False
приближение,N,N;ACC;SG,SEV,при́ближениа,0,1,1.0,0.0,1,False,0,0,False
прибой,N,N;ACC;SG,SEV,прибо́,1,1,1.0,0.0,1,False,0,0,False
приведение,N,N;ACC;SG,SEV,приведени́а,2,1,1.0,0.0,1,False,0,0,False
приверженка,N,N;ACC;SG,SEV,при́верженьцѫ,0,1,1.0,0.0,1,False,0,0,False
привесок,N,N;ACC;SG,SEV,привѣсо́к,1,1,1.0,0.0,1,False,0,0,False
приветствие,N,N;ACC;SG,SEV,при́ветствиа,0,1,1.0,0.0,1,False,0,0,False
привидение,N,N;ACC;SG,SEV,при́видѣниа,0,1,1.0,0.0,1,False,0,0,False
привлечение,N,N;ACC;SG,SEV,привлечени́а,2,1,1.0,0.0,1,False,0,0,False
приводнение,N,N;ACC;SG,SEV,приваднени́а,2,1,1.0,0.0,1,False,0,0,False
привыкание,N,N;ACC;SG,SEV,привыкани́а,2,1,1.0,0.0,1,False,0,0,False
привязка,N,N;ACC;SG,SEV,привязьцѫ́,1,1,1.0,0.0,1,False,0,0,False
пригорок,N,N;ACC;SG,SEV,призра́к,1,1,1.0,0.0,1,False,0,0,False
придумка,N,N;ACC;SG,SEV,придумьцѫ́,1,1,1.0,0.0,1,False,0,0,False
придурок,N,N;ACC;SG,SEV,придуро́к,1,1,1.0,0.0,1,False,0,0,False
придыхание,N,N;ACC;SG,SEV,придыхани́а,2,1,1.0,0.0,1,False,0,0,False
приёмчик,N,N;ACC;SG,SEV,при́ёмчиц,0,1,1.0,0.0,1,False,0,0,False
призвук,N,N;ACC;SG,SEV,при́звук,0,1,1.0,0.0,1,False,0,0,False
приземление,N,N;ACC;SG,SEV,приземлени́а,2,1,1.0,0.0,1,False,0,0,False
призрак,N,N;ACC;SG,SEV,призра́к,1,1,1.0,0.0,1,False,0,0,False
прииск,N,N;ACC;SG,SEV,при́исьцъ,0,1,1.0,0.0,1,False,0,0,False
прикащик,N,N;ACC;SG,SEV,прицащи́ц,1,1,1.0,0.0,1,False,0,0,False
приключение,N,N;ACC;SG,SEV,прицлюченио́,1,1,1.0,0.0,1,False,0,0,False
прикрепление,N,N;ACC;SG,SEV,прицреплени́а,2,1,1.0,0.0,1,False,0,0,False
приложение,N,N;ACC;SG,SEV,прилажени́а,2,1,1.0,0.0,1,False,0,0,False
приманка,N,N;ACC;SG,SEV,при́маньцѫ,0,1,1.0,0.0,1,False,0,0,False
применение,N,N;ACC;SG,SEV,при́менениа,0,1,1.0,0.0,1,False,0,0,False
примирение,N,N;ACC;SG,SEV,при́мирениа,0,1,1.0,0.0,1,False,0,0,False
приношение,N,N;ACC;SG,SEV,принашени́а,2,1,1.0,0.0,1,False,0,0,False
принуждение,N,N;ACC;SG,SEV,при́нуждениа,0,1,1.0,0.0,1,False,0,0,False
приобщение,N,N;ACC;SG,SEV,приабщени́а,2,1,1.0,0.0,1,False,0,0,False
припарка,N,N;ACC;SG,SEV,при́парьцѫ,0,1,1.0,0.0,1,False,0,0,False
приписка,N,N;ACC;SG,SEV,приписьцѫ́,1,1,1.0,0.0,1,False,0,0,False
приручение,N,N;ACC;SG,SEV,при́ручениа,0,1,1.0,0.0,1,False,0,0,False
присадка,N,N;ACC;SG,SEV,приса́дьцѫ,2,1,1.0,0.0,1,False,0,0,False
присвоение,N,N;ACC;SG,SEV,присваени́а,2,1,1.0,0.0,1,False,0,0,False
приставка,N,N;ACC;SG,SEV,приставьцѫ́,1,1,1.0,0.0,1,False,0,0,False
присуждение,N,N;ACC;SG,SEV,при́суждѣниа,0,1,1.0,0.0,1,False,0,0,False
притеснение,N,N;ACC;SG,SEV,при́теснениа,0,1,1.0,0.0,1,False,0,0,False
притяжение,N,N;ACC;SG,SEV,притяженио́,1,1,1.0,0.0,1,False,0,0,False
причинение,N,N;ACC;SG,SEV,причиненио́,1,1,1.0,0.0,1,False,0,0,False
пришествие,N,N;ACC;SG,SEV,пришестви́а,2,1,1.0,0.0,1,False,0,0,False
пробег,N,N;ACC;SG,SEV,прабе́г,1,1,1.0,0.0,1,False,0,0,False
провинция,N,N;ACC;SG,SEV,правинциѫ́,1,1,1.0,0.0,1,False,0,0,False
проводница,N,N;ACC;SG,SEV,правадни́цѫ,2,1,1.0,0.0,1,False,0,0,False
провокатор,N,N;ACC;SG,SEV,правакато́р,1,1,1.0,0.0,1,False,0,0,False
проворство,N,N;ACC;SG,SEV,про́варства,0,1,1.0,0.0,1,False,0,0,False
прога,N,N;ACC;SG,SEV,про́гѫ,0,1,1.0,0.0,1,False,0,0,False
программатор,N,N;ACC;SG,SEV,про́грамматар,0,1,1.0,0.0,1,False,0,0,False
программка,N,N;ACC;SG,SEV,праграммьцѫ́,1,1,1.0,0.0,1,False,0,0,False
прогрессия,N,N;ACC;SG,SEV,прагрессиѫ́,1,1,1.0,0.0,1,False,0,0,False
продовольствие,N,N;ACC;SG,SEV,прадавальствио́,1,1,1.0,0.0,1,False,0,0,False
продуктивность,N,N;ACC;SG,SEV,прадуктивно́съть,1,1,1.0,0.0,1,False,0,0,False
продукция,N,N;ACC;SG,SEV,про́дукциѫ,0,1,1.0,0.0,1,False,0,0,False
проекция,N,N;ACC;SG,SEV,праекциѫ́,1,1,1.0,0.0,1,False,0,0,False
проживание,N,N;ACC;SG,SEV,праживанио́,1,1,1.0,0.0,1,False,0,0,False
прозаик,N,N;ACC;SG,SEV,празаи́ц,1,1,1.0,0.0,1,False,0,0,False
проигравший,N,N;ACC;SG,SEV,про́изравши,0,1,1.0,0.0,1,False,0,0,False
происшествие,N,N;ACC;SG,SEV,праисшестви́а,2,1,1.0,0.0,1,False,0,0,False
прокладка,N,N;ACC;SG,SEV,пракла́дьцѫ,2,1,1.0,0.0,1,False,0,0,False
проклятие,N,N;ACC;SG,SEV,праклятио́,1,1,1.0,0.0,1,False,0,0,False
прометий,N,N;ACC;SG,SEV,прамети́,1,1,1.0,0.0,1,False,0,0,False
промывание,N,N;ACC;SG,SEV,прамывани́а,2,1,1.0,0.0,1,False,0,0,False
проникание,N,N;ACC;SG,SEV,праницанио́,1,1,1.0,0.0,1,False,0,0,False
пропажа,N,N;ACC;SG,SEV,прапа́жѫ,2,1,1.0,0.0,1,False,0,0,False
пропитание,N,N;ACC;SG,SEV,прапитани́а,2,1,1.0,0.0,1,False,0,0,False
пропорция,N,N;ACC;SG,SEV,про́парциѫ,0,1,1.0,0.0,1,False,0,0,False
пропускание,N,N;ACC;SG,SEV,про́пусканиа,0,1,1.0,0.0,1,False,0,0,False
прореха,N,N;ACC;SG,SEV,прарехѫ́,1,1,1.0,0.0,1,False,0,0,False
пророчество,N,N;ACC;SG,SEV,пррачество́,1,1,1.0,0.0,1,False,0,0,False
просветитель,N,N;ACC;SG,SEV,прасветите́ль,1,1,1.0,0.0,1,False,0,0,False
простак,N,N;ACC;SG,SEV,про́стак,0,1,1.0,0.0,1,False,0,0,False
простец,N,N;ACC;SG,SEV,прасте́ц,1,1,1.0,0.0,1,False,0,0,False
проститутка,N,N;ACC;SG,SEV,праститутьцѫ́,1,1,1.0,0.0,1,False,0,0,False
просторечие,N,N;ACC;SG,SEV,прастарѣчио́,1,1,1.0,0.0,1,False,0,0,False
проступок,N,N;ACC;SG,SEV,праступо́к,1,1,1.0,0.0,1,False,0,0,False
профорг,N,N;ACC;SG,SEV,про́фарьзъ,0,1,1.0,0.0,1,False,0,0,False
проходная,N,N;ACC;SG,SEV,про́хаднаѫ,0,1,1.0,0.0,1,False,0,0,False
процентщик,N,N;ACC;SG,SEV,працѣнтщи́ц,1,1,1.0,0.0,1,False,0,0,False
процентщица,N,N;ACC;SG,SEV,працентщи́цѫ,2,1,1.0,0.0,1,False,0,0,False
процессия,N,N;ACC;SG,SEV,працесси́ѫ,2,1,1.0,0.0,1,False,0,0,False
прошествие,N,N;ACC;SG,SEV,про́шѣствиа,0,1,1.0,0.0,1,False,0,0,False
прудик,N,N;ACC;SG,SEV,пру́диц,0,1,1.0,0.0,1,False,0,0,False
пружинка,N,N;ACC;SG,SEV,пружиньцѫ́,1,1,1.0,0.0,1,False,0,0,False
прутик,N,N;ACC;SG,SEV,пру́тиц,0,1,1.0,0.0,1,False,0,0,False
прыщик,N,N;ACC;SG,SEV,прыщи́ц,1,1,1.0,0.0,1,False,0,0,False
прямоугольник,N,N;ACC;SG,SEV,прямаугальни́ц,1,1,1.0,0.0,1,False,0,0,False
псарня,N,N;ACC;SG,SEV,псарнѫ́,1,1,1.0,0.0,1,False,0,0,False
психиатрия,N,N;ACC;SG,SEV,пси́сиатриѫ,0,1,1.0,0.0,1,False,0,0,False
психиатр,N,N;ACC;SG,SEV,пси́сиатръ,0,1,1.0,0.0,1,False,0,0,False
психика,N,N;ACC;SG,SEV,псиси́цѫ,2,1,1.0,0.0,1,False,0,0,False
психолог,N,N;ACC;SG,SEV,пси́слаг,0,1,1.0,0.0,1,False,0,0,False
психушка,N,N;ACC;SG,SEV,псисушьцѫ́,1,1,1.0,0.0,1,False,0,0,False
птаха,N,N;ACC;SG,SEV,пта́хѫ,0,1,1.0,0.0,1,False,0,0,False
публикация,N,N;ACC;SG,SEV,пу́блицациѫ,0,1,1.0,0.0,1,False,0,0,False
пузырёк,N,N;ACC;SG,SEV,пузырё́к,1,1,1.0,0.0,1,False,0,0,False
пунктуация,N,N;ACC;SG,SEV,пѫнктуаци́ѫ,2,1,1.0,0.0,1,False,0,0,False
пупсик,N,N;ACC;SG,SEV,пупси́ц,1,1,1.0,0.0,1,False,0,0,False
пустельга,N,N;ACC;SG,SEV,пустельзѫ́,1,1,1.0,0.0,1,False,0,0,False
пустышка,N,N;ACC;SG,SEV,пустышьцѫ́,1,1,1.0,0.0,1,False,0,0,False
пустяк,N,N;ACC;SG,SEV,пустя́к,1,1,1.0,0.0,1,False,0,0,False
путанка,N,N;ACC;SG,SEV,пута́ньцѫ,2,1,1.0,0.0,1,False,0,0,False
путник,N,N;ACC;SG,SEV,пу́тниц,0,1,1.0,0.0,1,False,0,0,False
пушкинизм,N,N;ACC;SG,SEV,пу́шкинизмъ,0,1,1.0,0.0,1,False,0,0,False
пчеловодство,N,N;ACC;SG,SEV,пчѣлавадство́,1,1,1.0,0.0,1,False,0,0,False
пчельник,N,N;ACC;SG,SEV,пчельни́ц,1,1,1.0,0.0,1,False,0,0,False
пылинка,N,N;ACC;SG,SEV,пылиньцѫ́,1,1,1.0,0.0,1,False,0,0,False
пыльник,N,N;ACC;SG,SEV,пыльни́ц,1,1,1.0,0.0,1,False,0,0,False
пырей,N,N;ACC;SG,SEV,пыре́,1,1,1.0,0.0,1,False,0,0,False
пятак,N,N;ACC;SG,SEV,пята́к,1,1,1.0,0.0,1,False,0,0,False
работка,N,N;ACC;SG,SEV,ра́батьцѫ,0,1,1.0,0.0,1,False,0,0,False
рабфак,N,N;ACC;SG,SEV,рабфа́к,1,1,1.0,0.0,1,False,0,0,False
равновесие,N,N;ACC;SG,SEV,ра́внавесиа,0,1,1.0,0.0,1,False,0,0,False
равноденствие,N,N;ACC;SG,SEV,равнаденстви́а,2,1,1.0,0.0,1,False,0,0,False
радиация,N,N;ACC;SG,SEV,радиациѫ́,1,1,1.0,0.0,1,False,0,0,False
радий,N,N;ACC;SG,SEV,ра́ди,0,1,1.0,0.0,1,False,0,0,False
разведка,N,N;ACC;SG,SEV,развѣдьцѫ́,1,1,1.0,0.0,1,False,0,0,False
развёрстка,N,N;ACC;SG,SEV,ра́звёрстьцѫ,0,1,1.0,0.0,1,False,0,0,False
развилка,N,N;ACC;SG,SEV,ра́звильцѫ,0,1,1.0,0.0,1,False,0,0,False
развязка,N,N;ACC;SG,SEV,развя́зьцѫ,2,1,1.0,0.0,1,False,0,0,False
разгадка,N,N;ACC;SG,SEV,разгадьцѫ́,1,1,1.0,0.0,1,False,0,0,False
разговорник,N,N;ACC;SG,SEV,ра́згаварниц,0,1,1.0,0.0,1,False,0,0,False
разгрузка,N,N;ACC;SG,SEV,разгру́зьцѫ,2,1,1.0,0.0,1,False,0,0,False
разлука,N,N;ACC;SG,SEV,разлу́кѫ,2,1,1.0,0.0,1,False,0,0,False
разминка,N,N;ACC;SG,SEV,ра́зминьцѫ,0,1,1.0,0.0,1,False,0,0,False
разрушитель,N,N;ACC;SG,SEV,разрушите́ль,1,1,1.0,0.0,1,False,0,0,False
разрыхлитель,N,N;ACC;SG,SEV,разрыхлитѣ́ль,1,1,1.0,0.0,1,False,0,0,False
разрядка,N,N;ACC;SG,SEV,разря́дьцѫ,2,1,1.0,0.0,1,False,0,0,False
ракетка,N,N;ACC;SG,SEV,раке́тьцѫ,2,1,1.0,0.0,1,False,0,0,False
ранка,N,N;ACC;SG,SEV,ра́ньцѫ,0,1,1.0,0.0,1,False,0,0,False
расистка,N,N;ACC;SG,SEV,раси́стьцѫ,2,1,1.0,0.0,1,False,0,0,False
расквартирование,N,N;ACC;SG,SEV,расквартиравани́а,2,1,1.0,0.0,1,False,0,0,False
раскладушка,N,N;ACC;SG,SEV,раскладушьцѫ́,1,1,1.0,0.0,1,False,0,0,False
раскрутка,N,N;ACC;SG,SEV,раскру́тьцѫ,2,1,1.0,0.0,1,False,0,0,False
раскрытие,N,N;ACC;SG,SEV,ра́скрытиа,0,1,1.0,0.0,1,False,0,0,False
расписка,N,N;ACC;SG,SEV,ра́списьцѫ,0,1,1.0,0.0,1,False,0,0,False
распорядитель,N,N;ACC;SG,SEV,ра́спарядитель,0,1,1.0,0.0,1,False,0,0,False
распространитель,N,N;ACC;SG,SEV,распрастраните́ль,1,1,1.0,0.0,1,False,0,0,False
рассказчик,N,N;ACC;SG,SEV,ра́ссказчиц,0,1,1.0,0.0,1,False,0,0,False
растяжка,N,N;ACC;SG,SEV,растяжьцѫ́,1,1,1.0,0.0,1,False,0,0,False
расхититель,N,N;ACC;SG,SEV,расхитите́ль,1,1,1.0,0.0,1,False,0,0,False
расцветка,N,N;ACC;SG,SEV,расцве́тьцѫ,2,1,1.0,0.0,1,False,0,0,False
расценка,N,N;ACC;SG,SEV,расцѣньцѫ́,1,1,1.0,0.0,1,False,0,0,False
расчёска,N,N;ACC;SG,SEV,расчё́сьцѫ,2,1,1.0,0.0,1,False,0,0,False
рафик,N,N;ACC;SG,SEV,ра́фиц,0,1,1.0,0.0,1,False,0,0,False
рация,N,N;ACC;SG,SEV,рациѫ́,1,1,1.0,0.0,1,False,0,0,False
рвение,N,N;ACC;SG,SEV,рвенио́,1,1,1.0,0.0,1,False,0,0,False
реалия,N,N;ACC;SG,SEV,реали́ѫ,2,1,1.0,0.0,1,False,0,0,False
ребус,N,N;ACC;SG,SEV,ребу́с,1,1,1.0,0.0,1,False,0,0,False
ревизия,N,N;ACC;SG,SEV,ревизиѫ́,1,1,1.0,0.0,1,False,0,0,False
ревизор,N,N;ACC;SG,SEV,ре́визар,0,1,1.0,0.0,1,False,0,0,False
регентша,N,N;ACC;SG,SEV,рѣгѣнтъшѫ́,1,1,1.0,0.0,1,False,0,0,False
регион,N,N;ACC;SG,SEV,ре́гиан,0,1,1.0,0.0,1,False,0,0,False
редколлегия,N,N;ACC;SG,SEV,ре́дкаллегиѫ,0,1,1.0,0.0,1,False,0,0,False
резерфордий,N,N;ACC;SG,SEV,резерфарди́,1,1,1.0,0.0,1,False,0,0,False
резинка,N,N;ACC;SG,SEV,рѣ́зиньцѫ,0,1,1.0,0.0,1,False,0,0,False
резистор,N,N;ACC;SG,SEV,ре́зистар,0,1,1.0,0.0,1,False,0,0,False
резолюция,N,N;ACC;SG,SEV,ре́залюциѫ,0,1,1.0,0.0,1,False,0,0,False
резонанс,N,N;ACC;SG,SEV,резана́нсъ,1,1,1.0,0.0,1,False,0,0,False
реквием,N,N;ACC;SG,SEV,ре́квием,0,1,1.0,0.0,1,False,0,0,False
реконструкция,N,N;ACC;SG,SEV,реканструкци́ѫ,2,1,1.0,0.0,1,False,0,0,False
рекурсия,N,N;ACC;SG,SEV,рекурси́ѫ,2,1,1.0,0.0,1,False,0,0,False
религия,N,N;ACC;SG,SEV,релизи́ѫ,2,1,1.0,0.0,1,False,0,0,False
реликвия,N,N;ACC;SG,SEV,ре́лицвиѫ,0,1,1.0,0.0,1,False,0,0,False
ремарка,N,N;ACC;SG,SEV,рема́рьцѫ,2,1,1.0,0.0,1,False,0,0,False
ремешок,N,N;ACC;SG,SEV,ре́мешак,0,1,1.0,0.0,1,False,0,0,False
ренегат,N,N;ACC;SG,SEV,рѣнѣга́т,1,1,1.0,0.0,1,False,0,0,False
ренессанс,N,N;ACC;SG,SEV,ренесса́нсъ,1,1,1.0,0.0,1,False,0,0,False
рений,N,N;ACC;SG,SEV,рени́,1,1,1.0,0.0,1,False,0,0,False
рентгений,N,N;ACC;SG,SEV,рентгени́,1,1,1.0,0.0,1,False,0,0,False
реплика,N,N;ACC;SG,SEV,рѣ́плицѫ,0,1,1.0,0.0,1,False,0,0,False
репрессия,N,N;ACC;SG,SEV,репрессиѫ́,1,1,1.0,0.0,1,False,0,0,False
реприза,N,N;ACC;SG,SEV,репри́зѫ,2,1,1.0,0.0,1,False,0,0,False
репродукция,N,N;ACC;SG,SEV,рѣпрадукци́ѫ,2,1,1.0,0.0,1,False,0,0,False
рептилия,N,N;ACC;SG,SEV,рѣ́птилиѫ,0,1,1.0,0.0,1,False,0,0,False
рескрипт,N,N;ACC;SG,SEV,рѣ́скрипътъ,0,1,1.0,0.0,1,False,0,0,False
ресурс,N,N;ACC;SG,SEV,ре́сурсъ,0,1,1.0,0.0,1,False,0,0,False
реферат,N,N;ACC;SG,SEV,рефера́т,1,1,1.0,0.0,1,False,0,0,False
референдум,N,N;ACC;SG,SEV,рефрѣнду́м,1,1,1.0,0.0,1,False,0,0,False
рефлексия,N,N;ACC;SG,SEV,ре́флексиѫ,0,1,1.0,0.0,1,False,0,0,False
реформатор,N,N;ACC;SG,SEV,ре́фарматар,0,1,1.0,0.0,1,False,0,0,False
рецензия,N,N;ACC;SG,SEV,ре́цензиѫ,0,1,1.0,0.0,1,False,0,0,False
рецессия,N,N;ACC;SG,SEV,рецесси́ѫ,2,1,1.0,0.0,1,False,0,0,False
речка,N,N;ACC;SG,SEV,ре́чьцѫ,0,1,1.0,0.0,1,False,0,0,False
речушка,N,N;ACC;SG,SEV,речу́шьцѫ,2,1,1.0,0.0,1,False,0,0,False
решка,N,N;ACC;SG,SEV,рѣ́шьцѫ,0,1,1.0,0.0,1,False,0,0,False
робиния,N,N;ACC;SG,SEV,ро́биниѫ,0,1,1.0,0.0,1,False,0,0,False
рогалик,N,N;ACC;SG,SEV,рагали́ц,1,1,1.0,0.0,1,False,0,0,False
рогожа,N,N;ACC;SG,SEV,ро́гажѫ,0,1,1.0,0.0,1,False,0,0,False
родитель,N,N;ACC;SG,SEV,ро́дитель,0,1,1.0,0.0,1,False,0,0,False
родовспоможение,N,N;ACC;SG,SEV,ро́давспамажениа,0,1,1.0,0.0,1,False,0,0,False
рододендрон,N,N;ACC;SG,SEV,ро́дадендран,0,1,1.0,0.0,1,False,0,0,False
роение,N,N;ACC;SG,SEV,ро́ениа,0,1,1.0,0.0,1,False,0,0,False
розочка,N,N;ACC;SG,SEV,разо́чьцѫ,2,1,1.0,0.0,1,False,0,0,False
розыск,N,N;ACC;SG,SEV,ро́зысьцъ,0,1,1.0,0.0,1,False,0,0,False
рок-группа,N,N;ACC;SG,SEV,рак-групъпѫ́,1,1,1.0,0.0,1,False,0,0,False
ролик,N,N;ACC;SG,SEV,ро́лиц,0,1,1.0,0.0,1,False,0,0,False
ромбик,N,N;ACC;SG,SEV,рамби́ц,1,1,1.0,0.0,1,False,0,0,False
росинка,N,N;ACC;SG,SEV,ро́синьцѫ,0,1,1.0,0.0,1,False,0,0,False
роспись,N,N;ACC;SG,SEV,распи́сь,1,1,1.0,0.0,1,False,0,0,False
россиянка,N,N;ACC;SG,SEV,ро́ссияньцѫ,0,1,1.0,0.0,1,False,0,0,False
россыпь,N,N;ACC;SG,SEV,рассы́пь,1,1,1.0,0.0,1,False,0,0,False
ростовщик,N,N;ACC;SG,SEV,раставщи́ц,1,1,1.0,0.0,1,False,0,0,False
росток,N,N;ACC;SG,SEV,ро́стак,0,1,1.0,0.0,1,False,0,0,False
росянка,N,N;ACC;SG,SEV,расяньцѫ́,1,1,1.0,0.0,1,False,0,0,False
рубец,N,N;ACC;SG,SEV,рубѣ́ц,1,1,1.0,0.0,1,False,0,0,False
рубидий,N,N;ACC;SG,SEV,рубиди́,1,1,1.0,0.0,1,False,0,0,False
ружьецо,N,N;ACC;SG,SEV,ружьецо́,1,1,1.0,0.0,1,False,0,0,False
рукобитье,N,N;ACC;SG,SEV,ру́кабитьа,0,1,1.0,0.0,1,False,0,0,False
рукоделие,N,N;ACC;SG,SEV,рукадели́а,2,1,1.0,0.0,1,False,0,0,False
руконожка,N,N;ACC;SG,SEV,руканажьцѫ́,1,1,1.0,0.0,1,False,0,0,False
рукопись,N,N;ACC;SG,SEV,ру́капись,0,1,1.0,0.0,1,False,0,0,False
русак,N,N;ACC;SG,SEV,руса́к,1,1,1.0,0.0,1,False,0,0,False
русалка,N,N;ACC;SG,SEV,ру́сальцѫ,0,1,1.0,0.0,1,False,0,0,False
русофобия,N,N;ACC;SG,SEV,ру́сафабиѫ,0,1,1.0,0.0,1,False,0,0,False
рутений,N,N;ACC;SG,SEV,рутени́,1,1,1.0,0.0,1,False,0,0,False
ручеёк,N,N;ACC;SG,SEV,ручеё́к,1,1,1.0,0.0,1,False,0,0,False
рушение,N,N;ACC;SG,SEV,рушѣнио́,1,1,1.0,0.0,1,False,0,0,False
рыбак,N,N;ACC;SG,SEV,рыба́к,1,1,1.0,0.0,1,False,0,0,False
рыболовка,N,N;ACC;SG,SEV,рыбла́вьцѫ,2,1,1.0,0.0,1,False,0,0,False
рыдание,N,N;ACC;SG,SEV,рыданио́,1,1,1.0,0.0,1,False,0,0,False
рызарпон,N,N;ACC;SG,SEV,ры́зарпан,0,1,1.0,0.0,1,False,0,0,False
рысак,N,N;ACC;SG,SEV,рыса́к,1,1,1.0,0.0,1,False,0,0,False
рычание,N,N;ACC;SG,SEV,ры́чаниа,0,1,1.0,0.0,1,False,0,0,False
сабля,N,N;ACC;SG,SEV,са́блѫ,0,1,1.0,0.0,1,False,0,0,False
сага,N,N;ACC;SG,SEV,са́гѫ,0,1,1.0,0.0,1,False,0,0,False
сайгак,N,N;ACC;SG,SEV,сайга́к,1,1,1.0,0.0,1,False,0,0,False
сакля,N,N;ACC;SG,SEV,са́клѫ,0,1,1.0,0.0,1,False,0,0,False
салака,N,N;ACC;SG,SEV,са́лакѫ,0,1,1.0,0.0,1,False,0,0,False
сало,N,N;ACC;SG,SEV,са́ла,0,1,1.0,0.0,1,False,0,0,False
салотопка,N,N;ACC;SG,SEV,салато́пьцѫ,2,1,1.0,0.0,1,False,0,0,False
салфетка,N,N;ACC;SG,SEV,салфе́тьцѫ,2,1,1.0,0.0,1,False,0,0,False
салфеточка,N,N;ACC;SG,SEV,салфето́чьцѫ,2,1,1.0,0.0,1,False,0,0,False
самоволие,N,N;ACC;SG,SEV,самавалио́,1,1,1.0,0.0,1,False,0,0,False
самозабвение,N,N;ACC;SG,SEV,са́мазабвениа,0,1,1.0,0.0,1,False,0,0,False
самокрутка,N,N;ACC;SG,SEV,са́макрутьцѫ,0,1,1.0,0.0,1,False,0,0,False
самоощущение,N,N;ACC;SG,SEV,самаащущѣни́а,2,1,1.0,0.0,1,False,0,0,False
самосохранение,N,N;ACC;SG,SEV,са́масахранениа,0,1,1.0,0.0,1,False,0,0,False
самотык,N,N;ACC;SG,SEV,саматы́к,1,1,1.0,0.0,1,False,0,0,False
самоуважение,N,N;ACC;SG,SEV,самауважени́а,2,1,1.0,0.0,1,False,0,0,False
самоудовлетворение,N,N;ACC;SG,SEV,самаудавлѣтварѣнио́,1,1,1.0,0.0,1,False,0,0,False
самоуправление,N,N;ACC;SG,SEV,са́мауправлениа,0,1,1.0,0.0,1,False,0,0,False
самоутверждение,N,N;ACC;SG,SEV,са́маутвѣрждѣниа,0,1,1.0,0.0,1,False,0,0,False
самоучка,N,N;ACC;SG,SEV,самаучьцѫ́,1,1,1.0,0.0,1,False,0,0,False
самоходка,N,N;ACC;SG,SEV,самахадьцѫ́,1,1,1.0,0.0,1,False,0,0,False
сангрия,N,N;ACC;SG,SEV,са́нгриѫ,0,1,1.0,0.0,1,False,0,0,False
санитарка,N,N;ACC;SG,SEV,санитарьцѫ́,1,1,1.0,0.0,1,False,0,0,False
саранчук,N,N;ACC;SG,SEV,саранчу́к,1,1,1.0,0.0,1,False,0,0,False
сатирик,N,N;ACC;SG,SEV,са́тириц,0,1,1.0,0.0,1,False,0,0,False
сбой,N,N;ACC;SG,SEV,сбо́,0,1,1.0,0.0,1,False,0,0,False
сборник,N,N;ACC;SG,SEV,сбо́рниц,0,1,1.0,0.0,1,False,0,0,False
сверкание,N,N;ACC;SG,SEV,сверканио́,1,1,1.0,0.0,1,False,0,0,False
сверстник,N,N;ACC;SG,SEV,све́рстниц,0,1,1.0,0.0,1,False,0,0,False
светляк,N,N;ACC;SG,SEV,светля́к,1,1,1.0,0.0,1,False,0,0,False
свинец,N,N;ACC;SG,SEV,свинѣ́ц,1,1,1.0,0.0,1,False,0,0,False
свистулька,N,N;ACC;SG,SEV,сви́стульцѫ,0,1,1.0,0.0,1,False,0,0,False
сводник,N,N;ACC;SG,SEV,сво́дниц,0,1,1.0,0.0,1,False,0,0,False
свояк,N,N;ACC;SG,SEV,свая́к,1,1,1.0,0.0,1,False,0,0,False
сгорание,N,N;ACC;SG,SEV,сгарани́а,2,1,1.0,0.0,1,False,0,0,False
сдерживание,N,N;ACC;SG,SEV,сде́рживаниа,0,1,1.0,0.0,1,False,0,0,False
севрюга,N,N;ACC;SG,SEV,се́врюгѫ,0,1,1.0,0.0,1,False,0,0,False
сейсмология,N,N;ACC;SG,SEV,сейсмлагиѫ́,1,1,1.0,0.0,1,False,0,0,False
сексолог,N,N;ACC;SG,SEV,сѣксла́г,1,1,1.0,0.0,1,False,0,0,False
секция,N,N;ACC;SG,SEV,се́кциѫ,0,1,1.0,0.0,1,False,0,0,False
селезёнка,N,N;ACC;SG,SEV,сѣ́лѣзёньцѫ,0,1,1.0,0.0,1,False,0,0,False
селекция,N,N;ACC;SG,SEV,се́лекциѫ,0,1,1.0,0.0,1,False,0,0,False
сельцо,N,N;ACC;SG,SEV,се́льца,0,1,1.0,0.0,1,False,0,0,False
сельчанин,N,N;ACC;SG,SEV,сельчани́н,1,1,1.0,0.0,1,False,0,0,False
селянин,N,N;ACC;SG,SEV,селяни́н,1,1,1.0,0.0,1,False,0,0,False
семантика,N,N;ACC;SG,SEV,семантицѫ́,1,1,1.0,0.0,1,False,0,0,False
семейство,N,N;ACC;SG,SEV,семейство́,1,1,1.0,0.0,1,False,0,0,False
семиструнка,N,N;ACC;SG,SEV,семистру́ньцѫ,2,1,1.0,0.0,1,False,0,0,False
семплинг,N,N;ACC;SG,SEV,се́мплиньзъ,0,1,1.0,0.0,1,False,0,0,False
семьянин,N,N;ACC;SG,SEV,семьяни́н,1,1,1.0,0.0,1,False,0,0,False
семянка,N,N;ACC;SG,SEV,семяньцѫ́,1,1,1.0,0.0,1,False,0,0,False
сенсация,N,N;ACC;SG,SEV,сенсациѫ́,1,1,1.0,0.0,1,False,0,0,False
сервак,N,N;ACC;SG,SEV,се́рвак,0,1,1.0,0.0,1,False,0,0,False
серия,N,N;ACC;SG,SEV,се́риѫ,0,1,1.0,0.0,1,False,0,0,False
серпуховчанин,N,N;ACC;SG,SEV,серпухавчани́н,1,1,1.0,0.0,1,False,0,0,False
сессия,N,N;ACC;SG,SEV,сесси́ѫ,2,1,1.0,0.0,1,False,0,0,False
сетчатка,N,N;ACC;SG,SEV,сетча́тьцѫ,2,1,1.0,0.0,1,False,0,0,False
сжатие,N,N;ACC;SG,SEV,сжати́а,2,1,1.0,0.0,1,False,0,0,False
сиборгий,N,N;ACC;SG,SEV,сибарги́,1,1,1.0,0.0,1,False,0,0,False
силовик,N,N;ACC;SG,SEV,силави́ц,1,1,1.0,0.0,1,False,0,0,False
символика,N,N;ACC;SG,SEV,си́мвалицѫ,0,1,1.0,0.0,1,False,0,0,False
симметрия,N,N;ACC;SG,SEV,симметри́ѫ,2,1,1.0,0.0,1,False,0,0,False
симуляция,N,N;ACC;SG,SEV,симуляци́ѫ,2,1,1.0,0.0,1,False,0,0,False
симфония,N,N;ACC;SG,SEV,симфани́ѫ,2,1,1.0,0.0,1,False,0,0,False
синекдоха,N,N;ACC;SG,SEV,си́нѣкдахѫ,0,1,1.0,0.0,1,False,0,0,False
синофобия,N,N;ACC;SG,SEV,си́нафабиѫ,0,1,1.0,0.0,1,False,0,0,False
синтезатор,N,N;ACC;SG,SEV,си́нтѣзатар,0,1,1.0,0.0,1,False,0,0,False
ситец,N,N;ACC;SG,SEV,си́тец,0,1,1.0,0.0,1,False,0,0,False
скакалка,N,N;ACC;SG,SEV,ска́кальцѫ,0,1,1.0,0.0,1,False,0,0,False
скальпирование,N,N;ACC;SG,SEV,скальпираванио́,1,1,1.0,0.0,1,False,0,0,False
скамеечка,N,N;ACC;SG,SEV,ска́меечьцѫ,0,1,1.0,0.0,1,False,0,0,False
скамейка,N,N;ACC;SG,SEV,скамейьцѫ́,1,1,1.0,0.0,1,False,0,0,False
скамья,N,N;ACC;SG,SEV,ска́мьѫ,0,1,1.0,0.0,1,False,0,0,False
скандий,N,N;ACC;SG,SEV,ска́нди,0,1,1.0,0.0,1,False,0,0,False
сканирование,N,N;ACC;SG,SEV,сканираванио́,1,1,1.0,0.0,1,False,0,0,False
скань,N,N;ACC;SG,SEV,ска́нь,0,1,1.0,0.0,1,False,0,0,False
скачивание,N,N;ACC;SG,SEV,скачиванио́,1,1,1.0,0.0,1,False,0,0,False
скачок,N,N;ACC;SG,SEV,скачо́к,1,1,1.0,0.0,1,False,0,0,False
сквернословие,N,N;ACC;SG,SEV,сквѣ́рнаславиа,0,1,1.0,0.0,1,False,0,0,False
складирование,N,N;ACC;SG,SEV,складиравани́а,2,1,1.0,0.0,1,False,0,0,False
склеивание,N,N;ACC;SG,SEV,склеивани́а,2,1,1.0,0.0,1,False,0,0,False
скоморох,N,N;ACC;SG,SEV,скамра́х,1,1,1.0,0.0,1,False,0,0,False
скороговорка,N,N;ACC;SG,SEV,скрагаво́рьцѫ,2,1,1.0,0.0,1,False,0,0,False
скромник,N,N;ACC;SG,SEV,скрамни́ц,1,1,1.0,0.0,1,False,0,0,False
скряга,N,N;ACC;SG,SEV,скрягѫ́,1,1,1.0,0.0,1,False,0,0,False
скупец,N,N;ACC;SG,SEV,ску́пец,0,1,1.0,0.0,1,False,0,0,False
славянка,N,N;ACC;SG,SEV,сла́вяньцѫ,0,1,1.0,0.0,1,False,0,0,False
сладкоежка,N,N;ACC;SG,SEV,сла́дкаежьцѫ,0,1,1.0,0.0,1,False,0,0,False
слега,N,N;ACC;SG,SEV,сле́гѫ,0,1,1.0,0.0,1,False,0,0,False
сленг,N,N;ACC;SG,SEV,сле́ньзъ,0,1,1.0,0.0,1,False,0,0,False
слепец,N,N;ACC;SG,SEV,слепе́ц,1,1,1.0,0.0,1,False,0,0,False
словак,N,N;ACC;SG,SEV,слава́к,1,1,1.0,0.0,1,False,0,0,False
словачка,N,N;ACC;SG,SEV,слава́чьцѫ,2,1,1.0,0.0,1,False,0,0,False
словник,N,N;ACC;SG,SEV,сло́вниц,0,1,1.0,0.0,1,False,0,0,False
словцо,N,N;ACC;SG,SEV,сло́вца,0,1,1.0,0.0,1,False,0,0,False
слонёнок,N,N;ACC;SG,SEV,сланёно́к,1,1,1.0,0.0,1,False,0,0,False
слуга,N,N;ACC;SG,SEV,слугѫ́,1,1,1.0,0.0,1,False,0,0,False
служанка,N,N;ACC;SG,SEV,служа́ньцѫ,2,1,1.0,0.0,1,False,0,0,False
смазывание,N,N;ACC;SG,SEV,смазывани́а,2,1,1.0,0.0,1,False,0,0,False
смайл,N,N;ACC;SG,SEV,сма́йлъ,0,1,1.0,0.0,1,False,0,0,False
смельчак,N,N;ACC;SG,SEV,смельча́к,1,1,1.0,0.0,1,False,0,0,False
смертник,N,N;ACC;SG,SEV,смѣ́ртниц,0,1,1.0,0.0,1,False,0,0,False
смерч,N,N;ACC;SG,SEV,сме́рчъ,0,1,1.0,0.0,1,False,0,0,False
смокинг,N,N;ACC;SG,SEV,смо́киньзъ,0,1,1.0,0.0,1,False,0,0,False
смолянин,N,N;ACC;SG,SEV,смаляни́н,1,1,1.0,0.0,1,False,0,0,False
смуглянка,N,N;ACC;SG,SEV,смугляньцѫ́,1,1,1.0,0.0,1,False,0,0,False
смягчение,N,N;ACC;SG,SEV,смягчени́а,2,1,1.0,0.0,1,False,0,0,False
смятение,N,N;ACC;SG,SEV,смятенио́,1,1,1.0,0.0,1,False,0,0,False
снабжение,N,N;ACC;SG,SEV,снабжѣнио́,1,1,1.0,0.0,1,False,0,0,False
снеговик,N,N;ACC;SG,SEV,снегави́ц,1,1,1.0,0.0,1,False,0,0,False
снисхождение,N,N;ACC;SG,SEV,снисхаждѣни́а,2,1,1.0,0.0,1,False,0,0,False
сноха,N,N;ACC;SG,SEV,сно́хѫ,0,1,1.0,0.0,1,False,0,0,False
снохач,N,N;ACC;SG,SEV,снаха́ч,1,1,1.0,0.0,1,False,0,0,False
снятие,N,N;ACC;SG,SEV,сняти́а,2,1,1.0,0.0,1,False,0,0,False
собирание,N,N;ACC;SG,SEV,сабиранио́,1,1,1.0,0.0,1,False,0,0,False
соблазнитель,N,N;ACC;SG,SEV,саблазнитѣ́ль,1,1,1.0,0.0,1,False,0,0,False
совершеннолетие,N,N;ACC;SG,SEV,савершенналети́а,2,1,1.0,0.0,1,False,0,0,False
совершенство,N,N;ACC;SG,SEV,саверше́нства,2,1,1.0,0.0,1,False,0,0,False
советница,N,N;ACC;SG,SEV,саветни́цѫ,2,1,1.0,0.0,1,False,0,0,False
советчик,N,N;ACC;SG,SEV,саветчи́ц,1,1,1.0,0.0,1,False,0,0,False
советчица,N,N;ACC;SG,SEV,савѣтчицѫ́,1,1,1.0,0.0,1,False,0,0,False
совёнок,N,N;ACC;SG,SEV,савёно́к,1,1,1.0,0.0,1,False,0,0,False
совместительство,N,N;ACC;SG,SEV,савместите́льства,2,1,1.0,0.0,1,False,0,0,False
содомия,N,N;ACC;SG,SEV,со́дамиѫ,0,1,1.0,0.0,1,False,0,0,False
содружество,N,N;ACC;SG,SEV,садружество́,1,1,1.0,0.0,1,False,0,0,False
созвездие,N,N;ACC;SG,SEV,со́звездиа,0,1,1.0,0.0,1,False,0,0,False
соискательница,N,N;ACC;SG,SEV,саискательницѫ́,1,1,1.0,0.0,1,False,0,0,False
соколёнок,N,N;ACC;SG,SEV,сакалёно́к,1,1,1.0,0.0,1,False,0,0,False
сокрытие,N,N;ACC;SG,SEV,сакрыти́а,2,1,1.0,0.0,1,False,0,0,False
солдатик,N,N;ACC;SG,SEV,салдати́ц,1,1,1.0,0.0,1,False,0,0,False
соловейко,N,N;ACC;SG,SEV,славе́йьца,2,1,1.0,0.0,1,False,0,0,False
соломинка,N,N;ACC;SG,SEV,сла́миньцѫ,0,1,1.0,0.0,1,False,0,0,False
солянка,N,N;ACC;SG,SEV,саляньцѫ́,1,1,1.0,0.0,1,False,0,0,False
солярка,N,N;ACC;SG,SEV,салярьцѫ́,1,1,1.0,0.0,1,False,0,0,False
сонатина,N,N;ACC;SG,SEV,со́натинѫ,0,1,1.0,0.0,1,False,0,0,False
сообщество,N,N;ACC;SG,SEV,со́абщества,0,1,1.0,0.0,1,False,0,0,False
сообщница,N,N;ACC;SG,SEV,саабщни́цѫ,2,1,1.0,0.0,1,False,0,0,False
соответствие,N,N;ACC;SG,SEV,саатветствио́,1,1,1.0,0.0,1,False,0,0,False
соперница,N,N;ACC;SG,SEV,сапѣрни́цѫ,2,1,1.0,0.0,1,False,0,0,False
соперничество,N,N;ACC;SG,SEV,саперниче́ства,2,1,1.0,0.0,1,False,0,0,False
сопоставление,N,N;ACC;SG,SEV,со́паставлениа,0,1,1.0,0.0,1,False,0,0,False
сопредседатель,N,N;ACC;SG,SEV,сапрѣдсѣдатѣ́ль,1,1,1.0,0.0,1,False,0,0,False
сорняк,N,N;ACC;SG,SEV,со́рняк,0,1,1.0,0.0,1,False,0,0,False
сортировка,N,N;ACC;SG,SEV,сартиро́вьцѫ,2,1,1.0,0.0,1,False,0,0,False
сосание,N,N;ACC;SG,SEV,сасани́а,2,1,1.0,0.0,1,False,0,0,False
соседство,N,N;ACC;SG,SEV,со́седства,0,1,1.0,0.0,1,False,0,0,False
составитель,N,N;ACC;SG,SEV,саставите́ль,1,1,1.0,0.0,1,False,0,0,False
сотник,N,N;ACC;SG,SEV,сатни́ц,1,1,1.0,0.0,1,False,0,0,False
соцветие,N,N;ACC;SG,SEV,со́цветиа,0,1,1.0,0.0,1,False,0,0,False
социнианин,N,N;ACC;SG,SEV,сациниани́н,1,1,1.0,0.0,1,False,0,0,False
социология,N,N;ACC;SG,SEV,сацилаги́ѫ,2,1,1.0,0.0,1,False,0,0,False
социум,N,N;ACC;SG,SEV,сациу́м,1,1,1.0,0.0,1,False,0,0,False
сочувствие,N,N;ACC;SG,SEV,сачувствио́,1,1,1.0,0.0,1,False,0,0,False
соя,N,N;ACC;SG,SEV,со́ѫ,0,1,0.8,0.0,1,False,0,0,False
спазм,N,N;ACC;SG,SEV,спа́змъ,0,1,1.0,0.0,1,False,0,0,False
спасение,N,N;ACC;SG,SEV,спасенио́,1,1,1.0,0.0,1,False,0,0,False
спекание,N,N;ACC;SG,SEV,спе́каниа,0,1,1.0,0.0,1,False,0,0,False
спекуляция,N,N;ACC;SG,SEV,спекуляци́ѫ,2,1,1.0,0.0,1,False,0,0,False
спелеология,N,N;ACC;SG,SEV,спе́лелагиѫ,0,1,1.0,0.0,1,False,0,0,False
спех,N,N;ACC;SG,SEV,спе́х,0,1,1.0,0.0,1,False,0,0,False
специфика,N,N;ACC;SG,SEV,специфицѫ́,1,1,1.0,0.0,1,False,0,0,False
специя,N,N;ACC;SG,SEV,специ́ѫ,2,1,1.0,0.0,1,False,0,0,False
спецпредставитель,N,N;ACC;SG,SEV,спе́цпредставитель,0,1,1.0,0.0,1,False,0,0,False
сплетник,N,N;ACC;SG,SEV,сплетни́ц,1,1,1.0,0.0,1,False,0,0,False
спличанка,N,N;ACC;SG,SEV,спли́чаньцѫ,0,1,1.0,0.0,1,False,0,0,False
спокойствие,N,N;ACC;SG,SEV,спакайстви́а,2,1,1.0,0.0,1,False,0,0,False
спряжение,N,N;ACC;SG,SEV,спряженио́,1,1,1.0,0.0,1,False,0,0,False
сравнивание,N,N;ACC;SG,SEV,сравнивани́а,2,1,1.0,0.0,1,False,0,0,False
сральня,N,N;ACC;SG,SEV,сра́льнѫ,0,1,1.0,0.0,1,False,0,0,False
средоточие,N,N;ACC;SG,SEV,сре́датачиа,0,1,1.0,0.0,1,False,0,0,False
сродство,N,N;ACC;SG,SEV,срадство́,1,1,1.0,0.0,1,False,0,0,False
стабилизация,N,N;ACC;SG,SEV,ста́билизациѫ,0,1,1.0,0.0,1,False,0,0,False
стадия,N,N;ACC;SG,SEV,ста́диѫ,0,1,1.0,0.0,1,False,0,0,False
стаканчик,N,N;ACC;SG,SEV,стаканчи́ц,1,1,1.0,0.0,1,False,0,0,False
сталь,N,N;ACC;SG,SEV,ста́ль,0,1,1.0,0.0,1,False,0,0,False
стамеска,N,N;ACC;SG,SEV,стамесьцѫ́,1,1,1.0,0.0,1,False,0,0,False
становление,N,N;ACC;SG,SEV,станавлени́а,2,1,1.0,0.0,1,False,0,0,False
станок,N,N;ACC;SG,SEV,ста́нак,0,1,1.0,0.0,1,False,0,0,False
старение,N,N;ACC;SG,SEV,старѣни́а,2,1,1.0,0.0,1,False,0,0,False
статистика,N,N;ACC;SG,SEV,ста́тистицѫ,0,1,1.0,0.0,1,False,0,0,False
статуя,N,N;ACC;SG,SEV,ста́туѫ,0,1,1.0,0.0,1,False,0,0,False
стеарин,N,N;ACC;SG,SEV,сте́арин,0,1,1.0,0.0,1,False,0,0,False
стекание,N,N;ACC;SG,SEV,сте́каниа,0,1,1.0,0.0,1,False,0,0,False
стекольщик,N,N;ACC;SG,SEV,сте́кальщиц,0,1,1.0,0.0,1,False,0,0,False
стеллаж,N,N;ACC;SG,SEV,стелла́ж,1,1,1.0,0.0,1,False,0,0,False
стерх,N,N;ACC;SG,SEV,стѣ́рьсъ,0,1,1.0,0.0,1,False,0,0,False
стилистика,N,N;ACC;SG,SEV,сти́листицѫ,0,1,1.0,0.0,1,False,0,0,False
стимуляция,N,N;ACC;SG,SEV,стимуляциѫ́,1,1,1.0,0.0,1,False,0,0,False
стипендия,N,N;ACC;SG,SEV,сти́пендиѫ,0,1,1.0,0.0,1,False,0,0,False
стиралка,N,N;ACC;SG,SEV,сти́ральцѫ,0,1,1.0,0.0,1,False,0,0,False
столбец,N,N;ACC;SG,SEV,сто́лбѣц,0,1,1.0,0.0,1,False,0,0,False
столбняк,N,N;ACC;SG,SEV,сто́лбняк,0,1,1.0,0.0,1,False,0,0,False
столешница,N,N;ACC;SG,SEV,сталешни́цѫ,2,1,1.0,0.0,1,False,0,0,False
стопарик,N,N;ACC;SG,SEV,сто́париц,0,1,1.0,0.0,1,False,0,0,False
сторонница,N,N;ACC;SG,SEV,стра́нницѫ,0,1,1.0,0.0,1,False,0,0,False
стояк,N,N;ACC;SG,SEV,стая́к,1,1,1.0,0.0,1,False,0,0,False
стояние,N,N;ACC;SG,SEV,стаяни́а,2,1,1.0,0.0,1,False,0,0,False
стражник,N,N;ACC;SG,SEV,стражни́ц,1,1,1.0,0.0,1,False,0,0,False
странник,N,N;ACC;SG,SEV,стра́нниц,0,1,1.0,0.0,1,False,0,0,False
странствие,N,N;ACC;SG,SEV,странстви́а,2,1,1.0,0.0,1,False,0,0,False
стратегия,N,N;ACC;SG,SEV,стра́тегиѫ,0,1,1.0,0.0,1,False,0,0,False
стратег,N,N;ACC;SG,SEV,страте́г,1,1,1.0,0.0,1,False,0,0,False
стрелец,N,N;ACC;SG,SEV,стре́лец,0,1,1.0,0.0,1,False,0,0,False
стреха,N,N;ACC;SG,SEV,стрехѫ́,1,1,1.0,0.0,1,False,0,0,False
строганина,N,N;ACC;SG,SEV,страгани́нѫ,2,1,1.0,0.0,1,False,0,0,False
стронций,N,N;ACC;SG,SEV,странци́,1,1,1.0,0.0,1,False,0,0,False
струг,N,N;ACC;SG,SEV,стру́г,0,1,1.0,0.0,1,False,0,0,False
стряпня,N,N;ACC;SG,SEV,стряпнѫ́,1,1,1.0,0.0,1,False,0,0,False
стульчик,N,N;ACC;SG,SEV,сту́льчиц,0,1,1.0,0.0,1,False,0,0,False
стяг,N,N;ACC;SG,SEV,стя́г,0,1,1.0,0.0,1,False,0,0,False
сублимация,N,N;ACC;SG,SEV,су́блимациѫ,0,1,1.0,0.0,1,False,0,0,False
судак,N,N;ACC;SG,SEV,суда́к,1,1,1.0,0.0,1,False,0,0,False
судорога,N,N;ACC;SG,SEV,судра́гѫ,2,1,1.0,0.0,1,False,0,0,False
суеверие,N,N;ACC;SG,SEV,суевери́а,2,1,1.0,0.0,1,False,0,0,False
сумасшествие,N,N;ACC;SG,SEV,сумасшестви́а,2,1,1.0,0.0,1,False,0,0,False
сумрак,N,N;ACC;SG,SEV,су́мрак,0,1,1.0,0.0,1,False,0,0,False
сундук,N,N;ACC;SG,SEV,сунду́к,1,1,1.0,0.0,1,False,0,0,False
сундучок,N,N;ACC;SG,SEV,су́ндучак,0,1,1.0,0.0,1,False,0,0,False
супчик,N,N;ACC;SG,SEV,супчи́ц,1,1,1.0,0.0,1,False,0,0,False
суслик,N,N;ACC;SG,SEV,су́слиц,0,1,1.0,0.0,1,False,0,0,False
суспензия,N,N;ACC;SG,SEV,суспензи́ѫ,2,1,1.0,0.0,1,False,0,0,False
суспензорий,N,N;ACC;SG,SEV,су́спензари,0,1,1.0,0.0,1,False,0,0,False
сухоручка,N,N;ACC;SG,SEV,сухару́чьцѫ,2,1,1.0,0.0,1,False,0,0,False
суши-бар,N,N;ACC;SG,SEV,суши-ба́р,1,1,1.0,0.0,1,False,0,0,False
сфрагистика,N,N;ACC;SG,SEV,сфрагистицѫ́,1,1,1.0,0.0,1,False,0,0,False
сходство,N,N;ACC;SG,SEV,схадство́,1,1,1.0,0.0,1,False,0,0,False
сценарий,N,N;ACC;SG,SEV,сце́нари,0,1,1.0,0.0,1,False,0,0,False
счастливчик,N,N;ACC;SG,SEV,счастливчи́ц,1,1,1.0,0.0,1,False,0,0,False
сыворотка,N,N;ACC;SG,SEV,сывратьцѫ́,1,1,1.0,0.0,1,False,0,0,False
сынишка,N,N;ACC;SG,SEV,сы́нишьцѫ,0,1,1.0,0.0,1,False,0,0,False
сыночек,N,N;ACC;SG,SEV,сыначе́к,1,1,1.0,0.0,1,False,0,0,False
сыщик,N,N;ACC;SG,SEV,сыщи́ц,1,1,1.0,0.0,1,False,0,0,False
сяжок,N,N;ACC;SG,SEV,сяжо́к,1,1,1.0,0.0,1,False,0,0,False
табельщик,N,N;ACC;SG,SEV,та́бельщиц,0,1,1.0,0.0,1,False,0,0,False
табуляция,N,N;ACC;SG,SEV,табуляци́ѫ,2,1,1.0,0.0,1,False,0,0,False
тавро,N,N;ACC;SG,SEV,та́вра,0,1,1.0,0.0,1,False,0,0,False
тайм,N,N;ACC;SG,SEV,та́ймъ,0,1,1.0,0.0,1,False,0,0,False
тайник,N,N;ACC;SG,SEV,та́йниц,0,1,1.0,0.0,1,False,0,0,False
талия,N,N;ACC;SG,SEV,тали́ѫ,2,1,1.0,0.0,1,False,0,0,False
таллий,N,N;ACC;SG,SEV,талли́,1,1,1.0,0.0,1,False,0,0,False
тальянка,N,N;ACC;SG,SEV,та́льяньцѫ,0,1,1.0,0.0,1,False,0,0,False
танцовщик,N,N;ACC;SG,SEV,танцавщи́ц,1,1,1.0,0.0,1,False,0,0,False
тапочка,N,N;ACC;SG,SEV,та́пачьцѫ,0,1,1.0,0.0,1,False,0,0,False
тара,N,N;ACC;SG,SEV,та́рѫ,0,1,0.8,0.0,1,False,0,0,False
тарелочка,N,N;ACC;SG,SEV,тарелачьцѫ́,1,1,1.0,0.0,1,False,0,0,False
татарка,N,N;ACC;SG,SEV,та́тарьцѫ,0,1,1.0,0.0,1,False,0,0,False
тачанка,N,N;ACC;SG,SEV,тачаньцѫ́,1,1,1.0,0.0,1,False,0,0,False
творец,N,N;ACC;SG,SEV,тво́рѣц,0,1,1.0,0.0,1,False,0,0,False
тег,N,N;ACC;SG,SEV,те́г,0,1,1.0,0.0,1,False,0,0,False
телебогословие,N,N;ACC;SG,SEV,телебагаславио́,1,1,1.0,0.0,1,False,0,0,False
телезритель,N,N;ACC;SG,SEV,телезрите́ль,1,1,1.0,0.0,1,False,0,0,False
телекамера,N,N;ACC;SG,SEV,телекаме́рѫ,2,1,1.0,0.0,1,False,0,0,False
телефония,N,N;ACC;SG,SEV,телефаниѫ́,1,1,1.0,0.0,1,False,0,0,False
телогрейка,N,N;ACC;SG,SEV,тѣ́лагрѣйьцѫ,0,1,1.0,0.0,1,False,0,0,False
тельняшка,N,N;ACC;SG,SEV,тѣльня́шьцѫ,2,1,1.0,0.0,1,False,0,0,False
тематика,N,N;ACC;SG,SEV,темати́цѫ,2,1,1.0,0.0,1,False,0,0,False
тенденция,N,N;ACC;SG,SEV,те́нденциѫ,0,1,1.0,0.0,1,False,0,0,False
теннисист,N,N;ACC;SG,SEV,тенниси́сътъ,1,1,1.0,0.0,1,False,0,0,False
теолог,N,N;ACC;SG,SEV,тела́г,1,1,1.0,0.0,1,False,0,0,False
теоретик,N,N;ACC;SG,SEV,теарети́ц,1,1,1.0,0.0,1,False,0,0,False
теплоснабжение,N,N;ACC;SG,SEV,тепласнабженио́,1,1,1.0,0.0,1,False,0,0,False
терапия,N,N;ACC;SG,SEV,те́рапиѫ,0,1,1.0,0.0,1,False,0,0,False
тербий,N,N;ACC;SG,SEV,тѣрби́,1,1,1.0,0.0,1,False,0,0,False
терзание,N,N;ACC;SG,SEV,терзани́а,2,1,1.0,0.0,1,False,0,0,False
терминология,N,N;ACC;SG,SEV,те́рминлагиѫ,0,1,1.0,0.0,1,False,0,0,False
терние,N,N;ACC;SG,SEV,терни́а,2,1,1.0,0.0,1,False,0,0,False
тетрадка,N,N;ACC;SG,SEV,те́традьцѫ,0,1,1.0,0.0,1,False,0,0,False
технеций,N,N;ACC;SG,SEV,те́хнеци,0,1,1.0,0.0,1,False,0,0,False
техникум,N,N;ACC;SG,SEV,техницу́м,1,1,1.0,0.0,1,False,0,0,False
технология,N,N;ACC;SG,SEV,технлагиѫ́,1,1,1.0,0.0,1,False,0,0,False
технолог,N,N;ACC;SG,SEV,технла́г,1,1,1.0,0.0,1,False,0,0,False
технопарк,N,N;ACC;SG,SEV,технапа́рьцъ,1,1,1.0,0.0,1,False,0,0,False
технорук,N,N;ACC;SG,SEV,те́хнарук,0,1,1.0,0.0,1,False,0,0,False
тигрёнок,N,N;ACC;SG,SEV,тизрёно́к,1,1,1.0,0.0,1,False,0,0,False
тинг,N,N;ACC;SG,SEV,ти́ньзъ,0,1,1.0,0.0,1,False,0,0,False
типология,N,N;ACC;SG,SEV,ти́плагиѫ,0,1,1.0,0.0,1,False,0,0,False
тихоходка,N,N;ACC;SG,SEV,тисахадьцѫ́,1,1,1.0,0.0,1,False,0,0,False
товарка,N,N;ACC;SG,SEV,таварьцѫ́,1,1,1.0,0.0,1,False,0,0,False
тога,N,N;ACC;SG,SEV,то́гѫ,0,1,1.0,0.0,1,False,0,0,False
тождество,N,N;ACC;SG,SEV,то́ждества,0,1,1.0,0.0,1,False,0,0,False
толмач,N,N;ACC;SG,SEV,талма́ч,1,1,1.0,0.0,1,False,0,0,False
толстяк,N,N;ACC;SG,SEV,талстя́к,1,1,1.0,0.0,1,False,0,0,False
тоник,N,N;ACC;SG,SEV,тани́ц,1,1,1.0,0.0,1,False,0,0,False
топонимика,N,N;ACC;SG,SEV,тапанимицѫ́,1,1,1.0,0.0,1,False,0,0,False
торец,N,N;ACC;SG,SEV,таре́ц,1,1,1.0,0.0,1,False,0,0,False
торжество,N,N;ACC;SG,SEV,то́ржества,0,1,1.0,0.0,1,False,0,0,False
торий,N,N;ACC;SG,SEV,то́ри,0,1,1.0,0.0,1,False,0,0,False
травля,N,N;ACC;SG,SEV,травлѫ́,1,1,1.0,0.0,1,False,0,0,False
травма,N,N;ACC;SG,SEV,травмѫ́,1,1,1.0,0.0,1,False,0,0,False
трагедия,N,N;ACC;SG,SEV,трагеди́ѫ,2,1,1.0,0.0,1,False,0,0,False
траектория,N,N;ACC;SG,SEV,траѣктари́ѫ,2,1,1.0,0.0,1,False,0,0,False
трактовка,N,N;ACC;SG,SEV,тракто́вьцѫ,2,1,1.0,0.0,1,False,0,0,False
транслитерация,N,N;ACC;SG,SEV,транслитераци́ѫ,2,1,1.0,0.0,1,False,0,0,False
транспортировка,N,N;ACC;SG,SEV,транспартиро́вьцѫ,2,1,1.0,0.0,1,False,0,0,False
транссексуал,N,N;ACC;SG,SEV,транссексуа́л,1,1,1.0,0.0,1,False,0,0,False
трансфобия,N,N;ACC;SG,SEV,трансфабиѫ́,1,1,1.0,0.0,1,False,0,0,False
требушина,N,N;ACC;SG,SEV,требушинѫ́,1,1,1.0,0.0,1,False,0,0,False
тренинг,N,N;ACC;SG,SEV,трени́ньзъ,1,1,1.0,0.0,1,False,0,0,False
тренога,N,N;ACC;SG,SEV,трѣнагѫ́,1,1,1.0,0.0,1,False,0,0,False
треш,N,N;ACC;SG,SEV,тре́ш,0,1,1.0,0.0,1,False,0,0,False
трибунал,N,N;ACC;SG,SEV,трибѫна́л,1,1,1.0,0.0,1,False,0,0,False
трифтонг,N,N;ACC;SG,SEV,три́фтаньзъ,0,1,1.0,0.0,1,False,0,0,False
тростник,N,N;ACC;SG,SEV,тро́стниц,0,1,1.0,0.0,1,False,0,0,False
трэш,N,N;ACC;SG,SEV,трэ́ш,0,1,1.0,0.0,1,False,0,0,False
тряпочка,N,N;ACC;SG,SEV,тряпо́чьцѫ,2,1,1.0,0.0,1,False,0,0,False
трясогузка,N,N;ACC;SG,SEV,трясагузьцѫ́,1,1,1.0,0.0,1,False,0,0,False
тугрик,N,N;ACC;SG,SEV,ту́гриц,0,1,1.0,0.0,1,False,0,0,False
тумак,N,N;ACC;SG,SEV,тума́к,1,1,1.0,0.0,1,False,0,0,False
туника,N,N;ACC;SG,SEV,туни́цѫ,2,1,1.0,0.0,1,False,0,0,False
туристка,N,N;ACC;SG,SEV,туристьцѫ́,1,1,1.0,0.0,1,False,0,0,False
турчанка,N,N;ACC;SG,SEV,турча́ньцѫ,2,1,1.0,0.0,1,False,0,0,False
турчонок,N,N;ACC;SG,SEV,турчано́к,1,1,1.0,0.0,1,False,0,0,False
тусовщик,N,N;ACC;SG,SEV,ту́савщиц,0,1,1.0,0.0,1,False,0,0,False
тушканчик,N,N;ACC;SG,SEV,ту́шканчиц,0,1,1.0,0.0,1,False,0,0,False
тщание,N,N;ACC;SG,SEV,тщани́а,2,1,1.0,0.0,1,False,0,0,False
тщеславие,N,N;ACC;SG,SEV,тщеслави́а,2,1,1.0,0.0,1,False,0,0,False
тыловик,N,N;ACC;SG,SEV,тылави́ц,1,1,1.0,0.0,1,False,0,0,False
тычинка,N,N;ACC;SG,SEV,тычиньцѫ́,1,1,1.0,0.0,1,False,0,0,False
тюбетейка,N,N;ACC;SG,SEV,тюбете́йьцѫ,2,1,1.0,0.0,1,False,0,0,False
тюбик,N,N;ACC;SG,SEV,тюби́ц,1,1,1.0,0.0,1,False,0,0,False
тягло,N,N;ACC;SG,SEV,тя́гла,0,1,1.0,0.0,1,False,0,0,False
тяготение,N,N;ACC;SG,SEV,тягатенио́,1,1,1.0,0.0,1,False,0,0,False
уазик,N,N;ACC;SG,SEV,у́азиц,0,1,1.0,0.0,1,False,0,0,False
убедить,V,V;PRS;3;SG,SEV,убеди́ть,1,1,1.0,0.0,1,False,0,0,False
убеждение,N,N;ACC;SG,SEV,убеждени́а,2,1,1.0,0.0,1,False,0,0,False
ублюдок,N,N;ACC;SG,SEV,у́блюдак,0,1,1.0,0.0,1,False,0,0,False
убыток,N,N;ACC;SG,SEV,убыто́к,1,1,1.0,0.0,1,False,0,0,False
увалень,N,N;ACC;SG,SEV,увале́нь,1,1,1.0,0.0,1,False,0,0,False
увольнение,N,N;ACC;SG,SEV,увальненио́,1,1,1.0,0.0,1,False,0,0,False
уговор,N,N;ACC;SG,SEV,угаво́р,1,1,1.0,0.0,1,False,0,0,False
удаление,N,N;ACC;SG,SEV,у́далениа,0,1,1.0,0.0,1,False,0,0,False
ударение,N,N;ACC;SG,SEV,у́дарениа,0,1,1.0,0.0,1,False,0,0,False
удвоение,N,N;ACC;SG,SEV,у́дваениа,0,1,1.0,0.0,1,False,0,0,False
удильщик,N,N;ACC;SG,SEV,удильщи́ц,1,1,1.0,0.0,1,False,0,0,False
удлинитель,N,N;ACC;SG,SEV,у́длинитель,0,1,1.0,0.0,1,False,0,0,False
удобрение,N,N;ACC;SG,SEV,у́дабрениа,0,1,1.0,0.0,1,False,0,0,False
уёбок,N,N;ACC;SG,SEV,у́ёбак,0,1,1.0,0.0,1,False,0,0,False
узелок,N,N;ACC;SG,SEV,узело́к,1,1,1.0,0.0,1,False,0,0,False
узник,N,N;ACC;SG,SEV,узни́ц,1,1,1.0,0.0,1,False,0,0,False
указка,N,N;ACC;SG,SEV,ука́зьцѫ,2,1,1.0,0.0,1,False,0,0,False
укладка,N,N;ACC;SG,SEV,укладьцѫ́,1,1,1.0,0.0,1,False,0,0,False
уклейка,N,N;ACC;SG,SEV,у́клейьцѫ,0,1,1.0,0.0,1,False,0,0,False
улыбочка,N,N;ACC;SG,SEV,улыбачьцѫ́,1,1,1.0,0.0,1,False,0,0,False
умиление,N,N;ACC;SG,SEV,умиленио́,1,1,1.0,0.0,1,False,0,0,False
умножение,N,N;ACC;SG,SEV,умнаженио́,1,1,1.0,0.0,1,False,0,0,False
умозаключение,N,N;ACC;SG,SEV,у́мазаключениа,0,1,1.0,0.0,1,False,0,0,False
умопомрачение,N,N;ACC;SG,SEV,умапамрачени́а,2,1,1.0,0.0,1,False,0,0,False
уныние,N,N;ACC;SG,SEV,уныни́,1,1,1.0,0.0,1,False,0,0,False
уплотнение,N,N;ACC;SG,SEV,уплатнѣни́а,2,1,1.0,0.0,1,False,0,0,False
упоение,N,N;ACC;SG,SEV,у́паениа,0,1,1.0,0.0,1,False,0,0,False
упрочение,N,N;ACC;SG,SEV,упрачени́а,2,1,1.0,0.0,1,False,0,0,False
упрощение,N,N;ACC;SG,SEV,упращени́а,2,1,1.0,0.0,1,False,0,0,False
упряжка,N,N;ACC;SG,SEV,упря́жьцѫ,2,1,1.0,0.0,1,False,0,0,False
урчание,N,N;ACC;SG,SEV,урчанио́,1,1,1.0,0.0,1,False,0,0,False
усвоение,N,N;ACC;SG,SEV,у́сваѣниа,0,1,1.0,0.0,1,False,0,0,False
усердие,N,N;ACC;SG,SEV,усерди́а,2,1,1.0,0.0,1,False,0,0,False
усик,N,N;ACC;SG,SEV,у́сиц,0,1,1.0,0.0,1,False,0,0,False
усиление,N,N;ACC;SG,SEV,у́силениа,0,1,1.0,0.0,1,False,0,0,False
усилитель,N,N;ACC;SG,SEV,усилите́ль,1,1,1.0,0.0,1,False,0,0,False
усложнение,N,N;ACC;SG,SEV,услажнени́а,2,1,1.0,0.0,1,False,0,0,False
усмотрение,N,N;ACC;SG,SEV,усматрени́а,2,1,1.0,0.0,1,False,0,0,False
устой,N,N;ACC;SG,SEV,у́ста,0,1,1.0,0.0,1,False,0,0,False
устранение,N,N;ACC;SG,SEV,у́странениа,0,1,1.0,0.0,1,False,0,0,False
устремление,N,N;ACC;SG,SEV,у́стремлениа,0,1,1.0,0.0,1,False,0,0,False
утайка,N,N;ACC;SG,SEV,утайьцѫ́,1,1,1.0,0.0,1,False,0,0,False
утеха,N,N;ACC;SG,SEV,утехѫ́,1,1,1.0,0.0,1,False,0,0,False
утёнок,N,N;ACC;SG,SEV,утёно́к,1,1,1.0,0.0,1,False,0,0,False
утопия,N,N;ACC;SG,SEV,утапиѫ́,1,1,1.0,0.0,1,False,0,0,False
уточнение,N,N;ACC;SG,SEV,утачнѣни́а,2,1,1.0,0.0,1,False,0,0,False
ухмылка,N,N;ACC;SG,SEV,ухмы́льцѫ,2,1,1.0,0.0,1,False,0,0,False
ущелье,N,N;ACC;SG,SEV,у́щельа,0,1,1.0,0.0,1,False,0,0,False
файл,N,N;ACC;SG,SEV,фа́йлъ,0,1,1.0,0.0,1,False,0,0,False
факелок,N,N;ACC;SG,SEV,факело́к,1,1,1.0,0.0,1,False,0,0,False
факельщик,N,N;ACC;SG,SEV,факельщи́ц,1,1,1.0,0.0,1,False,0,0,False
факториал,N,N;ACC;SG,SEV,фактариа́л,1,1,1.0,0.0,1,False,0,0,False
фальсификация,N,N;ACC;SG,SEV,фа́льсифицациѫ,0,1,1.0,0.0,1,False,0,0,False
фанатик,N,N;ACC;SG,SEV,фа́натиц,0,1,1.0,0.0,1,False,0,0,False
фантастика,N,N;ACC;SG,SEV,фа́нтастицѫ,0,1,1.0,0.0,1,False,0,0,False
фара,N,N;ACC;SG,SEV,фа́рѫ,0,1,0.8,0.0,1,False,0,0,False
фарцовка,N,N;ACC;SG,SEV,фарцавьцѫ́,1,1,1.0,0.0,1,False,0,0,False
фарцовщик,N,N;ACC;SG,SEV,фарцавщи́ц,1,1,1.0,0.0,1,False,0,0,False
феминизм,N,N;ACC;SG,SEV,фѣмини́змъ,1,1,1.0,0.0,1,False,0,0,False
феминистка,N,N;ACC;SG,SEV,фе́министьцѫ,0,1,1.0,0.0,1,False,0,0,False
фермерство,N,N;ACC;SG,SEV,фермерство́,1,1,1.0,0.0,1,False,0,0,False
фермий,N,N;ACC;SG,SEV,ферми́,1,1,1.0,0.0,1,False,0,0,False
фея,N,N;ACC;SG,SEV,фе́ѫ,0,1,0.8,0.0,1,False,0,0,False
фиалка,N,N;ACC;SG,SEV,фиальцѫ́,1,1,1.0,0.0,1,False,0,0,False
фигурка,N,N;ACC;SG,SEV,физурьцѫ́,1,1,1.0,0.0,1,False,0,0,False
физрук,N,N;ACC;SG,SEV,фи́зрук,0,1,1.0,0.0,1,False,0,0,False
филармония,N,N;ACC;SG,SEV,филарманиѫ́,1,1,1.0,0.0,1,False,0,0,False
филиал,N,N;ACC;SG,SEV,филиа́л,1,1,1.0,0.0,1,False,0,0,False
флажок,N,N;ACC;SG,SEV,флажо́к,1,1,1.0,0.0,1,False,0,0,False
фланг,N,N;ACC;SG,SEV,фла́ньзъ,0,1,1.0,0.0,1,False,0,0,False
флейц,N,N;ACC;SG,SEV,фле́йцъ,0,1,1.0,0.0,1,False,0,0,False
флотилия,N,N;ACC;SG,SEV,фло́тилиѫ,0,1,1.0,0.0,1,False,0,0,False
фобия,N,N;ACC;SG,SEV,фабиѫ́,1,1,1.0,0.0,1,False,0,0,False
фонарик,N,N;ACC;SG,SEV,фо́нариц,0,1,1.0,0.0,1,False,0,0,False
фонарщик,N,N;ACC;SG,SEV,фанарщи́ц,1,1,1.0,0.0,1,False,0,0,False
фонолог,N,N;ACC;SG,SEV,фо́нлаг,0,1,1.0,0.0,1,False,0,0,False
формализм,N,N;ACC;SG,SEV,фармали́змъ,1,1,1.0,0.0,1,False,0,0,False
формация,N,N;ACC;SG,SEV,фармаци́ѫ,2,1,1.0,0.0,1,False,0,0,False
фотосессия,N,N;ACC;SG,SEV,фатасесси́ѫ,2,1,1.0,0.0,1,False,0,0,False
франций,N,N;ACC;SG,SEV,фра́нци,0,1,1.0,0.0,1,False,0,0,False
фронтовик,N,N;ACC;SG,SEV,фро́нтавиц,0,1,1.0,0.0,1,False,0,0,False
фурункул,N,N;ACC;SG,SEV,фурунку́л,1,1,1.0,0.0,1,False,0,0,False
ханука,N,N;ACC;SG,SEV,ха́нукѫ,0,1,1.0,0.0,1,False,0,0,False
харза,N,N;ACC;SG,SEV,харзѫ́,1,1,1.0,0.0,1,False,0,0,False
хартия,N,N;ACC;SG,SEV,хартиѫ́,1,1,1.0,0.0,1,False,0,0,False
хассий,N,N;ACC;SG,SEV,хасси́,1,1,1.0,0.0,1,False,0,0,False
хата,N,N;ACC;SG,SEV,хатѫ́,1,1,1.0,0.0,1,False,0,0,False
хачик,N,N;ACC;SG,SEV,хачи́ц,1,1,1.0,0.0,1,False,0,0,False
хватание,N,N;ACC;SG,SEV,хватани́а,2,1,1.0,0.0,1,False,0,0,False
хвостик,N,N;ACC;SG,SEV,хвасти́ц,1,1,1.0,0.0,1,False,0,0,False
хит,N,N;ACC;SG,SEV,хи́т,0,1,1.0,0.0,1,False,0,0,False
хищение,N,N;ACC;SG,SEV,хищени́а,2,1,1.0,0.0,1,False,0,0,False
хладобойня,N,N;ACC;SG,SEV,хладабо́йнѫ,2,1,1.0,0.0,1,False,0,0,False
хлястик,N,N;ACC;SG,SEV,хлясти́ц,1,1,1.0,0.0,1,False,0,0,False
ходуля,N,N;ACC;SG,SEV,хаду́лѫ,2,1,1.0,0.0,1,False,0,0,False
хождение,N,N;ACC;SG,SEV,хо́ждениа,0,1,1.0,0.0,1,False,0,0,False
хозяйка,N,N;ACC;SG,SEV,хазя́йьцѫ,2,1,1.0,0.0,1,False,0,0,False
хозяйствование,N,N;ACC;SG,SEV,хо́зяйстваваниа,0,1,1.0,0.0,1,False,0,0,False
холмик,N,N;ACC;SG,SEV,хо́лмиц,0,1,1.0,0.0,1,False,0,0,False
холст,N,N;ACC;SG,SEV,хо́лсътъ,0,1,1.0,0.0,1,False,0,0,False
хорватка,N,N;ACC;SG,SEV,хо́рватьцѫ,0,1,1.0,0.0,1,False,0,0,False
хорда,N,N;ACC;SG,SEV,хо́рдѫ,0,1,1.0,0.0,1,False,0,0,False
хорёк,N,N;ACC;SG,SEV,харё́к,1,1,1.0,0.0,1,False,0,0,False
хоругвь,N,N;ACC;SG,SEV,хо́ругвь,0,1,1.0,0.0,1,False,0,0,False
храп,N,N;ACC;SG,SEV,хра́п,0,1,1.0,0.0,1,False,0,0,False
хреновка,N,N;ACC;SG,SEV,хре́навьцѫ,0,1,1.0,0.0,1,False,0,0,False
хрип,N,N;ACC;SG,SEV,хри́п,0,1,1.0,0.0,1,False,0,0,False
хроника,N,N;ACC;SG,SEV,хро́ницѫ,0,1,1.0,0.0,1,False,0,0,False
хронология,N,N;ACC;SG,SEV,хро́нлагиѫ,0,1,1.0,0.0,1,False,0,0,False
худрук,N,N;ACC;SG,SEV,худру́к,1,1,1.0,0.0,1,False,0,0,False
хунта,N,N;ACC;SG,SEV,хунтѫ́,1,1,1.0,0.0,1,False,0,0,False
цапля,N,N;ACC;SG,SEV,ца́плѫ,0,1,1.0,0.0,1,False,0,0,False
царевна,N,N;ACC;SG,SEV,царе́внѫ,2,1,1.0,0.0,1,False,0,0,False
цацка,N,N;ACC;SG,SEV,ца́цьцѫ,0,1,1.0,0.0,1,False,0,0,False
цензор,N,N;ACC;SG,SEV,цензо́р,1,1,1.0,0.0,1,False,0,0,False
центурион,N,N;ACC;SG,SEV,центурио́н,1,1,1.0,0.0,1,False,0,0,False
цепочка,N,N;ACC;SG,SEV,цѣпачьцѫ́,1,1,1.0,0.0,1,False,0,0,False
циклон,N,N;ACC;SG,SEV,ци́цлан,0,1,1.0,0.0,1,False,0,0,False
цинк,N,N;ACC;SG,SEV,ци́ньцъ,0,1,1.0,0.0,1,False,0,0,False
циркон,N,N;ACC;SG,SEV,цирко́н,1,1,1.0,0.0,1,False,0,0,False
цистерна,N,N;ACC;SG,SEV,ци́стернѫ,0,1,1.0,0.0,1,False,0,0,False
чадра,N,N;ACC;SG,SEV,ча́дрѫ,0,1,1.0,0.0,1,False,0,0,False
чакра,N,N;ACC;SG,SEV,чакрѫ́,1,1,1.0,0.0,1,False,0,0,False
чалма,N,N;ACC;SG,SEV,чалмѫ́,1,1,1.0,0.0,1,False,0,0,False
чара,N,N;ACC;SG,SEV,ча́рѫ,0,1,0.8,0.0,1,False,0,0,False
часовня,N,N;ACC;SG,SEV,ча́савнѫ,0,1,1.0,0.0,1,False,0,0,False
чеболь,N,N;ACC;SG,SEV,чебо́ль,1,1,1.0,0.0,1,False,0,0,False
черёмуха,N,N;ACC;SG,SEV,черёмухѫ́,1,1,1.0,0.0,1,False,0,0,False
четвёрка,N,N;ACC;SG,SEV,чѣтвё́рьцѫ,2,1,1.0,0.0,1,False,0,0,False
чеченка,N,N;ACC;SG,SEV,че́ченьцѫ,0,1,1.0,0.0,1,False,0,0,False
чёрточка,N,N;ACC;SG,SEV,чёрто́чьцѫ,2,1,1.0,0.0,1,False,0,0,False
чизель,N,N;ACC;SG,SEV,чизе́ль,1,1,1.0,0.0,1,False,0,0,False
шабер,N,N;ACC;SG,SEV,шабе́р,1,1,1.0,0.0,1,False,0,0,False
шабёр,N,N;ACC;SG,SEV,шабё́р,1,1,1.0,0.0,1,False,0,0,False
шаблон,N,N;ACC;SG,SEV,ша́блан,0,1,1.0,0.0,1,False,0,0,False
шавка,N,N;ACC;SG,SEV,ша́вьцѫ,0,1,1.0,0.0,1,False,0,0,False
шайка,N,N;ACC;SG,SEV,ша́йьцѫ,0,1,1.0,0.0,1,False,0,0,False
шаль,N,N;ACC;SG,SEV,ша́ль,0,1,1.0,0.0,1,False,0,0,False
шатёр,N,N;ACC;SG,SEV,шатё́р,1,1,1.0,0.0,1,False,0,0,False
шаттл,N,N;ACC;SG,SEV,ша́ттлъ,0,1,1.0,0.0,1,False,0,0,False
шафер,N,N;ACC;SG,SEV,шафе́р,1,1,1.0,0.0,1,False,0,0,False
шахтёр,N,N;ACC;SG,SEV,шахтё́р,1,1,1.0,0.0,1,False,0,0,False
швеллер,N,N;ACC;SG,SEV,швѣллѣ́р,1,1,1.0,0.0,1,False,0,0,False
шекель,N,N;ACC;SG,SEV,шеке́ль,1,1,1.0,0.0,1,False,0,0,False
шенкель,N,N;ACC;SG,SEV,ше́нкель,0,1,1.0,0.0,1,False,0,0,False
шеншель,N,N;ACC;SG,SEV,шѣншѣ́ль,1,1,1.0,0.0,1,False,0,0,False
шепотня,N,N;ACC;SG,SEV,шѣпо́тнѫ,2,1,1.0,0.0,1,False,0,0,False
шестёрка,N,N;ACC;SG,SEV,шѣстёрьцѫ́,1,1,1.0,0.0,1,False,0,0,False
шинка,N,N;ACC;SG,SEV,ши́ньцѫ,0,1,1.0,0.0,1,False,0,0,False
шифер,N,N;ACC;SG,SEV,шифе́р,1,1,1.0,0.0,1,False,0,0,False
шкала,N,N;ACC;SG,SEV,шка́лѫ,0,1,0.8,0.0,1,False,0,0,False
шквал,N,N;ACC;SG,SEV,шква́л,0,1,1.0,0.0,1,False,0,0,False
шкипер,N,N;ACC;SG,SEV,шкипе́р,1,1,1.0,0.0,1,False,0,0,False
шкурка,N,N;ACC;SG,SEV,шку́рьцѫ,0,1,1.0,0.0,1,False,0,0,False
шлак,N,N;ACC;SG,SEV,шла́к,0,1,1.0,0.0,1,False,0,0,False
шлепок,N,N;ACC;SG,SEV,шлепо́к,1,1,1.0,0.0,1,False,0,0,False
шлюпка,N,N;ACC;SG,SEV,шлюпьцѫ́,1,1,1.0,0.0,1,False,0,0,False
шлягер,N,N;ACC;SG,SEV,шляге́р,1,1,1.0,0.0,1,False,0,0,False
шляпка,N,N;ACC;SG,SEV,шля́пьцѫ,0,1,1.0,0.0,1,False,0,0,False
шницель,N,N;ACC;SG,SEV,шницѣ́ль,1,1,1.0,0.0,1,False,0,0,False
шнобель,N,N;ACC;SG,SEV,шнабе́ль,1,1,1.0,0.0,1,False,0,0,False
шпала,N,N;ACC;SG,SEV,шпа́лѫ,0,1,0.8,0.0,1,False,0,0,False
шпатель,N,N;ACC;SG,SEV,шпате́ль,1,1,1.0,0.0,1,False,0,0,False
шпахтель,N,N;ACC;SG,SEV,шпахте́ль,1,1,1.0,0.0,1,False,0,0,False
шпилька,N,N;ACC;SG,SEV,шпильцѫ́,1,1,1.0,0.0,1,False,0,0,False
шпиндель,N,N;ACC;SG,SEV,шпинде́ль,1,1,1.0,0.0,1,False,0,0,False
шрам,N,N;ACC;SG,SEV,шра́м,0,1,1.0,0.0,1,False,0,0,False
шредер,N,N;ACC;SG,SEV,шреде́р,1,1,1.0,0.0,1,False,0,0,False
штабель,N,N;ACC;SG,SEV,штабе́ль,1,1,1.0,0.0,1,False,0,0,False
штамм,N,N;ACC;SG,SEV,шта́ммъ,0,1,1.0,0.0,1,False,0,0,False
штекер,N,N;ACC;SG,SEV,штѣкѣ́р,1,1,1.0,0.0,1,False,0,0,False
штемпель,N,N;ACC;SG,SEV,штемпе́ль,1,1,1.0,0.0,1,False,0,0,False
штепсель,N,N;ACC;SG,SEV,штепсе́ль,1,1,1.0,0.0,1,False,0,0,False
штихель,N,N;ACC;SG,SEV,штисе́ль,1,1,1.0,0.0,1,False,0,0,False
штуцер,N,N;ACC;SG,SEV,шту́цер,0,1,1.0,0.0,1,False,0,0,False
штучка,N,N;ACC;SG,SEV,штучьцѫ́,1,1,1.0,0.0,1,False,0,0,False
штык,N,N;ACC;SG,SEV,шты́к,0,1,1.0,0.0,1,False,0,0,False
шубка,N,N;ACC;SG,SEV,шубьцѫ́,1,1,1.0,0.0,1,False,0,0,False
шулер,N,N;ACC;SG,SEV,шу́лѣр,0,1,1.0,0.0,1,False,0,0,False
шухер,N,N;ACC;SG,SEV,шу́хѣр,0,1,1.0,0.0,1,False,0,0,False
щегол,N,N;ACC;SG,SEV,щего́л,1,1,1.0,0.0,1,False,0,0,False
щелчок,N,N;ACC;SG,SEV,щелчо́к,1,1,1.0,0.0,1,False,0,0,False
щёголь,N,N;ACC;SG,SEV,щёго́ль,1,1,1.0,0.0,1,False,0,0,False
щёлок,N,N;ACC;SG,SEV,щё́лак,0,1,1.0,0.0,1,False,0,0,False
эволюция,N,N;ACC;SG,SEV,эвалюци́ѫ,2,1,1.0,0.0,1,False,0,0,False
эйнштейний,N,N;ACC;SG,SEV,э́йнштейни,0,1,1.0,0.0,1,False,0,0,False
эколог,N,N;ACC;SG,SEV,э́клаг,0,1,1.0,0.0,1,False,0,0,False
экономия,N,N;ACC;SG,SEV,эканами́ѫ,2,1,1.0,0.0,1,False,0,0,False
экосистема,N,N;ACC;SG,SEV,э́касистемѫ,0,1,1.0,0.0,1,False,0,0,False
экранизация,N,N;ACC;SG,SEV,экранизациѫ́,1,1,1.0,0.0,1,False,0,0,False
экспедитор,N,N;ACC;SG,SEV,э́кспедитар,0,1,1.0,0.0,1,False,0,0,False
экстраполяция,N,N;ACC;SG,SEV,э́кстрапаляциѫ,0,1,1.0,0.0,1,False,0,0,False
элеватор,N,N;ACC;SG,SEV,элевато́р,1,1,1.0,0.0,1,False,0,0,False
электрофон,N,N;ACC;SG,SEV,э́лектрафан,0,1,1.0,0.0,1,False,0,0,False
элита,N,N;ACC;SG,SEV,эли́тѫ,2,1,1.0,0.0,1,False,0,0,False
эллипс,N,N;ACC;SG,SEV,элли́пъсъ,1,1,1.0,0.0,1,False,0,0,False
эмбрион,N,N;ACC;SG,SEV,э́мбриан,0,1,1.0,0.0,1,False,0,0,False
эмиссия,N,N;ACC;SG,SEV,эмисси́ѫ,2,1,1.0,0.0,1,False,0,0,False
эндемик,N,N;ACC;SG,SEV,э́ндемиц,0,1,1.0,0.0,1,False,0,0,False
энтропия,N,N;ACC;SG,SEV,энтрапиѫ́,1,1,1.0,0.0,1,False,0,0,False
эпитафия,N,N;ACC;SG,SEV,э́питафиѫ,0,1,1.0,0.0,1,False,0,0,False
эпифиз,N,N;ACC;SG,SEV,эпифи́з,1,1,1.0,0.0,1,False,0,0,False
эпоха,N,N;ACC;SG,SEV,эпо́хѫ,2,1,1.0,0.0,1,False,0,0,False
эрдельтерьер,N,N;ACC;SG,SEV,э́рдельтерьер,0,1,1.0,0.0,1,False,0,0,False
эрекция,N,N;ACC;SG,SEV,эрекциѫ́,1,1,1.0,0.0,1,False,0,0,False
эрлифт,N,N;ACC;SG,SEV,эрли́фътъ,1,1,1.0,0.0,1,False,0,0,False
эрозия,N,N;ACC;SG,SEV,эрази́ѫ,2,1,1.0,0.0,1,False,0,0,False
эротика,N,N;ACC;SG,SEV,эрати́цѫ,2,1,1.0,0.0,1,False,0,0,False
эрцгерцогиня,N,N;ACC;SG,SEV,эрцгерцагинѫ́,1,1,1.0,0.0,1,False,0,0,False
эскадрилья,N,N;ACC;SG,SEV,эскадри́льѫ,2,1,1.0,0.0,1,False,0,0,False
эстетика,N,N;ACC;SG,SEV,э́стетицѫ,0,1,1.0,0.0,1,False,0,0,False
эстивация,N,N;ACC;SG,SEV,эстиваци́ѫ,2,1,1.0,0.0,1,False,0,0,False
эсхатология,N,N;ACC;SG,SEV,эсхатлагиѫ́,1,1,1.0,0.0,1,False,0,0,False
этикетка,N,N;ACC;SG,SEV,этице́тьцѫ,2,1,1.0,0.0,1,False,0,0,False
этиология,N,N;ACC;SG,SEV,этилаги́ѫ,2,1,1.0,0.0,1,False,0,0,False
этнолог,N,N;ACC;SG,SEV,этнла́г,1,1,1.0,0.0,1,False,0,0,False
этнонимика,N,N;ACC;SG,SEV,э́тнанимицѫ,0,1,1.0,0.0,1,False,0,0,False
эякуляция,N,N;ACC;SG,SEV,эякуляциѫ́,1,1,1.0,0.0,1,False,0,0,False
юбиляр,N,N;ACC;SG,SEV,юбиля́р,1,1,1.0,0.0,1,False,0,0,False
юдофобия,N,N;ACC;SG,SEV,юдафаби́ѫ,2,1,1.0,0.0,1,False,0,0,False
юнец,N,N;ACC;SG,SEV,ю́нец,0,1,1.0,0.0,1,False,0,0,False
юстировка,N,N;ACC;SG,SEV,юстиравьцѫ́,1,1,1.0,0.0,1,False,0,0,False
яблочко,N,N;ACC;SG,SEV,я́блачьца,0,1,1.0,0.0,1,False,0,0,False
явка,N,N;ACC;SG,SEV,я́вьцѫ,0,1,1.0,0.0,1,False,0,0,False
ягодка,N,N;ACC;SG,SEV,яго́дьцѫ,2,1,1.0,0.0,1,False,0,0,False
язва,N,N;ACC;SG,SEV,я́звѫ,0,1,1.0,0.0,1,False,0,0,False
яйцеклетка,N,N;ACC;SG,SEV,яйцекле́тьцѫ,2,1,1.0,0.0,1,False,0,0,False
ялик,N,N;ACC;SG,SEV,яли́ц,1,1,1.0,0.0,1,False,0,0,False
ямка,N,N;ACC;SG,SEV,я́мьцѫ,0,1,1.0,0.0,1,False,0,0,False
ямочка,N,N;ACC;SG,SEV,ямо́чьцѫ,2,1,1.0,0.0,1,False,0,0,False
ямщик,N,N;ACC;SG,SEV,ямщи́ц,1,1,1.0,0.0,1,False,0,0,False
японка,N,N;ACC;SG,SEV,япо́ньцѫ,2,1,1.0,0.0,1,False,0,0,False
япошка,N,N;ACC;SG,SEV,я́пашьцѫ,0,1,1.0,0.0,1,False,0,0,False
ясак,N,N;ACC;SG,SEV,яса́к,1,1,1.0,0.0,1,False,0,0,False
яшма,N,N;ACC;SG,SEV,яшмѫ́,1,1,1.0,0.0,1,False,0,0,False
акация,N,N;ACC;SG,SEV,а́кациѫ,0,1,1.0,0.0,1,False,0,0,False
алкоголь,N,N;ACC;SG,SEV,а́лкагаль,0,1,1.0,0.0,1,False,0,0,False
аллюзия,N,N;ACC;SG,SEV,а́ллюзиѫ,0,1,1.0,0.0,1,False,0,0,False
альтернатива,N,N;ACC;SG,SEV,альтернати́вѫ,2,1,1.0,0.0,1,False,0,0,False
анатом,N,N;ACC;SG,SEV,а́натам,0,1,1.0,0.0,1,False,0,0,False
анестезия,N,N;ACC;SG,SEV,анестезиѫ́,1,1,1.0,0.0,1,False,0,0,False
аптека,N,N;ACC;SG,SEV,аптекѫ́,1,1,1.0,0.0,1,False,0,0,False
армия,N,N;ACC;SG,SEV,а́рмиѫ,0,1,1.0,0.0,1,False,0,0,False
армянин,N,N;ACC;SG,SEV,а́рмянин,0,1,1.0,0.0,1,False,0,0,False
армянка,N,N;ACC;SG,SEV,а́рмяньцѫ,0,1,1.0,0.0,1,False,0,0,False
артерия,N,N;ACC;SG,SEV,артери́ѫ,2,1,1.0,0.0,1,False,0,0,False
аудиенция,N,N;ACC;SG,SEV,аудиенци́ѫ,2,1,1.0,0.0,1,False,0,0,False
аудитория,N,N;ACC;SG,SEV,аудитариѫ́,1,1,1.0,0.0,1,False,0,0,False
балл,N,N;ACC;SG,SEV,ба́ллъ,0,1,1.0,0.0,1,False,0,0,False
батарея,N,N;ACC;SG,SEV,батаре́ѫ,2,1,1.0,0.0,1,False,0,0,False
башмак,N,N;ACC;SG,SEV,башма́к,1,1,1.0,0.0,1,False,0,0,False
башня,N,N;ACC;SG,SEV,башнѫ́,1,1,1.0,0.0,1,False,0,0,False
бездействие,N,N;ACC;SG,SEV,бе́здействиа,0,1,1.0,0.0,1,False,0,0,False
билетик,N,N;ACC;SG,SEV,билети́ц,1,1,1.0,0.0,1,False,0,0,False
биолог,N,N;ACC;SG,SEV,би́лаг,0,1,1.0,0.0,1,False,0,0,False
биология,N,N;ACC;SG,SEV,билаги́ѫ,2,1,1.0,0.0,1,False,0,0,False
блоха,N,N;ACC;SG,SEV,бло́хѫ,0,1,1.0,0.0,1,False,0,0,False
боец,N,N;ACC;SG,SEV,бо́ец,0,1,1.0,0.0,1,False,0,0,False
бомж,N,N;ACC;SG,SEV,бо́мжъ,0,1,1.0,0.0,1,False,0,0,False
бородавка,N,N;ACC;SG,SEV,бра́давьцѫ,0,1,1.0,0.0,1,False,0,0,False
борщ,N,N;ACC;SG,SEV,бо́рщъ,0,1,1.0,0.0,1,False,0,0,False
ботинок,N,N;ACC;SG,SEV,бо́тинак,0,1,1.0,0.0,1,False,0,0,False
брег,N,N;ACC;SG,SEV,бре́г,0,1,1.0,0.0,1,False,0,0,False
брюхо,N,N;ACC;SG,SEV,брюхо́,1,1,1.0,0.0,1,False,0,0,False
букашка,N,N;ACC;SG,SEV,букашьцѫ́,1,1,1.0,0.0,1,False,0,0,False
бутылка,N,N;ACC;SG,SEV,бутыльцѫ́,1,1,1.0,0.0,1,False,0,0,False
валенок,N,N;ACC;SG,SEV,ва́ленак,0,1,1.0,0.0,1,False,0,0,False
вдохновение,N,N;ACC;SG,SEV,вдахнавѣни́а,2,1,1.0,0.0,1,False,0,0,False
верблюд,N,N;ACC;SG,SEV,верблю́д,1,1,1.0,0.0,1,False,0,0,False
верёвка,N,N;ACC;SG,SEV,ве́рёвьцѫ,0,1,1.0,0.0,1,False,0,0,False
верстак,N,N;ACC;SG,SEV,верста́к,1,1,1.0,0.0,1,False,0,0,False
ветка,N,N;ACC;SG,SEV,вѣ́тьцѫ,0,1,1.0,0.0,1,False,0,0,False
вешалка,N,N;ACC;SG,SEV,веша́льцѫ,2,1,1.0,0.0,1,False,0,0,False
влияние,N,N;ACC;SG,SEV,влиянио́,1,1,1.0,0.0,1,False,0,0,False
внимание,N,N;ACC;SG,SEV,вни́маниа,0,1,1.0,0.0,1,False,0,0,False
водитель,N,N;ACC;SG,SEV,во́дитель,0,1,1.0,0.0,1,False,0,0,False
водка,N,N;ACC;SG,SEV,во́дьцѫ,0,1,1.0,0.0,1,False,0,0,False
водопад,N,N;ACC;SG,SEV,вадапа́д,1,1,1.0,0.0,1,False,0,0,False
возвращение,N,N;ACC;SG,SEV,во́звращениа,0,1,1.0,0.0,1,False,0,0,False
возражение,N,N;ACC;SG,SEV,во́зражениа,0,1,1.0,0.0,1,False,0,0,False
войско,N,N;ACC;SG,SEV,во́йсьца,0,1,1.0,0.0,1,False,0,0,False
волеизъявление,N,N;ACC;SG,SEV,во́леизъявлениа,0,1,1.0,0.0,1,False,0,0,False
волк,N,N;ACC;SG,SEV,во́льцъ,0,1,1.0,0.0,1,False,0,0,False
волнение,N,N;ACC;SG,SEV,во́лнениа,0,1,1.0,0.0,1,False,0,0,False
воодушевление,N,N;ACC;SG,SEV,во́адушевлениа,0,1,1.0,0.0,1,False,0,0,False
вооружение,N,N;ACC;SG,SEV,во́аружениа,0,1,1.0,0.0,1,False,0,0,False
воплощение,N,N;ACC;SG,SEV,ваплащени́а,2,1,1.0,0.0,1,False,0,0,False
воспаление,N,N;ACC;SG,SEV,васпаленио́,1,1,1.0,0.0,1,False,0,0,False
восстание,N,N;ACC;SG,SEV,во́сстаниа,0,1,1.0,0.0,1,False,0,0,False
впечатление,N,N;ACC;SG,SEV,впе́чатлениа,0,1,1.0,0.0,1,False,0,0,False
вторжение,N,N;ACC;SG,SEV,втарженио́,1,1,1.0,0.0,1,False,0,0,False
выводок,N,N;ACC;SG,SEV,вывадо́к,1,1,1.0,0.0,1,False,0,0,False
выполнение,N,N;ACC;SG,SEV,вы́палнениа,0,1,1.0,0.0,1,False,0,0,False
выставка,N,N;ACC;SG,SEV,выставьцѫ́,1,1,1.0,0.0,1,False,0,0,False
выступление,N,N;ACC;SG,SEV,вы́ступлениа,0,1,1.0,0.0,1,False,0,0,False
гадюка,N,N;ACC;SG,SEV,гадюкѫ́,1,1,1.0,0.0,1,False,0,0,False
галстук,N,N;ACC;SG,SEV,га́лстук,0,1,1.0,0.0,1,False,0,0,False
гарантия,N,N;ACC;SG,SEV,га́рантиѫ,0,1,1.0,0.0,1,False,0,0,False
герб,N,N;ACC;SG,SEV,ге́рбъ,0,1,1.0,0.0,1,False,0,0,False
гид,N,N;ACC;SG,SEV,ги́д,0,1,1.0,0.0,1,False,0,0,False
горб,N,N;ACC;SG,SEV,го́рбъ,0,1,1.0,0.0,1,False,0,0,False
горлинка,N,N;ACC;SG,SEV,го́рлиньцѫ,0,1,1.0,0.0,1,False,0,0,False
горшок,N,N;ACC;SG,SEV,гаршо́к,1,1,1.0,0.0,1,False,0,0,False
гость,N,N;ACC;SG,SEV,го́съть,0,1,1.0,0.0,1,False,0,0,False
гравий,N,N;ACC;SG,SEV,грави́,1,1,1.0,0.0,1,False,0,0,False
грипп,N,N;ACC;SG,SEV,гри́пъпъ,0,1,1.0,0.0,1,False,0,0,False
гроза,N,N;ACC;SG,SEV,гро́зѫ,0,1,1.0,0.0,1,False,0,0,False
груздь,N,N;ACC;SG,SEV,гру́зъдь,0,1,1.0,0.0,1,False,0,0,False
грунт,N,N;ACC;SG,SEV,гру́нтъ,0,1,1.0,0.0,1,False,0,0,False
грязь,N,N;ACC;SG,SEV,гря́зь,0,1,1.0,0.0,1,False,0,0,False
губа,N,N;ACC;SG,SEV,гу́бѫ,0,1,1.0,0.0,1,False,0,0,False
гудок,N,N;ACC;SG,SEV,гу́дак,0,1,1.0,0.0,1,False,0,0,False
гусь,N,N;ACC;SG,SEV,гу́сь,0,1,1.0,0.0,1,False,0,0,False
гюрза,N,N;ACC;SG,SEV,гюрзѫ́,1,1,1.0,0.0,1,False,0,0,False
давление,N,N;ACC;SG,SEV,да́влѣниа,0,1,1.0,0.0,1,False,0,0,False
дама,N,N;ACC;SG,SEV,да́мѫ,0,1,1.0,0.0,1,False,0,0,False
дань,N,N;ACC;SG,SEV,да́нь,0,1,1.0,0.0,1,False,0,0,False
дар,N,N;ACC;SG,SEV,да́р,0,1,1.0,0.0,1,False,0,0,False
дворец,N,N;ACC;SG,SEV,дво́рец,0,1,1.0,0.0,1,False,0,0,False
дежа,N,N;ACC;SG,SEV,дежѫ́,1,1,1.0,0.0,1,False,0,0,False
действие,N,N;ACC;SG,SEV,действио́,1,1,1.0,0.0,1,False,0,0,False
дефицит,N,N;ACC;SG,SEV,дефици́т,1,1,1.0,0.0,1,False,0,0,False
дискотека,N,N;ACC;SG,SEV,ди́скатекѫ,0,1,1.0,0.0,1,False,0,0,False
дистрофия,N,N;ACC;SG,SEV,дистрафи́ѫ,2,1,1.0,0.0,1,False,0,0,False
доверие,N,N;ACC;SG,SEV,даверио́,1,1,1.0,0.0,1,False,0,0,False
доказательство,N,N;ACC;SG,SEV,даказатѣльство́,1,1,1.0,0.0,1,False,0,0,False
доставка,N,N;ACC;SG,SEV,даста́вьцѫ,2,1,1.0,0.0,1,False,0,0,False
достопримечательность,N,N;ACC;SG,SEV,дастапримечательно́съть,1,1,1.0,0.0,1,False,0,0,False
дочь,N,N;ACC;SG,SEV,до́чь,0,1,1.0,0.0,1,False,0,0,False
дрожь,N,N;ACC;SG,SEV,дро́жь,0,1,1.0,0.0,1,False,0,0,False
дуга,N,N;ACC;SG,SEV,ду́гѫ,0,1,1.0,0.0,1,False,0,0,False
дурак,N,N;ACC;SG,SEV,дура́к,1,1,1.0,0.0,1,False,0,0,False
жатва,N,N;ACC;SG,SEV,жа́твѫ,0,1,1.0,0.0,1,False,0,0,False
жерело,N,N;ACC;SG,SEV,жрѣ́ла,0,1,1.0,0.0,1,False,0,0,False
жетон,N,N;ACC;SG,SEV,жѣто́н,1,1,1.0,0.0,1,False,0,0,False
житель,N,N;ACC;SG,SEV,жите́ль,1,1,1.0,0.0,1,False,0,0,False
жук,N,N;ACC;SG,SEV,жу́к,0,1,1.0,0.0,1,False,0,0,False
зависимость,N,N;ACC;SG,SEV,за́висимасъть,0,1,1.0,0.0,1,False,0,0,False
завтрак,N,N;ACC;SG,SEV,за́втрак,0,1,1.0,0.0,1,False,0,0,False
заколка,N,N;ACC;SG,SEV,закальцѫ́,1,1,1.0,0.0,1,False,0,0,False
зарядка,N,N;ACC;SG,SEV,за́рядьцѫ,0,1,1.0,0.0,1,False,0,0,False
заря,N,N;ACC;SG,SEV,за́рѫ,0,1,0.8,0.0,1,False,0,0,False
засека,N,N;ACC;SG,SEV,за́сѣкѫ,0,1,1.0,0.0,1,False,0,0,False
застёжка-молния,N,N;ACC;SG,SEV,застёжка-мални́ѫ,2,1,1.0,0.0,1,False,0,0,False
здание,N,N;ACC;SG,SEV,здани́а,2,1,1.0,0.0,1,False,0,0,False
земледелие,N,N;ACC;SG,SEV,земледелио́,1,1,1.0,0.0,1,False,0,0,False
зимовщик,N,N;ACC;SG,SEV,зимавщи́ц,1,1,1.0,0.0,1,False,0,0,False
знакомство,N,N;ACC;SG,SEV,знакамство́,1,1,1.0,0.0,1,False,0,0,False
знание,N,N;ACC;SG,SEV,знани́а,2,1,1.0,0.0,1,False,0,0,False
знаток,N,N;ACC;SG,SEV,знато́к,1,1,1.0,0.0,1,False,0,0,False
значение,N,N;ACC;SG,SEV,значени́а,2,1,1.0,0.0,1,False,0,0,False
значок,N,N;ACC;SG,SEV,значо́к,1,1,1.0,0.0,1,False,0,0,False
зоопарк,N,N;ACC;SG,SEV,заапа́рьцъ,1,1,1.0,0.0,1,False,0,0,False
зрачок,N,N;ACC;SG,SEV,зрачо́к,1,1,1.0,0.0,1,False,0,0,False
игрек,N,N;ACC;SG,SEV,и́зрек,0,1,1.0,0.0,1,False,0,0,False
игрок,N,N;ACC;SG,SEV,и́зрак,0,1,1.0,0.0,1,False,0,0,False
игрушка,N,N;ACC;SG,SEV,и́зрушьцѫ,0,1,1.0,0.0,1,False,0,0,False
идея,N,N;ACC;SG,SEV,иде́ѫ,2,1,1.0,0.0,1,False,0,0,False
известие,N,N;ACC;SG,SEV,известио́,1,1,1.0,0.0,1,False,0,0,False
изделие,N,N;ACC;SG,SEV,и́зделиа,0,1,1.0,0.0,1,False,0,0,False
изложение,N,N;ACC;SG,SEV,излажени́а,2,1,1.0,0.0,1,False,0,0,False
изменение,N,N;ACC;SG,SEV,и́зменениа,0,1,1.0,0.0,1,False,0,0,False
изучение,N,N;ACC;SG,SEV,и́зучениа,0,1,1.0,0.0,1,False,0,0,False
инструкция,N,N;ACC;SG,SEV,инструкциѫ́,1,1,1.0,0.0,1,False,0,0,False
инструментарий,N,N;ACC;SG,SEV,инструментари́,1,1,1.0,0.0,1,False,0,0,False
инфляция,N,N;ACC;SG,SEV,и́нфляциѫ,0,1,1.0,0.0,1,False,0,0,False
исключение,N,N;ACC;SG,SEV,и́сключѣниа,0,1,1.0,0.0,1,False,0,0,False
историк,N,N;ACC;SG,SEV,и́стариц,0,1,1.0,0.0,1,False,0,0,False
история,N,N;ACC;SG,SEV,и́стариѫ,0,1,1.0,0.0,1,False,0,0,False
итог,N,N;ACC;SG,SEV,ито́г,1,1,1.0,0.0,1,False,0,0,False
каблук,N,N;ACC;SG,SEV,ка́блук,0,1,1.0,0.0,1,False,0,0,False
калитка,N,N;ACC;SG,SEV,ка́литьцѫ,0,1,1.0,0.0,1,False,0,0,False
каморка,N,N;ACC;SG,SEV,ка́марьцѫ,0,1,1.0,0.0,1,False,0,0,False
карта,N,N;ACC;SG,SEV,картѫ́,1,1,1.0,0.0,1,False,0,0,False
картинка,N,N;ACC;SG,SEV,карти́ньцѫ,2,1,1.0,0.0,1,False,0,0,False
карточка,N,N;ACC;SG,SEV,карто́чьцѫ,2,1,1.0,0.0,1,False,0,0,False
картошка,N,N;ACC;SG,SEV,карто́шьцѫ,2,1,1.0,0.0,1,False,0,0,False
касатка,N,N;ACC;SG,SEV,каса́тьцѫ,2,1,1.0,0.0,1,False,0,0,False
касса,N,N;ACC;SG,SEV,касъсѫ́,1,1,1.0,0.0,1,False,0,0,False
каток,N,N;ACC;SG,SEV,ка́так,0,1,1.0,0.0,1,False,0,0,False
кефир,N,N;ACC;SG,SEV,кефи́р,1,1,1.0,0.0,1,False,0,0,False
километр,N,N;ACC;SG,SEV,ки́ламетръ,0,1,1.0,0.0,1,False,0,0,False
киоск,N,N;ACC;SG,SEV,кио́сьцъ,1,1,1.0,0.0,1,False,0,0,False
кисть,N,N;ACC;SG,SEV,ки́съть,0,1,1.0,0.0,1,False,0,0,False
кит,N,N;ACC;SG,SEV,ки́т,0,1,1.0,0.0,1,False,0,0,False
клад,N,N;ACC;SG,SEV,кла́д,0,1,1.0,0.0,1,False,0,0,False
класс,N,N;ACC;SG,SEV,кла́съсъ,0,1,1.0,0.0,1,False,0,0,False
клеёнка,N,N;ACC;SG,SEV,клеёньцѫ́,1,1,1.0,0.0,1,False,0,0,False
клоп,N,N;ACC;SG,SEV,кло́п,0,1,1.0,0.0,1,False,0,0,False
клочок,N,N;ACC;SG,SEV,клачо́к,1,1,1.0,0.0,1,False,0,0,False
клубника,N,N;ACC;SG,SEV,клу́бницѫ,0,1,1.0,0.0,1,False,0,0,False
клубок,N,N;ACC;SG,SEV,клубо́к,1,1,1.0,0.0,1,False,0,0,False
кнут,N,N;ACC;SG,SEV,кну́т,0,1,1.0,0.0,1,False,0,0,False
кобыла,N,N;ACC;SG,SEV,кабы́лѫ,2,1,1.0,0.0,1,False,0,0,False
код,N,N;ACC;SG,SEV,ко́д,0,1,1.0,0.0,1,False,0,0,False
козырёк,N,N;ACC;SG,SEV,казырё́к,1,1,1.0,0.0,1,False,0,0,False
коллекция,N,N;ACC;SG,SEV,каллекци́ѫ,2,1,1.0,0.0,1,False,0,0,False
колпак,N,N;ACC;SG,SEV,калпа́к,1,1,1.0,0.0,1,False,0,0,False
коляска,N,N;ACC;SG,SEV,калясьцѫ́,1,1,1.0,0.0,1,False,0,0,False
комедия,N,N;ACC;SG,SEV,камеди́ѫ,2,1,1.0,0.0,1,False,0,0,False
композитор,N,N;ACC;SG,SEV,кампазито́р,1,1,1.0,0.0,1,False,0,0,False
кондиционер,N,N;ACC;SG,SEV,кандициане́р,1,1,1.0,0.0,1,False,0,0,False
конюшня,N,N;ACC;SG,SEV,каню́шнѫ,2,1,1.0,0.0,1,False,0,0,False
копейка,N,N;ACC;SG,SEV,капе́йьцѫ,2,1,1.0,0.0,1,False,0,0,False
копчик,N,N;ACC;SG,SEV,капчи́ц,1,1,1.0,0.0,1,False,0,0,False
корзина,N,N;ACC;SG,SEV,ко́рзинѫ,0,1,1.0,0.0,1,False,0,0,False
кормушка,N,N;ACC;SG,SEV,ко́рмушьцѫ,0,1,1.0,0.0,1,False,0,0,False
косатка,N,N;ACC;SG,SEV,касатьцѫ́,1,1,1.0,0.0,1,False,0,0,False
костюм,N,N;ACC;SG,SEV,кастю́м,1,1,1.0,0.0,1,False,0,0,False
костяк,N,N;ACC;SG,SEV,кастя́к,1,1,1.0,0.0,1,False,0,0,False
косынка,N,N;ACC;SG,SEV,касыньцѫ́,1,1,1.0,0.0,1,False,0,0,False
кот,N,N;ACC;SG,SEV,ко́т,0,1,1.0,0.0,1,False,0,0,False
кофта,N,N;ACC;SG,SEV,ко́фътѫ,0,1,1.0,0.0,1,False,0,0,False
кофточка,N,N;ACC;SG,SEV,кафтачьцѫ́,1,1,1.0,0.0,1,False,0,0,False
краб,N,N;ACC;SG,SEV,кра́б,0,1,1.0,0.0,1,False,0,0,False
креветка,N,N;ACC;SG,SEV,креве́тьцѫ,2,1,1.0,0.0,1,False,0,0,False
кролик,N,N;ACC;SG,SEV,крали́ц,1,1,1.0,0.0,1,False,0,0,False
крот,N,N;ACC;SG,SEV,кро́т,0,1,1.0,0.0,1,False,0,0,False
кружок,N,N;ACC;SG,SEV,кружо́к,1,1,1.0,0.0,1,False,0,0,False
кукушка,N,N;ACC;SG,SEV,ку́кушьцѫ,0,1,1.0,0.0,1,False,0,0,False
кусок,N,N;ACC;SG,SEV,ку́сак,0,1,1.0,0.0,1,False,0,0,False
кустик,N,N;ACC;SG,SEV,ку́стиц,0,1,1.0,0.0,1,False,0,0,False
куст,N,N;ACC;SG,SEV,ку́сътъ,0,1,1.0,0.0,1,False,0,0,False
лампочка,N,N;ACC;SG,SEV,лампо́чьцѫ,2,1,1.0,0.0,1,False,0,0,False
ласточка,N,N;ACC;SG,SEV,ласто́чьцѫ,2,1,1.0,0.0,1,False,0,0,False
лейка,N,N;ACC;SG,SEV,ле́йьцѫ,0,1,1.0,0.0,1,False,0,0,False
лепесток,N,N;ACC;SG,SEV,ле́пестак,0,1,1.0,0.0,1,False,0,0,False
лесбиянка,N,N;ACC;SG,SEV,ле́сбияньцѫ,0,1,1.0,0.0,1,False,0,0,False
лётчик,N,N;ACC;SG,SEV,лётчи́ц,1,1,1.0,0.0,1,False,0,0,False
лишение,N,N;ACC;SG,SEV,лишенио́,1,1,1.0,0.0,1,False,0,0,False
лобок,N,N;ACC;SG,SEV,лабо́к,1,1,1.0,0.0,1,False,0,0,False
лодка,N,N;ACC;SG,SEV,ло́дьцѫ,0,1,1.0,0.0,1,False,0,0,False
ложка,N,N;ACC;SG,SEV,ло́жьцѫ,0,1,1.0,0.0,1,False,0,0,False
лоток,N,N;ACC;SG,SEV,лато́к,1,1,1.0,0.0,1,False,0,0,False
лягушка,N,N;ACC;SG,SEV,лягу́шьцѫ,2,1,1.0,0.0,1,False,0,0,False
магазин,N,N;ACC;SG,SEV,магази́н,1,1,1.0,0.0,1,False,0,0,False
магия,N,N;ACC;SG,SEV,ма́гиѫ,0,1,1.0,0.0,1,False,0,0,False
майка,N,N;ACC;SG,SEV,ма́йьцѫ,0,1,1.0,0.0,1,False,0,0,False
мальчик,N,N;ACC;SG,SEV,мальчи́ц,1,1,1.0,0.0,1,False,0,0,False
мамочка,N,N;ACC;SG,SEV,мамо́чьцѫ,2,1,1.0,0.0,1,False,0,0,False
марка,N,N;ACC;SG,SEV,ма́рьцѫ,0,1,1.0,0.0,1,False,0,0,False
материк,N,N;ACC;SG,SEV,матѣри́ц,1,1,1.0,0.0,1,False,0,0,False
махинация,N,N;ACC;SG,SEV,махинациѫ́,1,1,1.0,0.0,1,False,0,0,False
маяк,N,N;ACC;SG,SEV,мая́к,1,1,1.0,0.0,1,False,0,0,False
медуза,N,N;ACC;SG,SEV,медузѫ́,1,1,1.0,0.0,1,False,0,0,False
междометие,N,N;ACC;SG,SEV,междамети́а,2,1,1.0,0.0,1,False,0,0,False
мелочь,N,N;ACC;SG,SEV,мело́чь,1,1,1.0,0.0,1,False,0,0,False
мешок,N,N;ACC;SG,SEV,мешо́к,1,1,1.0,0.0,1,False,0,0,False
миграция,N,N;ACC;SG,SEV,мизрациѫ́,1,1,1.0,0.0,1,False,0,0,False
милиция,N,N;ACC;SG,SEV,ми́лициѫ,0,1,1.0,0.0,1,False,0,0,False
милосердие,N,N;ACC;SG,SEV,ми́ласердиа,0,1,1.0,0.0,1,False,0,0,False
минуточка,N,N;ACC;SG,SEV,ми́нутачьцѫ,0,1,1.0,0.0,1,False,0,0,False
минуть,V,V;PRS;3;SG,SEV,мину́ить,2,1,1.0,0.0,1,False,0,0,False
мнение,N,N;ACC;SG,SEV,мненио́,1,1,1.0,0.0,1,False,0,0,False
мозжечок,N,N;ACC;SG,SEV,мазжечо́к,1,1,1.0,0.0,1,False,0,0,False
моряк,N,N;ACC;SG,SEV,маря́к,1,1,1.0,0.0,1,False,0,0,False
мрак,N,N;ACC;SG,SEV,мра́к,0,1,1.0,0.0,1,False,0,0,False
мудак,N,N;ACC;SG,SEV,муда́к,1,1,1.0,0.0,1,False,0,0,False
наволочка,N,N;ACC;SG,SEV,навла́чьцѫ,2,1,1.0,0.0,1,False,0,0,False
наколка,N,N;ACC;SG,SEV,накальцѫ́,1,1,1.0,0.0,1,False,0,0,False
наличие,N,N;ACC;SG,SEV,наличио́,1,1,1.0,0.0,1,False,0,0,False
налог,N,N;ACC;SG,SEV,нало́г,1,1,1.0,0.0,1,False,0,0,False
намёк,N,N;ACC;SG,SEV,намё́к,1,1,1.0,0.0,1,False,0,0,False
насморк,N,N;ACC;SG,SEV,насмо́рьцъ,1,1,1.0,0.0,1,False,0,0,False
наука,N,N;ACC;SG,SEV,наукѫ́,1,1,1.0,0.0,1,False,0,0,False
нация,N,N;ACC;SG,SEV,нациѫ́,1,1,1.0,0.0,1,False,0,0,False
начинка,N,N;ACC;SG,SEV,начи́ньцѫ,2,1,1.0,0.0,1,False,0,0,False
недоверие,N,N;ACC;SG,SEV,недавери́а,2,1,1.0,0.0,1,False,0,0,False
некромант,N,N;ACC;SG,SEV,не́крамантъ,0,1,1.0,0.0,1,False,0,0,False
непристойность,N,N;ACC;SG,SEV,не́пристайнасъть,0,1,1.0,0.0,1,False,0,0,False
носок,N,N;ACC;SG,SEV,насо́к,1,1,1.0,0.0,1,False,0,0,False
обитание,N,N;ACC;SG,SEV,абитанио́,1,1,1.0,0.0,1,False,0,0,False
облако,N,N;ACC;SG,SEV,о́блака,0,1,1.0,0.0,1,False,0,0,False
обстоятельство,N,N;ACC;SG,SEV,абстаятельство́,1,1,1.0,0.0,1,False,0,0,False
обустройство,N,N;ACC;SG,SEV,абустро́йства,2,1,1.0,0.0,1,False,0,0,False
объятие,N,N;ACC;SG,SEV,абъятио́,1,1,1.0,0.0,1,False,0,0,False
обязательство,N,N;ACC;SG,SEV,абязательство́,1,1,1.0,0.0,1,False,0,0,False
овощ,N,N;ACC;SG,SEV,аво́щ,1,1,1.0,0.0,1,False,0,0,False
ограничение,N,N;ACC;SG,SEV,аграниченио́,1,1,1.0,0.0,1,False,0,0,False
одиночество,N,N;ACC;SG,SEV,адиначе́ства,2,1,1.0,0.0,1,False,0,0,False
окошко,N,N;ACC;SG,SEV,ако́шьца,2,1,1.0,0.0,1,False,0,0,False
окунь,N,N;ACC;SG,SEV,о́кунь,0,1,1.0,0.0,1,False,0,0,False
оливка,N,N;ACC;SG,SEV,али́вьцѫ,2,1,1.0,0.0,1,False,0,0,False
орбита,N,N;ACC;SG,SEV,арбитѫ́,1,1,1.0,0.0,1,False,0,0,False
орошение,N,N;ACC;SG,SEV,рашѣни́а,2,1,1.0,0.0,1,False,0,0,False
орудие,N,N;ACC;SG,SEV,о́рудиа,0,1,1.0,0.0,1,False,0,0,False
оружие,N,N;ACC;SG,SEV,аружи́а,2,1,1.0,0.0,1,False,0,0,False
орфография,N,N;ACC;SG,SEV,арфаграфиѫ́,1,1,1.0,0.0,1,False,0,0,False
отдых,N,N;ACC;SG,SEV,о́тдых,0,1,1.0,0.0,1,False,0,0,False
отечество,N,N;ACC;SG,SEV,о́течества,0,1,1.0,0.0,1,False,0,0,False
открытие,N,N;ACC;SG,SEV,о́ткрытиа,0,1,1.0,0.0,1,False,0,0,False
отличие,N,N;ACC;SG,SEV,атличио́,1,1,1.0,0.0,1,False,0,0,False
отправитель,N,N;ACC;SG,SEV,атправитѣ́ль,1,1,1.0,0.0,1,False,0,0,False
отрицание,N,N;ACC;SG,SEV,о́трицаниа,0,1,1.0,0.0,1,False,0,0,False
отрывок,N,N;ACC;SG,SEV,атрыво́к,1,1,1.0,0.0,1,False,0,0,False
отсутствие,N,N;ACC;SG,SEV,о́тсутствиа,0,1,1.0,0.0,1,False,0,0,False
оценка,N,N;ACC;SG,SEV,аце́ньцѫ,2,1,1.0,0.0,1,False,0,0,False
падла,N,N;ACC;SG,SEV,па́длѫ,0,1,1.0,0.0,1,False,0,0,False
падло,N,N;ACC;SG,SEV,па́дла,0,1,1.0,0.0,1,False,0,0,False
паёк,N,N;ACC;SG,SEV,паё́к,1,1,1.0,0.0,1,False,0,0,False
палатка,N,N;ACC;SG,SEV,па́латьцѫ,0,1,1.0,0.0,1,False,0,0,False
партия,N,N;ACC;SG,SEV,па́ртиѫ,0,1,1.0,0.0,1,False,0,0,False
пашня,N,N;ACC;SG,SEV,пашнѫ́,1,1,1.0,0.0,1,False,0,0,False
пейзаж,N,N;ACC;SG,SEV,пейза́ж,1,1,1.0,0.0,1,False,0,0,False
пенсия,N,N;ACC;SG,SEV,пенсиѫ́,1,1,1.0,0.0,1,False,0,0,False
пепельница,N,N;ACC;SG,SEV,пепельницѫ́,1,1,1.0,0.0,1,False,0,0,False
первенство,N,N;ACC;SG,SEV,первенство́,1,1,1.0,0.0,1,False,0,0,False
перебежчик,N,N;ACC;SG,SEV,прѣбежчи́ц,1,1,1.0,0.0,1,False,0,0,False
переводчик,N,N;ACC;SG,SEV,прѣвадчи́ц,1,1,1.0,0.0,1,False,0,0,False
перегородка,N,N;ACC;SG,SEV,прѣ́градьцѫ,0,1,1.0,0.0,1,False,0,0,False
перекрёсток,N,N;ACC;SG,SEV,прѣкрёсто́к,1,1,1.0,0.0,1,False,0,0,False
пересадка,N,N;ACC;SG,SEV,прѣса́дьцѫ,2,1,1.0,0.0,1,False,0,0,False
перестройка,N,N;ACC;SG,SEV,прѣ́страйьцѫ,0,1,1.0,0.0,1,False,0,0,False
перчатка,N,N;ACC;SG,SEV,перчатьцѫ́,1,1,1.0,0.0,1,False,0,0,False
петиция,N,N;ACC;SG,SEV,петициѫ́,1,1,1.0,0.0,1,False,0,0,False
петух,N,N;ACC;SG,SEV,пѣ́тух,0,1,1.0,0.0,1,False,0,0,False
пиджак,N,N;ACC;SG,SEV,пиджа́к,1,1,1.0,0.0,1,False,0,0,False
пирожок,N,N;ACC;SG,SEV,пиражо́к,1,1,1.0,0.0,1,False,0,0,False
писака,N,N;ACC;SG,SEV,писа́кѫ,2,1,1.0,0.0,1,False,0,0,False
пиявка,N,N;ACC;SG,SEV,пиявьцѫ́,1,1,1.0,0.0,1,False,0,0,False
пламя,N,N;ACC;SG,SEV,пламѫ́,1,1,1.0,0.0,1,False,0,0,False
платок,N,N;ACC;SG,SEV,плато́к,1,1,1.0,0.0,1,False,0,0,False
площадка,N,N;ACC;SG,SEV,плащадьцѫ́,1,1,1.0,0.0,1,False,0,0,False
победитель,N,N;ACC;SG,SEV,пабедите́ль,1,1,1.0,0.0,1,False,0,0,False
побережье,N,N;ACC;SG,SEV,пабрѣ́жьа,2,1,1.0,0.0,1,False,0,0,False
поводок,N,N;ACC;SG,SEV,по́вадак,0,1,1.0,0.0,1,False,0,0,False
повязка,N,N;ACC;SG,SEV,павязьцѫ́,1,1,1.0,0.0,1,False,0,0,False
подбородок,N,N;ACC;SG,SEV,падбрадо́к,1,1,1.0,0.0,1,False,0,0,False
подвязка,N,N;ACC;SG,SEV,по́двязьцѫ,0,1,1.0,0.0,1,False,0,0,False
подготовка,N,N;ACC;SG,SEV,падгатавьцѫ́,1,1,1.0,0.0,1,False,0,0,False
поднятие,N,N;ACC;SG,SEV,паднятио́,1,1,1.0,0.0,1,False,0,0,False
позвонок,N,N;ACC;SG,SEV,пазвано́к,1,1,1.0,0.0,1,False,0,0,False
показатель,N,N;ACC;SG,SEV,паказате́ль,1,1,1.0,0.0,1,False,0,0,False
политрук,N,N;ACC;SG,SEV,по́литрук,0,1,1.0,0.0,1,False,0,0,False
полномочие,N,N;ACC;SG,SEV,палнамачи́а,2,1,1.0,0.0,1,False,0,0,False
полотенце,N,N;ACC;SG,SEV,плате́нца,2,1,1.0,0.0,1,False,0,0,False
поляк,N,N;ACC;SG,SEV,по́ляк,0,1,1.0,0.0,1,False,0,0,False
помеха,N,N;ACC;SG,SEV,памехѫ́,1,1,1.0,0.0,1,False,0,0,False
понимание,N,N;ACC;SG,SEV,паниманио́,1,1,1.0,0.0,1,False,0,0,False
понятие,N,N;ACC;SG,SEV,по́нятиа,0,1,1.0,0.0,1,False,0,0,False
попечитель,N,N;ACC;SG,SEV,по́печитель,0,1,1.0,0.0,1,False,0,0,False
попутчик,N,N;ACC;SG,SEV,папутчи́ц,1,1,1.0,0.0,1,False,0,0,False
порог,N,N;ACC;SG,SEV,пра́г,0,1,1.0,0.0,1,False,0,0,False
порция,N,N;ACC;SG,SEV,парци́ѫ,2,1,1.0,0.0,1,False,0,0,False
посадка,N,N;ACC;SG,SEV,пасадьцѫ́,1,1,1.0,0.0,1,False,0,0,False
последствие,N,N;ACC;SG,SEV,паследстви́а,2,1,1.0,0.0,1,False,0,0,False
пособие,N,N;ACC;SG,SEV,пасабио́,1,1,1.0,0.0,1,False,0,0,False
поступок,N,N;ACC;SG,SEV,паступо́к,1,1,1.0,0.0,1,False,0,0,False
потолок,N,N;ACC;SG,SEV,патла́к,1,1,1.0,0.0,1,False,0,0,False
потомок,N,N;ACC;SG,SEV,патамо́к,1,1,1.0,0.0,1,False,0,0,False
потребитель,N,N;ACC;SG,SEV,по́требитель,0,1,1.0,0.0,1,False,0,0,False
право,N,N;ACC;SG,SEV,право́,1,1,1.0,0.0,1,False,0,0,False
праздник,N,N;ACC;SG,SEV,пра́здниц,0,1,1.0,0.0,1,False,0,0,False
превосходство,N,N;ACC;SG,SEV,прѣвасхо́дства,2,1,1.0,0.0,1,False,0,0,False
предлог,N,N;ACC;SG,SEV,предло́г,1,1,1.0,0.0,1,False,0,0,False
предприятие,N,N;ACC;SG,SEV,предприятио́,1,1,1.0,0.0,1,False,0,0,False
председатель,N,N;ACC;SG,SEV,прѣдсѣдатѣ́ль,1,1,1.0,0.0,1,False,0,0,False
представитель,N,N;ACC;SG,SEV,представите́ль,1,1,1.0,0.0,1,False,0,0,False
преминуть,V,V;PRS;3;SG,SEV,пре́минуить,0,1,1.0,0.0,1,False,0,0,False
премия,N,N;ACC;SG,SEV,преми́ѫ,2,1,1.0,0.0,1,False,0,0,False
преподаватель,N,N;ACC;SG,SEV,препадавате́ль,1,1,1.0,0.0,1,False,0,0,False
претензия,N,N;ACC;SG,SEV,претензи́ѫ,2,1,1.0,0.0,1,False,0,0,False
прививка,N,N;ACC;SG,SEV,прививьцѫ́,1,1,1.0,0.0,1,False,0,0,False
привычка,N,N;ACC;SG,SEV,привычьцѫ́,1,1,1.0,0.0,1,False,0,0,False
приглашение,N,N;ACC;SG,SEV,призлашенио́,1,1,1.0,0.0,1,False,0,0,False
признак,N,N;ACC;SG,SEV,призна́к,1,1,1.0,0.0,1,False,0,0,False
продажа,N,N;ACC;SG,SEV,прада́жѫ,2,1,1.0,0.0,1,False,0,0,False
производство,N,N;ACC;SG,SEV,праизво́дства,2,1,1.0,0.0,1,False,0,0,False
просёлок,N,N;ACC;SG,SEV,прасёло́к,1,1,1.0,0.0,1,False,0,0,False
противоборство,N,N;ACC;SG,SEV,про́тивабарства,0,1,1.0,0.0,1,False,0,0,False
противодействие,N,N;ACC;SG,SEV,пративадействи́а,2,1,1.0,0.0,1,False,0,0,False
противоположность,N,N;ACC;SG,SEV,про́тиваплажнасъть,0,1,1.0,0.0,1,False,0,0,False
противоречие,N,N;ACC;SG,SEV,пративарѣчи́а,2,1,1.0,0.0,1,False,0,0,False
профессия,N,N;ACC;SG,SEV,про́фессиѫ,0,1,1.0,0.0,1,False,0,0,False
прощание,N,N;ACC;SG,SEV,про́щаниа,0,1,1.0,0.0,1,False,0,0,False
пряник,N,N;ACC;SG,SEV,пря́ниц,0,1,1.0,0.0,1,False,0,0,False
псих,N,N;ACC;SG,SEV,пси́с,0,1,1.0,0.0,1,False,0,0,False
птенец,N,N;ACC;SG,SEV,птене́ц,1,1,1.0,0.0,1,False,0,0,False
публика,N,N;ACC;SG,SEV,пу́блицѫ,0,1,1.0,0.0,1,False,0,0,False
пурга,N,N;ACC;SG,SEV,пу́рьзѫ,0,1,1.0,0.0,1,False,0,0,False
путешествие,N,N;ACC;SG,SEV,путѣшѣстви́а,2,1,1.0,0.0,1,False,0,0,False
пятёрка,N,N;ACC;SG,SEV,пя́тёрьцѫ,0,1,1.0,0.0,1,False,0,0,False
пятно,N,N;ACC;SG,SEV,пя́тна,0,1,1.0,0.0,1,False,0,0,False
разборка,N,N;ACC;SG,SEV,разбарьцѫ́,1,1,1.0,0.0,1,False,0,0,False
развалина,N,N;ACC;SG,SEV,развали́нѫ,2,1,1.0,0.0,1,False,0,0,False
разведчик,N,N;ACC;SG,SEV,разведчи́ц,1,1,1.0,0.0,1,False,0,0,False
развитие,N,N;ACC;SG,SEV,ра́звитиа,0,1,1.0,0.0,1,False,0,0,False
разговор,N,N;ACC;SG,SEV,разгаво́р,1,1,1.0,0.0,1,False,0,0,False
различие,N,N;ACC;SG,SEV,различио́,1,1,1.0,0.0,1,False,0,0,False
ракушка,N,N;ACC;SG,SEV,раку́шьцѫ,2,1,1.0,0.0,1,False,0,0,False
рамка,N,N;ACC;SG,SEV,ра́мьцѫ,0,1,1.0,0.0,1,False,0,0,False
расписание,N,N;ACC;SG,SEV,расписанио́,1,1,1.0,0.0,1,False,0,0,False
рассрочка,N,N;ACC;SG,SEV,рассрачьцѫ́,1,1,1.0,0.0,1,False,0,0,False
реакция,N,N;ACC;SG,SEV,реакциѫ́,1,1,1.0,0.0,1,False,0,0,False
революция,N,N;ACC;SG,SEV,рѣвалюциѫ́,1,1,1.0,0.0,1,False,0,0,False
редакция,N,N;ACC;SG,SEV,редакци́ѫ,2,1,1.0,0.0,1,False,0,0,False
редиска,N,N;ACC;SG,SEV,рѣ́дисьцѫ,0,1,1.0,0.0,1,False,0,0,False
редька,N,N;ACC;SG,SEV,ре́дьцѫ,0,1,1.0,0.0,1,False,0,0,False
режиссёр,N,N;ACC;SG,SEV,ре́жиссёр,0,1,1.0,0.0,1,False,0,0,False
репетиция,N,N;ACC;SG,SEV,репетициѫ́,1,1,1.0,0.0,1,False,0,0,False
решение,N,N;ACC;SG,SEV,ре́шениа,0,1,1.0,0.0,1,False,0,0,False
решётка,N,N;ACC;SG,SEV,решё́тьцѫ,2,1,1.0,0.0,1,False,0,0,False
рисунок,N,N;ACC;SG,SEV,ри́сунак,0,1,1.0,0.0,1,False,0,0,False
родинка,N,N;ACC;SG,SEV,ро́диньцѫ,0,1,1.0,0.0,1,False,0,0,False
родословие,N,N;ACC;SG,SEV,радаславио́,1,1,1.0,0.0,1,False,0,0,False
рождение,N,N;ACC;SG,SEV,ражденио́,1,1,1.0,0.0,1,False,0,0,False
розетка,N,N;ACC;SG,SEV,ро́зетьцѫ,0,1,1.0,0.0,1,False,0,0,False
ромашка,N,N;ACC;SG,SEV,рама́шьцѫ,2,1,1.0,0.0,1,False,0,0,False
рубашка,N,N;ACC;SG,SEV,руба́шьцѫ,2,1,1.0,0.0,1,False,0,0,False
рюкзак,N,N;ACC;SG,SEV,рю́кзак,0,1,1.0,0.0,1,False,0,0,False
санкция,N,N;ACC;SG,SEV,санкци́ѫ,2,1,1.0,0.0,1,False,0,0,False
сапог,N,N;ACC;SG,SEV,сапо́г,1,1,1.0,0.0,1,False,0,0,False
свеча,N,N;ACC;SG,SEV,све́чѫ,0,1,1.0,0.0,1,False,0,0,False
связывание,N,N;ACC;SG,SEV,связывани́а,2,1,1.0,0.0,1,False,0,0,False
сдвиг,N,N;ACC;SG,SEV,сдви́з,0,1,1.0,0.0,1,False,0,0,False
сексология,N,N;ACC;SG,SEV,се́кслагиѫ,0,1,1.0,0.0,1,False,0,0,False
серьга,N,N;ACC;SG,SEV,се́рьзѫ,0,1,1.0,0.0,1,False,0,0,False
сёмга,N,N;ACC;SG,SEV,сё́мьзѫ,0,1,1.0,0.0,1,False,0,0,False
сиг,N,N;ACC;SG,SEV,си́з,0,1,1.0,0.0,1,False,0,0,False
синяк,N,N;ACC;SG,SEV,синя́к,1,1,1.0,0.0,1,False,0,0,False
ситуация,N,N;ACC;SG,SEV,си́туациѫ,0,1,1.0,0.0,1,False,0,0,False
скала,N,N;ACC;SG,SEV,ска́лѫ,0,1,0.8,0.0,1,False,0,0,False
сквозняк,N,N;ACC;SG,SEV,сквазня́к,1,1,1.0,0.0,1,False,0,0,False
скворец,N,N;ACC;SG,SEV,скваре́ц,1,1,1.0,0.0,1,False,0,0,False
скептицизм,N,N;ACC;SG,SEV,ске́птицизмъ,0,1,1.0,0.0,1,False,0,0,False
скопец,N,N;ACC;SG,SEV,скапе́ц,1,1,1.0,0.0,1,False,0,0,False
слава,N,N;ACC;SG,SEV,славѫ́,1,1,1.0,0.0,1,False,0,0,False
следователь,N,N;ACC;SG,SEV,следавате́ль,1,1,1.0,0.0,1,False,0,0,False
следствие,N,N;ACC;SG,SEV,следстви́а,2,1,1.0,0.0,1,False,0,0,False
слизняк,N,N;ACC;SG,SEV,слизня́к,1,1,1.0,0.0,1,False,0,0,False
слог,N,N;ACC;SG,SEV,сло́г,0,1,1.0,0.0,1,False,0,0,False
собака,N,N;ACC;SG,SEV,сабакѫ́,1,1,1.0,0.0,1,False,0,0,False
собрание,N,N;ACC;SG,SEV,со́браниа,0,1,1.0,0.0,1,False,0,0,False
событие,N,N;ACC;SG,SEV,со́бытиа,0,1,1.0,0.0,1,False,0,0,False
согласие,N,N;ACC;SG,SEV,со́гласиа,0,1,1.0,0.0,1,False,0,0,False
содействие,N,N;ACC;SG,SEV,садействио́,1,1,1.0,0.0,1,False,0,0,False
создание,N,N;ACC;SG,SEV,саздани́а,2,1,1.0,0.0,1,False,0,0,False
сознание,N,N;ACC;SG,SEV,со́знаниа,0,1,1.0,0.0,1,False,0,0,False
солнце,N,N;ACC;SG,SEV,со́лнца,0,1,1.0,0.0,1,False,0,0,False
соображение,N,N;ACC;SG,SEV,саабражени́а,2,1,1.0,0.0,1,False,0,0,False
сословие,N,N;ACC;SG,SEV,саславио́,1,1,1.0,0.0,1,False,0,0,False
соучастие,N,N;ACC;SG,SEV,саучасти́а,2,1,1.0,0.0,1,False,0,0,False
соха,N,N;ACC;SG,SEV,со́хѫ,0,1,1.0,0.0,1,False,0,0,False
спальня,N,N;ACC;SG,SEV,спальнѫ́,1,1,1.0,0.0,1,False,0,0,False
сравнение,N,N;ACC;SG,SEV,сравненио́,1,1,1.0,0.0,1,False,0,0,False
сражение,N,N;ACC;SG,SEV,сражени́а,2,1,1.0,0.0,1,False,0,0,False
средство,N,N;ACC;SG,SEV,средство́,1,1,1.0,0.0,1,False,0,0,False
станция,N,N;ACC;SG,SEV,станциѫ́,1,1,1.0,0.0,1,False,0,0,False
стега,N,N;ACC;SG,SEV,стегѫ́,1,1,1.0,0.0,1,False,0,0,False
столетие,N,N;ACC;SG,SEV,сталѣтио́,1,1,1.0,0.0,1,False,0,0,False
столовая,N,N;ACC;SG,SEV,стлаваѫ́,1,1,1.0,0.0,1,False,0,0,False
стоянка,N,N;ACC;SG,SEV,стая́ньцѫ,2,1,1.0,0.0,1,False,0,0,False
страна,N,N;ACC;SG,SEV,странѫ́,1,1,1.0,0.0,1,False,0,0,False
страховка,N,N;ACC;SG,SEV,стра́хавьцѫ,0,1,1.0,0.0,1,False,0,0,False
страховщик,N,N;ACC;SG,SEV,страхавщи́ц,1,1,1.0,0.0,1,False,0,0,False
строительство,N,N;ACC;SG,SEV,страите́льства,2,1,1.0,0.0,1,False,0,0,False
сушилка,N,N;ACC;SG,SEV,сушильцѫ́,1,1,1.0,0.0,1,False,0,0,False
сюртук,N,N;ACC;SG,SEV,сюрту́к,1,1,1.0,0.0,1,False,0,0,False
табак,N,N;ACC;SG,SEV,таба́к,1,1,1.0,0.0,1,False,0,0,False
таблетка,N,N;ACC;SG,SEV,таблетьцѫ́,1,1,1.0,0.0,1,False,0,0,False
тарелка,N,N;ACC;SG,SEV,таре́льцѫ,2,1,1.0,0.0,1,False,0,0,False
творчество,N,N;ACC;SG,SEV,тварче́ства,2,1,1.0,0.0,1,False,0,0,False
телевизор,N,N;ACC;SG,SEV,телевизо́р,1,1,1.0,0.0,1,False,0,0,False
телега,N,N;ACC;SG,SEV,телегѫ́,1,1,1.0,0.0,1,False,0,0,False
телёнок,N,N;ACC;SG,SEV,телёно́к,1,1,1.0,0.0,1,False,0,0,False
телохранитель,N,N;ACC;SG,SEV,те́лахранитель,0,1,1.0,0.0,1,False,0,0,False
телятина,N,N;ACC;SG,SEV,тѣ́лятинѫ,0,1,1.0,0.0,1,False,0,0,False
теория,N,N;ACC;SG,SEV,те́ариѫ,0,1,1.0,0.0,1,False,0,0,False
территория,N,N;ACC;SG,SEV,территари́ѫ,2,1,1.0,0.0,1,False,0,0,False
тёща,N,N;ACC;SG,SEV,тёщѫ́,1,1,1.0,0.0,1,False,0,0,False
ткань,N,N;ACC;SG,SEV,тка́нь,0,1,1.0,0.0,1,False,0,0,False
толща,N,N;ACC;SG,SEV,талщѫ́,1,1,1.0,0.0,1,False,0,0,False
тревога,N,N;ACC;SG,SEV,тревагѫ́,1,1,1.0,0.0,1,False,0,0,False
тренировка,N,N;ACC;SG,SEV,трениро́вьцѫ,2,1,1.0,0.0,1,False,0,0,False
троеперстие,N,N;ACC;SG,SEV,тро́еперстиа,0,1,1.0,0.0,1,False,0,0,False
тяга,N,N;ACC;SG,SEV,тя́гѫ,0,1,1.0,0.0,1,False,0,0,False
увлечение,N,N;ACC;SG,SEV,увлеченио́,1,1,1.0,0.0,1,False,0,0,False
удивление,N,N;ACC;SG,SEV,у́дивлениа,0,1,1.0,0.0,1,False,0,0,False
удовольствие,N,N;ACC;SG,SEV,удавальствио́,1,1,1.0,0.0,1,False,0,0,False
улучшение,N,N;ACC;SG,SEV,улучшѣнио́,1,1,1.0,0.0,1,False,0,0,False
умение,N,N;ACC;SG,SEV,уменио́,1,1,1.0,0.0,1,False,0,0,False
уменьшение,N,N;ACC;SG,SEV,уменьшени́а,2,1,1.0,0.0,1,False,0,0,False
унижение,N,N;ACC;SG,SEV,у́нижениа,0,1,1.0,0.0,1,False,0,0,False
управление,N,N;ACC;SG,SEV,у́правлениа,0,1,1.0,0.0,1,False,0,0,False
упражнение,N,N;ACC;SG,SEV,у́пражнениа,0,1,1.0,0.0,1,False,0,0,False
ускорение,N,N;ACC;SG,SEV,ускарѣнио́,1,1,1.0,0.0,1,False,0,0,False
условие,N,N;ACC;SG,SEV,услави́а,2,1,1.0,0.0,1,False,0,0,False
успех,N,N;ACC;SG,SEV,успе́х,1,1,1.0,0.0,1,False,0,0,False
уступка,N,N;ACC;SG,SEV,уступьцѫ́,1,1,1.0,0.0,1,False,0,0,False
утверждение,N,N;ACC;SG,SEV,утвержденио́,1,1,1.0,0.0,1,False,0,0,False
утешение,N,N;ACC;SG,SEV,утешенио́,1,1,1.0,0.0,1,False,0,0,False
фейерверк,N,N;ACC;SG,SEV,фе́йерверьцъ,0,1,1.0,0.0,1,False,0,0,False
филолог,N,N;ACC;SG,SEV,филла́г,1,1,1.0,0.0,1,False,0,0,False
философия,N,N;ACC;SG,SEV,фи́ласафиѫ,0,1,1.0,0.0,1,False,0,0,False
финик,N,N;ACC;SG,SEV,фини́ц,1,1,1.0,0.0,1,False,0,0,False
фисташка,N,N;ACC;SG,SEV,фиста́шьцѫ,2,1,1.0,0.0,1,False,0,0,False
флаг,N,N;ACC;SG,SEV,фла́г,0,1,1.0,0.0,1,False,0,0,False
фракция,N,N;ACC;SG,SEV,фракциѫ́,1,1,1.0,0.0,1,False,0,0,False
фундук,N,N;ACC;SG,SEV,фѫнду́к,1,1,1.0,0.0,1,False,0,0,False
фуражка,N,N;ACC;SG,SEV,фуражьцѫ́,1,1,1.0,0.0,1,False,0,0,False
хвост,N,N;ACC;SG,SEV,хво́сътъ,0,1,1.0,0.0,1,False,0,0,False
химик,N,N;ACC;SG,SEV,хи́миц,0,1,1.0,0.0,1,False,0,0,False
химия,N,N;ACC;SG,SEV,хи́миѫ,0,1,1.0,0.0,1,False,0,0,False
химчистка,N,N;ACC;SG,SEV,химчистьцѫ́,1,1,1.0,0.0,1,False,0,0,False
хищник,N,N;ACC;SG,SEV,хи́щниц,0,1,1.0,0.0,1,False,0,0,False
царь,N,N;ACC;SG,SEV,ца́рь,0,1,1.0,0.0,1,False,0,0,False
центнер,N,N;ACC;SG,SEV,центне́р,1,1,1.0,0.0,1,False,0,0,False
церковь,N,N;ACC;SG,SEV,це́ркавь,0,1,1.0,0.0,1,False,0,0,False
цирк,N,N;ACC;SG,SEV,ци́рьцъ,0,1,1.0,0.0,1,False,0,0,False
чашка,N,N;ACC;SG,SEV,ча́шьцѫ,0,1,1.0,0.0,1,False,0,0,False
черешня,N,N;ACC;SG,SEV,чрѣшнѫ́,1,1,1.0,0.0,1,False,0,0,False
чеснок,N,N;ACC;SG,SEV,чесно́к,1,1,1.0,0.0,1,False,0,0,False
чехол,N,N;ACC;SG,SEV,чехо́л,1,1,1.0,0.0,1,False,0,0,False
чистка,N,N;ACC;SG,SEV,чистьцѫ́,1,1,1.0,0.0,1,False,0,0,False
чучело,N,N;ACC;SG,SEV,чучѣ́ла,2,1,1.0,0.0,1,False,0,0,False
шапка,N,N;ACC;SG,SEV,ша́пьцѫ,0,1,1.0,0.0,1,False,0,0,False
шашка,N,N;ACC;SG,SEV,ша́шьцѫ,0,1,1.0,0.0,1,False,0,0,False
швабра,N,N;ACC;SG,SEV,шва́брѫ,0,1,1.0,0.0,1,False,0,0,False
шедевр,N,N;ACC;SG,SEV,шеде́връ,1,1,1.0,0.0,1,False,0,0,False
шинель,N,N;ACC;SG,SEV,ши́нель,0,1,1.0,0.0,1,False,0,0,False
шофёр,N,N;ACC;SG,SEV,шафё́р,1,1,1.0,0.0,1,False,0,0,False
шпион,N,N;ACC;SG,SEV,шпи́ан,0,1,1.0,0.0,1,False,0,0,False
штопор,N,N;ACC;SG,SEV,штапо́р,1,1,1.0,0.0,1,False,0,0,False
штука,N,N;ACC;SG,SEV,штукѫ́,1,1,1.0,0.0,1,False,0,0,False
шутка,N,N;ACC;SG,SEV,шутьцѫ́,1,1,1.0,0.0,1,False,0,0,False
щука,N,N;ACC;SG,SEV,щу́кѫ,0,1,1.0,0.0,1,False,0,0,False
экология,N,N;ACC;SG,SEV,эклагиѫ́,1,1,1.0,0.0,1,False,0,0,False
электрик,N,N;ACC;SG,SEV,электри́ц,1,1,1.0,0.0,1,False,0,0,False
электричка,N,N;ACC;SG,SEV,электри́чьцѫ,2,1,1.0,0.0,1,False,0,0,False
эмоция,N,N;ACC;SG,SEV,эмациѫ́,1,1,1.0,0.0,1,False,0,0,False
энергия,N,N;ACC;SG,SEV,энергиѫ́,1,1,1.0,0.0,1,False,0,0,False
эпидемия,N,N;ACC;SG,SEV,эпидеми́ѫ,2,1,1.0,0.0,1,False,0,0,False
эскалатор,N,N;ACC;SG,SEV,эскалато́р,1,1,1.0,0.0,1,False,0,0,False
этаж,N,N;ACC;SG,SEV,эта́ж,1,1,1.0,0.0,1,False,0,0,False
юморист,N,N;ACC;SG,SEV,юмари́сътъ,1,1,1.0,0.0,1,False,0,0,False
яблоко,N,N;ACC;SG,SEV,ябло́ка,2,1,1.0,0.0,1,False,0,0,False
ядро,N,N;ACC;SG,SEV,я́дра,0,1,1.0,0.0,1,False,0,0,False
ярлык,N,N;ACC;SG,SEV,ярлы́к,1,1,1.0,0.0,1,False,0,0,False
ярмарка,N,N;ACC;SG,SEV,я́рмарьцѫ,0,1,1.0,0.0,1,False,0,0,False
яхта,N,N;ACC;SG,SEV,я́хътѫ,0,1,1.0,0.0,1,False,0,0,False
ячмень,N,N;ACC;SG,SEV,ячме́нь,1,1,1.0,0.0,1,False,0,0,False
ящер,N,N;ACC;SG,SEV,яще́р,1,1,1.0,0.0,1,False,0,0,False
автогонки,N,N;ACC;SG,SEV,а́втаганьцъ,0,1,1.0,0.0,1,False,0,0,False
авторские,N,N;ACC;SG,SEV,а́втарскиа,0,1,1.0,0.0,1,False,0,0,False
адгезия,N,N;ACC;SG,SEV,адгези́ѫ,2,1,1.0,0.0,1,False,0,0,False
алия,N,N;ACC;SG,SEV,а́лиѫ,0,1,1.0,0.0,1,False,0,0,False
аллотропия,N,N;ACC;SG,SEV,аллатрапиѫ́,1,1,1.0,0.0,1,False,0,0,False
альпинизм,N,N;ACC;SG,SEV,альпини́змъ,1,1,1.0,0.0,1,False,0,0,False
альтруизм,N,N;ACC;SG,SEV,альтруи́змъ,1,1,1.0,0.0,1,False,0,0,False
амузия,N,N;ACC;SG,SEV,амузиѫ́,1,1,1.0,0.0,1,False,0,0,False
англофобия,N,N;ACC;SG,SEV,англафаби́ѫ,2,1,1.0,0.0,1,False,0,0,False
андрофобия,N,N;ACC;SG,SEV,андрафаби́ѫ,2,1,1.0,0.0,1,False,0,0,False
анемия,N,N;ACC;SG,SEV,а́немиѫ,0,1,1.0,0.0,1,False,0,0,False
анилин,N,N;ACC;SG,SEV,а́нилин,0,1,1.0,0.0,1,False,0,0,False
антропология,N,N;ACC;SG,SEV,антраплаги́ѫ,2,1,1.0,0.0,1,False,0,0,False
аргинин,N,N;ACC;SG,SEV,а́ргинин,0,1,1.0,0.0,1,False,0,0,False
арменология,N,N;ACC;SG,SEV,арменлагиѫ́,1,1,1.0,0.0,1,False,0,0,False
археология,N,N;ACC;SG,SEV,а́рхелагиѫ,0,1,1.0,0.0,1,False,0,0,False
астрономия,N,N;ACC;SG,SEV,астранами́ѫ,2,1,1.0,0.0,1,False,0,0,False
атлетика,N,N;ACC;SG,SEV,а́тлетицѫ,0,1,1.0,0.0,1,False,0,0,False
афелий,N,N;ACC;SG,SEV,афели́,1,1,1.0,0.0,1,False,0,0,False
бабло,N,N;ACC;SG,SEV,ба́бла,0,1,1.0,0.0,1,False,0,0,False
балиториевые,N,N;ACC;SG,SEV,ба́литариевыа,0,1,1.0,0.0,1,False,0,0,False
башли,N,N;ACC;SG,SEV,ба́шлъ,0,1,1.0,0.0,1,False,0,0,False
безбожие,N,N;ACC;SG,SEV,бѣ́збажиа,0,1,1.0,0.0,1,False,0,0,False
безбрачие,N,N;ACC;SG,SEV,бѣ́збрачиа,0,1,1.0,0.0,1,False,0,0,False
безветрие,N,N;ACC;SG,SEV,безветри́а,2,1,1.0,0.0,1,False,0,0,False
безъятие,N,N;ACC;SG,SEV,безъяти́а,2,1,1.0,0.0,1,False,0,0,False
богоматерь,N,N;ACC;SG,SEV,багамате́рь,1,1,1.0,0.0,1,False,0,0,False
братва,N,N;ACC;SG,SEV,братвѫ́,1,1,1.0,0.0,1,False,0,0,False
братия,N,N;ACC;SG,SEV,брати́ѫ,2,1,1.0,0.0,1,False,0,0,False
брачущиеся,N,N;ACC;SG,SEV,брачущие́сѫ,2,1,1.0,0.0,1,False,0,0,False
бритьё,N,N;ACC;SG,SEV,бритьё́,1,1,1.0,0.0,1,False,0,0,False
брызги,N,N;ACC;SG,SEV,бры́зьзъ,0,1,1.0,0.0,1,False,0,0,False
брюхоногие,N,N;ACC;SG,SEV,брю́ханагиа,0,1,1.0,0.0,1,False,0,0,False
буржуазия,N,N;ACC;SG,SEV,буржуазиѫ́,1,1,1.0,0.0,1,False,0,0,False
былое,N,N;ACC;SG,SEV,было́а,2,1,1.0,0.0,1,False,0,0,False
вакуум,N,N;ACC;SG,SEV,ва́куум,0,1,1.0,0.0,1,False,0,0,False
варка,N,N;ACC;SG,SEV,ва́рьцѫ,0,1,1.0,0.0,1,False,0,0,False
вместительность,N,N;ACC;SG,SEV,вместительно́съть,1,1,1.0,0.0,1,False,0,0,False
водоизмещение,N,N;ACC;SG,SEV,вадаизмѣщѣни́а,2,1,1.0,0.0,1,False,0,0,False
войска,N,N;ACC;SG,SEV,во́йсьцѫ,0,1,1.0,0.0,1,False,0,0,False
волапюк,N,N;ACC;SG,SEV,валапю́к,1,1,1.0,0.0,1,False,0,0,False
воротца,N,N;ACC;SG,SEV,вратъцѫ́,1,1,1.0,0.0,1,False,0,0,False
ворофилия,N,N;ACC;SG,SEV,врафили́ѫ,2,1,1.0,0.0,1,False,0,0,False
воск,N,N;ACC;SG,SEV,во́сьцъ,0,1,1.0,0.0,1,False,0,0,False
гальбик,N,N;ACC;SG,SEV,гальби́ц,1,1,1.0,0.0,1,False,0,0,False
гегемония,N,N;ACC;SG,SEV,ге́геманиѫ,0,1,1.0,0.0,1,False,0,0,False
гениталии,N,N;ACC;SG,SEV,генитали́,1,1,1.0,0.0,1,False,0,0,False
глобализация,N,N;ACC;SG,SEV,глабализациѫ́,1,1,1.0,0.0,1,False,0,0,False
глубь,N,N;ACC;SG,SEV,глу́бь,0,1,1.0,0.0,1,False,0,0,False
гнойничок,N,N;ACC;SG,SEV,гнайничо́к,1,1,1.0,0.0,1,False,0,0,False
гнус,N,N;ACC;SG,SEV,гну́с,0,1,1.0,0.0,1,False,0,0,False
грабельки,N,N;ACC;SG,SEV,гра́бѣльцъ,0,1,1.0,0.0,1,False,0,0,False
дальнейшее,N,N;ACC;SG,SEV,дальнѣйшѣо́,1,1,1.0,0.0,1,False,0,0,False
данные,N,N;ACC;SG,SEV,данныо́,1,1,1.0,0.0,1,False,0,0,False
дейтерий,N,N;ACC;SG,SEV,дейтери́,1,1,1.0,0.0,1,False,0,0,False
делирий,N,N;ACC;SG,SEV,де́лири,0,1,1.0,0.0,1,False,0,0,False
джоггинг,N,N;ACC;SG,SEV,джо́ггиньзъ,0,1,1.0,0.0,1,False,0,0,False
джогинг,N,N;ACC;SG,SEV,джаги́ньзъ,1,1,1.0,0.0,1,False,0,0,False
домашние,N,N;ACC;SG,SEV,дамашнио́,1,1,1.0,0.0,1,False,0,0,False
доспехи,N,N;ACC;SG,SEV,до́спех,0,1,1.0,0.0,1,False,0,0,False
древние,N,N;ACC;SG,SEV,древнио́,1,1,1.0,0.0,1,False,0,0,False
древпластики,N,N;ACC;SG,SEV,древпласти́ц,1,1,1.0,0.0,1,False,0,0,False
дрожжи,N,N;ACC;SG,SEV,дро́жъжъ,0,1,1.0,0.0,1,False,0,0,False
жабры,N,N;ACC;SG,SEV,жа́бръ,0,1,1.0,0.0,1,False,0,0,False
жратва,N,N;ACC;SG,SEV,жра́твѫ,0,1,1.0,0.0,1,False,0,0,False
задворки,N,N;ACC;SG,SEV,за́дварьцъ,0,1,1.0,0.0,1,False,0,0,False
заморозки,N,N;ACC;SG,SEV,замра́зьцъ,1,1,1.0,0.0,1,False,0,0,False
зоохория,N,N;ACC;SG,SEV,зо́ахариѫ,0,1,1.0,0.0,1,False,0,0,False
истребление,N,N;ACC;SG,SEV,истребленио́,1,1,1.0,0.0,1,False,0,0,False
иттербий,N,N;ACC;SG,SEV,иттерби́,1,1,1.0,0.0,1,False,0,0,False
кавычки,N,N;ACC;SG,SEV,кавы́чьцъ,1,1,1.0,0.0,1,False,0,0,False
казбек,N,N;ACC;SG,SEV,ка́збек,0,1,1.0,0.0,1,False,0,0,False
кайф,N,N;ACC;SG,SEV,ка́йфъ,0,1,1.0,0.0,1,False,0,0,False
карты,N,N;ACC;SG,SEV,ка́ртъ,0,1,1.0,0.0,1,False,0,0,False
кинза,N,N;ACC;SG,SEV,кинзѫ́,1,1,1.0,0.0,1,False,0,0,False
кожура,N,N;ACC;SG,SEV,кажурѫ́,1,1,1.0,0.0,1,False,0,0,False
корточки,N,N;ACC;SG,SEV,карто́чьцъ,1,1,1.0,0.0,1,False,0,0,False
косьба,N,N;ACC;SG,SEV,ко́сьбѫ,0,1,1.0,0.0,1,False,0,0,False
лицемерие,N,N;ACC;SG,SEV,лицемерио́,1,1,1.0,0.0,1,False,0,0,False
лососёвые,N,N;ACC;SG,SEV,ласасёвыо́,1,1,1.0,0.0,1,False,0,0,False
манатки,N,N;ACC;SG,SEV,ма́натьцъ,0,1,1.0,0.0,1,False,0,0,False
мастурбация,N,N;ACC;SG,SEV,мастурбаци́ѫ,2,1,1.0,0.0,1,False,0,0,False
меркурий,N,N;ACC;SG,SEV,меркури́,1,1,1.0,0.0,1,False,0,0,False
месячные,N,N;ACC;SG,SEV,мѣ́сячныа,0,1,1.0,0.0,1,False,0,0,False
млеко,N,N;ACC;SG,SEV,мле́ка,0,1,1.0,0.0,1,False,0,0,False
молочко,N,N;ACC;SG,SEV,мла́чьца,0,1,1.0,0.0,1,False,0,0,False
монголия,N,N;ACC;SG,SEV,мангалиѫ́,1,1,1.0,0.0,1,False,0,0,False
моногамия,N,N;ACC;SG,SEV,манагамиѫ́,1,1,1.0,0.0,1,False,0,0,False
наличные,N,N;ACC;SG,SEV,наличныо́,1,1,1.0,0.0,1,False,0,0,False
нападки,N,N;ACC;SG,SEV,на́падьцъ,0,1,1.0,0.0,1,False,0,0,False
небытие,N,N;ACC;SG,SEV,нѣбытио́,1,1,1.0,0.0,1,False,0,0,False
неведение,N,N;ACC;SG,SEV,неведени́а,2,1,1.0,0.0,1,False,0,0,False
невиновность,N,N;ACC;SG,SEV,невинавно́съть,1,1,1.0,0.0,1,False,0,0,False
неизбежность,N,N;ACC;SG,SEV,неизбежно́съть,1,1,1.0,0.0,1,False,0,0,False
неизвестность,N,N;ACC;SG,SEV,неизвестно́съть,1,1,1.0,0.0,1,False,0,0,False
носилки,N,N;ACC;SG,SEV,но́сильцъ,0,1,1.0,0.0,1,False,0,0,False
обоснованность,N,N;ACC;SG,SEV,о́баснаваннасъть,0,1,1.0,0.0,1,False,0,0,False
огласка,N,N;ACC;SG,SEV,агла́сьцѫ,2,1,1.0,0.0,1,False,0,0,False
озорство,N,N;ACC;SG,SEV,азарство́,1,1,1.0,0.0,1,False,0,0,False
опаска,N,N;ACC;SG,SEV,о́пасьцѫ,0,1,1.0,0.0,1,False,0,0,False
опий,N,N;ACC;SG,SEV,апи́,1,1,1.0,0.0,1,False,0,0,False
опиум,N,N;ACC;SG,SEV,о́пиум,0,1,1.0,0.0,1,False,0,0,False
осадки,N,N;ACC;SG,SEV,о́садьцъ,0,1,1.0,0.0,1,False,0,0,False
останки,N,N;ACC;SG,SEV,аста́ньцъ,1,1,1.0,0.0,1,False,0,0,False
палеонтология,N,N;ACC;SG,SEV,палеантлаги́ѫ,2,1,1.0,0.0,1,False,0,0,False
паника,N,N;ACC;SG,SEV,па́ницѫ,0,1,1.0,0.0,1,False,0,0,False
патетика,N,N;ACC;SG,SEV,патетицѫ́,1,1,1.0,0.0,1,False,0,0,False
патлы,N,N;ACC;SG,SEV,па́тлъ,0,1,1.0,0.0,1,False,0,0,False
перекати-поле,N,N;ACC;SG,SEV,прѣ́кати-пала,0,1,0.9473684210526316,0.0,1,False,0,0,False
перигелий,N,N;ACC;SG,SEV,пе́ризели,0,1,1.0,0.0,1,False,0,0,False
пессимизм,N,N;ACC;SG,SEV,пессими́змъ,1,1,1.0,0.0,1,False,0,0,False
петанк,N,N;ACC;SG,SEV,пета́ньцъ,1,1,1.0,0.0,1,False,0,0,False
плавни,N,N;ACC;SG,SEV,пла́внъ,0,1,1.0,0.0,1,False,0,0,False
плоскозубцы,N,N;ACC;SG,SEV,пло́сказубъцъ,0,1,1.0,0.0,1,False,0,0,False
подмога,N,N;ACC;SG,SEV,падмагѫ́,1,1,1.0,0.0,1,False,0,0,False
подноготная,N,N;ACC;SG,SEV,паднагатнаѫ́,1,1,1.0,0.0,1,False,0,0,False
подоплёка,N,N;ACC;SG,SEV,по́даплёкѫ,0,1,1.0,0.0,1,False,0,0,False
позёрство,N,N;ACC;SG,SEV,пазё́рства,2,1,1.0,0.0,1,False,0,0,False
полминуты,N,N;ACC;SG,SEV,палмину́т,1,1,1.0,0.0,1,False,0,0,False
посиделки,N,N;ACC;SG,SEV,пасиде́льцъ,1,1,1.0,0.0,1,False,0,0,False
посредство,N,N;ACC;SG,SEV,пасрѣдство́,1,1,1.0,0.0,1,False,0,0,False
постоянство,N,N;ACC;SG,SEV,пастая́нства,2,1,1.0,0.0,1,False,0,0,False
потроха,N,N;ACC;SG,SEV,патрахѫ́,1,1,1.0,0.0,1,False,0,0,False
почитание,N,N;ACC;SG,SEV,по́читаниа,0,1,1.0,0.0,1,False,0,0,False
предыстория,N,N;ACC;SG,SEV,прѣдыстариѫ́,1,1,1.0,0.0,1,False,0,0,False
протестантство,N,N;ACC;SG,SEV,про́тестантства,0,1,1.0,0.0,1,False,0,0,False
путинизм,N,N;ACC;SG,SEV,пу́тинизмъ,0,1,1.0,0.0,1,False,0,0,False
раскопки,N,N;ACC;SG,SEV,ра́скапьцъ,0,1,1.0,0.0,1,False,0,0,False
реалии,N,N;ACC;SG,SEV,реали́,1,1,1.0,0.0,1,False,0,0,False
ребятишки,N,N;ACC;SG,SEV,ребяти́шьцъ,1,1,1.0,0.0,1,False,0,0,False
ребятки,N,N;ACC;SG,SEV,ре́бятьцъ,0,1,1.0,0.0,1,False,0,0,False
рейтузы,N,N;ACC;SG,SEV,рейту́з,1,1,1.0,0.0,1,False,0,0,False
решительность,N,N;ACC;SG,SEV,решительно́съть,1,1,1.0,0.0,1,False,0,0,False
роскошь,N,N;ACC;SG,SEV,ро́скашь,0,1,1.0,0.0,1,False,0,0,False
роуминг,N,N;ACC;SG,SEV,рауми́ньзъ,1,1,1.0,0.0,1,False,0,0,False
саентология,N,N;ACC;SG,SEV,саѣнтлагиѫ́,1,1,1.0,0.0,1,False,0,0,False
сани,N,N;ACC;SG,SEV,са́н,0,1,1.0,0.0,1,False,0,0,False
сан,N,N;ACC;SG,SEV,са́н,0,1,1.0,0.0,1,False,0,0,False
сатурналии,N,N;ACC;SG,SEV,са́турнали,0,1,1.0,0.0,1,False,0,0,False
сватовство,N,N;ACC;SG,SEV,сва́тавства,0,1,1.0,0.0,1,False,0,0,False
селенология,N,N;ACC;SG,SEV,се́ленлагиѫ,0,1,1.0,0.0,1,False,0,0,False
сёрфинг,N,N;ACC;SG,SEV,сё́рфиньзъ,0,1,1.0,0.0,1,False,0,0,False
сиги,N,N;ACC;SG,SEV,си́з,0,1,1.0,0.0,1,False,0,0,False
сиговые,N,N;ACC;SG,SEV,сизавы́а,2,1,1.0,0.0,1,False,0,0,False
синология,N,N;ACC;SG,SEV,си́нлагиѫ,0,1,1.0,0.0,1,False,0,0,False
славистика,N,N;ACC;SG,SEV,сла́вистицѫ,0,1,1.0,0.0,1,False,0,0,False
слухи,N,N;ACC;SG,SEV,слу́х,0,1,1.0,0.0,1,False,0,0,False
смага,N,N;ACC;SG,SEV,смагѫ́,1,1,1.0,0.0,1,False,0,0,False
смерш,N,N;ACC;SG,SEV,сме́ршъ,0,1,1.0,0.0,1,False,0,0,False
смехуёчки,N,N;ACC;SG,SEV,смехуё́чьцъ,1,1,1.0,0.0,1,False,0,0,False
совдепия,N,N;ACC;SG,SEV,со́вдепиѫ,0,1,1.0,0.0,1,False,0,0,False
сожитие,N,N;ACC;SG,SEV,сажити́а,2,1,1.0,0.0,1,False,0,0,False
созидание,N,N;ACC;SG,SEV,со́зиданиа,0,1,1.0,0.0,1,False,0,0,False
сомовые,N,N;ACC;SG,SEV,самавыо́,1,1,1.0,0.0,1,False,0,0,False
сообразительность,N,N;ACC;SG,SEV,саабразительно́съть,1,1,1.0,0.0,1,False,0,0,False
спазмотология,N,N;ACC;SG,SEV,спа́зматлагиѫ,0,1,1.0,0.0,1,False,0,0,False
спам,N,N;ACC;SG,SEV,спа́м,0,1,1.0,0.0,1,False,0,0,False
спеллинг,N,N;ACC;SG,SEV,спѣ́ллиньзъ,0,1,1.0,0.0,1,False,0,0,False
специфичность,N,N;ACC;SG,SEV,специфично́съть,1,1,1.0,0.0,1,False,0,0,False
спиртное,N,N;ACC;SG,SEV,спи́ртнаа,0,1,1.0,0.0,1,False,0,0,False
срам,N,N;ACC;SG,SEV,сра́м,0,1,1.0,0.0,1,False,0,0,False
стибиум,N,N;ACC;SG,SEV,сти́биум,0,1,1.0,0.0,1,False,0,0,False
счетоводство,N,N;ACC;SG,SEV,счетавадство́,1,1,1.0,0.0,1,False,0,0,False
тайга,N,N;ACC;SG,SEV,та́йьзѫ,0,1,1.0,0.0,1,False,0,0,False
тапочки,N,N;ACC;SG,SEV,та́пачьцъ,0,1,1.0,0.0,1,False,0,0,False
теология,N,N;ACC;SG,SEV,телагиѫ́,1,1,1.0,0.0,1,False,0,0,False
теософия,N,N;ACC;SG,SEV,теасафи́ѫ,2,1,1.0,0.0,1,False,0,0,False
требуха,N,N;ACC;SG,SEV,требухѫ́,1,1,1.0,0.0,1,False,0,0,False
тресковые,N,N;ACC;SG,SEV,тре́скавыа,0,1,1.0,0.0,1,False,0,0,False
трибология,N,N;ACC;SG,SEV,три́благиѫ,0,1,1.0,0.0,1,False,0,0,False
триктрак,N,N;ACC;SG,SEV,три́цтрак,0,1,1.0,0.0,1,False,0,0,False
трусики,N,N;ACC;SG,SEV,тру́сиц,0,1,1.0,0.0,1,False,0,0,False
унбибий,N,N;ACC;SG,SEV,у́нбиби,0,1,1.0,0.0,1,False,0,0,False
унбитрий,N,N;ACC;SG,SEV,унбитри́,1,1,1.0,0.0,1,False,0,0,False
унунбий,N,N;ACC;SG,SEV,унунби́,1,1,1.0,0.0,1,False,0,0,False
унунтрий,N,N;ACC;SG,SEV,у́нунтри,0,1,1.0,0.0,1,False,0,0,False
урология,N,N;ACC;SG,SEV,урлагиѫ́,1,1,1.0,0.0,1,False,0,0,False
устилка,N,N;ACC;SG,SEV,устильцѫ́,1,1,1.0,0.0,1,False,0,0,False
фекалии,N,N;ACC;SG,SEV,фѣкали́,1,1,1.0,0.0,1,False,0,0,False
фелляция,N,N;ACC;SG,SEV,фелляци́ѫ,2,1,1.0,0.0,1,False,0,0,False
физкультура,N,N;ACC;SG,SEV,физкультурѫ́,1,1,1.0,0.0,1,False,0,0,False
фольга,N,N;ACC;SG,SEV,фо́льзѫ,0,1,1.0,0.0,1,False,0,0,False
фонология,N,N;ACC;SG,SEV,фо́нлагиѫ,0,1,1.0,0.0,1,False,0,0,False
фтизиатрия,N,N;ACC;SG,SEV,фтизиатриѫ́,1,1,1.0,0.0,1,False,0,0,False
фусха,N,N;ACC;SG,SEV,фу́сьсѫ,0,1,1.0,0.0,1,False,0,0,False
хамса,N,N;ACC;SG,SEV,хамсѫ́,1,1,1.0,0.0,1,False,0,0,False
худо,N,N;ACC;SG,SEV,ху́да,0,1,1.0,0.0,1,False,0,0,False
шаверма,N,N;ACC;SG,SEV,шаве́рмѫ,2,1,1.0,0.0,1,False,0,0,False
шарм,N,N;ACC;SG,SEV,ша́рмъ,0,1,1.0,0.0,1,False,0,0,False
шик,N,N;ACC;SG,SEV,ши́ц,0,1,1.0,0.0,1,False,0,0,False
шпана,N,N;ACC;SG,SEV,шпа́нѫ,0,1,1.0,0.0,1,False,0,0,False
эйфория,N,N;ACC;SG,SEV,э́йфариѫ,0,1,1.0,0.0,1,False,0,0,False
экспрессия,N,N;ACC;SG,SEV,экспрессиѫ́,1,1,1.0,0.0,1,False,0,0,False
эпилепсия,N,N;ACC;SG,SEV,эпилепсиѫ́,1,1,1.0,0.0,1,False,0,0,False
языкознание,N,N;ACC;SG,SEV,я́зыказнаниа,0,1,1.0,0.0,1,False,0,0,False
датский,N,N;ACC;SG,SEV,датски́,1,1,1.0,0.0,1,False,0,0,False
древневерхненемецкий,N,N;ACC;SG,SEV,дре́вневерхненемецки,0,1,1.0,0.0,1,False,0,0,False
норвежский,N,N;ACC;SG,SEV,нарвежски́,1,1,1.0,0.0,1,False,0,0,False
персидский,N,N;ACC;SG,SEV,персидски́,1,1,1.0,0.0,1,False,0,0,False
полицейский,N,N;ACC;SG,SEV,по́лицейски,0,1,1.0,0.0,1,False,0,0,False
сиживать,V,V;PRS;3;SG,SEV,сиживаи́ть,1,1,1.0,0.0,1,False,0,0,False
слыхивать,V,V;PRS;3;SG,SEV,слыхива́ть,1,1,1.0,0.0,1,False,0,0,False
услыхать,V,V;PRS;3;SG,SEV,услыха́ить,2,1,1.0,0.0,1,False,0,0,False
виднеться,V,V;PRS;3;SG,SEV,видне́ить,2,1,0.9090909090909091,0.0,1,False,0,0,False
полдороги,N,N;ACC;SG,SEV,палдра́г,1,1,1.0,0.0,1,False,0,0,False
почудиться,V,V;PRS;3;SG,SEV,пачуди́ть,1,1,1.0,0.0,1,False,0,0,False
твориться,V,V;PRS;3;SG,SEV,твари́еть,2,1,0.9090909090909091,0.0,1,False,0,0,False
тошнить,V,V;PRS;3;SG,SEV,то́шнить,0,1,1.0,0.0,1,False,0,0,False
хотеться,V,V;PRS;3;SG,SEV,хатѣи́ть,1,1,0.8888888888888888,0.0,1,False,0,0,False
недостать,V,V;PRS;3;SG,SEV,недаста́еть,2,1,1.0,0.0,1,False,0,0,False
смеркнуться,V,V;PRS;3;SG,SEV,смѣркнуи́ть,1,1,0.9333333333333332,0.0,1,False,0,0,False
разок,N,N;ACC;SG,SEV,разо́к,1,1,1.0,0.0,1,False,0,0,False
