id,form_vvz
0,чѣ́рни
1,xxx
2,xxx
3,xxx
4,агва́нсьцаыи
5,xxx
6,xxx
7,xxx
8,xxx
9,xxx
10,xxx
11,xxx
12,xxx
13,xxx
14,xxx
15,xxx
16,xxx
17,а́мхарсьцъ
18,xxx
19,xxx
20,xxx
21,xxx
22,xxx
23,xxx
24,xxx
25,xxx
26,xxx
27,xxx
28,арчи́нсьцамьыи
29,xxx
30,а́рчинсьци
31,xxx
32,xxx
33,xxx
34,xxx
35,xxx
36,а́таяльсьцъыи
37,xxx
38,xxx
39,xxx
40,xxx
41,ба́шкирсьцамь
42,бенга́льсьцаыи
43,xxx
44,xxx
45,xxx
46,xxx
47,xxx
48,xxx
49,xxx
50,xxx
51,xxx
52,xxx
53,xxx
54,xxx
55,xxx
56,xxx
57,бо́льничнаыи
58,xxx
59,xxx
60,xxx
61,xxx
62,xxx
63,валло́нсьци
64,xxx
65,вахтенны́ии
66,xxx
67,xxx
68,xxx
69,xxx
70,xxx
71,xxx
72,xxx
73,xxx
74,xxx
75,xxx
76,xxx
77,xxx
78,xxx
79,xxx
80,xxx
81,ве́рхави
82,ве́рхавиии
83,верхаво́мъии
84,верхавы́
85,вадя́н
86,вадяно́мь
87,xxx
88,xxx
89,xxx
90,xxx
91,xxx
92,xxx
93,xxx
94,xxx
95,xxx
96,xxx
97,xxx
98,xxx
99,xxx
100,xxx
101,xxx
102,xxx
103,xxx
104,xxx
105,xxx
106,xxx
107,xxx
108,xxx
109,xxx
110,xxx
111,xxx
112,данакильсьцъы́и
113,xxx
114,xxx
115,xxx
116,xxx
117,xxx
118,дамо́в
119,xxx
120,xxx
121,xxx
122,xxx
123,xxx
124,xxx
125,xxx
126,xxx
127,xxx
128,xxx
129,xxx
130,дре́внегречесьца
131,дре́внегречесьцамьыи
132,xxx
133,xxx
134,xxx
135,xxx
136,xxx
137,е́гипетсьци
138,xxx
139,xxx
140,xxx
141,и́сландсьцамьыи
142,xxx
143,xxx
144,xxx
145,xxx
146,xxx
147,xxx
148,xxx
149,xxx
150,xxx
151,кама́нчсьцамъ
152,xxx
153,xxx
154,xxx
155,xxx
156,xxx
157,камо́рсьцѣхъии
158,каридарнъы́и
159,кастро́мсьцуыи
160,xxx
161,xxx
162,xxx
163,xxx
164,xxx
165,xxx
166,xxx
167,xxx
168,xxx
169,xxx
170,xxx
171,xxx
172,xxx
173,xxx
174,xxx
175,xxx
176,xxx
177,xxx
178,xxx
179,xxx
180,xxx
181,xxx
182,xxx
183,xxx
184,xxx
185,xxx
186,xxx
187,xxx
188,на́чинающѣ
189,xxx
190,xxx
191,xxx
192,xxx
193,xxx
194,xxx
195,xxx
196,xxx
197,xxx
198,xxx
199,xxx
200,xxx
201,xxx
202,xxx
203,xxx
204,xxx
205,xxx
206,xxx
207,xxx
208,xxx
209,xxx
210,но́враждённуыи
211,xxx
212,но́враждённѣыи
213,навраждённы́
214,па́трульнъ
215,xxx
216,xxx
217,пе́вчуыи
218,xxx
219,xxx
220,xxx
221,пе́вчъ
222,пе́вчамъ
223,xxx
224,xxx
225,xxx
226,xxx
227,xxx
228,xxx
229,xxx
230,xxx
231,xxx
232,xxx
233,xxx
234,xxx
235,xxx
236,xxx
237,xxx
238,xxx
239,xxx
240,xxx
241,xxx
242,при́зывни
243,xxx
244,xxx
245,xxx
246,xxx
247,xxx
248,xxx
249,xxx
250,xxx
251,xxx
252,xxx
253,xxx
254,xxx
255,xxx
256,xxx
257,xxx
258,xxx
259,xxx
260,xxx
261,xxx
262,xxx
263,xxx
264,xxx
265,xxx
266,xxx
267,xxx
268,xxx
269,xxx
270,xxx
271,xxx
272,xxx
273,со́тавыии
274,xxx
275,спя́щаыи
276,xxx
277,xxx
278,xxx
279,та́джицсьцаыи
280,та́джицсьцѣ
281,та́мильсьцѣ
282,тами́льсьцъии
283,xxx
284,тамильсьци́ии
285,xxx
286,xxx
287,тата́рсьцамъ
288,xxx
289,xxx
290,xxx
291,фа́рерсьциии
292,фа́рерсьцъии
293,фа́рерсьцамъ
294,фарерсьци́
295,фарёрсьца́
296,xxx
297,xxx
298,xxx
299,xxx
300,xxx
301,xxx
302,xxx
303,xxx
304,xxx
305,xxx
306,xxx
307,xxx
308,xxx
309,xxx
310,xxx
311,xxx
312,xxx
313,xxx
314,xxx
315,xxx
316,xxx
317,xxx
318,xxx
319,xxx
320,xxx
321,xxx
322,xxx
323,xxx
324,xxx
325,штабно́мъии
326,xxx
327,xxx
328,xxx
329,э́стансьцъыи
330,xxx
331,xxx
332,xxx
333,а́беррантнамь
334,аберра́нтнамъии
335,xxx
336,xxx
337,xxx
338,xxx
339,xxx
340,xxx
341,xxx
342,а́блятивнъии
343,xxx
344,xxx
345,xxx
346,абане́нтну
347,xxx
348,а́бардажнъыи
349,xxx
350,xxx
351,xxx
352,xxx
353,xxx
354,xxx
355,абарти́внъ
356,абарти́внъыи
357,xxx
358,xxx
359,xxx
360,а́бразивниии
361,xxx
362,xxx
363,xxx
364,абразивно́мъии
365,а́бразивнѣхъии
366,xxx
367,xxx
368,а́бсалютнъыи
369,абсалютны́
370,абсалютны́ии
371,xxx
372,xxx
373,xxx
374,абсарбти́внамъии
375,xxx
376,xxx
377,xxx
378,xxx
379,xxx
380,xxx
381,xxx
382,xxx
383,xxx
384,xxx
385,xxx
386,xxx
387,xxx
388,xxx
389,а́бстинентныии
390,абстра́ктнъыи
391,xxx
392,xxx
393,xxx
394,xxx
395,xxx
396,xxx
397,абсу́рднъ
398,xxx
399,xxx
400,xxx
401,xxx
402,xxx
403,xxx
404,xxx
405,xxx
406,авантюрнъы́и
407,xxx
408,xxx
409,xxx
410,xxx
411,xxx
412,xxx
413,xxx
414,xxx
415,xxx
416,xxx
417,xxx
418,xxx
419,xxx
420,xxx
421,xxx
422,а́втаматизираваннамъии
423,xxx
424,xxx
425,xxx
426,xxx
427,xxx
428,xxx
429,xxx
430,xxx
431,xxx
432,xxx
433,а́втаматны
434,xxx
435,xxx
436,xxx
437,xxx
438,xxx
439,xxx
440,xxx
441,xxx
442,xxx
443,xxx
444,xxx
445,xxx
446,xxx
447,xxx
448,xxx
449,xxx
450,xxx
451,xxx
452,xxx
453,xxx
454,xxx
455,xxx
456,адаптирава́ннаыи
457,xxx
458,xxx
459,xxx
460,xxx
461,xxx
462,xxx
463,xxx
464,xxx
465,xxx
466,xxx
467,xxx
468,xxx
469,xxx
470,xxx
471,xxx
472,xxx
473,адеква́тнъ
474,а́декватнѣыи
475,адекватни́ии
476,xxx
477,xxx
478,xxx
479,xxx
480,xxx
481,xxx
482,xxx
483,xxx
484,xxx
485,xxx
486,xxx
487,xxx
488,xxx
489,xxx
490,xxx
491,а́ктивнъыи
492,xxx
493,xxx
494,xxx
495,xxx
496,xxx
497,xxx
498,xxx
499,xxx
500,xxx
501,xxx
502,xxx
503,xxx
504,xxx
505,xxx
506,xxx
507,xxx
508,xxx
509,xxx
510,xxx
511,xxx
512,xxx
513,xxx
514,xxx
515,а́лмазни
516,алма́зныии
517,xxx
518,xxx
519,xxx
520,xxx
521,xxx
522,xxx
523,xxx
524,xxx
525,xxx
526,xxx
527,xxx
528,xxx
529,xxx
530,xxx
531,xxx
532,амара́льнъ
533,амарально́мъии
534,xxx
535,а́маральнѣхъ
536,xxx
537,xxx
538,xxx
539,амо́рфнѣхъии
540,анадрамнъи́и
541,xxx
542,xxx
543,xxx
544,xxx
545,xxx
546,xxx
547,xxx
548,xxx
549,xxx
550,xxx
551,xxx
552,xxx
553,xxx
554,xxx
555,xxx
556,xxx
557,xxx
558,xxx
559,xxx
560,xxx
561,xxx
562,xxx
563,xxx
564,xxx
565,анамальнѣ́хъии
566,xxx
567,xxx
568,xxx
569,xxx
570,xxx
571,антицварны́
572,xxx
573,xxx
574,xxx
575,xxx
576,xxx
577,а́нтичнъии
578,xxx
579,xxx
580,xxx
581,черно́вѣыи
582,xxx
583,xxx
584,антрапамо́рфнамъии
585,а́нтрапамарфны
586,xxx
587,xxx
588,xxx
589,xxx
590,апатичнѣ́хъии
591,xxx
592,xxx
593,а́приарнамъии
594,xxx
595,xxx
596,xxx
597,xxx
598,xxx
599,xxx
600,xxx
601,xxx
602,xxx
603,xxx
604,xxx
605,xxx
606,xxx
607,xxx
608,xxx
609,xxx
610,xxx
611,xxx
612,xxx
613,xxx
614,xxx
615,xxx
616,xxx
617,xxx
618,а́симметричниии
619,xxx
620,асимметричны́
621,xxx
622,xxx
623,xxx
624,xxx
625,xxx
626,xxx
627,xxx
628,аскѣти́чнъ
629,xxx
630,xxx
631,xxx
632,xxx
633,xxx
634,xxx
635,xxx
636,а́стральну
637,астра́льныии
638,аутѣнти́чнъ
639,xxx
640,а́утѣнтичнъ
641,аутѣнтичны́ии
642,xxx
643,xxx
644,xxx
645,xxx
646,xxx
647,xxx
648,xxx
649,xxx
650,а́эранавизацианнѣыи
651,xxx
652,xxx
653,xxx
654,а́эранавизацианны
655,а́эранавизацианнѣхъ
656,баграви́
657,багро́выии
658,база́льнамьыи
659,базальнъи́и
660,xxx
661,xxx
662,xxx
663,xxx
664,xxx
665,xxx
666,ба́нальнѣыи
667,xxx
668,xxx
669,xxx
670,xxx
671,xxx
672,xxx
673,бархатно́мьыи
674,xxx
675,бархатны́
676,xxx
677,xxx
678,xxx
679,xxx
680,xxx
681,xxx
682,xxx
683,xxx
684,бе́дниии
685,xxx
686,xxx
687,xxx
688,xxx
689,xxx
690,xxx
691,бе́збрежнъыи
692,xxx
693,xxx
694,безве́стнъ
695,безве́стнъии
696,xxx
697,бе́звазвратнуыи
698,бе́звазмездна
699,xxx
700,xxx
701,xxx
702,xxx
703,xxx
704,xxx
705,xxx
706,xxx
707,xxx
708,xxx
709,бе́звальны
710,xxx
711,xxx
712,xxx
713,xxx
714,безграматно́мьыи
715,xxx
716,xxx
717,xxx
718,xxx
719,бѣ́зграничныии
720,xxx
721,бѣ́здарнѣыи
722,xxx
723,xxx
724,xxx
725,xxx
726,xxx
727,xxx
728,xxx
729,xxx
730,xxx
731,xxx
732,xxx
733,бе́здушнѣыи
734,xxx
735,xxx
736,xxx
737,xxx
738,xxx
739,xxx
740,xxx
741,безжаластна́
742,xxx
743,xxx
744,xxx
745,xxx
746,xxx
747,xxx
748,xxx
749,xxx
750,xxx
751,xxx
752,безжизненнъи́и
753,xxx
754,xxx
755,беззабо́тнуыи
756,xxx
757,xxx
758,бе́ззабатнамъ
759,xxx
760,xxx
761,xxx
762,xxx
763,бе́ззаветнѣыи
764,бѣ́ззащитну
765,бѣ́ззащитнѣыи
766,бѣззащи́тнамъ
767,xxx
768,xxx
769,xxx
770,xxx
771,xxx
772,xxx
773,xxx
774,xxx
775,xxx
776,xxx
777,xxx
778,xxx
779,бе́злицѣхъ
780,xxx
781,xxx
782,xxx
783,xxx
784,xxx
785,безмернѣ́
786,xxx
787,безмалвно́мь
788,xxx
789,xxx
790,xxx
791,xxx
792,xxx
793,xxx
794,xxx
795,безмятежнѣ́
796,xxx
797,xxx
798,безмяте́жны
799,xxx
800,xxx
801,xxx
802,xxx
803,xxx
804,xxx
805,xxx
806,xxx
807,xxx
808,xxx
809,безаби́дна
810,xxx
811,xxx
812,xxx
813,бѣ́заблачнѣыи
814,xxx
815,xxx
816,xxx
817,xxx
818,xxx
819,бе́запаснуыи
820,xxx
821,xxx
822,xxx
823,xxx
824,бе́заснавательнамъии
825,бѣ́затказну
826,xxx
827,безатраднъи́и
828,xxx
829,бе́зашибачнъыи
830,безашибачны́
831,xxx
832,xxx
833,xxx
834,xxx
835,бе́зразличнаыи
836,xxx
837,xxx
838,xxx
839,xxx
840,xxx
841,xxx
842,xxx
843,безрассудно́мъ
844,бе́зрассуднѣхъ
845,xxx
846,xxx
847,xxx
848,безру́к
849,бе́зрук
850,xxx
851,xxx
852,xxx
853,бе́зудержнъ
854,xxx
855,xxx
856,xxx
857,безудержны́
858,xxx
859,xxx
860,xxx
861,xxx
862,xxx
863,безупречнъы́и
864,безусло́вныии
865,xxx
866,xxx
867,xxx
868,безысхо́днамъии
869,xxx
870,xxx
871,xxx
872,xxx
873,xxx
874,xxx
875,xxx
876,xxx
877,xxx
878,xxx
879,xxx
880,xxx
881,xxx
882,xxx
883,xxx
884,xxx
885,бѣлакуръы́и
886,бе́ласнежнѣхъ
887,xxx
888,брѣ́жлива
889,xxx
890,брѣжливы́ии
891,брѣме́ннамь
892,xxx
893,xxx
894,xxx
895,бе́сканечнѣ
896,xxx
897,xxx
898,xxx
899,бе́скарыстнаыи
900,xxx
901,xxx
902,xxx
903,xxx
904,xxx
905,xxx
906,xxx
907,xxx
908,бе́скравнаыи
909,xxx
910,xxx
911,xxx
912,xxx
913,xxx
914,xxx
915,xxx
916,xxx
917,xxx
918,xxx
919,бесплатны́ии
920,xxx
921,xxx
922,xxx
923,бе́сплатнамь
924,xxx
925,xxx
926,xxx
927,беспакайнъы́и
928,xxx
929,xxx
930,xxx
931,xxx
932,беспале́знъ
933,xxx
934,xxx
935,xxx
936,xxx
937,xxx
938,xxx
939,xxx
940,xxx
941,бѣспамо́щны
942,xxx
943,xxx
944,беспарядачно́мьыи
945,xxx
946,xxx
947,xxx
948,xxx
949,xxx
950,xxx
951,xxx
952,xxx
953,бѣспрѣдѣ́льнъыи
954,бѣспрѣдѣльно́мъии
955,xxx
956,xxx
957,xxx
958,xxx
959,xxx
960,xxx
961,xxx
962,xxx
963,xxx
964,xxx
965,беспристра́стни
966,xxx
967,xxx
968,бессильну́
969,xxx
970,бесследна́
971,xxx
972,xxx
973,xxx
974,xxx
975,бѣсславѣсни́ии
976,бессмертна́ыи
977,бе́ссмертнамь
978,xxx
979,xxx
980,xxx
981,бессмысленна́
982,xxx
983,бессмысленнѣ́
984,xxx
985,xxx
986,xxx
987,xxx
988,xxx
989,xxx
990,xxx
991,xxx
992,бе́ссазнательнаыи
993,xxx
994,xxx
995,xxx
996,xxx
997,xxx
998,xxx
999,xxx
1000,xxx
1001,бессро́чнъ
1002,бе́ссрачнѣ
1003,бе́ссрачнамъии
1004,xxx
1005,xxx
1006,xxx
1007,xxx
1008,бесстра́шнъ
1009,xxx
1010,бесстрашны́
1011,бессты́днуыи
1012,бессты́дныии
1013,бессты́дныии
1014,xxx
1015,xxx
1016,xxx
1017,xxx
1018,xxx
1019,xxx
1020,xxx
1021,xxx
1022,xxx
1023,бесфарме́ннаыи
1024,xxx
1025,xxx
1026,xxx
1027,xxx
1028,xxx
1029,xxx
1030,xxx
1031,xxx
1032,бе́сценнъыи
1033,xxx
1034,xxx
1035,xxx
1036,xxx
1037,xxx
1038,xxx
1039,xxx
1040,xxx
1041,бесчисле́ннамъии
1042,бесчисле́ннѣхъии
1043,бесчувственну́
1044,xxx
1045,xxx
1046,xxx
1047,бесшабашнъи́и
1048,xxx
1049,xxx
1050,xxx
1051,xxx
1052,xxx
1053,xxx
1054,xxx
1055,бе́шены
1056,xxx
1057,xxx
1058,би́нарнъ
1059,xxx
1060,благаво́ннъ
1061,xxx
1062,благадарни́
1063,xxx
1064,xxx
1065,xxx
1066,бла́гадарственнъии
1067,xxx
1068,благадарстве́нныии
1069,xxx
1070,xxx
1071,xxx
1072,xxx
1073,xxx
1074,бла́гадатнѣхъии
1075,бла́галепнъ
1076,xxx
1077,xxx
1078,xxx
1079,xxx
1080,благалепны́
1081,xxx
1082,благаабразнѣ́хъии
1083,xxx
1084,xxx
1085,xxx
1086,xxx
1087,xxx
1088,xxx
1089,xxx
1090,xxx
1091,благаприя́тнамь
1092,xxx
1093,xxx
1094,благаприятны́ии
1095,бла́градниии
1096,бла́градныии
1097,бла́гаскланнаыи
1098,благаскло́ннѣхъ
1099,xxx
1100,бла́гаславеннѣ
1101,xxx
1102,xxx
1103,xxx
1104,xxx
1105,xxx
1106,благаславе́нны
1107,бла́гастна
1108,xxx
1109,благатварно́мъ
1110,xxx
1111,xxx
1112,xxx
1113,xxx
1114,xxx
1115,xxx
1116,xxx
1117,xxx
1118,xxx
1119,xxx
1120,xxx
1121,xxx
1122,блаже́нныии
1123,xxx
1124,xxx
1125,блѣдну́ыи
1126,xxx
1127,xxx
1128,xxx
1129,xxx
1130,xxx
1131,xxx
1132,блё́клыии
1133,блё́клы
1134,xxx
1135,xxx
1136,xxx
1137,xxx
1138,xxx
1139,xxx
1140,xxx
1141,xxx
1142,xxx
1143,xxx
1144,xxx
1145,близару́каыи
1146,xxx
1147,xxx
1148,xxx
1149,xxx
1150,xxx
1151,xxx
1152,xxx
1153,блу́днамъии
1154,баге́мнъии
1155,xxx
1156,xxx
1157,xxx
1158,xxx
1159,xxx
1160,байцо́в
1161,байцавѣ́
1162,xxx
1163,бо́лезненнъыи
1164,xxx
1165,xxx
1166,xxx
1167,xxx
1168,xxx
1169,xxx
1170,бла́тнъии
1171,xxx
1172,xxx
1173,xxx
1174,xxx
1175,xxx
1176,бальшегру́знъ
1177,бо́льшегрузнамъ
1178,xxx
1179,бальшеру́киии
1180,xxx
1181,xxx
1182,бо́льшерукѣхъ
1183,бо́мбардиравачнъ
1184,бамбардираво́чни
1185,xxx
1186,xxx
1187,xxx
1188,бо́рдав
1189,xxx
1190,xxx
1191,бардо́вѣхъ
1192,xxx
1193,xxx
1194,xxx
1195,xxx
1196,xxx
1197,xxx
1198,xxx
1199,xxx
1200,xxx
1201,xxx
1202,xxx
1203,xxx
1204,xxx
1205,xxx
1206,xxx
1207,xxx
1208,xxx
1209,xxx
1210,xxx
1211,xxx
1212,xxx
1213,xxx
1214,xxx
1215,xxx
1216,xxx
1217,xxx
1218,xxx
1219,xxx
1220,xxx
1221,xxx
1222,xxx
1223,xxx
1224,xxx
1225,xxx
1226,xxx
1227,xxx
1228,xxx
1229,xxx
1230,xxx
1231,xxx
1232,xxx
1233,xxx
1234,xxx
1235,xxx
1236,xxx
1237,xxx
1238,xxx
1239,xxx
1240,xxx
1241,xxx
1242,бре́дава
1243,бре́давѣхъ
1244,бре́давѣхъии
1245,бре́згливу
1246,брезгливу́ыи
1247,xxx
1248,xxx
1249,бре́згливѣхъ
1250,бре́ннъ
1251,xxx
1252,xxx
1253,xxx
1254,xxx
1255,бре́ннамъ
1256,xxx
1257,xxx
1258,xxx
1259,xxx
1260,xxx
1261,xxx
1262,xxx
1263,xxx
1264,xxx
1265,xxx
1266,xxx
1267,xxx
1268,xxx
1269,xxx
1270,xxx
1271,xxx
1272,xxx
1273,бро́дяча
1274,брадячъы́и
1275,бро́небайну
1276,xxx
1277,xxx
1278,брута́льни
1279,xxx
1280,xxx
1281,xxx
1282,xxx
1283,xxx
1284,xxx
1285,xxx
1286,xxx
1287,xxx
1288,буквальна́
1289,xxx
1290,xxx
1291,xxx
1292,о́страугальнѣыи
1293,xxx
1294,xxx
1295,xxx
1296,буржуазна́ыи
1297,xxx
1298,xxx
1299,буржуазно́мъ
1300,xxx
1301,xxx
1302,бурава́тамь
1303,xxx
1304,бы́страмь
1305,бы́страмъии
1306,xxx
1307,xxx
1308,xxx
1309,xxx
1310,xxx
1311,xxx
1312,xxx
1313,xxx
1314,вдахнавенну́ыи
1315,xxx
1316,вду́мчивѣ
1317,xxx
1318,xxx
1319,xxx
1320,xxx
1321,xxx
1322,xxx
1323,ве́ераабразнамьыи
1324,xxx
1325,xxx
1326,xxx
1327,xxx
1328,xxx
1329,xxx
1330,xxx
1331,xxx
1332,xxx
1333,xxx
1334,xxx
1335,xxx
1336,xxx
1337,xxx
1338,xxx
1339,xxx
1340,xxx
1341,xxx
1342,xxx
1343,xxx
1344,xxx
1345,xxx
1346,xxx
1347,xxx
1348,xxx
1349,xxx
1350,xxx
1351,xxx
1352,xxx
1353,xxx
1354,xxx
1355,xxx
1356,xxx
1357,xxx
1358,xxx
1359,xxx
1360,величавъы́и
1361,велича́вамь
1362,xxx
1363,xxx
1364,xxx
1365,xxx
1366,врѣ́тенаабразнамьыи
1367,xxx
1368,ве́рнѣ
1369,xxx
1370,ве́рныии
1371,xxx
1372,ве́раятнъ
1373,xxx
1374,вераятнѣ́
1375,xxx
1376,ве́раятныии
1377,xxx
1378,ве́рхавнъ
1379,ве́рхавнамьыи
1380,xxx
1381,xxx
1382,xxx
1383,xxx
1384,ве́сёлыии
1385,xxx
1386,xxx
1387,xxx
1388,xxx
1389,xxx
1390,xxx
1391,xxx
1392,вѣслано́гаыи
1393,xxx
1394,xxx
1395,xxx
1396,ве́снушчати
1397,xxx
1398,xxx
1399,xxx
1400,xxx
1401,xxx
1402,xxx
1403,ве́чна
1404,xxx
1405,xxx
1406,xxx
1407,xxx
1408,xxx
1409,xxx
1410,xxx
1411,xxx
1412,взаимну́
1413,xxx
1414,xxx
1415,xxx
1416,xxx
1417,xxx
1418,xxx
1419,xxx
1420,xxx
1421,xxx
1422,xxx
1423,xxx
1424,xxx
1425,xxx
1426,xxx
1427,взаимасвязаннъи́и
1428,xxx
1429,xxx
1430,xxx
1431,xxx
1432,взвалнаваннѣ́хъии
1433,xxx
1434,xxx
1435,xxx
1436,xxx
1437,xxx
1438,xxx
1439,xxx
1440,xxx
1441,взя́т
1442,xxx
1443,xxx
1444,xxx
1445,xxx
1446,xxx
1447,видима́ыи
1448,ви́димамь
1449,xxx
1450,xxx
1451,xxx
1452,xxx
1453,xxx
1454,xxx
1455,xxx
1456,винитѣльна́
1457,xxx
1458,ви́нна-краснъ
1459,xxx
1460,xxx
1461,xxx
1462,xxx
1463,xxx
1464,xxx
1465,xxx
1466,xxx
1467,xxx
1468,xxx
1469,xxx
1470,xxx
1471,xxx
1472,ви́ртуазныии
1473,xxx
1474,вкра́дчивѣыи
1475,вкра́дчиви
1476,стра́ннъии
1477,xxx
1478,xxx
1479,xxx
1480,xxx
1481,xxx
1482,xxx
1483,xxx
1484,xxx
1485,xxx
1486,xxx
1487,xxx
1488,xxx
1489,xxx
1490,xxx
1491,xxx
1492,xxx
1493,xxx
1494,xxx
1495,xxx
1496,xxx
1497,xxx
1498,xxx
1499,xxx
1500,xxx
1501,вли́ятельнъ
1502,xxx
1503,xxx
1504,влюбчивъы́и
1505,влю́бчиви
1506,xxx
1507,влюбчивъи́и
1508,xxx
1509,xxx
1510,xxx
1511,xxx
1512,xxx
1513,xxx
1514,xxx
1515,xxx
1516,внеза́пна
1517,внеза́пну
1518,внеза́пнъ
1519,xxx
1520,xxx
1521,внимательнѣ́хъ
1522,xxx
1523,xxx
1524,xxx
1525,xxx
1526,xxx
1527,xxx
1528,xxx
1529,xxx
1530,xxx
1531,xxx
1532,вагну́тѣыи
1533,xxx
1534,xxx
1535,xxx
1536,xxx
1537,xxx
1538,важделе́нныии
1539,xxx
1540,xxx
1541,xxx
1542,xxx
1543,xxx
1544,xxx
1545,xxx
1546,вазвра́тнѣхъ
1547,xxx
1548,xxx
1549,xxx
1550,xxx
1551,xxx
1552,xxx
1553,xxx
1554,xxx
1555,xxx
1556,xxx
1557,xxx
1558,xxx
1559,вазмо́жнъ
1560,xxx
1561,xxx
1562,xxx
1563,xxx
1564,xxx
1565,xxx
1566,xxx
1567,xxx
1568,xxx
1569,xxx
1570,xxx
1571,xxx
1572,xxx
1573,xxx
1574,xxx
1575,вакза́льнъ
1576,вакза́льнъыи
1577,xxx
1578,xxx
1579,xxx
1580,валнисъту́
1581,xxx
1582,xxx
1583,xxx
1584,xxx
1585,xxx
1586,xxx
1587,xxx
1588,xxx
1589,xxx
1590,xxx
1591,xxx
1592,xxx
1593,xxx
1594,xxx
1595,xxx
1596,xxx
1597,xxx
1598,xxx
1599,xxx
1600,xxx
1601,xxx
1602,xxx
1603,xxx
1604,xxx
1605,xxx
1606,xxx
1607,xxx
1608,xxx
1609,xxx
1610,xxx
1611,xxx
1612,xxx
1613,xxx
1614,xxx
1615,xxx
1616,xxx
1617,xxx
1618,xxx
1619,xxx
1620,xxx
1621,xxx
1622,xxx
1623,xxx
1624,xxx
1625,xxx
1626,xxx
1627,xxx
1628,xxx
1629,xxx
1630,xxx
1631,xxx
1632,xxx
1633,xxx
1634,xxx
1635,xxx
1636,xxx
1637,вастарженно́мь
1638,вастарже́ннѣ
1639,xxx
1640,вастарженны́
1641,xxx
1642,xxx
1643,xxx
1644,xxx
1645,xxx
1646,xxx
1647,xxx
1648,xxx
1649,во́схитительниии
1650,xxx
1651,xxx
1652,xxx
1653,xxx
1654,xxx
1655,xxx
1656,xxx
1657,xxx
1658,xxx
1659,xxx
1660,xxx
1661,впе́чатлительнъ
1662,xxx
1663,впита́нни
1664,впитаннъи́и
1665,xxx
1666,xxx
1667,враждѣ́бнъ
1668,xxx
1669,xxx
1670,xxx
1671,xxx
1672,xxx
1673,xxx
1674,xxx
1675,вре́днамъ
1676,xxx
1677,xxx
1678,xxx
1679,xxx
1680,враждённу́ыи
1681,все́вазмажна
1682,xxx
1683,всевазмажно́мъ
1684,xxx
1685,все́мернъыи
1686,всемерны́
1687,xxx
1688,xxx
1689,xxx
1690,xxx
1691,xxx
1692,xxx
1693,xxx
1694,xxx
1695,xxx
1696,xxx
1697,xxx
1698,всенарадну́
1699,xxx
1700,xxx
1701,xxx
1702,ёбану́ыи
1703,xxx
1704,xxx
1705,xxx
1706,xxx
1707,xxx
1708,xxx
1709,xxx
1710,xxx
1711,всѣ́ахватывающыии
1712,xxx
1713,xxx
1714,xxx
1715,xxx
1716,xxx
1717,xxx
1718,xxx
1719,xxx
1720,xxx
1721,xxx
1722,все́странны
1723,xxx
1724,xxx
1725,xxx
1726,xxx
1727,встреваженна́ыи
1728,встре́важеннъ
1729,встреваже́нны
1730,встро́еннъ
1731,xxx
1732,xxx
1733,xxx
1734,xxx
1735,xxx
1736,xxx
1737,xxx
1738,xxx
1739,xxx
1740,втрастѣпѣнна́
1741,втра́стѣпѣннъии
1742,xxx
1743,xxx
1744,ву́льзарнъ
1745,xxx
1746,xxx
1747,xxx
1748,вульзарни́
1749,xxx
1750,вы́брачниии
1751,xxx
1752,xxx
1753,xxx
1754,xxx
1755,xxx
1756,xxx
1757,xxx
1758,xxx
1759,xxx
1760,вы́гадни
1761,xxx
1762,xxx
1763,xxx
1764,xxx
1765,xxx
1766,xxx
1767,xxx
1768,xxx
1769,вы́званна
1770,вы́изрышнъ
1771,xxx
1772,xxx
1773,вы́изрышнамьыи
1774,xxx
1775,xxx
1776,xxx
1777,xxx
1778,xxx
1779,вылитъы́и
1780,xxx
1781,xxx
1782,xxx
1783,xxx
1784,xxx
1785,xxx
1786,вы́мышленнамъ
1787,xxx
1788,вынасли́в
1789,xxx
1790,xxx
1791,xxx
1792,xxx
1793,выпу́клы
1794,xxx
1795,xxx
1796,xxx
1797,xxx
1798,xxx
1799,выразите́льнамь
1800,выразительны́ии
1801,xxx
1802,xxx
1803,xxx
1804,xxx
1805,xxx
1806,xxx
1807,xxx
1808,xxx
1809,xxx
1810,xxx
1811,xxx
1812,xxx
1813,xxx
1814,xxx
1815,xxx
1816,xxx
1817,xxx
1818,xxx
1819,xxx
1820,xxx
1821,xxx
1822,xxx
1823,xxx
1824,xxx
1825,xxx
1826,xxx
1827,xxx
1828,xxx
1829,xxx
1830,xxx
1831,xxx
1832,xxx
1833,xxx
1834,xxx
1835,xxx
1836,xxx
1837,xxx
1838,xxx
1839,вы́ставачнѣыи
1840,xxx
1841,xxx
1842,xxx
1843,xxx
1844,xxx
1845,вытянути́ии
1846,xxx
1847,xxx
1848,xxx
1849,xxx
1850,вышеуказа́нныии
1851,xxx
1852,вышеупамянутъи́и
1853,xxx
1854,xxx
1855,xxx
1856,xxx
1857,xxx
1858,xxx
1859,xxx
1860,xxx
1861,xxx
1862,xxx
1863,xxx
1864,xxx
1865,xxx
1866,xxx
1867,xxx
1868,xxx
1869,xxx
1870,xxx
1871,xxx
1872,xxx
1873,xxx
1874,xxx
1875,xxx
1876,xxx
1877,xxx
1878,xxx
1879,xxx
1880,xxx
1881,xxx
1882,xxx
1883,xxx
1884,xxx
1885,xxx
1886,xxx
1887,xxx
1888,гарантирава́ннамьыи
1889,xxx
1890,xxx
1891,xxx
1892,xxx
1893,xxx
1894,xxx
1895,xxx
1896,xxx
1897,ге́рметичнамъ
1898,xxx
1899,xxx
1900,xxx
1901,xxx
1902,ги́бельнъ
1903,гибе́льнамъ
1904,xxx
1905,xxx
1906,xxx
1907,xxx
1908,xxx
1909,xxx
1910,xxx
1911,xxx
1912,xxx
1913,xxx
1914,xxx
1915,xxx
1916,xxx
1917,xxx
1918,xxx
1919,xxx
1920,xxx
1921,xxx
1922,xxx
1923,xxx
1924,xxx
1925,глабально́мьыи
1926,глабальнѣ́хъ
1927,глуби́нна
1928,xxx
1929,xxx
1930,глу́бинниии
1931,xxx
1932,xxx
1933,xxx
1934,xxx
1935,xxx
1936,xxx
1937,xxx
1938,xxx
1939,xxx
1940,xxx
1941,xxx
1942,xxx
1943,xxx
1944,xxx
1945,xxx
1946,xxx
1947,xxx
1948,xxx
1949,xxx
1950,xxx
1951,xxx
1952,xxx
1953,xxx
1954,xxx
1955,xxx
1956,xxx
1957,xxx
1958,xxx
1959,xxx
1960,xxx
1961,xxx
1962,xxx
1963,xxx
1964,гадично́мъии
1965,xxx
1966,xxx
1967,xxx
1968,xxx
1969,xxx
1970,xxx
1971,xxx
1972,xxx
1973,xxx
1974,xxx
1975,галимо́мь
1976,xxx
1977,xxx
1978,гла́вакружительнаыи
1979,xxx
1980,xxx
1981,xxx
1982,xxx
1983,пра́жнамьыи
1984,xxx
1985,галубава́тамъии
1986,xxx
1987,xxx
1988,xxx
1989,xxx
1990,xxx
1991,xxx
1992,ганимо́мьыи
1993,xxx
1994,xxx
1995,го́рбатѣ
1996,гарба́тѣхъ
1997,гардели́в
1998,го́рделивыии
1999,xxx
2000,xxx
2001,xxx
2002,xxx
2003,xxx
2004,го́рди
2005,xxx
2006,гардѣ́хъии
2007,xxx
2008,xxx
2009,xxx
2010,гарестнѣ́
2011,го́рестниии
2012,гарманальнѣ́
2013,го́рманальнъ
2014,xxx
2015,xxx
2016,xxx
2017,xxx
2018,xxx
2019,xxx
2020,xxx
2021,xxx
2022,xxx
2023,xxx
2024,xxx
2025,xxx
2026,xxx
2027,xxx
2028,xxx
2029,xxx
2030,xxx
2031,xxx
2032,xxx
2033,xxx
2034,гаспо́днъыи
2035,го́спаднамъии
2036,го́спадствующѣ
2037,xxx
2038,xxx
2039,xxx
2040,xxx
2041,xxx
2042,xxx
2043,xxx
2044,xxx
2045,xxx
2046,xxx
2047,xxx
2048,xxx
2049,xxx
2050,xxx
2051,xxx
2052,xxx
2053,xxx
2054,гатави́
2055,xxx
2056,xxx
2057,xxx
2058,xxx
2059,xxx
2060,xxx
2061,xxx
2062,xxx
2063,xxx
2064,гра́матны
2065,xxx
2066,xxx
2067,xxx
2068,xxx
2069,xxx
2070,xxx
2071,xxx
2072,гра́нитнъыи
2073,xxx
2074,гранитнѣ́хъии
2075,гре́хавнъ
2076,xxx
2077,xxx
2078,xxx
2079,xxx
2080,xxx
2081,xxx
2082,xxx
2083,xxx
2084,xxx
2085,xxx
2086,xxx
2087,xxx
2088,xxx
2089,xxx
2090,xxx
2091,xxx
2092,xxx
2093,xxx
2094,xxx
2095,xxx
2096,xxx
2097,xxx
2098,xxx
2099,xxx
2100,грамо́здьца
2101,xxx
2102,xxx
2103,xxx
2104,грубу́
2105,гру́б
2106,xxx
2107,xxx
2108,xxx
2109,xxx
2110,xxx
2111,гру́западъёмну
2112,гру́западъёмнъ
2113,xxx
2114,xxx
2115,xxx
2116,xxx
2117,xxx
2118,xxx
2119,xxx
2120,xxx
2121,xxx
2122,xxx
2123,xxx
2124,xxx
2125,xxx
2126,xxx
2127,xxx
2128,xxx
2129,xxx
2130,xxx
2131,xxx
2132,xxx
2133,xxx
2134,xxx
2135,xxx
2136,xxx
2137,xxx
2138,xxx
2139,xxx
2140,xxx
2141,xxx
2142,xxx
2143,xxx
2144,xxx
2145,xxx
2146,гу́манна
2147,xxx
2148,xxx
2149,гума́ннамь
2150,xxx
2151,xxx
2152,гуманно́мъ
2153,xxx
2154,xxx
2155,xxx
2156,гу́сътѣхъ
2157,xxx
2158,да́лёкамьыи
2159,да́лёкъии
2160,xxx
2161,xxx
2162,xxx
2163,xxx
2164,xxx
2165,xxx
2166,xxx
2167,xxx
2168,xxx
2169,xxx
2170,xxx
2171,дате́льнуыи
2172,xxx
2173,да́тельнамъии
2174,движи́мѣыи
2175,xxx
2176,xxx
2177,xxx
2178,дви́жимѣхъии
2179,дваеду́шна
2180,дваедушнъы́и
2181,xxx
2182,xxx
2183,xxx
2184,xxx
2185,xxx
2186,xxx
2187,xxx
2188,xxx
2189,xxx
2190,xxx
2191,xxx
2192,xxx
2193,xxx
2194,дву́кратны
2195,xxx
2196,дву́рукъыи
2197,двусмысле́ннаыи
2198,xxx
2199,xxx
2200,дву́хместна
2201,двухме́стнъ
2202,xxx
2203,xxx
2204,xxx
2205,xxx
2206,xxx
2207,xxx
2208,дѣбѣ́лъыи
2209,xxx
2210,дебильна́
2211,xxx
2212,xxx
2213,xxx
2214,xxx
2215,xxx
2216,действенна́ыи
2217,xxx
2218,xxx
2219,xxx
2220,xxx
2221,xxx
2222,xxx
2223,делицатна́ыи
2224,xxx
2225,xxx
2226,делимо́мьыи
2227,xxx
2228,xxx
2229,xxx
2230,xxx
2231,xxx
2232,xxx
2233,xxx
2234,xxx
2235,де́льнъ
2236,де́льнъыи
2237,дельна́ыи
2238,xxx
2239,xxx
2240,xxx
2241,де́льни
2242,де́льниии
2243,де́льнамъ
2244,xxx
2245,xxx
2246,xxx
2247,xxx
2248,xxx
2249,xxx
2250,xxx
2251,xxx
2252,xxx
2253,xxx
2254,xxx
2255,xxx
2256,xxx
2257,деманстрати́внъ
2258,xxx
2259,xxx
2260,xxx
2261,xxx
2262,xxx
2263,xxx
2264,xxx
2265,xxx
2266,xxx
2267,xxx
2268,xxx
2269,xxx
2270,дѣржа́внаыи
2271,xxx
2272,xxx
2273,xxx
2274,дѣ́ржавни
2275,xxx
2276,xxx
2277,xxx
2278,xxx
2279,xxx
2280,xxx
2281,дета́льныии
2282,детальны́ии
2283,xxx
2284,xxx
2285,де́тективнуыи
2286,детекти́внъ
2287,xxx
2288,детективно́мъии
2289,xxx
2290,xxx
2291,xxx
2292,xxx
2293,xxx
2294,xxx
2295,xxx
2296,xxx
2297,xxx
2298,xxx
2299,xxx
2300,xxx
2301,дешё́вѣхъии
2302,xxx
2303,xxx
2304,xxx
2305,xxx
2306,xxx
2307,xxx
2308,xxx
2309,xxx
2310,xxx
2311,xxx
2312,xxx
2313,xxx
2314,xxx
2315,xxx
2316,xxx
2317,xxx
2318,xxx
2319,xxx
2320,xxx
2321,xxx
2322,xxx
2323,xxx
2324,xxx
2325,xxx
2326,xxx
2327,xxx
2328,xxx
2329,xxx
2330,xxx
2331,xxx
2332,ди́скретнуыи
2333,xxx
2334,xxx
2335,xxx
2336,xxx
2337,ди́скретнамъии
2338,xxx
2339,ди́стальнъыи
2340,дистальна́
2341,xxx
2342,xxx
2343,xxx
2344,xxx
2345,xxx
2346,xxx
2347,xxx
2348,xxx
2349,xxx
2350,xxx
2351,xxx
2352,су́ббатнъ
2353,длите́льнъ
2354,xxx
2355,xxx
2356,xxx
2357,длительны́
2358,дабавачну́
2359,xxx
2360,дабле́стнамь
2361,xxx
2362,xxx
2363,xxx
2364,дабраду́шнъ
2365,xxx
2366,xxx
2367,xxx
2368,дабрадушно́мъии
2369,xxx
2370,xxx
2371,до́бражелательна
2372,xxx
2373,xxx
2374,xxx
2375,xxx
2376,xxx
2377,давѣрчи́вамь
2378,давѣрчи́в
2379,xxx
2380,давальна́
2381,xxx
2382,давальнѣ́ыи
2383,xxx
2384,xxx
2385,xxx
2386,даждли́в
2387,xxx
2388,xxx
2389,xxx
2390,xxx
2391,xxx
2392,xxx
2393,дазвалѣнны́
2394,xxx
2395,xxx
2396,xxx
2397,xxx
2398,xxx
2399,xxx
2400,xxx
2401,xxx
2402,xxx
2403,xxx
2404,xxx
2405,xxx
2406,xxx
2407,xxx
2408,xxx
2409,до́лгавечнамьыи
2410,до́лгавечныии
2411,xxx
2412,xxx
2413,xxx
2414,xxx
2415,xxx
2416,xxx
2417,xxx
2418,xxx
2419,xxx
2420,до́лгажданнуыи
2421,xxx
2422,xxx
2423,далгажда́ннѣхъии
2424,до́лгарукѣ
2425,до́лгарукѣыи
2426,до́лгаруки
2427,xxx
2428,до́лгасрачнѣ
2429,далжну́
2430,далжнъи́и
2431,xxx
2432,xxx
2433,даапы́тнамь
2434,дапе́т
2435,xxx
2436,xxx
2437,xxx
2438,xxx
2439,дапе́тѣхъ
2440,xxx
2441,xxx
2442,xxx
2443,дападли́ннъ
2444,xxx
2445,xxx
2446,xxx
2447,дапалнительнѣ́ыи
2448,дапато́пнѣ
2449,xxx
2450,xxx
2451,xxx
2452,xxx
2453,xxx
2454,дапуще́ннъ
2455,xxx
2456,xxx
2457,xxx
2458,до́пущеннуыи
2459,дапущеннъы́и
2460,xxx
2461,дасадну́ыи
2462,дасадно́мьыи
2463,xxx
2464,xxx
2465,дастато́чнѣхъии
2466,до́стизнутъыи
2467,xxx
2468,xxx
2469,xxx
2470,xxx
2471,xxx
2472,xxx
2473,xxx
2474,xxx
2475,xxx
2476,xxx
2477,дасту́пны
2478,xxx
2479,xxx
2480,xxx
2481,xxx
2482,xxx
2483,xxx
2484,xxx
2485,дахаднъы́и
2486,драгацѣнну́ыи
2487,xxx
2488,драмати́чнъыи
2489,xxx
2490,xxx
2491,xxx
2492,xxx
2493,xxx
2494,xxx
2495,xxx
2496,xxx
2497,xxx
2498,xxx
2499,xxx
2500,xxx
2501,xxx
2502,xxx
2503,xxx
2504,xxx
2505,xxx
2506,xxx
2507,xxx
2508,xxx
2509,xxx
2510,xxx
2511,xxx
2512,xxx
2513,xxx
2514,xxx
2515,xxx
2516,xxx
2517,xxx
2518,xxx
2519,xxx
2520,xxx
2521,xxx
2522,xxx
2523,xxx
2524,xxx
2525,xxx
2526,xxx
2527,xxx
2528,xxx
2529,xxx
2530,xxx
2531,xxx
2532,xxx
2533,xxx
2534,xxx
2535,xxx
2536,xxx
2537,xxx
2538,xxx
2539,xxx
2540,xxx
2541,дубо́въыи
2542,xxx
2543,xxx
2544,дубо́выии
2545,xxx
2546,xxx
2547,xxx
2548,xxx
2549,xxx
2550,xxx
2551,xxx
2552,xxx
2553,xxx
2554,xxx
2555,xxx
2556,xxx
2557,ду́рнамъ
2558,xxx
2559,ду́рнѣхъ
2560,xxx
2561,духо́внъыи
2562,ду́хавныии
2563,душисъту́
2564,xxx
2565,ду́шисътамъии
2566,xxx
2567,душны́ии
2568,xxx
2569,xxx
2570,xxx
2571,xxx
2572,xxx
2573,xxx
2574,xxx
2575,xxx
2576,xxx
2577,дырява́
2578,ды́ряву
2579,xxx
2580,xxx
2581,xxx
2582,xxx
2583,xxx
2584,xxx
2585,xxx
2586,xxx
2587,xxx
2588,xxx
2589,xxx
2590,xxx
2591,xxx
2592,xxx
2593,xxx
2594,xxx
2595,xxx
2596,xxx
2597,xxx
2598,xxx
2599,xxx
2600,xxx
2601,xxx
2602,единаличны́
2603,xxx
2604,xxx
2605,xxx
2606,xxx
2607,xxx
2608,xxx
2609,xxx
2610,xxx
2611,xxx
2612,xxx
2613,xxx
2614,xxx
2615,xxx
2616,xxx
2617,xxx
2618,xxx
2619,xxx
2620,xxx
2621,xxx
2622,xxx
2623,xxx
2624,xxx
2625,xxx
2626,xxx
2627,xxx
2628,xxx
2629,xxx
2630,xxx
2631,xxx
2632,е́стественнъ
2633,xxx
2634,xxx
2635,xxx
2636,xxx
2637,xxx
2638,xxx
2639,xxx
2640,xxx
2641,xxx
2642,xxx
2643,xxx
2644,xxx
2645,xxx
2646,xxx
2647,xxx
2648,xxx
2649,xxx
2650,xxx
2651,xxx
2652,xxx
2653,xxx
2654,xxx
2655,жало́бныии
2656,xxx
2657,xxx
2658,xxx
2659,xxx
2660,xxx
2661,xxx
2662,xxx
2663,же́лезнъ
2664,же́лезнамь
2665,xxx
2666,xxx
2667,xxx
2668,xxx
2669,xxx
2670,xxx
2671,xxx
2672,xxx
2673,xxx
2674,xxx
2675,жемчужнъы́и
2676,вадавазна́ыи
2677,xxx
2678,xxx
2679,женственны́ии
2680,xxx
2681,xxx
2682,xxx
2683,жертве́ннамъ
2684,xxx
2685,xxx
2686,xxx
2687,xxx
2688,xxx
2689,xxx
2690,xxx
2691,xxx
2692,xxx
2693,xxx
2694,xxx
2695,xxx
2696,xxx
2697,xxx
2698,xxx
2699,живатнѣ́хъии
2700,xxx
2701,xxx
2702,xxx
2703,xxx
2704,xxx
2705,xxx
2706,xxx
2707,xxx
2708,xxx
2709,xxx
2710,xxx
2711,xxx
2712,xxx
2713,xxx
2714,xxx
2715,xxx
2716,xxx
2717,xxx
2718,xxx
2719,xxx
2720,жи́зненнъии
2721,xxx
2722,жизнеспасабну́ыи
2723,xxx
2724,xxx
2725,жизнеспасо́бны
2726,xxx
2727,xxx
2728,xxx
2729,xxx
2730,xxx
2731,xxx
2732,xxx
2733,xxx
2734,xxx
2735,xxx
2736,xxx
2737,xxx
2738,xxx
2739,xxx
2740,xxx
2741,забане́ннамьыи
2742,забане́ннѣхъ
2743,xxx
2744,xxx
2745,xxx
2746,xxx
2747,xxx
2748,xxx
2749,xxx
2750,xxx
2751,заби́тѣыи
2752,за́биты
2753,xxx
2754,за́батливъыи
2755,xxx
2756,xxx
2757,xxx
2758,xxx
2759,xxx
2760,xxx
2761,за́бубённу
2762,xxx
2763,xxx
2764,xxx
2765,xxx
2766,xxx
2767,xxx
2768,заведамъи́и
2769,заведо́мы
2770,заведамѣ́хъии
2771,xxx
2772,xxx
2773,xxx
2774,xxx
2775,xxx
2776,xxx
2777,xxx
2778,xxx
2779,xxx
2780,xxx
2781,xxx
2782,xxx
2783,xxx
2784,xxx
2785,xxx
2786,xxx
2787,xxx
2788,xxx
2789,xxx
2790,xxx
2791,заваёваннѣ́
2792,заваёва́ннамъ
2793,xxx
2794,xxx
2795,xxx
2796,за́гадачнѣхъии
2797,загаре́ла
2798,зада́ннъ
2799,xxx
2800,xxx
2801,xxx
2802,xxx
2803,xxx
2804,xxx
2805,xxx
2806,xxx
2807,xxx
2808,xxx
2809,xxx
2810,xxx
2811,xxx
2812,xxx
2813,xxx
2814,xxx
2815,xxx
2816,xxx
2817,xxx
2818,xxx
2819,xxx
2820,за́интрѣсаванна
2821,xxx
2822,xxx
2823,зака́тнамьыи
2824,xxx
2825,xxx
2826,xxx
2827,xxx
2828,xxx
2829,xxx
2830,xxx
2831,xxx
2832,xxx
2833,закля́тамьыи
2834,закля́тѣыи
2835,xxx
2836,xxx
2837,xxx
2838,xxx
2839,xxx
2840,закалдава́ннамъ
2841,xxx
2842,xxx
2843,xxx
2844,закалдава́ннѣхъии
2845,xxx
2846,зако́ннѣ
2847,xxx
2848,xxx
2849,xxx
2850,заканче́ннуыи
2851,xxx
2852,xxx
2853,xxx
2854,xxx
2855,xxx
2856,xxx
2857,xxx
2858,xxx
2859,xxx
2860,xxx
2861,xxx
2862,xxx
2863,xxx
2864,xxx
2865,xxx
2866,xxx
2867,xxx
2868,xxx
2869,xxx
2870,xxx
2871,замедленну́
2872,xxx
2873,xxx
2874,xxx
2875,xxx
2876,заметну́ыи
2877,xxx
2878,xxx
2879,за́мечательнамьыи
2880,xxx
2881,за́мкнутуыи
2882,замкну́тамь
2883,xxx
2884,замкнуты́ии
2885,за́мшел
2886,xxx
2887,xxx
2888,xxx
2889,замше́лы
2890,xxx
2891,замыславати́
2892,xxx
2893,xxx
2894,xxx
2895,xxx
2896,xxx
2897,xxx
2898,xxx
2899,xxx
2900,xxx
2901,xxx
2902,xxx
2903,xxx
2904,за́нятнъ
2905,xxx
2906,xxx
2907,xxx
2908,xxx
2909,xxx
2910,xxx
2911,заня́тыии
2912,xxx
2913,xxx
2914,xxx
2915,xxx
2916,xxx
2917,xxx
2918,xxx
2919,xxx
2920,xxx
2921,xxx
2922,xxx
2923,xxx
2924,xxx
2925,заплака́ннъии
2926,xxx
2927,xxx
2928,xxx
2929,запаве́днъыи
2930,запазда́л
2931,xxx
2932,xxx
2933,xxx
2934,xxx
2935,xxx
2936,xxx
2937,xxx
2938,xxx
2939,заправачнѣ́хъ
2940,запреде́льнамъ
2941,xxx
2942,xxx
2943,xxx
2944,xxx
2945,xxx
2946,xxx
2947,xxx
2948,xxx
2949,xxx
2950,xxx
2951,xxx
2952,xxx
2953,xxx
2954,запуще́ннъ
2955,xxx
2956,xxx
2957,xxx
2958,xxx
2959,xxx
2960,запущенны́ии
2961,за́ражённа
2962,xxx
2963,за́ряженнъ
2964,за́ряженнамъии
2965,xxx
2966,xxx
2967,xxx
2968,xxx
2969,xxx
2970,xxx
2971,заслужённѣ́хъ
2972,заслужённѣ́хъии
2973,xxx
2974,за́снежённаыи
2975,за́снежённамь
2976,заснежённы́
2977,xxx
2978,xxx
2979,xxx
2980,xxx
2981,xxx
2982,xxx
2983,xxx
2984,засто́льнъ
2985,xxx
2986,за́стальнѣыи
2987,xxx
2988,за́стальныии
2989,засто́льны
2990,xxx
2991,xxx
2992,затаённѣ́ыи
2993,xxx
2994,xxx
2995,xxx
2996,за́таённы
2997,затейли́въыи
2998,xxx
2999,затейливо́мъии
3000,за́тейливы
3001,xxx
3002,xxx
3003,xxx
3004,xxx
3005,xxx
3006,xxx
3007,xxx
3008,затылачнѣ́ыи
3009,xxx
3010,xxx
3011,за́уръдны
3012,защи́тна
3013,защи́тныии
3014,xxx
3015,xxx
3016,xxx
3017,xxx
3018,xxx
3019,xxx
3020,xxx
3021,xxx
3022,зва́тѣльнѣ
3023,xxx
3024,xxx
3025,xxx
3026,xxx
3027,xxx
3028,xxx
3029,xxx
3030,xxx
3031,xxx
3032,xxx
3033,xxx
3034,xxx
3035,xxx
3036,xxx
3037,xxx
3038,xxx
3039,xxx
3040,вхо́днѣыи
3041,xxx
3042,xxx
3043,xxx
3044,xxx
3045,xxx
3046,xxx
3047,xxx
3048,xxx
3049,зе́ркальнамь
3050,xxx
3051,xxx
3052,xxx
3053,xxx
3054,xxx
3055,злапамя́тнъ
3056,xxx
3057,xxx
3058,зло́раднъ
3059,злара́днъ
3060,xxx
3061,зло́стна
3062,зласча́стнъ
3063,xxx
3064,зло́счастнаыи
3065,xxx
3066,xxx
3067,знакаву́ыи
3068,xxx
3069,xxx
3070,xxx
3071,xxx
3072,xxx
3073,xxx
3074,xxx
3075,xxx
3076,xxx
3077,xxx
3078,xxx
3079,xxx
3080,xxx
3081,xxx
3082,xxx
3083,xxx
3084,xxx
3085,xxx
3086,xxx
3087,xxx
3088,xxx
3089,xxx
3090,xxx
3091,зна́чимѣхъ
3092,xxx
3093,значительнъы́и
3094,значите́льныии
3095,xxx
3096,xxx
3097,xxx
3098,xxx
3099,xxx
3100,xxx
3101,xxx
3102,xxx
3103,xxx
3104,xxx
3105,xxx
3106,xxx
3107,xxx
3108,xxx
3109,xxx
3110,xxx
3111,xxx
3112,xxx
3113,xxx
3114,xxx
3115,xxx
3116,xxx
3117,xxx
3118,xxx
3119,xxx
3120,xxx
3121,xxx
3122,xxx
3123,xxx
3124,xxx
3125,xxx
3126,xxx
3127,xxx
3128,xxx
3129,xxx
3130,xxx
3131,xxx
3132,xxx
3133,xxx
3134,xxx
3135,xxx
3136,xxx
3137,xxx
3138,xxx
3139,xxx
3140,xxx
3141,изли́сътамьыи
3142,излисътъи́и
3143,xxx
3144,xxx
3145,xxx
3146,xxx
3147,xxx
3148,xxx
3149,xxx
3150,xxx
3151,xxx
3152,xxx
3153,xxx
3154,xxx
3155,xxx
3156,xxx
3157,xxx
3158,xxx
3159,xxx
3160,xxx
3161,xxx
3162,xxx
3163,xxx
3164,xxx
3165,xxx
3166,xxx
3167,xxx
3168,xxx
3169,xxx
3170,xxx
3171,xxx
3172,xxx
3173,и́збита
3174,избиту́ыи
3175,xxx
3176,xxx
3177,xxx
3178,xxx
3179,xxx
3180,и́збытачны
3181,извечни́ии
3182,xxx
3183,xxx
3184,xxx
3185,xxx
3186,xxx
3187,xxx
3188,xxx
3189,xxx
3190,xxx
3191,изде́льнъыи
3192,издельнѣ́хъ
3193,xxx
3194,xxx
3195,xxx
3196,xxx
3197,xxx
3198,xxx
3199,xxx
3200,xxx
3201,xxx
3202,и́злишны
3203,и́злишныии
3204,xxx
3205,xxx
3206,xxx
3207,xxx
3208,xxx
3209,xxx
3210,xxx
3211,xxx
3212,xxx
3213,xxx
3214,xxx
3215,xxx
3216,xxx
3217,xxx
3218,xxx
3219,xxx
3220,xxx
3221,xxx
3222,измаждённѣ́
3223,измуче́ннамь
3224,измученно́мъ
3225,xxx
3226,xxx
3227,xxx
3228,xxx
3229,xxx
3230,xxx
3231,xxx
3232,xxx
3233,xxx
3234,xxx
3235,xxx
3236,xxx
3237,xxx
3238,xxx
3239,xxx
3240,xxx
3241,xxx
3242,xxx
3243,xxx
3244,xxx
3245,xxx
3246,xxx
3247,xxx
3248,xxx
3249,xxx
3250,xxx
3251,xxx
3252,xxx
3253,xxx
3254,xxx
3255,xxx
3256,xxx
3257,xxx
3258,xxx
3259,xxx
3260,xxx
3261,xxx
3262,xxx
3263,xxx
3264,xxx
3265,xxx
3266,xxx
3267,xxx
3268,xxx
3269,xxx
3270,xxx
3271,xxx
3272,xxx
3273,xxx
3274,xxx
3275,изащрё́нни
3276,xxx
3277,xxx
3278,xxx
3279,xxx
3280,xxx
3281,xxx
3282,xxx
3283,xxx
3284,изря́днамь
3285,изря́дныии
3286,и́зумительнъыи
3287,изумлё́ннъ
3288,xxx
3289,xxx
3290,и́зумрудныии
3291,xxx
3292,xxx
3293,xxx
3294,xxx
3295,xxx
3296,изуче́ннамь
3297,xxx
3298,xxx
3299,и́зученниии
3300,xxx
3301,xxx
3302,изящнъы́и
3303,иллюзо́рнъ
3304,xxx
3305,xxx
3306,xxx
3307,xxx
3308,именити́
3309,xxx
3310,иммѫннъы́и
3311,xxx
3312,xxx
3313,xxx
3314,xxx
3315,имправизирава́нни
3316,и́мправизираванны
3317,xxx
3318,xxx
3319,xxx
3320,xxx
3321,xxx
3322,xxx
3323,xxx
3324,xxx
3325,xxx
3326,xxx
3327,xxx
3328,xxx
3329,xxx
3330,инвали́днаыи
3331,xxx
3332,xxx
3333,xxx
3334,xxx
3335,инвестицианно́мъ
3336,и́нвестицианнамъии
3337,и́нвестицианнѣхъии
3338,xxx
3339,xxx
3340,xxx
3341,xxx
3342,xxx
3343,xxx
3344,xxx
3345,xxx
3346,xxx
3347,xxx
3348,xxx
3349,xxx
3350,xxx
3351,xxx
3352,xxx
3353,xxx
3354,xxx
3355,xxx
3356,xxx
3357,xxx
3358,xxx
3359,и́настранни
3360,xxx
3361,и́настранны
3362,интегрально́мъии
3363,интеллизентна́
3364,xxx
3365,xxx
3366,xxx
3367,xxx
3368,xxx
3369,xxx
3370,xxx
3371,xxx
3372,xxx
3373,xxx
3374,xxx
3375,и́нтрѣсниии
3376,xxx
3377,xxx
3378,xxx
3379,xxx
3380,xxx
3381,xxx
3382,и́нфекцианнъыи
3383,инфекцианнъы́и
3384,и́нфекцианниии
3385,xxx
3386,xxx
3387,xxx
3388,исключительни́ии
3389,xxx
3390,xxx
3391,xxx
3392,xxx
3393,xxx
3394,xxx
3395,xxx
3396,xxx
3397,xxx
3398,xxx
3399,xxx
3400,xxx
3401,и́скривлённѣ
3402,искривлённи́ии
3403,искривлённы́
3404,xxx
3405,xxx
3406,xxx
3407,и́скусственну
3408,искусственнѣ́
3409,xxx
3410,xxx
3411,и́спальзуем
3412,xxx
3413,и́спальзуему
3414,и́спальзуемуыи
3415,xxx
3416,xxx
3417,xxx
3418,и́спальзуемъии
3419,xxx
3420,испальзуемѣ́хъ
3421,xxx
3422,xxx
3423,xxx
3424,xxx
3425,xxx
3426,xxx
3427,исправительно́мьыи
3428,исправите́льнѣ
3429,xxx
3430,xxx
3431,xxx
3432,xxx
3433,xxx
3434,xxx
3435,xxx
3436,xxx
3437,xxx
3438,xxx
3439,испуга́ннъ
3440,xxx
3441,xxx
3442,xxx
3443,xxx
3444,xxx
3445,xxx
3446,xxx
3447,xxx
3448,xxx
3449,xxx
3450,xxx
3451,xxx
3452,xxx
3453,xxx
3454,xxx
3455,xxx
3456,исти́ннамъ
3457,xxx
3458,xxx
3459,xxx
3460,xxx
3461,xxx
3462,xxx
3463,xxx
3464,xxx
3465,xxx
3466,xxx
3467,xxx
3468,xxx
3469,xxx
3470,xxx
3471,xxx
3472,xxx
3473,xxx
3474,xxx
3475,xxx
3476,казённы́
3477,казё́нныии
3478,ка́зённѣхъии
3479,xxx
3480,xxx
3481,xxx
3482,xxx
3483,xxx
3484,xxx
3485,xxx
3486,калё́н
3487,xxx
3488,абяза́ннъ
3489,каме́нныии
3490,каме́рнъ
3491,xxx
3492,xxx
3493,xxx
3494,xxx
3495,xxx
3496,xxx
3497,xxx
3498,xxx
3499,xxx
3500,xxx
3501,xxx
3502,xxx
3503,xxx
3504,xxx
3505,карате́льнъ
3506,карате́льнамъии
3507,xxx
3508,xxx
3509,xxx
3510,xxx
3511,xxx
3512,xxx
3513,xxx
3514,xxx
3515,xxx
3516,xxx
3517,xxx
3518,xxx
3519,xxx
3520,xxx
3521,xxx
3522,кассаво́мъии
3523,xxx
3524,xxx
3525,xxx
3526,xxx
3527,xxx
3528,xxx
3529,xxx
3530,ка́таржныии
3531,xxx
3532,xxx
3533,xxx
3534,xxx
3535,xxx
3536,xxx
3537,xxx
3538,xxx
3539,квалифицираванни́
3540,квашено́мь
3541,xxx
3542,ква́шены
3543,xxx
3544,xxx
3545,xxx
3546,ту́ндравыии
3547,xxx
3548,xxx
3549,xxx
3550,xxx
3551,xxx
3552,xxx
3553,xxx
3554,xxx
3555,xxx
3556,xxx
3557,xxx
3558,xxx
3559,xxx
3560,xxx
3561,xxx
3562,xxx
3563,xxx
3564,xxx
3565,xxx
3566,xxx
3567,xxx
3568,xxx
3569,xxx
3570,xxx
3571,xxx
3572,xxx
3573,xxx
3574,xxx
3575,xxx
3576,xxx
3577,xxx
3578,xxx
3579,ко́кетливъыи
3580,какетли́вамъ
3581,xxx
3582,какетливы́ии
3583,ко́ллегиальнъ
3584,ко́ллегиальнуыи
3585,xxx
3586,xxx
3587,xxx
3588,xxx
3589,xxx
3590,xxx
3591,xxx
3592,кларитны́ии
3593,xxx
3594,xxx
3595,xxx
3596,xxx
3597,xxx
3598,xxx
3599,xxx
3600,xxx
3601,xxx
3602,камандну́ыи
3603,xxx
3604,камбинирава́нниии
3605,камеди́йна
3606,камедийнѣ́ыи
3607,xxx
3608,xxx
3609,xxx
3610,xxx
3611,xxx
3612,xxx
3613,xxx
3614,ко́мпетентнуыи
3615,xxx
3616,xxx
3617,xxx
3618,xxx
3619,xxx
3620,xxx
3621,xxx
3622,ко́мпазицианну
3623,xxx
3624,xxx
3625,xxx
3626,кампрамиссно́мь
3627,xxx
3628,кампрами́сснамъии
3629,xxx
3630,xxx
3631,xxx
3632,xxx
3633,xxx
3634,xxx
3635,xxx
3636,камфартно́мъии
3637,ко́нвейернаыи
3638,xxx
3639,канвейе́рнамъии
3640,ко́нвейерныии
3641,xxx
3642,xxx
3643,xxx
3644,xxx
3645,xxx
3646,xxx
3647,ко́нкурентны
3648,xxx
3649,ко́нкурснъыи
3650,канкурсно́мьыи
3651,xxx
3652,xxx
3653,xxx
3654,xxx
3655,xxx
3656,xxx
3657,xxx
3658,xxx
3659,кансалидираванни́
3660,xxx
3661,xxx
3662,xxx
3663,xxx
3664,xxx
3665,xxx
3666,xxx
3667,кантра́стнъ
3668,xxx
3669,xxx
3670,xxx
3671,кантралируѣми́
3672,xxx
3673,xxx
3674,xxx
3675,xxx
3676,xxx
3677,xxx
3678,xxx
3679,xxx
3680,xxx
3681,xxx
3682,ко́нфлицтнъыи
3683,xxx
3684,канцентрирава́ннамь
3685,xxx
3686,канцентрираванны́
3687,xxx
3688,xxx
3689,xxx
3690,канцептуа́льнѣхъии
3691,xxx
3692,xxx
3693,xxx
3694,xxx
3695,xxx
3696,xxx
3697,xxx
3698,xxx
3699,xxx
3700,xxx
3701,xxx
3702,xxx
3703,xxx
3704,xxx
3705,xxx
3706,xxx
3707,xxx
3708,xxx
3709,xxx
3710,xxx
3711,xxx
3712,xxx
3713,xxx
3714,xxx
3715,карре́ктнѣ
3716,xxx
3717,xxx
3718,карректнѣ́хъии
3719,ко́ртицальна
3720,xxx
3721,xxx
3722,ко́рявамьыи
3723,xxx
3724,xxx
3725,карявы́ии
3726,касма́ту
3727,касма́т
3728,касма́т
3729,ко́сматыии
3730,xxx
3731,xxx
3732,xxx
3733,xxx
3734,xxx
3735,xxx
3736,xxx
3737,xxx
3738,xxx
3739,xxx
3740,xxx
3741,xxx
3742,xxx
3743,xxx
3744,xxx
3745,кастля́ви
3746,xxx
3747,xxx
3748,xxx
3749,xxx
3750,кафе́йныии
3751,кафе́йнѣхъии
3752,ко́шернъыи
3753,кашерна́ыи
3754,xxx
3755,xxx
3756,кашмарнъы́и
3757,xxx
3758,xxx
3759,xxx
3760,xxx
3761,xxx
3762,xxx
3763,xxx
3764,крапавы́ии
3765,xxx
3766,краси́виии
3767,xxx
3768,xxx
3769,xxx
3770,кра́сна-каричневъыи
3771,xxx
3772,xxx
3773,xxx
3774,xxx
3775,xxx
3776,xxx
3777,xxx
3778,xxx
3779,xxx
3780,кра́ткаврѣмѣннаыи
3781,xxx
3782,xxx
3783,xxx
3784,xxx
3785,xxx
3786,xxx
3787,xxx
3788,xxx
3789,xxx
3790,xxx
3791,xxx
3792,xxx
3793,xxx
3794,xxx
3795,xxx
3796,xxx
3797,xxx
3798,xxx
3799,кремо́ви
3800,xxx
3801,xxx
3802,xxx
3803,xxx
3804,xxx
3805,xxx
3806,xxx
3807,кре́плёнамъ
3808,xxx
3809,xxx
3810,xxx
3811,xxx
3812,xxx
3813,xxx
3814,xxx
3815,xxx
3816,xxx
3817,xxx
3818,xxx
3819,xxx
3820,xxx
3821,xxx
3822,xxx
3823,xxx
3824,xxx
3825,xxx
3826,xxx
3827,xxx
3828,xxx
3829,xxx
3830,xxx
3831,xxx
3832,xxx
3833,xxx
3834,xxx
3835,xxx
3836,xxx
3837,xxx
3838,xxx
3839,xxx
3840,xxx
3841,xxx
3842,xxx
3843,xxx
3844,xxx
3845,xxx
3846,краве́льныии
3847,xxx
3848,xxx
3849,xxx
3850,xxx
3851,xxx
3852,xxx
3853,xxx
3854,xxx
3855,xxx
3856,xxx
3857,xxx
3858,xxx
3859,xxx
3860,xxx
3861,xxx
3862,xxx
3863,xxx
3864,xxx
3865,кро́ваастанавливающѣ
3866,xxx
3867,xxx
3868,xxx
3869,xxx
3870,xxx
3871,xxx
3872,xxx
3873,xxx
3874,xxx
3875,xxx
3876,xxx
3877,краме́шну
3878,xxx
3879,крапатливо́мьыи
3880,xxx
3881,xxx
3882,xxx
3883,xxx
3884,xxx
3885,xxx
3886,xxx
3887,xxx
3888,крахо́тнъыи
3889,xxx
3890,xxx
3891,кро́хатнъии
3892,кро́хатнамъии
3893,xxx
3894,краше́чнамьыи
3895,xxx
3896,xxx
3897,xxx
3898,xxx
3899,xxx
3900,xxx
3901,xxx
3902,xxx
3903,xxx
3904,xxx
3905,xxx
3906,круту́
3907,кру́тъыи
3908,круто́мь
3909,xxx
3910,xxx
3911,xxx
3912,xxx
3913,xxx
3914,xxx
3915,xxx
3916,xxx
3917,xxx
3918,xxx
3919,xxx
3920,xxx
3921,xxx
3922,xxx
3923,кудря́вѣыи
3924,xxx
3925,xxx
3926,xxx
3927,куко́льнѣхъ
3928,xxx
3929,xxx
3930,xxx
3931,xxx
3932,xxx
3933,xxx
3934,xxx
3935,культо́вы
3936,xxx
3937,xxx
3938,ку́льтурнъ
3939,xxx
3940,xxx
3941,xxx
3942,xxx
3943,xxx
3944,xxx
3945,xxx
3946,xxx
3947,xxx
3948,xxx
3949,xxx
3950,xxx
3951,xxx
3952,xxx
3953,xxx
3954,xxx
3955,xxx
3956,xxx
3957,xxx
3958,xxx
3959,xxx
3960,xxx
3961,xxx
3962,xxx
3963,xxx
3964,xxx
3965,xxx
3966,xxx
3967,xxx
3968,xxx
3969,xxx
3970,xxx
3971,xxx
3972,xxx
3973,xxx
3974,xxx
3975,xxx
3976,xxx
3977,xxx
3978,xxx
3979,лако́вамъ
3980,ла́кавы
3981,xxx
3982,xxx
3983,лаканичну́
3984,ла́ндшафтни
3985,xxx
3986,xxx
3987,латѣра́льнъ
3988,xxx
3989,xxx
3990,xxx
3991,xxx
3992,xxx
3993,xxx
3994,левъи́и
3995,xxx
3996,xxx
3997,xxx
3998,xxx
3999,xxx
4000,xxx
4001,xxx
4002,xxx
4003,xxx
4004,ле́гкамысленнъ
4005,ле́гкамысленнъыи
4006,легкамысленны́
4007,xxx
4008,xxx
4009,xxx
4010,xxx
4011,xxx
4012,xxx
4013,xxx
4014,xxx
4015,xxx
4016,xxx
4017,xxx
4018,xxx
4019,xxx
4020,xxx
4021,xxx
4022,xxx
4023,xxx
4024,xxx
4025,xxx
4026,xxx
4027,xxx
4028,xxx
4029,xxx
4030,xxx
4031,xxx
4032,xxx
4033,xxx
4034,xxx
4035,xxx
4036,xxx
4037,xxx
4038,xxx
4039,xxx
4040,xxx
4041,xxx
4042,xxx
4043,xxx
4044,xxx
4045,xxx
4046,xxx
4047,xxx
4048,xxx
4049,xxx
4050,xxx
4051,xxx
4052,xxx
4053,xxx
4054,xxx
4055,xxx
4056,xxx
4057,xxx
4058,xxx
4059,xxx
4060,xxx
4061,xxx
4062,xxx
4063,лече́бнъыи
4064,лече́бнамь
4065,xxx
4066,xxx
4067,xxx
4068,xxx
4069,xxx
4070,xxx
4071,xxx
4072,xxx
4073,xxx
4074,xxx
4075,xxx
4076,xxx
4077,xxx
4078,xxx
4079,xxx
4080,ли́беральнѣхъ
4081,лилаво́мъ
4082,xxx
4083,xxx
4084,xxx
4085,xxx
4086,ли́нейнъ
4087,лине́йнъии
4088,xxx
4089,xxx
4090,xxx
4091,xxx
4092,xxx
4093,xxx
4094,xxx
4095,xxx
4096,xxx
4097,xxx
4098,xxx
4099,xxx
4100,xxx
4101,xxx
4102,xxx
4103,xxx
4104,xxx
4105,xxx
4106,xxx
4107,xxx
4108,xxx
4109,xxx
4110,xxx
4111,xxx
4112,xxx
4113,xxx
4114,xxx
4115,xxx
4116,xxx
4117,xxx
4118,xxx
4119,xxx
4120,xxx
4121,xxx
4122,xxx
4123,xxx
4124,xxx
4125,xxx
4126,xxx
4127,xxx
4128,xxx
4129,xxx
4130,xxx
4131,xxx
4132,xxx
4133,ло́бкаву
4134,xxx
4135,ло́бкавъии
4136,xxx
4137,xxx
4138,xxx
4139,xxx
4140,xxx
4141,xxx
4142,xxx
4143,xxx
4144,xxx
4145,xxx
4146,xxx
4147,xxx
4148,xxx
4149,xxx
4150,xxx
4151,xxx
4152,лажни́ии
4153,xxx
4154,xxx
4155,xxx
4156,xxx
4157,xxx
4158,xxx
4159,xxx
4160,xxx
4161,xxx
4162,xxx
4163,ло́яльнамьыи
4164,xxx
4165,лая́льнъ
4166,xxx
4167,xxx
4168,лукавична́ыи
4169,xxx
4170,лукави́чнѣхъии
4171,xxx
4172,xxx
4173,xxx
4174,xxx
4175,xxx
4176,xxx
4177,xxx
4178,xxx
4179,xxx
4180,xxx
4181,xxx
4182,xxx
4183,xxx
4184,xxx
4185,xxx
4186,xxx
4187,xxx
4188,xxx
4189,xxx
4190,xxx
4191,xxx
4192,xxx
4193,xxx
4194,xxx
4195,xxx
4196,xxx
4197,xxx
4198,xxx
4199,xxx
4200,xxx
4201,xxx
4202,xxx
4203,максима́льнъ
4204,маленьца́ыи
4205,xxx
4206,xxx
4207,мале́ньци
4208,xxx
4209,xxx
4210,малаважни́ии
4211,ма́лаважнъии
4212,xxx
4213,xxx
4214,xxx
4215,ма́лачисленнѣ
4216,ма́лачисленны
4217,xxx
4218,xxx
4219,xxx
4220,xxx
4221,xxx
4222,xxx
4223,xxx
4224,xxx
4225,xxx
4226,xxx
4227,xxx
4228,масси́вна
4229,xxx
4230,xxx
4231,ма́ссираваннъыи
4232,xxx
4233,массираваннѣ́ыи
4234,xxx
4235,xxx
4236,xxx
4237,xxx
4238,xxx
4239,xxx
4240,xxx
4241,xxx
4242,xxx
4243,xxx
4244,xxx
4245,xxx
4246,xxx
4247,xxx
4248,xxx
4249,махро́вамьыи
4250,ма́шиннамъии
4251,xxx
4252,xxx
4253,xxx
4254,xxx
4255,xxx
4256,xxx
4257,медиальнѣ́
4258,xxx
4259,xxx
4260,xxx
4261,xxx
4262,медленнѣ́
4263,xxx
4264,медленны́ии
4265,xxx
4266,xxx
4267,xxx
4268,xxx
4269,xxx
4270,xxx
4271,xxx
4272,xxx
4273,xxx
4274,xxx
4275,xxx
4276,xxx
4277,xxx
4278,xxx
4279,медано́сныии
4280,ме́данаснѣхъии
4281,xxx
4282,xxx
4283,xxx
4284,xxx
4285,ме́жведамственнѣхъ
4286,xxx
4287,xxx
4288,xxx
4289,xxx
4290,xxx
4291,xxx
4292,xxx
4293,xxx
4294,xxx
4295,xxx
4296,xxx
4297,xxx
4298,xxx
4299,xxx
4300,xxx
4301,xxx
4302,xxx
4303,xxx
4304,xxx
4305,xxx
4306,xxx
4307,xxx
4308,xxx
4309,xxx
4310,xxx
4311,мелади́чнѣ
4312,xxx
4313,мѣлачны́
4314,xxx
4315,xxx
4316,ме́мариальниии
4317,мемариальнъи́и
4318,мемариа́льнѣхъ
4319,xxx
4320,xxx
4321,xxx
4322,xxx
4323,xxx
4324,xxx
4325,xxx
4326,xxx
4327,xxx
4328,xxx
4329,xxx
4330,на́чинающамъии
4331,xxx
4332,мѣртвѣ́нныии
4333,xxx
4334,xxx
4335,xxx
4336,xxx
4337,мѣстаимѣнны́
4338,ме́сячныии
4339,xxx
4340,xxx
4341,xxx
4342,xxx
4343,xxx
4344,xxx
4345,xxx
4346,xxx
4347,xxx
4348,xxx
4349,метадичнъи́и
4350,xxx
4351,xxx
4352,xxx
4353,xxx
4354,xxx
4355,xxx
4356,xxx
4357,xxx
4358,xxx
4359,xxx
4360,мечтате́льнамъии
4361,xxx
4362,xxx
4363,xxx
4364,xxx
4365,xxx
4366,xxx
4367,xxx
4368,xxx
4369,xxx
4370,xxx
4371,xxx
4372,милави́дны
4373,ми́ласердну
4374,xxx
4375,ми́ласерднъ
4376,xxx
4377,xxx
4378,xxx
4379,xxx
4380,миласти́выии
4381,мималё́тнаыи
4382,xxx
4383,xxx
4384,xxx
4385,xxx
4386,xxx
4387,xxx
4388,xxx
4389,xxx
4390,xxx
4391,xxx
4392,xxx
4393,xxx
4394,минагави́
4395,ми́нагавѣхъ
4396,ми́нагавѣхъии
4397,xxx
4398,xxx
4399,xxx
4400,xxx
4401,xxx
4402,xxx
4403,xxx
4404,xxx
4405,xxx
4406,xxx
4407,xxx
4408,xxx
4409,xxx
4410,xxx
4411,xxx
4412,xxx
4413,xxx
4414,xxx
4415,xxx
4416,xxx
4417,xxx
4418,xxx
4419,xxx
4420,xxx
4421,xxx
4422,xxx
4423,xxx
4424,xxx
4425,xxx
4426,xxx
4427,xxx
4428,xxx
4429,xxx
4430,xxx
4431,мнагадетну́
4432,мнагадетни́ии
4433,xxx
4434,xxx
4435,мнагадетны́
4436,xxx
4437,xxx
4438,xxx
4439,xxx
4440,xxx
4441,xxx
4442,xxx
4443,xxx
4444,xxx
4445,xxx
4446,xxx
4447,мнагалю́дниии
4448,xxx
4449,xxx
4450,xxx
4451,xxx
4452,xxx
4453,мнагамиллио́ннамъ
4454,мнагамиллианны́
4455,xxx
4456,xxx
4457,xxx
4458,xxx
4459,xxx
4460,xxx
4461,xxx
4462,xxx
4463,xxx
4464,xxx
4465,xxx
4466,xxx
4467,xxx
4468,xxx
4469,xxx
4470,xxx
4471,xxx
4472,xxx
4473,xxx
4474,xxx
4475,xxx
4476,xxx
4477,xxx
4478,xxx
4479,xxx
4480,xxx
4481,xxx
4482,xxx
4483,xxx
4484,xxx
4485,xxx
4486,xxx
4487,xxx
4488,xxx
4489,xxx
4490,xxx
4491,xxx
4492,xxx
4493,xxx
4494,мнагастра́ннамьыи
4495,мно́гастрадальнамьыи
4496,xxx
4497,xxx
4498,xxx
4499,мнагафѫнкциана́льнѣхъии
4500,xxx
4501,xxx
4502,xxx
4503,xxx
4504,xxx
4505,xxx
4506,xxx
4507,xxx
4508,xxx
4509,xxx
4510,xxx
4511,xxx
4512,xxx
4513,xxx
4514,xxx
4515,xxx
4516,xxx
4517,xxx
4518,xxx
4519,xxx
4520,xxx
4521,xxx
4522,xxx
4523,xxx
4524,мно́жественнамьыи
4525,xxx
4526,xxx
4527,xxx
4528,xxx
4529,xxx
4530,xxx
4531,xxx
4532,xxx
4533,xxx
4534,xxx
4535,xxx
4536,xxx
4537,xxx
4538,xxx
4539,xxx
4540,xxx
4541,xxx
4542,xxx
4543,xxx
4544,xxx
4545,xxx
4546,xxx
4547,xxx
4548,xxx
4549,xxx
4550,xxx
4551,xxx
4552,xxx
4553,xxx
4554,xxx
4555,xxx
4556,xxx
4557,xxx
4558,xxx
4559,xxx
4560,xxx
4561,xxx
4562,xxx
4563,xxx
4564,xxx
4565,xxx
4566,пасле́днъ
4567,xxx
4568,xxx
4569,xxx
4570,xxx
4571,xxx
4572,xxx
4573,xxx
4574,xxx
4575,xxx
4576,xxx
4577,xxx
4578,xxx
4579,xxx
4580,xxx
4581,мо́кръыи
4582,xxx
4583,мо́кры
4584,малекуля́рнѣхъ
4585,xxx
4586,xxx
4587,xxx
4588,xxx
4589,xxx
4590,xxx
4591,xxx
4592,xxx
4593,xxx
4594,xxx
4595,xxx
4596,xxx
4597,xxx
4598,xxx
4599,xxx
4600,xxx
4601,малчали́ву
4602,xxx
4603,xxx
4604,малчали́вѣхъии
4605,xxx
4606,xxx
4607,xxx
4608,xxx
4609,xxx
4610,xxx
4611,xxx
4612,xxx
4613,xxx
4614,xxx
4615,xxx
4616,xxx
4617,xxx
4618,манато́нну
4619,xxx
4620,xxx
4621,xxx
4622,xxx
4623,xxx
4624,мо́нтажнъыи
4625,манта́жнъ
4626,xxx
4627,xxx
4628,мра́знамьыи
4629,xxx
4630,мативираваннъы́и
4631,xxx
4632,мативирава́ннъ
4633,xxx
4634,xxx
4635,мато́рныии
4636,матарны́
4637,xxx
4638,xxx
4639,xxx
4640,xxx
4641,xxx
4642,xxx
4643,xxx
4644,xxx
4645,xxx
4646,xxx
4647,xxx
4648,мо́щныии
4649,xxx
4650,xxx
4651,xxx
4652,xxx
4653,xxx
4654,xxx
4655,xxx
4656,xxx
4657,xxx
4658,xxx
4659,xxx
4660,xxx
4661,xxx
4662,xxx
4663,xxx
4664,xxx
4665,xxx
4666,xxx
4667,xxx
4668,xxx
4669,xxx
4670,xxx
4671,xxx
4672,xxx
4673,xxx
4674,xxx
4675,xxx
4676,xxx
4677,xxx
4678,xxx
4679,му́жѣствѣннаыи
4680,xxx
4681,xxx
4682,мужѣствѣнны́
4683,xxx
4684,xxx
4685,xxx
4686,xxx
4687,xxx
4688,xxx
4689,xxx
4690,xxx
4691,xxx
4692,xxx
4693,xxx
4694,xxx
4695,xxx
4696,xxx
4697,xxx
4698,xxx
4699,xxx
4700,xxx
4701,xxx
4702,му́сарнъ
4703,xxx
4704,xxx
4705,xxx
4706,xxx
4707,xxx
4708,xxx
4709,xxx
4710,му́чительныии
4711,xxx
4712,xxx
4713,мыслимъи́и
4714,мы́слительнъ
4715,xxx
4716,xxx
4717,xxx
4718,xxx
4719,xxx
4720,xxx
4721,xxx
4722,xxx
4723,xxx
4724,мы́шѣчнамъии
4725,xxx
4726,xxx
4727,xxx
4728,xxx
4729,xxx
4730,xxx
4731,xxx
4732,xxx
4733,xxx
4734,xxx
4735,xxx
4736,xxx
4737,xxx
4738,xxx
4739,xxx
4740,xxx
4741,xxx
4742,xxx
4743,xxx
4744,xxx
4745,xxx
4746,xxx
4747,xxx
4748,xxx
4749,xxx
4750,xxx
4751,xxx
4752,xxx
4753,xxx
4754,мяты́
4755,xxx
4756,xxx
4757,xxx
4758,xxx
4759,xxx
4760,xxx
4761,xxx
4762,xxx
4763,xxx
4764,xxx
4765,xxx
4766,xxx
4767,xxx
4768,xxx
4769,xxx
4770,xxx
4771,xxx
4772,xxx
4773,xxx
4774,xxx
4775,xxx
4776,на́вальнъии
4777,на́вальнамъ
4778,xxx
4779,xxx
4780,xxx
4781,xxx
4782,xxx
4783,навязчи́в
4784,xxx
4785,xxx
4786,xxx
4787,xxx
4788,xxx
4789,xxx
4790,xxx
4791,xxx
4792,xxx
4793,xxx
4794,xxx
4795,xxx
4796,xxx
4797,xxx
4798,на́гарна
4799,xxx
4800,xxx
4801,xxx
4802,xxx
4803,xxx
4804,xxx
4805,надмѣ́ннамь
4806,xxx
4807,xxx
4808,xxx
4809,xxx
4810,xxx
4811,xxx
4812,xxx
4813,xxx
4814,xxx
4815,xxx
4816,xxx
4817,xxx
4818,xxx
4819,xxx
4820,xxx
4821,xxx
4822,xxx
4823,на́думаннамь
4824,xxx
4825,xxx
4826,xxx
4827,xxx
4828,xxx
4829,xxx
4830,xxx
4831,xxx
4832,xxx
4833,на́ивниии
4834,xxx
4835,xxx
4836,накалё́ннамь
4837,накалённы́
4838,накланнѣ́
4839,на́кланныии
4840,на́капительна
4841,xxx
4842,xxx
4843,xxx
4844,xxx
4845,xxx
4846,xxx
4847,xxx
4848,xxx
4849,xxx
4850,xxx
4851,xxx
4852,xxx
4853,xxx
4854,xxx
4855,xxx
4856,xxx
4857,xxx
4858,xxx
4859,xxx
4860,xxx
4861,xxx
4862,xxx
4863,xxx
4864,напра́снѣхъ
4865,xxx
4866,xxx
4867,xxx
4868,xxx
4869,xxx
4870,xxx
4871,xxx
4872,нарядны́
4873,xxx
4874,xxx
4875,xxx
4876,xxx
4877,xxx
4878,xxx
4879,xxx
4880,xxx
4881,xxx
4882,xxx
4883,xxx
4884,xxx
4885,xxx
4886,xxx
4887,на́смешливу
4888,xxx
4889,xxx
4890,xxx
4891,насмешливо́мь
4892,на́смешливи
4893,насмешливы́ии
4894,на́стеннамьыи
4895,xxx
4896,xxx
4897,xxx
4898,xxx
4899,xxx
4900,xxx
4901,на́стайчиви
4902,xxx
4903,xxx
4904,xxx
4905,настражённа́ыи
4906,xxx
4907,xxx
4908,xxx
4909,xxx
4910,xxx
4911,xxx
4912,xxx
4913,xxx
4914,xxx
4915,xxx
4916,xxx
4917,xxx
4918,xxx
4919,xxx
4920,xxx
4921,xxx
4922,xxx
4923,xxx
4924,xxx
4925,xxx
4926,xxx
4927,xxx
4928,xxx
4929,настырны́
4930,насу́щнамь
4931,xxx
4932,xxx
4933,на́сыщѣннъыи
4934,насыщѣ́нныии
4935,xxx
4936,xxx
4937,на́туральнаыи
4938,натуральнѣ́хъ
4939,xxx
4940,xxx
4941,на́учнъыи
4942,научну́ыи
4943,xxx
4944,xxx
4945,xxx
4946,xxx
4947,научни́ии
4948,xxx
4949,наха́льнъ
4950,xxx
4951,xxx
4952,xxx
4953,xxx
4954,xxx
4955,на́хальни
4956,xxx
4957,нахадчи́ваыи
4958,на́хадчиви
4959,xxx
4960,xxx
4961,xxx
4962,xxx
4963,xxx
4964,xxx
4965,xxx
4966,xxx
4967,xxx
4968,xxx
4969,xxx
4970,xxx
4971,на́читаннъ
4972,xxx
4973,xxx
4974,на́читанныии
4975,xxx
4976,xxx
4977,xxx
4978,xxx
4979,xxx
4980,xxx
4981,xxx
4982,xxx
4983,xxx
4984,xxx
4985,xxx
4986,xxx
4987,xxx
4988,xxx
4989,xxx
4990,xxx
4991,xxx
4992,xxx
4993,xxx
4994,xxx
4995,xxx
4996,xxx
4997,xxx
4998,не́бритамъии
4999,xxx
5000,нѣбывало́мъ
5001,нѣбыва́лѣхъии
5002,нева́жнѣыи
5003,нева́жнъ
5004,xxx
5005,неведо́мы
5006,нѣвѣжли́въыи
5007,нѣвѣжли́в
5008,xxx
5009,xxx
5010,xxx
5011,xxx
5012,xxx
5013,xxx
5014,xxx
5015,xxx
5016,xxx
5017,xxx
5018,xxx
5019,xxx
5020,xxx
5021,невесё́л
5022,не́весёли
5023,невесёло́мъ
5024,xxx
5025,невесо́мѣыи
5026,xxx
5027,невзра́чна
5028,xxx
5029,xxx
5030,xxx
5031,xxx
5032,xxx
5033,xxx
5034,xxx
5035,xxx
5036,xxx
5037,xxx
5038,xxx
5039,xxx
5040,xxx
5041,xxx
5042,xxx
5043,xxx
5044,xxx
5045,xxx
5046,xxx
5047,xxx
5048,xxx
5049,xxx
5050,xxx
5051,xxx
5052,xxx
5053,xxx
5054,xxx
5055,xxx
5056,xxx
5057,xxx
5058,xxx
5059,xxx
5060,xxx
5061,xxx
5062,xxx
5063,xxx
5064,xxx
5065,xxx
5066,xxx
5067,xxx
5068,xxx
5069,нѣ́внятнуыи
5070,xxx
5071,xxx
5072,xxx
5073,нѣвазвра́тна
5074,xxx
5075,xxx
5076,xxx
5077,xxx
5078,xxx
5079,xxx
5080,нѣвазвра́тныии
5081,xxx
5082,xxx
5083,xxx
5084,невазмажнъи́и
5085,xxx
5086,xxx
5087,не́вазмутимамъ
5088,xxx
5089,xxx
5090,не́вальнѣхъ
5091,xxx
5092,xxx
5093,xxx
5094,xxx
5095,xxx
5096,xxx
5097,нѣ́врѣдимѣхъии
5098,xxx
5099,xxx
5100,xxx
5101,xxx
5102,xxx
5103,xxx
5104,xxx
5105,xxx
5106,xxx
5107,xxx
5108,xxx
5109,xxx
5110,xxx
5111,xxx
5112,xxx
5113,xxx
5114,xxx
5115,xxx
5116,xxx
5117,xxx
5118,негативно́мъ
5119,xxx
5120,xxx
5121,xxx
5122,xxx
5123,xxx
5124,xxx
5125,xxx
5126,xxx
5127,неглу́пъыи
5128,xxx
5129,xxx
5130,xxx
5131,него́днуыи
5132,xxx
5133,xxx
5134,xxx
5135,xxx
5136,xxx
5137,xxx
5138,xxx
5139,xxx
5140,xxx
5141,xxx
5142,неграматнѣ́
5143,xxx
5144,xxx
5145,xxx
5146,xxx
5147,xxx
5148,xxx
5149,xxx
5150,xxx
5151,xxx
5152,не́гуманнѣ
5153,xxx
5154,xxx
5155,xxx
5156,xxx
5157,xxx
5158,xxx
5159,xxx
5160,xxx
5161,xxx
5162,xxx
5163,не́двусмысленна
5164,xxx
5165,xxx
5166,xxx
5167,xxx
5168,xxx
5169,нѣдѣйствитѣ́льнѣхъии
5170,xxx
5171,xxx
5172,недели́мамьыи
5173,недели́мѣ
5174,нѣдисциплинираваннъы́и
5175,xxx
5176,xxx
5177,не́дабрасавестнъ
5178,xxx
5179,xxx
5180,xxx
5181,xxx
5182,xxx
5183,недо́бръыи
5184,xxx
5185,xxx
5186,xxx
5187,xxx
5188,xxx
5189,xxx
5190,xxx
5191,xxx
5192,xxx
5193,xxx
5194,недаво́льнъ
5195,недавальну́ыи
5196,недо́льзуыи
5197,xxx
5198,не́дальзамъ
5199,xxx
5200,xxx
5201,xxx
5202,xxx
5203,xxx
5204,недапустимъы́и
5205,недапустимо́мъии
5206,xxx
5207,xxx
5208,xxx
5209,xxx
5210,нѣ́драгы
5211,недастато́чнуыи
5212,xxx
5213,xxx
5214,xxx
5215,xxx
5216,недастижима́
5217,не́дастижимаыи
5218,недастижимъы́и
5219,xxx
5220,не́даступнъ
5221,недасту́пны
5222,недаступны́
5223,нѣ́думѣннъ
5224,xxx
5225,xxx
5226,xxx
5227,xxx
5228,xxx
5229,xxx
5230,не́даумённѣ
5231,xxx
5232,xxx
5233,xxx
5234,xxx
5235,нежда́ннѣхъ
5236,не́желательнъ
5237,xxx
5238,xxx
5239,не́жну
5240,xxx
5241,xxx
5242,xxx
5243,xxx
5244,незабвенны́ии
5245,xxx
5246,xxx
5247,xxx
5248,xxx
5249,xxx
5250,xxx
5251,xxx
5252,xxx
5253,xxx
5254,xxx
5255,xxx
5256,не́заканченнѣ
5257,xxx
5258,xxx
5259,xxx
5260,xxx
5261,не́замедлительнѣыи
5262,не́замедлительнѣхъ
5263,xxx
5264,xxx
5265,xxx
5266,не́заметны
5267,xxx
5268,xxx
5269,xxx
5270,xxx
5271,xxx
5272,xxx
5273,нѣ́запамятнъыи
5274,нѣ́запамятнамьыи
5275,нѣ́запамятни
5276,нѣзапамя́тнъии
5277,xxx
5278,xxx
5279,xxx
5280,xxx
5281,не́затейливиии
5282,xxx
5283,xxx
5284,xxx
5285,xxx
5286,xxx
5287,не́званѣхъии
5288,нездрави́
5289,не́значительнѣ
5290,xxx
5291,xxx
5292,xxx
5293,xxx
5294,xxx
5295,xxx
5296,xxx
5297,xxx
5298,xxx
5299,xxx
5300,xxx
5301,xxx
5302,xxx
5303,xxx
5304,xxx
5305,xxx
5306,xxx
5307,xxx
5308,xxx
5309,xxx
5310,xxx
5311,xxx
5312,xxx
5313,xxx
5314,xxx
5315,xxx
5316,xxx
5317,xxx
5318,xxx
5319,xxx
5320,xxx
5321,xxx
5322,xxx
5323,xxx
5324,xxx
5325,неизреченна́
5326,не́изреченны
5327,xxx
5328,xxx
5329,нѣимавѣрнъы́и
5330,нѣимавѣ́рнѣыи
5331,не́интрѣснуыи
5332,xxx
5333,xxx
5334,неинтрѣсны́ии
5335,неиспра́вныии
5336,xxx
5337,xxx
5338,xxx
5339,xxx
5340,xxx
5341,xxx
5342,xxx
5343,xxx
5344,xxx
5345,xxx
5346,xxx
5347,xxx
5348,xxx
5349,xxx
5350,xxx
5351,xxx
5352,xxx
5353,xxx
5354,xxx
5355,xxx
5356,нейтральны́
5357,не́йтральныии
5358,xxx
5359,xxx
5360,xxx
5361,xxx
5362,xxx
5363,xxx
5364,xxx
5365,нѣкачѣствѣнна́
5366,xxx
5367,нѣ́качѣствѣннамьыи
5368,xxx
5369,xxx
5370,xxx
5371,xxx
5372,некарректни́
5373,xxx
5374,xxx
5375,xxx
5376,xxx
5377,xxx
5378,xxx
5379,xxx
5380,xxx
5381,xxx
5382,xxx
5383,xxx
5384,xxx
5385,xxx
5386,xxx
5387,xxx
5388,xxx
5389,xxx
5390,xxx
5391,xxx
5392,xxx
5393,xxx
5394,xxx
5395,xxx
5396,xxx
5397,xxx
5398,xxx
5399,xxx
5400,xxx
5401,xxx
5402,xxx
5403,xxx
5404,xxx
5405,xxx
5406,xxx
5407,нело́жнѣ
5408,xxx
5409,xxx
5410,xxx
5411,xxx
5412,немедленно́мь
5413,xxx
5414,xxx
5415,xxx
5416,xxx
5417,xxx
5418,xxx
5419,xxx
5420,немнагаславни́
5421,не́мнагачисленнъ
5422,xxx
5423,xxx
5424,xxx
5425,не́мыии
5426,xxx
5427,xxx
5428,xxx
5429,xxx
5430,xxx
5431,xxx
5432,xxx
5433,xxx
5434,xxx
5435,xxx
5436,xxx
5437,xxx
5438,xxx
5439,немыто́мъии
5440,xxx
5441,xxx
5442,ненавистну́
5443,xxx
5444,xxx
5445,ненави́стны
5446,xxx
5447,xxx
5448,xxx
5449,xxx
5450,xxx
5451,xxx
5452,нѣна́стнъыи
5453,нѣна́стнамьыи
5454,xxx
5455,xxx
5456,xxx
5457,не́насытни
5458,xxx
5459,xxx
5460,не́насытнѣхъии
5461,xxx
5462,нѣнарма́льнѣ
5463,xxx
5464,xxx
5465,xxx
5466,xxx
5467,xxx
5468,xxx
5469,xxx
5470,xxx
5471,xxx
5472,xxx
5473,xxx
5474,xxx
5475,xxx
5476,xxx
5477,xxx
5478,xxx
5479,xxx
5480,xxx
5481,xxx
5482,xxx
5483,xxx
5484,не́абаснаваннѣ
5485,неабаснава́ннамъ
5486,xxx
5487,xxx
5488,xxx
5489,не́абузданнъыи
5490,xxx
5491,xxx
5492,xxx
5493,xxx
5494,xxx
5495,xxx
5496,xxx
5497,xxx
5498,xxx
5499,xxx
5500,xxx
5501,xxx
5502,xxx
5503,xxx
5504,xxx
5505,xxx
5506,xxx
5507,xxx
5508,xxx
5509,xxx
5510,xxx
5511,xxx
5512,xxx
5513,xxx
5514,xxx
5515,xxx
5516,xxx
5517,xxx
5518,xxx
5519,xxx
5520,xxx
5521,не́абязательнамъии
5522,xxx
5523,xxx
5524,xxx
5525,xxx
5526,xxx
5527,xxx
5528,xxx
5529,xxx
5530,xxx
5531,xxx
5532,xxx
5533,xxx
5534,xxx
5535,xxx
5536,xxx
5537,xxx
5538,xxx
5539,xxx
5540,нѣаднрадны́ии
5541,xxx
5542,xxx
5543,xxx
5544,xxx
5545,xxx
5546,xxx
5547,xxx
5548,xxx
5549,ревнастни́
5550,xxx
5551,xxx
5552,xxx
5553,xxx
5554,не́аправданнъыи
5555,неаправда́нну
5556,xxx
5557,xxx
5558,неаправданнѣ́ыи
5559,xxx
5560,xxx
5561,xxx
5562,xxx
5563,xxx
5564,xxx
5565,xxx
5566,не́апределённъ
5567,xxx
5568,xxx
5569,xxx
5570,xxx
5571,xxx
5572,xxx
5573,не́ардинарнуыи
5574,xxx
5575,xxx
5576,неардина́рнѣхъии
5577,xxx
5578,xxx
5579,xxx
5580,xxx
5581,xxx
5582,xxx
5583,xxx
5584,xxx
5585,xxx
5586,xxx
5587,xxx
5588,xxx
5589,xxx
5590,xxx
5591,xxx
5592,xxx
5593,не́астражниии
5594,xxx
5595,xxx
5596,xxx
5597,xxx
5598,xxx
5599,xxx
5600,xxx
5601,xxx
5602,xxx
5603,xxx
5604,xxx
5605,xxx
5606,xxx
5607,xxx
5608,неатло́жнамъии
5609,xxx
5610,xxx
5611,xxx
5612,xxx
5613,xxx
5614,xxx
5615,xxx
5616,xxx
5617,xxx
5618,xxx
5619,xxx
5620,xxx
5621,xxx
5622,xxx
5623,не́атрывнуыи
5624,xxx
5625,xxx
5626,xxx
5627,неатрывно́мъии
5628,xxx
5629,xxx
5630,xxx
5631,xxx
5632,не́писанѣхъии
5633,не́плах
5634,xxx
5635,xxx
5636,xxx
5637,xxx
5638,xxx
5639,xxx
5640,xxx
5641,xxx
5642,xxx
5643,xxx
5644,xxx
5645,xxx
5646,xxx
5647,xxx
5648,xxx
5649,xxx
5650,xxx
5651,xxx
5652,xxx
5653,xxx
5654,xxx
5655,xxx
5656,xxx
5657,xxx
5658,xxx
5659,xxx
5660,xxx
5661,xxx
5662,xxx
5663,xxx
5664,xxx
5665,xxx
5666,нѣ́падкупнѣхъ
5667,xxx
5668,непакарну́ыи
5669,xxx
5670,xxx
5671,непакарно́мьыи
5672,xxx
5673,xxx
5674,xxx
5675,xxx
5676,xxx
5677,xxx
5678,xxx
5679,xxx
5680,непаме́рну
5681,не́памернъ
5682,xxx
5683,xxx
5684,xxx
5685,xxx
5686,xxx
5687,xxx
5688,xxx
5689,xxx
5690,xxx
5691,xxx
5692,xxx
5693,xxx
5694,xxx
5695,xxx
5696,непаси́льнъыи
5697,xxx
5698,xxx
5699,xxx
5700,xxx
5701,xxx
5702,xxx
5703,xxx
5704,xxx
5705,xxx
5706,xxx
5707,xxx
5708,xxx
5709,xxx
5710,xxx
5711,xxx
5712,xxx
5713,xxx
5714,xxx
5715,xxx
5716,xxx
5717,xxx
5718,xxx
5719,xxx
5720,xxx
5721,xxx
5722,xxx
5723,xxx
5724,xxx
5725,xxx
5726,xxx
5727,неправе́днѣыи
5728,неправе́днъ
5729,xxx
5730,xxx
5731,xxx
5732,xxx
5733,не́правильныии
5734,xxx
5735,неправаме́рнъыи
5736,xxx
5737,xxx
5738,xxx
5739,xxx
5740,xxx
5741,xxx
5742,xxx
5743,xxx
5744,xxx
5745,xxx
5746,xxx
5747,xxx
5748,xxx
5749,xxx
5750,xxx
5751,xxx
5752,xxx
5753,xxx
5754,не́прелажнаыи
5755,непрелажну́ыи
5756,xxx
5757,xxx
5758,xxx
5759,непреме́ннѣыи
5760,непррѣкае́мѣ
5761,не́пррѣкаемыии
5762,xxx
5763,xxx
5764,xxx
5765,xxx
5766,xxx
5767,xxx
5768,xxx
5769,xxx
5770,непризля́дныии
5771,xxx
5772,xxx
5773,xxx
5774,xxx
5775,xxx
5776,xxx
5777,xxx
5778,xxx
5779,xxx
5780,xxx
5781,xxx
5782,xxx
5783,xxx
5784,xxx
5785,xxx
5786,xxx
5787,нѣприѣмлѣ́м
5788,xxx
5789,xxx
5790,нѣприѣмлѣмъи́и
5791,не́прицаснавенна
5792,xxx
5793,xxx
5794,xxx
5795,xxx
5796,неприцаснавеннѣ́хъ
5797,не́прицаснавеннѣхъии
5798,xxx
5799,xxx
5800,xxx
5801,xxx
5802,xxx
5803,xxx
5804,xxx
5805,xxx
5806,xxx
5807,xxx
5808,xxx
5809,xxx
5810,xxx
5811,xxx
5812,xxx
5813,xxx
5814,xxx
5815,xxx
5816,xxx
5817,xxx
5818,xxx
5819,xxx
5820,xxx
5821,xxx
5822,xxx
5823,xxx
5824,xxx
5825,xxx
5826,не́принуждённаыи
5827,xxx
5828,xxx
5829,xxx
5830,непринуждё́нниии
5831,xxx
5832,xxx
5833,xxx
5834,xxx
5835,xxx
5836,xxx
5837,xxx
5838,xxx
5839,xxx
5840,xxx
5841,xxx
5842,xxx
5843,xxx
5844,xxx
5845,xxx
5846,xxx
5847,xxx
5848,xxx
5849,xxx
5850,xxx
5851,xxx
5852,xxx
5853,неприя́тныии
5854,xxx
5855,xxx
5856,xxx
5857,xxx
5858,xxx
5859,не́празрачнамьыи
5860,xxx
5861,xxx
5862,xxx
5863,xxx
5864,нѣпраизвальнѣ́хъии
5865,нѣпрамакаѣма́
5866,xxx
5867,xxx
5868,xxx
5869,xxx
5870,xxx
5871,xxx
5872,xxx
5873,xxx
5874,xxx
5875,нѣ́праститѣльнамьыи
5876,xxx
5877,xxx
5878,нѣ́праститѣльны
5879,xxx
5880,xxx
5881,xxx
5882,xxx
5883,xxx
5884,xxx
5885,xxx
5886,xxx
5887,xxx
5888,не́равнамернаыи
5889,неравнаме́рнѣхъии
5890,xxx
5891,неравны́ии
5892,xxx
5893,xxx
5894,неразгаварчи́ва
5895,xxx
5896,xxx
5897,xxx
5898,xxx
5899,xxx
5900,xxx
5901,xxx
5902,xxx
5903,xxx
5904,xxx
5905,xxx
5906,xxx
5907,xxx
5908,xxx
5909,не́рвнъыи
5910,xxx
5911,xxx
5912,xxx
5913,xxx
5914,xxx
5915,xxx
5916,нрѣа́льни
5917,xxx
5918,нрѣшённа́
5919,xxx
5920,нрѣ́шительнъыи
5921,xxx
5922,нрѣшительны́ии
5923,xxx
5924,xxx
5925,xxx
5926,xxx
5927,xxx
5928,xxx
5929,xxx
5930,xxx
5931,xxx
5932,xxx
5933,xxx
5934,xxx
5935,xxx
5936,xxx
5937,xxx
5938,xxx
5939,xxx
5940,xxx
5941,xxx
5942,xxx
5943,нѣсвайствѣнни́ии
5944,xxx
5945,xxx
5946,xxx
5947,xxx
5948,xxx
5949,xxx
5950,xxx
5951,xxx
5952,несдержа́ннъ
5953,не́сдержаннъыи
5954,xxx
5955,xxx
5956,xxx
5957,xxx
5958,xxx
5959,xxx
5960,xxx
5961,xxx
5962,xxx
5963,xxx
5964,xxx
5965,xxx
5966,xxx
5967,xxx
5968,xxx
5969,не́сканчаемамьыи
5970,xxx
5971,xxx
5972,xxx
5973,нескро́мнъ
5974,xxx
5975,нескро́мни
5976,xxx
5977,xxx
5978,xxx
5979,xxx
5980,xxx
5981,xxx
5982,xxx
5983,не́слажнуыи
5984,xxx
5985,неслажны́
5986,xxx
5987,xxx
5988,xxx
5989,xxx
5990,xxx
5991,xxx
5992,xxx
5993,xxx
5994,xxx
5995,xxx
5996,xxx
5997,xxx
5998,не́сметна
5999,несметно́мь
6000,xxx
6001,xxx
6002,xxx
6003,xxx
6004,нѣ́савѣршѣннамъии
6005,xxx
6006,xxx
6007,xxx
6008,xxx
6009,xxx
6010,xxx
6011,xxx
6012,несагла́сна
6013,несастаяте́льнѣ
6014,xxx
6015,xxx
6016,xxx
6017,xxx
6018,xxx
6019,xxx
6020,xxx
6021,xxx
6022,неспешно́мъ
6023,xxx
6024,xxx
6025,xxx
6026,не́спасабнамьыи
6027,неспасабны́
6028,несправедлива́ыи
6029,xxx
6030,xxx
6031,xxx
6032,несравне́ннъ
6033,xxx
6034,xxx
6035,нестабильны́
6036,xxx
6037,xxx
6038,xxx
6039,xxx
6040,xxx
6041,не́стерпимѣ
6042,xxx
6043,xxx
6044,xxx
6045,xxx
6046,xxx
6047,xxx
6048,xxx
6049,xxx
6050,xxx
6051,нѣ́сущѣствѣннъ
6052,нѣ́счастливѣ
6053,xxx
6054,не́счастнамь
6055,не́тактичнъии
6056,xxx
6057,xxx
6058,xxx
6059,xxx
6060,xxx
6061,xxx
6062,xxx
6063,нетерпимо́мъ
6064,xxx
6065,xxx
6066,xxx
6067,xxx
6068,xxx
6069,xxx
6070,xxx
6071,xxx
6072,xxx
6073,xxx
6074,xxx
6075,нетрезвы́ии
6076,xxx
6077,xxx
6078,xxx
6079,xxx
6080,xxx
6081,xxx
6082,xxx
6083,xxx
6084,xxx
6085,xxx
6086,xxx
6087,xxx
6088,xxx
6089,неуврѣ́ннуыи
6090,xxx
6091,xxx
6092,xxx
6093,xxx
6094,xxx
6095,xxx
6096,xxx
6097,xxx
6098,xxx
6099,xxx
6100,xxx
6101,неуда́чни
6102,xxx
6103,xxx
6104,xxx
6105,xxx
6106,неудивительны́
6107,xxx
6108,xxx
6109,xxx
6110,xxx
6111,xxx
6112,xxx
6113,xxx
6114,xxx
6115,xxx
6116,xxx
6117,xxx
6118,xxx
6119,xxx
6120,xxx
6121,xxx
6122,xxx
6123,xxx
6124,xxx
6125,xxx
6126,xxx
6127,неукасните́льнъ
6128,xxx
6129,xxx
6130,xxx
6131,xxx
6132,xxx
6133,xxx
6134,xxx
6135,xxx
6136,xxx
6137,xxx
6138,xxx
6139,xxx
6140,xxx
6141,xxx
6142,xxx
6143,xxx
6144,xxx
6145,xxx
6146,xxx
6147,xxx
6148,xxx
6149,xxx
6150,xxx
6151,xxx
6152,неупакаванна́ыи
6153,xxx
6154,xxx
6155,xxx
6156,xxx
6157,неустаннѣ́хъ
6158,xxx
6159,xxx
6160,xxx
6161,xxx
6162,xxx
6163,xxx
6164,xxx
6165,xxx
6166,xxx
6167,xxx
6168,xxx
6169,xxx
6170,xxx
6171,неутешительни́ии
6172,неутешительны́ии
6173,xxx
6174,xxx
6175,нефармальнѣ́
6176,xxx
6177,xxx
6178,xxx
6179,xxx
6180,xxx
6181,xxx
6182,xxx
6183,xxx
6184,xxx
6185,xxx
6186,xxx
6187,xxx
6188,xxx
6189,xxx
6190,xxx
6191,xxx
6192,xxx
6193,xxx
6194,xxx
6195,нѣ́чѣстныии
6196,xxx
6197,xxx
6198,xxx
6199,xxx
6200,xxx
6201,xxx
6202,xxx
6203,xxx
6204,xxx
6205,xxx
6206,xxx
6207,xxx
6208,xxx
6209,нечётны́ии
6210,xxx
6211,xxx
6212,xxx
6213,xxx
6214,xxx
6215,xxx
6216,xxx
6217,не́щаднамь
6218,xxx
6219,xxx
6220,xxx
6221,xxx
6222,xxx
6223,xxx
6224,xxx
6225,нѣ́яснъ
6226,xxx
6227,xxx
6228,xxx
6229,xxx
6230,xxx
6231,xxx
6232,xxx
6233,xxx
6234,xxx
6235,xxx
6236,низкраслу́ыи
6237,xxx
6238,xxx
6239,ни́змѣннъ
6240,xxx
6241,xxx
6242,низмѣ́ннамъ
6243,xxx
6244,xxx
6245,xxx
6246,xxx
6247,xxx
6248,ни́цчёмныии
6249,xxx
6250,xxx
6251,xxx
6252,xxx
6253,xxx
6254,xxx
6255,xxx
6256,xxx
6257,xxx
6258,xxx
6259,xxx
6260,xxx
6261,xxx
6262,xxx
6263,xxx
6264,xxx
6265,xxx
6266,xxx
6267,xxx
6268,xxx
6269,xxx
6270,xxx
6271,наминальнъы́и
6272,xxx
6273,xxx
6274,но́рмальнамьыи
6275,xxx
6276,нармати́вна
6277,но́рмативнуыи
6278,xxx
6279,xxx
6280,xxx
6281,xxx
6282,xxx
6283,xxx
6284,xxx
6285,xxx
6286,xxx
6287,xxx
6288,xxx
6289,xxx
6290,xxx
6291,xxx
6292,xxx
6293,xxx
6294,нра́вствѣннѣ
6295,xxx
6296,xxx
6297,xxx
6298,нра́вствѣнны
6299,xxx
6300,xxx
6301,xxx
6302,xxx
6303,xxx
6304,xxx
6305,xxx
6306,xxx
6307,xxx
6308,xxx
6309,xxx
6310,xxx
6311,xxx
6312,xxx
6313,xxx
6314,xxx
6315,xxx
6316,xxx
6317,xxx
6318,xxx
6319,xxx
6320,абвражите́льнѣыи
6321,абвражительно́мъ
6322,абвражительны́
6323,xxx
6324,о́бвражительнѣхъ
6325,xxx
6326,абеща́нниии
6327,xxx
6328,xxx
6329,xxx
6330,аби́днаыи
6331,xxx
6332,xxx
6333,xxx
6334,xxx
6335,о́бидныии
6336,xxx
6337,xxx
6338,xxx
6339,xxx
6340,xxx
6341,xxx
6342,xxx
6343,xxx
6344,xxx
6345,xxx
6346,xxx
6347,xxx
6348,xxx
6349,xxx
6350,xxx
6351,xxx
6352,xxx
6353,xxx
6354,xxx
6355,xxx
6356,аблачна́
6357,xxx
6358,xxx
6359,xxx
6360,xxx
6361,xxx
6362,xxx
6363,xxx
6364,xxx
6365,xxx
6366,xxx
6367,xxx
6368,xxx
6369,о́бманчив
6370,xxx
6371,xxx
6372,о́бменнамь
6373,xxx
6374,xxx
6375,абнажё́ннуыи
6376,xxx
6377,xxx
6378,о́бабщённы
6379,абабщённы́ии
6380,xxx
6381,xxx
6382,абажае́миии
6383,абажае́м
6384,xxx
6385,xxx
6386,xxx
6387,xxx
6388,абажае́мыии
6389,абазри́мъии
6390,о́базримыии
6391,xxx
6392,абарванны́
6393,xxx
6394,абраните́льнъыи
6395,абранительнѣ́
6396,xxx
6397,абранительны́
6398,абраните́льнѣхъ
6399,xxx
6400,xxx
6401,xxx
6402,xxx
6403,xxx
6404,xxx
6405,xxx
6406,xxx
6407,xxx
6408,xxx
6409,xxx
6410,xxx
6411,о́бастрённи
6412,xxx
6413,xxx
6414,xxx
6415,xxx
6416,абаюднъи́и
6417,xxx
6418,о́братимѣхъ
6419,абратно́мь
6420,о́братнамьыи
6421,абра́тнѣ
6422,xxx
6423,xxx
6424,xxx
6425,абращё́нныии
6426,xxx
6427,xxx
6428,xxx
6429,абрыви́сътъ
6430,xxx
6431,о́бстаятельниии
6432,абстаяте́льнъ
6433,xxx
6434,о́буславленнъ
6435,xxx
6436,абхадитѣ́льнамъ
6437,xxx
6438,xxx
6439,xxx
6440,xxx
6441,xxx
6442,xxx
6443,xxx
6444,xxx
6445,xxx
6446,xxx
6447,xxx
6448,xxx
6449,xxx
6450,xxx
6451,xxx
6452,xxx
6453,xxx
6454,xxx
6455,xxx
6456,xxx
6457,xxx
6458,xxx
6459,xxx
6460,абщеизве́стну
6461,xxx
6462,xxx
6463,xxx
6464,xxx
6465,xxx
6466,xxx
6467,абщенациана́льнъыи
6468,xxx
6469,xxx
6470,xxx
6471,xxx
6472,xxx
6473,xxx
6474,абщепризнанну́ыи
6475,о́бщепризнаннамь
6476,xxx
6477,xxx
6478,xxx
6479,xxx
6480,xxx
6481,xxx
6482,xxx
6483,xxx
6484,о́бъщъии
6485,абщительно́мьыи
6486,xxx
6487,xxx
6488,о́бъединённъыи
6489,xxx
6490,абъективнѣ́хъии
6491,xxx
6492,xxx
6493,xxx
6494,xxx
6495,xxx
6496,xxx
6497,xxx
6498,xxx
6499,xxx
6500,xxx
6501,абъё́мнъии
6502,о́бъясним
6503,xxx
6504,xxx
6505,xxx
6506,xxx
6507,абыде́нны
6508,xxx
6509,абызвествлённѣ́
6510,абызвествлё́ннѣхъии
6511,xxx
6512,xxx
6513,xxx
6514,xxx
6515,xxx
6516,xxx
6517,абычнѣ́хъ
6518,xxx
6519,xxx
6520,xxx
6521,xxx
6522,xxx
6523,xxx
6524,xxx
6525,xxx
6526,xxx
6527,xxx
6528,xxx
6529,xxx
6530,xxx
6531,xxx
6532,xxx
6533,авальны́
6534,xxx
6535,xxx
6536,xxx
6537,xxx
6538,xxx
6539,xxx
6540,xxx
6541,xxx
6542,агнестрельна́ыи
6543,агнестре́льнъии
6544,агнестре́льнамъии
6545,xxx
6546,xxx
6547,xxx
6548,xxx
6549,xxx
6550,xxx
6551,xxx
6552,xxx
6553,xxx
6554,xxx
6555,xxx
6556,xxx
6557,xxx
6558,xxx
6559,xxx
6560,xxx
6561,xxx
6562,агро́мны
6563,xxx
6564,о́грамнѣхъии
6565,xxx
6566,xxx
6567,xxx
6568,о́детъыи
6569,xxx
6570,xxx
6571,xxx
6572,xxx
6573,xxx
6574,xxx
6575,xxx
6576,xxx
6577,адина́рны
6578,xxx
6579,xxx
6580,о́дин-ѣдинствѣнныии
6581,xxx
6582,xxx
6583,о́динакы
6584,адиначни́
6585,xxx
6586,xxx
6587,xxx
6588,xxx
6589,xxx
6590,xxx
6591,xxx
6592,xxx
6593,xxx
6594,xxx
6595,xxx
6596,xxx
6597,xxx
6598,xxx
6599,xxx
6600,xxx
6601,xxx
6602,xxx
6603,xxx
6604,xxx
6605,xxx
6606,xxx
6607,xxx
6608,xxx
6609,аднакратнъы́и
6610,xxx
6611,xxx
6612,xxx
6613,xxx
6614,xxx
6615,xxx
6616,xxx
6617,xxx
6618,xxx
6619,xxx
6620,xxx
6621,xxx
6622,xxx
6623,xxx
6624,xxx
6625,xxx
6626,xxx
6627,xxx
6628,аднрадну́
6629,xxx
6630,аднару́чнъ
6631,о́днаручнамъ
6632,xxx
6633,xxx
6634,xxx
6635,xxx
6636,xxx
6637,xxx
6638,xxx
6639,xxx
6640,xxx
6641,xxx
6642,xxx
6643,xxx
6644,xxx
6645,адушевлё́ннѣхъ
6646,xxx
6647,xxx
6648,xxx
6649,xxx
6650,азабаче́ннъ
6651,xxx
6652,xxx
6653,xxx
6654,xxx
6655,xxx
6656,xxx
6657,xxx
6658,xxx
6659,азлабле́ннъ
6660,xxx
6661,xxx
6662,xxx
6663,xxx
6664,xxx
6665,xxx
6666,xxx
6667,xxx
6668,xxx
6669,xxx
6670,xxx
6671,xxx
6672,xxx
6673,xxx
6674,xxx
6675,xxx
6676,xxx
6677,xxx
6678,xxx
6679,акруглё́нни
6680,xxx
6681,xxx
6682,xxx
6683,xxx
6684,xxx
6685,xxx
6686,xxx
6687,xxx
6688,xxx
6689,xxx
6690,xxx
6691,xxx
6692,лавяннъы́и
6693,лавя́нни
6694,xxx
6695,xxx
6696,xxx
6697,о́перативнамьыи
6698,xxx
6699,xxx
6700,xxx
6701,аппазицио́ннъ
6702,апределите́льнѣ
6703,xxx
6704,о́пределительнѣхъии
6705,xxx
6706,xxx
6707,xxx
6708,о́прятнъыи
6709,апря́тна
6710,апрятна́ыи
6711,xxx
6712,xxx
6713,xxx
6714,xxx
6715,xxx
6716,xxx
6717,xxx
6718,xxx
6719,xxx
6720,xxx
6721,xxx
6722,всѣахватывающу́
6723,превасхадну́ыи
6724,xxx
6725,xxx
6726,xxx
6727,xxx
6728,о́пытныии
6729,xxx
6730,xxx
6731,xxx
6732,xxx
6733,xxx
6734,xxx
6735,аргани́чнуыи
6736,xxx
6737,xxx
6738,о́ризинальна
6739,xxx
6740,xxx
6741,xxx
6742,ариѣнтираванни́ии
6743,ариѣнтираванны́ии
6744,xxx
6745,xxx
6746,xxx
6747,xxx
6748,xxx
6749,xxx
6750,xxx
6751,xxx
6752,xxx
6753,xxx
6754,xxx
6755,xxx
6756,xxx
6757,xxx
6758,xxx
6759,xxx
6760,xxx
6761,xxx
6762,xxx
6763,xxx
6764,о́свабадительни
6765,аскарбитѣ́льнъ
6766,xxx
6767,xxx
6768,xxx
6769,xxx
6770,xxx
6771,xxx
6772,xxx
6773,xxx
6774,xxx
6775,асабе́ннъ
6776,xxx
6777,xxx
6778,xxx
6779,xxx
6780,xxx
6781,о́сабу
6782,о́сабъыи
6783,о́саби
6784,xxx
6785,xxx
6786,xxx
6787,xxx
6788,xxx
6789,xxx
6790,xxx
6791,xxx
6792,xxx
6793,xxx
6794,аспари́мамъии
6795,xxx
6796,xxx
6797,xxx
6798,xxx
6799,астрау́мны
6800,xxx
6801,xxx
6802,xxx
6803,xxx
6804,xxx
6805,xxx
6806,о́стръ
6807,xxx
6808,асуждё́ннъ
6809,xxx
6810,xxx
6811,xxx
6812,xxx
6813,xxx
6814,атбо́рнѣ
6815,о́тбарнамъ
6816,атважна́
6817,xxx
6818,о́тважныии
6819,xxx
6820,атвесно́мь
6821,атве́сниии
6822,о́твесныии
6823,xxx
6824,xxx
6825,атветнъи́и
6826,xxx
6827,xxx
6828,xxx
6829,xxx
6830,xxx
6831,xxx
6832,xxx
6833,xxx
6834,xxx
6835,xxx
6836,xxx
6837,атветственны́ии
6838,xxx
6839,xxx
6840,xxx
6841,атдалённи́
6842,xxx
6843,xxx
6844,xxx
6845,xxx
6846,xxx
6847,xxx
6848,о́тдѣлимъыи
6849,xxx
6850,xxx
6851,xxx
6852,xxx
6853,xxx
6854,xxx
6855,xxx
6856,xxx
6857,xxx
6858,xxx
6859,xxx
6860,xxx
6861,xxx
6862,xxx
6863,xxx
6864,xxx
6865,xxx
6866,xxx
6867,xxx
6868,xxx
6869,xxx
6870,xxx
6871,xxx
6872,xxx
6873,xxx
6874,xxx
6875,xxx
6876,xxx
6877,xxx
6878,xxx
6879,xxx
6880,xxx
6881,xxx
6882,xxx
6883,xxx
6884,xxx
6885,атнасите́льнамъ
6886,о́траднъ
6887,xxx
6888,атра́днамъ
6889,xxx
6890,xxx
6891,xxx
6892,xxx
6893,xxx
6894,xxx
6895,xxx
6896,xxx
6897,xxx
6898,xxx
6899,xxx
6900,xxx
6901,xxx
6902,xxx
6903,атхо́днамь
6904,xxx
6905,xxx
6906,xxx
6907,атчая́ннъии
6908,xxx
6909,xxx
6910,xxx
6911,xxx
6912,атъявле́ннамъ
6913,xxx
6914,xxx
6915,xxx
6916,xxx
6917,xxx
6918,xxx
6919,xxx
6920,xxx
6921,xxx
6922,афшарнъы́и
6923,xxx
6924,xxx
6925,о́хатнѣыи
6926,xxx
6927,xxx
6928,xxx
6929,xxx
6930,xxx
6931,xxx
6932,xxx
6933,xxx
6934,xxx
6935,xxx
6936,xxx
6937,xxx
6938,xxx
6939,xxx
6940,xxx
6941,xxx
6942,xxx
6943,xxx
6944,xxx
6945,xxx
6946,xxx
6947,xxx
6948,xxx
6949,xxx
6950,xxx
6951,xxx
6952,xxx
6953,xxx
6954,xxx
6955,xxx
6956,xxx
6957,xxx
6958,xxx
6959,xxx
6960,ашибачнъы́и
6961,ашибо́чнуыи
6962,ашибачни́
6963,xxx
6964,ашибо́чныии
6965,xxx
6966,xxx
6967,xxx
6968,xxx
6969,xxx
6970,xxx
6971,xxx
6972,xxx
6973,xxx
6974,xxx
6975,xxx
6976,xxx
6977,xxx
6978,xxx
6979,xxx
6980,xxx
6981,xxx
6982,xxx
6983,xxx
6984,xxx
6985,xxx
6986,xxx
6987,xxx
6988,xxx
6989,xxx
6990,xxx
6991,xxx
6992,xxx
6993,xxx
6994,xxx
6995,xxx
6996,xxx
6997,xxx
6998,xxx
6999,xxx
7000,xxx
7001,xxx
7002,xxx
7003,па́ршивъыи
7004,xxx
7005,xxx
7006,xxx
7007,xxx
7008,пасму́рнъыи
7009,xxx
7010,xxx
7011,паспартнъы́и
7012,xxx
7013,xxx
7014,xxx
7015,паспартнѣ́хъии
7016,xxx
7017,xxx
7018,xxx
7019,xxx
7020,xxx
7021,xxx
7022,xxx
7023,xxx
7024,пасхальнѣ́
7025,xxx
7026,xxx
7027,xxx
7028,xxx
7029,xxx
7030,патла́тамъ
7031,патла́ты
7032,xxx
7033,xxx
7034,xxx
7035,xxx
7036,xxx
7037,xxx
7038,пе́рвичниии
7039,перви́чнъии
7040,перви́чны
7041,xxx
7042,xxx
7043,xxx
7044,xxx
7045,xxx
7046,xxx
7047,xxx
7048,пѣ́рвазданнамьыи
7049,пѣрвазданнъи́и
7050,xxx
7051,xxx
7052,xxx
7053,пѣрваклассно́мъии
7054,прѣдаваема́
7055,прѣ́даваемы
7056,xxx
7057,прѣ́креёстнъии
7058,прѣ́крёстны
7059,прѣло́мна
7060,xxx
7061,xxx
7062,xxx
7063,xxx
7064,xxx
7065,прѣламнѣ́хъии
7066,прѣме́нна
7067,xxx
7068,xxx
7069,xxx
7070,прѣме́нниии
7071,xxx
7072,xxx
7073,xxx
7074,прѣнаснъи́и
7075,xxx
7076,xxx
7077,xxx
7078,xxx
7079,xxx
7080,xxx
7081,xxx
7082,xxx
7083,xxx
7084,xxx
7085,xxx
7086,xxx
7087,xxx
7088,xxx
7089,xxx
7090,xxx
7091,xxx
7092,xxx
7093,xxx
7094,xxx
7095,xxx
7096,печа́льну
7097,печа́льниии
7098,xxx
7099,печа́тнамьыи
7100,пе́чатнамъии
7101,xxx
7102,xxx
7103,xxx
7104,xxx
7105,xxx
7106,xxx
7107,xxx
7108,пица́нтнамъии
7109,пи́сьменнѣыи
7110,пи́сьменниии
7111,xxx
7112,xxx
7113,xxx
7114,xxx
7115,xxx
7116,xxx
7117,xxx
7118,xxx
7119,плакси́выии
7120,плаксивѣ́хъ
7121,xxx
7122,xxx
7123,xxx
7124,пламенни́
7125,xxx
7126,пла́меннѣхъ
7127,xxx
7128,xxx
7129,xxx
7130,xxx
7131,пла́нетарны
7132,xxx
7133,планавъы́и
7134,xxx
7135,xxx
7136,xxx
7137,xxx
7138,xxx
7139,пла́навѣхъ
7140,планаме́рнъ
7141,xxx
7142,плачѣвнъы́и
7143,xxx
7144,xxx
7145,пла́чѣвны
7146,пле́нарны
7147,плените́льнъ
7148,xxx
7149,xxx
7150,xxx
7151,xxx
7152,xxx
7153,xxx
7154,xxx
7155,xxx
7156,пладра́дны
7157,xxx
7158,xxx
7159,xxx
7160,xxx
7161,пладатварны́
7162,xxx
7163,xxx
7164,xxx
7165,xxx
7166,xxx
7167,xxx
7168,xxx
7169,пло́тнамь
7170,пло́тнамьыи
7171,xxx
7172,платно́мъ
7173,платны́ии
7174,плюшѣ́в
7175,xxx
7176,xxx
7177,xxx
7178,xxx
7179,xxx
7180,xxx
7181,xxx
7182,xxx
7183,павальны́
7184,пава́льнѣхъии
7185,павѣржѣ́ннамь
7186,xxx
7187,xxx
7188,xxx
7189,xxx
7190,xxx
7191,паверхнастни́
7192,xxx
7193,по́виннъ
7194,xxx
7195,xxx
7196,xxx
7197,по́вазачна
7198,по́вазачнѣ
7199,xxx
7200,xxx
7201,xxx
7202,xxx
7203,xxx
7204,павратны́ии
7205,xxx
7206,xxx
7207,xxx
7208,xxx
7209,xxx
7210,xxx
7211,xxx
7212,xxx
7213,xxx
7214,по́главнъ
7215,пагреба́льнъ
7216,xxx
7217,xxx
7218,xxx
7219,xxx
7220,по́гребальныии
7221,xxx
7222,xxx
7223,пагрузо́чныии
7224,xxx
7225,xxx
7226,xxx
7227,xxx
7228,xxx
7229,по́датлива
7230,xxx
7231,по́датливѣыи
7232,по́датлив
7233,по́датливамъ
7234,xxx
7235,xxx
7236,xxx
7237,xxx
7238,xxx
7239,xxx
7240,xxx
7241,xxx
7242,xxx
7243,xxx
7244,xxx
7245,падвѣтрѣннъы́и
7246,xxx
7247,xxx
7248,падвѣтрѣ́ннѣыи
7249,xxx
7250,xxx
7251,xxx
7252,xxx
7253,xxx
7254,xxx
7255,xxx
7256,xxx
7257,падвластны́ии
7258,xxx
7259,xxx
7260,xxx
7261,xxx
7262,xxx
7263,xxx
7264,xxx
7265,xxx
7266,xxx
7267,падлъы́и
7268,xxx
7269,xxx
7270,по́дабныии
7271,xxx
7272,xxx
7273,xxx
7274,xxx
7275,xxx
7276,xxx
7277,xxx
7278,падазритѣ́льнъ
7279,xxx
7280,xxx
7281,xxx
7282,падахадна́
7283,xxx
7284,xxx
7285,по́дписаннаыи
7286,падписа́ннъ
7287,xxx
7288,xxx
7289,xxx
7290,xxx
7291,xxx
7292,xxx
7293,xxx
7294,xxx
7295,падро́бнъ
7296,xxx
7297,xxx
7298,падрабнѣ́хъ
7299,xxx
7300,по́друкавнуыи
7301,xxx
7302,xxx
7303,xxx
7304,xxx
7305,xxx
7306,xxx
7307,xxx
7308,падсазнательнъи́и
7309,xxx
7310,xxx
7311,xxx
7312,xxx
7313,xxx
7314,xxx
7315,xxx
7316,xxx
7317,xxx
7318,падфанарна́ыи
7319,xxx
7320,падфанарно́мь
7321,падфанарнъи́и
7322,падъёмнъы́и
7323,xxx
7324,xxx
7325,xxx
7326,по́жизненны
7327,xxx
7328,xxx
7329,xxx
7330,xxx
7331,xxx
7332,xxx
7333,xxx
7334,xxx
7335,xxx
7336,xxx
7337,xxx
7338,xxx
7339,xxx
7340,пазнавательнѣ́хъии
7341,по́казательнъыи
7342,xxx
7343,xxx
7344,xxx
7345,xxx
7346,по́казательнъ
7347,xxx
7348,xxx
7349,xxx
7350,xxx
7351,xxx
7352,xxx
7353,xxx
7354,xxx
7355,xxx
7356,xxx
7357,пакинута́ыи
7358,xxx
7359,xxx
7360,xxx
7361,xxx
7362,xxx
7363,xxx
7364,xxx
7365,пакинутъи́и
7366,xxx
7367,xxx
7368,палезни́
7369,палезнѣ́хъии
7370,xxx
7371,xxx
7372,xxx
7373,xxx
7374,xxx
7375,xxx
7376,xxx
7377,xxx
7378,xxx
7379,xxx
7380,xxx
7381,xxx
7382,xxx
7383,xxx
7384,палнапра́внѣхъ
7385,палнаценни́ии
7386,по́лнаценныии
7387,xxx
7388,пла́женни
7389,xxx
7390,xxx
7391,xxx
7392,xxx
7393,xxx
7394,xxx
7395,xxx
7396,xxx
7397,xxx
7398,палузабы́ти
7399,по́лузабытъии
7400,палузабыто́мъии
7401,палуаткры́т
7402,xxx
7403,по́луаткрытѣыи
7404,палупусъти́ии
7405,палупу́сътыии
7406,xxx
7407,xxx
7408,xxx
7409,xxx
7410,палѣ́
7411,по́л
7412,xxx
7413,xxx
7414,xxx
7415,xxx
7416,xxx
7417,xxx
7418,xxx
7419,xxx
7420,пампе́знаыи
7421,xxx
7422,по́мпезнъии
7423,xxx
7424,xxx
7425,xxx
7426,xxx
7427,xxx
7428,xxx
7429,xxx
7430,xxx
7431,xxx
7432,xxx
7433,xxx
7434,xxx
7435,паниже́ннамъ
7436,xxx
7437,по́нятливъыи
7438,xxx
7439,по́нятливи
7440,xxx
7441,паня́тнѣ
7442,паня́тнѣыи
7443,паня́тнъии
7444,xxx
7445,xxx
7446,xxx
7447,xxx
7448,xxx
7449,xxx
7450,папуля́рнъ
7451,xxx
7452,xxx
7453,папутну́
7454,xxx
7455,xxx
7456,по́путныии
7457,xxx
7458,xxx
7459,xxx
7460,xxx
7461,xxx
7462,xxx
7463,xxx
7464,xxx
7465,xxx
7466,xxx
7467,xxx
7468,xxx
7469,xxx
7470,xxx
7471,xxx
7472,xxx
7473,xxx
7474,xxx
7475,xxx
7476,xxx
7477,xxx
7478,xxx
7479,xxx
7480,прачны́ии
7481,xxx
7482,xxx
7483,xxx
7484,парывисътъы́и
7485,по́рывисътиии
7486,xxx
7487,xxx
7488,xxx
7489,пасаженны́
7490,по́саженны
7491,xxx
7492,xxx
7493,xxx
7494,xxx
7495,xxx
7496,xxx
7497,xxx
7498,паслушнъы́и
7499,паслу́шнуыи
7500,xxx
7501,xxx
7502,xxx
7503,xxx
7504,xxx
7505,xxx
7506,xxx
7507,xxx
7508,xxx
7509,xxx
7510,по́средственныии
7511,xxx
7512,пастанаво́чнъыи
7513,xxx
7514,xxx
7515,xxx
7516,xxx
7517,xxx
7518,xxx
7519,xxx
7520,пастѣльнѣ́ыи
7521,xxx
7522,xxx
7523,xxx
7524,xxx
7525,xxx
7526,xxx
7527,xxx
7528,xxx
7529,пастыдна́ыи
7530,xxx
7531,xxx
7532,xxx
7533,xxx
7534,по́таённамь
7535,xxx
7536,xxx
7537,xxx
7538,xxx
7539,xxx
7540,xxx
7541,xxx
7542,патаё́ннѣхъии
7543,xxx
7544,xxx
7545,xxx
7546,xxx
7547,xxx
7548,xxx
7549,xxx
7550,xxx
7551,патерянны́
7552,xxx
7553,xxx
7554,xxx
7555,xxx
7556,xxx
7557,xxx
7558,xxx
7559,xxx
7560,xxx
7561,xxx
7562,xxx
7563,xxx
7564,xxx
7565,xxx
7566,xxx
7567,патрёпанны́
7568,патрясё́нну
7569,патрясённу́ыи
7570,xxx
7571,xxx
7572,xxx
7573,xxx
7574,xxx
7575,по́тустранны
7576,патустра́нныии
7577,по́тустраннѣхъии
7578,xxx
7579,xxx
7580,xxx
7581,xxx
7582,xxx
7583,xxx
7584,xxx
7585,xxx
7586,xxx
7587,xxx
7588,xxx
7589,xxx
7590,xxx
7591,xxx
7592,по́хаднѣхъ
7593,xxx
7594,xxx
7595,xxx
7596,xxx
7597,xxx
7598,xxx
7599,xxx
7600,по́хатливу
7601,xxx
7602,xxx
7603,xxx
7604,xxx
7605,по́чтительнъыи
7606,по́чтительнамъии
7607,xxx
7608,xxx
7609,xxx
7610,по́шлъ
7611,xxx
7612,по́этапнѣыи
7613,xxx
7614,xxx
7615,xxx
7616,xxx
7617,пра́вдивамъии
7618,xxx
7619,xxx
7620,xxx
7621,xxx
7622,xxx
7623,пра́веднаыи
7624,xxx
7625,xxx
7626,xxx
7627,xxx
7628,xxx
7629,xxx
7630,xxx
7631,пра́вильныии
7632,xxx
7633,пра́вамернъ
7634,xxx
7635,xxx
7636,xxx
7637,xxx
7638,xxx
7639,xxx
7640,xxx
7641,xxx
7642,xxx
7643,xxx
7644,xxx
7645,xxx
7646,xxx
7647,xxx
7648,xxx
7649,праздни́чна
7650,пра́здничну
7651,xxx
7652,xxx
7653,пра́здничниии
7654,xxx
7655,xxx
7656,xxx
7657,xxx
7658,xxx
7659,xxx
7660,xxx
7661,превасхадно́мъ
7662,превасхо́дныии
7663,xxx
7664,превра́тнамъии
7665,xxx
7666,прѣдваритѣльно́мь
7667,xxx
7668,прѣдваритѣ́льнъ
7669,xxx
7670,xxx
7671,xxx
7672,xxx
7673,xxx
7674,xxx
7675,xxx
7676,xxx
7677,пре́дметнъ
7678,пре́дметнъыи
7679,xxx
7680,xxx
7681,xxx
7682,предназначе́ннѣхъ
7683,xxx
7684,предасудите́льну
7685,xxx
7686,xxx
7687,xxx
7688,прѣдпалагаѣ́мѣхъии
7689,xxx
7690,xxx
7691,xxx
7692,предпачтите́льныии
7693,xxx
7694,xxx
7695,xxx
7696,xxx
7697,xxx
7698,xxx
7699,xxx
7700,xxx
7701,xxx
7702,xxx
7703,xxx
7704,xxx
7705,xxx
7706,xxx
7707,прѣдставитѣ́льнамь
7708,xxx
7709,xxx
7710,xxx
7711,прѣдставитѣльни́ии
7712,xxx
7713,прѣдставитѣ́льнамъии
7714,xxx
7715,xxx
7716,xxx
7717,xxx
7718,xxx
7719,xxx
7720,xxx
7721,xxx
7722,прѣзрѣ́ннъ
7723,пре́зрительнамьыи
7724,xxx
7725,xxx
7726,xxx
7727,xxx
7728,xxx
7729,xxx
7730,xxx
7731,xxx
7732,xxx
7733,xxx
7734,xxx
7735,xxx
7736,xxx
7737,пре́кланни
7738,xxx
7739,xxx
7740,xxx
7741,xxx
7742,xxx
7743,преле́стнъии
7744,xxx
7745,xxx
7746,преле́стны
7747,xxx
7748,пре́лестныии
7749,преле́стнѣхъ
7750,xxx
7751,xxx
7752,пре́лёгьци
7753,xxx
7754,xxx
7755,xxx
7756,xxx
7757,xxx
7758,xxx
7759,пренеприятно́мь
7760,xxx
7761,xxx
7762,xxx
7763,xxx
7764,xxx
7765,xxx
7766,прерванну́ыи
7767,xxx
7768,xxx
7769,xxx
7770,xxx
7771,xxx
7772,xxx
7773,xxx
7774,xxx
7775,xxx
7776,xxx
7777,xxx
7778,xxx
7779,xxx
7780,xxx
7781,xxx
7782,xxx
7783,xxx
7784,xxx
7785,xxx
7786,xxx
7787,xxx
7788,xxx
7789,пре́снъыи
7790,xxx
7791,xxx
7792,прести́жнъ
7793,xxx
7794,xxx
7795,престранны́
7796,xxx
7797,престраннѣ́хъии
7798,xxx
7799,xxx
7800,прѣтѣнцио́знамъ
7801,xxx
7802,xxx
7803,xxx
7804,xxx
7805,приближённѣ́
7806,xxx
7807,приблизительну́ыи
7808,прибыльно́мьыи
7809,xxx
7810,xxx
7811,xxx
7812,xxx
7813,xxx
7814,xxx
7815,xxx
7816,xxx
7817,xxx
7818,xxx
7819,xxx
7820,xxx
7821,xxx
7822,xxx
7823,xxx
7824,при́вѣтствѣннамь
7825,xxx
7826,xxx
7827,xxx
7828,xxx
7829,xxx
7830,xxx
7831,xxx
7832,привычны́ии
7833,призлушённа́
7834,xxx
7835,при́злушённѣыи
7836,xxx
7837,xxx
7838,xxx
7839,xxx
7840,призра́днамъ
7841,призатавле́ннъ
7842,призатавленнъи́и
7843,xxx
7844,xxx
7845,при́емлем
7846,xxx
7847,xxx
7848,xxx
7849,xxx
7850,xxx
7851,при́знаннъ
7852,признанни́
7853,призра́чнъ
7854,xxx
7855,xxx
7856,xxx
7857,xxx
7858,xxx
7859,приле́жнъии
7860,приле́жны
7861,xxx
7862,xxx
7863,xxx
7864,xxx
7865,xxx
7866,xxx
7867,xxx
7868,xxx
7869,xxx
7870,приметни́ии
7871,xxx
7872,xxx
7873,xxx
7874,xxx
7875,xxx
7876,xxx
7877,xxx
7878,примирительно́мъии
7879,xxx
7880,xxx
7881,примитивнъы́и
7882,xxx
7883,примо́рсьцъ
7884,xxx
7885,xxx
7886,xxx
7887,xxx
7888,xxx
7889,принуждённо́мъии
7890,xxx
7891,xxx
7892,xxx
7893,xxx
7894,xxx
7895,xxx
7896,xxx
7897,xxx
7898,xxx
7899,xxx
7900,xxx
7901,xxx
7902,приаритѣтну́ыи
7903,xxx
7904,xxx
7905,xxx
7906,xxx
7907,xxx
7908,xxx
7909,xxx
7910,при́паднят
7911,xxx
7912,xxx
7913,xxx
7914,при́скарбнѣхъии
7915,при́стальна
7916,xxx
7917,xxx
7918,xxx
7919,xxx
7920,xxx
7921,xxx
7922,xxx
7923,xxx
7924,xxx
7925,xxx
7926,xxx
7927,xxx
7928,xxx
7929,xxx
7930,xxx
7931,xxx
7932,xxx
7933,xxx
7934,xxx
7935,xxx
7936,xxx
7937,xxx
7938,xxx
7939,xxx
7940,xxx
7941,xxx
7942,xxx
7943,xxx
7944,при́цѣльнамьыи
7945,xxx
7946,xxx
7947,xxx
7948,xxx
7949,прича́стнъ
7950,xxx
7951,xxx
7952,при́чиннуыи
7953,xxx
7954,xxx
7955,xxx
7956,при́чинныии
7957,xxx
7958,xxx
7959,при́чудливѣыи
7960,xxx
7961,xxx
7962,xxx
7963,xxx
7964,про́бкавѣ
7965,xxx
7966,прабкавы́ии
7967,прабкавы́ии
7968,xxx
7969,xxx
7970,xxx
7971,xxx
7972,xxx
7973,xxx
7974,xxx
7975,xxx
7976,про́бнамьыи
7977,про́врѣннъыи
7978,xxx
7979,xxx
7980,xxx
7981,xxx
7982,xxx
7983,xxx
7984,xxx
7985,xxx
7986,xxx
7987,xxx
7988,xxx
7989,xxx
7990,xxx
7991,прагресси́внъыи
7992,xxx
7993,xxx
7994,xxx
7995,xxx
7996,xxx
7997,прадажну́
7998,xxx
7999,xxx
8000,про́двинут
8001,xxx
8002,xxx
8003,xxx
8004,xxx
8005,xxx
8006,прадалжите́льнѣ
8007,прадалжите́льнѣхъии
8008,xxx
8009,xxx
8010,xxx
8011,xxx
8012,xxx
8013,xxx
8014,xxx
8015,прадальнѣ́хъ
8016,xxx
8017,xxx
8018,xxx
8019,xxx
8020,xxx
8021,xxx
8022,xxx
8023,xxx
8024,xxx
8025,xxx
8026,xxx
8027,xxx
8028,xxx
8029,xxx
8030,xxx
8031,xxx
8032,xxx
8033,праизранны́ии
8034,xxx
8035,xxx
8036,про́извадительнамъ
8037,xxx
8038,xxx
8039,xxx
8040,xxx
8041,xxx
8042,xxx
8043,праизво́льнъ
8044,xxx
8045,xxx
8046,xxx
8047,xxx
8048,xxx
8049,xxx
8050,xxx
8051,xxx
8052,прамышленнъы́и
8053,про́мышленнамъ
8054,xxx
8055,xxx
8056,xxx
8057,xxx
8058,xxx
8059,xxx
8060,xxx
8061,xxx
8062,xxx
8063,xxx
8064,xxx
8065,xxx
8066,xxx
8067,xxx
8068,xxx
8069,xxx
8070,xxx
8071,xxx
8072,xxx
8073,xxx
8074,xxx
8075,про́светлённѣыи
8076,xxx
8077,xxx
8078,xxx
8079,xxx
8080,прасвѣщё́нна
8081,xxx
8082,xxx
8083,xxx
8084,xxx
8085,xxx
8086,xxx
8087,xxx
8088,xxx
8089,праславле́нниии
8090,праславленнѣ́хъ
8091,xxx
8092,про́стадушна
8093,xxx
8094,xxx
8095,про́старны
8096,xxx
8097,xxx
8098,xxx
8099,xxx
8100,прастранну́ыи
8101,xxx
8102,xxx
8103,пративавиру́снъ
8104,пративавиру́сна
8105,пративавирусну́
8106,пративавиру́снамь
8107,пративавиру́снѣ
8108,xxx
8109,xxx
8110,xxx
8111,xxx
8112,xxx
8113,xxx
8114,xxx
8115,xxx
8116,xxx
8117,xxx
8118,xxx
8119,xxx
8120,xxx
8121,пративапажа́рну
8122,xxx
8123,xxx
8124,xxx
8125,xxx
8126,xxx
8127,про́такальнамь
8128,пратакально́мъ
8129,xxx
8130,пратакальны́ии
8131,xxx
8132,xxx
8133,пратя́жнъыи
8134,xxx
8135,xxx
8136,xxx
8137,прафессианальнѣ́хъ
8138,xxx
8139,xxx
8140,xxx
8141,xxx
8142,xxx
8143,xxx
8144,прахадимъы́и
8145,xxx
8146,xxx
8147,xxx
8148,xxx
8149,працессуа́льнамъии
8150,xxx
8151,xxx
8152,xxx
8153,xxx
8154,xxx
8155,xxx
8156,xxx
8157,xxx
8158,xxx
8159,xxx
8160,xxx
8161,xxx
8162,xxx
8163,xxx
8164,xxx
8165,xxx
8166,xxx
8167,xxx
8168,xxx
8169,xxx
8170,xxx
8171,xxx
8172,xxx
8173,xxx
8174,xxx
8175,xxx
8176,xxx
8177,xxx
8178,псисатро́пну
8179,псисатрапно́мъии
8180,xxx
8181,xxx
8182,xxx
8183,xxx
8184,xxx
8185,xxx
8186,xxx
8187,xxx
8188,xxx
8189,xxx
8190,xxx
8191,xxx
8192,xxx
8193,xxx
8194,xxx
8195,xxx
8196,пѫнктуа́льны
8197,xxx
8198,xxx
8199,xxx
8200,xxx
8201,xxx
8202,пу́тнаыи
8203,xxx
8204,xxx
8205,xxx
8206,xxx
8207,xxx
8208,xxx
8209,xxx
8210,xxx
8211,xxx
8212,xxx
8213,xxx
8214,пу́хлѣхъ
8215,xxx
8216,xxx
8217,xxx
8218,xxx
8219,xxx
8220,xxx
8221,xxx
8222,xxx
8223,xxx
8224,xxx
8225,xxx
8226,xxx
8227,xxx
8228,пышнъы́и
8229,xxx
8230,xxx
8231,xxx
8232,xxx
8233,xxx
8234,xxx
8235,xxx
8236,xxx
8237,xxx
8238,xxx
8239,xxx
8240,xxx
8241,xxx
8242,ра́внабедреннамъии
8243,равнадушни́ии
8244,ра́внадушныии
8245,равнаду́шнѣхъии
8246,xxx
8247,xxx
8248,xxx
8249,xxx
8250,xxx
8251,xxx
8252,xxx
8253,равнаправнъы́и
8254,xxx
8255,xxx
8256,xxx
8257,xxx
8258,xxx
8259,xxx
8260,xxx
8261,xxx
8262,xxx
8263,xxx
8264,радица́льнъ
8265,xxx
8266,xxx
8267,xxx
8268,xxx
8269,xxx
8270,xxx
8271,xxx
8272,радастно́мьыи
8273,xxx
8274,xxx
8275,раду́жнъ
8276,xxx
8277,xxx
8278,xxx
8279,xxx
8280,xxx
8281,раду́шныии
8282,xxx
8283,xxx
8284,xxx
8285,xxx
8286,xxx
8287,xxx
8288,xxx
8289,xxx
8290,xxx
8291,xxx
8292,xxx
8293,xxx
8294,xxx
8295,xxx
8296,xxx
8297,xxx
8298,xxx
8299,xxx
8300,xxx
8301,xxx
8302,xxx
8303,xxx
8304,xxx
8305,xxx
8306,xxx
8307,xxx
8308,xxx
8309,xxx
8310,xxx
8311,xxx
8312,развлекате́льнъ
8313,xxx
8314,xxx
8315,xxx
8316,xxx
8317,xxx
8318,раздельно́мъии
8319,раздражё́ннъии
8320,xxx
8321,xxx
8322,xxx
8323,разите́льнѣыи
8324,xxx
8325,xxx
8326,xxx
8327,xxx
8328,xxx
8329,xxx
8330,xxx
8331,xxx
8332,xxx
8333,xxx
8334,xxx
8335,xxx
8336,xxx
8337,xxx
8338,разли́чниии
8339,xxx
8340,xxx
8341,размаши́сътѣ
8342,ра́змашисътамъ
8343,размашисътѣ́хъии
8344,xxx
8345,xxx
8346,xxx
8347,xxx
8348,xxx
8349,xxx
8350,xxx
8351,xxx
8352,xxx
8353,xxx
8354,xxx
8355,ра́змернъыи
8356,xxx
8357,xxx
8358,разме́рны
8359,xxx
8360,xxx
8361,xxx
8362,xxx
8363,xxx
8364,xxx
8365,xxx
8366,xxx
8367,xxx
8368,xxx
8369,xxx
8370,xxx
8371,xxx
8372,xxx
8373,xxx
8374,xxx
8375,ра́знаплемённамъии
8376,xxx
8377,xxx
8378,xxx
8379,xxx
8380,xxx
8381,xxx
8382,xxx
8383,xxx
8384,xxx
8385,xxx
8386,xxx
8387,xxx
8388,xxx
8389,xxx
8390,xxx
8391,xxx
8392,xxx
8393,xxx
8394,xxx
8395,xxx
8396,xxx
8397,xxx
8398,xxx
8399,xxx
8400,xxx
8401,xxx
8402,xxx
8403,xxx
8404,xxx
8405,xxx
8406,xxx
8407,xxx
8408,xxx
8409,xxx
8410,xxx
8411,xxx
8412,xxx
8413,xxx
8414,xxx
8415,xxx
8416,xxx
8417,xxx
8418,xxx
8419,разреши́мамъии
8420,xxx
8421,xxx
8422,xxx
8423,xxx
8424,xxx
8425,xxx
8426,xxx
8427,xxx
8428,xxx
8429,xxx
8430,xxx
8431,xxx
8432,xxx
8433,xxx
8434,xxx
8435,xxx
8436,разрывна́
8437,xxx
8438,xxx
8439,xxx
8440,xxx
8441,xxx
8442,ра́зумнъии
8443,xxx
8444,xxx
8445,xxx
8446,ра́нѣнна
8447,xxx
8448,ра́нѣннъ
8449,раскалённъы́и
8450,раскалённо́мьыи
8451,xxx
8452,xxx
8453,xxx
8454,xxx
8455,xxx
8456,xxx
8457,xxx
8458,xxx
8459,xxx
8460,xxx
8461,xxx
8462,xxx
8463,ра́спределённыии
8464,xxx
8465,xxx
8466,xxx
8467,распрастранённа́ыи
8468,xxx
8469,xxx
8470,xxx
8471,ра́спутныии
8472,xxx
8473,xxx
8474,рассея́ннъ
8475,рассеяннѣ́
8476,xxx
8477,xxx
8478,рассея́ннамъ
8479,xxx
8480,xxx
8481,расслабле́нниии
8482,xxx
8483,расслабле́нны
8484,расслабленнѣ́хъ
8485,xxx
8486,xxx
8487,xxx
8488,xxx
8489,xxx
8490,xxx
8491,xxx
8492,xxx
8493,xxx
8494,xxx
8495,xxx
8496,xxx
8497,xxx
8498,xxx
8499,ра́стваримаыи
8500,xxx
8501,xxx
8502,xxx
8503,растеряннѣ́хъ
8504,xxx
8505,xxx
8506,xxx
8507,xxx
8508,xxx
8509,xxx
8510,расчётли́вамъ
8511,xxx
8512,рацианальну́ыи
8513,рациана́льнъ
8514,рѣакти́внъ
8515,xxx
8516,xxx
8517,рѣактивны́
8518,рѣактивнѣ́хъ
8519,реально́мъии
8520,xxx
8521,xxx
8522,xxx
8523,xxx
8524,xxx
8525,xxx
8526,xxx
8527,xxx
8528,xxx
8529,xxx
8530,ре́внастниии
8531,xxx
8532,xxx
8533,лака́льна
8534,регуля́рнамъ
8535,xxx
8536,xxx
8537,xxx
8538,редакцианнъи́и
8539,xxx
8540,xxx
8541,xxx
8542,xxx
8543,xxx
8544,xxx
8545,xxx
8546,xxx
8547,xxx
8548,xxx
8549,рѣдкастнъы́и
8550,xxx
8551,ре́звъ
8552,xxx
8553,xxx
8554,xxx
8555,xxx
8556,xxx
8557,xxx
8558,xxx
8559,xxx
8560,xxx
8561,xxx
8562,xxx
8563,xxx
8564,xxx
8565,xxx
8566,xxx
8567,xxx
8568,xxx
8569,xxx
8570,xxx
8571,xxx
8572,xxx
8573,xxx
8574,xxx
8575,xxx
8576,xxx
8577,xxx
8578,xxx
8579,xxx
8580,xxx
8581,xxx
8582,xxx
8583,xxx
8584,xxx
8585,xxx
8586,реко́рднамъ
8587,xxx
8588,xxx
8589,xxx
8590,ре́лизиазна
8591,xxx
8592,рентабельнъы́и
8593,рентабельни́
8594,xxx
8595,xxx
8596,xxx
8597,рѣ́прѣссивныии
8598,рѣспѣктабѣ́льнъ
8599,xxx
8600,xxx
8601,xxx
8602,xxx
8603,xxx
8604,xxx
8605,xxx
8606,xxx
8607,xxx
8608,xxx
8609,xxx
8610,xxx
8611,xxx
8612,xxx
8613,xxx
8614,решётчаты́
8615,xxx
8616,xxx
8617,xxx
8618,xxx
8619,xxx
8620,xxx
8621,xxx
8622,xxx
8623,xxx
8624,xxx
8625,xxx
8626,xxx
8627,xxx
8628,xxx
8629,xxx
8630,xxx
8631,xxx
8632,xxx
8633,xxx
8634,xxx
8635,xxx
8636,xxx
8637,xxx
8638,xxx
8639,xxx
8640,ро́внаыи
8641,xxx
8642,xxx
8643,xxx
8644,xxx
8645,xxx
8646,xxx
8647,xxx
8648,xxx
8649,xxx
8650,xxx
8651,xxx
8652,xxx
8653,xxx
8654,xxx
8655,xxx
8656,xxx
8657,ро́дственнѣ
8658,ро́дственнъ
8659,xxx
8660,xxx
8661,xxx
8662,разава́та
8663,ро́заватамь
8664,xxx
8665,xxx
8666,xxx
8667,xxx
8668,xxx
8669,xxx
8670,xxx
8671,раскашнѣ́
8672,xxx
8673,xxx
8674,ружейнъы́и
8675,xxx
8676,ру́кавадимъыи
8677,xxx
8678,xxx
8679,рукапи́снъ
8680,xxx
8681,ру́каписниии
8682,xxx
8683,xxx
8684,ру́катварнамьыи
8685,xxx
8686,xxx
8687,xxx
8688,xxx
8689,xxx
8690,xxx
8691,xxx
8692,xxx
8693,xxx
8694,xxx
8695,xxx
8696,xxx
8697,xxx
8698,ру́тиннъыи
8699,xxx
8700,xxx
8701,xxx
8702,xxx
8703,xxx
8704,xxx
8705,xxx
8706,xxx
8707,xxx
8708,xxx
8709,xxx
8710,xxx
8711,xxx
8712,xxx
8713,xxx
8714,xxx
8715,xxx
8716,ря́бы
8717,xxx
8718,xxx
8719,xxx
8720,сагиттальнѣ́
8721,xxx
8722,xxx
8723,xxx
8724,xxx
8725,самабы́тнъыи
8726,xxx
8727,xxx
8728,xxx
8729,са́мадельнаыи
8730,самадельнъы́и
8731,самадельны́ии
8732,xxx
8733,xxx
8734,xxx
8735,xxx
8736,xxx
8737,самадѣятѣльнѣ́хъии
8738,xxx
8739,xxx
8740,самадастато́чнѣ
8741,xxx
8742,xxx
8743,xxx
8744,xxx
8745,xxx
8746,xxx
8747,xxx
8748,xxx
8749,xxx
8750,xxx
8751,самастаяте́льнамъии
8752,самастаяте́льныии
8753,са́мауврѣнна
8754,xxx
8755,самауврѣ́ннъии
8756,xxx
8757,самауврѣнны́
8758,xxx
8759,xxx
8760,xxx
8761,санита́рнъ
8762,xxx
8763,xxx
8764,xxx
8765,xxx
8766,xxx
8767,сбрѣ́гатѣльна
8768,сбрѣгатѣ́льнѣ
8769,xxx
8770,xxx
8771,xxx
8772,xxx
8773,xxx
8774,xxx
8775,xxx
8776,xxx
8777,xxx
8778,xxx
8779,xxx
8780,xxx
8781,xxx
8782,xxx
8783,xxx
8784,xxx
8785,све́жамь
8786,све́жи
8787,xxx
8788,свѣтло́мъ
8789,сво́баднъ
8790,свабадна́ыи
8791,свабадны́
8792,xxx
8793,xxx
8794,xxx
8795,xxx
8796,xxx
8797,xxx
8798,xxx
8799,xxx
8800,xxx
8801,xxx
8802,xxx
8803,xxx
8804,xxx
8805,xxx
8806,xxx
8807,xxx
8808,xxx
8809,xxx
8810,xxx
8811,xxx
8812,xxx
8813,xxx
8814,xxx
8815,xxx
8816,xxx
8817,xxx
8818,xxx
8819,xxx
8820,xxx
8821,xxx
8822,секретно́мъ
8823,xxx
8824,xxx
8825,секретнѣ́хъ
8826,xxx
8827,сексуа́льнамь
8828,xxx
8829,xxx
8830,сенсацио́ннуыи
8831,сенсацио́ннамьыи
8832,сенсацианнѣ́хъ
8833,сѣ́рдѣчнъыи
8834,сѣ́рдѣчны
8835,xxx
8836,xxx
8837,xxx
8838,xxx
8839,xxx
8840,xxx
8841,xxx
8842,сѣрьёзно́мь
8843,xxx
8844,xxx
8845,xxx
8846,xxx
8847,xxx
8848,xxx
8849,xxx
8850,xxx
8851,xxx
8852,xxx
8853,xxx
8854,xxx
8855,xxx
8856,xxx
8857,xxx
8858,xxx
8859,xxx
8860,xxx
8861,xxx
8862,xxx
8863,xxx
8864,xxx
8865,xxx
8866,xxx
8867,xxx
8868,xxx
8869,xxx
8870,xxx
8871,xxx
8872,xxx
8873,xxx
8874,xxx
8875,xxx
8876,xxx
8877,xxx
8878,xxx
8879,xxx
8880,xxx
8881,xxx
8882,синева́тъыи
8883,xxx
8884,xxx
8885,xxx
8886,xxx
8887,xxx
8888,xxx
8889,xxx
8890,xxx
8891,xxx
8892,синхранны́
8893,сиру́
8894,xxx
8895,xxx
8896,xxx
8897,xxx
8898,xxx
8899,xxx
8900,xxx
8901,xxx
8902,xxx
8903,xxx
8904,xxx
8905,xxx
8906,xxx
8907,xxx
8908,xxx
8909,скверно́мъии
8910,скверны́ии
8911,xxx
8912,xxx
8913,скидачно́мь
8914,xxx
8915,xxx
8916,xxx
8917,ски́дачнамъии
8918,xxx
8919,xxx
8920,xxx
8921,xxx
8922,xxx
8923,xxx
8924,xxx
8925,xxx
8926,скланни́ии
8927,xxx
8928,скава́ннамьыи
8929,ско́ваннѣыи
8930,xxx
8931,xxx
8932,xxx
8933,xxx
8934,xxx
8935,xxx
8936,xxx
8937,xxx
8938,xxx
8939,xxx
8940,xxx
8941,xxx
8942,сканфуже́ннуыи
8943,xxx
8944,скарбны́
8945,ско́р
8946,xxx
8947,xxx
8948,xxx
8949,xxx
8950,xxx
8951,xxx
8952,xxx
8953,скрупулё́знѣыи
8954,xxx
8955,xxx
8956,xxx
8957,xxx
8958,скры́тны
8959,xxx
8960,xxx
8961,xxx
8962,xxx
8963,xxx
8964,xxx
8965,xxx
8966,xxx
8967,xxx
8968,ску́дныии
8969,xxx
8970,xxx
8971,xxx
8972,xxx
8973,xxx
8974,xxx
8975,xxx
8976,скульптурнъы́и
8977,xxx
8978,xxx
8979,xxx
8980,xxx
8981,xxx
8982,xxx
8983,xxx
8984,xxx
8985,xxx
8986,xxx
8987,xxx
8988,xxx
8989,ску́чнамьыи
8990,xxx
8991,xxx
8992,слабау́мны
8993,xxx
8994,xxx
8995,xxx
8996,xxx
8997,xxx
8998,xxx
8999,xxx
9000,xxx
9001,xxx
9002,xxx
9003,xxx
9004,xxx
9005,xxx
9006,xxx
9007,xxx
9008,xxx
9009,xxx
9010,xxx
9011,xxx
9012,xxx
9013,xxx
9014,xxx
9015,сла́дказвучни
9016,сладказву́чнѣхъ
9017,xxx
9018,xxx
9019,xxx
9020,xxx
9021,xxx
9022,xxx
9023,xxx
9024,xxx
9025,сладастра́стни
9026,сла́дастрастныии
9027,xxx
9028,xxx
9029,xxx
9030,xxx
9031,xxx
9032,xxx
9033,xxx
9034,славарна́ыи
9035,славарну́
9036,xxx
9037,xxx
9038,xxx
9039,xxx
9040,xxx
9041,xxx
9042,славѣ́снъ
9043,xxx
9044,слажённо́мьыи
9045,xxx
9046,слажё́нниии
9047,слажё́ннъии
9048,слажё́нны
9049,xxx
9050,слы́шим
9051,xxx
9052,xxx
9053,xxx
9054,xxx
9055,xxx
9056,xxx
9057,xxx
9058,xxx
9059,xxx
9060,смѣ́лѣыи
9061,xxx
9062,xxx
9063,xxx
9064,xxx
9065,xxx
9066,xxx
9067,xxx
9068,сме́ннѣхъии
9069,xxx
9070,xxx
9071,xxx
9072,xxx
9073,xxx
9074,xxx
9075,xxx
9076,xxx
9077,xxx
9078,сме́шаннѣхъ
9079,сми́реннъыи
9080,xxx
9081,xxx
9082,xxx
9083,xxx
9084,смиренны́ии
9085,xxx
9086,xxx
9087,сми́рнамь
9088,xxx
9089,xxx
9090,xxx
9091,xxx
9092,сму́тнъ
9093,смущё́ннъыи
9094,xxx
9095,xxx
9096,xxx
9097,xxx
9098,снаряжё́ннъ
9099,xxx
9100,xxx
9101,xxx
9102,сне́жна
9103,снежна́ыи
9104,xxx
9105,xxx
9106,снежнъи́и
9107,xxx
9108,xxx
9109,xxx
9110,xxx
9111,xxx
9112,xxx
9113,xxx
9114,xxx
9115,xxx
9116,xxx
9117,xxx
9118,xxx
9119,сно́сна
9120,сно́снъ
9121,сно́снамъии
9122,со́блазнительнѣ
9123,xxx
9124,xxx
9125,со́блазнительны
9126,сабра́ннамъ
9127,xxx
9128,со́браннѣхъии
9129,xxx
9130,xxx
9131,xxx
9132,xxx
9133,xxx
9134,xxx
9135,xxx
9136,xxx
9137,xxx
9138,xxx
9139,савещате́льнѣыи
9140,xxx
9141,савещате́льнъии
9142,xxx
9143,xxx
9144,xxx
9145,xxx
9146,савместны́
9147,xxx
9148,xxx
9149,xxx
9150,xxx
9151,xxx
9152,xxx
9153,xxx
9154,xxx
9155,савременнѣ́хъ
9156,xxx
9157,xxx
9158,xxx
9159,xxx
9160,xxx
9161,xxx
9162,садержате́льнъ
9163,садержательнѣ́хъии
9164,xxx
9165,xxx
9166,xxx
9167,xxx
9168,xxx
9169,xxx
9170,xxx
9171,сазвучну́
9172,xxx
9173,со́зданнъии
9174,xxx
9175,xxx
9176,xxx
9177,xxx
9178,xxx
9179,xxx
9180,xxx
9181,xxx
9182,xxx
9183,xxx
9184,со́знательнъыи
9185,со́знательнѣхъии
9186,со́измерим
9187,xxx
9188,сакравеннѣ́хъии
9189,xxx
9190,xxx
9191,xxx
9192,сакрушённы́ии
9193,xxx
9194,xxx
9195,xxx
9196,xxx
9197,xxx
9198,xxx
9199,xxx
9200,xxx
9201,xxx
9202,салёнѣ́
9203,xxx
9204,xxx
9205,xxx
9206,xxx
9207,xxx
9208,xxx
9209,xxx
9210,xxx
9211,xxx
9212,xxx
9213,xxx
9214,xxx
9215,салне́чнѣыи
9216,салнечни́ии
9217,салнечны́
9218,xxx
9219,xxx
9220,xxx
9221,xxx
9222,xxx
9223,xxx
9224,xxx
9225,xxx
9226,xxx
9227,xxx
9228,xxx
9229,xxx
9230,xxx
9231,xxx
9232,xxx
9233,xxx
9234,xxx
9235,xxx
9236,xxx
9237,xxx
9238,xxx
9239,xxx
9240,xxx
9241,xxx
9242,xxx
9243,xxx
9244,xxx
9245,xxx
9246,xxx
9247,xxx
9248,xxx
9249,xxx
9250,xxx
9251,со́паставим
9252,xxx
9253,саразмѣрна́ыи
9254,xxx
9255,xxx
9256,xxx
9257,xxx
9258,xxx
9259,xxx
9260,xxx
9261,xxx
9262,састаяте́льнъ
9263,со́стаятельнъии
9264,xxx
9265,сачетае́миии
9266,xxx
9267,сачну́
9268,xxx
9269,xxx
9270,xxx
9271,xxx
9272,со́чныии
9273,xxx
9274,xxx
9275,xxx
9276,xxx
9277,xxx
9278,xxx
9279,xxx
9280,xxx
9281,xxx
9282,спасительна́ыи
9283,xxx
9284,xxx
9285,спасите́льни
9286,xxx
9287,спе́ктральнъ
9288,xxx
9289,xxx
9290,xxx
9291,xxx
9292,xxx
9293,спекулятивнѣ́хъии
9294,xxx
9295,спела́
9296,xxx
9297,xxx
9298,xxx
9299,xxx
9300,xxx
9301,xxx
9302,xxx
9303,xxx
9304,xxx
9305,xxx
9306,xxx
9307,xxx
9308,xxx
9309,xxx
9310,xxx
9311,xxx
9312,xxx
9313,специа́льна
9314,xxx
9315,xxx
9316,специальнѣ́хъ
9317,xxx
9318,xxx
9319,xxx
9320,xxx
9321,xxx
9322,xxx
9323,xxx
9324,xxx
9325,спешнѣ́
9326,xxx
9327,xxx
9328,xxx
9329,xxx
9330,xxx
9331,xxx
9332,xxx
9333,xxx
9334,сплачённы́ии
9335,xxx
9336,спако́йны
9337,xxx
9338,xxx
9339,xxx
9340,xxx
9341,xxx
9342,xxx
9343,xxx
9344,спо́ртивнъ
9345,xxx
9346,xxx
9347,xxx
9348,спо́сабныии
9349,xxx
9350,xxx
9351,справачни́
9352,справачнъи́и
9353,xxx
9354,xxx
9355,xxx
9356,xxx
9357,сравните́льнъ
9358,сравните́льнъ
9359,xxx
9360,xxx
9361,xxx
9362,стаби́льнъ
9363,xxx
9364,xxx
9365,xxx
9366,xxx
9367,xxx
9368,xxx
9369,xxx
9370,xxx
9371,стандартны́ии
9372,xxx
9373,ста́риннуыи
9374,xxx
9375,xxx
9376,xxx
9377,xxx
9378,старамо́днъ
9379,xxx
9380,xxx
9381,xxx
9382,xxx
9383,xxx
9384,xxx
9385,xxx
9386,xxx
9387,стекля́ннъии
9388,xxx
9389,xxx
9390,стери́льна
9391,сте́рильнъии
9392,xxx
9393,сте́снительнъыи
9394,xxx
9395,xxx
9396,xxx
9397,xxx
9398,xxx
9399,xxx
9400,xxx
9401,стиси́йни
9402,сти́сийнамъ
9403,xxx
9404,стисатварны́ии
9405,xxx
9406,xxx
9407,xxx
9408,xxx
9409,xxx
9410,xxx
9411,xxx
9412,xxx
9413,xxx
9414,xxx
9415,xxx
9416,xxx
9417,xxx
9418,xxx
9419,xxx
9420,стапрацентну́ыи
9421,xxx
9422,xxx
9423,сто́чнѣыи
9424,сто́чны
9425,стаячу́ыи
9426,xxx
9427,xxx
9428,сто́ячѣ
9429,xxx
9430,xxx
9431,xxx
9432,xxx
9433,xxx
9434,xxx
9435,стра́дательнѣ
9436,xxx
9437,xxx
9438,xxx
9439,xxx
9440,xxx
9441,xxx
9442,xxx
9443,xxx
9444,xxx
9445,xxx
9446,xxx
9447,xxx
9448,xxx
9449,xxx
9450,xxx
9451,xxx
9452,xxx
9453,xxx
9454,xxx
9455,xxx
9456,xxx
9457,xxx
9458,xxx
9459,xxx
9460,xxx
9461,xxx
9462,xxx
9463,xxx
9464,xxx
9465,стрё́мнѣыи
9466,xxx
9467,xxx
9468,xxx
9469,xxx
9470,стро́йнѣхъ
9471,стро́птивыии
9472,xxx
9473,xxx
9474,xxx
9475,студё́н
9476,xxx
9477,xxx
9478,xxx
9479,xxx
9480,xxx
9481,xxx
9482,xxx
9483,xxx
9484,сту́пенчатамьыи
9485,ступенчаты́ии
9486,сту́пенчатѣхъ
9487,xxx
9488,xxx
9489,xxx
9490,xxx
9491,стыднѣ́ыи
9492,сты́дниии
9493,сты́днъии
9494,xxx
9495,xxx
9496,xxx
9497,xxx
9498,xxx
9499,xxx
9500,xxx
9501,xxx
9502,xxx
9503,xxx
9504,xxx
9505,xxx
9506,xxx
9507,суврѣ́нны
9508,xxx
9509,xxx
9510,судражна́
9511,xxx
9512,xxx
9513,xxx
9514,xxx
9515,xxx
9516,xxx
9517,xxx
9518,xxx
9519,xxx
9520,xxx
9521,xxx
9522,xxx
9523,xxx
9524,xxx
9525,xxx
9526,суетнѣ́
9527,xxx
9528,xxx
9529,xxx
9530,су́каннѣхъии
9531,xxx
9532,xxx
9533,xxx
9534,xxx
9535,xxx
9536,xxx
9537,xxx
9538,сумма́рнъыи
9539,су́ммарнамь
9540,xxx
9541,xxx
9542,xxx
9543,xxx
9544,xxx
9545,сумра́чнъ
9546,xxx
9547,xxx
9548,су́мрачнѣыи
9549,xxx
9550,xxx
9551,су́рави
9552,xxx
9553,xxx
9554,xxx
9555,xxx
9556,xxx
9557,xxx
9558,xxx
9559,xxx
9560,суто́чнамъии
9561,су́тулиии
9562,xxx
9563,xxx
9564,xxx
9565,xxx
9566,xxx
9567,xxx
9568,xxx
9569,xxx
9570,сухару́к
9571,сухару́кы
9572,xxx
9573,xxx
9574,xxx
9575,xxx
9576,xxx
9577,xxx
9578,xxx
9579,xxx
9580,xxx
9581,существительна́ыи
9582,xxx
9583,xxx
9584,xxx
9585,xxx
9586,xxx
9587,xxx
9588,xxx
9589,xxx
9590,xxx
9591,xxx
9592,xxx
9593,xxx
9594,xxx
9595,сущно́стнамьыи
9596,xxx
9597,xxx
9598,xxx
9599,схо́днъ
9600,xxx
9601,xxx
9602,xxx
9603,xxx
9604,xxx
9605,xxx
9606,xxx
9607,xxx
9608,xxx
9609,xxx
9610,xxx
9611,xxx
9612,xxx
9613,съедо́бнамьыи
9614,xxx
9615,xxx
9616,xxx
9617,xxx
9618,xxx
9619,xxx
9620,xxx
9621,xxx
9622,сытно́мьыи
9623,сы́тнѣыи
9624,сытно́мъ
9625,xxx
9626,сы́тныии
9627,xxx
9628,xxx
9629,xxx
9630,xxx
9631,xxx
9632,xxx
9633,xxx
9634,xxx
9635,xxx
9636,xxx
9637,xxx
9638,xxx
9639,xxx
9640,сюже́тнаыи
9641,xxx
9642,xxx
9643,xxx
9644,сюжетнѣ́хъии
9645,таинстве́ннъ
9646,та́инственну
9647,xxx
9648,xxx
9649,xxx
9650,xxx
9651,xxx
9652,xxx
9653,xxx
9654,xxx
9655,xxx
9656,xxx
9657,та́кава
9658,та́кавъыи
9659,xxx
9660,xxx
9661,xxx
9662,xxx
9663,xxx
9664,xxx
9665,xxx
9666,xxx
9667,xxx
9668,xxx
9669,xxx
9670,xxx
9671,тексти́льнъ
9672,xxx
9673,те́кстильнуыи
9674,xxx
9675,xxx
9676,тексти́льнамъ
9677,xxx
9678,xxx
9679,xxx
9680,xxx
9681,xxx
9682,xxx
9683,xxx
9684,xxx
9685,тѣлѣграфна́
9686,xxx
9687,xxx
9688,телесно́мъ
9689,xxx
9690,xxx
9691,теле́снѣхъ
9692,xxx
9693,xxx
9694,xxx
9695,xxx
9696,xxx
9697,xxx
9698,xxx
9699,xxx
9700,xxx
9701,xxx
9702,xxx
9703,xxx
9704,xxx
9705,xxx
9706,xxx
9707,xxx
9708,темпераме́нтниии
9709,xxx
9710,xxx
9711,xxx
9712,xxx
9713,xxx
9714,xxx
9715,xxx
9716,xxx
9717,xxx
9718,xxx
9719,xxx
9720,xxx
9721,xxx
9722,xxx
9723,xxx
9724,xxx
9725,xxx
9726,xxx
9727,xxx
9728,xxx
9729,xxx
9730,терпеливѣ́хъ
9731,xxx
9732,xxx
9733,xxx
9734,xxx
9735,xxx
9736,xxx
9737,xxx
9738,xxx
9739,xxx
9740,xxx
9741,xxx
9742,xxx
9743,xxx
9744,xxx
9745,xxx
9746,xxx
9747,xxx
9748,xxx
9749,xxx
9750,xxx
9751,xxx
9752,xxx
9753,тѣснѣ́
9754,xxx
9755,xxx
9756,xxx
9757,xxx
9758,xxx
9759,xxx
9760,xxx
9761,xxx
9762,тёмна-каричне́в
9763,тёмна-каричнево́мьыи
9764,xxx
9765,xxx
9766,xxx
9767,xxx
9768,xxx
9769,xxx
9770,xxx
9771,xxx
9772,xxx
9773,xxx
9774,xxx
9775,тё́мна-синѣхъии
9776,xxx
9777,xxx
9778,xxx
9779,xxx
9780,xxx
9781,xxx
9782,xxx
9783,xxx
9784,xxx
9785,xxx
9786,тё́мнъ
9787,xxx
9788,xxx
9789,xxx
9790,тё́мнѣыи
9791,тё́мни
9792,тё́мныии
9793,типичну́
9794,xxx
9795,типи́чнамьыи
9796,xxx
9797,xxx
9798,xxx
9799,xxx
9800,xxx
9801,xxx
9802,xxx
9803,xxx
9804,xxx
9805,xxx
9806,тле́тварнамьыи
9807,xxx
9808,xxx
9809,xxx
9810,xxx
9811,таждестве́нныии
9812,xxx
9813,xxx
9814,xxx
9815,xxx
9816,xxx
9817,xxx
9818,xxx
9819,xxx
9820,xxx
9821,xxx
9822,xxx
9823,xxx
9824,то́лкавѣхъии
9825,xxx
9826,xxx
9827,xxx
9828,xxx
9829,xxx
9830,xxx
9831,xxx
9832,xxx
9833,xxx
9834,xxx
9835,xxx
9836,xxx
9837,xxx
9838,тапли́внъ
9839,xxx
9840,таржественни́ии
9841,xxx
9842,xxx
9843,xxx
9844,xxx
9845,xxx
9846,xxx
9847,таршерны́ии
9848,xxx
9849,xxx
9850,xxx
9851,xxx
9852,xxx
9853,xxx
9854,то́тальниии
9855,xxx
9856,xxx
9857,xxx
9858,таче́чныии
9859,таче́чнѣхъии
9860,xxx
9861,xxx
9862,то́чнѣ
9863,то́чнѣыи
9864,xxx
9865,xxx
9866,xxx
9867,то́шнъии
9868,xxx
9869,xxx
9870,то́шныии
9871,xxx
9872,xxx
9873,трагичну́
9874,тра́гичнѣыи
9875,xxx
9876,xxx
9877,xxx
9878,xxx
9879,xxx
9880,xxx
9881,xxx
9882,xxx
9883,xxx
9884,xxx
9885,xxx
9886,xxx
9887,транснациана́льнъ
9888,xxx
9889,тра́нссексуальны
9890,xxx
9891,xxx
9892,xxx
9893,xxx
9894,xxx
9895,xxx
9896,xxx
9897,xxx
9898,xxx
9899,xxx
9900,xxx
9901,xxx
9902,тре́буемы
9903,xxx
9904,xxx
9905,xxx
9906,xxx
9907,трѣнираво́чнамь
9908,тре́петнъ
9909,xxx
9910,xxx
9911,трце́петнъыи
9912,xxx
9913,xxx
9914,xxx
9915,xxx
9916,xxx
9917,xxx
9918,xxx
9919,xxx
9920,трагательна́ыи
9921,xxx
9922,xxx
9923,xxx
9924,xxx
9925,xxx
9926,xxx
9927,xxx
9928,xxx
9929,xxx
9930,xxx
9931,xxx
9932,xxx
9933,xxx
9934,xxx
9935,xxx
9936,xxx
9937,тру́бнамъии
9938,xxx
9939,xxx
9940,xxx
9941,xxx
9942,xxx
9943,xxx
9944,xxx
9945,xxx
9946,xxx
9947,xxx
9948,xxx
9949,xxx
9950,xxx
9951,xxx
9952,xxx
9953,xxx
9954,xxx
9955,xxx
9956,xxx
9957,xxx
9958,тру́даёмьциии
9959,xxx
9960,xxx
9961,xxx
9962,xxx
9963,xxx
9964,xxx
9965,xxx
9966,тру́сливы
9967,xxx
9968,xxx
9969,xxx
9970,тупаугальнъы́и
9971,xxx
9972,xxx
9973,тучни́ии
9974,xxx
9975,xxx
9976,xxx
9977,xxx
9978,xxx
9979,тщатѣ́льны
9980,xxx
9981,xxx
9982,xxx
9983,xxx
9984,xxx
9985,xxx
9986,тще́тныии
9987,xxx
9988,xxx
9989,тыльны́ии
9990,xxx
9991,xxx
9992,xxx
9993,xxx
9994,xxx
9995,xxx
9996,xxx
9997,xxx
9998,xxx
9999,xxx
10000,тяжѣлабамбардираво́чнъ
10001,тяжѣлабамбардиравачнѣ́хъии
10002,xxx
10003,тяжёлѣ́ыи
10004,xxx
10005,у́бедительнъ
10006,xxx
10007,убеждённъи́и
10008,убийственнъы́и
10009,убийственны́ии
10010,xxx
10011,xxx
10012,xxx
10013,xxx
10014,xxx
10015,xxx
10016,xxx
10017,xxx
10018,xxx
10019,xxx
10020,xxx
10021,xxx
10022,xxx
10023,уважите́льна
10024,xxx
10025,xxx
10026,xxx
10027,xxx
10028,уврѣ́ннѣыи
10029,xxx
10030,xxx
10031,xxx
10032,xxx
10033,xxx
10034,xxx
10035,xxx
10036,xxx
10037,xxx
10038,xxx
10039,xxx
10040,xxx
10041,xxx
10042,xxx
10043,xxx
10044,xxx
10045,у́влечённѣхъии
10046,xxx
10047,xxx
10048,xxx
10049,xxx
10050,xxx
10051,xxx
10052,xxx
10053,xxx
10054,угнетённѣ́ыи
10055,xxx
10056,xxx
10057,xxx
10058,xxx
10059,xxx
10060,угрюмы́ии
10061,xxx
10062,xxx
10063,xxx
10064,xxx
10065,xxx
10066,xxx
10067,xxx
10068,xxx
10069,xxx
10070,xxx
10071,удивите́льнъии
10072,удивите́льны
10073,xxx
10074,xxx
10075,удивлё́нны
10076,xxx
10077,xxx
10078,xxx
10079,xxx
10080,xxx
10081,xxx
10082,xxx
10083,xxx
10084,xxx
10085,xxx
10086,xxx
10087,xxx
10088,xxx
10089,xxx
10090,xxx
10091,xxx
10092,xxx
10093,xxx
10094,xxx
10095,xxx
10096,удавлетварительна́ыи
10097,удавлетварительну́ыи
10098,xxx
10099,xxx
10100,xxx
10101,xxx
10102,у́езднамъии
10103,xxx
10104,xxx
10105,ужасающу́ыи
10106,xxx
10107,xxx
10108,xxx
10109,xxx
10110,xxx
10111,xxx
10112,xxx
10113,xxx
10114,xxx
10115,узкакале́йнъ
10116,xxx
10117,xxx
10118,xxx
10119,xxx
10120,xxx
10121,xxx
10122,xxx
10123,xxx
10124,xxx
10125,xxx
10126,xxx
10127,xxx
10128,xxx
10129,xxx
10130,xxx
10131,xxx
10132,xxx
10133,xxx
10134,xxx
10135,xxx
10136,xxx
10137,xxx
10138,укро́мнаыи
10139,xxx
10140,украмно́мьыи
10141,xxx
10142,xxx
10143,xxx
10144,укро́мнъии
10145,xxx
10146,xxx
10147,xxx
10148,xxx
10149,xxx
10150,xxx
10151,xxx
10152,xxx
10153,xxx
10154,xxx
10155,xxx
10156,xxx
10157,xxx
10158,xxx
10159,xxx
10160,xxx
10161,xxx
10162,xxx
10163,xxx
10164,умрѣннъы́и
10165,xxx
10166,xxx
10167,уместны́
10168,xxx
10169,xxx
10170,xxx
10171,xxx
10172,xxx
10173,xxx
10174,xxx
10175,xxx
10176,xxx
10177,xxx
10178,xxx
10179,xxx
10180,xxx
10181,xxx
10182,xxx
10183,xxx
10184,xxx
10185,xxx
10186,xxx
10187,xxx
10188,xxx
10189,у́мышленнамъ
10190,xxx
10191,xxx
10192,униже́ннъии
10193,xxx
10194,xxx
10195,xxx
10196,xxx
10197,униженнѣ́хъ
10198,xxx
10199,xxx
10200,xxx
10201,xxx
10202,xxx
10203,xxx
10204,xxx
10205,xxx
10206,xxx
10207,xxx
10208,xxx
10209,xxx
10210,xxx
10211,xxx
10212,xxx
10213,у́питаннамъии
10214,xxx
10215,xxx
10216,xxx
10217,упущенны́ии
10218,упуще́ннѣхъ
10219,xxx
10220,xxx
10221,xxx
10222,xxx
10223,xxx
10224,xxx
10225,у́серднамъ
10226,усиле́ннъыи
10227,xxx
10228,xxx
10229,xxx
10230,xxx
10231,xxx
10232,xxx
10233,xxx
10234,xxx
10235,xxx
10236,xxx
10237,xxx
10238,у́служливыии
10239,успе́шны
10240,xxx
10241,xxx
10242,устала́ыи
10243,xxx
10244,xxx
10245,xxx
10246,xxx
10247,xxx
10248,xxx
10249,xxx
10250,xxx
10251,xxx
10252,xxx
10253,xxx
10254,xxx
10255,xxx
10256,xxx
10257,xxx
10258,утешите́льнъ
10259,утешите́льнъ
10260,у́тешительнъыи
10261,xxx
10262,xxx
10263,у́тамлённуыи
10264,утамлё́ннъыи
10265,xxx
10266,xxx
10267,xxx
10268,xxx
10269,xxx
10270,xxx
10271,у́чебнъыи
10272,xxx
10273,у́чебнѣхъии
10274,учѣ́ннъ
10275,учѣннъы́и
10276,xxx
10277,у́чётнамьыи
10278,xxx
10279,xxx
10280,xxx
10281,ую́тнамьыи
10282,xxx
10283,xxx
10284,xxx
10285,xxx
10286,xxx
10287,xxx
10288,xxx
10289,xxx
10290,xxx
10291,xxx
10292,xxx
10293,xxx
10294,xxx
10295,xxx
10296,xxx
10297,xxx
10298,xxx
10299,фанати́чнъ
10300,xxx
10301,xxx
10302,xxx
10303,федерати́внъ
10304,федеративно́мьыи
10305,xxx
10306,xxx
10307,xxx
10308,xxx
10309,xxx
10310,xxx
10311,xxx
10312,xxx
10313,xxx
10314,xxx
10315,xxx
10316,xxx
10317,xxx
10318,финальнъы́и
10319,xxx
10320,xxx
10321,фо́рсажну
10322,фо́рсажны
10323,xxx
10324,xxx
10325,xxx
10326,xxx
10327,xxx
10328,xxx
10329,xxx
10330,xxx
10331,xxx
10332,xxx
10333,xxx
10334,xxx
10335,xxx
10336,фризидны́
10337,xxx
10338,фѫнкцианально́мъ
10339,xxx
10340,фѫ́нкцианальны
10341,xxx
10342,xxx
10343,xxx
10344,xxx
10345,xxx
10346,xxx
10347,xxx
10348,xxx
10349,xxx
10350,xxx
10351,xxx
10352,xxx
10353,xxx
10354,xxx
10355,xxx
10356,xxx
10357,xxx
10358,xxx
10359,xxx
10360,xxx
10361,xxx
10362,xxx
10363,xxx
10364,xxx
10365,xxx
10366,xxx
10367,xxx
10368,xxx
10369,xxx
10370,xxx
10371,xxx
10372,xxx
10373,xxx
10374,xxx
10375,xxx
10376,xxx
10377,xxx
10378,xxx
10379,xxx
10380,xxx
10381,xxx
10382,xxx
10383,xxx
10384,xxx
10385,xxx
10386,xxx
10387,xxx
10388,xxx
10389,xxx
10390,xxx
10391,xxx
10392,xxx
10393,xxx
10394,xxx
10395,xxx
10396,xxx
10397,xxx
10398,xxx
10399,xxx
10400,xxx
10401,xxx
10402,xxx
10403,xxx
10404,xxx
10405,xxx
10406,xxx
10407,хло́патлив
10408,xxx
10409,xxx
10410,xxx
10411,хлапатнѣ́хъ
10412,xxx
10413,xxx
10414,xxx
10415,xxx
10416,xxx
10417,хадя́чи
10418,хре́нав
10419,хре́навыии
10420,xxx
10421,xxx
10422,xxx
10423,xxx
10424,xxx
10425,xxx
10426,xxx
10427,xxx
10428,xxx
10429,xxx
10430,xxx
10431,xxx
10432,xxx
10433,xxx
10434,xxx
10435,xxx
10436,xxx
10437,xxx
10438,xxx
10439,xxx
10440,xxx
10441,xxx
10442,xxx
10443,xxx
10444,xxx
10445,xxx
10446,xxx
10447,xxx
10448,xxx
10449,xxx
10450,xxx
10451,xxx
10452,xxx
10453,xxx
10454,xxx
10455,xxx
10456,xxx
10457,хуёвъы́и
10458,xxx
10459,xxx
10460,царствѣ́ннъ
10461,царствѣннъы́и
10462,xxx
10463,xxx
10464,xxx
10465,xxx
10466,xxx
10467,xxx
10468,xxx
10469,цвѣ́тасътѣыи
10470,це́лесаабразнъыи
10471,целесаабразна́
10472,це́лесаабразнуыи
10473,целамудренно́мьыи
10474,xxx
10475,xxx
10476,xxx
10477,цѣластны́
10478,xxx
10479,xxx
10480,xxx
10481,xxx
10482,xxx
10483,xxx
10484,xxx
10485,xxx
10486,xxx
10487,xxx
10488,xxx
10489,xxx
10490,xxx
10491,xxx
10492,xxx
10493,xxx
10494,xxx
10495,xxx
10496,xxx
10497,xxx
10498,xxx
10499,xxx
10500,цѣ́мѣнтныии
10501,xxx
10502,ценно́стна
10503,xxx
10504,xxx
10505,xxx
10506,xxx
10507,xxx
10508,xxx
10509,xxx
10510,xxx
10511,xxx
10512,xxx
10513,xxx
10514,xxx
10515,xxx
10516,xxx
10517,xxx
10518,xxx
10519,xxx
10520,xxx
10521,xxx
10522,xxx
10523,xxx
10524,xxx
10525,xxx
10526,xxx
10527,xxx
10528,xxx
10529,xxx
10530,xxx
10531,xxx
10532,ци́ничны
10533,xxx
10534,цини́чнѣхъ
10535,xxx
10536,xxx
10537,xxx
10538,xxx
10539,xxx
10540,xxx
10541,xxx
10542,xxx
10543,xxx
10544,xxx
10545,xxx
10546,xxx
10547,черни́льнъыи
10548,че́рнильнамьыи
10549,xxx
10550,xxx
10551,xxx
10552,xxx
10553,xxx
10554,xxx
10555,xxx
10556,xxx
10557,xxx
10558,xxx
10559,xxx
10560,xxx
10561,чёртавъы́и
10562,xxx
10563,xxx
10564,xxx
10565,чёрто́ваыи
10566,xxx
10567,чё́ртавѣхъ
10568,xxx
10569,xxx
10570,xxx
10571,xxx
10572,xxx
10573,xxx
10574,xxx
10575,xxx
10576,xxx
10577,xxx
10578,xxx
10579,xxx
10580,xxx
10581,xxx
10582,xxx
10583,xxx
10584,xxx
10585,xxx
10586,xxx
10587,xxx
10588,xxx
10589,xxx
10590,xxx
10591,xxx
10592,числе́ннуыи
10593,численни́
10594,числе́ннъ
10595,xxx
10596,xxx
10597,xxx
10598,xxx
10599,xxx
10600,xxx
10601,членараздельны́
10602,чле́нараздельнѣхъ
10603,xxx
10604,xxx
10605,xxx
10606,xxx
10607,xxx
10608,xxx
10609,xxx
10610,xxx
10611,xxx
10612,xxx
10613,xxx
10614,xxx
10615,xxx
10616,чувствительно́мь
10617,xxx
10618,чу́вствительниии
10619,xxx
10620,xxx
10621,xxx
10622,чугу́ннуыи
10623,чу́гунни
10624,xxx
10625,xxx
10626,xxx
10627,xxx
10628,xxx
10629,xxx
10630,xxx
10631,xxx
10632,xxx
10633,xxx
10634,xxx
10635,xxx
10636,xxx
10637,xxx
10638,xxx
10639,ша́тьцъ
10640,ши́бьцъ
10641,ши́бьцѣыи
10642,xxx
10643,xxx
10644,xxx
10645,xxx
10646,xxx
10647,xxx
10648,xxx
10649,xxx
10650,ши́ракакалейни
10651,xxx
10652,xxx
10653,xxx
10654,xxx
10655,xxx
10656,xxx
10657,xxx
10658,xxx
10659,xxx
10660,xxx
10661,xxx
10662,xxx
10663,xxx
10664,xxx
10665,xxx
10666,xxx
10667,xxx
10668,xxx
10669,xxx
10670,xxx
10671,xxx
10672,xxx
10673,xxx
10674,xxx
10675,xxx
10676,xxx
10677,xxx
10678,щитави́днаыи
10679,xxx
10680,xxx
10681,xxx
10682,xxx
10683,xxx
10684,xxx
10685,xxx
10686,xxx
10687,xxx
10688,xxx
10689,xxx
10690,xxx
10691,xxx
10692,xxx
10693,xxx
10694,xxx
10695,xxx
10696,xxx
10697,э́квивалентну
10698,xxx
10699,xxx
10700,э́квивалентнъии
10701,xxx
10702,xxx
10703,xxx
10704,xxx
10705,xxx
10706,xxx
10707,xxx
10708,xxx
10709,xxx
10710,xxx
10711,xxx
10712,xxx
10713,xxx
10714,xxx
10715,xxx
10716,xxx
10717,xxx
10718,xxx
10719,xxx
10720,xxx
10721,xxx
10722,xxx
10723,xxx
10724,xxx
10725,xxx
10726,xxx
10727,xxx
10728,э́кспѣримѣнтальнъыи
10729,xxx
10730,xxx
10731,xxx
10732,xxx
10733,xxx
10734,xxx
10735,xxx
10736,xxx
10737,xxx
10738,xxx
10739,xxx
10740,xxx
10741,xxx
10742,xxx
10743,экстравага́нтныии
10744,xxx
10745,xxx
10746,xxx
10747,xxx
10748,xxx
10749,xxx
10750,xxx
10751,xxx
10752,на́калённъыи
10753,xxx
10754,xxx
10755,xxx
10756,xxx
10757,электранна́
10758,xxx
10759,xxx
10760,xxx
10761,xxx
10762,xxx
10763,xxx
10764,xxx
10765,xxx
10766,xxx
10767,xxx
10768,xxx
10769,xxx
10770,элитарны́
10771,xxx
10772,xxx
10773,xxx
10774,xxx
10775,xxx
10776,xxx
10777,xxx
10778,xxx
10779,xxx
10780,xxx
10781,xxx
10782,xxx
10783,xxx
10784,xxx
10785,xxx
10786,xxx
10787,xxx
10788,xxx
10789,xxx
10790,эмацианальнѣ́ыи
10791,xxx
10792,xxx
10793,xxx
10794,xxx
10795,xxx
10796,xxx
10797,xxx
10798,xxx
10799,xxx
10800,xxx
10801,xxx
10802,xxx
10803,xxx
10804,xxx
10805,xxx
10806,xxx
10807,эрати́чну
10808,эрати́чнъ
10809,xxx
10810,xxx
10811,э́таланну
10812,xxx
10813,э́таланнъ
10814,xxx
10815,xxx
10816,xxx
10817,xxx
10818,xxx
10819,эффе́ктнъыи
10820,эффе́ктнамьыи
10821,xxx
10822,xxx
10823,xxx
10824,xxx
10825,xxx
10826,xxx
10827,xxx
10828,xxx
10829,xxx
10830,ю́радивъыи
10831,xxx
10832,я́блачнъии
10833,яблачны́ии
10834,xxx
10835,xxx
10836,xxx
10837,xxx
10838,xxx
10839,xxx
10840,xxx
10841,xxx
10842,xxx
10843,явстве́нны
10844,xxx
10845,xxx
10846,xxx
10847,xxx
10848,xxx
10849,xxx
10850,xxx
10851,xxx
10852,xxx
10853,xxx
10854,янта́рнѣыи
10855,я́нтарнъ
10856,xxx
10857,xxx
10858,xxx
10859,xxx
10860,xxx
10861,xxx
10862,xxx
10863,xxx
10864,xxx
10865,xxx
10866,xxx
10867,xxx
10868,xxx
10869,xxx
10870,xxx
10871,xxx
10872,xxx
10873,вѣрхна́
10874,xxx
10875,xxx
10876,ве́сеннъ
10877,весенно́мьыи
10878,xxx
10879,xxx
10880,xxx
10881,вѣчѣ́рнъ
10882,xxx
10883,xxx
10884,xxx
10885,xxx
10886,xxx
10887,внешнѣ́ыи
10888,внутре́нна
10889,всѣгда́шнъыи
10890,всѣгда́шнъыи
10891,xxx
10892,вы́саченнаыи
10893,xxx
10894,xxx
10895,xxx
10896,xxx
10897,xxx
10898,xxx
10899,xxx
10900,xxx
10901,xxx
10902,xxx
10903,xxx
10904,xxx
10905,xxx
10906,xxx
10907,xxx
10908,xxx
10909,xxx
10910,xxx
10911,давнишнѣ́хъии
10912,до́ваеннамъии
10913,здѣ́шнамь
10914,xxx
10915,здѣ́шниии
10916,xxx
10917,xxx
10918,xxx
10919,xxx
10920,xxx
10921,xxx
10922,касве́ннъыи
10923,xxx
10924,xxx
10925,xxx
10926,xxx
10927,xxx
10928,xxx
10929,xxx
10930,xxx
10931,xxx
10932,xxx
10933,xxx
10934,xxx
10935,xxx
10936,xxx
10937,xxx
10938,xxx
10939,xxx
10940,xxx
10941,xxx
10942,мы́сленнѣхъии
10943,xxx
10944,xxx
10945,xxx
10946,xxx
10947,xxx
10948,xxx
10949,xxx
10950,xxx
10951,xxx
10952,xxx
10953,xxx
10954,xxx
10955,xxx
10956,xxx
10957,xxx
10958,xxx
10959,xxx
10960,асе́ннъ
10961,xxx
10962,xxx
10963,xxx
10964,xxx
10965,xxx
10966,по́лугалыии
10967,xxx
10968,xxx
10969,xxx
10970,xxx
10971,xxx
10972,xxx
10973,xxx
10974,xxx
10975,пре́жна
10976,прежнѣ́
10977,xxx
10978,xxx
10979,пре́жны
10980,xxx
10981,xxx
10982,приё́мнаыи
10983,xxx
10984,xxx
10985,xxx
10986,xxx
10987,xxx
10988,xxx
10989,сегадня́шнъ
10990,се́гадняшнамьыи
10991,xxx
10992,xxx
10993,xxx
10994,xxx
10995,xxx
10996,xxx
10997,xxx
10998,xxx
10999,xxx
11000,xxx
11001,xxx
11002,странны́
11003,xxx
11004,та́машнъыи
11005,xxx
11006,тамо́шныии
11007,тёмна-серъы́и
11008,тёмна-се́рыии
11009,xxx
11010,xxx
11011,xxx
11012,xxx
11013,xxx
11014,xxx
11015,xxx
11016,xxx
11017,xxx
11018,xxx
11019,xxx
11020,xxx
11021,xxx
11022,xxx
11023,xxx
11024,xxx
11025,ярка-красно́мъии
11026,xxx
11027,xxx
11028,xxx
11029,xxx
11030,xxx
11031,xxx
11032,xxx
11033,аарано́вѣхъ
11034,аарано́всьцуыи
11035,xxx
11036,xxx
11037,аарано́всьциии
11038,xxx
11039,xxx
11040,xxx
11041,xxx
11042,xxx
11043,xxx
11044,а́бадансьцѣхъ
11045,xxx
11046,xxx
11047,абазинсьцѣ́ыи
11048,а́базинсьци
11049,а́базинсьциии
11050,xxx
11051,xxx
11052,xxx
11053,xxx
11054,абиентна́
11055,xxx
11056,xxx
11057,xxx
11058,xxx
11059,xxx
11060,xxx
11061,xxx
11062,xxx
11063,xxx
11064,xxx
11065,xxx
11066,xxx
11067,xxx
11068,xxx
11069,абитуриѣ́нтсьци
11070,абитуриѣнтсьцѣ́хъ
11071,а́бляцианнамь
11072,xxx
11073,xxx
11074,а́бляцианнамъии
11075,xxx
11076,xxx
11077,xxx
11078,xxx
11079,xxx
11080,xxx
11081,xxx
11082,xxx
11083,xxx
11084,xxx
11085,xxx
11086,xxx
11087,xxx
11088,а́брицасаваыи
11089,xxx
11090,xxx
11091,xxx
11092,абсалютистсьцѣ́хъии
11093,xxx
11094,xxx
11095,xxx
11096,xxx
11097,xxx
11098,xxx
11099,xxx
11100,xxx
11101,xxx
11102,а́бсарбентну
11103,абсарбируе́мѣ
11104,xxx
11105,xxx
11106,xxx
11107,а́бсарбирующѣ
11108,xxx
11109,xxx
11110,xxx
11111,xxx
11112,xxx
11113,абсцизо́в
11114,абсцизавѣ́хъ
11115,xxx
11116,xxx
11117,xxx
11118,xxx
11119,xxx
11120,xxx
11121,xxx
11122,xxx
11123,а́варсьца
11124,xxx
11125,xxx
11126,xxx
11127,xxx
11128,xxx
11129,xxx
11130,xxx
11131,а́вестийсьцъии
11132,xxx
11133,xxx
11134,xxx
11135,xxx
11136,xxx
11137,xxx
11138,xxx
11139,xxx
11140,xxx
11141,xxx
11142,xxx
11143,xxx
11144,xxx
11145,xxx
11146,xxx
11147,xxx
11148,xxx
11149,xxx
11150,xxx
11151,xxx
11152,xxx
11153,xxx
11154,xxx
11155,xxx
11156,xxx
11157,xxx
11158,xxx
11159,xxx
11160,xxx
11161,xxx
11162,xxx
11163,xxx
11164,xxx
11165,xxx
11166,xxx
11167,xxx
11168,xxx
11169,xxx
11170,xxx
11171,xxx
11172,xxx
11173,xxx
11174,xxx
11175,xxx
11176,xxx
11177,xxx
11178,xxx
11179,xxx
11180,xxx
11181,автабусно́мь
11182,xxx
11183,xxx
11184,xxx
11185,xxx
11186,xxx
11187,xxx
11188,xxx
11189,xxx
11190,xxx
11191,xxx
11192,xxx
11193,автаритѣ́тнамъии
11194,автаритѣ́тныии
11195,xxx
11196,xxx
11197,xxx
11198,xxx
11199,а́втатранспартны
11200,xxx
11201,агнастичесьцъы́и
11202,агнастичесьцо́мъии
11203,xxx
11204,xxx
11205,агу́льсьцъ
11206,агу́льсьцъ
11207,а́гульсьцамъ
11208,xxx
11209,xxx
11210,xxx
11211,xxx
11212,xxx
11213,xxx
11214,xxx
11215,xxx
11216,xxx
11217,xxx
11218,xxx
11219,xxx
11220,xxx
11221,xxx
11222,xxx
11223,xxx
11224,xxx
11225,xxx
11226,а́давамъии
11227,адриатиче́сьцъыи
11228,xxx
11229,xxx
11230,xxx
11231,xxx
11232,xxx
11233,xxx
11234,xxx
11235,xxx
11236,xxx
11237,xxx
11238,xxx
11239,xxx
11240,xxx
11241,xxx
11242,xxx
11243,xxx
11244,xxx
11245,xxx
11246,xxx
11247,азербайджа́нсьцаыи
11248,xxx
11249,xxx
11250,азиатсьца́ыи
11251,xxx
11252,xxx
11253,азиатсьцо́мъ
11254,xxx
11255,xxx
11256,xxx
11257,xxx
11258,xxx
11259,xxx
11260,xxx
11261,xxx
11262,xxx
11263,xxx
11264,xxx
11265,xxx
11266,актавы́ии
11267,акциане́рнуыи
11268,акциане́рнѣ
11269,xxx
11270,xxx
11271,xxx
11272,xxx
11273,алебастраво́мъ
11274,xxx
11275,алеутсьцу́ыи
11276,xxx
11277,xxx
11278,xxx
11279,xxx
11280,аллѣргичну́ыи
11281,xxx
11282,алта́йсьциии
11283,xxx
11284,xxx
11285,xxx
11286,xxx
11287,xxx
11288,xxx
11289,xxx
11290,xxx
11291,xxx
11292,xxx
11293,xxx
11294,xxx
11295,xxx
11296,xxx
11297,xxx
11298,xxx
11299,xxx
11300,альпи́йсьцъыи
11301,альпи́йсьцамьыи
11302,xxx
11303,xxx
11304,xxx
11305,xxx
11306,xxx
11307,xxx
11308,xxx
11309,xxx
11310,xxx
11311,xxx
11312,xxx
11313,xxx
11314,xxx
11315,xxx
11316,xxx
11317,xxx
11318,xxx
11319,xxx
11320,xxx
11321,америца́нсьцамь
11322,xxx
11323,xxx
11324,xxx
11325,xxx
11326,xxx
11327,xxx
11328,xxx
11329,xxx
11330,xxx
11331,xxx
11332,xxx
11333,xxx
11334,xxx
11335,xxx
11336,xxx
11337,xxx
11338,xxx
11339,xxx
11340,xxx
11341,xxx
11342,xxx
11343,а́мурсьци
11344,xxx
11345,xxx
11346,xxx
11347,xxx
11348,xxx
11349,xxx
11350,xxx
11351,xxx
11352,xxx
11353,xxx
11354,xxx
11355,xxx
11356,xxx
11357,а́натамичесьцъыи
11358,анатамиче́сьци
11359,xxx
11360,а́натамичесьци
11361,xxx
11362,а́нахраничесьцамьыи
11363,ангальсьца́ыи
11364,xxx
11365,анго́льсьцѣхъии
11366,xxx
11367,а́надни
11368,ано́дниии
11369,xxx
11370,xxx
11371,xxx
11372,xxx
11373,xxx
11374,xxx
11375,xxx
11376,антиамерица́нсьцъыи
11377,xxx
11378,xxx
11379,xxx
11380,xxx
11381,xxx
11382,xxx
11383,xxx
11384,xxx
11385,xxx
11386,xxx
11387,xxx
11388,а́нтивируснѣыи
11389,xxx
11390,антивирусны́
11391,xxx
11392,xxx
11393,xxx
11394,xxx
11395,xxx
11396,антиахийсьцо́мьыи
11397,xxx
11398,а́нтипаднъыи
11399,xxx
11400,xxx
11401,xxx
11402,xxx
11403,xxx
11404,xxx
11405,xxx
11406,xxx
11407,xxx
11408,xxx
11409,xxx
11410,xxx
11411,xxx
11412,xxx
11413,xxx
11414,а́нтисаветсьциии
11415,xxx
11416,xxx
11417,xxx
11418,xxx
11419,xxx
11420,xxx
11421,xxx
11422,xxx
11423,xxx
11424,xxx
11425,xxx
11426,xxx
11427,xxx
11428,xxx
11429,xxx
11430,xxx
11431,xxx
11432,xxx
11433,xxx
11434,xxx
11435,xxx
11436,xxx
11437,xxx
11438,xxx
11439,xxx
11440,xxx
11441,xxx
11442,xxx
11443,xxx
11444,xxx
11445,xxx
11446,xxx
11447,xxx
11448,xxx
11449,xxx
11450,xxx
11451,xxx
11452,xxx
11453,xxx
11454,xxx
11455,xxx
11456,xxx
11457,xxx
11458,апасто́льсьцамьыи
11459,апасто́льсьцѣ
11460,xxx
11461,xxx
11462,xxx
11463,xxx
11464,xxx
11465,xxx
11466,xxx
11467,апре́льсьцѣ
11468,апрельсьци́ии
11469,xxx
11470,xxx
11471,аптѣ́чныии
11472,xxx
11473,xxx
11474,xxx
11475,xxx
11476,xxx
11477,xxx
11478,xxx
11479,xxx
11480,xxx
11481,xxx
11482,xxx
11483,xxx
11484,xxx
11485,xxx
11486,xxx
11487,xxx
11488,xxx
11489,xxx
11490,а́ргентинсьцѣ
11491,xxx
11492,xxx
11493,xxx
11494,аргентинсьцо́мъ
11495,xxx
11496,xxx
11497,xxx
11498,xxx
11499,xxx
11500,xxx
11501,xxx
11502,xxx
11503,xxx
11504,xxx
11505,xxx
11506,xxx
11507,xxx
11508,xxx
11509,xxx
11510,xxx
11511,xxx
11512,xxx
11513,xxx
11514,xxx
11515,xxx
11516,xxx
11517,xxx
11518,xxx
11519,xxx
11520,xxx
11521,xxx
11522,xxx
11523,xxx
11524,xxx
11525,xxx
11526,xxx
11527,xxx
11528,армейсьцу́ыи
11529,xxx
11530,xxx
11531,артиллери́йсьцѣ
11532,xxx
11533,xxx
11534,xxx
11535,xxx
11536,xxx
11537,xxx
11538,xxx
11539,архивну́
11540,xxx
11541,xxx
11542,xxx
11543,а́рхирѣйсьца
11544,xxx
11545,xxx
11546,архимедо́ви
11547,xxx
11548,xxx
11549,асбесто́вамъии
11550,xxx
11551,xxx
11552,xxx
11553,а́септичесьцамь
11554,xxx
11555,xxx
11556,xxx
11557,асимптатиче́сьцъ
11558,xxx
11559,xxx
11560,xxx
11561,xxx
11562,xxx
11563,xxx
11564,xxx
11565,xxx
11566,ассамсьцо́мьыи
11567,ассамсьци́
11568,xxx
11569,xxx
11570,xxx
11571,xxx
11572,xxx
11573,xxx
11574,xxx
11575,xxx
11576,xxx
11577,xxx
11578,xxx
11579,xxx
11580,xxx
11581,xxx
11582,xxx
11583,xxx
11584,xxx
11585,xxx
11586,xxx
11587,xxx
11588,xxx
11589,xxx
11590,xxx
11591,xxx
11592,xxx
11593,атавистичесьцу́ыи
11594,xxx
11595,xxx
11596,xxx
11597,xxx
11598,xxx
11599,xxx
11600,xxx
11601,xxx
11602,xxx
11603,xxx
11604,xxx
11605,xxx
11606,xxx
11607,xxx
11608,xxx
11609,xxx
11610,xxx
11611,атмасфернѣ́ыи
11612,атмасферны́ии
11613,xxx
11614,xxx
11615,xxx
11616,xxx
11617,xxx
11618,xxx
11619,xxx
11620,xxx
11621,xxx
11622,xxx
11623,xxx
11624,xxx
11625,xxx
11626,афа́рсьцъ
11627,а́фарсьцамь
11628,xxx
11629,xxx
11630,xxx
11631,афа́ррсьцѣхъ
11632,афинсьцо́мъ
11633,афинсьцо́мъии
11634,а́финсьцѣхъии
11635,xxx
11636,xxx
11637,xxx
11638,xxx
11639,xxx
11640,афразийсьцъи́и
11641,xxx
11642,xxx
11643,xxx
11644,xxx
11645,xxx
11646,xxx
11647,xxx
11648,xxx
11649,xxx
11650,xxx
11651,xxx
11652,а́хеменидсьциии
11653,ахеменидсьци́ии
11654,xxx
11655,xxx
11656,xxx
11657,xxx
11658,xxx
11659,xxx
11660,xxx
11661,xxx
11662,xxx
11663,xxx
11664,xxx
11665,xxx
11666,xxx
11667,xxx
11668,xxx
11669,xxx
11670,xxx
11671,xxx
11672,xxx
11673,xxx
11674,xxx
11675,xxx
11676,бава́рсьцуыи
11677,xxx
11678,xxx
11679,xxx
11680,xxx
11681,ба́женавсьцѣыи
11682,xxx
11683,xxx
11684,бакинсьцѣ́
11685,xxx
11686,xxx
11687,xxx
11688,xxx
11689,xxx
11690,xxx
11691,xxx
11692,xxx
11693,xxx
11694,xxx
11695,xxx
11696,xxx
11697,xxx
11698,xxx
11699,xxx
11700,ба́лансавы
11701,xxx
11702,xxx
11703,бале́тниии
11704,xxx
11705,xxx
11706,xxx
11707,xxx
11708,xxx
11709,xxx
11710,балтийсьцъы́и
11711,xxx
11712,xxx
11713,xxx
11714,банано́вѣыи
11715,xxx
11716,xxx
11717,xxx
11718,банди́тсьцамъии
11719,xxx
11720,xxx
11721,xxx
11722,xxx
11723,xxx
11724,xxx
11725,xxx
11726,xxx
11727,xxx
11728,xxx
11729,xxx
11730,xxx
11731,xxx
11732,xxx
11733,xxx
11734,xxx
11735,xxx
11736,бара́ну
11737,xxx
11738,xxx
11739,xxx
11740,xxx
11741,xxx
11742,xxx
11743,баскетбо́льнъ
11744,баскетбальна́
11745,xxx
11746,баскетбально́мьыи
11747,xxx
11748,xxx
11749,xxx
11750,xxx
11751,xxx
11752,баско́нсьцъ
11753,xxx
11754,xxx
11755,xxx
11756,xxx
11757,бассейнаво́мъии
11758,xxx
11759,xxx
11760,xxx
11761,бего́въыи
11762,бегавѣ́
11763,xxx
11764,xxx
11765,xxx
11766,xxx
11767,xxx
11768,xxx
11769,xxx
11770,xxx
11771,xxx
11772,xxx
11773,xxx
11774,бѣзалкагальны́ии
11775,xxx
11776,безвизо́вамь
11777,xxx
11778,xxx
11779,xxx
11780,xxx
11781,xxx
11782,xxx
11783,xxx
11784,xxx
11785,бе́звыхадныии
11786,бѣ́здамнъ
11787,xxx
11788,бе́ззвёзднамъ
11789,xxx
11790,безнамерну́
11791,xxx
11792,xxx
11793,xxx
11794,xxx
11795,xxx
11796,бе́заткатну
11797,xxx
11798,безаткатно́мъ
11799,xxx
11800,xxx
11801,xxx
11802,xxx
11803,xxx
11804,xxx
11805,xxx
11806,бе́лградсьца
11807,xxx
11808,xxx
11809,беле́ньцъыи
11810,xxx
11811,xxx
11812,xxx
11813,xxx
11814,xxx
11815,xxx
11816,xxx
11817,xxx
11818,xxx
11819,белу́джсьцъыи
11820,xxx
11821,xxx
11822,xxx
11823,бе́луджсьциии
11824,бе́льзийсьцаыи
11825,бензино́в
11826,xxx
11827,xxx
11828,xxx
11829,xxx
11830,xxx
11831,xxx
11832,брѣстя́н
11833,бѣ́рёзавиии
11834,xxx
11835,xxx
11836,xxx
11837,xxx
11838,xxx
11839,xxx
11840,xxx
11841,xxx
11842,xxx
11843,xxx
11844,бѣ́риллавъыи
11845,xxx
11846,xxx
11847,xxx
11848,xxx
11849,xxx
11850,xxx
11851,xxx
11852,xxx
11853,xxx
11854,xxx
11855,бе́ссаннъ
11856,xxx
11857,xxx
11858,xxx
11859,xxx
11860,xxx
11861,xxx
11862,xxx
11863,xxx
11864,xxx
11865,xxx
11866,xxx
11867,xxx
11868,xxx
11869,би́блейсьцъ
11870,xxx
11871,библе́йсьциии
11872,xxx
11873,xxx
11874,xxx
11875,xxx
11876,xxx
11877,xxx
11878,xxx
11879,xxx
11880,xxx
11881,би́лагичесьциии
11882,биахимиче́сьцъ
11883,xxx
11884,xxx
11885,xxx
11886,биржеву́
11887,биржеви́ии
11888,биржевѣ́хъии
11889,бирмансьца́ыи
11890,xxx
11891,xxx
11892,xxx
11893,xxx
11894,би́рмансьцѣ
11895,xxx
11896,xxx
11897,xxx
11898,xxx
11899,xxx
11900,xxx
11901,xxx
11902,xxx
11903,xxx
11904,xxx
11905,xxx
11906,xxx
11907,xxx
11908,xxx
11909,благатварите́льна
11910,xxx
11911,xxx
11912,xxx
11913,xxx
11914,благауха́ннъыи
11915,бла́гауханнуыи
11916,благауха́ннъыи
11917,xxx
11918,xxx
11919,благауха́нны
11920,xxx
11921,xxx
11922,ближневастачнѣ́хъ
11923,xxx
11924,xxx
11925,xxx
11926,xxx
11927,xxx
11928,xxx
11929,xxx
11930,xxx
11931,xxx
11932,xxx
11933,xxx
11934,xxx
11935,xxx
11936,xxx
11937,xxx
11938,xxx
11939,xxx
11940,xxx
11941,xxx
11942,бо́гѣмсьцамь
11943,xxx
11944,xxx
11945,xxx
11946,xxx
11947,бо́ж
11948,бо́жѣхъии
11949,xxx
11950,xxx
11951,xxx
11952,xxx
11953,xxx
11954,xxx
11955,балевѣ́
11956,бо́леви
11957,xxx
11958,барто́вамьыи
11959,барто́вы
11960,бартавы́ии
11961,барто́вѣхъ
11962,xxx
11963,xxx
11964,xxx
11965,xxx
11966,xxx
11967,xxx
11968,xxx
11969,xxx
11970,xxx
11971,басансьцу́
11972,xxx
11973,бо́сансьцамъ
11974,xxx
11975,xxx
11976,xxx
11977,xxx
11978,xxx
11979,басни́йсьци
11980,xxx
11981,xxx
11982,xxx
11983,xxx
11984,xxx
11985,xxx
11986,xxx
11987,xxx
11988,бо́ярсьцъии
11989,бо́ярсьциии
11990,xxx
11991,xxx
11992,xxx
11993,xxx
11994,xxx
11995,xxx
11996,xxx
11997,xxx
11998,xxx
11999,xxx
12000,xxx
12001,xxx
12002,xxx
12003,xxx
12004,xxx
12005,xxx
12006,xxx
12007,xxx
12008,xxx
12009,xxx
12010,xxx
12011,xxx
12012,xxx
12013,xxx
12014,xxx
12015,xxx
12016,брезентавъи́и
12017,xxx
12018,xxx
12019,xxx
12020,xxx
12021,xxx
12022,xxx
12023,бри́заднѣхъ
12024,xxx
12025,xxx
12026,xxx
12027,xxx
12028,xxx
12029,бро́нев
12030,бране́вамьыи
12031,бранну́ыи
12032,xxx
12033,xxx
12034,xxx
12035,xxx
12036,бро́нны
12037,брю́шнаыи
12038,xxx
12039,xxx
12040,xxx
12041,xxx
12042,xxx
12043,xxx
12044,xxx
12045,xxx
12046,бубно́в
12047,xxx
12048,xxx
12049,xxx
12050,будни́чнѣ
12051,xxx
12052,xxx
12053,xxx
12054,xxx
12055,xxx
12056,xxx
12057,xxx
12058,xxx
12059,xxx
12060,xxx
12061,xxx
12062,xxx
12063,xxx
12064,xxx
12065,xxx
12066,xxx
12067,xxx
12068,xxx
12069,xxx
12070,xxx
12071,xxx
12072,xxx
12073,xxx
12074,xxx
12075,бу́рятсьцъыи
12076,xxx
12077,xxx
12078,xxx
12079,xxx
12080,буря́тсьци
12081,xxx
12082,xxx
12083,xxx
12084,xxx
12085,xxx
12086,xxx
12087,xxx
12088,xxx
12089,xxx
12090,xxx
12091,xxx
12092,xxx
12093,бе́зличнъ
12094,бы́лъии
12095,быстрахадна́ыи
12096,быстрахадну́ыи
12097,xxx
12098,xxx
12099,xxx
12100,xxx
12101,xxx
12102,быто́выии
12103,xxx
12104,xxx
12105,xxx
12106,xxx
12107,xxx
12108,бюджетну́
12109,xxx
12110,xxx
12111,xxx
12112,xxx
12113,xxx
12114,xxx
12115,xxx
12116,xxx
12117,xxx
12118,xxx
12119,xxx
12120,xxx
12121,xxx
12122,xxx
12123,xxx
12124,xxx
12125,xxx
12126,xxx
12127,xxx
12128,xxx
12129,xxx
12130,xxx
12131,xxx
12132,xxx
12133,xxx
12134,ва́гинальны
12135,xxx
12136,xxx
12137,xxx
12138,xxx
12139,xxx
12140,xxx
12141,xxx
12142,xxx
12143,xxx
12144,xxx
12145,xxx
12146,вакци́ннъыи
12147,xxx
12148,вакци́ннаыи
12149,xxx
12150,вакци́нны
12151,xxx
12152,xxx
12153,xxx
12154,ва́лютна
12155,валю́тни
12156,xxx
12157,xxx
12158,xxx
12159,xxx
12160,xxx
12161,xxx
12162,xxx
12163,xxx
12164,xxx
12165,xxx
12166,xxx
12167,xxx
12168,варё́ныии
12169,xxx
12170,xxx
12171,xxx
12172,xxx
12173,xxx
12174,xxx
12175,xxx
12176,xxx
12177,xxx
12178,xxx
12179,xxx
12180,xxx
12181,xxx
12182,xxx
12183,вво́дниии
12184,xxx
12185,xxx
12186,xxx
12187,веко́вамьыи
12188,xxx
12189,xxx
12190,xxx
12191,xxx
12192,xxx
12193,xxx
12194,xxx
12195,xxx
12196,xxx
12197,xxx
12198,вѣласипѣднъы́и
12199,вѣ́ласипѣдни
12200,xxx
12201,xxx
12202,xxx
12203,xxx
12204,xxx
12205,xxx
12206,xxx
12207,xxx
12208,xxx
12209,xxx
12210,xxx
12211,xxx
12212,xxx
12213,xxx
12214,xxx
12215,xxx
12216,xxx
12217,xxx
12218,xxx
12219,xxx
12220,xxx
12221,xxx
12222,xxx
12223,xxx
12224,xxx
12225,xxx
12226,xxx
12227,xxx
12228,xxx
12229,xxx
12230,вераятнастнъы́и
12231,xxx
12232,xxx
12233,xxx
12234,ве́рталётнамъии
12235,xxx
12236,xxx
12237,xxx
12238,xxx
12239,xxx
12240,xxx
12241,xxx
12242,ве́савѣхъии
12243,xxx
12244,xxx
12245,ветре́н
12246,ве́тренамьыи
12247,ветро́в
12248,xxx
12249,xxx
12250,xxx
12251,xxx
12252,xxx
12253,xxx
12254,xxx
12255,xxx
12256,xxx
12257,xxx
12258,xxx
12259,xxx
12260,xxx
12261,xxx
12262,xxx
12263,xxx
12264,взба́лмашнаыи
12265,взбалмашну́ыи
12266,взбалмашнъи́и
12267,взлётны́
12268,xxx
12269,xxx
12270,xxx
12271,xxx
12272,xxx
12273,xxx
12274,xxx
12275,xxx
12276,видавѣ́
12277,xxx
12278,xxx
12279,визитнъы́и
12280,xxx
12281,xxx
12282,xxx
12283,xxx
12284,xxx
12285,xxx
12286,xxx
12287,xxx
12288,xxx
12289,xxx
12290,xxx
12291,винаградни́ии
12292,xxx
12293,xxx
12294,xxx
12295,xxx
12296,xxx
12297,xxx
12298,xxx
12299,xxx
12300,xxx
12301,винтаре́знаыи
12302,xxx
12303,xxx
12304,винтра́гамьыи
12305,винтра́гамъии
12306,ви́нтрагы
12307,xxx
12308,xxx
12309,xxx
12310,xxx
12311,xxx
12312,виру́снуыи
12313,вируснъы́и
12314,виру́снамьыи
12315,xxx
12316,xxx
12317,xxx
12318,xxx
12319,xxx
12320,xxx
12321,xxx
12322,xxx
12323,xxx
12324,xxx
12325,xxx
12326,xxx
12327,xxx
12328,ви́срѣвамьыи
12329,xxx
12330,xxx
12331,xxx
12332,вицѣ-прѣзидѣнтсьцо́мъии
12333,xxx
12334,ви́шнёв
12335,xxx
12336,xxx
12337,xxx
12338,xxx
12339,xxx
12340,xxx
12341,xxx
12342,xxx
12343,xxx
12344,xxx
12345,xxx
12346,xxx
12347,xxx
12348,xxx
12349,xxx
12350,xxx
12351,xxx
12352,xxx
12353,xxx
12354,xxx
12355,xxx
12356,внемато́чнъыи
12357,внематачна́ыи
12358,внемато́чнѣыи
12359,внемато́чни
12360,xxx
12361,xxx
12362,xxx
12363,xxx
12364,xxx
12365,xxx
12366,xxx
12367,xxx
12368,xxx
12369,xxx
12370,xxx
12371,xxx
12372,xxx
12373,xxx
12374,xxx
12375,xxx
12376,xxx
12377,xxx
12378,xxx
12379,xxx
12380,внешнеэканамиче́сьцъ
12381,xxx
12382,xxx
12383,xxx
12384,xxx
12385,xxx
12386,xxx
12387,xxx
12388,xxx
12389,xxx
12390,xxx
12391,внутриве́ннъ
12392,xxx
12393,внутривенно́мъии
12394,xxx
12395,xxx
12396,xxx
12397,xxx
12398,xxx
12399,xxx
12400,xxx
12401,xxx
12402,xxx
12403,xxx
12404,xxx
12405,xxx
12406,xxx
12407,xxx
12408,xxx
12409,xxx
12410,xxx
12411,xxx
12412,xxx
12413,xxx
12414,xxx
12415,xxx
12416,xxx
12417,xxx
12418,xxx
12419,xxx
12420,xxx
12421,xxx
12422,xxx
12423,xxx
12424,xxx
12425,xxx
12426,xxx
12427,xxx
12428,xxx
12429,xxx
12430,внутрисекретарни́
12431,внутрисекретарны́
12432,xxx
12433,внучатни́ии
12434,xxx
12435,внучатны́ии
12436,xxx
12437,xxx
12438,xxx
12439,xxx
12440,xxx
12441,xxx
12442,xxx
12443,xxx
12444,xxx
12445,xxx
12446,во́дналыжнъ
12447,xxx
12448,xxx
12449,xxx
12450,во́давазнъ
12451,xxx
12452,xxx
12453,xxx
12454,xxx
12455,xxx
12456,xxx
12457,xxx
12458,ваданапо́рнъ
12459,xxx
12460,xxx
12461,xxx
12462,xxx
12463,ваданапарны́ии
12464,xxx
12465,xxx
12466,xxx
12467,xxx
12468,xxx
12469,xxx
12470,xxx
12471,во́даправадныии
12472,xxx
12473,вадра́днъии
12474,xxx
12475,xxx
12476,xxx
12477,xxx
12478,xxx
12479,во́дастачна
12480,во́дачнамь
12481,xxx
12482,xxx
12483,xxx
12484,xxx
12485,xxx
12486,xxx
12487,xxx
12488,xxx
12489,xxx
12490,xxx
12491,во́енна-палитичесьцъыи
12492,xxx
12493,xxx
12494,xxx
12495,xxx
12496,ваенна-прамышленны́
12497,ваздушнадугавы́
12498,xxx
12499,xxx
12500,xxx
12501,xxx
12502,xxx
12503,xxx
12504,xxx
12505,xxx
12506,xxx
12507,xxx
12508,xxx
12509,xxx
12510,xxx
12511,xxx
12512,xxx
12513,xxx
12514,xxx
12515,xxx
12516,xxx
12517,xxx
12518,xxx
12519,xxx
12520,xxx
12521,xxx
12522,xxx
12523,xxx
12524,xxx
12525,xxx
12526,xxx
12527,xxx
12528,xxx
12529,xxx
12530,xxx
12531,xxx
12532,xxx
12533,во́прасительнамъии
12534,xxx
12535,вапраснъы́и
12536,xxx
12537,xxx
12538,xxx
12539,xxx
12540,xxx
12541,xxx
12542,xxx
12543,xxx
12544,xxx
12545,xxx
12546,xxx
12547,xxx
12548,xxx
12549,xxx
12550,xxx
12551,xxx
12552,xxx
12553,xxx
12554,xxx
12555,xxx
12556,xxx
12557,xxx
12558,вра́намь
12559,xxx
12560,xxx
12561,xxx
12562,xxx
12563,враны́
12564,xxx
12565,xxx
12566,xxx
12567,xxx
12568,xxx
12569,xxx
12570,xxx
12571,xxx
12572,xxx
12573,xxx
12574,xxx
12575,xxx
12576,xxx
12577,xxx
12578,xxx
12579,враже́сьцъ
12580,xxx
12581,xxx
12582,врѣ́мѣннъыи
12583,xxx
12584,xxx
12585,xxx
12586,xxx
12587,xxx
12588,xxx
12589,xxx
12590,xxx
12591,xxx
12592,xxx
12593,xxx
12594,xxx
12595,xxx
12596,xxx
12597,xxx
12598,xxx
12599,xxx
12600,xxx
12601,xxx
12602,xxx
12603,партнавсьцъи́и
12604,xxx
12605,xxx
12606,xxx
12607,вступительну́ыи
12608,xxx
12609,xxx
12610,xxx
12611,xxx
12612,xxx
12613,xxx
12614,вхо́днѣыи
12615,xxx
12616,xxx
12617,xxx
12618,xxx
12619,xxx
12620,xxx
12621,xxx
12622,xxx
12623,xxx
12624,xxx
12625,xxx
12626,вы́ѣздну
12627,выѣ́зднамъ
12628,xxx
12629,xxx
12630,xxx
12631,xxx
12632,xxx
12633,вы́мершиии
12634,xxx
12635,xxx
12636,выпускны́
12637,xxx
12638,xxx
12639,xxx
12640,xxx
12641,xxx
12642,xxx
12643,xxx
12644,xxx
12645,xxx
12646,xxx
12647,xxx
12648,xxx
12649,xxx
12650,xxx
12651,xxx
12652,xxx
12653,xxx
12654,высо́тнъ
12655,вы́сатнъыи
12656,высо́тны
12657,xxx
12658,xxx
12659,xxx
12660,xxx
12661,xxx
12662,xxx
12663,xxx
12664,xxx
12665,xxx
12666,xxx
12667,xxx
12668,xxx
12669,xxx
12670,xxx
12671,xxx
12672,выхло́пнъии
12673,xxx
12674,xxx
12675,xxx
12676,выцвѣтъши́ии
12677,xxx
12678,xxx
12679,xxx
12680,xxx
12681,xxx
12682,xxx
12683,xxx
12684,xxx
12685,xxx
12686,вьетнамсьцу́
12687,вье́тнамсьциии
12688,xxx
12689,xxx
12690,xxx
12691,xxx
12692,xxx
12693,xxx
12694,xxx
12695,xxx
12696,xxx
12697,xxx
12698,xxx
12699,xxx
12700,xxx
12701,xxx
12702,xxx
12703,xxx
12704,xxx
12705,xxx
12706,xxx
12707,xxx
12708,xxx
12709,xxx
12710,вязану́
12711,вяза́ныии
12712,xxx
12713,xxx
12714,вязавъы́и
12715,xxx
12716,xxx
12717,газо́выии
12718,xxx
12719,xxx
12720,xxx
12721,xxx
12722,xxx
12723,xxx
12724,xxx
12725,xxx
12726,xxx
12727,xxx
12728,xxx
12729,xxx
12730,гастро́льни
12731,xxx
12732,xxx
12733,xxx
12734,гвардейсьцѣ́
12735,xxx
12736,xxx
12737,xxx
12738,xxx
12739,xxx
12740,xxx
12741,xxx
12742,xxx
12743,xxx
12744,xxx
12745,xxx
12746,генера́льнъии
12747,xxx
12748,xxx
12749,xxx
12750,гѣнѣра́льсьци
12751,xxx
12752,xxx
12753,xxx
12754,xxx
12755,xxx
12756,xxx
12757,xxx
12758,xxx
12759,xxx
12760,xxx
12761,xxx
12762,xxx
12763,xxx
12764,xxx
12765,xxx
12766,xxx
12767,xxx
12768,xxx
12769,xxx
12770,xxx
12771,xxx
12772,xxx
12773,xxx
12774,геаметриче́сьцъыи
12775,xxx
12776,xxx
12777,xxx
12778,xxx
12779,xxx
12780,xxx
12781,xxx
12782,xxx
12783,xxx
12784,xxx
12785,xxx
12786,xxx
12787,xxx
12788,xxx
12789,xxx
12790,xxx
12791,xxx
12792,xxx
12793,xxx
12794,xxx
12795,xxx
12796,xxx
12797,xxx
12798,xxx
12799,xxx
12800,xxx
12801,xxx
12802,германсьца́
12803,ге́рмансьцамъии
12804,xxx
12805,xxx
12806,xxx
12807,xxx
12808,xxx
12809,xxx
12810,xxx
12811,xxx
12812,xxx
12813,xxx
12814,xxx
12815,xxx
12816,xxx
12817,xxx
12818,xxx
12819,xxx
12820,xxx
12821,геро́йсьцѣыи
12822,xxx
12823,xxx
12824,xxx
12825,xxx
12826,гиза́нтсьциии
12827,xxx
12828,ги́дравличесьцъ
12829,xxx
12830,xxx
12831,xxx
12832,xxx
12833,xxx
12834,xxx
12835,xxx
12836,xxx
12837,xxx
12838,xxx
12839,ги́псави
12840,xxx
12841,гирляндны́ии
12842,xxx
12843,xxx
12844,xxx
12845,xxx
12846,xxx
12847,xxx
12848,xxx
12849,xxx
12850,xxx
12851,гла́дильниии
12852,xxx
12853,xxx
12854,xxx
12855,xxx
12856,xxx
12857,xxx
12858,xxx
12859,глинисъто́мъ
12860,глини́съты
12861,xxx
12862,глиняни́
12863,xxx
12864,xxx
12865,xxx
12866,глу́бакавадны
12867,за́главны
12868,xxx
12869,гне́даыи
12870,xxx
12871,гнастиче́сьцамьыи
12872,xxx
12873,xxx
12874,xxx
12875,xxx
12876,xxx
12877,xxx
12878,xxx
12879,xxx
12880,гадо́ва
12881,гадо́въыи
12882,xxx
12883,xxx
12884,xxx
12885,го́нкангсьцъыи
12886,xxx
12887,xxx
12888,гано́чну
12889,xxx
12890,гарѣ́л
12891,гарѣ́лаыи
12892,xxx
12893,го́рѣлы
12894,xxx
12895,xxx
12896,xxx
12897,xxx
12898,xxx
12899,xxx
12900,xxx
12901,третьякавсьцо́мъ
12902,xxx
12903,xxx
12904,xxx
12905,xxx
12906,xxx
12907,градсьцу́ыи
12908,грахавѣ́
12909,гра́хавыии
12910,xxx
12911,xxx
12912,xxx
12913,xxx
12914,го́ртаннѣ
12915,гарта́ннамъ
12916,го́ртаннамъии
12917,гартанны́ии
12918,xxx
12919,xxx
12920,xxx
12921,xxx
12922,го́стевъыи
12923,xxx
12924,xxx
12925,xxx
12926,xxx
12927,xxx
12928,xxx
12929,xxx
12930,xxx
12931,xxx
12932,xxx
12933,xxx
12934,xxx
12935,гасударстве́ннъ
12936,xxx
12937,xxx
12938,xxx
12939,гатиче́сьцѣ
12940,xxx
12941,граждансьцъы́и
12942,гра́ждансьцѣыи
12943,xxx
12944,гра́нёнѣ
12945,xxx
12946,xxx
12947,xxx
12948,xxx
12949,xxx
12950,xxx
12951,xxx
12952,xxx
12953,xxx
12954,xxx
12955,xxx
12956,гре́чневѣыи
12957,xxx
12958,xxx
12959,xxx
12960,xxx
12961,xxx
12962,xxx
12963,xxx
12964,xxx
12965,xxx
12966,xxx
12967,xxx
12968,xxx
12969,xxx
12970,xxx
12971,xxx
12972,xxx
12973,xxx
12974,xxx
12975,xxx
12976,гру́зинсьцъии
12977,xxx
12978,грузавы́ии
12979,грузапассажирсьца́
12980,xxx
12981,xxx
12982,xxx
12983,xxx
12984,xxx
12985,xxx
12986,xxx
12987,xxx
12988,xxx
12989,xxx
12990,грунтавы́ии
12991,гру́нтавѣхъии
12992,xxx
12993,группо́въыи
12994,xxx
12995,xxx
12996,xxx
12997,группави́
12998,xxx
12999,губернсьцѣ́хъ
13000,xxx
13001,xxx
13002,xxx
13003,xxx
13004,xxx
13005,xxx
13006,xxx
13007,xxx
13008,xxx
13009,xxx
13010,xxx
13011,xxx
13012,xxx
13013,xxx
13014,xxx
13015,гуси́ныии
13016,да́льнѣвастачна
13017,да́льнѣвастачнуыи
13018,xxx
13019,xxx
13020,xxx
13021,xxx
13022,xxx
13023,xxx
13024,xxx
13025,xxx
13026,xxx
13027,xxx
13028,xxx
13029,xxx
13030,xxx
13031,xxx
13032,xxx
13033,xxx
13034,xxx
13035,даурсьцо́мъ
13036,xxx
13037,xxx
13038,xxx
13039,xxx
13040,xxx
13041,xxx
13042,xxx
13043,xxx
13044,xxx
13045,xxx
13046,xxx
13047,два́дцатилетнъыи
13048,xxx
13049,xxx
13050,xxx
13051,две́рны
13052,xxx
13053,xxx
13054,xxx
13055,xxx
13056,xxx
13057,xxx
13058,xxx
13059,xxx
13060,xxx
13061,xxx
13062,xxx
13063,двайна́ыи
13064,дво́йныии
13065,xxx
13066,xxx
13067,двра́ви
13068,xxx
13069,xxx
13070,двра́вѣхъии
13071,xxx
13072,xxx
13073,xxx
13074,xxx
13075,дво́рянсьцаыи
13076,xxx
13077,xxx
13078,дваря́нсьцѣ
13079,xxx
13080,дво́юраднъии
13081,xxx
13082,xxx
13083,xxx
13084,xxx
13085,двувидавѣ́
13086,дву́видавыии
13087,дву́главамъ
13088,двугла́вы
13089,xxx
13090,xxx
13091,двупалы́ии
13092,xxx
13093,xxx
13094,xxx
13095,двуслажно́мь
13096,дву́слажнѣхъии
13097,дву́странныии
13098,xxx
13099,xxx
13100,xxx
13101,xxx
13102,xxx
13103,xxx
13104,xxx
13105,xxx
13106,xxx
13107,xxx
13108,xxx
13109,xxx
13110,xxx
13111,xxx
13112,xxx
13113,xxx
13114,xxx
13115,xxx
13116,xxx
13117,xxx
13118,xxx
13119,xxx
13120,xxx
13121,xxx
13122,xxx
13123,xxx
13124,xxx
13125,xxx
13126,xxx
13127,дѣвствѣнна́ыи
13128,дѣвствѣннѣ́хъии
13129,xxx
13130,xxx
13131,xxx
13132,xxx
13133,xxx
13134,xxx
13135,xxx
13136,xxx
13137,xxx
13138,xxx
13139,xxx
13140,xxx
13141,xxx
13142,xxx
13143,xxx
13144,декабрьсьцѣ́ыи
13145,декабрьсьци́
13146,xxx
13147,xxx
13148,де́каративнѣыи
13149,xxx
13150,xxx
13151,декаративнѣ́хъ
13152,xxx
13153,xxx
13154,xxx
13155,делави́ии
13156,xxx
13157,xxx
13158,xxx
13159,xxx
13160,xxx
13161,xxx
13162,xxx
13163,xxx
13164,xxx
13165,xxx
13166,xxx
13167,xxx
13168,xxx
13169,xxx
13170,xxx
13171,xxx
13172,xxx
13173,xxx
13174,xxx
13175,xxx
13176,xxx
13177,xxx
13178,xxx
13179,xxx
13180,xxx
13181,xxx
13182,xxx
13183,xxx
13184,xxx
13185,xxx
13186,xxx
13187,xxx
13188,дрѣве́нсьцамь
13189,xxx
13190,дрѣве́нсьци
13191,xxx
13192,xxx
13193,xxx
13194,xxx
13195,xxx
13196,xxx
13197,xxx
13198,xxx
13199,xxx
13200,xxx
13201,xxx
13202,деса́нтнаыи
13203,xxx
13204,десантны́
13205,десятиле́тнъ
13206,xxx
13207,xxx
13208,xxx
13209,xxx
13210,xxx
13211,xxx
13212,xxx
13213,xxx
13214,xxx
13215,xxx
13216,джа́завуыи
13217,джазо́вамъ
13218,xxx
13219,джазо́вѣхъии
13220,xxx
13221,xxx
13222,xxx
13223,xxx
13224,xxx
13225,xxx
13226,xxx
13227,xxx
13228,диалектиче́сьцѣ
13229,ди́алектичесьцѣыи
13230,дизе́льна
13231,xxx
13232,xxx
13233,xxx
13234,xxx
13235,xxx
13236,xxx
13237,xxx
13238,xxx
13239,xxx
13240,xxx
13241,xxx
13242,дипламни́
13243,директарсьци́ии
13244,xxx
13245,диспетче́рсьцамь
13246,xxx
13247,xxx
13248,xxx
13249,xxx
13250,xxx
13251,xxx
13252,xxx
13253,диэлѣктричѣ́сьцъыи
13254,xxx
13255,xxx
13256,xxx
13257,длиннаруку́ыи
13258,длиннару́к
13259,xxx
13260,xxx
13261,xxx
13262,xxx
13263,xxx
13264,xxx
13265,xxx
13266,xxx
13267,xxx
13268,xxx
13269,xxx
13270,xxx
13271,xxx
13272,xxx
13273,xxx
13274,xxx
13275,xxx
13276,дагаво́рнъыи
13277,xxx
13278,xxx
13279,xxx
13280,дактарсьца́
13281,дактарсьцо́мъии
13282,xxx
13283,далжно́стнуыи
13284,далжно́стнѣ
13285,далжно́стнѣыи
13286,далжнастнѣ́хъии
13287,до́ллараву
13288,даллараву́ыи
13289,xxx
13290,xxx
13291,xxx
13292,xxx
13293,xxx
13294,xxx
13295,xxx
13296,xxx
13297,данкисо́тсьцъ
13298,до́нкисатсьцамъии
13299,до́нкисатсьци
13300,данкисо́тсьци
13301,xxx
13302,xxx
13303,xxx
13304,xxx
13305,xxx
13306,xxx
13307,xxx
13308,xxx
13309,xxx
13310,xxx
13311,xxx
13312,xxx
13313,xxx
13314,xxx
13315,xxx
13316,xxx
13317,дачери́нъии
13318,xxx
13319,даче́рнъыи
13320,xxx
13321,xxx
13322,xxx
13323,xxx
13324,до́шкальниии
13325,xxx
13326,xxx
13327,xxx
13328,xxx
13329,xxx
13330,xxx
13331,xxx
13332,xxx
13333,xxx
13334,xxx
13335,xxx
13336,xxx
13337,xxx
13338,xxx
13339,xxx
13340,xxx
13341,xxx
13342,xxx
13343,xxx
13344,дра́матургичесьцамь
13345,xxx
13346,xxx
13347,дра́матургичесьци
13348,xxx
13349,xxx
13350,xxx
13351,xxx
13352,xxx
13353,xxx
13354,xxx
13355,дре́веснаугальнъ
13356,xxx
13357,xxx
13358,xxx
13359,древеснауго́льныии
13360,дре́веснаугальнѣхъии
13361,xxx
13362,древе́снъ
13363,xxx
13364,xxx
13365,xxx
13366,xxx
13367,xxx
13368,xxx
13369,xxx
13370,xxx
13371,xxx
13372,xxx
13373,xxx
13374,xxx
13375,xxx
13376,xxx
13377,xxx
13378,xxx
13379,xxx
13380,xxx
13381,xxx
13382,xxx
13383,xxx
13384,xxx
13385,xxx
13386,xxx
13387,дро́вянаыи
13388,xxx
13389,дравяно́мь
13390,xxx
13391,дро́вянамъ
13392,xxx
13393,дро́здавсьцъыи
13394,xxx
13395,драздо́всьцамьыи
13396,драздавсьцѣ́хъии
13397,xxx
13398,дубне́нсьцаыи
13399,xxx
13400,xxx
13401,дубненсьци́
13402,xxx
13403,xxx
13404,xxx
13405,xxx
13406,xxx
13407,xxx
13408,xxx
13409,xxx
13410,xxx
13411,xxx
13412,xxx
13413,xxx
13414,ды́мавамъии
13415,xxx
13416,дырачну́
13417,xxx
13418,xxx
13419,xxx
13420,xxx
13421,xxx
13422,xxx
13423,xxx
13424,дьявальсьцъы́и
13425,дьяво́льсьцъии
13426,xxx
13427,xxx
13428,xxx
13429,xxx
13430,xxx
13431,xxx
13432,xxx
13433,xxx
13434,xxx
13435,xxx
13436,xxx
13437,ѣвангѣльсьцъы́и
13438,xxx
13439,xxx
13440,xxx
13441,е́вразийсьцуыи
13442,еврази́йсьци
13443,е́вразийсьцамъ
13444,xxx
13445,xxx
13446,xxx
13447,xxx
13448,xxx
13449,xxx
13450,xxx
13451,xxx
13452,xxx
13453,xxx
13454,xxx
13455,xxx
13456,xxx
13457,xxx
13458,xxx
13459,xxx
13460,xxx
13461,xxx
13462,xxx
13463,xxx
13464,xxx
13465,xxx
13466,xxx
13467,xxx
13468,xxx
13469,xxx
13470,xxx
13471,xxx
13472,xxx
13473,xxx
13474,xxx
13475,xxx
13476,xxx
13477,е́йнъыи
13478,ейнѣ́ыи
13479,xxx
13480,xxx
13481,е́катерининсьцъыи
13482,xxx
13483,xxx
13484,xxx
13485,xxx
13486,xxx
13487,xxx
13488,елаво́мьыи
13489,xxx
13490,xxx
13491,xxx
13492,xxx
13493,xxx
13494,xxx
13495,xxx
13496,xxx
13497,xxx
13498,xxx
13499,xxx
13500,xxx
13501,xxx
13502,xxx
13503,xxx
13504,xxx
13505,xxx
13506,xxx
13507,xxx
13508,xxx
13509,xxx
13510,xxx
13511,xxx
13512,xxx
13513,xxx
13514,xxx
13515,xxx
13516,ёло́чнъ
13517,xxx
13518,xxx
13519,xxx
13520,xxx
13521,xxx
13522,ё́лачны
13523,жгу́ча
13524,жгу́чамьыи
13525,xxx
13526,xxx
13527,xxx
13528,xxx
13529,xxx
13530,xxx
13531,жемайтсьцо́мьыи
13532,xxx
13533,xxx
13534,xxx
13535,xxx
13536,xxx
13537,xxx
13538,жени́ны
13539,xxx
13540,xxx
13541,xxx
13542,xxx
13543,xxx
13544,xxx
13545,xxx
13546,xxx
13547,xxx
13548,xxx
13549,жи́ваписниии
13550,xxx
13551,xxx
13552,xxx
13553,жи́лищныии
13554,xxx
13555,xxx
13556,xxx
13557,xxx
13558,xxx
13559,xxx
13560,xxx
13561,xxx
13562,xxx
13563,xxx
13564,xxx
13565,xxx
13566,xxx
13567,xxx
13568,xxx
13569,xxx
13570,xxx
13571,xxx
13572,xxx
13573,xxx
13574,xxx
13575,xxx
13576,xxx
13577,xxx
13578,xxx
13579,xxx
13580,xxx
13581,xxx
13582,за́вершающамъии
13583,xxx
13584,завершающы́ии
13585,xxx
13586,xxx
13587,xxx
13588,xxx
13589,xxx
13590,xxx
13591,за́вадсьцу
13592,заво́дсьцѣ
13593,xxx
13594,xxx
13595,xxx
13596,xxx
13597,xxx
13598,xxx
13599,xxx
13600,xxx
13601,загла́вна
13602,xxx
13603,xxx
13604,xxx
13605,xxx
13606,xxx
13607,заграни́чныии
13608,xxx
13609,xxx
13610,xxx
13611,xxx
13612,xxx
13613,xxx
13614,xxx
13615,xxx
13616,xxx
13617,заказну́
13618,xxx
13619,xxx
13620,xxx
13621,xxx
13622,xxx
13623,xxx
13624,xxx
13625,замо́чнъ
13626,xxx
13627,xxx
13628,xxx
13629,заму́жнъ
13630,замужну́ыи
13631,xxx
13632,за́акеансьцу
13633,xxx
13634,xxx
13635,xxx
13636,xxx
13637,за́ачнамъ
13638,xxx
13639,запа́дны
13640,xxx
13641,запи́снѣхъ
13642,зарабо́тнаыи
13643,xxx
13644,xxx
13645,за́рабатныии
13646,зарабатны́ии
13647,xxx
13648,xxx
13649,за́расъшамъ
13650,xxx
13651,xxx
13652,xxx
13653,xxx
13654,зарубе́жны
13655,засѣчнъы́и
13656,за́сѣчна
13657,xxx
13658,за́старелыии
13659,xxx
13660,xxx
13661,xxx
13662,xxx
13663,xxx
13664,xxx
13665,xxx
13666,xxx
13667,xxx
13668,xxx
13669,xxx
13670,xxx
13671,xxx
13672,xxx
13673,xxx
13674,xxx
13675,xxx
13676,xxx
13677,xxx
13678,xxx
13679,xxx
13680,xxx
13681,xxx
13682,xxx
13683,xxx
13684,xxx
13685,xxx
13686,xxx
13687,xxx
13688,xxx
13689,xxx
13690,xxx
13691,xxx
13692,xxx
13693,xxx
13694,xxx
13695,зверинъи́и
13696,xxx
13697,xxx
13698,xxx
13699,xxx
13700,xxx
13701,xxx
13702,xxx
13703,xxx
13704,звё́зднамъ
13705,xxx
13706,xxx
13707,xxx
13708,xxx
13709,xxx
13710,зву́кавъыи
13711,звуко́вамъ
13712,здра́веннѣ
13713,здраве́ннамъии
13714,xxx
13715,xxx
13716,xxx
13717,xxx
13718,xxx
13719,xxx
13720,xxx
13721,xxx
13722,xxx
13723,xxx
13724,xxx
13725,xxx
13726,xxx
13727,xxx
13728,xxx
13729,зѣмнаво́дны
13730,xxx
13731,xxx
13732,зе́мнъ
13733,xxx
13734,зе́мнъии
13735,xxx
13736,xxx
13737,xxx
13738,xxx
13739,xxx
13740,xxx
13741,xxx
13742,xxx
13743,xxx
13744,xxx
13745,xxx
13746,xxx
13747,xxx
13748,xxx
13749,xxx
13750,зерно́вѣыи
13751,xxx
13752,xxx
13753,xxx
13754,xxx
13755,xxx
13756,зла́тапёри
13757,xxx
13758,xxx
13759,xxx
13760,xxx
13761,xxx
13762,xxx
13763,xxx
13764,xxx
13765,xxx
13766,xxx
13767,xxx
13768,змеи́ныии
13769,xxx
13770,xxx
13771,xxx
13772,xxx
13773,xxx
13774,xxx
13775,xxx
13776,xxx
13777,xxx
13778,xxx
13779,xxx
13780,злачё́н
13781,xxx
13782,xxx
13783,xxx
13784,xxx
13785,xxx
13786,xxx
13787,xxx
13788,xxx
13789,xxx
13790,xxx
13791,xxx
13792,зритѣ́льнамь
13793,xxx
13794,xxx
13795,xxx
13796,xxx
13797,xxx
13798,xxx
13799,xxx
13800,xxx
13801,xxx
13802,xxx
13803,xxx
13804,xxx
13805,xxx
13806,xxx
13807,xxx
13808,зубно́мьыи
13809,зубнѣ́хъии
13810,изро́в
13811,xxx
13812,xxx
13813,xxx
13814,иде́йнуыи
13815,и́делагичесьцъ
13816,xxx
13817,идиаматиче́сьцамьыи
13818,xxx
13819,идиаматиче́сьцамъ
13820,xxx
13821,идио́тсьца
13822,xxx
13823,xxx
13824,xxx
13825,xxx
13826,xxx
13827,xxx
13828,xxx
13829,xxx
13830,xxx
13831,xxx
13832,xxx
13833,xxx
13834,xxx
13835,xxx
13836,xxx
13837,xxx
13838,xxx
13839,измерительнъи́и
13840,измерительны́ии
13841,xxx
13842,xxx
13843,xxx
13844,xxx
13845,xxx
13846,xxx
13847,xxx
13848,xxx
13849,име́ннъыи
13850,xxx
13851,xxx
13852,име́ннѣхъ
13853,и́ммѫнаферментнамь
13854,xxx
13855,xxx
13856,xxx
13857,xxx
13858,xxx
13859,xxx
13860,xxx
13861,xxx
13862,xxx
13863,xxx
13864,xxx
13865,ингушсьцо́мъ
13866,xxx
13867,xxx
13868,xxx
13869,xxx
13870,xxx
13871,xxx
13872,xxx
13873,xxx
13874,xxx
13875,xxx
13876,xxx
13877,xxx
13878,xxx
13879,инданѣзийсьца́ыи
13880,xxx
13881,xxx
13882,xxx
13883,xxx
13884,xxx
13885,xxx
13886,xxx
13887,и́нженерна-техничесьцъ
13888,xxx
13889,инженерна-техничесьци́ии
13890,xxx
13891,xxx
13892,xxx
13893,xxx
13894,xxx
13895,xxx
13896,xxx
13897,xxx
13898,xxx
13899,xxx
13900,xxx
13901,xxx
13902,xxx
13903,xxx
13904,xxx
13905,xxx
13906,xxx
13907,xxx
13908,xxx
13909,xxx
13910,xxx
13911,и́нтеллизентсьцамъии
13912,xxx
13913,xxx
13914,xxx
13915,xxx
13916,xxx
13917,xxx
13918,xxx
13919,xxx
13920,xxx
13921,xxx
13922,xxx
13923,xxx
13924,xxx
13925,xxx
13926,xxx
13927,xxx
13928,xxx
13929,xxx
13930,xxx
13931,xxx
13932,xxx
13933,xxx
13934,xxx
13935,xxx
13936,ио́ннѣхъ
13937,xxx
13938,xxx
13939,xxx
13940,xxx
13941,ирансьцу́ыи
13942,xxx
13943,xxx
13944,xxx
13945,xxx
13946,xxx
13947,xxx
13948,xxx
13949,иско́вѣыи
13950,xxx
13951,xxx
13952,xxx
13953,xxx
13954,исла́мсьца
13955,xxx
13956,xxx
13957,и́сламсьцѣхъии
13958,и́спансьцѣ
13959,xxx
13960,xxx
13961,xxx
13962,и́спалинсьци
13963,xxx
13964,и́спалнительсьцѣ
13965,испалнительсьцо́мъии
13966,испытанны́ии
13967,xxx
13968,xxx
13969,xxx
13970,xxx
13971,xxx
13972,xxx
13973,и́стѣкъшъ
13974,xxx
13975,xxx
13976,xxx
13977,истеричесьцо́мъии
13978,xxx
13979,xxx
13980,и́старичесьцъии
13981,xxx
13982,иудейсьцо́мьыи
13983,иуде́йсьцъ
13984,xxx
13985,xxx
13986,xxx
13987,xxx
13988,xxx
13989,xxx
13990,ию́льсьцаыи
13991,ию́льсьциии
13992,xxx
13993,xxx
13994,xxx
13995,xxx
13996,xxx
13997,xxx
13998,xxx
13999,xxx
14000,xxx
14001,xxx
14002,xxx
14003,xxx
14004,xxx
14005,xxx
14006,xxx
14007,xxx
14008,xxx
14009,xxx
14010,xxx
14011,xxx
14012,xxx
14013,xxx
14014,кавка́зсьцъ
14015,xxx
14016,xxx
14017,xxx
14018,xxx
14019,ка́драва
14020,xxx
14021,xxx
14022,xxx
14023,xxx
14024,xxx
14025,xxx
14026,xxx
14027,ка́захсьцѣ
14028,казахсьци́ии
14029,xxx
14030,каза́хсьцамъ
14031,xxx
14032,xxx
14033,xxx
14034,xxx
14035,xxx
14036,xxx
14037,xxx
14038,ка́лужсьциии
14039,xxx
14040,xxx
14041,xxx
14042,xxx
14043,xxx
14044,xxx
14045,xxx
14046,xxx
14047,xxx
14048,xxx
14049,xxx
14050,xxx
14051,xxx
14052,xxx
14053,камча́тсьцъ
14054,камча́тсьца
14055,камчатсьцо́мъ
14056,кана́дсьцъыи
14057,xxx
14058,ка́наничесьци
14059,xxx
14060,xxx
14061,xxx
14062,ка́наничесьцѣхъии
14063,ка́питансьцъ
14064,xxx
14065,капу́стнъ
14066,капу́стнъии
14067,xxx
14068,xxx
14069,xxx
14070,каре́льсьцуыи
14071,xxx
14072,xxx
14073,карельсьцо́мь
14074,xxx
14075,xxx
14076,xxx
14077,ка́рельсьцѣхъ
14078,карибсьцу́
14079,xxx
14080,xxx
14081,xxx
14082,xxx
14083,xxx
14084,xxx
14085,xxx
14086,xxx
14087,xxx
14088,xxx
14089,ка́рмичесьцъыи
14090,xxx
14091,xxx
14092,xxx
14093,xxx
14094,xxx
14095,xxx
14096,xxx
14097,xxx
14098,xxx
14099,xxx
14100,xxx
14101,xxx
14102,xxx
14103,xxx
14104,xxx
14105,xxx
14106,xxx
14107,xxx
14108,xxx
14109,xxx
14110,xxx
14111,xxx
14112,xxx
14113,xxx
14114,xxx
14115,xxx
14116,xxx
14117,xxx
14118,xxx
14119,xxx
14120,xxx
14121,xxx
14122,xxx
14123,xxx
14124,xxx
14125,xxx
14126,xxx
14127,xxx
14128,xxx
14129,xxx
14130,xxx
14131,xxx
14132,xxx
14133,xxx
14134,xxx
14135,xxx
14136,xxx
14137,xxx
14138,xxx
14139,xxx
14140,xxx
14141,кашми́рсьцъыи
14142,xxx
14143,xxx
14144,xxx
14145,ка́штанавъыи
14146,каштанаво́мь
14147,xxx
14148,квадра́тнъ
14149,квадра́тнъыи
14150,xxx
14151,xxx
14152,xxx
14153,xxx
14154,xxx
14155,xxx
14156,xxx
14157,xxx
14158,xxx
14159,xxx
14160,xxx
14161,xxx
14162,xxx
14163,xxx
14164,кѣдро́ву
14165,xxx
14166,кѣдро́вамь
14167,кѣдро́вамъии
14168,xxx
14169,xxx
14170,xxx
14171,xxx
14172,xxx
14173,xxx
14174,xxx
14175,xxx
14176,xxx
14177,xxx
14178,xxx
14179,xxx
14180,xxx
14181,xxx
14182,xxx
14183,xxx
14184,xxx
14185,xxx
14186,xxx
14187,xxx
14188,xxx
14189,xxx
14190,киевсьцѣ́
14191,кие́всьцѣыи
14192,xxx
14193,xxx
14194,xxx
14195,xxx
14196,xxx
14197,xxx
14198,xxx
14199,xxx
14200,xxx
14201,xxx
14202,xxx
14203,xxx
14204,xxx
14205,ки́рилличесьциии
14206,xxx
14207,ки́равсьцъыи
14208,xxx
14209,ки́стевамь
14210,xxx
14211,кисте́выии
14212,xxx
14213,xxx
14214,xxx
14215,xxx
14216,xxx
14217,xxx
14218,xxx
14219,xxx
14220,xxx
14221,кладбищѣнсьца́
14222,xxx
14223,xxx
14224,xxx
14225,xxx
14226,кладавы́ии
14227,xxx
14228,xxx
14229,xxx
14230,xxx
14231,xxx
14232,xxx
14233,xxx
14234,xxx
14235,xxx
14236,xxx
14237,xxx
14238,xxx
14239,xxx
14240,классо́ви
14241,xxx
14242,xxx
14243,xxx
14244,xxx
14245,xxx
14246,xxx
14247,xxx
14248,xxx
14249,xxx
14250,xxx
14251,xxx
14252,xxx
14253,xxx
14254,xxx
14255,xxx
14256,xxx
14257,xxx
14258,xxx
14259,xxx
14260,xxx
14261,xxx
14262,xxx
14263,xxx
14264,клещево́мъии
14265,клие́нтсьца
14266,xxx
14267,климатичесьцу́
14268,xxx
14269,климатичесьцъи́и
14270,xxx
14271,климатичесьци́
14272,климатиче́сьциии
14273,климатиче́сьцѣхъ
14274,xxx
14275,xxx
14276,xxx
14277,xxx
14278,xxx
14279,xxx
14280,xxx
14281,xxx
14282,xxx
14283,xxx
14284,xxx
14285,xxx
14286,xxx
14287,xxx
14288,xxx
14289,xxx
14290,xxx
14291,xxx
14292,клю́чевамъии
14293,xxx
14294,xxx
14295,xxx
14296,xxx
14297,xxx
14298,xxx
14299,xxx
14300,xxx
14301,xxx
14302,xxx
14303,княже́сьцъ
14304,xxx
14305,xxx
14306,ко́вана
14307,кавана́ыи
14308,xxx
14309,xxx
14310,xxx
14311,xxx
14312,кавравѣ́хъии
14313,xxx
14314,ко́жѣвѣнны
14315,ко́жѣвѣнныии
14316,xxx
14317,xxx
14318,xxx
14319,xxx
14320,xxx
14321,xxx
14322,xxx
14323,xxx
14324,xxx
14325,xxx
14326,кази́
14327,ко́замъ
14328,xxx
14329,xxx
14330,xxx
14331,xxx
14332,xxx
14333,xxx
14334,xxx
14335,xxx
14336,xxx
14337,xxx
14338,xxx
14339,xxx
14340,ко́зырнамъии
14341,xxx
14342,xxx
14343,xxx
14344,xxx
14345,xxx
14346,xxx
14347,ко́лдавсьцуыи
14348,xxx
14349,xxx
14350,калё́снѣ
14351,xxx
14352,xxx
14353,xxx
14354,xxx
14355,xxx
14356,xxx
14357,xxx
14358,xxx
14359,xxx
14360,xxx
14361,xxx
14362,xxx
14363,каллекти́внъ
14364,каллективни́ии
14365,xxx
14366,кланиа́льнѣхъии
14367,xxx
14368,xxx
14369,xxx
14370,xxx
14371,xxx
14372,xxx
14373,xxx
14374,xxx
14375,xxx
14376,xxx
14377,xxx
14378,xxx
14379,ко́лымсьцъ
14380,xxx
14381,xxx
14382,xxx
14383,xxx
14384,xxx
14385,xxx
14386,xxx
14387,xxx
14388,xxx
14389,xxx
14390,xxx
14391,xxx
14392,каманди́рсьцу
14393,xxx
14394,xxx
14395,xxx
14396,xxx
14397,xxx
14398,xxx
14399,xxx
14400,xxx
14401,xxx
14402,xxx
14403,xxx
14404,камичесьцѣ́хъии
14405,xxx
14406,xxx
14407,xxx
14408,xxx
14409,xxx
14410,xxx
14411,xxx
14412,xxx
14413,xxx
14414,ко́ммѫнальны
14415,каммѫна́льнѣхъии
14416,каммѫнистиче́сьца
14417,xxx
14418,xxx
14419,камна́тнъ
14420,xxx
14421,xxx
14422,xxx
14423,xxx
14424,ко́мпьютернъ
14425,xxx
14426,xxx
14427,xxx
14428,кампьютернъи́и
14429,xxx
14430,xxx
14431,xxx
14432,xxx
14433,xxx
14434,xxx
14435,xxx
14436,xxx
14437,xxx
14438,xxx
14439,xxx
14440,xxx
14441,xxx
14442,xxx
14443,xxx
14444,ко́ничесьциии
14445,канкре́тнъ
14446,xxx
14447,xxx
14448,xxx
14449,xxx
14450,xxx
14451,xxx
14452,xxx
14453,xxx
14454,xxx
14455,xxx
14456,xxx
14457,xxx
14458,xxx
14459,xxx
14460,xxx
14461,xxx
14462,xxx
14463,xxx
14464,xxx
14465,xxx
14466,xxx
14467,xxx
14468,xxx
14469,xxx
14470,xxx
14471,xxx
14472,xxx
14473,xxx
14474,xxx
14475,xxx
14476,канта́ктнаыи
14477,xxx
14478,xxx
14479,xxx
14480,кантѣйнѣрны́ии
14481,xxx
14482,кантарсьцъы́и
14483,xxx
14484,xxx
14485,xxx
14486,ко́нтрактна
14487,кантрактно́мьыи
14488,xxx
14489,xxx
14490,кантральнѣ́ыи
14491,кантро́льнъии
14492,xxx
14493,xxx
14494,xxx
14495,xxx
14496,ко́нтртерраристичесьциии
14497,ко́нтртерраристичесьцѣхъии
14498,xxx
14499,xxx
14500,капчёну́ыи
14501,ко́пчёнамь
14502,капчё́н
14503,капчё́ны
14504,xxx
14505,xxx
14506,xxx
14507,xxx
14508,xxx
14509,xxx
14510,xxx
14511,xxx
14512,xxx
14513,xxx
14514,xxx
14515,xxx
14516,xxx
14517,xxx
14518,xxx
14519,xxx
14520,xxx
14521,ко́рнѣвамъии
14522,кра́вамьыи
14523,xxx
14524,xxx
14525,xxx
14526,xxx
14527,xxx
14528,xxx
14529,xxx
14530,xxx
14531,кра́ннѣыи
14532,xxx
14533,кра́нниии
14534,xxx
14535,xxx
14536,xxx
14537,xxx
14538,xxx
14539,xxx
14540,xxx
14541,xxx
14542,xxx
14543,xxx
14544,xxx
14545,xxx
14546,xxx
14547,каррумпираванно́мь
14548,каррумпирава́ннъии
14549,xxx
14550,каря́ксьцъ
14551,каря́ксьцуыи
14552,xxx
14553,xxx
14554,xxx
14555,xxx
14556,xxx
14557,xxx
14558,xxx
14559,xxx
14560,xxx
14561,xxx
14562,xxx
14563,xxx
14564,xxx
14565,xxx
14566,xxx
14567,xxx
14568,xxx
14569,xxx
14570,xxx
14571,xxx
14572,xxx
14573,xxx
14574,xxx
14575,xxx
14576,xxx
14577,ко́стяну
14578,xxx
14579,xxx
14580,xxx
14581,xxx
14582,кашача́
14583,xxx
14584,xxx
14585,xxx
14586,xxx
14587,крае́ва
14588,xxx
14589,xxx
14590,xxx
14591,xxx
14592,xxx
14593,xxx
14594,xxx
14595,xxx
14596,xxx
14597,xxx
14598,xxx
14599,xxx
14600,xxx
14601,xxx
14602,xxx
14603,xxx
14604,xxx
14605,xxx
14606,крахмальни́ии
14607,крашену́ыи
14608,краше́нъыи
14609,xxx
14610,xxx
14611,xxx
14612,xxx
14613,xxx
14614,xxx
14615,xxx
14616,xxx
14617,xxx
14618,креди́тнъии
14619,кре́дитарсьцъыи
14620,xxx
14621,крѣ́млёвсьцамь
14622,xxx
14623,xxx
14624,xxx
14625,xxx
14626,xxx
14627,xxx
14628,xxx
14629,xxx
14630,xxx
14631,xxx
14632,xxx
14633,xxx
14634,xxx
14635,кристалличе́сьци
14636,xxx
14637,xxx
14638,xxx
14639,xxx
14640,xxx
14641,xxx
14642,кру́гленьцъ
14643,xxx
14644,xxx
14645,кругавы́
14646,xxx
14647,xxx
14648,xxx
14649,xxx
14650,xxx
14651,крыльевъы́и
14652,кры́льевамъии
14653,xxx
14654,xxx
14655,xxx
14656,xxx
14657,xxx
14658,xxx
14659,xxx
14660,xxx
14661,xxx
14662,xxx
14663,xxx
14664,xxx
14665,xxx
14666,xxx
14667,xxx
14668,куби́нсьцъ
14669,xxx
14670,xxx
14671,xxx
14672,xxx
14673,xxx
14674,xxx
14675,xxx
14676,xxx
14677,xxx
14678,xxx
14679,кубавы́
14680,xxx
14681,xxx
14682,xxx
14683,xxx
14684,xxx
14685,xxx
14686,кузне́чнъ
14687,xxx
14688,xxx
14689,xxx
14690,xxx
14691,xxx
14692,xxx
14693,xxx
14694,xxx
14695,xxx
14696,xxx
14697,кургу́зуыи
14698,xxx
14699,xxx
14700,xxx
14701,xxx
14702,xxx
14703,xxx
14704,xxx
14705,xxx
14706,xxx
14707,xxx
14708,xxx
14709,xxx
14710,xxx
14711,кури́льсьциии
14712,xxx
14713,xxx
14714,xxx
14715,xxx
14716,xxx
14717,xxx
14718,xxx
14719,xxx
14720,xxx
14721,xxx
14722,xxx
14723,xxx
14724,курартно́мьыи
14725,курартнѣ́ыи
14726,xxx
14727,xxx
14728,xxx
14729,xxx
14730,xxx
14731,xxx
14732,xxx
14733,xxx
14734,xxx
14735,xxx
14736,xxx
14737,xxx
14738,xxx
14739,xxx
14740,xxx
14741,xxx
14742,xxx
14743,xxx
14744,xxx
14745,xxx
14746,xxx
14747,xxx
14748,xxx
14749,xxx
14750,xxx
14751,xxx
14752,xxx
14753,лавро́в
14754,xxx
14755,xxx
14756,лаге́рнѣхъ
14757,ла́зѣрнъ
14758,xxx
14759,xxx
14760,xxx
14761,ла́зурнаыи
14762,xxx
14763,xxx
14764,xxx
14765,xxx
14766,xxx
14767,лао́ссьцъ
14768,лао́ссьцѣыи
14769,xxx
14770,xxx
14771,ла́скатѣльны
14772,ласкаво́мь
14773,xxx
14774,xxx
14775,латви́йсьцамьыи
14776,xxx
14777,xxx
14778,ла́твийсьциии
14779,ла́твийсьцъии
14780,ла́твийсьцамъ
14781,xxx
14782,xxx
14783,ла́текснамь
14784,xxx
14785,xxx
14786,xxx
14787,xxx
14788,xxx
14789,xxx
14790,xxx
14791,xxx
14792,xxx
14793,xxx
14794,xxx
14795,xxx
14796,xxx
14797,xxx
14798,xxx
14799,xxx
14800,xxx
14801,xxx
14802,xxx
14803,xxx
14804,xxx
14805,xxx
14806,xxx
14807,xxx
14808,xxx
14809,xxx
14810,xxx
14811,xxx
14812,xxx
14813,xxx
14814,xxx
14815,xxx
14816,xxx
14817,xxx
14818,xxx
14819,xxx
14820,xxx
14821,xxx
14822,xxx
14823,xxx
14824,xxx
14825,xxx
14826,xxx
14827,xxx
14828,xxx
14829,xxx
14830,ле́нинградсьцъыи
14831,xxx
14832,xxx
14833,xxx
14834,xxx
14835,xxx
14836,xxx
14837,xxx
14838,xxx
14839,xxx
14840,xxx
14841,xxx
14842,xxx
14843,xxx
14844,xxx
14845,xxx
14846,ле́нтачнамьыи
14847,xxx
14848,xxx
14849,xxx
14850,xxx
14851,xxx
14852,xxx
14853,xxx
14854,xxx
14855,xxx
14856,xxx
14857,xxx
14858,xxx
14859,лесбия́нсьцъыи
14860,xxx
14861,xxx
14862,xxx
14863,xxx
14864,xxx
14865,xxx
14866,xxx
14867,xxx
14868,xxx
14869,xxx
14870,xxx
14871,xxx
14872,xxx
14873,xxx
14874,xxx
14875,xxx
14876,xxx
14877,xxx
14878,xxx
14879,xxx
14880,xxx
14881,xxx
14882,xxx
14883,xxx
14884,xxx
14885,xxx
14886,xxx
14887,ле́сапасадачни
14888,xxx
14889,xxx
14890,xxx
14891,xxx
14892,xxx
14893,xxx
14894,xxx
14895,xxx
14896,ле́сатундравыии
14897,лесатундро́вѣхъ
14898,xxx
14899,xxx
14900,xxx
14901,xxx
14902,лѣ́татѣльнъ
14903,xxx
14904,xxx
14905,xxx
14906,xxx
14907,xxx
14908,xxx
14909,xxx
14910,ли́зингав
14911,xxx
14912,xxx
14913,xxx
14914,лима́ннъ
14915,xxx
14916,ли́мбургсьцъ
14917,ли́мбургсьцамьыи
14918,лимбу́ргсьцѣ
14919,xxx
14920,xxx
14921,лимо́ннъ
14922,xxx
14923,xxx
14924,ли́маннъ
14925,лимо́ннамъии
14926,xxx
14927,xxx
14928,xxx
14929,xxx
14930,xxx
14931,ли́нгвистичесьци
14932,xxx
14933,xxx
14934,xxx
14935,xxx
14936,xxx
14937,xxx
14938,xxx
14939,лириче́сьциии
14940,xxx
14941,лириче́сьциии
14942,xxx
14943,xxx
14944,xxx
14945,xxx
14946,xxx
14947,xxx
14948,xxx
14949,xxx
14950,xxx
14951,листвм́нни
14952,листаво́мьыи
14953,xxx
14954,xxx
14955,xxx
14956,xxx
14957,xxx
14958,xxx
14959,xxx
14960,xxx
14961,xxx
14962,xxx
14963,xxx
14964,xxx
14965,xxx
14966,xxx
14967,xxx
14968,xxx
14969,xxx
14970,xxx
14971,xxx
14972,xxx
14973,ли́цевъыи
14974,ли́цеваыи
14975,лично́стнаыи
14976,лабавъы́и
14977,xxx
14978,xxx
14979,xxx
14980,xxx
14981,xxx
14982,xxx
14983,xxx
14984,xxx
14985,xxx
14986,xxx
14987,xxx
14988,xxx
14989,xxx
14990,xxx
14991,xxx
14992,xxx
14993,xxx
14994,xxx
14995,xxx
14996,xxx
14997,xxx
14998,xxx
14999,xxx
15000,xxx
15001,xxx
15002,xxx
15003,лакте́в
15004,xxx
15005,xxx
15006,xxx
15007,xxx
15008,xxx
15009,xxx
15010,xxx
15011,xxx
15012,xxx
15013,xxx
15014,xxx
15015,xxx
15016,xxx
15017,xxx
15018,ласасёво́мь
15019,ласасёвъи́и
15020,xxx
15021,xxx
15022,xxx
15023,xxx
15024,xxx
15025,xxx
15026,xxx
15027,xxx
15028,ло́ташливы
15029,xxx
15030,xxx
15031,xxx
15032,xxx
15033,xxx
15034,лашадины́ии
15035,луго́в
15036,xxx
15037,xxx
15038,xxx
15039,xxx
15040,лужи́цьциии
15041,луко́ву
15042,xxx
15043,xxx
15044,луко́вѣхъии
15045,xxx
15046,xxx
15047,xxx
15048,xxx
15049,xxx
15050,xxx
15051,xxx
15052,xxx
15053,xxx
15054,xxx
15055,xxx
15056,xxx
15057,xxx
15058,xxx
15059,xxx
15060,xxx
15061,льзо́тнамъ
15062,xxx
15063,xxx
15064,xxx
15065,xxx
15066,xxx
15067,xxx
15068,xxx
15069,xxx
15070,xxx
15071,xxx
15072,xxx
15073,xxx
15074,xxx
15075,xxx
15076,xxx
15077,xxx
15078,xxx
15079,xxx
15080,xxx
15081,xxx
15082,xxx
15083,xxx
15084,xxx
15085,xxx
15086,xxx
15087,xxx
15088,xxx
15089,xxx
15090,xxx
15091,xxx
15092,xxx
15093,xxx
15094,магистральнъы́и
15095,xxx
15096,xxx
15097,xxx
15098,xxx
15099,xxx
15100,xxx
15101,xxx
15102,xxx
15103,xxx
15104,xxx
15105,xxx
15106,xxx
15107,xxx
15108,xxx
15109,xxx
15110,ма́гнитафанны
15111,xxx
15112,xxx
15113,xxx
15114,xxx
15115,xxx
15116,xxx
15117,xxx
15118,xxx
15119,xxx
15120,xxx
15121,xxx
15122,xxx
15123,xxx
15124,xxx
15125,xxx
15126,xxx
15127,макаранны́
15128,xxx
15129,xxx
15130,xxx
15131,xxx
15132,xxx
15133,xxx
15134,xxx
15135,xxx
15136,xxx
15137,xxx
15138,xxx
15139,xxx
15140,xxx
15141,xxx
15142,xxx
15143,xxx
15144,xxx
15145,xxx
15146,малайсьцу́ыи
15147,мала́йсьцѣыи
15148,xxx
15149,праславянсьцъы́и
15150,малийсьци́
15151,xxx
15152,xxx
15153,xxx
15154,xxx
15155,xxx
15156,xxx
15157,xxx
15158,xxx
15159,xxx
15160,xxx
15161,xxx
15162,xxx
15163,xxx
15164,xxx
15165,xxx
15166,xxx
15167,ма́лярийнамъ
15168,маминъы́и
15169,xxx
15170,xxx
15171,мансийсьци́
15172,xxx
15173,xxx
15174,xxx
15175,маньчжу́рсьцу
15176,xxx
15177,xxx
15178,xxx
15179,xxx
15180,xxx
15181,xxx
15182,xxx
15183,xxx
15184,xxx
15185,xxx
15186,xxx
15187,xxx
15188,марийсьци́ии
15189,xxx
15190,xxx
15191,xxx
15192,xxx
15193,ма́ринаваннамьыи
15194,ма́ринаваннѣ
15195,xxx
15196,xxx
15197,xxx
15198,маркѣтинго́въии
15199,xxx
15200,ма́рксистсьцамьыи
15201,xxx
15202,xxx
15203,xxx
15204,xxx
15205,xxx
15206,xxx
15207,xxx
15208,xxx
15209,xxx
15210,xxx
15211,xxx
15212,xxx
15213,xxx
15214,ма́сансьцъыи
15215,ма́сансьцамъ
15216,xxx
15217,xxx
15218,xxx
15219,xxx
15220,xxx
15221,xxx
15222,xxx
15223,xxx
15224,xxx
15225,масте́рсьцъ
15226,ма́стерсьцъыи
15227,мастерсьцо́мь
15228,xxx
15229,ма́терину
15230,xxx
15231,xxx
15232,xxx
15233,xxx
15234,матро́ссьцъ
15235,ма́трассьци
15236,xxx
15237,машинальна́ыи
15238,ма́шинальны
15239,xxx
15240,xxx
15241,xxx
15242,xxx
15243,xxx
15244,мебе́льнъ
15245,мебе́льниии
15246,xxx
15247,xxx
15248,ме́двежиии
15249,xxx
15250,ме́дианнамьыи
15251,xxx
15252,xxx
15253,xxx
15254,xxx
15255,межгалактичесьцѣ́хъ
15256,xxx
15257,xxx
15258,xxx
15259,xxx
15260,xxx
15261,xxx
15262,xxx
15263,xxx
15264,xxx
15265,xxx
15266,xxx
15267,xxx
15268,xxx
15269,xxx
15270,xxx
15271,xxx
15272,xxx
15273,xxx
15274,xxx
15275,xxx
15276,xxx
15277,xxx
15278,xxx
15279,xxx
15280,xxx
15281,xxx
15282,xxx
15283,xxx
15284,xxx
15285,xxx
15286,xxx
15287,ме́тафизичесьцуыи
15288,xxx
15289,xxx
15290,xxx
15291,xxx
15292,xxx
15293,xxx
15294,xxx
15295,xxx
15296,xxx
15297,xxx
15298,xxx
15299,xxx
15300,метадлагичесьцѣ́ыи
15301,xxx
15302,xxx
15303,xxx
15304,мехо́вамъии
15305,ме́хавыии
15306,ме́щансьца
15307,меща́нсьцъ
15308,xxx
15309,xxx
15310,мёрзла́
15311,xxx
15312,xxx
15313,мёрзлъы́и
15314,xxx
15315,xxx
15316,мёрзли́ии
15317,израцио́ннъыи
15318,ми́зрацианнѣхъии
15319,xxx
15320,xxx
15321,xxx
15322,xxx
15323,xxx
15324,xxx
15325,xxx
15326,xxx
15327,xxx
15328,мицраскапиче́сьцъыи
15329,xxx
15330,xxx
15331,xxx
15332,xxx
15333,xxx
15334,xxx
15335,xxx
15336,xxx
15337,xxx
15338,xxx
15339,ми́лицейсьцамъии
15340,ми́лицейсьци
15341,милице́йсьциии
15342,милицейсьци́ии
15343,xxx
15344,минѣральну́ыи
15345,минѣрально́мь
15346,xxx
15347,xxx
15348,xxx
15349,xxx
15350,xxx
15351,xxx
15352,xxx
15353,xxx
15354,xxx
15355,xxx
15356,xxx
15357,xxx
15358,ми́нистерсьцѣыи
15359,xxx
15360,xxx
15361,xxx
15362,xxx
15363,xxx
15364,xxx
15365,xxx
15366,xxx
15367,xxx
15368,xxx
15369,xxx
15370,xxx
15371,xxx
15372,xxx
15373,xxx
15374,xxx
15375,xxx
15376,xxx
15377,xxx
15378,xxx
15379,xxx
15380,xxx
15381,ми́равуыи
15382,мирави́ии
15383,ми́рав
15384,xxx
15385,xxx
15386,xxx
15387,xxx
15388,xxx
15389,xxx
15390,xxx
15391,xxx
15392,xxx
15393,xxx
15394,xxx
15395,xxx
15396,xxx
15397,миссианѣ́рсьцѣыи
15398,ми́стичесьцъыи
15399,мистиче́сьци
15400,xxx
15401,xxx
15402,xxx
15403,мифлагиче́сьцъ
15404,ми́флагичесьци
15405,xxx
15406,xxx
15407,xxx
15408,xxx
15409,xxx
15410,xxx
15411,xxx
15412,xxx
15413,мла́д
15414,xxx
15415,xxx
15416,мла́дъыи
15417,xxx
15418,xxx
15419,мла́д
15420,xxx
15421,xxx
15422,xxx
15423,xxx
15424,мнагаслажнъы́и
15425,мно́гаслажнѣыи
15426,xxx
15427,xxx
15428,мно́гацелевъыи
15429,мнагацелевъи́и
15430,xxx
15431,xxx
15432,xxx
15433,xxx
15434,xxx
15435,xxx
15436,xxx
15437,xxx
15438,xxx
15439,xxx
15440,xxx
15441,xxx
15442,xxx
15443,xxx
15444,xxx
15445,xxx
15446,маде́льнамъ
15447,xxx
15448,маде́льныии
15449,xxx
15450,xxx
15451,мо́згав
15452,xxx
15453,xxx
15454,xxx
15455,xxx
15456,xxx
15457,xxx
15458,xxx
15459,xxx
15460,xxx
15461,xxx
15462,xxx
15463,xxx
15464,xxx
15465,младё́жнъыи
15466,xxx
15467,xxx
15468,xxx
15469,xxx
15470,xxx
15471,манашѣ́сьци
15472,xxx
15473,мо́ральныии
15474,маральнѣ́хъ
15475,xxx
15476,xxx
15477,xxx
15478,xxx
15479,xxx
15480,xxx
15481,xxx
15482,xxx
15483,xxx
15484,xxx
15485,xxx
15486,xxx
15487,xxx
15488,xxx
15489,xxx
15490,xxx
15491,xxx
15492,xxx
15493,xxx
15494,xxx
15495,xxx
15496,мачевѣ́ыи
15497,маче́вамъии
15498,xxx
15499,xxx
15500,xxx
15501,машано́чниии
15502,xxx
15503,xxx
15504,xxx
15505,мрамо́рну
15506,xxx
15507,xxx
15508,мрамарны́ии
15509,xxx
15510,xxx
15511,xxx
15512,xxx
15513,xxx
15514,xxx
15515,мужицьци́ии
15516,xxx
15517,xxx
15518,xxx
15519,xxx
15520,xxx
15521,xxx
15522,xxx
15523,xxx
15524,xxx
15525,xxx
15526,xxx
15527,xxx
15528,xxx
15529,xxx
15530,xxx
15531,xxx
15532,xxx
15533,xxx
15534,xxx
15535,xxx
15536,мурма́нсьцъ
15537,мурмансьцу́ыи
15538,xxx
15539,xxx
15540,xxx
15541,xxx
15542,xxx
15543,xxx
15544,xxx
15545,xxx
15546,xxx
15547,xxx
15548,xxx
15549,xxx
15550,xxx
15551,xxx
15552,xxx
15553,xxx
15554,xxx
15555,xxx
15556,xxx
15557,xxx
15558,xxx
15559,xxx
15560,xxx
15561,xxx
15562,xxx
15563,xxx
15564,xxx
15565,xxx
15566,нагайсьца́
15567,нагайсьцо́мьыи
15568,xxx
15569,xxx
15570,xxx
15571,xxx
15572,xxx
15573,xxx
15574,xxx
15575,нагруднѣ́ыи
15576,нагру́днѣхъии
15577,надво́днъыи
15578,надвадну́
15579,xxx
15580,xxx
15581,xxx
15582,xxx
15583,надзо́рнъ
15584,xxx
15585,xxx
15586,надзарнѣ́хъии
15587,на́дувна
15588,xxx
15589,xxx
15590,xxx
15591,на́ёмнъыи
15592,xxx
15593,нажда́чнъ
15594,xxx
15595,на́земнѣ
15596,xxx
15597,xxx
15598,наземны́ии
15599,xxx
15600,xxx
15601,xxx
15602,xxx
15603,xxx
15604,xxx
15605,xxx
15606,xxx
15607,xxx
15608,накажна́ыи
15609,на́кажну
15610,xxx
15611,xxx
15612,xxx
15613,накажнѣ́хъ
15614,xxx
15615,xxx
15616,наладо́ннамъ
15617,xxx
15618,xxx
15619,xxx
15620,xxx
15621,xxx
15622,xxx
15623,xxx
15624,xxx
15625,xxx
15626,xxx
15627,xxx
15628,xxx
15629,xxx
15630,xxx
15631,xxx
15632,xxx
15633,xxx
15634,xxx
15635,xxx
15636,xxx
15637,xxx
15638,xxx
15639,xxx
15640,xxx
15641,xxx
15642,xxx
15643,xxx
15644,xxx
15645,xxx
15646,нарука́вныии
15647,xxx
15648,xxx
15649,xxx
15650,xxx
15651,xxx
15652,xxx
15653,наслаждѣнчѣсьцу́
15654,xxx
15655,нато́всьцъ
15656,xxx
15657,нато́всьцамь
15658,xxx
15659,xxx
15660,xxx
15661,xxx
15662,xxx
15663,xxx
15664,xxx
15665,xxx
15666,xxx
15667,xxx
15668,xxx
15669,xxx
15670,xxx
15671,xxx
15672,xxx
15673,xxx
15674,xxx
15675,xxx
15676,xxx
15677,xxx
15678,xxx
15679,xxx
15680,xxx
15681,xxx
15682,xxx
15683,xxx
15684,xxx
15685,xxx
15686,xxx
15687,xxx
15688,xxx
15689,xxx
15690,xxx
15691,xxx
15692,xxx
15693,xxx
15694,xxx
15695,не́бесниии
15696,небесны́ии
15697,xxx
15698,не́бальшѣыи
15699,xxx
15700,xxx
15701,xxx
15702,xxx
15703,xxx
15704,xxx
15705,xxx
15706,xxx
15707,xxx
15708,xxx
15709,нѣгритянсьцо́мъии
15710,xxx
15711,xxx
15712,xxx
15713,недавно́мъ
15714,xxx
15715,xxx
15716,xxx
15717,xxx
15718,xxx
15719,xxx
15720,xxx
15721,xxx
15722,xxx
15723,xxx
15724,xxx
15725,xxx
15726,xxx
15727,xxx
15728,xxx
15729,xxx
15730,xxx
15731,xxx
15732,xxx
15733,xxx
15734,xxx
15735,xxx
15736,xxx
15737,xxx
15738,xxx
15739,xxx
15740,xxx
15741,xxx
15742,xxx
15743,xxx
15744,xxx
15745,xxx
15746,xxx
15747,xxx
15748,xxx
15749,xxx
15750,xxx
15751,xxx
15752,xxx
15753,xxx
15754,xxx
15755,xxx
15756,xxx
15757,xxx
15758,незе́мнъ
15759,незре́л
15760,не́зрелъыи
15761,xxx
15762,xxx
15763,xxx
15764,xxx
15765,неизрекамо́мъ
15766,xxx
15767,xxx
15768,xxx
15769,xxx
15770,xxx
15771,xxx
15772,xxx
15773,xxx
15774,xxx
15775,не́кантралируемѣ
15776,не́кантралируемѣыи
15777,xxx
15778,xxx
15779,xxx
15780,xxx
15781,xxx
15782,xxx
15783,xxx
15784,не́адабрительнъ
15785,неадабрите́льны
15786,неадабрите́льныии
15787,xxx
15788,xxx
15789,xxx
15790,xxx
15791,xxx
15792,xxx
15793,xxx
15794,xxx
15795,xxx
15796,xxx
15797,xxx
15798,xxx
15799,xxx
15800,xxx
15801,xxx
15802,xxx
15803,xxx
15804,xxx
15805,xxx
15806,xxx
15807,xxx
15808,xxx
15809,xxx
15810,xxx
15811,xxx
15812,xxx
15813,xxx
15814,xxx
15815,xxx
15816,xxx
15817,xxx
15818,xxx
15819,xxx
15820,xxx
15821,нѣпрашѣ́намь
15822,xxx
15823,xxx
15824,xxx
15825,нѣпрашѣ́ныии
15826,xxx
15827,xxx
15828,xxx
15829,xxx
15830,xxx
15831,xxx
15832,не́радивѣхъии
15833,xxx
15834,xxx
15835,xxx
15836,xxx
15837,xxx
15838,xxx
15839,xxx
15840,xxx
15841,xxx
15842,xxx
15843,xxx
15844,xxx
15845,xxx
15846,xxx
15847,xxx
15848,xxx
15849,xxx
15850,xxx
15851,xxx
15852,xxx
15853,xxx
15854,xxx
15855,xxx
15856,xxx
15857,xxx
15858,нефтегазо́виии
15859,не́фтегазавы
15860,не́фтян
15861,xxx
15862,xxx
15863,xxx
15864,xxx
15865,xxx
15866,xxx
15867,xxx
15868,xxx
15869,xxx
15870,xxx
15871,xxx
15872,xxx
15873,низо́въыи
15874,ницитсьцѣ́хъии
15875,xxx
15876,xxx
15877,ни́цалаевсьци
15878,нитяно́мьыи
15879,xxx
15880,xxx
15881,ни́тянѣхъ
15882,xxx
15883,xxx
15884,xxx
15885,xxx
15886,xxx
15887,xxx
15888,xxx
15889,xxx
15890,xxx
15891,xxx
15892,xxx
15893,xxx
15894,xxx
15895,xxx
15896,xxx
15897,xxx
15898,xxx
15899,xxx
15900,xxx
15901,xxx
15902,xxx
15903,навагаднъы́и
15904,навадеви́чиии
15905,xxx
15906,xxx
15907,xxx
15908,навадеви́чѣхъии
15909,но́вражденна
15910,xxx
15911,xxx
15912,xxx
15913,наваявлѣнни́ии
15914,xxx
15915,xxx
15916,xxx
15917,xxx
15918,xxx
15919,xxx
15920,xxx
15921,xxx
15922,xxx
15923,но́жны
15924,xxx
15925,xxx
15926,наме́рнаыи
15927,наме́рнамьыи
15928,xxx
15929,xxx
15930,xxx
15931,xxx
15932,xxx
15933,xxx
15934,xxx
15935,xxx
15936,xxx
15937,xxx
15938,xxx
15939,xxx
15940,xxx
15941,насаво́мьыи
15942,но́тнъ
15943,xxx
15944,xxx
15945,xxx
15946,xxx
15947,начлѣжно́мь
15948,начлѣ́жнъ
15949,xxx
15950,xxx
15951,xxx
15952,xxx
15953,xxx
15954,xxx
15955,наябрьсьци́
15956,нуклеатиднѣ́
15957,xxx
15958,xxx
15959,xxx
15960,xxx
15961,нулё́ваыи
15962,xxx
15963,xxx
15964,ну́лёвѣхъии
15965,xxx
15966,xxx
15967,xxx
15968,xxx
15969,xxx
15970,xxx
15971,нюхательнѣ́ыи
15972,xxx
15973,xxx
15974,xxx
15975,xxx
15976,xxx
15977,xxx
15978,xxx
15979,xxx
15980,абластны́
15981,xxx
15982,xxx
15983,xxx
15984,xxx
15985,xxx
15986,xxx
15987,xxx
15988,xxx
15989,о́братнамъ
15990,xxx
15991,xxx
15992,xxx
15993,xxx
15994,xxx
15995,xxx
15996,xxx
15997,xxx
15998,xxx
15999,xxx
16000,xxx
16001,xxx
16002,xxx
16003,xxx
16004,xxx
16005,xxx
16006,xxx
16007,абувну́
16008,xxx
16009,xxx
16010,xxx
16011,xxx
16012,xxx
16013,xxx
16014,xxx
16015,xxx
16016,xxx
16017,xxx
16018,xxx
16019,xxx
16020,xxx
16021,xxx
16022,xxx
16023,xxx
16024,xxx
16025,xxx
16026,xxx
16027,xxx
16028,xxx
16029,xxx
16030,xxx
16031,xxx
16032,xxx
16033,xxx
16034,xxx
16035,xxx
16036,xxx
16037,xxx
16038,xxx
16039,xxx
16040,xxx
16041,xxx
16042,xxx
16043,xxx
16044,xxx
16045,xxx
16046,xxx
16047,xxx
16048,xxx
16049,аве́чамьыи
16050,о́вечѣыи
16051,аве́чамъии
16052,xxx
16053,аве́чѣхъии
16054,аващна́
16055,о́ващны
16056,xxx
16057,агне́вамь
16058,агневи́
16059,агненни́
16060,о́гненнамъ
16061,xxx
16062,xxx
16063,аградна́
16064,xxx
16065,xxx
16066,xxx
16067,о́граднѣхъии
16068,xxx
16069,xxx
16070,адессьца́ыи
16071,аде́ссьци
16072,xxx
16073,xxx
16074,xxx
16075,xxx
16076,xxx
16077,xxx
16078,xxx
16079,xxx
16080,xxx
16081,xxx
16082,xxx
16083,xxx
16084,xxx
16085,xxx
16086,xxx
16087,xxx
16088,xxx
16089,xxx
16090,аднаслажни́ии
16091,xxx
16092,xxx
16093,xxx
16094,xxx
16095,азёрно́мьыи
16096,xxx
16097,азима́
16098,xxx
16099,xxx
16100,xxx
16101,азо́рнамь
16102,азарны́ии
16103,xxx
16104,xxx
16105,xxx
16106,о́казывающы
16107,xxx
16108,xxx
16109,xxx
16110,xxx
16111,xxx
16112,xxx
16113,xxx
16114,xxx
16115,xxx
16116,xxx
16117,xxx
16118,xxx
16119,xxx
16120,xxx
16121,xxx
16122,xxx
16123,xxx
16124,xxx
16125,xxx
16126,xxx
16127,xxx
16128,xxx
16129,xxx
16130,ако́нныии
16131,о́крестнамь
16132,xxx
16133,xxx
16134,акружаю́щуыи
16135,xxx
16136,акружаю́щѣыи
16137,xxx
16138,xxx
16139,xxx
16140,xxx
16141,xxx
16142,xxx
16143,xxx
16144,xxx
16145,xxx
16146,xxx
16147,xxx
16148,xxx
16149,xxx
16150,xxx
16151,xxx
16152,xxx
16153,xxx
16154,алимпийсьцу́
16155,xxx
16156,xxx
16157,xxx
16158,xxx
16159,xxx
16160,xxx
16161,xxx
16162,xxx
16163,xxx
16164,xxx
16165,xxx
16166,xxx
16167,xxx
16168,xxx
16169,xxx
16170,xxx
16171,xxx
16172,xxx
16173,xxx
16174,xxx
16175,xxx
16176,xxx
16177,xxx
16178,xxx
16179,апарно́мьыи
16180,xxx
16181,xxx
16182,о́парнамъ
16183,xxx
16184,xxx
16185,xxx
16186,xxx
16187,xxx
16188,аптичѣсьци́ии
16189,xxx
16190,xxx
16191,xxx
16192,о́птавиии
16193,xxx
16194,xxx
16195,xxx
16196,xxx
16197,xxx
16198,xxx
16199,xxx
16200,арганизацио́ннамьыи
16201,арганизацианнѣ́
16202,xxx
16203,xxx
16204,xxx
16205,xxx
16206,xxx
16207,xxx
16208,xxx
16209,xxx
16210,xxx
16211,xxx
16212,xxx
16213,xxx
16214,xxx
16215,xxx
16216,xxx
16217,о́ркестравъыи
16218,xxx
16219,xxx
16220,xxx
16221,xxx
16222,xxx
16223,xxx
16224,xxx
16225,xxx
16226,xxx
16227,xxx
16228,xxx
16229,xxx
16230,xxx
16231,xxx
16232,xxx
16233,xxx
16234,xxx
16235,xxx
16236,xxx
16237,xxx
16238,xxx
16239,xxx
16240,xxx
16241,xxx
16242,xxx
16243,xxx
16244,xxx
16245,xxx
16246,xxx
16247,xxx
16248,xxx
16249,арфаграфичѣ́сьцамъии
16250,xxx
16251,xxx
16252,xxx
16253,о́сев
16254,xxx
16255,асево́мъии
16256,xxx
16257,xxx
16258,xxx
16259,асетинсьцу́
16260,о́сетинсьцъ
16261,xxx
16262,xxx
16263,xxx
16264,xxx
16265,xxx
16266,асма́нсьцъ
16267,асмансьцо́мъ
16268,xxx
16269,xxx
16270,xxx
16271,xxx
16272,xxx
16273,xxx
16274,xxx
16275,xxx
16276,xxx
16277,xxx
16278,xxx
16279,xxx
16280,xxx
16281,xxx
16282,xxx
16283,xxx
16284,xxx
16285,xxx
16286,аста́льнъ
16287,xxx
16288,xxx
16289,о́стальнъии
16290,xxx
16291,xxx
16292,атбрачно́мъ
16293,xxx
16294,xxx
16295,xxx
16296,xxx
16297,xxx
16298,xxx
16299,xxx
16300,xxx
16301,xxx
16302,xxx
16303,xxx
16304,xxx
16305,xxx
16306,атдело́чнъ
16307,о́тделачныии
16308,xxx
16309,xxx
16310,xxx
16311,о́течесьци
16312,xxx
16313,xxx
16314,xxx
16315,аткланяющийсяъи́и
16316,xxx
16317,xxx
16318,xxx
16319,xxx
16320,xxx
16321,xxx
16322,атраслева́
16323,атрасле́ви
16324,xxx
16325,атставно́мъии
16326,атставны́ии
16327,о́тстал
16328,xxx
16329,xxx
16330,xxx
16331,xxx
16332,xxx
16333,xxx
16334,xxx
16335,xxx
16336,xxx
16337,xxx
16338,xxx
16339,xxx
16340,атцо́всьцъии
16341,атчё́тнуыи
16342,xxx
16343,афи́снаыи
16344,xxx
16345,xxx
16346,афицѣ́рсьцъ
16347,о́фицѣрсьцѣхъ
16348,xxx
16349,xxx
16350,xxx
16351,xxx
16352,xxx
16353,xxx
16354,xxx
16355,xxx
16356,xxx
16357,xxx
16358,xxx
16359,xxx
16360,xxx
16361,xxx
16362,xxx
16363,xxx
16364,xxx
16365,xxx
16366,о́чистнамъии
16367,xxx
16368,xxx
16369,xxx
16370,xxx
16371,xxx
16372,xxx
16373,xxx
16374,xxx
16375,xxx
16376,xxx
16377,xxx
16378,xxx
16379,xxx
16380,xxx
16381,xxx
16382,xxx
16383,xxx
16384,xxx
16385,xxx
16386,xxx
16387,пакистансьцъи́и
16388,палантинава́ыи
16389,xxx
16390,xxx
16391,xxx
16392,xxx
16393,xxx
16394,xxx
16395,xxx
16396,xxx
16397,xxx
16398,xxx
16399,xxx
16400,xxx
16401,xxx
16402,xxx
16403,xxx
16404,xxx
16405,xxx
16406,xxx
16407,xxx
16408,xxx
16409,xxx
16410,xxx
16411,xxx
16412,xxx
16413,xxx
16414,xxx
16415,xxx
16416,xxx
16417,xxx
16418,xxx
16419,xxx
16420,xxx
16421,xxx
16422,xxx
16423,xxx
16424,xxx
16425,xxx
16426,пальмо́в
16427,xxx
16428,xxx
16429,xxx
16430,xxx
16431,xxx
16432,xxx
16433,xxx
16434,xxx
16435,xxx
16436,xxx
16437,xxx
16438,xxx
16439,xxx
16440,xxx
16441,папинѣ́ыи
16442,па́пиниии
16443,xxx
16444,xxx
16445,xxx
16446,xxx
16447,xxx
16448,xxx
16449,xxx
16450,xxx
16451,па́рижсьцу
16452,xxx
16453,xxx
16454,па́ркаву
16455,xxx
16456,xxx
16457,па́равыии
16458,па́ртизансьцъыи
16459,xxx
16460,xxx
16461,xxx
16462,xxx
16463,xxx
16464,xxx
16465,патентно́мь
16466,xxx
16467,xxx
16468,xxx
16469,xxx
16470,xxx
16471,xxx
16472,xxx
16473,xxx
16474,xxx
16475,xxx
16476,xxx
16477,xxx
16478,xxx
16479,xxx
16480,xxx
16481,xxx
16482,педагагичесьци́ии
16483,xxx
16484,xxx
16485,xxx
16486,xxx
16487,xxx
16488,xxx
16489,xxx
16490,xxx
16491,xxx
16492,xxx
16493,xxx
16494,xxx
16495,xxx
16496,пе́нзенсьци
16497,пензе́нсьци
16498,xxx
16499,xxx
16500,xxx
16501,xxx
16502,xxx
16503,xxx
16504,xxx
16505,xxx
16506,xxx
16507,xxx
16508,xxx
16509,xxx
16510,xxx
16511,xxx
16512,xxx
16513,xxx
16514,xxx
16515,прѣ́днъ
16516,xxx
16517,прѣ́днъ
16518,xxx
16519,прѣно́снамьыи
16520,xxx
16521,прѣнаснѣ́хъ
16522,xxx
16523,xxx
16524,xxx
16525,xxx
16526,xxx
16527,xxx
16528,xxx
16529,прѣселенчесьца́
16530,xxx
16531,xxx
16532,xxx
16533,xxx
16534,xxx
16535,xxx
16536,xxx
16537,xxx
16538,xxx
16539,xxx
16540,xxx
16541,xxx
16542,xxx
16543,xxx
16544,xxx
16545,xxx
16546,xxx
16547,xxx
16548,xxx
16549,xxx
16550,xxx
16551,xxx
16552,xxx
16553,xxx
16554,xxx
16555,персана́льнъ
16556,xxx
16557,xxx
16558,xxx
16559,xxx
16560,xxx
16561,xxx
16562,xxx
16563,xxx
16564,xxx
16565,песча́нъыи
16566,xxx
16567,xxx
16568,xxx
16569,xxx
16570,пе́траградсьци
16571,xxx
16572,xxx
16573,xxx
16574,xxx
16575,xxx
16576,xxx
16577,xxx
16578,xxx
16579,xxx
16580,xxx
16581,xxx
16582,xxx
16583,xxx
16584,xxx
16585,xxx
16586,xxx
16587,xxx
16588,xxx
16589,xxx
16590,xxx
16591,xxx
16592,xxx
16593,xxx
16594,xxx
16595,пе́чёныии
16596,xxx
16597,xxx
16598,xxx
16599,xxx
16600,xxx
16601,xxx
16602,пешехо́днъ
16603,xxx
16604,xxx
16605,xxx
16606,xxx
16607,xxx
16608,xxx
16609,xxx
16610,xxx
16611,xxx
16612,xxx
16613,xxx
16614,xxx
16615,xxx
16616,пианерсьци́
16617,xxx
16618,xxx
16619,пиратсьцо́мъ
16620,пира́тсьцѣхъии
16621,питерсьцу́ыи
16622,xxx
16623,xxx
16624,xxx
16625,xxx
16626,xxx
16627,xxx
16628,xxx
16629,xxx
16630,xxx
16631,xxx
16632,пи́щеваднъии
16633,xxx
16634,xxx
16635,xxx
16636,xxx
16637,xxx
16638,xxx
16639,пла́стицава
16640,xxx
16641,xxx
16642,xxx
16643,пластицаво́мь
16644,пластицо́вѣхъ
16645,xxx
16646,xxx
16647,xxx
16648,xxx
16649,xxx
16650,xxx
16651,xxx
16652,xxx
16653,xxx
16654,пла́стмассавѣ
16655,xxx
16656,xxx
16657,xxx
16658,xxx
16659,xxx
16660,xxx
16661,xxx
16662,xxx
16663,платино́вѣыи
16664,xxx
16665,xxx
16666,xxx
16667,xxx
16668,xxx
16669,xxx
16670,xxx
16671,xxx
16672,xxx
16673,xxx
16674,платаничесьцѣ́ыи
16675,xxx
16676,xxx
16677,племе́ннамъ
16678,xxx
16679,xxx
16680,плесневе́лѣыи
16681,xxx
16682,xxx
16683,xxx
16684,xxx
16685,плече́в
16686,пле́чевъыи
16687,пле́чевъыи
16688,xxx
16689,пле́чев
16690,xxx
16691,xxx
16692,xxx
16693,xxx
16694,пласкасто́пнъыи
16695,xxx
16696,xxx
16697,xxx
16698,xxx
16699,xxx
16700,xxx
16701,xxx
16702,xxx
16703,xxx
16704,xxx
16705,xxx
16706,xxx
16707,xxx
16708,xxx
16709,xxx
16710,xxx
16711,xxx
16712,xxx
16713,xxx
16714,xxx
16715,xxx
16716,xxx
16717,пабачни́
16718,xxx
16719,по́вареннаыи
16720,xxx
16721,xxx
16722,xxx
16723,xxx
16724,xxx
16725,xxx
16726,xxx
16727,xxx
16728,xxx
16729,xxx
16730,xxx
16731,xxx
16732,xxx
16733,пагадны́
16734,xxx
16735,xxx
16736,xxx
16737,падва́льнъии
16738,xxx
16739,падвѣсна́ыи
16740,падвѣ́снъ
16741,xxx
16742,xxx
16743,по́движнамъ
16744,xxx
16745,падгатавитѣ́льну
16746,падгатавитѣльнъы́и
16747,падгатавитѣльно́мь
16748,xxx
16749,xxx
16750,xxx
16751,xxx
16752,xxx
16753,по́дземнуыи
16754,xxx
16755,xxx
16756,xxx
16757,по́дкантральнъ
16758,падмаскавнъы́и
16759,xxx
16760,xxx
16761,xxx
16762,по́дрывна
16763,по́дрывнамъии
16764,xxx
16765,xxx
16766,xxx
16767,xxx
16768,xxx
16769,xxx
16770,xxx
16771,xxx
16772,xxx
16773,xxx
16774,xxx
16775,падсалнечнѣ́хъии
16776,xxx
16777,xxx
16778,xxx
16779,падставно́мъ
16780,xxx
16781,xxx
16782,xxx
16783,xxx
16784,xxx
16785,xxx
16786,xxx
16787,xxx
16788,xxx
16789,xxx
16790,xxx
16791,xxx
16792,пажи́ламъии
16793,пажи́лы
16794,пажилы́ии
16795,пазапрашла́
16796,xxx
16797,xxx
16798,xxx
16799,xxx
16800,xxx
16801,xxx
16802,xxx
16803,xxx
16804,xxx
16805,xxx
16806,xxx
16807,xxx
16808,xxx
16809,xxx
16810,xxx
16811,xxx
16812,xxx
16813,xxx
16814,xxx
16815,xxx
16816,xxx
16817,xxx
16818,xxx
16819,xxx
16820,xxx
16821,xxx
16822,xxx
16823,xxx
16824,xxx
16825,xxx
16826,xxx
16827,xxx
16828,xxx
16829,xxx
16830,xxx
16831,xxx
16832,xxx
16833,xxx
16834,xxx
16835,xxx
16836,xxx
16837,xxx
16838,xxx
16839,xxx
16840,xxx
16841,xxx
16842,xxx
16843,xxx
16844,палко́вамъии
16845,xxx
16846,xxx
16847,xxx
16848,xxx
16849,xxx
16850,xxx
16851,xxx
16852,xxx
16853,палнапривадно́мьыи
16854,xxx
16855,xxx
16856,по́лнаприваднъ
16857,xxx
16858,xxx
16859,по́луденны
16860,xxx
16861,xxx
16862,xxx
16863,xxx
16864,xxx
16865,xxx
16866,xxx
16867,xxx
16868,xxx
16869,xxx
16870,xxx
16871,памалвле́нниии
16872,памалвле́ннъии
16873,xxx
16874,xxx
16875,xxx
16876,xxx
16877,по́прѣчнамъ
16878,xxx
16879,xxx
16880,xxx
16881,xxx
16882,xxx
16883,xxx
16884,xxx
16885,xxx
16886,xxx
16887,xxx
16888,xxx
16889,xxx
16890,xxx
16891,пра́хавѣхъ
16892,прахо́вѣхъии
16893,xxx
16894,по́ртняжнаыи
16895,xxx
16896,xxx
16897,xxx
16898,xxx
16899,xxx
16900,xxx
16901,xxx
16902,xxx
16903,xxx
16904,xxx
16905,партугальсьци́ии
16906,по́ртугальсьцъ
16907,партугальсьцѣ́хъии
16908,xxx
16909,xxx
16910,парядкаву́ыи
16911,xxx
16912,xxx
16913,xxx
16914,xxx
16915,xxx
16916,xxx
16917,xxx
16918,по́следнамъии
16919,xxx
16920,xxx
16921,xxx
16922,xxx
16923,xxx
16924,xxx
16925,xxx
16926,xxx
16927,xxx
16928,паславна́ыи
16929,паславнѣ́
16930,паславнѣ́ыи
16931,пасло́внъии
16932,пасо́льсьцъ
16933,xxx
16934,xxx
16935,xxx
16936,xxx
16937,xxx
16938,xxx
16939,пастсаветсьца́ыи
16940,xxx
16941,xxx
16942,xxx
16943,xxx
16944,по́сттравматичесьцѣхъ
16945,по́сттравматичесьцѣхъии
16946,xxx
16947,xxx
16948,xxx
16949,xxx
16950,xxx
16951,xxx
16952,xxx
16953,xxx
16954,xxx
16955,xxx
16956,xxx
16957,xxx
16958,xxx
16959,xxx
16960,xxx
16961,xxx
16962,xxx
16963,xxx
16964,xxx
16965,xxx
16966,xxx
16967,xxx
16968,xxx
16969,xxx
16970,xxx
16971,xxx
16972,xxx
16973,xxx
16974,xxx
16975,xxx
16976,xxx
16977,по́хранныии
16978,xxx
16979,xxx
16980,пачто́вамь
16981,xxx
16982,xxx
16983,xxx
16984,xxx
16985,xxx
16986,xxx
16987,xxx
16988,xxx
16989,xxx
16990,xxx
16991,xxx
16992,xxx
16993,xxx
16994,xxx
16995,xxx
16996,xxx
16997,xxx
16998,xxx
16999,xxx
17000,xxx
17001,xxx
17002,xxx
17003,правительстве́нни
17004,прававъы́и
17005,xxx
17006,xxx
17007,xxx
17008,xxx
17009,xxx
17010,xxx
17011,xxx
17012,xxx
17013,xxx
17014,xxx
17015,xxx
17016,xxx
17017,xxx
17018,xxx
17019,xxx
17020,xxx
17021,xxx
17022,xxx
17023,xxx
17024,xxx
17025,xxx
17026,xxx
17027,xxx
17028,xxx
17029,праславя́нсьцаыи
17030,праславя́нсьцу
17031,xxx
17032,праславя́нсьциии
17033,xxx
17034,пра́славянсьцѣхъии
17035,xxx
17036,предлажно́мь
17037,xxx
17038,xxx
17039,xxx
17040,xxx
17041,xxx
17042,xxx
17043,пре́дплажительниии
17044,xxx
17045,xxx
17046,xxx
17047,предпринимательсьца́ыи
17048,xxx
17049,xxx
17050,предпринимательсьцъи́и
17051,xxx
17052,xxx
17053,xxx
17054,xxx
17055,xxx
17056,xxx
17057,xxx
17058,xxx
17059,xxx
17060,xxx
17061,xxx
17062,xxx
17063,xxx
17064,xxx
17065,xxx
17066,xxx
17067,xxx
17068,предупредите́льнъ
17069,xxx
17070,xxx
17071,xxx
17072,пре́дшествующамъии
17073,xxx
17074,xxx
17075,xxx
17076,xxx
17077,xxx
17078,xxx
17079,xxx
17080,xxx
17081,xxx
17082,xxx
17083,xxx
17084,xxx
17085,xxx
17086,xxx
17087,пре́латсьциии
17088,xxx
17089,xxx
17090,xxx
17091,xxx
17092,xxx
17093,xxx
17094,xxx
17095,препадо́бнѣ
17096,xxx
17097,xxx
17098,xxx
17099,xxx
17100,xxx
17101,xxx
17102,xxx
17103,xxx
17104,xxx
17105,пре́рывающийсяы
17106,xxx
17107,xxx
17108,xxx
17109,xxx
17110,xxx
17111,xxx
17112,xxx
17113,xxx
17114,xxx
17115,xxx
17116,xxx
17117,xxx
17118,xxx
17119,xxx
17120,престаре́лъии
17121,xxx
17122,xxx
17123,xxx
17124,преуспевающо́мь
17125,xxx
17126,xxx
17127,xxx
17128,xxx
17129,xxx
17130,xxx
17131,xxx
17132,xxx
17133,xxx
17134,xxx
17135,xxx
17136,прибарну́
17137,xxx
17138,xxx
17139,прибарнъи́и
17140,xxx
17141,xxx
17142,xxx
17143,прибо́рныии
17144,при́брѣжниии
17145,прибрѣ́жнъ
17146,xxx
17147,xxx
17148,xxx
17149,xxx
17150,xxx
17151,xxx
17152,xxx
17153,xxx
17154,xxx
17155,xxx
17156,xxx
17157,xxx
17158,xxx
17159,xxx
17160,xxx
17161,xxx
17162,xxx
17163,xxx
17164,xxx
17165,xxx
17166,xxx
17167,xxx
17168,xxx
17169,xxx
17170,xxx
17171,xxx
17172,xxx
17173,xxx
17174,xxx
17175,придаю́щамъ
17176,xxx
17177,xxx
17178,xxx
17179,xxx
17180,придражно́мъии
17181,приѣ́зъжаыи
17182,xxx
17183,xxx
17184,xxx
17185,xxx
17186,xxx
17187,xxx
17188,xxx
17189,xxx
17190,xxx
17191,призавъы́и
17192,xxx
17193,при́цладниии
17194,xxx
17195,xxx
17196,при́цлюченчесьцъии
17197,xxx
17198,xxx
17199,xxx
17200,при́мерна
17201,xxx
17202,приабретённъы́и
17203,xxx
17204,приабретё́нниии
17205,xxx
17206,xxx
17207,xxx
17208,xxx
17209,xxx
17210,xxx
17211,xxx
17212,приро́днѣхъ
17213,xxx
17214,xxx
17215,xxx
17216,xxx
17217,xxx
17218,xxx
17219,xxx
17220,xxx
17221,xxx
17222,xxx
17223,xxx
17224,xxx
17225,xxx
17226,xxx
17227,xxx
17228,xxx
17229,xxx
17230,при́шламъии
17231,xxx
17232,xxx
17233,xxx
17234,xxx
17235,xxx
17236,xxx
17237,xxx
17238,xxx
17239,xxx
17240,xxx
17241,xxx
17242,xxx
17243,xxx
17244,xxx
17245,xxx
17246,xxx
17247,xxx
17248,xxx
17249,xxx
17250,xxx
17251,xxx
17252,xxx
17253,xxx
17254,xxx
17255,xxx
17256,xxx
17257,xxx
17258,xxx
17259,xxx
17260,xxx
17261,xxx
17262,xxx
17263,xxx
17264,xxx
17265,xxx
17266,xxx
17267,xxx
17268,xxx
17269,xxx
17270,про́ектнъыи
17271,про́ектнъ
17272,xxx
17273,xxx
17274,xxx
17275,xxx
17276,xxx
17277,xxx
17278,xxx
17279,xxx
17280,xxx
17281,xxx
17282,пракуро́рсьцъ
17283,про́курарсьца
17284,xxx
17285,про́курарсьцѣ
17286,xxx
17287,xxx
17288,пракуро́рсьцамъии
17289,про́летарсьциии
17290,про́межутачна
17291,xxx
17292,xxx
17293,xxx
17294,xxx
17295,xxx
17296,xxx
17297,xxx
17298,xxx
17299,xxx
17300,xxx
17301,xxx
17302,xxx
17303,xxx
17304,xxx
17305,xxx
17306,xxx
17307,xxx
17308,xxx
17309,xxx
17310,xxx
17311,xxx
17312,прапу́скнѣхъии
17313,прраче́сьцѣ
17314,xxx
17315,xxx
17316,xxx
17317,xxx
17318,xxx
17319,xxx
17320,xxx
17321,xxx
17322,xxx
17323,xxx
17324,xxx
17325,прасвещенче́сьца
17326,xxx
17327,xxx
17328,xxx
17329,xxx
17330,xxx
17331,xxx
17332,xxx
17333,xxx
17334,xxx
17335,xxx
17336,xxx
17337,xxx
17338,xxx
17339,xxx
17340,xxx
17341,xxx
17342,xxx
17343,xxx
17344,xxx
17345,xxx
17346,xxx
17347,xxx
17348,xxx
17349,xxx
17350,xxx
17351,xxx
17352,про́стеньцъ
17353,прасте́цьцу
17354,xxx
17355,xxx
17356,xxx
17357,xxx
17358,xxx
17359,xxx
17360,xxx
17361,xxx
17362,xxx
17363,xxx
17364,xxx
17365,xxx
17366,xxx
17367,xxx
17368,xxx
17369,xxx
17370,xxx
17371,xxx
17372,xxx
17373,xxx
17374,xxx
17375,xxx
17376,xxx
17377,xxx
17378,xxx
17379,xxx
17380,xxx
17381,xxx
17382,про́фсаюзнъыи
17383,прафсаюзны́
17384,xxx
17385,прафсаю́зныии
17386,xxx
17387,xxx
17388,xxx
17389,xxx
17390,xxx
17391,xxx
17392,xxx
17393,xxx
17394,xxx
17395,xxx
17396,xxx
17397,xxx
17398,про́шлагаднамьыи
17399,xxx
17400,xxx
17401,про́шлиии
17402,прашлъи́и
17403,xxx
17404,xxx
17405,xxx
17406,xxx
17407,xxx
17408,xxx
17409,xxx
17410,xxx
17411,xxx
17412,пси́сиатричесьцуыи
17413,xxx
17414,xxx
17415,псисичѣсьци́
17416,xxx
17417,xxx
17418,xxx
17419,xxx
17420,xxx
17421,xxx
17422,xxx
17423,xxx
17424,xxx
17425,xxx
17426,xxx
17427,xxx
17428,xxx
17429,xxx
17430,псисатичесьцъи́и
17431,пси́сатичесьци
17432,xxx
17433,xxx
17434,xxx
17435,xxx
17436,xxx
17437,xxx
17438,xxx
17439,xxx
17440,xxx
17441,xxx
17442,xxx
17443,xxx
17444,xxx
17445,xxx
17446,xxx
17447,xxx
17448,xxx
17449,xxx
17450,xxx
17451,xxx
17452,пугану́ыи
17453,xxx
17454,xxx
17455,xxx
17456,xxx
17457,xxx
17458,xxx
17459,пу́зырьцаву
17460,xxx
17461,xxx
17462,xxx
17463,xxx
17464,xxx
17465,xxx
17466,xxx
17467,xxx
17468,xxx
17469,xxx
17470,xxx
17471,пулѣмё́тны
17472,xxx
17473,xxx
17474,xxx
17475,пуско́в
17476,xxx
17477,путе́ва
17478,xxx
17479,пу́тинсьцъ
17480,xxx
17481,пухле́ньци
17482,xxx
17483,xxx
17484,xxx
17485,xxx
17486,xxx
17487,xxx
17488,пу́шечну
17489,пу́шечнъ
17490,пушкинсьцо́мьыи
17491,xxx
17492,пу́шкинсьцамъии
17493,xxx
17494,xxx
17495,xxx
17496,xxx
17497,пятизвё́зднаыи
17498,пя́тизвёзднамь
17499,xxx
17500,xxx
17501,xxx
17502,пя́тизвёздны
17503,пятизвё́здныии
17504,пя́тизвёздныии
17505,xxx
17506,xxx
17507,xxx
17508,xxx
17509,xxx
17510,xxx
17511,xxx
17512,xxx
17513,xxx
17514,xxx
17515,xxx
17516,xxx
17517,xxx
17518,xxx
17519,xxx
17520,xxx
17521,xxx
17522,xxx
17523,xxx
17524,xxx
17525,xxx
17526,xxx
17527,xxx
17528,xxx
17529,xxx
17530,xxx
17531,xxx
17532,xxx
17533,xxx
17534,xxx
17535,xxx
17536,xxx
17537,xxx
17538,xxx
17539,xxx
17540,xxx
17541,xxx
17542,xxx
17543,xxx
17544,xxx
17545,xxx
17546,xxx
17547,xxx
17548,xxx
17549,xxx
17550,xxx
17551,xxx
17552,xxx
17553,xxx
17554,разделительнъы́и
17555,xxx
17556,xxx
17557,xxx
17558,xxx
17559,xxx
17560,xxx
17561,xxx
17562,ра́знастраннуыи
17563,разы́скъ
17564,xxx
17565,xxx
17566,разыскно́мьыи
17567,xxx
17568,разыскны́
17569,райанну́ыи
17570,xxx
17571,райо́ннѣ
17572,райо́ннамъии
17573,xxx
17574,xxx
17575,xxx
17576,xxx
17577,xxx
17578,xxx
17579,xxx
17580,xxx
17581,xxx
17582,xxx
17583,ракави́
17584,рако́вы
17585,xxx
17586,xxx
17587,xxx
17588,xxx
17589,xxx
17590,xxx
17591,xxx
17592,xxx
17593,xxx
17594,xxx
17595,xxx
17596,xxx
17597,распределительнъи́и
17598,xxx
17599,xxx
17600,распределительнѣ́хъ
17601,раститѣ́льну
17602,ра́ститѣльны
17603,раститѣ́льнѣхъ
17604,xxx
17605,xxx
17606,xxx
17607,xxx
17608,xxx
17609,расчётны́ии
17610,xxx
17611,xxx
17612,xxx
17613,xxx
17614,xxx
17615,xxx
17616,xxx
17617,xxx
17618,xxx
17619,xxx
17620,xxx
17621,xxx
17622,ребячесьца́
17623,xxx
17624,xxx
17625,xxx
17626,xxx
17627,xxx
17628,xxx
17629,xxx
17630,ре́валюцианнѣхъ
17631,xxx
17632,xxx
17633,xxx
17634,xxx
17635,xxx
17636,xxx
17637,xxx
17638,xxx
17639,xxx
17640,xxx
17641,xxx
17642,xxx
17643,xxx
17644,xxx
17645,xxx
17646,xxx
17647,xxx
17648,xxx
17649,xxx
17650,xxx
17651,xxx
17652,xxx
17653,рѣ́зны
17654,xxx
17655,xxx
17656,xxx
17657,xxx
17658,xxx
17659,ре́камбинантнъыи
17660,рекамбина́нтнѣхъии
17661,xxx
17662,xxx
17663,ремё́ннъ
17664,xxx
17665,xxx
17666,xxx
17667,xxx
17668,xxx
17669,xxx
17670,xxx
17671,xxx
17672,xxx
17673,xxx
17674,xxx
17675,xxx
17676,xxx
17677,ре́нтгенаэлектракардиаграфичесьцѣхъ
17678,ре́чевъыи
17679,xxx
17680,xxx
17681,xxx
17682,речевѣ́ыи
17683,xxx
17684,xxx
17685,ре́чнъыи
17686,xxx
17687,xxx
17688,xxx
17689,xxx
17690,xxx
17691,xxx
17692,xxx
17693,xxx
17694,xxx
17695,xxx
17696,xxx
17697,xxx
17698,xxx
17699,xxx
17700,xxx
17701,xxx
17702,xxx
17703,xxx
17704,xxx
17705,xxx
17706,xxx
17707,xxx
17708,ри́бануклеинавѣыи
17709,ри́бануклеинавъии
17710,xxx
17711,xxx
17712,xxx
17713,xxx
17714,xxx
17715,xxx
17716,xxx
17717,xxx
17718,xxx
17719,xxx
17720,xxx
17721,xxx
17722,xxx
17723,xxx
17724,xxx
17725,xxx
17726,xxx
17727,xxx
17728,xxx
17729,xxx
17730,xxx
17731,xxx
17732,xxx
17733,xxx
17734,xxx
17735,xxx
17736,xxx
17737,xxx
17738,xxx
17739,xxx
17740,xxx
17741,xxx
17742,xxx
17743,xxx
17744,xxx
17745,xxx
17746,xxx
17747,xxx
17748,xxx
17749,xxx
17750,xxx
17751,xxx
17752,xxx
17753,xxx
17754,xxx
17755,xxx
17756,xxx
17757,xxx
17758,xxx
17759,xxx
17760,xxx
17761,xxx
17762,xxx
17763,xxx
17764,xxx
17765,xxx
17766,xxx
17767,xxx
17768,xxx
17769,xxx
17770,xxx
17771,xxx
17772,xxx
17773,xxx
17774,xxx
17775,xxx
17776,xxx
17777,xxx
17778,xxx
17779,xxx
17780,xxx
17781,xxx
17782,xxx
17783,xxx
17784,xxx
17785,xxx
17786,xxx
17787,xxx
17788,xxx
17789,xxx
17790,xxx
17791,xxx
17792,ро́кав
17793,xxx
17794,xxx
17795,xxx
17796,xxx
17797,рамашкавъи́и
17798,рамашко́вѣхъии
17799,xxx
17800,xxx
17801,xxx
17802,xxx
17803,xxx
17804,xxx
17805,xxx
17806,xxx
17807,xxx
17808,xxx
17809,xxx
17810,xxx
17811,xxx
17812,xxx
17813,xxx
17814,xxx
17815,xxx
17816,xxx
17817,xxx
17818,xxx
17819,xxx
17820,xxx
17821,xxx
17822,xxx
17823,xxx
17824,xxx
17825,ро́таву
17826,xxx
17827,xxx
17828,xxx
17829,xxx
17830,xxx
17831,xxx
17832,xxx
17833,xxx
17834,xxx
17835,xxx
17836,xxx
17837,xxx
17838,xxx
17839,xxx
17840,xxx
17841,xxx
17842,xxx
17843,xxx
17844,xxx
17845,xxx
17846,xxx
17847,xxx
17848,xxx
17849,рукави́чнъыи
17850,xxx
17851,xxx
17852,xxx
17853,xxx
17854,xxx
17855,xxx
17856,xxx
17857,xxx
17858,xxx
17859,рукаде́льнъ
17860,рукаде́льна
17861,xxx
17862,xxx
17863,xxx
17864,xxx
17865,ру́капашнамъии
17866,xxx
17867,xxx
17868,xxx
17869,xxx
17870,xxx
17871,xxx
17872,xxx
17873,xxx
17874,xxx
17875,xxx
17876,xxx
17877,xxx
17878,xxx
17879,xxx
17880,xxx
17881,xxx
17882,xxx
17883,xxx
17884,xxx
17885,xxx
17886,xxx
17887,xxx
17888,xxx
17889,xxx
17890,xxx
17891,xxx
17892,xxx
17893,xxx
17894,xxx
17895,xxx
17896,xxx
17897,xxx
17898,xxx
17899,xxx
17900,xxx
17901,xxx
17902,xxx
17903,xxx
17904,xxx
17905,xxx
17906,xxx
17907,xxx
17908,xxx
17909,са́маркандсьцъии
17910,xxx
17911,самарка́ндсьци
17912,сама́рсьцъ
17913,xxx
17914,xxx
17915,са́маварнѣхъ
17916,xxx
17917,xxx
17918,са́малётнъ
17919,xxx
17920,xxx
17921,xxx
17922,xxx
17923,xxx
17924,xxx
17925,xxx
17926,xxx
17927,xxx
17928,xxx
17929,xxx
17930,xxx
17931,xxx
17932,санскри́тсьцѣ
17933,санскри́тсьциии
17934,xxx
17935,саратавсьцо́мьыи
17936,xxx
17937,сарато́всьциии
17938,xxx
17939,xxx
17940,сарданичесьци́
17941,мо́кры
17942,xxx
17943,xxx
17944,xxx
17945,xxx
17946,xxx
17947,xxx
17948,xxx
17949,xxx
17950,xxx
17951,xxx
17952,xxx
17953,xxx
17954,xxx
17955,xxx
17956,xxx
17957,xxx
17958,са́халинсьциии
17959,xxx
17960,xxx
17961,xxx
17962,xxx
17963,xxx
17964,xxx
17965,xxx
17966,сваде́бнъ
17967,xxx
17968,xxx
17969,xxx
17970,xxx
17971,xxx
17972,xxx
17973,xxx
17974,xxx
17975,xxx
17976,xxx
17977,xxx
17978,xxx
17979,xxx
17980,xxx
17981,xxx
17982,xxx
17983,xxx
17984,xxx
17985,xxx
17986,xxx
17987,xxx
17988,xxx
17989,xxx
17990,xxx
17991,xxx
17992,xxx
17993,xxx
17994,xxx
17995,xxx
17996,xxx
17997,xxx
17998,xxx
17999,xxx
18000,xxx
18001,xxx
18002,xxx
18003,xxx
18004,xxx
18005,xxx
18006,xxx
18007,xxx
18008,свѣто́в
18009,xxx
18010,xxx
18011,xxx
18012,све́тадиадниии
18013,xxx
18014,xxx
18015,xxx
18016,xxx
18017,xxx
18018,xxx
18019,xxx
18020,xxx
18021,xxx
18022,xxx
18023,xxx
18024,xxx
18025,xxx
18026,xxx
18027,xxx
18028,xxx
18029,xxx
18030,све́чевамьыи
18031,свечни́
18032,xxx
18033,xxx
18034,xxx
18035,xxx
18036,свинцо́вамьыи
18037,xxx
18038,сво́днъ
18039,xxx
18040,xxx
18041,xxx
18042,сво́днъии
18043,xxx
18044,xxx
18045,xxx
18046,xxx
18047,xxx
18048,свя́тейшъыи
18049,святе́йшѣ
18050,xxx
18051,xxx
18052,xxx
18053,xxx
18054,xxx
18055,xxx
18056,xxx
18057,xxx
18058,xxx
18059,се́вернѣхъ
18060,xxx
18061,xxx
18062,северакарейсьцо́мъии
18063,xxx
18064,xxx
18065,сѣдѣ́льнамъии
18066,сѣдѣ́льныии
18067,xxx
18068,сельдрѣ́йнъ
18069,xxx
18070,xxx
18071,призрачнъи́и
18072,сельдрѣ́йныии
18073,xxx
18074,xxx
18075,xxx
18076,xxx
18077,xxx
18078,xxx
18079,xxx
18080,xxx
18081,xxx
18082,xxx
18083,xxx
18084,xxx
18085,xxx
18086,xxx
18087,xxx
18088,xxx
18089,xxx
18090,xxx
18091,xxx
18092,семенни́
18093,xxx
18094,xxx
18095,сѣ́милѣтниии
18096,семпле́рнъ
18097,семплерно́мьыи
18098,xxx
18099,xxx
18100,xxx
18101,xxx
18102,xxx
18103,xxx
18104,xxx
18105,xxx
18106,xxx
18107,xxx
18108,xxx
18109,xxx
18110,xxx
18111,xxx
18112,xxx
18113,xxx
18114,xxx
18115,xxx
18116,се́рвиснъ
18117,сѣ́рдѣчна-сасудисъту
18118,сѣрдѣчна-сасудисъто́мьыи
18119,xxx
18120,xxx
18121,xxx
18122,xxx
18123,xxx
18124,xxx
18125,се́рниии
18126,xxx
18127,xxx
18128,xxx
18129,xxx
18130,xxx
18131,xxx
18132,xxx
18133,xxx
18134,xxx
18135,xxx
18136,xxx
18137,xxx
18138,xxx
18139,xxx
18140,xxx
18141,се́тевиии
18142,xxx
18143,xxx
18144,xxx
18145,си́вамъии
18146,си́вѣхъ
18147,xxx
18148,xxx
18149,си́лавамъии
18150,xxx
18151,xxx
18152,си́льнейшиии
18153,си́льнейши
18154,xxx
18155,xxx
18156,xxx
18157,си́мфаничесьци
18158,xxx
18159,синеньцу́
18160,xxx
18161,xxx
18162,xxx
18163,xxx
18164,сиани́стсьцъ
18165,xxx
18166,си́рийсьца
18167,сирийсьцу́ыи
18168,xxx
18169,xxx
18170,сирийсьцо́мьыи
18171,xxx
18172,xxx
18173,xxx
18174,xxx
18175,xxx
18176,xxx
18177,xxx
18178,xxx
18179,xxx
18180,систе́мны
18181,xxx
18182,xxx
18183,xxx
18184,xxx
18185,xxx
18186,xxx
18187,xxx
18188,xxx
18189,xxx
18190,xxx
18191,xxx
18192,скво́зныии
18193,xxx
18194,xxx
18195,xxx
18196,xxx
18197,xxx
18198,xxx
18199,xxx
18200,xxx
18201,xxx
18202,xxx
18203,xxx
18204,xxx
18205,xxx
18206,xxx
18207,xxx
18208,xxx
18209,xxx
18210,xxx
18211,xxx
18212,xxx
18213,xxx
18214,xxx
18215,xxx
18216,xxx
18217,xxx
18218,xxx
18219,xxx
18220,xxx
18221,xxx
18222,xxx
18223,xxx
18224,xxx
18225,xxx
18226,xxx
18227,xxx
18228,xxx
18229,xxx
18230,xxx
18231,xxx
18232,xxx
18233,xxx
18234,xxx
18235,xxx
18236,xxx
18237,xxx
18238,xxx
18239,xxx
18240,славянафильсьцѣ́хъ
18241,xxx
18242,xxx
18243,xxx
18244,следстве́нну
18245,xxx
18246,xxx
18247,xxx
18248,xxx
18249,следстве́ннѣхъ
18250,xxx
18251,xxx
18252,xxx
18253,xxx
18254,xxx
18255,xxx
18256,xxx
18257,xxx
18258,xxx
18259,xxx
18260,xxx
18261,xxx
18262,xxx
18263,xxx
18264,xxx
18265,xxx
18266,xxx
18267,xxx
18268,xxx
18269,xxx
18270,xxx
18271,слизисътъы́и
18272,сли́зисъту
18273,славацьцу́
18274,слава́цьцѣ
18275,слава́цьцъии
18276,славацьци́
18277,славацьцѣ́хъии
18278,xxx
18279,xxx
18280,xxx
18281,xxx
18282,xxx
18283,слаго́ва
18284,xxx
18285,xxx
18286,xxx
18287,xxx
18288,xxx
18289,xxx
18290,xxx
18291,xxx
18292,xxx
18293,xxx
18294,xxx
18295,xxx
18296,сланавѣ́ыи
18297,слано́вамъии
18298,xxx
18299,xxx
18300,xxx
18301,xxx
18302,слу́хавѣхъии
18303,xxx
18304,xxx
18305,xxx
18306,xxx
18307,xxx
18308,xxx
18309,xxx
18310,xxx
18311,xxx
18312,xxx
18313,смале́нсьциии
18314,смо́травамьыи
18315,караи́мсьцъ
18316,xxx
18317,xxx
18318,xxx
18319,xxx
18320,xxx
18321,снайпе́рсьци
18322,сна́йперсьцѣхъии
18323,снѣ́гав
18324,xxx
18325,xxx
18326,xxx
18327,xxx
18328,саба́чи
18329,xxx
18330,xxx
18331,xxx
18332,xxx
18333,xxx
18334,xxx
18335,сабарно́мъ
18336,xxx
18337,сабственнѣ́ыи
18338,xxx
18339,сабственно́мъ
18340,xxx
18341,xxx
18342,xxx
18343,xxx
18344,со́ветсьцамъии
18345,xxx
18346,xxx
18347,xxx
18348,сае́вы
18349,xxx
18350,салда́тсьциии
18351,xxx
18352,саляно́мъии
18353,xxx
18354,xxx
18355,xxx
18356,xxx
18357,xxx
18358,xxx
18359,xxx
18360,xxx
18361,xxx
18362,xxx
18363,xxx
18364,xxx
18365,xxx
18366,xxx
18367,сапреде́льнъ
18368,xxx
18369,xxx
18370,xxx
18371,xxx
18372,xxx
18373,xxx
18374,xxx
18375,xxx
18376,xxx
18377,xxx
18378,xxx
18379,xxx
18380,xxx
18381,xxx
18382,xxx
18383,xxx
18384,сракалетна́
18385,xxx
18386,xxx
18387,xxx
18388,xxx
18389,xxx
18390,xxx
18391,xxx
18392,сракале́тнѣхъии
18393,xxx
18394,саслагате́льнъ
18395,саслагате́льнъ
18396,xxx
18397,xxx
18398,со́снавсьцѣыи
18399,xxx
18400,со́снавсьцъ
18401,xxx
18402,xxx
18403,xxx
18404,xxx
18405,xxx
18406,саснавѣ́хъии
18407,xxx
18408,саставну́ыи
18409,xxx
18410,xxx
18411,xxx
18412,xxx
18413,xxx
18414,xxx
18415,xxx
18416,xxx
18417,сасудисъти́
18418,сасудисъты́
18419,xxx
18420,xxx
18421,xxx
18422,xxx
18423,xxx
18424,xxx
18425,xxx
18426,xxx
18427,xxx
18428,xxx
18429,xxx
18430,xxx
18431,xxx
18432,xxx
18433,xxx
18434,xxx
18435,xxx
18436,xxx
18437,xxx
18438,xxx
18439,xxx
18440,xxx
18441,xxx
18442,xxx
18443,xxx
18444,xxx
18445,xxx
18446,xxx
18447,xxx
18448,xxx
18449,xxx
18450,xxx
18451,xxx
18452,xxx
18453,xxx
18454,xxx
18455,xxx
18456,xxx
18457,xxx
18458,xxx
18459,xxx
18460,xxx
18461,xxx
18462,xxx
18463,xxx
18464,xxx
18465,xxx
18466,xxx
18467,xxx
18468,xxx
18469,xxx
18470,xxx
18471,xxx
18472,xxx
18473,xxx
18474,xxx
18475,со́чѣтатѣльны
18476,xxx
18477,xxx
18478,саюзна́ыи
18479,xxx
18480,xxx
18481,xxx
18482,xxx
18483,xxx
18484,xxx
18485,xxx
18486,xxx
18487,xxx
18488,xxx
18489,спасате́льнамь
18490,спасательно́мьыи
18491,xxx
18492,xxx
18493,xxx
18494,xxx
18495,xxx
18496,xxx
18497,xxx
18498,xxx
18499,xxx
18500,xxx
18501,xxx
18502,xxx
18503,xxx
18504,xxx
18505,xxx
18506,xxx
18507,xxx
18508,спи́ртну
18509,xxx
18510,xxx
18511,спи́ртнъии
18512,спиче́чнъ
18513,xxx
18514,xxx
18515,xxx
18516,xxx
18517,xxx
18518,таргава-прамышле́ннѣ
18519,сплашнъи́и
18520,спло́шнѣхъии
18521,xxx
18522,xxx
18523,xxx
18524,xxx
18525,xxx
18526,xxx
18527,xxx
18528,xxx
18529,xxx
18530,xxx
18531,xxx
18532,xxx
18533,xxx
18534,xxx
18535,xxx
18536,средизе́мнамьыи
18537,сре́диземныии
18538,xxx
18539,xxx
18540,xxx
18541,xxx
18542,xxx
18543,xxx
18544,xxx
18545,xxx
18546,xxx
18547,xxx
18548,xxx
18549,xxx
18550,xxx
18551,xxx
18552,xxx
18553,xxx
18554,xxx
18555,ста́врапальсьци
18556,xxx
18557,xxx
18558,ста́линградсьцъ
18559,xxx
18560,xxx
18561,xxx
18562,xxx
18563,xxx
18564,xxx
18565,xxx
18566,xxx
18567,xxx
18568,xxx
18569,xxx
18570,xxx
18571,xxx
18572,xxx
18573,xxx
18574,ста́реющъыи
18575,xxx
18576,старею́щамъ
18577,xxx
18578,xxx
18579,xxx
18580,xxx
18581,xxx
18582,xxx
18583,xxx
18584,xxx
18585,xxx
18586,xxx
18587,xxx
18588,xxx
18589,xxx
18590,xxx
18591,xxx
18592,xxx
18593,xxx
18594,ста́ртавѣ
18595,xxx
18596,старто́ы
18597,xxx
18598,xxx
18599,xxx
18600,xxx
18601,xxx
18602,xxx
18603,xxx
18604,xxx
18605,xxx
18606,xxx
18607,xxx
18608,xxx
18609,xxx
18610,xxx
18611,xxx
18612,xxx
18613,xxx
18614,xxx
18615,xxx
18616,xxx
18617,xxx
18618,xxx
18619,xxx
18620,xxx
18621,xxx
18622,xxx
18623,сте́нниии
18624,xxx
18625,xxx
18626,xxx
18627,xxx
18628,xxx
18629,xxx
18630,xxx
18631,xxx
18632,xxx
18633,xxx
18634,сто́лѣтни
18635,сто́лѣтны
18636,сталѣтнѣ́хъ
18637,xxx
18638,xxx
18639,xxx
18640,xxx
18641,xxx
18642,xxx
18643,xxx
18644,xxx
18645,xxx
18646,xxx
18647,стра́жѣвуыи
18648,xxx
18649,xxx
18650,xxx
18651,страдальче́сьцѣ
18652,xxx
18653,xxx
18654,xxx
18655,xxx
18656,xxx
18657,xxx
18658,xxx
18659,xxx
18660,xxx
18661,xxx
18662,xxx
18663,xxx
18664,страхо́вѣыи
18665,страхо́в
18666,xxx
18667,стрѣ́лкава
18668,xxx
18669,xxx
18670,xxx
18671,xxx
18672,xxx
18673,xxx
18674,xxx
18675,xxx
18676,xxx
18677,xxx
18678,xxx
18679,xxx
18680,xxx
18681,xxx
18682,xxx
18683,xxx
18684,xxx
18685,xxx
18686,xxx
18687,xxx
18688,xxx
18689,xxx
18690,стро́жайшъии
18691,xxx
18692,xxx
18693,xxx
18694,xxx
18695,страительсьци́
18696,xxx
18697,xxx
18698,xxx
18699,структу́рна
18700,xxx
18701,xxx
18702,xxx
18703,xxx
18704,xxx
18705,стру́ктурнѣхъ
18706,xxx
18707,студенче́сьцуыи
18708,студенчесьцѣ́хъии
18709,xxx
18710,су́ббатну
18711,xxx
18712,xxx
18713,xxx
18714,судѣбни́
18715,xxx
18716,xxx
18717,суде́йсьцѣыи
18718,xxx
18719,xxx
18720,xxx
18721,xxx
18722,xxx
18723,xxx
18724,судо́вѣхъ
18725,xxx
18726,xxx
18727,xxx
18728,xxx
18729,xxx
18730,xxx
18731,xxx
18732,xxx
18733,xxx
18734,xxx
18735,xxx
18736,xxx
18737,xxx
18738,xxx
18739,xxx
18740,су́ражсьцъ
18741,xxx
18742,xxx
18743,xxx
18744,бе́заружниии
18745,xxx
18746,су́шёнуыи
18747,сцѣничѣсьцѣ́ыи
18748,xxx
18749,xxx
18750,xxx
18751,xxx
18752,съёмачну́
18753,xxx
18754,xxx
18755,xxx
18756,xxx
18757,xxx
18758,сырьевѣ́ыи
18759,xxx
18760,xxx
18761,xxx
18762,xxx
18763,xxx
18764,xxx
18765,таё́жнамьыи
18766,таё́жнъии
18767,тайва́ньсьцъ
18768,xxx
18769,xxx
18770,xxx
18771,xxx
18772,xxx
18773,xxx
18774,xxx
18775,xxx
18776,xxx
18777,xxx
18778,xxx
18779,xxx
18780,xxx
18781,xxx
18782,xxx
18783,xxx
18784,xxx
18785,xxx
18786,xxx
18787,xxx
18788,тамбавсьци́
18789,xxx
18790,та́рифна
18791,xxx
18792,xxx
18793,xxx
18794,xxx
18795,xxx
18796,xxx
18797,xxx
18798,xxx
18799,xxx
18800,xxx
18801,xxx
18802,xxx
18803,xxx
18804,xxx
18805,xxx
18806,xxx
18807,тварче́сьцъ
18808,xxx
18809,театра́льны
18810,xxx
18811,xxx
18812,xxx
18813,xxx
18814,xxx
18815,xxx
18816,xxx
18817,xxx
18818,xxx
18819,xxx
18820,xxx
18821,xxx
18822,xxx
18823,xxx
18824,xxx
18825,xxx
18826,xxx
18827,xxx
18828,xxx
18829,xxx
18830,xxx
18831,xxx
18832,xxx
18833,xxx
18834,xxx
18835,xxx
18836,xxx
18837,xxx
18838,те́левизианнѣыи
18839,телевизианны́ии
18840,xxx
18841,xxx
18842,xxx
18843,xxx
18844,xxx
18845,xxx
18846,xxx
18847,xxx
18848,xxx
18849,xxx
18850,xxx
18851,xxx
18852,xxx
18853,xxx
18854,xxx
18855,xxx
18856,xxx
18857,xxx
18858,xxx
18859,xxx
18860,xxx
18861,xxx
18862,xxx
18863,xxx
18864,xxx
18865,xxx
18866,xxx
18867,xxx
18868,xxx
18869,xxx
18870,температу́рни
18871,xxx
18872,xxx
18873,xxx
18874,xxx
18875,xxx
18876,xxx
18877,xxx
18878,xxx
18879,xxx
18880,xxx
18881,xxx
18882,xxx
18883,xxx
18884,xxx
18885,xxx
18886,xxx
18887,xxx
18888,xxx
18889,xxx
18890,xxx
18891,xxx
18892,xxx
18893,xxx
18894,xxx
18895,xxx
18896,xxx
18897,xxx
18898,тепрѣ́шну
18899,xxx
18900,xxx
18901,xxx
18902,xxx
18903,тепло́ваыи
18904,xxx
18905,xxx
18906,xxx
18907,xxx
18908,xxx
18909,xxx
18910,xxx
18911,xxx
18912,xxx
18913,xxx
18914,xxx
18915,xxx
18916,те́рмаядерны
18917,xxx
18918,xxx
18919,xxx
18920,xxx
18921,xxx
18922,xxx
18923,xxx
18924,xxx
18925,xxx
18926,xxx
18927,xxx
18928,xxx
18929,xxx
18930,xxx
18931,xxx
18932,xxx
18933,xxx
18934,xxx
18935,тѣсто́в
18936,тѣсто́вамъ
18937,xxx
18938,xxx
18939,xxx
18940,xxx
18941,xxx
18942,тѣ́хассьцъии
18943,xxx
18944,xxx
18945,xxx
18946,xxx
18947,те́хничесьцаыи
18948,техниче́сьцуыи
18949,xxx
18950,xxx
18951,те́хничесьциии
18952,xxx
18953,xxx
18954,xxx
18955,xxx
18956,xxx
18957,ти́паграфсьцъыи
18958,ти́паграфсьцамъии
18959,типлагичѣ́сьцаыи
18960,типлагичѣсьци́ии
18961,xxx
18962,xxx
18963,xxx
18964,xxx
18965,xxx
18966,xxx
18967,xxx
18968,xxx
18969,xxx
18970,xxx
18971,тава́рну
18972,xxx
18973,xxx
18974,xxx
18975,xxx
18976,xxx
18977,xxx
18978,xxx
18979,таки́йсьцъ
18980,xxx
18981,такийсьцѣ́ыи
18982,xxx
18983,xxx
18984,xxx
18985,xxx
18986,xxx
18987,xxx
18988,xxx
18989,xxx
18990,таматно́мь
18991,xxx
18992,xxx
18993,xxx
18994,xxx
18995,xxx
18996,xxx
18997,xxx
18998,xxx
18999,xxx
19000,таненьцъы́и
19001,то́неньцѣ
19002,то́неньцъ
19003,xxx
19004,то́неньцѣхъии
19005,xxx
19006,xxx
19007,xxx
19008,xxx
19009,xxx
19010,xxx
19011,таргава-прамышленна́ыи
19012,то́ргава-прамышленну
19013,xxx
19014,xxx
19015,таргава-прамышле́ннъ
19016,xxx
19017,xxx
19018,xxx
19019,xxx
19020,xxx
19021,xxx
19022,xxx
19023,xxx
19024,тармазну́ыи
19025,тармо́знѣ
19026,то́рмазни
19027,тармо́знъии
19028,xxx
19029,xxx
19030,xxx
19031,xxx
19032,xxx
19033,xxx
19034,xxx
19035,xxx
19036,xxx
19037,xxx
19038,xxx
19039,xxx
19040,xxx
19041,тачё́н
19042,xxx
19043,xxx
19044,xxx
19045,xxx
19046,xxx
19047,xxx
19048,xxx
19049,xxx
19050,xxx
19051,xxx
19052,xxx
19053,xxx
19054,xxx
19055,xxx
19056,xxx
19057,xxx
19058,xxx
19059,тра́ктарнѣ
19060,xxx
19061,xxx
19062,трамвайно́мьыи
19063,xxx
19064,xxx
19065,xxx
19066,xxx
19067,xxx
19068,xxx
19069,xxx
19070,xxx
19071,трансатлантиче́сьцѣхъии
19072,транспо́ртнъ
19073,xxx
19074,транспо́ртнамъии
19075,xxx
19076,треважна́ыи
19077,треважнъи́и
19078,xxx
19079,xxx
19080,xxx
19081,тренерсьцу́
19082,xxx
19083,xxx
19084,xxx
19085,xxx
19086,xxx
19087,xxx
19088,xxx
19089,xxx
19090,xxx
19091,xxx
19092,xxx
19093,трѣ́фавѣхъии
19094,xxx
19095,xxx
19096,xxx
19097,трё́хкамнатнъыи
19098,трё́хкамнатна
19099,трёхкамнатно́мь
19100,xxx
19101,xxx
19102,xxx
19103,xxx
19104,xxx
19105,xxx
19106,xxx
19107,xxx
19108,тридцатиле́тнъыи
19109,xxx
19110,xxx
19111,xxx
19112,xxx
19113,xxx
19114,xxx
19115,xxx
19116,xxx
19117,тро́пичесьцѣыи
19118,xxx
19119,xxx
19120,xxx
19121,xxx
19122,xxx
19123,xxx
19124,xxx
19125,xxx
19126,xxx
19127,xxx
19128,xxx
19129,xxx
19130,xxx
19131,xxx
19132,xxx
19133,тувинсьца́ыи
19134,xxx
19135,туземну́
19136,xxx
19137,xxx
19138,xxx
19139,xxx
19140,xxx
19141,xxx
19142,xxx
19143,xxx
19144,xxx
19145,xxx
19146,xxx
19147,xxx
19148,xxx
19149,xxx
19150,xxx
19151,xxx
19152,xxx
19153,ту́ристсьцаыи
19154,xxx
19155,xxx
19156,xxx
19157,xxx
19158,xxx
19159,xxx
19160,xxx
19161,туркменсьцѣ́ыи
19162,xxx
19163,xxx
19164,xxx
19165,xxx
19166,xxx
19167,тучеви́ии
19168,ту́чев
19169,xxx
19170,xxx
19171,xxx
19172,тысячеле́тниии
19173,xxx
19174,xxx
19175,xxx
19176,тыся́чнамъ
19177,тюле́нъыи
19178,xxx
19179,тю́ленамь
19180,xxx
19181,xxx
19182,xxx
19183,xxx
19184,тюменсьца́ыи
19185,тю́менсьцъ
19186,xxx
19187,тюменсьци́
19188,xxx
19189,xxx
19190,xxx
19191,xxx
19192,xxx
19193,xxx
19194,xxx
19195,xxx
19196,xxx
19197,xxx
19198,xxx
19199,убегающѣ́хъии
19200,xxx
19201,xxx
19202,xxx
19203,xxx
19204,xxx
19205,xxx
19206,у́вѣличитѣльнуыи
19207,xxx
19208,xxx
19209,увальнитѣльнѣ́хъ
19210,xxx
19211,xxx
19212,xxx
19213,xxx
19214,xxx
19215,xxx
19216,xxx
19217,углевадра́днъ
19218,углевадра́днѣхъии
19219,xxx
19220,xxx
19221,xxx
19222,xxx
19223,xxx
19224,xxx
19225,у́главъыи
19226,xxx
19227,xxx
19228,xxx
19229,xxx
19230,у́главнамъии
19231,xxx
19232,xxx
19233,ударнѣ́
19234,xxx
19235,у́дарнѣхъ
19236,xxx
19237,xxx
19238,xxx
19239,xxx
19240,xxx
19241,xxx
19242,xxx
19243,xxx
19244,xxx
19245,xxx
19246,xxx
19247,узе́ньци
19248,xxx
19249,у́зеньци
19250,узло́ви
19251,xxx
19252,xxx
19253,уйгурсьцѣ́ыи
19254,у́лейнамьыи
19255,xxx
19256,xxx
19257,xxx
19258,у́личнѣ
19259,у́лични
19260,xxx
19261,xxx
19262,xxx
19263,у́льтрафиалетав
19264,xxx
19265,ультрафиалетавѣ́хъ
19266,xxx
19267,xxx
19268,xxx
19269,xxx
19270,xxx
19271,xxx
19272,xxx
19273,xxx
19274,xxx
19275,xxx
19276,xxx
19277,xxx
19278,у́мѣньшитѣльнаыи
19279,у́мѣньшитѣльнѣхъ
19280,xxx
19281,xxx
19282,xxx
19283,xxx
19284,xxx
19285,xxx
19286,xxx
19287,xxx
19288,ура́льсьцъ
19289,ура́льсьцѣ
19290,xxx
19291,урадли́ви
19292,успе́нсьцъ
19293,xxx
19294,xxx
19295,xxx
19296,xxx
19297,xxx
19298,xxx
19299,xxx
19300,xxx
19301,xxx
19302,уставны́
19303,уставнѣ́хъии
19304,xxx
19305,xxx
19306,xxx
19307,xxx
19308,у́стнъыи
19309,xxx
19310,xxx
19311,xxx
19312,xxx
19313,xxx
19314,xxx
19315,xxx
19316,xxx
19317,xxx
19318,xxx
19319,xxx
19320,xxx
19321,xxx
19322,xxx
19323,xxx
19324,xxx
19325,xxx
19326,xxx
19327,xxx
19328,xxx
19329,xxx
19330,xxx
19331,xxx
19332,xxx
19333,xxx
19334,xxx
19335,xxx
19336,xxx
19337,xxx
19338,xxx
19339,xxx
19340,xxx
19341,xxx
19342,xxx
19343,xxx
19344,xxx
19345,xxx
19346,xxx
19347,xxx
19348,xxx
19349,xxx
19350,xxx
19351,xxx
19352,xxx
19353,xxx
19354,xxx
19355,xxx
19356,xxx
19357,xxx
19358,xxx
19359,xxx
19360,xxx
19361,xxx
19362,фами́льнамь
19363,xxx
19364,фа́мильни
19365,xxx
19366,xxx
19367,xxx
19368,xxx
19369,xxx
19370,xxx
19371,xxx
19372,xxx
19373,xxx
19374,xxx
19375,xxx
19376,xxx
19377,фарто́в
19378,xxx
19379,фарто́вамъии
19380,фартавы́ии
19381,фарфра́вѣыи
19382,xxx
19383,фа́рфравыии
19384,xxx
19385,фа́шистаабразнамъ
19386,xxx
19387,xxx
19388,xxx
19389,xxx
19390,xxx
19391,xxx
19392,xxx
19393,xxx
19394,xxx
19395,xxx
19396,xxx
19397,xxx
19398,xxx
19399,xxx
19400,xxx
19401,фестива́льнъ
19402,фестива́льнамъ
19403,физу́рна
19404,физурна́ыи
19405,xxx
19406,xxx
19407,xxx
19408,xxx
19409,xxx
19410,xxx
19411,xxx
19412,xxx
19413,xxx
19414,xxx
19415,xxx
19416,xxx
19417,xxx
19418,xxx
19419,xxx
19420,xxx
19421,xxx
19422,фи́зичесьцуыи
19423,xxx
19424,xxx
19425,xxx
19426,xxx
19427,филантрапичесьцѣ́хъии
19428,xxx
19429,xxx
19430,xxx
19431,xxx
19432,xxx
19433,xxx
19434,xxx
19435,xxx
19436,xxx
19437,xxx
19438,xxx
19439,xxx
19440,xxx
19441,xxx
19442,xxx
19443,xxx
19444,xxx
19445,xxx
19446,xxx
19447,xxx
19448,фанарна́
19449,xxx
19450,xxx
19451,xxx
19452,фандави́
19453,xxx
19454,xxx
19455,фандавы́
19456,xxx
19457,xxx
19458,xxx
19459,xxx
19460,xxx
19461,xxx
19462,xxx
19463,xxx
19464,xxx
19465,xxx
19466,xxx
19467,xxx
19468,xxx
19469,xxx
19470,фасфо́рнамъ
19471,xxx
19472,xxx
19473,xxx
19474,xxx
19475,xxx
19476,xxx
19477,xxx
19478,xxx
19479,xxx
19480,фуга́сны
19481,xxx
19482,xxx
19483,хакассьца́ыи
19484,xxx
19485,xxx
19486,халявнѣ́
19487,халявно́мъии
19488,xxx
19489,xxx
19490,xxx
19491,xxx
19492,xxx
19493,xxx
19494,ха́ляльнѣхъии
19495,xxx
19496,xxx
19497,xxx
19498,xxx
19499,xxx
19500,xxx
19501,xxx
19502,xxx
19503,xxx
19504,xxx
19505,xxx
19506,xxx
19507,xxx
19508,xxx
19509,хвасто́в
19510,хваставѣ́
19511,хвасто́в
19512,хво́ставы
19513,xxx
19514,xxx
19515,xxx
19516,xxx
19517,xxx
19518,xxx
19519,хрѣсны́
19520,xxx
19521,xxx
19522,xxx
19523,xxx
19524,xxx
19525,xxx
19526,xxx
19527,xxx
19528,xxx
19529,xxx
19530,xxx
19531,xxx
19532,хирургичѣсьцу́
19533,xxx
19534,xxx
19535,xxx
19536,xxx
19537,xxx
19538,xxx
19539,xxx
19540,xxx
19541,xxx
19542,xxx
19543,xxx
19544,xxx
19545,xxx
19546,xxx
19547,легендарни́ии
19548,xxx
19549,xxx
19550,xxx
19551,xxx
19552,xxx
19553,xxx
19554,хазяйсьцѣ́
19555,xxx
19556,xxx
19557,хо́лену
19558,xxx
19559,xxx
19560,xxx
19561,xxx
19562,xxx
19563,хлади́льну
19564,xxx
19565,xxx
19566,xxx
19567,xxx
19568,xxx
19569,xxx
19570,xxx
19571,xxx
19572,xxx
19573,хравы́ии
19574,xxx
19575,xxx
19576,xxx
19577,xxx
19578,xxx
19579,xxx
19580,xxx
19581,христиансьцѣ́хъии
19582,xxx
19583,xxx
19584,xxx
19585,xxx
19586,xxx
19587,xxx
19588,xxx
19589,xxx
19590,ху́деньцъыи
19591,ху́деньцуыи
19592,xxx
19593,худе́ньцъии
19594,xxx
19595,царсьци́
19596,xxx
19597,xxx
19598,xxx
19599,цвѣто́чны
19600,цвѣ́тачныии
19601,xxx
19602,xxx
19603,xxx
19604,xxx
19605,xxx
19606,xxx
19607,xxx
19608,xxx
19609,xxx
19610,целе́вуыи
19611,xxx
19612,xxx
19613,xxx
19614,це́ллюлазна
19615,xxx
19616,xxx
19617,целлюло́знѣхъии
19618,xxx
19619,цено́въыи
19620,xxx
19621,xxx
19622,xxx
19623,xxx
19624,xxx
19625,xxx
19626,xxx
19627,xxx
19628,xxx
19629,xxx
19630,xxx
19631,xxx
19632,xxx
19633,xxx
19634,xxx
19635,xxx
19636,xxx
19637,xxx
19638,xxx
19639,xxx
19640,xxx
19641,xxx
19642,ци́нкавамь
19643,xxx
19644,цинко́вамъ
19645,цинкавѣ́хъ
19646,xxx
19647,xxx
19648,xxx
19649,xxx
19650,xxx
19651,xxx
19652,xxx
19653,xxx
19654,цифро́въыи
19655,ци́фравыии
19656,xxx
19657,xxx
19658,ци́гансьцѣхъии
19659,xxx
19660,xxx
19661,xxx
19662,xxx
19663,xxx
19664,xxx
19665,xxx
19666,xxx
19667,xxx
19668,xxx
19669,xxx
19670,xxx
19671,xxx
19672,xxx
19673,xxx
19674,чаше́чну
19675,xxx
19676,xxx
19677,xxx
19678,xxx
19679,xxx
19680,xxx
19681,xxx
19682,xxx
19683,челавече́сьцаыи
19684,челавечесьцу́
19685,xxx
19686,xxx
19687,xxx
19688,xxx
19689,xxx
19690,xxx
19691,xxx
19692,червавъи́и
19693,xxx
19694,чрѣпахава́
19695,xxx
19696,xxx
19697,xxx
19698,xxx
19699,xxx
19700,xxx
19701,xxx
19702,xxx
19703,xxx
19704,xxx
19705,xxx
19706,xxx
19707,xxx
19708,xxx
19709,xxx
19710,xxx
19711,xxx
19712,чернаго́рсьцъ
19713,xxx
19714,xxx
19715,xxx
19716,ира́нсьцъ
19717,xxx
19718,xxx
19719,xxx
19720,xxx
19721,xxx
19722,xxx
19723,xxx
19724,xxx
19725,xxx
19726,xxx
19727,xxx
19728,xxx
19729,xxx
19730,xxx
19731,xxx
19732,xxx
19733,xxx
19734,xxx
19735,xxx
19736,xxx
19737,xxx
19738,xxx
19739,xxx
19740,xxx
19741,xxx
19742,xxx
19743,xxx
19744,xxx
19745,xxx
19746,xxx
19747,xxx
19748,xxx
19749,xxx
19750,xxx
19751,xxx
19752,xxx
19753,xxx
19754,xxx
19755,xxx
19756,xxx
19757,чжу́ансьцамь
19758,xxx
19759,xxx
19760,xxx
19761,xxx
19762,xxx
19763,xxx
19764,чи́славѣ
19765,xxx
19766,xxx
19767,xxx
19768,xxx
19769,xxx
19770,xxx
19771,xxx
19772,xxx
19773,xxx
19774,чувашсьцъи́и
19775,xxx
19776,xxx
19777,xxx
19778,xxx
19779,xxx
19780,xxx
19781,xxx
19782,xxx
19783,xxx
19784,xxx
19785,чу́жамьыи
19786,xxx
19787,xxx
19788,xxx
19789,xxx
19790,xxx
19791,xxx
19792,xxx
19793,xxx
19794,xxx
19795,xxx
19796,xxx
19797,xxx
19798,xxx
19799,xxx
19800,xxx
19801,xxx
19802,xxx
19803,ша́льнъии
19804,xxx
19805,xxx
19806,xxx
19807,xxx
19808,xxx
19809,xxx
19810,xxx
19811,xxx
19812,xxx
19813,xxx
19814,xxx
19815,xxx
19816,xxx
19817,xxx
19818,xxx
19819,xxx
19820,xxx
19821,xxx
19822,xxx
19823,xxx
19824,xxx
19825,xxx
19826,швейцарсьцѣ́ыи
19827,xxx
19828,xxx
19829,xxx
19830,xxx
19831,шекспиро́всьциии
19832,xxx
19833,xxx
19834,xxx
19835,xxx
19836,xxx
19837,шестиле́тны
19838,xxx
19839,xxx
19840,шё́лкавиии
19841,xxx
19842,xxx
19843,xxx
19844,xxx
19845,xxx
19846,xxx
19847,xxx
19848,шизафрениче́сьциии
19849,xxx
19850,xxx
19851,xxx
19852,xxx
19853,xxx
19854,xxx
19855,xxx
19856,xxx
19857,xxx
19858,xxx
19859,xxx
19860,xxx
19861,шакала́дны
19862,xxx
19863,xxx
19864,xxx
19865,xxx
19866,xxx
19867,xxx
19868,xxx
19869,xxx
19870,xxx
19871,xxx
19872,xxx
19873,xxx
19874,xxx
19875,шатландсьцѣ́хъии
19876,xxx
19877,xxx
19878,xxx
19879,xxx
19880,xxx
19881,xxx
19882,xxx
19883,xxx
19884,xxx
19885,xxx
19886,xxx
19887,xxx
19888,xxx
19889,xxx
19890,xxx
19891,xxx
19892,xxx
19893,xxx
19894,xxx
19895,xxx
19896,шту́рмаваыи
19897,xxx
19898,xxx
19899,xxx
19900,xxx
19901,xxx
19902,xxx
19903,xxx
19904,xxx
19905,xxx
19906,щеня́чѣ
19907,xxx
19908,щучѣ́
19909,xxx
19910,xxx
19911,xxx
19912,xxx
19913,xxx
19914,эда́к
19915,xxx
19916,xxx
19917,xxx
19918,xxx
19919,xxx
19920,xxx
19921,xxx
19922,xxx
19923,xxx
19924,xxx
19925,xxx
19926,xxx
19927,xxx
19928,xxx
19929,xxx
19930,xxx
19931,xxx
19932,xxx
19933,xxx
19934,xxx
19935,xxx
19936,xxx
19937,xxx
19938,xxx
19939,xxx
19940,xxx
19941,xxx
19942,xxx
19943,xxx
19944,xxx
19945,xxx
19946,э́канамичесьцѣ
19947,xxx
19948,xxx
19949,xxx
19950,xxx
19951,xxx
19952,xxx
19953,xxx
19954,xxx
19955,xxx
19956,xxx
19957,xxx
19958,экспе́ртнъ
19959,xxx
19960,xxx
19961,xxx
19962,xxx
19963,xxx
19964,xxx
19965,xxx
19966,xxx
19967,xxx
19968,xxx
19969,xxx
19970,xxx
19971,xxx
19972,xxx
19973,xxx
19974,xxx
19975,xxx
19976,xxx
19977,xxx
19978,xxx
19979,xxx
19980,xxx
19981,xxx
19982,xxx
19983,xxx
19984,xxx
19985,xxx
19986,электрахимиче́сьцѣыи
19987,xxx
19988,xxx
19989,xxx
19990,xxx
19991,xxx
19992,xxx
19993,xxx
19994,xxx
19995,эмира́тсьцъыи
19996,xxx
19997,xxx
19998,xxx
19999,xxx
20000,xxx
20001,xxx
20002,xxx
20003,xxx
20004,xxx
20005,xxx
20006,xxx
20007,xxx
20008,э́нергетичесьцу
20009,xxx
20010,xxx
20011,xxx
20012,xxx
20013,xxx
20014,xxx
20015,эрзя́нсьцаыи
20016,xxx
20017,xxx
20018,xxx
20019,xxx
20020,xxx
20021,xxx
20022,xxx
20023,xxx
20024,xxx
20025,xxx
20026,xxx
20027,xxx
20028,xxx
20029,xxx
20030,xxx
20031,xxx
20032,xxx
20033,эстра́дны
20034,э́тажнамъ
20035,этниче́сьцъ
20036,xxx
20037,xxx
20038,xxx
20039,xxx
20040,ю́га-вастачнамьыи
20041,xxx
20042,xxx
20043,xxx
20044,xxx
20045,xxx
20046,югаславсьцо́мьыи
20047,югасла́всьциии
20048,xxx
20049,xxx
20050,xxx
20051,xxx
20052,ю́жнакарѣйсьци
20053,xxx
20054,ю́жнакарѣйсьци
20055,ю́жнакарѣйсьци
20056,xxx
20057,xxx
20058,xxx
20059,южнаасетинсьцѣ́хъии
20060,xxx
20061,xxx
20062,xxx
20063,xxx
20064,xxx
20065,xxx
20066,xxx
20067,xxx
20068,юмаристичесьцо́мь
20069,xxx
20070,xxx
20071,xxx
20072,xxx
20073,xxx
20074,юридиче́сьцъ
20075,xxx
20076,ю́ридичесьцѣхъ
20077,я́дернуыи
20078,xxx
20079,xxx
20080,xxx
20081,xxx
20082,xxx
20083,xxx
20084,xxx
20085,языкавѣ́ыи
20086,xxx
20087,xxx
20088,xxx
20089,xxx
20090,xxx
20091,xxx
20092,якарни́ии
20093,xxx
20094,xxx
20095,xxx
20096,xxx
20097,xxx
20098,xxx
20099,xxx
20100,xxx
20101,xxx
20102,xxx
20103,xxx
20104,xxx
20105,xxx
20106,xxx
20107,я́нварсьцаыи
20108,xxx
20109,xxx
20110,я́нварсьциии
20111,xxx
20112,xxx
20113,xxx
20114,xxx
20115,xxx
20116,xxx
20117,xxx
20118,xxx
20119,xxx
20120,xxx
20121,xxx
20122,xxx
20123,xxx
20124,xxx
20125,xxx
20126,я́снавидящаыи
20127,xxx
20128,xxx
20129,яснавидя́щамьыи
20130,xxx
20131,я́снавидящы
20132,xxx
20133,xxx
20134,вселеннаа́хъ
20135,xxx
20136,загъсо́мь
20137,xxx
20138,xxx
20139,xxx
20140,xxx
20141,нэ́п
20142,нэ́п
20143,xxx
20144,xxx
20145,xxx
20146,xxx
20147,xxx
20148,xxx
20149,xxx
20150,а́блактираваеть
20151,xxx
20152,аблактиравали́
20153,xxx
20154,xxx
20155,xxx
20156,xxx
20157,xxx
20158,xxx
20159,xxx
20160,xxx
20161,xxx
20162,xxx
20163,автаматизирава́ѫть
20164,автаризавывали́
20165,а́ганизираваите
20166,адаптирава́лъ
20167,адаптирава́лъ
20168,адресавала́
20169,акклиматизирава́ла
20170,акклиматизирава́иши
20171,xxx
20172,xxx
20173,аккампанирава́емъ
20174,аккампаниравала́
20175,xxx
20176,xxx
20177,xxx
20178,анализирава́ли
20179,xxx
20180,xxx
20181,xxx
20182,xxx
20183,xxx
20184,xxx
20185,xxx
20186,xxx
20187,xxx
20188,xxx
20189,xxx
20190,а́пеллиравали
20191,xxx
20192,xxx
20193,xxx
20194,xxx
20195,xxx
20196,xxx
20197,xxx
20198,xxx
20199,xxx
20200,xxx
20201,xxx
20202,xxx
20203,xxx
20204,ассациирава́лъ
20205,а́сфальтиравамь
20206,xxx
20207,xxx
20208,xxx
20209,xxx
20210,xxx
20211,xxx
20212,xxx
20213,xxx
20214,ба́лансиравамъ
20215,xxx
20216,xxx
20217,xxx
20218,xxx
20219,баюка́иши
20220,xxx
20221,бе́днемь
20222,xxx
20223,xxx
20224,xxx
20225,бездельнича́ли
20226,xxx
20227,xxx
20228,xxx
20229,xxx
20230,xxx
20231,xxx
20232,xxx
20233,xxx
20234,xxx
20235,xxx
20236,xxx
20237,бетанирава́еши
20238,xxx
20239,xxx
20240,xxx
20241,xxx
20242,xxx
20243,xxx
20244,xxx
20245,xxx
20246,xxx
20247,xxx
20248,xxx
20249,xxx
20250,бичева́ю
20251,би́чеваиши
20252,xxx
20253,xxx
20254,xxx
20255,xxx
20256,xxx
20257,xxx
20258,xxx
20259,xxx
20260,xxx
20261,xxx
20262,xxx
20263,xxx
20264,xxx
20265,xxx
20266,xxx
20267,xxx
20268,xxx
20269,xxx
20270,xxx
20271,xxx
20272,xxx
20273,xxx
20274,xxx
20275,xxx
20276,xxx
20277,xxx
20278,блиста́мъ
20279,блистаѫ́ть
20280,xxx
20281,xxx
20282,блядава́си
20283,блядава́ла
20284,xxx
20285,xxx
20286,xxx
20287,xxx
20288,xxx
20289,xxx
20290,xxx
20291,xxx
20292,xxx
20293,xxx
20294,бо́лтаѫ
20295,xxx
20296,xxx
20297,xxx
20298,xxx
20299,xxx
20300,xxx
20301,xxx
20302,xxx
20303,xxx
20304,xxx
20305,бра́жничаете
20306,xxx
20307,бракаваа́ть
20308,xxx
20309,xxx
20310,xxx
20311,xxx
20312,xxx
20313,xxx
20314,xxx
20315,xxx
20316,xxx
20317,xxx
20318,бри́ли
20319,xxx
20320,xxx
20321,xxx
20322,xxx
20323,бряка́ла
20324,бряка́ла
20325,xxx
20326,xxx
20327,xxx
20328,бу́льцала
20329,бѫнтава́лъ
20330,бѫнтава́ла
20331,бѫ́нтаваить
20332,xxx
20333,xxx
20334,xxx
20335,xxx
20336,xxx
20337,xxx
20338,xxx
20339,xxx
20340,xxx
20341,xxx
20342,xxx
20343,xxx
20344,xxx
20345,xxx
20346,xxx
20347,xxx
20348,бытава́лъ
20349,xxx
20350,xxx
20351,xxx
20352,xxx
20353,xxx
20354,xxx
20355,xxx
20356,xxx
20357,xxx
20358,валии́мъ
20359,xxx
20360,xxx
20361,xxx
20362,xxx
20363,xxx
20364,xxx
20365,вбира́ать
20366,xxx
20367,xxx
20368,вва́ливала
20369,вверя́ю
20370,xxx
20371,xxx
20372,xxx
20373,xxx
20374,xxx
20375,xxx
20376,xxx
20377,xxx
20378,xxx
20379,xxx
20380,xxx
20381,xxx
20382,xxx
20383,на́няѫть
20384,xxx
20385,xxx
20386,xxx
20387,вдавлива́мь
20388,вдыхаѫ́
20389,венчали́
20390,xxx
20391,xxx
20392,xxx
20393,xxx
20394,xxx
20395,xxx
20396,xxx
20397,xxx
20398,xxx
20399,xxx
20400,xxx
20401,xxx
20402,xxx
20403,xxx
20404,xxx
20405,xxx
20406,xxx
20407,xxx
20408,xxx
20409,xxx
20410,xxx
20411,xxx
20412,xxx
20413,xxx
20414,xxx
20415,xxx
20416,xxx
20417,xxx
20418,xxx
20419,xxx
20420,xxx
20421,xxx
20422,xxx
20423,xxx
20424,xxx
20425,xxx
20426,xxx
20427,xxx
20428,xxx
20429,xxx
20430,взаимадействава́ѫть
20431,xxx
20432,xxx
20433,xxx
20434,взви́ваить
20435,взглядыва́емъ
20436,взгля́дывала
20437,xxx
20438,xxx
20439,xxx
20440,xxx
20441,xxx
20442,вздува́ли
20443,xxx
20444,xxx
20445,xxx
20446,взимаю́
20447,xxx
20448,xxx
20449,взира́мъ
20450,xxx
20451,xxx
20452,взламыва́ать
20453,xxx
20454,xxx
20455,взмётыва́ѫть
20456,xxx
20457,xxx
20458,взмы́вали
20459,взрасле́мь
20460,xxx
20461,xxx
20462,xxx
20463,взывали́
20464,xxx
20465,взыскивало́
20466,xxx
20467,xxx
20468,xxx
20469,xxx
20470,xxx
20471,xxx
20472,xxx
20473,xxx
20474,xxx
20475,xxx
20476,xxx
20477,xxx
20478,xxx
20479,xxx
20480,xxx
20481,вкапыва́ла
20482,вкладыва́те
20483,влепля́ла
20484,xxx
20485,xxx
20486,xxx
20487,вле́таить
20488,влетала́
20489,xxx
20490,xxx
20491,xxx
20492,xxx
20493,влива́ли
20494,xxx
20495,xxx
20496,xxx
20497,xxx
20498,xxx
20499,xxx
20500,xxx
20501,xxx
20502,вме́шивалъ
20503,xxx
20504,xxx
20505,xxx
20506,xxx
20507,xxx
20508,xxx
20509,xxx
20510,xxx
20511,вница́ть
20512,xxx
20513,xxx
20514,xxx
20515,xxx
20516,xxx
20517,xxx
20518,xxx
20519,xxx
20520,xxx
20521,xxx
20522,вадружае́мъ
20523,xxx
20524,xxx
20525,xxx
20526,xxx
20527,xxx
20528,xxx
20529,xxx
20530,xxx
20531,xxx
20532,xxx
20533,xxx
20534,xxx
20535,xxx
20536,xxx
20537,xxx
20538,xxx
20539,xxx
20540,xxx
20541,xxx
20542,xxx
20543,xxx
20544,вазмуща́ла
20545,xxx
20546,xxx
20547,xxx
20548,xxx
20549,xxx
20550,xxx
20551,xxx
20552,xxx
20553,xxx
20554,xxx
20555,влала́
20556,xxx
20557,xxx
20558,вапия́ть
20559,xxx
20560,xxx
20561,xxx
20562,xxx
20563,xxx
20564,xxx
20565,xxx
20566,xxx
20567,xxx
20568,xxx
20569,xxx
20570,xxx
20571,xxx
20572,xxx
20573,xxx
20574,xxx
20575,xxx
20576,xxx
20577,xxx
20578,xxx
20579,xxx
20580,xxx
20581,xxx
20582,xxx
20583,xxx
20584,xxx
20585,xxx
20586,xxx
20587,xxx
20588,xxx
20589,xxx
20590,xxx
20591,xxx
20592,xxx
20593,xxx
20594,xxx
20595,xxx
20596,xxx
20597,xxx
20598,xxx
20599,xxx
20600,xxx
20601,xxx
20602,xxx
20603,xxx
20604,xxx
20605,xxx
20606,xxx
20607,xxx
20608,xxx
20609,xxx
20610,xxx
20611,xxx
20612,xxx
20613,xxx
20614,вра́стала
20615,вра́щаси
20616,xxx
20617,xxx
20618,xxx
20619,xxx
20620,xxx
20621,xxx
20622,xxx
20623,xxx
20624,xxx
20625,xxx
20626,xxx
20627,xxx
20628,xxx
20629,все́ляать
20630,xxx
20631,вскарабкивали́
20632,xxx
20633,xxx
20634,xxx
20635,xxx
20636,вскрициваѫ́ть
20637,xxx
20638,xxx
20639,xxx
20640,xxx
20641,xxx
20642,xxx
20643,xxx
20644,всплы́вала
20645,вспу́гиваите
20646,xxx
20647,xxx
20648,xxx
20649,xxx
20650,xxx
20651,xxx
20652,xxx
20653,xxx
20654,xxx
20655,xxx
20656,встревало́
20657,xxx
20658,встря́хиваси
20659,всту́паемъ
20660,xxx
20661,xxx
20662,xxx
20663,xxx
20664,xxx
20665,xxx
20666,xxx
20667,xxx
20668,xxx
20669,xxx
20670,xxx
20671,xxx
20672,xxx
20673,xxx
20674,xxx
20675,втискивае́те
20676,xxx
20677,xxx
20678,втискива́емъ
20679,xxx
20680,xxx
20681,xxx
20682,xxx
20683,xxx
20684,xxx
20685,xxx
20686,xxx
20687,xxx
20688,xxx
20689,xxx
20690,xxx
20691,въезжало́
20692,xxx
20693,xxx
20694,выбира́ли
20695,xxx
20696,xxx
20697,выбыва́мь
20698,выбыва́мъ
20699,xxx
20700,xxx
20701,xxx
20702,выбыва́ли
20703,xxx
20704,вы́вёртываси
20705,xxx
20706,xxx
20707,xxx
20708,xxx
20709,xxx
20710,xxx
20711,xxx
20712,xxx
20713,xxx
20714,xxx
20715,xxx
20716,xxx
20717,xxx
20718,xxx
20719,xxx
20720,xxx
20721,xxx
20722,xxx
20723,xxx
20724,xxx
20725,xxx
20726,xxx
20727,xxx
20728,xxx
20729,xxx
20730,xxx
20731,xxx
20732,xxx
20733,xxx
20734,xxx
20735,xxx
20736,xxx
20737,xxx
20738,xxx
20739,xxx
20740,xxx
20741,xxx
20742,xxx
20743,xxx
20744,xxx
20745,xxx
20746,xxx
20747,вы́гружаѫть
20748,xxx
20749,xxx
20750,xxx
20751,выдава́ла
20752,xxx
20753,xxx
20754,xxx
20755,xxx
20756,xxx
20757,xxx
20758,xxx
20759,вы́двизала
20760,выдвизало́
20761,xxx
20762,вы́искивалъ
20763,xxx
20764,xxx
20765,xxx
20766,xxx
20767,xxx
20768,xxx
20769,xxx
20770,xxx
20771,xxx
20772,xxx
20773,xxx
20774,xxx
20775,xxx
20776,xxx
20777,вы́каемъ
20778,xxx
20779,выкипае́те
20780,xxx
20781,xxx
20782,xxx
20783,xxx
20784,xxx
20785,xxx
20786,xxx
20787,xxx
20788,xxx
20789,xxx
20790,вы́кручивалъ
20791,выкручива́еши
20792,вы́куриваимъ
20793,xxx
20794,xxx
20795,xxx
20796,xxx
20797,xxx
20798,xxx
20799,xxx
20800,xxx
20801,вы́ливала
20802,xxx
20803,xxx
20804,xxx
20805,xxx
20806,xxx
20807,xxx
20808,xxx
20809,xxx
20810,xxx
20811,вы́мывала
20812,xxx
20813,xxx
20814,xxx
20815,xxx
20816,xxx
20817,xxx
20818,вынимае́ть
20819,xxx
20820,xxx
20821,xxx
20822,xxx
20823,xxx
20824,вынужда́мь
20825,xxx
20826,xxx
20827,выныривало́
20828,xxx
20829,xxx
20830,xxx
20831,xxx
20832,xxx
20833,xxx
20834,xxx
20835,xxx
20836,xxx
20837,вы́пиваите
20838,xxx
20839,вы́пиливамь
20840,xxx
20841,xxx
20842,xxx
20843,xxx
20844,xxx
20845,вы́плёскиваиши
20846,вы́правляеши
20847,xxx
20848,xxx
20849,xxx
20850,xxx
20851,xxx
20852,выпрямля́мь
20853,выпрямля́мъ
20854,xxx
20855,xxx
20856,вы́пускалъ
20857,выпускали́
20858,xxx
20859,xxx
20860,xxx
20861,xxx
20862,xxx
20863,xxx
20864,xxx
20865,xxx
20866,xxx
20867,xxx
20868,xxx
20869,xxx
20870,xxx
20871,xxx
20872,xxx
20873,xxx
20874,xxx
20875,xxx
20876,xxx
20877,вы́ручалъ
20878,xxx
20879,xxx
20880,xxx
20881,xxx
20882,xxx
20883,xxx
20884,xxx
20885,xxx
20886,xxx
20887,xxx
20888,xxx
20889,xxx
20890,xxx
20891,xxx
20892,xxx
20893,xxx
20894,xxx
20895,xxx
20896,xxx
20897,xxx
20898,xxx
20899,xxx
20900,xxx
20901,xxx
20902,xxx
20903,xxx
20904,xxx
20905,xxx
20906,xxx
20907,xxx
20908,xxx
20909,xxx
20910,выслушива́лъ
20911,xxx
20912,xxx
20913,xxx
20914,xxx
20915,xxx
20916,xxx
20917,xxx
20918,xxx
20919,xxx
20920,xxx
20921,xxx
20922,xxx
20923,xxx
20924,xxx
20925,xxx
20926,xxx
20927,xxx
20928,xxx
20929,xxx
20930,xxx
20931,xxx
20932,xxx
20933,xxx
20934,xxx
20935,xxx
20936,xxx
20937,xxx
20938,xxx
20939,xxx
20940,xxx
20941,xxx
20942,xxx
20943,высушивала́
20944,xxx
20945,xxx
20946,xxx
20947,высыха́мъ
20948,вы́сыхалъ
20949,xxx
20950,xxx
20951,xxx
20952,xxx
20953,xxx
20954,xxx
20955,xxx
20956,xxx
20957,xxx
20958,xxx
20959,xxx
20960,xxx
20961,xxx
20962,xxx
20963,xxx
20964,xxx
20965,xxx
20966,xxx
20967,xxx
20968,xxx
20969,xxx
20970,вы́ла
20971,xxx
20972,xxx
20973,xxx
20974,xxx
20975,xxx
20976,xxx
20977,xxx
20978,xxx
20979,xxx
20980,xxx
20981,xxx
20982,xxx
20983,xxx
20984,xxx
20985,вычитыва́ла
20986,xxx
20987,xxx
20988,xxx
20989,xxx
20990,xxx
20991,xxx
20992,xxx
20993,xxx
20994,xxx
20995,гарманирава́си
20996,xxx
20997,xxx
20998,xxx
20999,xxx
21000,xxx
21001,xxx
21002,xxx
21003,xxx
21004,xxx
21005,xxx
21006,xxx
21007,xxx
21008,xxx
21009,xxx
21010,xxx
21011,xxx
21012,xxx
21013,xxx
21014,xxx
21015,xxx
21016,xxx
21017,xxx
21018,гладаси́
21019,гладали́
21020,xxx
21021,xxx
21022,xxx
21023,xxx
21024,xxx
21025,xxx
21026,xxx
21027,xxx
21028,xxx
21029,xxx
21030,xxx
21031,xxx
21032,xxx
21033,xxx
21034,xxx
21035,xxx
21036,xxx
21037,xxx
21038,xxx
21039,xxx
21040,xxx
21041,xxx
21042,xxx
21043,xxx
21044,xxx
21045,xxx
21046,xxx
21047,го́спитализираваить
21048,xxx
21049,xxx
21050,xxx
21051,xxx
21052,xxx
21053,xxx
21054,xxx
21055,xxx
21056,xxx
21057,xxx
21058,xxx
21059,xxx
21060,xxx
21061,xxx
21062,xxx
21063,xxx
21064,xxx
21065,xxx
21066,xxx
21067,xxx
21068,xxx
21069,xxx
21070,гримасничаси́
21071,xxx
21072,xxx
21073,xxx
21074,xxx
21075,xxx
21076,xxx
21077,xxx
21078,xxx
21079,xxx
21080,xxx
21081,xxx
21082,xxx
21083,xxx
21084,xxx
21085,грахатае́ши
21086,xxx
21087,xxx
21088,xxx
21089,xxx
21090,xxx
21091,xxx
21092,xxx
21093,xxx
21094,xxx
21095,xxx
21096,xxx
21097,xxx
21098,xxx
21099,xxx
21100,дави́лъ
21101,xxx
21102,xxx
21103,xxx
21104,xxx
21105,xxx
21106,xxx
21107,xxx
21108,xxx
21109,xxx
21110,xxx
21111,xxx
21112,декантирава́лъ
21113,xxx
21114,xxx
21115,xxx
21116,декларираваѫ́ть
21117,xxx
21118,xxx
21119,xxx
21120,xxx
21121,xxx
21122,xxx
21123,деманстрираваи́ть
21124,xxx
21125,xxx
21126,дерза́си
21127,дерзала́
21128,xxx
21129,дефармираваси́
21130,xxx
21131,xxx
21132,xxx
21133,дёрга́лъ
21134,xxx
21135,xxx
21136,xxx
21137,xxx
21138,xxx
21139,xxx
21140,xxx
21141,xxx
21142,xxx
21143,xxx
21144,xxx
21145,xxx
21146,xxx
21147,xxx
21148,xxx
21149,xxx
21150,xxx
21151,xxx
21152,дабива́лъ
21153,сты́ла
21154,дабывала́
21155,даверя́ла
21156,давальствава́мь
21157,xxx
21158,xxx
21159,xxx
21160,xxx
21161,xxx
21162,xxx
21163,xxx
21164,дадумыва́ли
21165,даеда́си
21166,дажива́ите
21167,дажида́ла
21168,xxx
21169,xxx
21170,xxx
21171,xxx
21172,дакатва́еши
21173,до́кладывала
21174,xxx
21175,xxx
21176,xxx
21177,xxx
21178,xxx
21179,xxx
21180,xxx
21181,xxx
21182,xxx
21183,xxx
21184,данима́ла
21185,данаси́мь
21186,xxx
21187,xxx
21188,даплыва́лъ
21189,даплывало́
21190,до́прашиваю
21191,xxx
21192,xxx
21193,xxx
21194,xxx
21195,xxx
21196,xxx
21197,xxx
21198,xxx
21199,xxx
21200,xxx
21201,xxx
21202,xxx
21203,xxx
21204,xxx
21205,xxx
21206,xxx
21207,xxx
21208,дасажда́мъ
21209,xxx
21210,xxx
21211,xxx
21212,xxx
21213,xxx
21214,xxx
21215,xxx
21216,xxx
21217,до́считываси
21218,xxx
21219,до́считывали
21220,xxx
21221,xxx
21222,xxx
21223,xxx
21224,xxx
21225,xxx
21226,xxx
21227,датягива́ли
21228,до́тягиваемъ
21229,xxx
21230,xxx
21231,xxx
21232,xxx
21233,xxx
21234,xxx
21235,xxx
21236,xxx
21237,xxx
21238,xxx
21239,xxx
21240,xxx
21241,дрема́ите
21242,xxx
21243,xxx
21244,xxx
21245,xxx
21246,xxx
21247,xxx
21248,xxx
21249,xxx
21250,xxx
21251,xxx
21252,xxx
21253,xxx
21254,xxx
21255,xxx
21256,xxx
21257,xxx
21258,xxx
21259,xxx
21260,xxx
21261,xxx
21262,xxx
21263,xxx
21264,xxx
21265,xxx
21266,xxx
21267,xxx
21268,xxx
21269,xxx
21270,xxx
21271,xxx
21272,еба́ла
21273,xxx
21274,xxx
21275,xxx
21276,xxx
21277,xxx
21278,ё́жимь
21279,xxx
21280,xxx
21281,при́биваю
21282,ёрза́ла
21283,ёрзало́
21284,жа́лаваимъ
21285,xxx
21286,xxx
21287,жѣ́ниите
21288,жмури́ла
21289,xxx
21290,xxx
21291,xxx
21292,xxx
21293,xxx
21294,xxx
21295,xxx
21296,xxx
21297,xxx
21298,xxx
21299,xxx
21300,xxx
21301,xxx
21302,xxx
21303,забира́еши
21304,за́батиать
21305,xxx
21306,xxx
21307,xxx
21308,xxx
21309,xxx
21310,xxx
21311,xxx
21312,xxx
21313,xxx
21314,заваривае́мъ
21315,xxx
21316,завёртываси́
21317,xxx
21318,xxx
21319,xxx
21320,xxx
21321,xxx
21322,xxx
21323,xxx
21324,xxx
21325,xxx
21326,xxx
21327,xxx
21328,xxx
21329,xxx
21330,xxx
21331,xxx
21332,выкаля́имъ
21333,xxx
21334,xxx
21335,xxx
21336,xxx
21337,xxx
21338,xxx
21339,xxx
21340,xxx
21341,xxx
21342,xxx
21343,xxx
21344,xxx
21345,xxx
21346,xxx
21347,xxx
21348,xxx
21349,xxx
21350,xxx
21351,xxx
21352,xxx
21353,xxx
21354,xxx
21355,загарае́те
21356,xxx
21357,xxx
21358,xxx
21359,xxx
21360,xxx
21361,загребае́ши
21362,xxx
21363,xxx
21364,xxx
21365,загружа́еть
21366,загружа́ете
21367,xxx
21368,xxx
21369,загуливаи́ши
21370,загуливаи́те
21371,xxx
21372,xxx
21373,xxx
21374,xxx
21375,xxx
21376,заделывали́
21377,xxx
21378,за́дёргивала
21379,задира́еши
21380,xxx
21381,xxx
21382,xxx
21383,xxx
21384,xxx
21385,xxx
21386,xxx
21387,xxx
21388,xxx
21389,xxx
21390,xxx
21391,xxx
21392,xxx
21393,xxx
21394,xxx
21395,за́дыхалъ
21396,заеда́ѫть
21397,xxx
21398,xxx
21399,за́выла
21400,xxx
21401,xxx
21402,xxx
21403,xxx
21404,xxx
21405,за́изрывали
21406,xxx
21407,xxx
21408,xxx
21409,xxx
21410,xxx
21411,xxx
21412,xxx
21413,xxx
21414,xxx
21415,закладыва́лъ
21416,закладывали́
21417,xxx
21418,xxx
21419,закладываи́те
21420,закладыва́лъ
21421,за́клеивала
21422,xxx
21423,xxx
21424,заклинивали́
21425,xxx
21426,xxx
21427,xxx
21428,xxx
21429,xxx
21430,xxx
21431,xxx
21432,xxx
21433,xxx
21434,xxx
21435,xxx
21436,xxx
21437,закла́ть
21438,xxx
21439,xxx
21440,xxx
21441,закрепля́ли
21442,xxx
21443,xxx
21444,xxx
21445,xxx
21446,xxx
21447,xxx
21448,xxx
21449,xxx
21450,xxx
21451,xxx
21452,xxx
21453,xxx
21454,xxx
21455,xxx
21456,xxx
21457,xxx
21458,залега́ите
21459,залегаа́ть
21460,xxx
21461,xxx
21462,залива́имъ
21463,xxx
21464,xxx
21465,xxx
21466,xxx
21467,xxx
21468,xxx
21469,за́матываеть
21470,xxx
21471,xxx
21472,xxx
21473,xxx
21474,xxx
21475,замачива́имъ
21476,замедля́си
21477,xxx
21478,xxx
21479,замедляло́
21480,xxx
21481,замерза́ла
21482,xxx
21483,xxx
21484,xxx
21485,xxx
21486,xxx
21487,xxx
21488,xxx
21489,xxx
21490,xxx
21491,xxx
21492,xxx
21493,xxx
21494,xxx
21495,за́нижаемъ
21496,xxx
21497,xxx
21498,xxx
21499,xxx
21500,за́падала
21501,xxx
21502,xxx
21503,запалива́ла
21504,xxx
21505,xxx
21506,xxx
21507,xxx
21508,xxx
21509,xxx
21510,xxx
21511,xxx
21512,xxx
21513,за́пекала
21514,xxx
21515,xxx
21516,xxx
21517,xxx
21518,xxx
21519,xxx
21520,xxx
21521,xxx
21522,xxx
21523,xxx
21524,xxx
21525,заплета́ть
21526,xxx
21527,xxx
21528,xxx
21529,xxx
21530,xxx
21531,заплыва́мъ
21532,заплывали́
21533,xxx
21534,xxx
21535,xxx
21536,xxx
21537,xxx
21538,xxx
21539,xxx
21540,за́патеваить
21541,xxx
21542,запатева́ла
21543,xxx
21544,за́правлямъ
21545,заправля́те
21546,запрашива́ть
21547,за́прещали
21548,xxx
21549,xxx
21550,xxx
21551,xxx
21552,xxx
21553,xxx
21554,xxx
21555,xxx
21556,xxx
21557,xxx
21558,заражате́
21559,xxx
21560,xxx
21561,xxx
21562,xxx
21563,xxx
21564,xxx
21565,xxx
21566,xxx
21567,xxx
21568,заручала́
21569,xxx
21570,xxx
21571,за́свечивате
21572,засвечива́ла
21573,xxx
21574,xxx
21575,xxx
21576,xxx
21577,xxx
21578,xxx
21579,xxx
21580,xxx
21581,xxx
21582,xxx
21583,заскакива́имъ
21584,xxx
21585,xxx
21586,за́ставаеши
21587,застекляла́
21588,xxx
21589,xxx
21590,xxx
21591,xxx
21592,застирывала́
21593,xxx
21594,xxx
21595,xxx
21596,xxx
21597,xxx
21598,xxx
21599,xxx
21600,xxx
21601,xxx
21602,xxx
21603,засучивае́ши
21604,xxx
21605,засучива́ли
21606,xxx
21607,xxx
21608,xxx
21609,xxx
21610,xxx
21611,xxx
21612,xxx
21613,xxx
21614,xxx
21615,xxx
21616,затвердева́мъ
21617,за́твердевате
21618,xxx
21619,за́твердевала
21620,xxx
21621,xxx
21622,за́текате
21623,xxx
21624,затериваа́ть
21625,затерива́ла
21626,xxx
21627,затира́ли
21628,xxx
21629,xxx
21630,xxx
21631,xxx
21632,xxx
21633,xxx
21634,затачае́те
21635,xxx
21636,xxx
21637,xxx
21638,затрагива́лъ
21639,затрудня́мь
21640,затрудня́си
21641,xxx
21642,за́тыкалъ
21643,xxx
21644,xxx
21645,xxx
21646,xxx
21647,xxx
21648,зацепля́ѫть
21649,зацепля́еши
21650,xxx
21651,зачерпывала́
21652,за́чёркивалъ
21653,за́чёркивала
21654,xxx
21655,зачина́лъ
21656,xxx
21657,xxx
21658,зачисляѫ́ть
21659,зачитыва́мь
21660,xxx
21661,xxx
21662,xxx
21663,зашиба́мь
21664,xxx
21665,xxx
21666,xxx
21667,xxx
21668,зврѣ́ете
21669,зѣва́иши
21670,xxx
21671,xxx
21672,xxx
21673,xxx
21674,xxx
21675,xxx
21676,xxx
21677,xxx
21678,xxx
21679,xxx
21680,зли́те
21681,xxx
21682,xxx
21683,зло́славила
21684,xxx
21685,xxx
21686,xxx
21687,xxx
21688,xxx
21689,xxx
21690,xxx
21691,xxx
21692,xxx
21693,злати́иши
21694,xxx
21695,xxx
21696,xxx
21697,xxx
21698,xxx
21699,зы́кали
21700,зябну́ла
21701,избавляла́
21702,xxx
21703,xxx
21704,xxx
21705,xxx
21706,xxx
21707,xxx
21708,xxx
21709,xxx
21710,xxx
21711,xxx
21712,xxx
21713,xxx
21714,xxx
21715,xxx
21716,xxx
21717,xxx
21718,xxx
21719,xxx
21720,xxx
21721,xxx
21722,xxx
21723,xxx
21724,xxx
21725,xxx
21726,xxx
21727,xxx
21728,xxx
21729,xxx
21730,xxx
21731,xxx
21732,xxx
21733,xxx
21734,xxx
21735,xxx
21736,xxx
21737,xxx
21738,xxx
21739,xxx
21740,xxx
21741,изгатавливаѫ́ть
21742,xxx
21743,xxx
21744,xxx
21745,xxx
21746,xxx
21747,xxx
21748,xxx
21749,xxx
21750,xxx
21751,xxx
21752,xxx
21753,излавчаи́мъ
21754,xxx
21755,и́злавчалъ
21756,xxx
21757,xxx
21758,измазыва́те
21759,xxx
21760,xxx
21761,xxx
21762,измазыва́ла
21763,изменя́еть
21764,xxx
21765,xxx
21766,xxx
21767,xxx
21768,xxx
21769,xxx
21770,xxx
21771,xxx
21772,xxx
21773,xxx
21774,xxx
21775,xxx
21776,xxx
21777,изабилава́ла
21778,xxx
21779,xxx
21780,xxx
21781,xxx
21782,xxx
21783,xxx
21784,xxx
21785,xxx
21786,xxx
21787,xxx
21788,xxx
21789,xxx
21790,xxx
21791,xxx
21792,xxx
21793,xxx
21794,xxx
21795,xxx
21796,xxx
21797,xxx
21798,xxx
21799,xxx
21800,xxx
21801,xxx
21802,xxx
21803,xxx
21804,xxx
21805,xxx
21806,изъясняси́
21807,изъясня́ли
21808,xxx
21809,xxx
21810,xxx
21811,xxx
21812,xxx
21813,xxx
21814,xxx
21815,xxx
21816,и́ммизриравалъ
21817,xxx
21818,и́мпартираваси
21819,импартирава́ѫть
21820,xxx
21821,xxx
21822,импартиравали́
21823,xxx
21824,xxx
21825,xxx
21826,индевеѫ́ть
21827,индексирава́ить
21828,xxx
21829,xxx
21830,xxx
21831,xxx
21832,и́нкубираваѫ
21833,xxx
21834,xxx
21835,xxx
21836,xxx
21837,xxx
21838,xxx
21839,интерпретирава́лъ
21840,xxx
21841,xxx
21842,xxx
21843,xxx
21844,xxx
21845,xxx
21846,xxx
21847,xxx
21848,иска́ѫ
21849,xxx
21850,xxx
21851,xxx
21852,xxx
21853,xxx
21854,xxx
21855,xxx
21856,xxx
21857,xxx
21858,xxx
21859,xxx
21860,xxx
21861,xxx
21862,xxx
21863,и́списывате
21864,xxx
21865,xxx
21866,xxx
21867,xxx
21868,xxx
21869,xxx
21870,xxx
21871,xxx
21872,xxx
21873,xxx
21874,xxx
21875,xxx
21876,и́спальзавываемъ
21877,и́справляте
21878,xxx
21879,xxx
21880,xxx
21881,xxx
21882,xxx
21883,xxx
21884,xxx
21885,xxx
21886,xxx
21887,xxx
21888,xxx
21889,и́ссякаиши
21890,и́ссякаить
21891,иссяка́ли
21892,xxx
21893,xxx
21894,истлевате́
21895,xxx
21896,xxx
21897,xxx
21898,xxx
21899,xxx
21900,xxx
21901,xxx
21902,xxx
21903,xxx
21904,xxx
21905,xxx
21906,xxx
21907,xxx
21908,и́счерпывалъ
21909,xxx
21910,xxx
21911,xxx
21912,xxx
21913,xxx
21914,xxx
21915,xxx
21916,xxx
21917,казни́ете
21918,xxx
21919,xxx
21920,xxx
21921,ка́ртавиете
21922,картави́лъ
21923,картавило́
21924,ка́тиѫть
21925,ки́снуѫть
21926,клевала́
21927,xxx
21928,xxx
21929,xxx
21930,xxx
21931,xxx
21932,xxx
21933,xxx
21934,xxx
21935,xxx
21936,xxx
21937,xxx
21938,xxx
21939,xxx
21940,xxx
21941,xxx
21942,xxx
21943,xxx
21944,xxx
21945,xxx
21946,xxx
21947,ко́валъ
21948,xxx
21949,ко́вала
21950,кавыляе́ши
21951,ко́вырялъ
21952,xxx
21953,xxx
21954,ко́дираваѫть
21955,xxx
21956,xxx
21957,xxx
21958,xxx
21959,xxx
21960,xxx
21961,xxx
21962,каллекцианираваи́мъ
21963,xxx
21964,xxx
21965,xxx
21966,xxx
21967,xxx
21968,xxx
21969,xxx
21970,xxx
21971,xxx
21972,xxx
21973,xxx
21974,xxx
21975,xxx
21976,xxx
21977,xxx
21978,ко́мандаваимъ
21979,xxx
21980,ко́мкала
21981,xxx
21982,xxx
21983,xxx
21984,xxx
21985,xxx
21986,xxx
21987,xxx
21988,xxx
21989,канструирава́мь
21990,xxx
21991,xxx
21992,xxx
21993,кантралираваи́ть
21994,xxx
21995,xxx
21996,кантралирава́ли
21997,ко́нфискаваить
21998,xxx
21999,xxx
22000,xxx
22001,xxx
22002,xxx
22003,xxx
22004,xxx
22005,xxx
22006,xxx
22007,xxx
22008,xxx
22009,xxx
22010,xxx
22011,xxx
22012,xxx
22013,xxx
22014,xxx
22015,xxx
22016,xxx
22017,xxx
22018,xxx
22019,xxx
22020,xxx
22021,xxx
22022,xxx
22023,xxx
22024,xxx
22025,xxx
22026,xxx
22027,xxx
22028,xxx
22029,xxx
22030,xxx
22031,xxx
22032,xxx
22033,xxx
22034,xxx
22035,xxx
22036,xxx
22037,красси́
22038,xxx
22039,xxx
22040,xxx
22041,xxx
22042,xxx
22043,xxx
22044,xxx
22045,xxx
22046,xxx
22047,xxx
22048,xxx
22049,xxx
22050,xxx
22051,xxx
22052,xxx
22053,xxx
22054,xxx
22055,xxx
22056,xxx
22057,xxx
22058,xxx
22059,xxx
22060,xxx
22061,xxx
22062,xxx
22063,xxx
22064,xxx
22065,краватачи́лъ
22066,xxx
22067,xxx
22068,xxx
22069,xxx
22070,xxx
22071,xxx
22072,xxx
22073,xxx
22074,xxx
22075,xxx
22076,xxx
22077,xxx
22078,кру́тиеши
22079,xxx
22080,xxx
22081,xxx
22082,кути́ли
22083,xxx
22084,xxx
22085,xxx
22086,лаза́ли
22087,xxx
22088,xxx
22089,xxx
22090,xxx
22091,xxx
22092,xxx
22093,xxx
22094,xxx
22095,xxx
22096,xxx
22097,xxx
22098,xxx
22099,xxx
22100,ласка́лъ
22101,xxx
22102,xxx
22103,xxx
22104,xxx
22105,xxx
22106,xxx
22107,xxx
22108,xxx
22109,xxx
22110,xxx
22111,xxx
22112,xxx
22113,xxx
22114,xxx
22115,xxx
22116,xxx
22117,xxx
22118,xxx
22119,xxx
22120,xxx
22121,xxx
22122,xxx
22123,xxx
22124,xxx
22125,лидирава́лъ
22126,лиза́ли
22127,линя́ѫ
22128,xxx
22129,xxx
22130,xxx
22131,xxx
22132,xxx
22133,xxx
22134,xxx
22135,xxx
22136,xxx
22137,xxx
22138,лакализава́лъ
22139,лакализава́ла
22140,xxx
22141,xxx
22142,xxx
22143,xxx
22144,xxx
22145,xxx
22146,xxx
22147,лапае́те
22148,xxx
22149,xxx
22150,xxx
22151,xxx
22152,xxx
22153,ло́хматили
22154,xxx
22155,xxx
22156,xxx
22157,xxx
22158,xxx
22159,xxx
22160,xxx
22161,xxx
22162,xxx
22163,лю́бапытствавамъ
22164,xxx
22165,ля́згала
22166,xxx
22167,xxx
22168,xxx
22169,маневрирава́емъ
22170,xxx
22171,xxx
22172,мани́ю
22173,xxx
22174,xxx
22175,xxx
22176,xxx
22177,xxx
22178,xxx
22179,xxx
22180,марала́
22181,xxx
22182,xxx
22183,xxx
22184,xxx
22185,xxx
22186,xxx
22187,xxx
22188,xxx
22189,xxx
22190,xxx
22191,xxx
22192,xxx
22193,xxx
22194,xxx
22195,xxx
22196,xxx
22197,xxx
22198,xxx
22199,xxx
22200,xxx
22201,xxx
22202,xxx
22203,xxx
22204,xxx
22205,xxx
22206,xxx
22207,xxx
22208,xxx
22209,xxx
22210,xxx
22211,xxx
22212,xxx
22213,xxx
22214,xxx
22215,xxx
22216,xxx
22217,мая́ете
22218,xxx
22219,xxx
22220,xxx
22221,xxx
22222,xxx
22223,xxx
22224,xxx
22225,xxx
22226,xxx
22227,xxx
22228,xxx
22229,xxx
22230,xxx
22231,xxx
22232,xxx
22233,xxx
22234,xxx
22235,xxx
22236,xxx
22237,xxx
22238,xxx
22239,xxx
22240,xxx
22241,ме́таать
22242,мета́ли
22243,xxx
22244,xxx
22245,xxx
22246,xxx
22247,xxx
22248,xxx
22249,xxx
22250,xxx
22251,xxx
22252,xxx
22253,xxx
22254,xxx
22255,xxx
22256,xxx
22257,ми́нимизираваать
22258,минирава́лъ
22259,xxx
22260,xxx
22261,xxx
22262,xxx
22263,xxx
22264,xxx
22265,xxx
22266,xxx
22267,xxx
22268,xxx
22269,xxx
22270,xxx
22271,мабилизава́лъ
22272,маделирава́иши
22273,мо́делиравали
22274,xxx
22275,xxx
22276,xxx
22277,xxx
22278,xxx
22279,xxx
22280,xxx
22281,xxx
22282,xxx
22283,xxx
22284,xxx
22285,xxx
22286,xxx
22287,xxx
22288,xxx
22289,xxx
22290,xxx
22291,xxx
22292,xxx
22293,xxx
22294,мла́ли
22295,xxx
22296,xxx
22297,xxx
22298,xxx
22299,xxx
22300,xxx
22301,xxx
22302,xxx
22303,xxx
22304,xxx
22305,xxx
22306,мата́лъ
22307,мо́тивираваѫ
22308,xxx
22309,xxx
22310,xxx
22311,xxx
22312,xxx
22313,матыжи́ла
22314,xxx
22315,xxx
22316,xxx
22317,xxx
22318,xxx
22319,xxx
22320,xxx
22321,xxx
22322,xxx
22323,xxx
22324,xxx
22325,xxx
22326,xxx
22327,xxx
22328,xxx
22329,xxx
22330,xxx
22331,xxx
22332,xxx
22333,xxx
22334,xxx
22335,xxx
22336,xxx
22337,xxx
22338,xxx
22339,xxx
22340,xxx
22341,му́чаю
22342,му́чаимъ
22343,xxx
22344,xxx
22345,xxx
22346,xxx
22347,xxx
22348,xxx
22349,xxx
22350,xxx
22351,xxx
22352,xxx
22353,xxx
22354,xxx
22355,xxx
22356,xxx
22357,xxx
22358,мши́ла
22359,xxx
22360,xxx
22361,xxx
22362,xxx
22363,xxx
22364,xxx
22365,xxx
22366,xxx
22367,xxx
22368,xxx
22369,xxx
22370,xxx
22371,xxx
22372,xxx
22373,xxx
22374,xxx
22375,xxx
22376,xxx
22377,xxx
22378,xxx
22379,xxx
22380,набрасыва́лъ
22381,xxx
22382,xxx
22383,xxx
22384,xxx
22385,xxx
22386,xxx
22387,xxx
22388,xxx
22389,xxx
22390,xxx
22391,xxx
22392,xxx
22393,xxx
22394,xxx
22395,xxx
22396,xxx
22397,xxx
22398,xxx
22399,xxx
22400,xxx
22401,xxx
22402,xxx
22403,на́гнетаимъ
22404,xxx
22405,xxx
22406,xxx
22407,xxx
22408,xxx
22409,xxx
22410,xxx
22411,xxx
22412,xxx
22413,xxx
22414,надвизае́ть
22415,на́двизаемъ
22416,xxx
22417,на́двизаси
22418,xxx
22419,xxx
22420,xxx
22421,xxx
22422,xxx
22423,надѣляли́
22424,xxx
22425,xxx
22426,xxx
22427,надрыва́иши
22428,надстраивае́ши
22429,xxx
22430,xxx
22431,xxx
22432,xxx
22433,на́езжаемъ
22434,xxx
22435,xxx
22436,xxx
22437,xxx
22438,нажима́ла
22439,накалываѫ́
22440,накалывала́
22441,накатываѫ́ть
22442,накачивали́
22443,накидываѫ́ть
22444,xxx
22445,xxx
22446,xxx
22447,xxx
22448,xxx
22449,xxx
22450,xxx
22451,xxx
22452,xxx
22453,xxx
22454,xxx
22455,накреня́имъ
22456,xxx
22457,xxx
22458,xxx
22459,xxx
22460,xxx
22461,налавливала́
22462,xxx
22463,xxx
22464,xxx
22465,налажива́мъ
22466,налега́мъ
22467,xxx
22468,xxx
22469,xxx
22470,xxx
22471,наливаа́ть
22472,xxx
22473,xxx
22474,на́макаю
22475,намака́лъ
22476,намарщива́ѫть
22477,xxx
22478,xxx
22479,xxx
22480,xxx
22481,xxx
22482,xxx
22483,xxx
22484,xxx
22485,xxx
22486,xxx
22487,xxx
22488,xxx
22489,xxx
22490,xxx
22491,на́певаѫть
22492,напевали́
22493,xxx
22494,xxx
22495,xxx
22496,xxx
22497,xxx
22498,xxx
22499,xxx
22500,xxx
22501,xxx
22502,напуска́лъ
22503,xxx
22504,xxx
22505,нарушаи́ши
22506,xxx
22507,xxx
22508,xxx
22509,xxx
22510,xxx
22511,xxx
22512,xxx
22513,xxx
22514,населя́иши
22515,xxx
22516,xxx
22517,xxx
22518,xxx
22519,наскака́еши
22520,наслаждало́
22521,наследава́ть
22522,xxx
22523,xxx
22524,наставля́лъ
22525,xxx
22526,наставляли́
22527,настизаи́ть
22528,xxx
22529,xxx
22530,xxx
22531,наступае́те
22532,xxx
22533,насчитывали́
22534,на́сылаѫть
22535,наталкива́ла
22536,xxx
22537,xxx
22538,xxx
22539,xxx
22540,xxx
22541,xxx
22542,xxx
22543,xxx
22544,натаплива́те
22545,xxx
22546,на́таскиваать
22547,xxx
22548,натрѣнирава́лъ
22549,xxx
22550,xxx
22551,xxx
22552,втисну́ла
22553,на́усьцивать
22554,наусьцива́ла
22555,нацеливаю́
22556,нацелива́лъ
22557,на́целивала
22558,начисляа́ть
22559,начисля́ла
22560,xxx
22561,нащупыва́ѫть
22562,xxx
22563,недаумева́емъ
22564,xxx
22565,xxx
22566,xxx
22567,xxx
22568,ницелираваи́ть
22569,xxx
22570,xxx
22571,xxx
22572,xxx
22573,xxx
22574,xxx
22575,xxx
22576,xxx
22577,xxx
22578,xxx
22579,ню́хала
22580,xxx
22581,xxx
22582,xxx
22583,xxx
22584,xxx
22585,xxx
22586,xxx
22587,xxx
22588,xxx
22589,xxx
22590,xxx
22591,xxx
22592,xxx
22593,абвязыва́еть
22594,xxx
22595,xxx
22596,xxx
22597,абганяе́ть
22598,xxx
22599,xxx
22600,xxx
22601,о́бгараѫть
22602,абгрыза́ѫ
22603,абгрыза́ла
22604,xxx
22605,xxx
22606,xxx
22607,xxx
22608,xxx
22609,xxx
22610,xxx
22611,абдумывали́
22612,xxx
22613,xxx
22614,xxx
22615,xxx
22616,xxx
22617,xxx
22618,xxx
22619,xxx
22620,xxx
22621,xxx
22622,xxx
22623,xxx
22624,xxx
22625,xxx
22626,xxx
22627,абзываѫ́
22628,xxx
22629,xxx
22630,о́бкладываемъ
22631,xxx
22632,xxx
22633,xxx
22634,xxx
22635,аблезаѫ́ть
22636,xxx
22637,xxx
22638,аблекаю́
22639,xxx
22640,xxx
22641,xxx
22642,xxx
22643,xxx
22644,аблива́еть
22645,xxx
22646,xxx
22647,xxx
22648,xxx
22649,xxx
22650,xxx
22651,xxx
22652,xxx
22653,xxx
22654,xxx
22655,xxx
22656,xxx
22657,xxx
22658,xxx
22659,о́бмякаемъ
22660,xxx
22661,xxx
22662,xxx
22663,о́бнавляла
22664,xxx
22665,xxx
22666,xxx
22667,xxx
22668,xxx
22669,абагрѣва́ть
22670,абадряте́
22671,xxx
22672,xxx
22673,xxx
22674,xxx
22675,о́базначаить
22676,абарудава́ить
22677,xxx
22678,xxx
22679,xxx
22680,xxx
22681,xxx
22682,абастряло́
22683,абастря́ать
22684,xxx
22685,xxx
22686,xxx
22687,xxx
22688,о́брекать
22689,xxx
22690,xxx
22691,о́брѣмѣняете
22692,абретали́
22693,xxx
22694,xxx
22695,xxx
22696,xxx
22697,xxx
22698,xxx
22699,абрушиваси́
22700,абрушивате́
22701,xxx
22702,xxx
22703,xxx
22704,xxx
22705,xxx
22706,xxx
22707,xxx
22708,абрывала́
22709,xxx
22710,xxx
22711,xxx
22712,о́бставливалъ
22713,о́бставлялъ
22714,xxx
22715,о́бстраиваемъ
22716,xxx
22717,абступаѫ́ть
22718,о́бступала
22719,xxx
22720,xxx
22721,абсужда́еть
22722,абсуждае́мъ
22723,xxx
22724,xxx
22725,xxx
22726,xxx
22727,о́бтираать
22728,о́бтягиваю
22729,xxx
22730,xxx
22731,xxx
22732,xxx
22733,xxx
22734,xxx
22735,xxx
22736,xxx
22737,xxx
22738,xxx
22739,абуславлива́ла
22740,о́бустраивала
22741,xxx
22742,xxx
22743,о́бустраивала
22744,абустраивали́
22745,xxx
22746,абуча́ла
22747,xxx
22748,xxx
22749,xxx
22750,xxx
22751,xxx
22752,xxx
22753,абъявляси́
22754,о́бъявляѫть
22755,абъявля́ла
22756,xxx
22757,xxx
22758,xxx
22759,xxx
22760,xxx
22761,xxx
22762,xxx
22763,xxx
22764,xxx
22765,абязыва́лъ
22766,xxx
22767,о́бязываеши
22768,абязыва́лъ
22769,абязыва́ли
22770,агиба́еши
22771,xxx
22772,xxx
22773,аглядываи́мъ
22774,о́глядываите
22775,xxx
22776,аглядыва́лъ
22777,xxx
22778,xxx
22779,xxx
22780,xxx
22781,xxx
22782,xxx
22783,xxx
22784,xxx
22785,xxx
22786,xxx
22787,xxx
22788,xxx
22789,xxx
22790,xxx
22791,xxx
22792,xxx
22793,при́нюхивали
22794,xxx
22795,xxx
22796,xxx
22797,xxx
22798,xxx
22799,xxx
22800,xxx
22801,xxx
22802,xxx
22803,xxx
22804,xxx
22805,xxx
22806,азаря́иши
22807,азаря́ите
22808,аздравля́лъ
22809,xxx
22810,xxx
22811,xxx
22812,xxx
22813,акругля́ли
22814,xxx
22815,xxx
22816,xxx
22817,xxx
22818,xxx
22819,апрѣжа́ѫ
22820,апираи́мъ
22821,апирали́
22822,xxx
22823,xxx
22824,аплачива́ать
22825,xxx
22826,xxx
22827,аплачивали́
22828,xxx
22829,xxx
22830,xxx
22831,xxx
22832,xxx
22833,xxx
22834,xxx
22835,xxx
22836,xxx
22837,о́паражниваю
22838,xxx
22839,xxx
22840,апражняло́
22841,xxx
22842,апаясыва́ла
22843,xxx
22844,xxx
22845,xxx
22846,xxx
22847,xxx
22848,xxx
22849,аправля́ѫть
22850,xxx
22851,xxx
22852,xxx
22853,xxx
22854,xxx
22855,xxx
22856,xxx
22857,xxx
22858,xxx
22859,xxx
22860,xxx
22861,апресня́ли
22862,о́правергаемъ
22863,апракидывало́
22864,xxx
22865,xxx
22866,xxx
22867,xxx
22868,апублицавыва́ѫть
22869,апублицавыва́ли
22870,апуска́ла
22871,апускали́
22872,xxx
22873,о́пухала
22874,xxx
22875,xxx
22876,xxx
22877,о́риентиравамь
22878,xxx
22879,о́саждалъ
22880,о́саживате
22881,асваива́еши
22882,асваива́ете
22883,о́сваиваѫть
22884,xxx
22885,xxx
22886,асведамляи́ть
22887,xxx
22888,асвещаи́ши
22889,о́свящаемъ
22890,о́свящаите
22891,xxx
22892,xxx
22893,асека́имъ
22894,xxx
22895,асилива́мъ
22896,асиливали́
22897,аскалива́ать
22898,xxx
22899,xxx
22900,xxx
22901,xxx
22902,xxx
22903,xxx
22904,xxx
22905,xxx
22906,о́слажняимъ
22907,асматривала́
22908,о́сматривала
22909,xxx
22910,xxx
22911,асмысля́еть
22912,асмысляе́мъ
22913,асмысляло́
22914,xxx
22915,xxx
22916,о́снавывала
22917,xxx
22918,xxx
22919,xxx
22920,xxx
22921,xxx
22922,xxx
22923,xxx
22924,xxx
22925,астризаѫ́ть
22926,астужаи́ть
22927,астужа́ите
22928,о́стужала
22929,астужало́
22930,xxx
22931,атаплива́лъ
22932,xxx
22933,xxx
22934,xxx
22935,xxx
22936,xxx
22937,xxx
22938,атбрасываа́ть
22939,xxx
22940,атваживали́
22941,xxx
22942,xxx
22943,атвалива́ла
22944,xxx
22945,xxx
22946,xxx
22947,xxx
22948,xxx
22949,атвергала́
22950,xxx
22951,xxx
22952,xxx
22953,атветстваваи́мъ
22954,xxx
22955,атвёртывае́ши
22956,xxx
22957,xxx
22958,xxx
22959,атвлекаа́ть
22960,xxx
22961,xxx
22962,xxx
22963,xxx
22964,xxx
22965,xxx
22966,xxx
22967,xxx
22968,xxx
22969,атвязыва́лъ
22970,xxx
22971,xxx
22972,xxx
22973,атгаварива́ѫть
22974,атганяѫ́
22975,xxx
22976,xxx
22977,атгаражива́ли
22978,атгружаѫ́
22979,атгружа́ла
22980,xxx
22981,xxx
22982,xxx
22983,xxx
22984,xxx
22985,xxx
22986,xxx
22987,о́тделываси
22988,xxx
22989,xxx
22990,xxx
22991,xxx
22992,xxx
22993,xxx
22994,xxx
22995,атдуваю́
22996,атдува́ить
22997,xxx
22998,xxx
22999,xxx
23000,xxx
23001,атзыва́ла
23002,xxx
23003,о́тзывали
23004,xxx
23005,xxx
23006,xxx
23007,xxx
23008,xxx
23009,xxx
23010,xxx
23011,xxx
23012,о́ткланяла
23013,атключа́ла
23014,xxx
23015,xxx
23016,xxx
23017,xxx
23018,xxx
23019,xxx
23020,xxx
23021,xxx
23022,атлетаи́ть
23023,о́тлетаимъ
23024,xxx
23025,xxx
23026,о́тличали
23027,xxx
23028,xxx
23029,xxx
23030,xxx
23031,xxx
23032,xxx
23033,xxx
23034,атмыва́ѫть
23035,xxx
23036,xxx
23037,атадвиза́лъ
23038,xxx
23039,xxx
23040,о́тажѣствляеши
23041,xxx
23042,xxx
23043,xxx
23044,атпира́ла
23045,xxx
23046,о́тплываимъ
23047,xxx
23048,xxx
23049,xxx
23050,xxx
23051,xxx
23052,xxx
23053,xxx
23054,о́тпугиваѫ
23055,атпугива́ла
23056,xxx
23057,xxx
23058,xxx
23059,xxx
23060,xxx
23061,xxx
23062,xxx
23063,о́тражате
23064,xxx
23065,атрастала́
23066,xxx
23067,xxx
23068,xxx
23069,xxx
23070,xxx
23071,о́тряхивате
23072,xxx
23073,xxx
23074,атсасыва́ла
23075,атсѣка́лъ
23076,о́тсѣкала
23077,xxx
23078,xxx
23079,xxx
23080,xxx
23081,xxx
23082,xxx
23083,xxx
23084,о́тсиживали
23085,атслуживаю́
23086,xxx
23087,xxx
23088,xxx
23089,атстаива́лъ
23090,атстёгивае́ть
23091,xxx
23092,xxx
23093,xxx
23094,атстраива́ѫть
23095,xxx
23096,xxx
23097,xxx
23098,xxx
23099,атстраня́мъ
23100,xxx
23101,xxx
23102,xxx
23103,xxx
23104,xxx
23105,xxx
23106,xxx
23107,xxx
23108,xxx
23109,xxx
23110,xxx
23111,xxx
23112,xxx
23113,xxx
23114,xxx
23115,xxx
23116,xxx
23117,xxx
23118,xxx
23119,xxx
23120,xxx
23121,xxx
23122,атхлёбываи́ши
23123,xxx
23124,xxx
23125,о́тчаиваемъ
23126,xxx
23127,xxx
23128,xxx
23129,xxx
23130,xxx
23131,о́тчуждала
23132,о́тшвыривамь
23133,xxx
23134,xxx
23135,xxx
23136,xxx
23137,xxx
23138,xxx
23139,xxx
23140,xxx
23141,xxx
23142,xxx
23143,о́тягчала
23144,афармля́ю
23145,аармля́ить
23146,xxx
23147,xxx
23148,xxx
23149,xxx
23150,xxx
23151,xxx
23152,xxx
23153,xxx
23154,xxx
23155,пари́ла
23156,xxx
23157,xxx
23158,xxx
23159,xxx
23160,xxx
23161,xxx
23162,xxx
23163,xxx
23164,xxx
23165,xxx
23166,xxx
23167,xxx
23168,xxx
23169,xxx
23170,xxx
23171,прѣбира́ть
23172,xxx
23173,xxx
23174,xxx
23175,xxx
23176,xxx
23177,прѣваливала́
23178,xxx
23179,прѣвести́сьмь
23180,прѣвёртывала́
23181,xxx
23182,xxx
23183,xxx
23184,xxx
23185,xxx
23186,xxx
23187,xxx
23188,прѣгиба́лъ
23189,xxx
23190,прѣ́глядывате
23191,прѣ́глядывала
23192,прѣгаварива́си
23193,xxx
23194,xxx
23195,xxx
23196,xxx
23197,сапастави́иши
23198,xxx
23199,прѣгараживаи́ши
23200,xxx
23201,прѣгружа́лъ
23202,xxx
23203,xxx
23204,xxx
23205,xxx
23206,xxx
23207,прѣдёргива́еть
23208,xxx
23209,xxx
23210,xxx
23211,прѣ́думываѫть
23212,xxx
23213,xxx
23214,xxx
23215,прѣ́званиваѫть
23216,xxx
23217,xxx
23218,xxx
23219,xxx
23220,xxx
23221,xxx
23222,xxx
23223,xxx
23224,xxx
23225,xxx
23226,прѣкатыва́ла
23227,прѣкашиваѫ́ть
23228,прѣ́кидываете
23229,xxx
23230,прѣкидыва́ла
23231,xxx
23232,xxx
23233,xxx
23234,xxx
23235,xxx
23236,xxx
23237,xxx
23238,xxx
23239,xxx
23240,прѣкрещива́мь
23241,xxx
23242,xxx
23243,прѣкрещива́мь
23244,прѣ́крещиваѫть
23245,xxx
23246,прѣ́крываѫть
23247,xxx
23248,прѣ́лезалъ
23249,xxx
23250,прѣлива́ите
23251,xxx
23252,xxx
23253,xxx
23254,xxx
23255,xxx
23256,xxx
23257,прѣ́мещаси
23258,прѣмѣща́ю
23259,xxx
23260,xxx
23261,xxx
23262,xxx
23263,прѣ́плетаеть
23264,xxx
23265,xxx
23266,xxx
23267,xxx
23268,xxx
23269,xxx
23270,xxx
23271,прѣ́прыгиваете
23272,xxx
23273,xxx
23274,xxx
23275,прѣраста́ть
23276,xxx
23277,xxx
23278,прѣ́резываѫть
23279,прѣ́секате
23280,прѣсека́лъ
23281,xxx
23282,прѣселя́ать
23283,xxx
23284,xxx
23285,xxx
23286,xxx
23287,xxx
23288,xxx
23289,xxx
23290,xxx
23291,xxx
23292,прѣстраива́ли
23293,прѣ́считываеши
23294,xxx
23295,прѣсыха́ла
23296,xxx
23297,xxx
23298,прѣтека́мъ
23299,xxx
23300,xxx
23301,xxx
23302,прѣчёркива́лъ
23303,xxx
23304,xxx
23305,xxx
23306,xxx
23307,xxx
23308,xxx
23309,пестреѫ́
23310,пестре́ѫть
23311,xxx
23312,xxx
23313,xxx
23314,xxx
23315,пе́лъ
23316,xxx
23317,xxx
23318,xxx
23319,xxx
23320,xxx
23321,пе́чатала
23322,печьсяа́ть
23323,xxx
23324,xxx
23325,xxx
23326,xxx
23327,xxx
23328,xxx
23329,xxx
23330,xxx
23331,xxx
23332,xxx
23333,пирава́лъ
23334,xxx
23335,xxx
23336,пита́мъ
23337,xxx
23338,xxx
23339,пла́стала
23340,пла́тиемъ
23341,xxx
23342,плати́ла
23343,xxx
23344,пле́скаси
23345,xxx
23346,xxx
23347,плѣ́симъ
23348,плѣ́сите
23349,пле́стисьить
23350,xxx
23351,xxx
23352,xxx
23353,xxx
23354,xxx
23355,xxx
23356,xxx
23357,xxx
23358,xxx
23359,xxx
23360,пля́сала
23361,пабаива́ли
23362,xxx
23363,павизгива́еть
23364,по́визгиваѫть
23365,xxx
23366,пависа́ѫть
23367,xxx
23368,xxx
23369,по́вадиѫть
23370,паварачива́те
23371,xxx
23372,xxx
23373,xxx
23374,xxx
23375,xxx
23376,xxx
23377,xxx
23378,xxx
23379,xxx
23380,по́втаряла
23381,xxx
23382,xxx
23383,по́вышате
23384,xxx
23385,xxx
23386,xxx
23387,xxx
23388,xxx
23389,xxx
23390,xxx
23391,xxx
23392,по́ганяѫ
23393,xxx
23394,xxx
23395,xxx
23396,краи́имъ
23397,xxx
23398,по́гружать
23399,xxx
23400,xxx
23401,xxx
23402,xxx
23403,падавляю́
23404,xxx
23405,xxx
23406,xxx
23407,падбадря́емъ
23408,xxx
23409,xxx
23410,xxx
23411,падварачивае́те
23412,xxx
23413,xxx
23414,ра́сцелаваить
23415,xxx
23416,xxx
23417,по́дганямь
23418,xxx
23419,xxx
23420,xxx
23421,xxx
23422,xxx
23423,xxx
23424,xxx
23425,по́ддакиваѫть
23426,xxx
23427,по́ддѣрживаси
23428,xxx
23429,xxx
23430,паджарива́ли
23431,xxx
23432,xxx
23433,xxx
23434,паджина́ать
23435,xxx
23436,xxx
23437,xxx
23438,по́дкармливалъ
23439,xxx
23440,падкидываѫ́
23441,xxx
23442,xxx
23443,по́дключала
23444,xxx
23445,падкрепляло́
23446,xxx
23447,xxx
23448,xxx
23449,падкупа́ла
23450,падлажива́мъ
23451,xxx
23452,xxx
23453,падлаживали́
23454,по́длаиваеши
23455,падлаива́емъ
23456,xxx
23457,по́длакиравали
23458,падлета́ла
23459,xxx
23460,xxx
23461,падлизывало́
23462,xxx
23463,xxx
23464,xxx
23465,паднима́еть
23466,паднима́ла
23467,xxx
23468,xxx
23469,падабре́ѫ
23470,xxx
23471,xxx
23472,xxx
23473,xxx
23474,падазревала́
23475,xxx
23476,падпира́лъ
23477,падплывала́
23478,xxx
23479,падпалзало́
23480,падправляи́мъ
23481,падправля́ите
23482,xxx
23483,xxx
23484,xxx
23485,xxx
23486,падрабатыва́мь
23487,xxx
23488,xxx
23489,xxx
23490,xxx
23491,xxx
23492,xxx
23493,падсажива́ла
23494,xxx
23495,xxx
23496,xxx
23497,xxx
23498,падстраива́емъ
23499,xxx
23500,xxx
23501,xxx
23502,xxx
23503,xxx
23504,по́дступаѫть
23505,по́дсчитываимъ
23506,xxx
23507,xxx
23508,xxx
23509,xxx
23510,xxx
23511,xxx
23512,xxx
23513,xxx
23514,xxx
23515,падхватыва́ла
23516,xxx
23517,xxx
23518,xxx
23519,xxx
23520,по́дчёркиваимъ
23521,xxx
23522,xxx
23523,xxx
23524,xxx
23525,xxx
23526,xxx
23527,xxx
23528,xxx
23529,xxx
23530,xxx
23531,xxx
23532,xxx
23533,xxx
23534,xxx
23535,падшучива́ть
23536,падыма́лъ
23537,падымала́
23538,xxx
23539,xxx
23540,xxx
23541,xxx
23542,xxx
23543,xxx
23544,xxx
23545,xxx
23546,xxx
23547,xxx
23548,xxx
23549,xxx
23550,xxx
23551,xxx
23552,xxx
23553,пазабыва́ть
23554,xxx
23555,xxx
23556,пазарие́мъ
23557,xxx
23558,по́изрываю
23559,xxx
23560,xxx
23561,xxx
23562,xxx
23563,по́кланять
23564,xxx
23565,xxx
23566,xxx
23567,xxx
23568,xxx
23569,xxx
23570,xxx
23571,xxx
23572,xxx
23573,о́снащаимъ
23574,палзе́мъ
23575,xxx
23576,xxx
23577,xxx
23578,xxx
23579,xxx
23580,xxx
23581,xxx
23582,xxx
23583,xxx
23584,xxx
23585,xxx
23586,xxx
23587,xxx
23588,палулежа́ли
23589,по́лучаеши
23590,xxx
23591,xxx
23592,xxx
23593,xxx
23594,xxx
23595,xxx
23596,xxx
23597,xxx
23598,xxx
23599,xxx
23600,xxx
23601,xxx
23602,xxx
23603,xxx
23604,xxx
23605,xxx
23606,xxx
23607,xxx
23608,xxx
23609,xxx
23610,xxx
23611,xxx
23612,xxx
23613,xxx
23614,памышляли́
23615,xxx
23616,xxx
23617,xxx
23618,xxx
23619,xxx
23620,xxx
23621,по́нимамъ
23622,по́ащряси
23623,xxx
23624,папахива́ѫ
23625,папира́ить
23626,xxx
23627,xxx
23628,xxx
23629,по́правляли
23630,xxx
23631,xxx
23632,xxx
23633,папыхиваѫ́ть
23634,паражаю́
23635,парастали́
23636,по́рицаете
23637,xxx
23638,xxx
23639,пра́ите
23640,прачиѫ́ть
23641,пра́чила
23642,xxx
23643,xxx
23644,xxx
23645,xxx
23646,xxx
23647,xxx
23648,xxx
23649,xxx
23650,пархае́ши
23651,xxx
23652,пасапыва́ть
23653,xxx
23654,xxx
23655,xxx
23656,xxx
23657,xxx
23658,xxx
23659,xxx
23660,xxx
23661,по́скальзываю
23662,xxx
23663,xxx
23664,пасмеива́ѫ
23665,по́смеиваете
23666,паспева́емъ
23667,xxx
23668,xxx
23669,xxx
23670,xxx
23671,xxx
23672,xxx
23673,по́спешате
23674,паспеша́ѫть
23675,по́ставляиши
23676,xxx
23677,xxx
23678,xxx
23679,паступа́ать
23680,xxx
23681,по́тела
23682,по́тела
23683,спляса́еши
23684,xxx
23685,xxx
23686,xxx
23687,xxx
23688,xxx
23689,патягива́ла
23690,патягива́ли
23691,xxx
23692,пахища́ить
23693,xxx
23694,пачерпаи́те
23695,xxx
23696,xxx
23697,xxx
23698,пашатывае́мъ
23699,по́шатывала
23700,по́шатывать
23701,пашатыва́мъ
23702,xxx
23703,xxx
23704,xxx
23705,правиѫ́
23706,пра́вилъ
23707,xxx
23708,xxx
23709,xxx
23710,пребываи́мъ
23711,прѣ́валираваѫ
23712,xxx
23713,xxx
23714,xxx
23715,xxx
23716,xxx
23717,xxx
23718,xxx
23719,xxx
23720,xxx
23721,xxx
23722,xxx
23723,xxx
23724,xxx
23725,xxx
23726,xxx
23727,xxx
23728,xxx
23729,xxx
23730,xxx
23731,свёртывае́те
23732,xxx
23733,xxx
23734,предлага́ѫ
23735,xxx
23736,xxx
23737,xxx
23738,предназнача́мъ
23739,xxx
23740,xxx
23741,xxx
23742,xxx
23743,xxx
23744,предпалага́ете
23745,xxx
23746,xxx
23747,прѣдпринима́ла
23748,xxx
23749,пре́дусматриваси
23750,xxx
23751,xxx
23752,xxx
23753,xxx
23754,xxx
23755,xxx
23756,прѣ́кращаемъ
23757,xxx
23758,xxx
23759,xxx
23760,xxx
23761,xxx
23762,xxx
23763,xxx
23764,xxx
23765,преабража́ѫть
23766,преабража́ла
23767,xxx
23768,xxx
23769,xxx
23770,xxx
23771,пресекае́те
23772,пре́тваряла
23773,xxx
23774,xxx
23775,xxx
23776,xxx
23777,пре́ли
23778,xxx
23779,xxx
23780,xxx
23781,xxx
23782,xxx
23783,xxx
23784,xxx
23785,xxx
23786,xxx
23787,xxx
23788,xxx
23789,xxx
23790,xxx
23791,xxx
23792,xxx
23793,xxx
23794,xxx
23795,xxx
23796,xxx
23797,xxx
23798,xxx
23799,xxx
23800,xxx
23801,xxx
23802,xxx
23803,приватизирава́ла
23804,xxx
23805,xxx
23806,xxx
23807,xxx
23808,xxx
23809,xxx
23810,xxx
23811,xxx
23812,xxx
23813,xxx
23814,xxx
23815,xxx
23816,привязывае́ши
23817,xxx
23818,xxx
23819,xxx
23820,xxx
23821,xxx
23822,xxx
23823,xxx
23824,призлажива́си
23825,xxx
23826,призлаша́лъ
23827,xxx
23828,xxx
23829,xxx
23830,призлядыва́ите
23831,xxx
23832,xxx
23833,xxx
23834,xxx
23835,xxx
23836,xxx
23837,призатавлива́ла
23838,призатавливаѫ́
23839,xxx
23840,при́затавливаете
23841,xxx
23842,xxx
23843,xxx
23844,xxx
23845,xxx
23846,xxx
23847,xxx
23848,xxx
23849,xxx
23850,xxx
23851,xxx
23852,xxx
23853,xxx
23854,xxx
23855,xxx
23856,xxx
23857,xxx
23858,xxx
23859,xxx
23860,xxx
23861,xxx
23862,xxx
23863,xxx
23864,xxx
23865,xxx
23866,xxx
23867,при́дѣлываемъ
23868,xxx
23869,xxx
23870,xxx
23871,xxx
23872,придержива́ла
23873,xxx
23874,xxx
23875,xxx
23876,приезжае́ть
23877,xxx
23878,xxx
23879,xxx
23880,xxx
23881,xxx
23882,xxx
23883,xxx
23884,xxx
23885,xxx
23886,xxx
23887,xxx
23888,xxx
23889,xxx
23890,xxx
23891,xxx
23892,xxx
23893,xxx
23894,xxx
23895,xxx
23896,xxx
23897,xxx
23898,xxx
23899,xxx
23900,xxx
23901,xxx
23902,xxx
23903,при́цидывала
23904,xxx
23905,xxx
23906,xxx
23907,xxx
23908,xxx
23909,xxx
23910,xxx
23911,xxx
23912,xxx
23913,xxx
23914,xxx
23915,xxx
23916,xxx
23917,xxx
23918,xxx
23919,xxx
23920,xxx
23921,xxx
23922,xxx
23923,xxx
23924,xxx
23925,xxx
23926,xxx
23927,xxx
23928,xxx
23929,xxx
23930,xxx
23931,xxx
23932,прилагате́
23933,прилепля́еши
23934,xxx
23935,xxx
23936,xxx
23937,xxx
23938,xxx
23939,xxx
23940,xxx
23941,xxx
23942,xxx
23943,xxx
23944,xxx
23945,xxx
23946,xxx
23947,xxx
23948,xxx
23949,xxx
23950,xxx
23951,xxx
23952,xxx
23953,xxx
23954,xxx
23955,xxx
23956,xxx
23957,xxx
23958,xxx
23959,xxx
23960,xxx
23961,xxx
23962,xxx
23963,при́абщала
23964,xxx
23965,xxx
23966,xxx
23967,xxx
23968,xxx
23969,xxx
23970,xxx
23971,приастанавлива́ла
23972,xxx
23973,xxx
23974,xxx
23975,xxx
23976,xxx
23977,xxx
23978,xxx
23979,xxx
23980,xxx
23981,xxx
23982,xxx
23983,xxx
23984,xxx
23985,xxx
23986,xxx
23987,xxx
23988,xxx
23989,xxx
23990,xxx
23991,xxx
23992,xxx
23993,xxx
23994,припамина́ла
23995,xxx
23996,xxx
23997,xxx
23998,xxx
23999,xxx
24000,xxx
24001,xxx
24002,xxx
24003,xxx
24004,xxx
24005,при́сланялъ
24006,xxx
24007,xxx
24008,при́слушиваѫть
24009,присмтрива́имъ
24010,xxx
24011,xxx
24012,xxx
24013,xxx
24014,присаединяѫ́ть
24015,xxx
24016,xxx
24017,xxx
24018,xxx
24019,xxx
24020,xxx
24021,xxx
24022,xxx
24023,xxx
24024,пристава́лъ
24025,xxx
24026,xxx
24027,приставля́ѫть
24028,xxx
24029,пристрѣливало́
24030,xxx
24031,xxx
24032,xxx
24033,xxx
24034,xxx
24035,xxx
24036,xxx
24037,xxx
24038,xxx
24039,присчитыва́еши
24040,xxx
24041,xxx
24042,xxx
24043,xxx
24044,xxx
24045,xxx
24046,xxx
24047,xxx
24048,xxx
24049,притармажива́ла
24050,притармажива́ла
24051,xxx
24052,xxx
24053,xxx
24054,xxx
24055,xxx
24056,xxx
24057,xxx
24058,xxx
24059,прислапыва́еши
24060,xxx
24061,xxx
24062,xxx
24063,xxx
24064,xxx
24065,xxx
24066,xxx
24067,xxx
24068,xxx
24069,xxx
24070,xxx
24071,xxx
24072,xxx
24073,xxx
24074,xxx
24075,xxx
24076,xxx
24077,xxx
24078,xxx
24079,xxx
24080,xxx
24081,xxx
24082,xxx
24083,xxx
24084,xxx
24085,xxx
24086,при́щуриваимъ
24087,xxx
24088,xxx
24089,прищурива́еши
24090,прищурива́ете
24091,xxx
24092,xxx
24093,про́буждали
24094,xxx
24095,прабыва́ить
24096,xxx
24097,xxx
24098,xxx
24099,xxx
24100,xxx
24101,правазии́ть
24102,про́вациравала
24103,xxx
24104,про́глатывала
24105,xxx
24106,xxx
24107,прагаварива́мь
24108,xxx
24109,закапа́лъ
24110,xxx
24111,xxx
24112,xxx
24113,xxx
24114,xxx
24115,xxx
24116,xxx
24117,прагуливае́ть
24118,xxx
24119,xxx
24120,xxx
24121,праделыва́лъ
24122,xxx
24123,xxx
24124,xxx
24125,xxx
24126,xxx
24127,xxx
24128,xxx
24129,прадлева́емъ
24130,xxx
24131,xxx
24132,прадуцираваси́
24133,прадуциравала́
24134,праектиравало́
24135,праецираваю́
24136,празывало́
24137,праистѣка́лъ
24138,xxx
24139,xxx
24140,xxx
24141,про́калываемъ
24142,xxx
24143,xxx
24144,пракладываи́мъ
24145,xxx
24146,xxx
24147,про́кручивалъ
24148,xxx
24149,xxx
24150,xxx
24151,xxx
24152,xxx
24153,xxx
24154,xxx
24155,xxx
24156,пралёжива́лъ
24157,xxx
24158,про́ливала
24159,прамахивала́
24160,xxx
24161,xxx
24162,xxx
24163,xxx
24164,xxx
24165,xxx
24166,xxx
24167,про́низывалъ
24168,xxx
24169,xxx
24170,xxx
24171,xxx
24172,xxx
24173,про́ницала
24174,xxx
24175,xxx
24176,xxx
24177,xxx
24178,прапиваа́ть
24179,праписыва́мъ
24180,про́питаѫ
24181,про́питаеть
24182,xxx
24183,xxx
24184,xxx
24185,прапитывало́
24186,xxx
24187,xxx
24188,xxx
24189,xxx
24190,xxx
24191,прарѣзыва́мъ
24192,прарѣзываѫ́ть
24193,xxx
24194,xxx
24195,xxx
24196,xxx
24197,xxx
24198,xxx
24199,xxx
24200,xxx
24201,xxx
24202,прасвеща́еши
24203,прасвещала́
24204,xxx
24205,xxx
24206,xxx
24207,xxx
24208,прасижива́имъ
24209,xxx
24210,xxx
24211,xxx
24212,xxx
24213,xxx
24214,xxx
24215,xxx
24216,праскальзыва́лъ
24217,xxx
24218,xxx
24219,xxx
24220,праславля́еть
24221,праславля́лъ
24222,праслушиваи́те
24223,про́слушивала
24224,xxx
24225,xxx
24226,xxx
24227,xxx
24228,xxx
24229,xxx
24230,xxx
24231,xxx
24232,про́стаивали
24233,прастирывало́
24234,xxx
24235,xxx
24236,прастреливали́
24237,xxx
24238,xxx
24239,прастывае́мъ
24240,прасчитала́
24241,xxx
24242,xxx
24243,xxx
24244,про́сыпаѫ
24245,xxx
24246,xxx
24247,xxx
24248,xxx
24249,xxx
24250,xxx
24251,xxx
24252,xxx
24253,xxx
24254,xxx
24255,xxx
24256,xxx
24257,xxx
24258,xxx
24259,пратискива́еши
24260,пратягивали́
24261,xxx
24262,xxx
24263,xxx
24264,xxx
24265,xxx
24266,xxx
24267,xxx
24268,xxx
24269,xxx
24270,прашиба́ѫ
24271,прашиба́лъ
24272,прашивали́
24273,xxx
24274,xxx
24275,xxx
24276,xxx
24277,xxx
24278,xxx
24279,xxx
24280,xxx
24281,пряда́лъ
24282,xxx
24283,xxx
24284,xxx
24285,xxx
24286,xxx
24287,xxx
24288,xxx
24289,xxx
24290,прятало́
24291,псисава́ете
24292,публицава́ю
24293,публицаваи́ть
24294,xxx
24295,пу́гаить
24296,xxx
24297,xxx
24298,xxx
24299,xxx
24300,пусте́еши
24301,пу́ставаимъ
24302,xxx
24303,зли́ла
24304,xxx
24305,xxx
24306,xxx
24307,xxx
24308,xxx
24309,xxx
24310,xxx
24311,xxx
24312,xxx
24313,xxx
24314,xxx
24315,xxx
24316,xxx
24317,xxx
24318,xxx
24319,xxx
24320,xxx
24321,xxx
24322,xxx
24323,xxx
24324,пыта́мь
24325,xxx
24326,xxx
24327,xxx
24328,пьяни́ить
24329,xxx
24330,xxx
24331,xxx
24332,xxx
24333,xxx
24334,xxx
24335,xxx
24336,xxx
24337,xxx
24338,пяти́лъ
24339,xxx
24340,xxx
24341,xxx
24342,xxx
24343,xxx
24344,xxx
24345,xxx
24346,xxx
24347,xxx
24348,xxx
24349,xxx
24350,xxx
24351,xxx
24352,разбалтыва́те
24353,разбива́ть
24354,xxx
24355,xxx
24356,развалива́си
24357,xxx
24358,разведывала́
24359,xxx
24360,xxx
24361,xxx
24362,xxx
24363,xxx
24364,развешива́лъ
24365,развешива́ла
24366,xxx
24367,xxx
24368,xxx
24369,xxx
24370,xxx
24371,xxx
24372,xxx
24373,xxx
24374,xxx
24375,xxx
24376,xxx
24377,xxx
24378,xxx
24379,xxx
24380,ра́згавариваиши
24381,ра́зганямь
24382,разгара́лъ
24383,xxx
24384,xxx
24385,xxx
24386,xxx
24387,xxx
24388,xxx
24389,раздвиза́емъ
24390,разделя́ть
24391,xxx
24392,xxx
24393,xxx
24394,xxx
24395,xxx
24396,xxx
24397,xxx
24398,xxx
24399,раздува́ла
24400,xxx
24401,xxx
24402,разевате́
24403,ра́зевала
24404,ра́зжимаѫть
24405,ра́злагате
24406,xxx
24407,разлага́лъ
24408,xxx
24409,xxx
24410,разливае́ть
24411,xxx
24412,xxx
24413,различа́мъ
24414,ра́злучать
24415,xxx
24416,разматыва́ли
24417,xxx
24418,размахиваи́мъ
24419,xxx
24420,xxx
24421,ра́змещаѫ
24422,размётываси́
24423,размина́еши
24424,xxx
24425,размышля́имъ
24426,xxx
24427,xxx
24428,размякало́
24429,xxx
24430,разнашива́ите
24431,xxx
24432,разнимаи́ть
24433,разнимаи́те
24434,xxx
24435,xxx
24436,xxx
24437,xxx
24438,xxx
24439,xxx
24440,xxx
24441,xxx
24442,xxx
24443,xxx
24444,xxx
24445,ра́заряѫть
24446,xxx
24447,xxx
24448,ра́зарямъ
24449,xxx
24450,xxx
24451,xxx
24452,ра́зачаравывалъ
24453,xxx
24454,xxx
24455,xxx
24456,xxx
24457,xxx
24458,xxx
24459,xxx
24460,xxx
24461,xxx
24462,xxx
24463,xxx
24464,xxx
24465,xxx
24466,xxx
24467,xxx
24468,xxx
24469,разъеда́ю
24470,xxx
24471,xxx
24472,xxx
24473,ра́зъяряиши
24474,xxx
24475,xxx
24476,ра́зъяряла
24477,xxx
24478,xxx
24479,xxx
24480,xxx
24481,xxx
24482,xxx
24483,xxx
24484,xxx
24485,xxx
24486,разыскиваѫ́ть
24487,xxx
24488,xxx
24489,раскаливало́
24490,xxx
24491,xxx
24492,ра́скалывать
24493,xxx
24494,xxx
24495,ра́скапывалъ
24496,xxx
24497,xxx
24498,xxx
24499,xxx
24500,xxx
24501,ра́скачалъ
24502,раскачиваи́мъ
24503,xxx
24504,раскачиваѫ́ть
24505,xxx
24506,xxx
24507,xxx
24508,ра́скидываить
24509,ра́скидываиши
24510,раскиса́ать
24511,xxx
24512,раскладыва́ть
24513,xxx
24514,xxx
24515,xxx
24516,раскладыва́лъ
24517,xxx
24518,xxx
24519,xxx
24520,xxx
24521,xxx
24522,xxx
24523,xxx
24524,распариваи́ши
24525,распарива́ить
24526,xxx
24527,xxx
24528,xxx
24529,xxx
24530,xxx
24531,xxx
24532,xxx
24533,xxx
24534,ра́сплавлямь
24535,xxx
24536,xxx
24537,ра́сплачивала
24538,расплета́ите
24539,расплетало́
24540,xxx
24541,xxx
24542,xxx
24543,xxx
24544,xxx
24545,xxx
24546,xxx
24547,распределя́еть
24548,xxx
24549,ра́спрямляла
24550,ра́спускалъ
24551,распуска́ть
24552,xxx
24553,xxx
24554,xxx
24555,xxx
24556,xxx
24557,xxx
24558,xxx
24559,xxx
24560,рассеиваѫ́
24561,xxx
24562,xxx
24563,xxx
24564,xxx
24565,xxx
24566,xxx
24567,xxx
24568,xxx
24569,xxx
24570,ра́сставлялъ
24571,расстёгиваю́
24572,xxx
24573,xxx
24574,xxx
24575,xxx
24576,xxx
24577,xxx
24578,xxx
24579,xxx
24580,xxx
24581,xxx
24582,xxx
24583,xxx
24584,xxx
24585,растаскивали́
24586,расталкавыва́еть
24587,ра́сталкавывалъ
24588,xxx
24589,xxx
24590,xxx
24591,xxx
24592,xxx
24593,растягива́мъ
24594,ра́стягивалъ
24595,растягива́ли
24596,xxx
24597,xxx
24598,xxx
24599,xxx
24600,xxx
24601,xxx
24602,xxx
24603,рацианализиравало́
24604,xxx
24605,xxx
24606,xxx
24607,рѣ́ализаваю
24608,рѣ́ализаваать
24609,рѣализава́ла
24610,рѣ́ализавала
24611,xxx
24612,xxx
24613,xxx
24614,xxx
24615,ре́гистриравалъ
24616,xxx
24617,xxx
24618,ре́гламентираваиши
24619,xxx
24620,xxx
24621,xxx
24622,ре́дактиравали
24623,xxx
24624,xxx
24625,xxx
24626,xxx
24627,xxx
24628,xxx
24629,xxx
24630,ре́кламиравала
24631,xxx
24632,xxx
24633,рѣканструирава́ѫ
24634,xxx
24635,ре́шала
24636,рея́ла
24637,xxx
24638,xxx
24639,xxx
24640,xxx
24641,xxx
24642,xxx
24643,xxx
24644,xxx
24645,ро́ждала
24646,xxx
24647,ро́ждаить
24648,xxx
24649,xxx
24650,xxx
24651,xxx
24652,xxx
24653,xxx
24654,xxx
24655,xxx
24656,xxx
24657,xxx
24658,xxx
24659,xxx
24660,xxx
24661,xxx
24662,xxx
24663,xxx
24664,xxx
24665,xxx
24666,xxx
24667,xxx
24668,xxx
24669,ру́гаѫть
24670,xxx
24671,xxx
24672,xxx
24673,xxx
24674,xxx
24675,xxx
24676,xxx
24677,xxx
24678,xxx
24679,xxx
24680,xxx
24681,xxx
24682,xxx
24683,xxx
24684,xxx
24685,xxx
24686,xxx
24687,xxx
24688,xxx
24689,xxx
24690,xxx
24691,рыбачи́лъ
24692,xxx
24693,xxx
24694,рыда́ть
24695,рявкали́
24696,са́дию
24697,xxx
24698,xxx
24699,xxx
24700,xxx
24701,xxx
24702,преградии́ши
24703,xxx
24704,xxx
24705,xxx
24706,xxx
24707,xxx
24708,xxx
24709,xxx
24710,xxx
24711,xxx
24712,xxx
24713,xxx
24714,xxx
24715,xxx
24716,xxx
24717,све́шивала
24718,xxx
24719,xxx
24720,xxx
24721,xxx
24722,свёртыва́еть
24723,xxx
24724,xxx
24725,свёртываю́
24726,свёртыва́иши
24727,xxx
24728,xxx
24729,свива́еть
24730,xxx
24731,xxx
24732,xxx
24733,xxx
24734,xxx
24735,xxx
24736,xxx
24737,свистало́
24738,свисте́ла
24739,xxx
24740,xxx
24741,xxx
24742,xxx
24743,xxx
24744,xxx
24745,xxx
24746,xxx
24747,xxx
24748,сво́рачивала
24749,xxx
24750,сгибали́
24751,xxx
24752,сгибали́
24753,xxx
24754,xxx
24755,xxx
24756,xxx
24757,заплета́ла
24758,xxx
24759,xxx
24760,xxx
24761,сгреба́ла
24762,сгуща́имъ
24763,xxx
24764,xxx
24765,xxx
24766,xxx
24767,xxx
24768,xxx
24769,xxx
24770,xxx
24771,xxx
24772,сдержива́лъ
24773,сдёргиваю́
24774,xxx
24775,xxx
24776,xxx
24777,xxx
24778,сди́раать
24779,xxx
24780,xxx
24781,xxx
24782,xxx
24783,сдыха́иши
24784,xxx
24785,xxx
24786,xxx
24787,xxx
24788,xxx
24789,xxx
24790,xxx
24791,xxx
24792,xxx
24793,xxx
24794,xxx
24795,xxx
24796,xxx
24797,xxx
24798,xxx
24799,xxx
24800,срѣ́брию
24801,xxx
24802,xxx
24803,xxx
24804,xxx
24805,xxx
24806,xxx
24807,xxx
24808,xxx
24809,сѣ́тавала
24810,xxx
24811,сё́рбаѫ
24812,xxx
24813,сёрпало́
24814,xxx
24815,xxx
24816,xxx
24817,xxx
24818,xxx
24819,xxx
24820,xxx
24821,xxx
24822,xxx
24823,xxx
24824,xxx
24825,xxx
24826,xxx
24827,xxx
24828,xxx
24829,сипе́лъ
24830,си́ратела
24831,xxx
24832,xxx
24833,xxx
24834,xxx
24835,xxx
24836,xxx
24837,скаплива́еши
24838,xxx
24839,ска́пливалъ
24840,xxx
24841,xxx
24842,xxx
24843,скатыва́си
24844,xxx
24845,xxx
24846,xxx
24847,xxx
24848,скачивае́ши
24849,xxx
24850,xxx
24851,xxx
24852,xxx
24853,xxx
24854,xxx
24855,xxx
24856,xxx
24857,xxx
24858,xxx
24859,xxx
24860,xxx
24861,xxx
24862,xxx
24863,xxx
24864,скалачива́ите
24865,xxx
24866,xxx
24867,xxx
24868,xxx
24869,xxx
24870,xxx
24871,ско́плялъ
24872,xxx
24873,скарбеи́мъ
24874,xxx
24875,xxx
24876,xxx
24877,xxx
24878,xxx
24879,xxx
24880,скре́щивала
24881,скри́пеѫ
24882,xxx
24883,xxx
24884,xxx
24885,xxx
24886,xxx
24887,xxx
24888,xxx
24889,xxx
24890,xxx
24891,xxx
24892,xxx
24893,xxx
24894,скупа́ить
24895,xxx
24896,xxx
24897,xxx
24898,слави́мь
24899,xxx
24900,xxx
24901,слави́ла
24902,xxx
24903,xxx
24904,xxx
24905,xxx
24906,слага́ла
24907,сла́си
24908,xxx
24909,xxx
24910,xxx
24911,xxx
24912,xxx
24913,xxx
24914,xxx
24915,xxx
24916,xxx
24917,xxx
24918,xxx
24919,xxx
24920,xxx
24921,xxx
24922,слипа́мъ
24923,xxx
24924,xxx
24925,xxx
24926,xxx
24927,xxx
24928,xxx
24929,сланяло́
24930,xxx
24931,xxx
24932,xxx
24933,xxx
24934,xxx
24935,xxx
24936,xxx
24937,xxx
24938,сма́хиваить
24939,смахиваи́мъ
24940,xxx
24941,xxx
24942,смекала́
24943,xxx
24944,xxx
24945,xxx
24946,xxx
24947,xxx
24948,xxx
24949,xxx
24950,xxx
24951,xxx
24952,xxx
24953,xxx
24954,xxx
24955,xxx
24956,xxx
24957,xxx
24958,смеща́ть
24959,xxx
24960,xxx
24961,xxx
24962,смарка́ла
24963,xxx
24964,xxx
24965,xxx
24966,xxx
24967,xxx
24968,xxx
24969,смыкате́
24970,xxx
24971,смыкало́
24972,xxx
24973,xxx
24974,xxx
24975,xxx
24976,xxx
24977,xxx
24978,xxx
24979,xxx
24980,xxx
24981,xxx
24982,xxx
24983,xxx
24984,снабжаи́ши
24985,снабжали́
24986,снижа́ла
24987,сни́жали
24988,xxx
24989,xxx
24990,xxx
24991,xxx
24992,xxx
24993,xxx
24994,снава́лъ
24995,xxx
24996,xxx
24997,xxx
24998,xxx
24999,xxx
25000,xxx
25001,xxx
25002,xxx
25003,сагласавывало́
25004,xxx
25005,xxx
25006,xxx
25007,xxx
25008,со́держала
25009,xxx
25010,xxx
25011,xxx
25012,xxx
25013,xxx
25014,xxx
25015,со́зерцаиши
25016,сазнавало́
25017,xxx
25018,xxx
25019,xxx
25020,xxx
25021,сакруша́мь
25022,xxx
25023,xxx
25024,xxx
25025,xxx
25026,саабщаи́те
25027,xxx
25028,сааружа́лъ
25029,xxx
25030,xxx
25031,xxx
25032,xxx
25033,xxx
25034,xxx
25035,xxx
25036,со́прѣживала
25037,xxx
25038,xxx
25039,xxx
25040,xxx
25041,xxx
25042,xxx
25043,xxx
25044,xxx
25045,сапряга́мъ
25046,xxx
25047,xxx
25048,xxx
25049,саревнава́мь
25050,xxx
25051,xxx
25052,xxx
25053,xxx
25054,xxx
25055,xxx
25056,со́скакивали
25057,xxx
25058,xxx
25059,xxx
25060,сасущѣствава́ли
25061,со́трясала
25062,xxx
25063,xxx
25064,xxx
25065,xxx
25066,xxx
25067,со́храняѫ
25068,xxx
25069,xxx
25070,xxx
25071,xxx
25072,xxx
25073,xxx
25074,xxx
25075,xxx
25076,xxx
25077,xxx
25078,xxx
25079,xxx
25080,xxx
25081,xxx
25082,спада́мъ
25083,спа́саать
25084,xxx
25085,xxx
25086,xxx
25087,xxx
25088,xxx
25089,xxx
25090,xxx
25091,xxx
25092,xxx
25093,xxx
25094,xxx
25095,xxx
25096,xxx
25097,xxx
25098,xxx
25099,xxx
25100,сплачива́ить
25101,xxx
25102,xxx
25103,xxx
25104,xxx
25105,xxx
25106,xxx
25107,xxx
25108,спатыкали́
25109,xxx
25110,xxx
25111,xxx
25112,xxx
25113,спрягае́мъ
25114,xxx
25115,xxx
25116,спря́гала
25117,xxx
25118,xxx
25119,xxx
25120,xxx
25121,сра́жалъ
25122,xxx
25123,xxx
25124,сра́стала
25125,xxx
25126,xxx
25127,xxx
25128,xxx
25129,xxx
25130,xxx
25131,xxx
25132,xxx
25133,xxx
25134,xxx
25135,xxx
25136,xxx
25137,xxx
25138,xxx
25139,xxx
25140,xxx
25141,xxx
25142,xxx
25143,старила́
25144,xxx
25145,стаскива́лъ
25146,стѣ́каемъ
25147,xxx
25148,xxx
25149,xxx
25150,xxx
25151,xxx
25152,стенае́ть
25153,xxx
25154,xxx
25155,xxx
25156,xxx
25157,стесняю́
25158,xxx
25159,xxx
25160,xxx
25161,xxx
25162,xxx
25163,xxx
25164,xxx
25165,xxx
25166,xxx
25167,стисате́
25168,xxx
25169,xxx
25170,xxx
25171,сто́лбѣнѣли
25172,xxx
25173,стражи́еть
25174,xxx
25175,xxx
25176,стра́щаите
25177,стрѣля́лъ
25178,xxx
25179,xxx
25180,xxx
25181,xxx
25182,стреля́лъ
25183,стреля́ли
25184,xxx
25185,xxx
25186,xxx
25187,xxx
25188,стрии́ши
25189,xxx
25190,xxx
25191,xxx
25192,стру́галъ
25193,xxx
25194,xxx
25195,xxx
25196,xxx
25197,стряса́лъ
25198,xxx
25199,xxx
25200,xxx
25201,xxx
25202,xxx
25203,xxx
25204,стука́си
25205,xxx
25206,xxx
25207,xxx
25208,стука́ли
25209,стука́лъ
25210,xxx
25211,xxx
25212,xxx
25213,xxx
25214,xxx
25215,xxx
25216,сты́ла
25217,стягива́ѫ
25218,xxx
25219,сублимирава́ть
25220,xxx
25221,xxx
25222,xxx
25223,xxx
25224,xxx
25225,xxx
25226,xxx
25227,xxx
25228,xxx
25229,xxx
25230,xxx
25231,xxx
25232,xxx
25233,xxx
25234,xxx
25235,xxx
25236,xxx
25237,xxx
25238,су́ммираваемъ
25239,xxx
25240,xxx
25241,xxx
25242,xxx
25243,xxx
25244,xxx
25245,xxx
25246,xxx
25247,xxx
25248,xxx
25249,xxx
25250,xxx
25251,xxx
25252,xxx
25253,xxx
25254,xxx
25255,xxx
25256,xxx
25257,xxx
25258,сце́пляла
25259,сце́пляли
25260,сцепляю́
25261,xxx
25262,xxx
25263,xxx
25264,xxx
25265,xxx
25266,xxx
25267,xxx
25268,xxx
25269,xxx
25270,xxx
25271,xxx
25272,xxx
25273,xxx
25274,xxx
25275,xxx
25276,xxx
25277,xxx
25278,xxx
25279,xxx
25280,xxx
25281,сы́паеши
25282,xxx
25283,xxx
25284,xxx
25285,xxx
25286,xxx
25287,xxx
25288,xxx
25289,xxx
25290,xxx
25291,xxx
25292,xxx
25293,xxx
25294,xxx
25295,xxx
25296,xxx
25297,xxx
25298,xxx
25299,xxx
25300,xxx
25301,xxx
25302,та́саваеть
25303,xxx
25304,тащие́мъ
25305,xxx
25306,xxx
25307,тащие́мъ
25308,xxx
25309,xxx
25310,xxx
25311,xxx
25312,xxx
25313,xxx
25314,xxx
25315,xxx
25316,терзае́те
25317,xxx
25318,xxx
25319,xxx
25320,xxx
25321,xxx
25322,xxx
25323,xxx
25324,xxx
25325,xxx
25326,xxx
25327,xxx
25328,xxx
25329,xxx
25330,xxx
25331,xxx
25332,xxx
25333,xxx
25334,ткали́
25335,xxx
25336,xxx
25337,тлѣ́имъ
25338,xxx
25339,xxx
25340,xxx
25341,xxx
25342,xxx
25343,xxx
25344,xxx
25345,xxx
25346,xxx
25347,xxx
25348,xxx
25349,xxx
25350,xxx
25351,xxx
25352,xxx
25353,xxx
25354,xxx
25355,xxx
25356,тапарщие́те
25357,xxx
25358,xxx
25359,таргава́лъ
25360,таржестваваю́
25361,то́ржестваваимъ
25362,тармази́ете
25363,xxx
25364,xxx
25365,xxx
25366,xxx
25367,xxx
25368,xxx
25369,xxx
25370,трапи́ла
25371,то́рчаѫ
25372,xxx
25373,xxx
25374,xxx
25375,xxx
25376,xxx
25377,транслиравате́
25378,xxx
25379,xxx
25380,xxx
25381,xxx
25382,xxx
25383,xxx
25384,xxx
25385,xxx
25386,xxx
25387,xxx
25388,xxx
25389,xxx
25390,тра́нсфармираваѫ
25391,трати́ла
25392,xxx
25393,xxx
25394,xxx
25395,треважи́ѫть
25396,xxx
25397,xxx
25398,трезве́лъ
25399,xxx
25400,тренажие́ши
25401,xxx
25402,xxx
25403,xxx
25404,xxx
25405,трепа́си
25406,xxx
25407,xxx
25408,xxx
25409,xxx
25410,xxx
25411,xxx
25412,xxx
25413,тро́гаать
25414,xxx
25415,xxx
25416,xxx
25417,xxx
25418,xxx
25419,xxx
25420,xxx
25421,xxx
25422,xxx
25423,xxx
25424,xxx
25425,xxx
25426,xxx
25427,xxx
25428,xxx
25429,xxx
25430,xxx
25431,xxx
25432,xxx
25433,xxx
25434,xxx
25435,xxx
25436,xxx
25437,xxx
25438,xxx
25439,xxx
25440,xxx
25441,xxx
25442,xxx
25443,xxx
25444,xxx
25445,xxx
25446,тявка́иши
25447,тя́гатею
25448,тя́гатеимъ
25449,тяжѣлѣю́
25450,xxx
25451,xxx
25452,xxx
25453,xxx
25454,xxx
25455,xxx
25456,xxx
25457,xxx
25458,xxx
25459,xxx
25460,xxx
25461,xxx
25462,xxx
25463,xxx
25464,xxx
25465,xxx
25466,xxx
25467,xxx
25468,xxx
25469,xxx
25470,xxx
25471,xxx
25472,xxx
25473,xxx
25474,xxx
25475,xxx
25476,xxx
25477,xxx
25478,xxx
25479,xxx
25480,xxx
25481,у́виваимъ
25482,xxx
25483,xxx
25484,xxx
25485,xxx
25486,xxx
25487,xxx
25488,xxx
25489,xxx
25490,у́влажнямъ
25491,xxx
25492,xxx
25493,xxx
25494,xxx
25495,xxx
25496,xxx
25497,xxx
25498,xxx
25499,xxx
25500,xxx
25501,xxx
25502,xxx
25503,xxx
25504,xxx
25505,xxx
25506,xxx
25507,xxx
25508,xxx
25509,xxx
25510,xxx
25511,xxx
25512,xxx
25513,уделя́ла
25514,xxx
25515,удерживала́
25516,xxx
25517,xxx
25518,xxx
25519,xxx
25520,xxx
25521,xxx
25522,xxx
25523,xxx
25524,xxx
25525,xxx
25526,xxx
25527,xxx
25528,xxx
25529,xxx
25530,xxx
25531,xxx
25532,xxx
25533,xxx
25534,xxx
25535,xxx
25536,xxx
25537,xxx
25538,xxx
25539,xxx
25540,xxx
25541,удасуживаѫ́
25542,у́дасуживаемъ
25543,xxx
25544,xxx
25545,xxx
25546,xxx
25547,xxx
25548,xxx
25549,xxx
25550,xxx
25551,xxx
25552,xxx
25553,xxx
25554,xxx
25555,xxx
25556,xxx
25557,xxx
25558,xxx
25559,xxx
25560,xxx
25561,xxx
25562,у́лучаить
25563,улучаи́мъ
25564,улуча́ите
25565,xxx
25566,xxx
25567,xxx
25568,xxx
25569,xxx
25570,xxx
25571,xxx
25572,xxx
25573,xxx
25574,xxx
25575,xxx
25576,у́нижаить
25577,xxx
25578,xxx
25579,xxx
25580,xxx
25581,унимаа́ть
25582,xxx
25583,xxx
25584,xxx
25585,xxx
25586,xxx
25587,xxx
25588,xxx
25589,xxx
25590,xxx
25591,xxx
25592,xxx
25593,xxx
25594,xxx
25595,уплачива́иши
25596,xxx
25597,xxx
25598,xxx
25599,xxx
25600,xxx
25601,xxx
25602,xxx
25603,xxx
25604,xxx
25605,xxx
25606,xxx
25607,xxx
25608,xxx
25609,xxx
25610,xxx
25611,xxx
25612,xxx
25613,xxx
25614,xxx
25615,xxx
25616,xxx
25617,xxx
25618,xxx
25619,у́рѣзывамь
25620,xxx
25621,xxx
25622,у́сеиваиши
25623,усеиваи́мъ
25624,xxx
25625,xxx
25626,усилива́ли
25627,xxx
25628,xxx
25629,xxx
25630,уславлива́ли
25631,xxx
25632,xxx
25633,услужива́ли
25634,xxx
25635,xxx
25636,xxx
25637,xxx
25638,xxx
25639,xxx
25640,xxx
25641,xxx
25642,xxx
25643,xxx
25644,xxx
25645,xxx
25646,xxx
25647,xxx
25648,xxx
25649,xxx
25650,xxx
25651,xxx
25652,xxx
25653,устрашало́
25654,xxx
25655,xxx
25656,у́сугублямь
25657,усугубля́мъ
25658,xxx
25659,xxx
25660,xxx
25661,xxx
25662,xxx
25663,xxx
25664,xxx
25665,xxx
25666,xxx
25667,xxx
25668,xxx
25669,xxx
25670,xxx
25671,утека́мь
25672,xxx
25673,xxx
25674,xxx
25675,xxx
25676,xxx
25677,xxx
25678,xxx
25679,xxx
25680,xxx
25681,утрачива́ить
25682,xxx
25683,xxx
25684,xxx
25685,xxx
25686,xxx
25687,xxx
25688,xxx
25689,xxx
25690,xxx
25691,xxx
25692,xxx
25693,xxx
25694,xxx
25695,xxx
25696,xxx
25697,фабрицавала́
25698,фа́нтазираваите
25699,фи́зурираваить
25700,xxx
25701,xxx
25702,xxx
25703,фи́нансираваимъ
25704,xxx
25705,xxx
25706,xxx
25707,xxx
25708,xxx
25709,xxx
25710,xxx
25711,фармираваа́ть
25712,xxx
25713,xxx
25714,xxx
25715,халтури́мъ
25716,xxx
25717,хами́ть
25718,xxx
25719,xxx
25720,xxx
25721,xxx
25722,xxx
25723,xxx
25724,xxx
25725,xxx
25726,хитрии́те
25727,хлеста́мъ
25728,xxx
25729,xxx
25730,хлапала́
25731,xxx
25732,xxx
25733,xxx
25734,xxx
25735,xxx
25736,xxx
25737,xxx
25738,xxx
25739,хму́рили
25740,хазяйничала́
25741,хазяйствава́мь
25742,хо́зяйствавате
25743,xxx
25744,xxx
25745,xxx
25746,xxx
25747,xxx
25748,xxx
25749,xxx
25750,xxx
25751,xxx
25752,xxx
25753,xxx
25754,xxx
25755,xxx
25756,це́нилъ
25757,xxx
25758,чести́лъ
25759,xxx
25760,xxx
25761,xxx
25762,чистиѫ́ть
25763,xxx
25764,xxx
25765,xxx
25766,xxx
25767,шва́ртаваѫ
25768,шва́ртаваете
25769,xxx
25770,xxx
25771,ширили́
25772,xxx
25773,шлифаваѫ́ть
25774,шлифавали́
25775,xxx
25776,xxx
25777,xxx
25778,xxx
25779,xxx
25780,xxx
25781,xxx
25782,xxx
25783,xxx
25784,xxx
25785,xxx
25786,э́ксплуатираваю
25787,xxx
25788,xxx
25789,xxx
25790,эмалиравало́
25791,xxx
25792,xxx
25793,xxx
25794,xxx
25795,xxx
25796,xxx
25797,xxx
25798,xxx
25799,яри́ите
25800,аи́дамь
25801,xxx
25802,xxx
25803,неметчи́на
25804,неметчи́ны
25805,xxx
25806,xxx
25807,xxx
25808,xxx
25809,xxx
25810,xxx
25811,xxx
25812,xxx
25813,xxx
25814,предвиде́еть
25815,xxx
25816,xxx
25817,xxx
25818,xxx
25819,xxx
25820,ба́с
25821,xxx
25822,ба́сы
25823,бабёро́мъ
25824,xxx
25825,xxx
25826,xxx
25827,xxx
25828,xxx
25829,xxx
25830,xxx
25831,xxx
25832,xxx
25833,xxx
25834,xxx
25835,xxx
25836,xxx
25837,xxx
25838,xxx
25839,xxx
25840,xxx
25841,xxx
25842,xxx
25843,xxx
25844,xxx
25845,xxx
25846,xxx
25847,xxx
25848,xxx
25849,xxx
25850,xxx
25851,xxx
25852,xxx
25853,xxx
25854,xxx
25855,гандо́намъ
25856,гѣнѣрала́
25857,xxx
25858,ги́брид
25859,гибри́ды
25860,глухари́
25861,xxx
25862,xxx
25863,xxx
25864,xxx
25865,xxx
25866,гандани́
25867,xxx
25868,xxx
25869,xxx
25870,xxx
25871,xxx
25872,xxx
25873,xxx
25874,xxx
25875,xxx
25876,xxx
25877,xxx
25878,xxx
25879,xxx
25880,дѣмбѣ́льѭ
25881,xxx
25882,детекти́ву
25883,xxx
25884,детекти́в
25885,xxx
25886,xxx
25887,xxx
25888,дуба́
25889,ду́би
25890,xxx
25891,ё́ршъ
25892,ё́ршѣхъ
25893,xxx
25894,xxx
25895,xxx
25896,xxx
25897,xxx
25898,xxx
25899,xxx
25900,xxx
25901,xxx
25902,зайчицѣ́
25903,интерпретатары́
25904,истребите́льмъ
25905,xxx
25906,xxx
25907,xxx
25908,xxx
25909,xxx
25910,xxx
25911,катра́н
25912,xxx
25913,xxx
25914,ша́ласътьмъ
25915,xxx
25916,xxx
25917,xxx
25918,xxx
25919,xxx
25920,xxx
25921,xxx
25922,xxx
25923,xxx
25924,xxx
25925,xxx
25926,xxx
25927,ко́ндару
25928,xxx
25929,xxx
25930,xxx
25931,xxx
25932,xxx
25933,xxx
25934,xxx
25935,xxx
25936,xxx
25937,xxx
25938,карса́ры
25939,xxx
25940,xxx
25941,xxx
25942,xxx
25943,xxx
25944,xxx
25945,xxx
25946,xxx
25947,xxx
25948,xxx
25949,xxx
25950,xxx
25951,xxx
25952,кускусѣ́
25953,куску́с
25954,xxx
25955,лещѣ́хъ
25956,xxx
25957,ло́пуха
25958,лапу́хи
25959,xxx
25960,xxx
25961,xxx
25962,xxx
25963,xxx
25964,xxx
25965,минта́у
25966,ми́нта
25967,xxx
25968,xxx
25969,xxx
25970,xxx
25971,xxx
25972,xxx
25973,xxx
25974,xxx
25975,но́чници
25976,xxx
25977,xxx
25978,xxx
25979,xxx
25980,xxx
25981,xxx
25982,xxx
25983,пайнте́рамь
25984,xxx
25985,пайнте́ры
25986,xxx
25987,xxx
25988,прями́ц
25989,xxx
25990,xxx
25991,xxx
25992,xxx
25993,xxx
25994,xxx
25995,xxx
25996,xxx
25997,xxx
25998,пустацве́т
25999,радицала́
26000,xxx
26001,xxx
26002,xxx
26003,xxx
26004,xxx
26005,xxx
26006,xxx
26007,xxx
26008,xxx
26009,xxx
26010,xxx
26011,xxx
26012,xxx
26013,xxx
26014,xxx
26015,xxx
26016,xxx
26017,xxx
26018,xxx
26019,xxx
26020,xxx
26021,саво́ки
26022,xxx
26023,xxx
26024,стартё́ру
26025,xxx
26026,xxx
26027,xxx
26028,xxx
26029,сталпѣ́
26030,xxx
26031,xxx
26032,ти́п
26033,угальщи́ц
26034,угальщицѣ́хъ
26035,xxx
26036,xxx
26037,xxx
26038,xxx
26039,xxx
26040,xxx
26041,xxx
26042,xxx
26043,xxx
26044,xxx
26045,xxx
26046,xxx
26047,xxx
26048,xxx
26049,xxx
26050,xxx
26051,xxx
26052,шахѣ́
26053,xxx
26054,xxx
26055,xxx
26056,языкы́
26057,xxx
26058,xxx
26059,xxx
26060,xxx
26061,xxx
26062,xxx
26063,благаслави́ли
26064,xxx
26065,xxx
26066,xxx
26067,xxx
26068,xxx
26069,xxx
26070,xxx
26071,xxx
26072,xxx
26073,xxx
26074,xxx
26075,xxx
26076,xxx
26077,xxx
26078,xxx
26079,xxx
26080,xxx
26081,xxx
26082,xxx
26083,xxx
26084,xxx
26085,xxx
26086,ввя́знула
26087,xxx
26088,xxx
26089,xxx
26090,xxx
26091,вдави́мъ
26092,xxx
26093,xxx
26094,xxx
26095,xxx
26096,xxx
26097,xxx
26098,xxx
26099,xxx
26100,взбежа́лъ
26101,xxx
26102,xxx
26103,xxx
26104,xxx
26105,xxx
26106,xxx
26107,xxx
26108,xxx
26109,xxx
26110,xxx
26111,xxx
26112,xxx
26113,xxx
26114,xxx
26115,xxx
26116,xxx
26117,xxx
26118,xxx
26119,xxx
26120,xxx
26121,xxx
26122,xxx
26123,xxx
26124,xxx
26125,xxx
26126,xxx
26127,взвы́ть
26128,xxx
26129,xxx
26130,xxx
26131,xxx
26132,xxx
26133,xxx
26134,xxx
26135,xxx
26136,xxx
26137,xxx
26138,xxx
26139,xxx
26140,взло́мали
26141,взлахмати́иши
26142,xxx
26143,xxx
26144,xxx
26145,xxx
26146,xxx
26147,xxx
26148,xxx
26149,xxx
26150,xxx
26151,xxx
26152,xxx
26153,xxx
26154,xxx
26155,xxx
26156,xxx
26157,xxx
26158,xxx
26159,xxx
26160,xxx
26161,xxx
26162,xxx
26163,взревели́
26164,взры́еши
26165,xxx
26166,xxx
26167,xxx
26168,xxx
26169,xxx
26170,xxx
26171,xxx
26172,xxx
26173,xxx
26174,xxx
26175,xxx
26176,xxx
26177,xxx
26178,xxx
26179,xxx
26180,xxx
26181,xxx
26182,xxx
26183,xxx
26184,xxx
26185,xxx
26186,xxx
26187,xxx
26188,xxx
26189,xxx
26190,xxx
26191,xxx
26192,xxx
26193,xxx
26194,xxx
26195,влиѫ́
26196,влиѫ́ть
26197,xxx
26198,xxx
26199,xxx
26200,xxx
26201,xxx
26202,вмаза́лъ
26203,xxx
26204,xxx
26205,xxx
26206,xxx
26207,xxx
26208,xxx
26209,xxx
26210,xxx
26211,вавле́еть
26212,xxx
26213,xxx
26214,вагна́ла
26215,xxx
26216,во́звысию
26217,xxx
26218,xxx
26219,xxx
26220,xxx
26221,во́звысила
26222,xxx
26223,xxx
26224,xxx
26225,xxx
26226,xxx
26227,xxx
26228,xxx
26229,xxx
26230,xxx
26231,ваззвала́
26232,xxx
26233,xxx
26234,xxx
26235,xxx
26236,xxx
26237,xxx
26238,xxx
26239,xxx
26240,xxx
26241,xxx
26242,xxx
26243,xxx
26244,xxx
26245,варва́ите
26246,xxx
26247,xxx
26248,xxx
26249,xxx
26250,xxx
26251,во́спративиемъ
26252,xxx
26253,xxx
26254,xxx
26255,xxx
26256,xxx
26257,xxx
26258,xxx
26259,xxx
26260,xxx
26261,xxx
26262,xxx
26263,xxx
26264,xxx
26265,xxx
26266,xxx
26267,xxx
26268,xxx
26269,xxx
26270,xxx
26271,вписа́ѫть
26272,xxx
26273,вписало́
26274,xxx
26275,xxx
26276,xxx
26277,xxx
26278,xxx
26279,xxx
26280,xxx
26281,xxx
26282,xxx
26283,xxx
26284,вскарабкали́
26285,xxx
26286,xxx
26287,xxx
26288,xxx
26289,xxx
26290,xxx
26291,xxx
26292,xxx
26293,xxx
26294,xxx
26295,xxx
26296,xxx
26297,вски́пятиите
26298,xxx
26299,xxx
26300,xxx
26301,xxx
26302,xxx
26303,xxx
26304,xxx
26305,xxx
26306,xxx
26307,xxx
26308,xxx
26309,вслуша́ла
26310,xxx
26311,xxx
26312,xxx
26313,xxx
26314,xxx
26315,xxx
26316,xxx
26317,xxx
26318,xxx
26319,всплы́ла
26320,xxx
26321,xxx
26322,xxx
26323,xxx
26324,xxx
26325,xxx
26326,xxx
26327,xxx
26328,встави́ть
26329,встави́ла
26330,встави́ли
26331,xxx
26332,xxx
26333,xxx
26334,xxx
26335,xxx
26336,xxx
26337,xxx
26338,xxx
26339,xxx
26340,xxx
26341,xxx
26342,xxx
26343,xxx
26344,xxx
26345,xxx
26346,xxx
26347,xxx
26348,xxx
26349,xxx
26350,xxx
26351,xxx
26352,xxx
26353,втискаа́ть
26354,xxx
26355,xxx
26356,xxx
26357,xxx
26358,xxx
26359,xxx
26360,xxx
26361,xxx
26362,xxx
26363,xxx
26364,xxx
26365,xxx
26366,xxx
26367,xxx
26368,xxx
26369,xxx
26370,xxx
26371,xxx
26372,xxx
26373,xxx
26374,въеха́лъ
26375,xxx
26376,xxx
26377,xxx
26378,xxx
26379,xxx
26380,xxx
26381,xxx
26382,xxx
26383,xxx
26384,xxx
26385,xxx
26386,вываля́иши
26387,вы́валяли
26388,xxx
26389,xxx
26390,xxx
26391,xxx
26392,xxx
26393,xxx
26394,xxx
26395,xxx
26396,xxx
26397,xxx
26398,xxx
26399,xxx
26400,xxx
26401,xxx
26402,xxx
26403,xxx
26404,налажива́ѫть
26405,xxx
26406,вывести́сьѫть
26407,xxx
26408,вы́глянули
26409,xxx
26410,выгре́семъ
26411,xxx
26412,выгрузи́ла
26413,xxx
26414,xxx
26415,xxx
26416,выдавило́
26417,вы́даище
26418,выдаа́ть
26419,xxx
26420,xxx
26421,xxx
26422,xxx
26423,xxx
26424,выдвину́ла
26425,xxx
26426,xxx
26427,xxx
26428,xxx
26429,xxx
26430,xxx
26431,xxx
26432,xxx
26433,xxx
26434,xxx
26435,xxx
26436,xxx
26437,xxx
26438,xxx
26439,xxx
26440,выдра́лъ
26441,xxx
26442,xxx
26443,xxx
26444,xxx
26445,xxx
26446,xxx
26447,xxx
26448,xxx
26449,xxx
26450,вызвае́мъ
26451,xxx
26452,xxx
26453,вызва́ли
26454,выиска́ла
26455,выказа́ла
26456,xxx
26457,xxx
26458,xxx
26459,xxx
26460,xxx
26461,xxx
26462,вы́ключила
26463,xxx
26464,xxx
26465,xxx
26466,xxx
26467,xxx
26468,xxx
26469,xxx
26470,xxx
26471,xxx
26472,выкури́еши
26473,выкури́ла
26474,xxx
26475,xxx
26476,xxx
26477,xxx
26478,xxx
26479,xxx
26480,xxx
26481,xxx
26482,xxx
26483,xxx
26484,xxx
26485,xxx
26486,xxx
26487,xxx
26488,xxx
26489,xxx
26490,xxx
26491,xxx
26492,xxx
26493,xxx
26494,xxx
26495,xxx
26496,xxx
26497,xxx
26498,xxx
26499,xxx
26500,xxx
26501,xxx
26502,xxx
26503,xxx
26504,xxx
26505,xxx
26506,xxx
26507,xxx
26508,xxx
26509,xxx
26510,xxx
26511,xxx
26512,xxx
26513,xxx
26514,xxx
26515,xxx
26516,xxx
26517,xxx
26518,xxx
26519,xxx
26520,xxx
26521,xxx
26522,xxx
26523,выпалила́
26524,выпрѣ́ть
26525,выпилие́те
26526,xxx
26527,xxx
26528,xxx
26529,xxx
26530,xxx
26531,xxx
26532,xxx
26533,xxx
26534,xxx
26535,xxx
26536,xxx
26537,выплюнуло́
26538,выпо́лзѫть
26539,выпалзли́
26540,xxx
26541,xxx
26542,xxx
26543,xxx
26544,xxx
26545,выпрями́лъ
26546,xxx
26547,xxx
26548,вы́пучию
26549,xxx
26550,xxx
26551,вы́рвамь
26552,вырисава́лъ
26553,xxx
26554,xxx
26555,xxx
26556,xxx
26557,xxx
26558,xxx
26559,xxx
26560,xxx
26561,xxx
26562,xxx
26563,xxx
26564,xxx
26565,xxx
26566,xxx
26567,xxx
26568,xxx
26569,xxx
26570,xxx
26571,xxx
26572,xxx
26573,xxx
26574,xxx
26575,xxx
26576,xxx
26577,xxx
26578,xxx
26579,xxx
26580,xxx
26581,xxx
26582,xxx
26583,xxx
26584,xxx
26585,xxx
26586,выслуша́лъ
26587,xxx
26588,xxx
26589,xxx
26590,тыка́ла
26591,xxx
26592,xxx
26593,xxx
26594,xxx
26595,xxx
26596,xxx
26597,xxx
26598,xxx
26599,xxx
26600,xxx
26601,xxx
26602,xxx
26603,xxx
26604,xxx
26605,xxx
26606,xxx
26607,xxx
26608,xxx
26609,xxx
26610,xxx
26611,xxx
26612,xxx
26613,xxx
26614,xxx
26615,xxx
26616,xxx
26617,xxx
26618,высуши́лъ
26619,высуши́ла
26620,xxx
26621,высчита́ать
26622,xxx
26623,xxx
26624,xxx
26625,вытрѣ́еть
26626,xxx
26627,xxx
26628,xxx
26629,xxx
26630,xxx
26631,xxx
26632,xxx
26633,xxx
26634,xxx
26635,xxx
26636,xxx
26637,xxx
26638,xxx
26639,xxx
26640,вычеса́ть
26641,xxx
26642,xxx
26643,вы́шагнулъ
26644,xxx
26645,xxx
26646,xxx
26647,xxx
26648,xxx
26649,xxx
26650,xxx
26651,xxx
26652,гаркнула́
26653,xxx
26654,xxx
26655,xxx
26656,xxx
26657,xxx
26658,xxx
26659,xxx
26660,xxx
26661,xxx
26662,xxx
26663,xxx
26664,xxx
26665,xxx
26666,xxx
26667,гря́нула
26668,xxx
26669,xxx
26670,xxx
26671,xxx
26672,xxx
26673,xxx
26674,xxx
26675,xxx
26676,xxx
26677,xxx
26678,xxx
26679,xxx
26680,xxx
26681,xxx
26682,xxx
26683,xxx
26684,до́бавииши
26685,xxx
26686,до́бежаиши
26687,xxx
26688,xxx
26689,xxx
26690,xxx
26691,xxx
26692,xxx
26693,xxx
26694,xxx
26695,xxx
26696,давести́сьлъ
26697,xxx
26698,xxx
26699,xxx
26700,xxx
26701,xxx
26702,до́гарела
26703,дадумала́
26704,дае́сать
26705,до́есла
26706,xxx
26707,xxx
26708,xxx
26709,xxx
26710,xxx
26711,xxx
26712,xxx
26713,xxx
26714,xxx
26715,до́звалила
26716,xxx
26717,xxx
26718,дакатии́ши
26719,xxx
26720,xxx
26721,xxx
26722,xxx
26723,дакапаи́мъ
26724,xxx
26725,xxx
26726,xxx
26727,xxx
26728,xxx
26729,xxx
26730,xxx
26731,xxx
26732,xxx
26733,xxx
26734,xxx
26735,xxx
26736,длажиси́
26737,данести́сьеть
26738,xxx
26739,xxx
26740,xxx
26741,xxx
26742,xxx
26743,xxx
26744,xxx
26745,xxx
26746,xxx
26747,xxx
26748,xxx
26749,xxx
26750,до́палнить
26751,xxx
26752,xxx
26753,xxx
26754,xxx
26755,xxx
26756,xxx
26757,до́садилъ
26758,xxx
26759,xxx
26760,xxx
26761,xxx
26762,xxx
26763,xxx
26764,xxx
26765,xxx
26766,до́страили
26767,xxx
26768,xxx
26769,xxx
26770,xxx
26771,xxx
26772,xxx
26773,xxx
26774,датяну́лъ
26775,до́читаѫ
26776,до́читаеть
26777,xxx
26778,xxx
26779,xxx
26780,xxx
26781,xxx
26782,за́апладираваете
26783,заапладиравало́
26784,xxx
26785,xxx
26786,xxx
26787,заблакираваѫ́ть
26788,xxx
26789,xxx
26790,xxx
26791,xxx
26792,xxx
26793,xxx
26794,xxx
26795,xxx
26796,xxx
26797,забая́емъ
26798,xxx
26799,xxx
26800,xxx
26801,xxx
26802,забрасали́
26803,xxx
26804,xxx
26805,xxx
26806,xxx
26807,xxx
26808,xxx
26809,за́врѣщаимъ
26810,завери́лъ
26811,за́вѣрнуимъ
26812,завертее́мъ
26813,xxx
26814,xxx
26815,xxx
26816,xxx
26817,xxx
26818,xxx
26819,xxx
26820,xxx
26821,xxx
26822,xxx
26823,xxx
26824,завлела́
26825,xxx
26826,xxx
26827,завлала́
26828,за́вапиѫть
26829,xxx
26830,xxx
26831,за́вражиимъ
26832,xxx
26833,заварча́иши
26834,xxx
26835,xxx
26836,xxx
26837,xxx
26838,xxx
26839,xxx
26840,xxx
26841,xxx
26842,xxx
26843,xxx
26844,xxx
26845,xxx
26846,xxx
26847,xxx
26848,xxx
26849,xxx
26850,xxx
26851,xxx
26852,xxx
26853,xxx
26854,за́глахнуать
26855,xxx
26856,xxx
26857,xxx
26858,xxx
26859,xxx
26860,xxx
26861,xxx
26862,xxx
26863,xxx
26864,xxx
26865,xxx
26866,xxx
26867,xxx
26868,xxx
26869,xxx
26870,загну́ете
26871,xxx
26872,xxx
26873,xxx
26874,xxx
26875,загласие́ши
26876,xxx
26877,xxx
26878,xxx
26879,xxx
26880,xxx
26881,xxx
26882,xxx
26883,xxx
26884,xxx
26885,xxx
26886,xxx
26887,xxx
26888,xxx
26889,xxx
26890,xxx
26891,xxx
26892,xxx
26893,xxx
26894,xxx
26895,xxx
26896,xxx
26897,xxx
26898,xxx
26899,xxx
26900,xxx
26901,загуляи́мъ
26902,загуля́лъ
26903,xxx
26904,xxx
26905,xxx
26906,xxx
26907,xxx
26908,xxx
26909,xxx
26910,за́даю
26911,xxx
26912,xxx
26913,xxx
26914,xxx
26915,xxx
26916,xxx
26917,xxx
26918,xxx
26919,xxx
26920,задёрга́лъ
26921,за́дёрнуите
26922,xxx
26923,xxx
26924,xxx
26925,xxx
26926,xxx
26927,за́думала
26928,xxx
26929,xxx
26930,xxx
26931,xxx
26932,xxx
26933,xxx
26934,xxx
26935,xxx
26936,xxx
26937,xxx
26938,xxx
26939,xxx
26940,xxx
26941,xxx
26942,xxx
26943,xxx
26944,xxx
26945,xxx
26946,зажи́мъ
26947,xxx
26948,xxx
26949,xxx
26950,xxx
26951,xxx
26952,за́звучаѫть
26953,зазвуча́ли
26954,xxx
26955,xxx
26956,за́зѣваете
26957,xxx
26958,xxx
26959,xxx
26960,xxx
26961,xxx
26962,xxx
26963,xxx
26964,xxx
26965,xxx
26966,xxx
26967,xxx
26968,xxx
26969,xxx
26970,xxx
26971,xxx
26972,xxx
26973,xxx
26974,xxx
26975,xxx
26976,xxx
26977,xxx
26978,xxx
26979,xxx
26980,xxx
26981,xxx
26982,xxx
26983,xxx
26984,xxx
26985,за́качала
26986,xxx
26987,xxx
26988,за́кидаеши
26989,закида́ла
26990,xxx
26991,xxx
26992,xxx
26993,xxx
26994,xxx
26995,xxx
26996,xxx
26997,xxx
26998,xxx
26999,xxx
27000,xxx
27001,xxx
27002,xxx
27003,закля́сю
27004,xxx
27005,за́кавали
27006,xxx
27007,xxx
27008,xxx
27009,xxx
27010,xxx
27011,за́калдавала
27012,xxx
27013,xxx
27014,xxx
27015,xxx
27016,xxx
27017,заканчи́лъ
27018,закапае́те
27019,закаптили́
27020,xxx
27021,xxx
27022,xxx
27023,xxx
27024,xxx
27025,xxx
27026,xxx
27027,xxx
27028,xxx
27029,xxx
27030,xxx
27031,xxx
27032,xxx
27033,xxx
27034,xxx
27035,xxx
27036,xxx
27037,xxx
27038,xxx
27039,закутало́
27040,xxx
27041,xxx
27042,xxx
27043,xxx
27044,xxx
27045,xxx
27046,xxx
27047,за́лажилъ
27048,xxx
27049,xxx
27050,xxx
27051,заляпа́ла
27052,замаза́ла
27053,xxx
27054,xxx
27055,замаринава́лъ
27056,xxx
27057,xxx
27058,xxx
27059,xxx
27060,xxx
27061,за́медлилъ
27062,xxx
27063,xxx
27064,xxx
27065,xxx
27066,xxx
27067,xxx
27068,xxx
27069,xxx
27070,замѣшка́си
27071,за́мизаю
27072,xxx
27073,xxx
27074,xxx
27075,xxx
27076,замкнуа́ть
27077,xxx
27078,xxx
27079,xxx
27080,xxx
27081,xxx
27082,xxx
27083,xxx
27084,xxx
27085,xxx
27086,xxx
27087,xxx
27088,xxx
27089,xxx
27090,xxx
27091,замяѫ́
27092,xxx
27093,xxx
27094,xxx
27095,xxx
27096,xxx
27097,xxx
27098,xxx
27099,xxx
27100,xxx
27101,xxx
27102,xxx
27103,запасѫ́
27104,xxx
27105,запа́слъ
27106,xxx
27107,xxx
27108,xxx
27109,xxx
27110,xxx
27111,xxx
27112,xxx
27113,xxx
27114,xxx
27115,xxx
27116,xxx
27117,xxx
27118,xxx
27119,xxx
27120,xxx
27121,xxx
27122,xxx
27123,xxx
27124,xxx
27125,xxx
27126,xxx
27127,xxx
27128,запаздае́те
27129,xxx
27130,xxx
27131,xxx
27132,xxx
27133,xxx
27134,запрети́ть
27135,xxx
27136,запричита́ла
27137,за́праграммиравамь
27138,xxx
27139,запрасие́ть
27140,запрята́ть
27141,запрята́лъ
27142,xxx
27143,xxx
27144,xxx
27145,xxx
27146,xxx
27147,xxx
27148,xxx
27149,xxx
27150,xxx
27151,xxx
27152,xxx
27153,xxx
27154,xxx
27155,xxx
27156,xxx
27157,за́рваѫть
27158,xxx
27159,зарѣвѣ́лъ
27160,xxx
27161,xxx
27162,xxx
27163,xxx
27164,заради́ла
27165,xxx
27166,xxx
27167,xxx
27168,xxx
27169,xxx
27170,xxx
27171,зарыли́
27172,xxx
27173,xxx
27174,xxx
27175,xxx
27176,xxx
27177,xxx
27178,xxx
27179,за́светиите
27180,xxx
27181,за́светили
27182,xxx
27183,xxx
27184,xxx
27185,xxx
27186,xxx
27187,xxx
27188,xxx
27189,засияло́
27190,заскака́иши
27191,xxx
27192,заскачите́
27193,xxx
27194,xxx
27195,xxx
27196,заслание́мъ
27197,xxx
27198,xxx
27199,xxx
27200,xxx
27201,засахнуи́те
27202,xxx
27203,xxx
27204,заспари́ть
27205,xxx
27206,за́стеклилъ
27207,xxx
27208,застира́лъ
27209,застирала́
27210,xxx
27211,xxx
27212,застла́лъ
27213,за́стрѣлиете
27214,xxx
27215,xxx
27216,xxx
27217,xxx
27218,xxx
27219,xxx
27220,xxx
27221,xxx
27222,xxx
27223,xxx
27224,xxx
27225,xxx
27226,xxx
27227,xxx
27228,xxx
27229,xxx
27230,xxx
27231,xxx
27232,xxx
27233,xxx
27234,xxx
27235,xxx
27236,xxx
27237,xxx
27238,xxx
27239,xxx
27240,xxx
27241,xxx
27242,xxx
27243,xxx
27244,xxx
27245,xxx
27246,xxx
27247,xxx
27248,xxx
27249,затвѣрдѣ́ли
27250,xxx
27251,xxx
27252,за́тѣмнила
27253,xxx
27254,xxx
27255,xxx
27256,xxx
27257,xxx
27258,xxx
27259,xxx
27260,xxx
27261,за́ткнуеть
27262,xxx
27263,xxx
27264,xxx
27265,за́талкали
27266,xxx
27267,xxx
27268,за́талкнуиши
27269,за́таную
27270,xxx
27271,xxx
27272,xxx
27273,xxx
27274,xxx
27275,xxx
27276,xxx
27277,xxx
27278,приспасабляси́
27279,xxx
27280,xxx
27281,xxx
27282,xxx
27283,xxx
27284,xxx
27285,xxx
27286,xxx
27287,xxx
27288,xxx
27289,за́трѣпѣтаеши
27290,xxx
27291,xxx
27292,xxx
27293,xxx
27294,xxx
27295,xxx
27296,xxx
27297,xxx
27298,xxx
27299,за́трясимъ
27300,xxx
27301,xxx
27302,xxx
27303,xxx
27304,xxx
27305,xxx
27306,xxx
27307,xxx
27308,xxx
27309,xxx
27310,xxx
27311,xxx
27312,xxx
27313,xxx
27314,xxx
27315,xxx
27316,xxx
27317,xxx
27318,зафрендили́
27319,xxx
27320,xxx
27321,захвара́имъ
27322,xxx
27323,xxx
27324,xxx
27325,захлебнуѫ́ть
27326,xxx
27327,xxx
27328,xxx
27329,захлапну́ли
27330,xxx
27331,xxx
27332,xxx
27333,xxx
27334,xxx
27335,xxx
27336,xxx
27337,xxx
27338,xxx
27339,xxx
27340,за́шагала
27341,зашевели́мь
27342,xxx
27343,за́шептала
27344,xxx
27345,xxx
27346,xxx
27347,xxx
27348,xxx
27349,xxx
27350,xxx
27351,xxx
27352,защёлка́ла
27353,защёлка́ли
27354,xxx
27355,xxx
27356,xxx
27357,xxx
27358,xxx
27359,xxx
27360,xxx
27361,xxx
27362,xxx
27363,xxx
27364,xxx
27365,xxx
27366,xxx
27367,xxx
27368,xxx
27369,xxx
27370,xxx
27371,xxx
27372,xxx
27373,xxx
27374,xxx
27375,xxx
27376,xxx
27377,xxx
27378,xxx
27379,xxx
27380,xxx
27381,xxx
27382,xxx
27383,xxx
27384,xxx
27385,xxx
27386,xxx
27387,xxx
27388,xxx
27389,xxx
27390,xxx
27391,xxx
27392,xxx
27393,xxx
27394,xxx
27395,xxx
27396,xxx
27397,xxx
27398,xxx
27399,xxx
27400,xxx
27401,xxx
27402,xxx
27403,xxx
27404,xxx
27405,xxx
27406,xxx
27407,xxx
27408,xxx
27409,xxx
27410,xxx
27411,xxx
27412,xxx
27413,xxx
27414,xxx
27415,xxx
27416,xxx
27417,xxx
27418,xxx
27419,xxx
27420,xxx
27421,xxx
27422,xxx
27423,xxx
27424,xxx
27425,xxx
27426,xxx
27427,xxx
27428,xxx
27429,изнасилава́ѫ
27430,xxx
27431,изнасилавала́
27432,xxx
27433,xxx
27434,xxx
27435,xxx
27436,xxx
27437,xxx
27438,xxx
27439,xxx
27440,xxx
27441,xxx
27442,xxx
27443,xxx
27444,xxx
27445,xxx
27446,xxx
27447,xxx
27448,xxx
27449,xxx
27450,и́зарвамь
27451,xxx
27452,xxx
27453,xxx
27454,xxx
27455,xxx
27456,xxx
27457,xxx
27458,xxx
27459,xxx
27460,xxx
27461,xxx
27462,xxx
27463,xxx
27464,xxx
27465,xxx
27466,xxx
27467,xxx
27468,xxx
27469,xxx
27470,xxx
27471,xxx
27472,xxx
27473,xxx
27474,xxx
27475,xxx
27476,xxx
27477,xxx
27478,xxx
27479,xxx
27480,xxx
27481,xxx
27482,xxx
27483,xxx
27484,xxx
27485,ицну́ѫть
27486,xxx
27487,xxx
27488,xxx
27489,xxx
27490,xxx
27491,xxx
27492,xxx
27493,xxx
27494,xxx
27495,xxx
27496,xxx
27497,xxx
27498,xxx
27499,xxx
27500,xxx
27501,xxx
27502,xxx
27503,xxx
27504,испеси́
27505,xxx
27506,xxx
27507,xxx
27508,xxx
27509,xxx
27510,xxx
27511,xxx
27512,xxx
27513,xxx
27514,xxx
27515,xxx
27516,xxx
27517,xxx
27518,xxx
27519,xxx
27520,xxx
27521,xxx
27522,xxx
27523,xxx
27524,xxx
27525,xxx
27526,xxx
27527,xxx
27528,xxx
27529,xxx
27530,xxx
27531,xxx
27532,xxx
27533,xxx
27534,xxx
27535,xxx
27536,xxx
27537,xxx
27538,xxx
27539,xxx
27540,xxx
27541,xxx
27542,xxx
27543,xxx
27544,xxx
27545,xxx
27546,xxx
27547,xxx
27548,xxx
27549,xxx
27550,xxx
27551,xxx
27552,истерза́те
27553,xxx
27554,xxx
27555,xxx
27556,xxx
27557,xxx
27558,xxx
27559,xxx
27560,xxx
27561,xxx
27562,истрепа́лъ
27563,xxx
27564,xxx
27565,xxx
27566,xxx
27567,xxx
27568,xxx
27569,xxx
27570,xxx
27571,xxx
27572,xxx
27573,xxx
27574,xxx
27575,xxx
27576,xxx
27577,исчерпала́
27578,xxx
27579,xxx
27580,xxx
27581,xxx
27582,xxx
27583,xxx
27584,xxx
27585,xxx
27586,xxx
27587,каркну́лъ
27588,каркну́ла
27589,xxx
27590,xxx
27591,xxx
27592,xxx
27593,xxx
27594,xxx
27595,клюну́емъ
27596,xxx
27597,xxx
27598,xxx
27599,xxx
27600,xxx
27601,xxx
27602,xxx
27603,xxx
27604,xxx
27605,xxx
27606,xxx
27607,xxx
27608,xxx
27609,xxx
27610,xxx
27611,xxx
27612,xxx
27613,xxx
27614,xxx
27615,xxx
27616,xxx
27617,xxx
27618,xxx
27619,xxx
27620,xxx
27621,xxx
27622,xxx
27623,xxx
27624,xxx
27625,крякну́лъ
27626,xxx
27627,xxx
27628,xxx
27629,xxx
27630,xxx
27631,купи́ла
27632,xxx
27633,xxx
27634,xxx
27635,xxx
27636,xxx
27637,xxx
27638,xxx
27639,xxx
27640,xxx
27641,xxx
27642,xxx
27643,xxx
27644,xxx
27645,xxx
27646,xxx
27647,xxx
27648,xxx
27649,xxx
27650,xxx
27651,xxx
27652,xxx
27653,xxx
27654,xxx
27655,xxx
27656,xxx
27657,xxx
27658,xxx
27659,xxx
27660,xxx
27661,xxx
27662,xxx
27663,xxx
27664,xxx
27665,xxx
27666,xxx
27667,xxx
27668,xxx
27669,xxx
27670,xxx
27671,xxx
27672,xxx
27673,xxx
27674,xxx
27675,xxx
27676,xxx
27677,xxx
27678,xxx
27679,xxx
27680,xxx
27681,xxx
27682,xxx
27683,xxx
27684,xxx
27685,xxx
27686,xxx
27687,набежа́еть
27688,xxx
27689,xxx
27690,xxx
27691,xxx
27692,xxx
27693,набрасаи́те
27694,xxx
27695,xxx
27696,xxx
27697,xxx
27698,xxx
27699,xxx
27700,xxx
27701,xxx
27702,xxx
27703,xxx
27704,xxx
27705,xxx
27706,xxx
27707,xxx
27708,xxx
27709,xxx
27710,xxx
27711,xxx
27712,xxx
27713,xxx
27714,xxx
27715,xxx
27716,xxx
27717,xxx
27718,xxx
27719,навеяе́мъ
27720,xxx
27721,xxx
27722,xxx
27723,xxx
27724,xxx
27725,xxx
27726,xxx
27727,xxx
27728,xxx
27729,xxx
27730,xxx
27731,xxx
27732,xxx
27733,xxx
27734,xxx
27735,xxx
27736,xxx
27737,на́гнали
27738,xxx
27739,на́гнуть
27740,xxx
27741,xxx
27742,xxx
27743,xxx
27744,xxx
27745,xxx
27746,xxx
27747,xxx
27748,xxx
27749,xxx
27750,xxx
27751,xxx
27752,xxx
27753,xxx
27754,xxx
27755,xxx
27756,xxx
27757,xxx
27758,xxx
27759,xxx
27760,xxx
27761,xxx
27762,xxx
27763,xxx
27764,xxx
27765,xxx
27766,xxx
27767,xxx
27768,xxx
27769,xxx
27770,xxx
27771,xxx
27772,xxx
27773,xxx
27774,xxx
27775,xxx
27776,xxx
27777,надарва́еши
27778,xxx
27779,надарва́мъ
27780,надарва́те
27781,на́дарвалъ
27782,xxx
27783,xxx
27784,xxx
27785,xxx
27786,xxx
27787,xxx
27788,xxx
27789,xxx
27790,xxx
27791,xxx
27792,xxx
27793,xxx
27794,xxx
27795,xxx
27796,на́ехаѫть
27797,xxx
27798,xxx
27799,xxx
27800,xxx
27801,xxx
27802,xxx
27803,нажраѫ́
27804,xxx
27805,xxx
27806,xxx
27807,xxx
27808,xxx
27809,xxx
27810,xxx
27811,xxx
27812,xxx
27813,xxx
27814,xxx
27815,xxx
27816,xxx
27817,xxx
27818,xxx
27819,xxx
27820,xxx
27821,xxx
27822,xxx
27823,xxx
27824,xxx
27825,xxx
27826,xxx
27827,xxx
27828,xxx
27829,xxx
27830,xxx
27831,xxx
27832,xxx
27833,xxx
27834,xxx
27835,xxx
27836,xxx
27837,xxx
27838,xxx
27839,xxx
27840,xxx
27841,xxx
27842,xxx
27843,xxx
27844,xxx
27845,xxx
27846,xxx
27847,xxx
27848,xxx
27849,xxx
27850,xxx
27851,xxx
27852,xxx
27853,xxx
27854,xxx
27855,xxx
27856,на́крыѫть
27857,на́крыла
27858,xxx
27859,xxx
27860,xxx
27861,xxx
27862,xxx
27863,xxx
27864,xxx
27865,xxx
27866,xxx
27867,xxx
27868,xxx
27869,xxx
27870,xxx
27871,xxx
27872,xxx
27873,xxx
27874,xxx
27875,xxx
27876,xxx
27877,xxx
27878,xxx
27879,xxx
27880,xxx
27881,xxx
27882,xxx
27883,xxx
27884,xxx
27885,xxx
27886,xxx
27887,xxx
27888,xxx
27889,xxx
27890,xxx
27891,xxx
27892,xxx
27893,xxx
27894,xxx
27895,xxx
27896,xxx
27897,xxx
27898,xxx
27899,xxx
27900,намаза́ла
27901,xxx
27902,xxx
27903,xxx
27904,xxx
27905,xxx
27906,xxx
27907,xxx
27908,xxx
27909,xxx
27910,xxx
27911,xxx
27912,xxx
27913,xxx
27914,xxx
27915,xxx
27916,xxx
27917,xxx
27918,намата́ла
27919,намата́ли
27920,xxx
27921,xxx
27922,xxx
27923,xxx
27924,xxx
27925,xxx
27926,xxx
27927,xxx
27928,xxx
27929,xxx
27930,xxx
27931,xxx
27932,напрѣ́ите
27933,xxx
27934,xxx
27935,xxx
27936,xxx
27937,xxx
27938,xxx
27939,xxx
27940,xxx
27941,xxx
27942,xxx
27943,xxx
27944,xxx
27945,xxx
27946,xxx
27947,xxx
27948,xxx
27949,xxx
27950,xxx
27951,xxx
27952,xxx
27953,xxx
27954,xxx
27955,xxx
27956,напря́мь
27957,напряте́
27958,xxx
27959,xxx
27960,xxx
27961,xxx
27962,xxx
27963,xxx
27964,xxx
27965,xxx
27966,xxx
27967,нарваси́
27968,xxx
27969,xxx
27970,xxx
27971,xxx
27972,xxx
27973,xxx
27974,xxx
27975,xxx
27976,xxx
27977,xxx
27978,xxx
27979,xxx
27980,xxx
27981,xxx
27982,xxx
27983,xxx
27984,xxx
27985,xxx
27986,нарыла́
27987,на́рыли
27988,xxx
27989,xxx
27990,xxx
27991,xxx
27992,xxx
27993,xxx
27994,xxx
27995,xxx
27996,xxx
27997,xxx
27998,xxx
27999,xxx
28000,xxx
28001,xxx
28002,xxx
28003,xxx
28004,xxx
28005,xxx
28006,xxx
28007,xxx
28008,xxx
28009,насматрѣ́ть
28010,xxx
28011,xxx
28012,xxx
28013,xxx
28014,xxx
28015,xxx
28016,xxx
28017,xxx
28018,xxx
28019,xxx
28020,xxx
28021,xxx
28022,xxx
28023,xxx
28024,настили́
28025,xxx
28026,xxx
28027,xxx
28028,xxx
28029,xxx
28030,xxx
28031,xxx
28032,xxx
28033,xxx
28034,xxx
28035,xxx
28036,xxx
28037,xxx
28038,xxx
28039,xxx
28040,xxx
28041,xxx
28042,xxx
28043,xxx
28044,xxx
28045,xxx
28046,xxx
28047,xxx
28048,xxx
28049,xxx
28050,xxx
28051,xxx
28052,xxx
28053,xxx
28054,xxx
28055,xxx
28056,xxx
28057,xxx
28058,xxx
28059,xxx
28060,xxx
28061,xxx
28062,xxx
28063,xxx
28064,xxx
28065,xxx
28066,xxx
28067,xxx
28068,xxx
28069,xxx
28070,xxx
28071,на́трѣеть
28072,натрѣ́ете
28073,xxx
28074,натрѣ́ли
28075,xxx
28076,xxx
28077,xxx
28078,xxx
28079,xxx
28080,xxx
28081,xxx
28082,xxx
28083,xxx
28084,xxx
28085,xxx
28086,xxx
28087,xxx
28088,xxx
28089,xxx
28090,xxx
28091,xxx
28092,xxx
28093,xxx
28094,xxx
28095,xxx
28096,xxx
28097,xxx
28098,xxx
28099,xxx
28100,xxx
28101,xxx
28102,xxx
28103,xxx
28104,xxx
28105,xxx
28106,xxx
28107,xxx
28108,xxx
28109,xxx
28110,xxx
28111,xxx
28112,xxx
28113,xxx
28114,начѣртаа́ть
28115,xxx
28116,xxx
28117,xxx
28118,xxx
28119,xxx
28120,xxx
28121,xxx
28122,xxx
28123,xxx
28124,xxx
28125,xxx
28126,xxx
28127,xxx
28128,xxx
28129,xxx
28130,xxx
28131,xxx
28132,xxx
28133,xxx
28134,xxx
28135,xxx
28136,xxx
28137,xxx
28138,xxx
28139,аблекаа́ть
28140,абвали́лъ
28141,xxx
28142,о́бвалииши
28143,xxx
28144,о́бваляить
28145,xxx
28146,абветри́ѫть
28147,xxx
28148,xxx
28149,xxx
28150,xxx
28151,xxx
28152,xxx
28153,xxx
28154,xxx
28155,xxx
28156,абгладае́ши
28157,xxx
28158,xxx
28159,xxx
28160,xxx
28161,xxx
28162,о́бгарѣла
28163,абгрызла́
28164,xxx
28165,абдае́мъ
28166,xxx
28167,абделите́
28168,xxx
28169,xxx
28170,xxx
28171,xxx
28172,xxx
28173,xxx
28174,xxx
28175,xxx
28176,xxx
28177,xxx
28178,абезглави́емъ
28179,xxx
28180,xxx
28181,xxx
28182,xxx
28183,xxx
28184,абезнаже́ла
28185,xxx
28186,xxx
28187,xxx
28188,xxx
28189,xxx
28190,xxx
28191,xxx
28192,о́бернула
28193,xxx
28194,xxx
28195,xxx
28196,о́бжееть
28197,xxx
28198,xxx
28199,xxx
28200,xxx
28201,xxx
28202,xxx
28203,аблези́мъ
28204,xxx
28205,о́блепиемъ
28206,xxx
28207,xxx
28208,xxx
28209,xxx
28210,xxx
28211,xxx
28212,xxx
28213,xxx
28214,xxx
28215,xxx
28216,xxx
28217,о́блажила
28218,xxx
28219,xxx
28220,аблами́ать
28221,xxx
28222,xxx
28223,xxx
28224,xxx
28225,xxx
28226,xxx
28227,xxx
28228,xxx
28229,xxx
28230,xxx
28231,абменяси́
28232,абменя́ла
28233,xxx
28234,xxx
28235,xxx
28236,абмѣри́ла
28237,абмалви́лъ
28238,xxx
28239,xxx
28240,xxx
28241,xxx
28242,xxx
28243,xxx
28244,xxx
28245,xxx
28246,xxx
28247,xxx
28248,xxx
28249,xxx
28250,xxx
28251,о́бнадёжию
28252,xxx
28253,xxx
28254,о́бнѣсла
28255,xxx
28256,о́бнавиить
28257,xxx
28258,о́бнавила
28259,xxx
28260,абагати́лъ
28261,о́багатила
28262,абагати́имъ
28263,о́багатиите
28264,xxx
28265,xxx
28266,xxx
28267,xxx
28268,xxx
28269,о́багнуеши
28270,xxx
28271,xxx
28272,xxx
28273,о́багрееть
28274,о́бадраиши
28275,о́бадрииши
28276,абадри́ла
28277,xxx
28278,xxx
28279,xxx
28280,о́базлила
28281,абазначии́те
28282,xxx
28283,xxx
28284,xxx
28285,xxx
28286,xxx
28287,xxx
28288,xxx
28289,xxx
28290,xxx
28291,xxx
28292,xxx
28293,xxx
28294,xxx
28295,xxx
28296,xxx
28297,xxx
28298,xxx
28299,xxx
28300,xxx
28301,xxx
28302,xxx
28303,xxx
28304,xxx
28305,xxx
28306,xxx
28307,xxx
28308,абаснава́имъ
28309,xxx
28310,xxx
28311,xxx
28312,xxx
28313,xxx
28314,xxx
28315,xxx
28316,xxx
28317,xxx
28318,абастри́ла
28319,xxx
28320,xxx
28321,абрасли́
28322,абрати́лъ
28323,xxx
28324,xxx
28325,xxx
28326,xxx
28327,xxx
28328,абрели́
28329,о́браниить
28330,xxx
28331,xxx
28332,xxx
28333,xxx
28334,xxx
28335,xxx
28336,xxx
28337,xxx
28338,xxx
28339,xxx
28340,xxx
28341,xxx
28342,xxx
28343,xxx
28344,xxx
28345,xxx
28346,xxx
28347,xxx
28348,абставии́мъ
28349,xxx
28350,xxx
28351,xxx
28352,xxx
28353,абстрѣля́ла
28354,xxx
28355,xxx
28356,xxx
28357,о́бстраили
28358,xxx
28359,xxx
28360,xxx
28361,xxx
28362,xxx
28363,xxx
28364,xxx
28365,xxx
28366,xxx
28367,абтеѫ́ть
28368,xxx
28369,xxx
28370,xxx
28371,xxx
28372,xxx
28373,xxx
28374,xxx
28375,xxx
28376,xxx
28377,xxx
28378,xxx
28379,xxx
28380,xxx
28381,xxx
28382,xxx
28383,xxx
28384,xxx
28385,xxx
28386,xxx
28387,xxx
28388,о́бшариемъ
28389,абшарпа́имъ
28390,абшарпа́ла
28391,xxx
28392,xxx
28393,xxx
28394,xxx
28395,абъезди́еть
28396,xxx
28397,xxx
28398,абъѣха́ла
28399,xxx
28400,xxx
28401,xxx
28402,о́бъяснила
28403,xxx
28404,xxx
28405,xxx
28406,xxx
28407,xxx
28408,xxx
28409,xxx
28410,xxx
28411,xxx
28412,xxx
28413,xxx
28414,xxx
28415,xxx
28416,xxx
28417,о́гавариемъ
28418,о́гаварила
28419,о́гаварииши
28420,xxx
28421,xxx
28422,о́гаварили
28423,xxx
28424,xxx
28425,xxx
28426,xxx
28427,xxx
28428,xxx
28429,xxx
28430,xxx
28431,xxx
28432,xxx
28433,xxx
28434,xxx
28435,xxx
28436,xxx
28437,xxx
28438,xxx
28439,xxx
28440,xxx
28441,xxx
28442,xxx
28443,xxx
28444,xxx
28445,xxx
28446,xxx
28447,xxx
28448,xxx
28449,xxx
28450,xxx
28451,xxx
28452,xxx
28453,xxx
28454,xxx
28455,xxx
28456,xxx
28457,xxx
28458,азабати́ю
28459,xxx
28460,xxx
28461,xxx
28462,xxx
28463,азврѣли́
28464,xxx
28465,xxx
28466,xxx
28467,xxx
28468,xxx
28469,xxx
28470,xxx
28471,xxx
28472,xxx
28473,xxx
28474,xxx
28475,xxx
28476,xxx
28477,xxx
28478,о́злабиать
28479,азлабила́
28480,xxx
28481,xxx
28482,xxx
28483,xxx
28484,xxx
28485,xxx
28486,xxx
28487,xxx
28488,xxx
28489,xxx
28490,xxx
28491,xxx
28492,xxx
28493,xxx
28494,xxx
28495,xxx
28496,xxx
28497,xxx
28498,xxx
28499,xxx
28500,xxx
28501,xxx
28502,xxx
28503,xxx
28504,xxx
28505,xxx
28506,xxx
28507,xxx
28508,xxx
28509,xxx
28510,xxx
28511,xxx
28512,xxx
28513,xxx
28514,xxx
28515,xxx
28516,xxx
28517,xxx
28518,xxx
28519,xxx
28520,xxx
28521,xxx
28522,xxx
28523,xxx
28524,xxx
28525,xxx
28526,xxx
28527,xxx
28528,xxx
28529,xxx
28530,xxx
28531,xxx
28532,xxx
28533,xxx
28534,xxx
28535,xxx
28536,xxx
28537,xxx
28538,xxx
28539,xxx
28540,xxx
28541,xxx
28542,xxx
28543,апечатаси́
28544,xxx
28545,xxx
28546,xxx
28547,xxx
28548,xxx
28549,xxx
28550,xxx
28551,xxx
28552,xxx
28553,xxx
28554,xxx
28555,xxx
28556,xxx
28557,xxx
28558,апалчила́
28559,xxx
28560,xxx
28561,xxx
28562,xxx
28563,xxx
28564,xxx
28565,xxx
28566,xxx
28567,xxx
28568,xxx
28569,xxx
28570,xxx
28571,xxx
28572,xxx
28573,xxx
28574,xxx
28575,xxx
28576,xxx
28577,xxx
28578,xxx
28579,xxx
28580,xxx
28581,xxx
28582,апресни́иши
28583,о́пресниимъ
28584,xxx
28585,xxx
28586,xxx
28587,xxx
28588,xxx
28589,апракину́ать
28590,xxx
28591,xxx
28592,xxx
28593,xxx
28594,xxx
28595,xxx
28596,xxx
28597,xxx
28598,xxx
28599,xxx
28600,xxx
28601,xxx
28602,xxx
28603,xxx
28604,xxx
28605,xxx
28606,xxx
28607,xxx
28608,xxx
28609,xxx
28610,xxx
28611,xxx
28612,xxx
28613,xxx
28614,xxx
28615,xxx
28616,xxx
28617,xxx
28618,xxx
28619,xxx
28620,xxx
28621,xxx
28622,xxx
28623,xxx
28624,xxx
28625,асвети́ли
28626,xxx
28627,xxx
28628,xxx
28629,xxx
28630,xxx
28631,xxx
28632,xxx
28633,xxx
28634,xxx
28635,xxx
28636,xxx
28637,xxx
28638,xxx
28639,xxx
28640,xxx
28641,xxx
28642,аскверни́еть
28643,xxx
28644,xxx
28645,xxx
28646,xxx
28647,xxx
28648,xxx
28649,аслабну́ли
28650,xxx
28651,xxx
28652,аслепнуе́те
28653,xxx
28654,о́смелееть
28655,асмеле́лъ
28656,xxx
28657,xxx
28658,xxx
28659,xxx
28660,xxx
28661,xxx
28662,xxx
28663,асазна́ю
28664,асазна́ать
28665,xxx
28666,xxx
28667,xxx
28668,xxx
28669,xxx
28670,xxx
28671,xxx
28672,xxx
28673,xxx
28674,xxx
28675,xxx
28676,xxx
28677,xxx
28678,xxx
28679,xxx
28680,xxx
28681,xxx
28682,xxx
28683,xxx
28684,xxx
28685,xxx
28686,xxx
28687,xxx
28688,xxx
28689,xxx
28690,xxx
28691,xxx
28692,xxx
28693,xxx
28694,xxx
28695,xxx
28696,xxx
28697,xxx
28698,xxx
28699,xxx
28700,xxx
28701,xxx
28702,xxx
28703,xxx
28704,xxx
28705,xxx
28706,xxx
28707,xxx
28708,xxx
28709,атвадиѫ́
28710,xxx
28711,xxx
28712,xxx
28713,xxx
28714,xxx
28715,xxx
28716,xxx
28717,xxx
28718,xxx
28719,xxx
28720,xxx
28721,xxx
28722,атвеси́ли
28723,xxx
28724,xxx
28725,xxx
28726,атвлѣ́еть
28727,атвлѣ́лъ
28728,о́твлечьсяѫ
28729,xxx
28730,xxx
28731,xxx
28732,xxx
28733,xxx
28734,xxx
28735,xxx
28736,xxx
28737,xxx
28738,xxx
28739,xxx
28740,xxx
28741,xxx
28742,о́твязала
28743,xxx
28744,xxx
28745,xxx
28746,xxx
28747,xxx
28748,xxx
28749,xxx
28750,xxx
28751,xxx
28752,xxx
28753,xxx
28754,xxx
28755,атдалили́
28756,xxx
28757,xxx
28758,xxx
28759,xxx
28760,xxx
28761,атдели́емъ
28762,о́тделила
28763,xxx
28764,xxx
28765,xxx
28766,xxx
28767,xxx
28768,xxx
28769,xxx
28770,xxx
28771,xxx
28772,xxx
28773,xxx
28774,xxx
28775,атдыша́си
28776,xxx
28777,xxx
28778,xxx
28779,xxx
28780,xxx
28781,xxx
28782,xxx
28783,xxx
28784,аткашля́ла
28785,xxx
28786,xxx
28787,xxx
28788,xxx
28789,xxx
28790,xxx
28791,xxx
28792,xxx
28793,xxx
28794,xxx
28795,xxx
28796,xxx
28797,атклани́иши
28798,xxx
28799,xxx
28800,xxx
28801,xxx
28802,xxx
28803,xxx
28804,xxx
28805,xxx
28806,xxx
28807,xxx
28808,xxx
28809,xxx
28810,xxx
28811,xxx
28812,xxx
28813,xxx
28814,xxx
28815,атлади́си
28816,xxx
28817,xxx
28818,xxx
28819,xxx
28820,атлепи́ть
28821,атлете́имъ
28822,атлете́ите
28823,xxx
28824,xxx
28825,xxx
28826,xxx
28827,xxx
28828,xxx
28829,xxx
28830,xxx
28831,xxx
28832,xxx
28833,xxx
28834,xxx
28835,xxx
28836,xxx
28837,xxx
28838,xxx
28839,xxx
28840,xxx
28841,xxx
28842,xxx
28843,xxx
28844,xxx
28845,xxx
28846,xxx
28847,xxx
28848,xxx
28849,xxx
28850,xxx
28851,атмахну́ите
28852,xxx
28853,xxx
28854,xxx
28855,xxx
28856,xxx
28857,xxx
28858,xxx
28859,xxx
28860,атме́сли
28861,xxx
28862,xxx
28863,xxx
28864,xxx
28865,xxx
28866,xxx
28867,xxx
28868,xxx
28869,атне́слъ
28870,xxx
28871,xxx
28872,атагна́ла
28873,xxx
28874,атадвинуло́
28875,атадрали́
28876,xxx
28877,xxx
28878,xxx
28879,xxx
28880,xxx
28881,xxx
28882,xxx
28883,xxx
28884,xxx
28885,xxx
28886,xxx
28887,xxx
28888,xxx
28889,xxx
28890,xxx
28891,xxx
28892,атаслае́те
28893,xxx
28894,xxx
28895,xxx
28896,xxx
28897,xxx
28898,xxx
28899,xxx
28900,xxx
28901,xxx
28902,xxx
28903,xxx
28904,xxx
28905,xxx
28906,о́тпалиравала
28907,xxx
28908,атпачкава́ете
28909,xxx
28910,xxx
28911,xxx
28912,атпряну́ать
28913,xxx
28914,xxx
28915,xxx
28916,xxx
28917,атрави́ла
28918,xxx
28919,о́трасиши
28920,xxx
28921,xxx
28922,xxx
28923,xxx
28924,xxx
28925,xxx
28926,xxx
28927,атрегулирава́мъ
28928,xxx
28929,xxx
28930,xxx
28931,xxx
28932,xxx
28933,xxx
28934,xxx
28935,xxx
28936,xxx
28937,xxx
28938,xxx
28939,атряхнуе́ть
28940,xxx
28941,о́тсидеемъ
28942,xxx
28943,xxx
28944,xxx
28945,xxx
28946,xxx
28947,xxx
28948,xxx
28949,xxx
28950,xxx
28951,xxx
28952,атстави́ете
28953,о́тстѣгнуси
28954,xxx
28955,атстрание́те
28956,xxx
28957,атстреляе́ши
28958,xxx
28959,атстраи́лъ
28960,о́тстраииши
28961,xxx
28962,атсчитае́те
28963,xxx
28964,xxx
28965,xxx
28966,xxx
28967,xxx
28968,xxx
28969,xxx
28970,xxx
28971,атталкнуи́мъ
28972,xxx
28973,xxx
28974,xxx
28975,xxx
28976,xxx
28977,xxx
28978,xxx
28979,xxx
28980,xxx
28981,аттяну́ѫть
28982,xxx
28983,xxx
28984,атхвати́мь
28985,о́тхватить
28986,атхлебаа́ть
28987,атхлеба́ла
28988,атчаяло́
28989,xxx
28990,xxx
28991,xxx
28992,xxx
28993,xxx
28994,xxx
28995,xxx
28996,xxx
28997,xxx
28998,xxx
28999,xxx
29000,xxx
29001,xxx
29002,xxx
29003,xxx
29004,атшлифава́ете
29005,xxx
29006,атыгра́ла
29007,о́тыграли
29008,xxx
29009,xxx
29010,xxx
29011,атыска́ла
29012,xxx
29013,xxx
29014,ахладее́ши
29015,xxx
29016,xxx
29017,xxx
29018,xxx
29019,xxx
29020,xxx
29021,xxx
29022,xxx
29023,xxx
29024,xxx
29025,о́цепенели
29026,о́чнуѫть
29027,xxx
29028,аштрафава́ѫ
29029,прѣбѣжали́
29030,xxx
29031,xxx
29032,прѣ́браѫть
29033,xxx
29034,xxx
29035,xxx
29036,xxx
29037,xxx
29038,xxx
29039,xxx
29040,xxx
29041,xxx
29042,xxx
29043,прѣбыва́ить
29044,xxx
29045,xxx
29046,прѣвали́ите
29047,xxx
29048,xxx
29049,xxx
29050,xxx
29051,xxx
29052,xxx
29053,xxx
29054,xxx
29055,xxx
29056,xxx
29057,xxx
29058,xxx
29059,xxx
29060,xxx
29061,прѣгляну́иши
29062,xxx
29063,xxx
29064,xxx
29065,xxx
29066,xxx
29067,xxx
29068,прѣдвину́ли
29069,прѣ́делате
29070,xxx
29071,xxx
29072,xxx
29073,xxx
29074,xxx
29075,xxx
29076,xxx
29077,xxx
29078,xxx
29079,xxx
29080,xxx
29081,xxx
29082,xxx
29083,xxx
29084,xxx
29085,прѣкати́те
29086,xxx
29087,xxx
29088,xxx
29089,xxx
29090,xxx
29091,xxx
29092,xxx
29093,xxx
29094,xxx
29095,xxx
29096,xxx
29097,xxx
29098,xxx
29099,xxx
29100,xxx
29101,xxx
29102,xxx
29103,xxx
29104,xxx
29105,xxx
29106,xxx
29107,xxx
29108,xxx
29109,xxx
29110,xxx
29111,xxx
29112,xxx
29113,xxx
29114,xxx
29115,xxx
29116,прѣламае́ть
29117,прѣ́ламала
29118,xxx
29119,xxx
29120,прѣмахну́ю
29121,xxx
29122,xxx
29123,xxx
29124,xxx
29125,xxx
29126,xxx
29127,xxx
29128,xxx
29129,xxx
29130,xxx
29131,xxx
29132,xxx
29133,xxx
29134,прѣ́мешалъ
29135,прѣнѣстисью́
29136,xxx
29137,xxx
29138,xxx
29139,xxx
29140,xxx
29141,прѣ́плестисьте
29142,прѣплестисьли́
29143,xxx
29144,xxx
29145,xxx
29146,xxx
29147,xxx
29148,xxx
29149,xxx
29150,xxx
29151,xxx
29152,xxx
29153,xxx
29154,xxx
29155,xxx
29156,xxx
29157,xxx
29158,прѣ́сказаать
29159,xxx
29160,xxx
29161,xxx
29162,xxx
29163,прѣ́сматреть
29164,xxx
29165,xxx
29166,xxx
29167,xxx
29168,xxx
29169,xxx
29170,xxx
29171,xxx
29172,xxx
29173,xxx
29174,xxx
29175,xxx
29176,xxx
29177,xxx
29178,прѣ́ставили
29179,xxx
29180,xxx
29181,xxx
29182,xxx
29183,xxx
29184,xxx
29185,xxx
29186,xxx
29187,xxx
29188,xxx
29189,xxx
29190,xxx
29191,xxx
29192,xxx
29193,прѣхвати́лъ
29194,xxx
29195,xxx
29196,xxx
29197,xxx
29198,xxx
29199,xxx
29200,xxx
29201,xxx
29202,xxx
29203,xxx
29204,xxx
29205,xxx
29206,xxx
29207,xxx
29208,xxx
29209,xxx
29210,xxx
29211,xxx
29212,xxx
29213,xxx
29214,xxx
29215,xxx
29216,xxx
29217,xxx
29218,xxx
29219,xxx
29220,xxx
29221,xxx
29222,xxx
29223,xxx
29224,xxx
29225,xxx
29226,xxx
29227,xxx
29228,xxx
29229,xxx
29230,xxx
29231,xxx
29232,xxx
29233,xxx
29234,xxx
29235,xxx
29236,пну́ѫть
29237,по́бѣгалъ
29238,пабеседавае́мъ
29239,xxx
29240,xxx
29241,xxx
29242,xxx
29243,xxx
29244,xxx
29245,xxx
29246,xxx
29247,пабра́мъ
29248,xxx
29249,xxx
29250,xxx
29251,пабрезгаваси́
29252,xxx
29253,по́бресли
29254,xxx
29255,xxx
29256,xxx
29257,xxx
29258,xxx
29259,xxx
29260,xxx
29261,xxx
29262,xxx
29263,по́бываѫть
29264,xxx
29265,xxx
29266,xxx
29267,xxx
29268,xxx
29269,xxx
29270,xxx
29271,паведае́мъ
29272,xxx
29273,xxx
29274,xxx
29275,xxx
29276,xxx
29277,по́велеить
29278,xxx
29279,xxx
29280,xxx
29281,xxx
29282,по́вергнула
29283,xxx
29284,xxx
29285,павернуи́те
29286,xxx
29287,xxx
29288,xxx
29289,xxx
29290,xxx
29291,xxx
29292,xxx
29293,xxx
29294,xxx
29295,xxx
29296,xxx
29297,павида́ли
29298,xxx
29299,xxx
29300,xxx
29301,xxx
29302,xxx
29303,по́влать
29304,xxx
29305,xxx
29306,xxx
29307,xxx
29308,павстречаѫ́ть
29309,xxx
29310,xxx
29311,xxx
29312,xxx
29313,xxx
29314,xxx
29315,xxx
29316,xxx
29317,xxx
29318,xxx
29319,xxx
29320,xxx
29321,xxx
29322,xxx
29323,xxx
29324,xxx
29325,xxx
29326,xxx
29327,xxx
29328,xxx
29329,xxx
29330,xxx
29331,xxx
29332,xxx
29333,xxx
29334,xxx
29335,xxx
29336,xxx
29337,xxx
29338,xxx
29339,xxx
29340,xxx
29341,пагразило́
29342,xxx
29343,xxx
29344,xxx
29345,xxx
29346,по́давиеши
29347,по́давила
29348,пада́ете
29349,xxx
29350,xxx
29351,xxx
29352,xxx
29353,xxx
29354,xxx
29355,xxx
29356,xxx
29357,xxx
29358,падвеси́лъ
29359,xxx
29360,xxx
29361,xxx
29362,xxx
29363,xxx
29364,xxx
29365,xxx
29366,xxx
29367,xxx
29368,xxx
29369,xxx
29370,xxx
29371,xxx
29372,xxx
29373,xxx
29374,xxx
29375,xxx
29376,xxx
29377,xxx
29378,xxx
29379,xxx
29380,xxx
29381,xxx
29382,xxx
29383,xxx
29384,xxx
29385,xxx
29386,xxx
29387,xxx
29388,xxx
29389,xxx
29390,паддела́
29391,xxx
29392,паджари́ить
29393,xxx
29394,xxx
29395,xxx
29396,xxx
29397,xxx
29398,по́дкатили
29399,xxx
29400,xxx
29401,xxx
29402,xxx
29403,xxx
29404,xxx
29405,xxx
29406,xxx
29407,xxx
29408,xxx
29409,xxx
29410,xxx
29411,xxx
29412,xxx
29413,xxx
29414,о́бретаемъ
29415,xxx
29416,xxx
29417,xxx
29418,xxx
29419,xxx
29420,xxx
29421,xxx
29422,xxx
29423,xxx
29424,xxx
29425,xxx
29426,xxx
29427,xxx
29428,xxx
29429,xxx
29430,xxx
29431,xxx
29432,xxx
29433,xxx
29434,xxx
29435,xxx
29436,xxx
29437,xxx
29438,xxx
29439,xxx
29440,xxx
29441,xxx
29442,xxx
29443,xxx
29444,xxx
29445,xxx
29446,xxx
29447,по́дражали
29448,падасла́лъ
29449,xxx
29450,xxx
29451,xxx
29452,xxx
29453,xxx
29454,xxx
29455,xxx
29456,xxx
29457,xxx
29458,xxx
29459,xxx
29460,xxx
29461,xxx
29462,xxx
29463,xxx
29464,xxx
29465,xxx
29466,xxx
29467,xxx
29468,xxx
29469,xxx
29470,xxx
29471,xxx
29472,падрачии́ши
29473,xxx
29474,падрачила́
29475,xxx
29476,xxx
29477,xxx
29478,xxx
29479,xxx
29480,xxx
29481,xxx
29482,xxx
29483,xxx
29484,xxx
29485,xxx
29486,xxx
29487,падскачи́еши
29488,xxx
29489,xxx
29490,xxx
29491,xxx
29492,xxx
29493,xxx
29494,xxx
29495,xxx
29496,xxx
29497,xxx
29498,xxx
29499,xxx
29500,xxx
29501,xxx
29502,xxx
29503,xxx
29504,xxx
29505,xxx
29506,xxx
29507,xxx
29508,xxx
29509,xxx
29510,xxx
29511,xxx
29512,xxx
29513,xxx
29514,xxx
29515,xxx
29516,xxx
29517,xxx
29518,падтяну́ите
29519,xxx
29520,xxx
29521,xxx
29522,по́дтянула
29523,xxx
29524,падтяну́емъ
29525,xxx
29526,xxx
29527,xxx
29528,падчеркнуи́мъ
29529,xxx
29530,xxx
29531,xxx
29532,xxx
29533,xxx
29534,xxx
29535,xxx
29536,xxx
29537,xxx
29538,xxx
29539,xxx
29540,xxx
29541,xxx
29542,xxx
29543,xxx
29544,xxx
29545,xxx
29546,xxx
29547,пажале́мь
29548,по́жалемъ
29549,xxx
29550,пажелтее́мъ
29551,пажени́ла
29552,xxx
29553,xxx
29554,xxx
29555,xxx
29556,xxx
29557,xxx
29558,xxx
29559,xxx
29560,xxx
29561,пазавидавали́
29562,xxx
29563,xxx
29564,xxx
29565,xxx
29566,xxx
29567,xxx
29568,xxx
29569,xxx
29570,xxx
29571,xxx
29572,пазнакамили́
29573,пазна́ла
29574,xxx
29575,xxx
29576,xxx
29577,xxx
29578,xxx
29579,xxx
29580,xxx
29581,xxx
29582,xxx
29583,паката́ть
29584,по́катиѫ
29585,пакатиѫ́ть
29586,xxx
29587,xxx
29588,xxx
29589,xxx
29590,xxx
29591,пакачнуи́ть
29592,xxx
29593,xxx
29594,xxx
29595,xxx
29596,xxx
29597,xxx
29598,по́калебала
29599,xxx
29600,xxx
29601,xxx
29602,xxx
29603,xxx
29604,xxx
29605,по́карите
29606,пакарми́ете
29607,xxx
29608,xxx
29609,xxx
29610,xxx
29611,xxx
29612,xxx
29613,xxx
29614,xxx
29615,xxx
29616,xxx
29617,xxx
29618,xxx
29619,xxx
29620,xxx
29621,xxx
29622,xxx
29623,xxx
29624,xxx
29625,xxx
29626,xxx
29627,xxx
29628,палазила́
29629,xxx
29630,палѣгчате́
29631,палѣни́мь
29632,палѣнили́
29633,палѣта́еть
29634,xxx
29635,xxx
29636,xxx
29637,xxx
29638,xxx
29639,xxx
29640,xxx
29641,xxx
29642,пламае́ть
29643,xxx
29644,xxx
29645,xxx
29646,xxx
29647,xxx
29648,xxx
29649,xxx
29650,xxx
29651,xxx
29652,xxx
29653,xxx
29654,xxx
29655,xxx
29656,xxx
29657,xxx
29658,xxx
29659,палюбава́мъ
29660,xxx
29661,xxx
29662,xxx
29663,xxx
29664,xxx
29665,xxx
29666,памедли́ите
29667,xxx
29668,xxx
29669,памрѣ́ла
29670,xxx
29671,xxx
29672,xxx
29673,xxx
29674,xxx
29675,xxx
29676,памеркнуи́мъ
29677,xxx
29678,xxx
29679,памети́мь
29680,xxx
29681,xxx
29682,xxx
29683,xxx
29684,xxx
29685,xxx
29686,xxx
29687,xxx
29688,xxx
29689,xxx
29690,xxx
29691,xxx
29692,xxx
29693,xxx
29694,xxx
29695,xxx
29696,по́марщиѫть
29697,xxx
29698,по́мрачнѣте
29699,xxx
29700,xxx
29701,xxx
29702,xxx
29703,xxx
29704,xxx
29705,xxx
29706,xxx
29707,по́мяли
29708,памяе́те
29709,xxx
29710,xxx
29711,xxx
29712,xxx
29713,xxx
29714,xxx
29715,xxx
29716,xxx
29717,xxx
29718,xxx
29719,xxx
29720,xxx
29721,xxx
29722,xxx
29723,xxx
29724,xxx
29725,по́нюхали
29726,xxx
29727,папалиа́ть
29728,xxx
29729,по́пеняите
29730,xxx
29731,папѣрхну́ть
29732,xxx
29733,xxx
29734,xxx
29735,xxx
29736,по́платиать
29737,по́платилъ
29738,по́плѣваю
29739,по́плѣваимъ
29740,xxx
29741,папалниѫ́ть
29742,xxx
29743,папарти́ла
29744,xxx
29745,xxx
29746,xxx
29747,по́приветстваваю
29748,xxx
29749,xxx
29750,xxx
29751,xxx
29752,xxx
29753,xxx
29754,xxx
29755,xxx
29756,xxx
29757,xxx
29758,xxx
29759,xxx
29760,xxx
29761,xxx
29762,xxx
29763,xxx
29764,xxx
29765,xxx
29766,xxx
29767,xxx
29768,xxx
29769,xxx
29770,празавеѫ́ть
29771,празавели́
29772,xxx
29773,по́ругаси
29774,xxx
29775,xxx
29776,xxx
29777,xxx
29778,xxx
29779,xxx
29780,xxx
29781,xxx
29782,xxx
29783,xxx
29784,xxx
29785,xxx
29786,xxx
29787,xxx
29788,по́светлеить
29789,по́свистеете
29790,xxx
29791,xxx
29792,xxx
29793,xxx
29794,xxx
29795,xxx
29796,xxx
29797,xxx
29798,xxx
29799,xxx
29800,по́скресю
29801,xxx
29802,паскре́сать
29803,xxx
29804,xxx
29805,xxx
29806,xxx
29807,xxx
29808,xxx
29809,xxx
29810,xxx
29811,xxx
29812,по́смѣѫть
29813,xxx
29814,xxx
29815,xxx
29816,xxx
29817,xxx
29818,xxx
29819,пасадействаваи́те
29820,вычисляе́ть
29821,xxx
29822,xxx
29823,xxx
29824,xxx
29825,xxx
29826,xxx
29827,xxx
29828,xxx
29829,xxx
29830,xxx
29831,xxx
29832,по́стлала
29833,xxx
29834,xxx
29835,xxx
29836,xxx
29837,xxx
29838,xxx
29839,xxx
29840,xxx
29841,xxx
29842,xxx
29843,xxx
29844,xxx
29845,xxx
29846,xxx
29847,xxx
29848,xxx
29849,xxx
29850,патаска́лъ
29851,патащиси́
29852,по́тащить
29853,xxx
29854,xxx
29855,xxx
29856,xxx
29857,xxx
29858,xxx
29859,патемне́ла
29860,патрѣ́лъ
29861,xxx
29862,xxx
29863,xxx
29864,xxx
29865,xxx
29866,патеши́лъ
29867,xxx
29868,xxx
29869,xxx
29870,xxx
29871,xxx
29872,xxx
29873,xxx
29874,xxx
29875,xxx
29876,xxx
29877,xxx
29878,xxx
29879,xxx
29880,патреска́ть
29881,xxx
29882,xxx
29883,xxx
29884,xxx
29885,xxx
29886,xxx
29887,xxx
29888,xxx
29889,патяну́ѫ
29890,xxx
29891,xxx
29892,xxx
29893,xxx
29894,xxx
29895,xxx
29896,xxx
29897,xxx
29898,xxx
29899,xxx
29900,xxx
29901,xxx
29902,xxx
29903,xxx
29904,по́хлапатаиши
29905,xxx
29906,xxx
29907,xxx
29908,по́хладела
29909,xxx
29910,xxx
29911,xxx
29912,xxx
29913,xxx
29914,xxx
29915,пацелава́лъ
29916,xxx
29917,xxx
29918,пача́ѫть
29919,по́чернеѫ
29920,xxx
29921,пачерне́ла
29922,xxx
29923,xxx
29924,xxx
29925,xxx
29926,по́чѣсала
29927,xxx
29928,xxx
29929,xxx
29930,xxx
29931,xxx
29932,xxx
29933,xxx
29934,xxx
29935,пачуя́мъ
29936,xxx
29937,xxx
29938,xxx
29939,xxx
29940,xxx
29941,xxx
29942,xxx
29943,по́шатнула
29944,xxx
29945,xxx
29946,xxx
29947,xxx
29948,xxx
29949,xxx
29950,пащеката́мь
29951,по́щёлкалъ
29952,пащупа́лъ
29953,пащупали́
29954,xxx
29955,по́яснила
29956,xxx
29957,xxx
29958,xxx
29959,xxx
29960,xxx
29961,xxx
29962,прѣвазнѣ́смь
29963,xxx
29964,xxx
29965,xxx
29966,xxx
29967,xxx
29968,xxx
29969,xxx
29970,xxx
29971,xxx
29972,xxx
29973,xxx
29974,xxx
29975,прѣдлажила́
29976,xxx
29977,xxx
29978,xxx
29979,предатврати́емъ
29980,xxx
29981,xxx
29982,xxx
29983,xxx
29984,xxx
29985,xxx
29986,предпаче́сла
29987,xxx
29988,xxx
29989,пре́дприняите
29990,xxx
29991,прѣ́дрѣси
29992,xxx
29993,xxx
29994,предъяви́ть
29995,xxx
29996,xxx
29997,xxx
29998,презрее́мъ
29999,xxx
30000,пре́кланииши
30001,xxx
30002,пре́кланяеши
30003,xxx
30004,прекрати́ла
30005,xxx
30006,xxx
30007,xxx
30008,пре́абразииши
30009,препадне́сете
30010,xxx
30011,xxx
30012,прерва́ѫ
30013,xxx
30014,xxx
30015,xxx
30016,xxx
30017,xxx
30018,xxx
30019,xxx
30020,xxx
30021,пре́твариѫ
30022,xxx
30023,xxx
30024,xxx
30025,xxx
30026,xxx
30027,пре́увеличили
30028,xxx
30029,xxx
30030,xxx
30031,xxx
30032,xxx
30033,xxx
30034,xxx
30035,xxx
30036,xxx
30037,xxx
30038,xxx
30039,xxx
30040,xxx
30041,xxx
30042,xxx
30043,xxx
30044,xxx
30045,xxx
30046,xxx
30047,xxx
30048,xxx
30049,xxx
30050,xxx
30051,xxx
30052,xxx
30053,xxx
30054,xxx
30055,xxx
30056,xxx
30057,xxx
30058,xxx
30059,xxx
30060,xxx
30061,xxx
30062,xxx
30063,xxx
30064,xxx
30065,xxx
30066,xxx
30067,xxx
30068,xxx
30069,xxx
30070,привяза́ла
30071,xxx
30072,xxx
30073,xxx
30074,xxx
30075,xxx
30076,xxx
30077,xxx
30078,xxx
30079,xxx
30080,xxx
30081,xxx
30082,xxx
30083,xxx
30084,xxx
30085,xxx
30086,xxx
30087,xxx
30088,xxx
30089,xxx
30090,xxx
30091,xxx
30092,xxx
30093,xxx
30094,призаре́лъ
30095,xxx
30096,xxx
30097,xxx
30098,xxx
30099,xxx
30100,xxx
30101,xxx
30102,xxx
30103,xxx
30104,xxx
30105,xxx
30106,придѣлаа́ть
30107,xxx
30108,xxx
30109,xxx
30110,xxx
30111,xxx
30112,xxx
30113,при́драѫть
30114,xxx
30115,xxx
30116,xxx
30117,xxx
30118,xxx
30119,xxx
30120,xxx
30121,прижа́ла
30122,xxx
30123,xxx
30124,xxx
30125,xxx
30126,призре́ѫть
30127,прицата́ли
30128,xxx
30129,xxx
30130,xxx
30131,xxx
30132,xxx
30133,xxx
30134,xxx
30135,xxx
30136,xxx
30137,xxx
30138,xxx
30139,xxx
30140,xxx
30141,xxx
30142,xxx
30143,xxx
30144,xxx
30145,xxx
30146,xxx
30147,xxx
30148,xxx
30149,xxx
30150,xxx
30151,xxx
30152,xxx
30153,xxx
30154,xxx
30155,xxx
30156,xxx
30157,xxx
30158,xxx
30159,xxx
30160,xxx
30161,xxx
30162,xxx
30163,xxx
30164,xxx
30165,xxx
30166,xxx
30167,xxx
30168,xxx
30169,xxx
30170,xxx
30171,xxx
30172,xxx
30173,xxx
30174,xxx
30175,xxx
30176,xxx
30177,xxx
30178,xxx
30179,xxx
30180,xxx
30181,xxx
30182,xxx
30183,xxx
30184,xxx
30185,xxx
30186,прилеси́
30187,xxx
30188,xxx
30189,xxx
30190,xxx
30191,xxx
30192,xxx
30193,xxx
30194,xxx
30195,xxx
30196,xxx
30197,xxx
30198,xxx
30199,xxx
30200,xxx
30201,xxx
30202,xxx
30203,xxx
30204,xxx
30205,xxx
30206,xxx
30207,xxx
30208,xxx
30209,xxx
30210,xxx
30211,xxx
30212,xxx
30213,xxx
30214,xxx
30215,xxx
30216,xxx
30217,xxx
30218,xxx
30219,xxx
30220,xxx
30221,xxx
30222,xxx
30223,xxx
30224,xxx
30225,xxx
30226,xxx
30227,xxx
30228,xxx
30229,xxx
30230,xxx
30231,xxx
30232,xxx
30233,xxx
30234,xxx
30235,xxx
30236,xxx
30237,xxx
30238,xxx
30239,xxx
30240,xxx
30241,приня́ла
30242,xxx
30243,xxx
30244,xxx
30245,xxx
30246,xxx
30247,xxx
30248,xxx
30249,xxx
30250,xxx
30251,xxx
30252,xxx
30253,xxx
30254,xxx
30255,xxx
30256,xxx
30257,xxx
30258,xxx
30259,xxx
30260,xxx
30261,xxx
30262,xxx
30263,xxx
30264,xxx
30265,xxx
30266,xxx
30267,xxx
30268,xxx
30269,xxx
30270,xxx
30271,xxx
30272,xxx
30273,xxx
30274,xxx
30275,xxx
30276,xxx
30277,xxx
30278,xxx
30279,xxx
30280,xxx
30281,xxx
30282,xxx
30283,присе́слъ
30284,xxx
30285,xxx
30286,xxx
30287,xxx
30288,xxx
30289,xxx
30290,xxx
30291,xxx
30292,xxx
30293,xxx
30294,xxx
30295,xxx
30296,xxx
30297,xxx
30298,xxx
30299,xxx
30300,xxx
30301,xxx
30302,xxx
30303,xxx
30304,xxx
30305,приста́ить
30306,xxx
30307,xxx
30308,xxx
30309,xxx
30310,xxx
30311,xxx
30312,xxx
30313,xxx
30314,xxx
30315,xxx
30316,xxx
30317,xxx
30318,xxx
30319,xxx
30320,xxx
30321,xxx
30322,xxx
30323,xxx
30324,xxx
30325,xxx
30326,xxx
30327,xxx
30328,xxx
30329,xxx
30330,xxx
30331,xxx
30332,xxx
30333,xxx
30334,xxx
30335,xxx
30336,xxx
30337,xxx
30338,xxx
30339,xxx
30340,xxx
30341,xxx
30342,xxx
30343,xxx
30344,xxx
30345,xxx
30346,xxx
30347,xxx
30348,xxx
30349,xxx
30350,xxx
30351,приурачила́
30352,xxx
30353,xxx
30354,xxx
30355,xxx
30356,xxx
30357,xxx
30358,xxx
30359,xxx
30360,xxx
30361,xxx
30362,xxx
30363,xxx
30364,xxx
30365,xxx
30366,xxx
30367,xxx
30368,xxx
30369,xxx
30370,xxx
30371,причѣса́си
30372,причѣса́ла
30373,xxx
30374,xxx
30375,xxx
30376,xxx
30377,xxx
30378,xxx
30379,xxx
30380,xxx
30381,xxx
30382,xxx
30383,xxx
30384,xxx
30385,xxx
30386,xxx
30387,xxx
30388,xxx
30389,xxx
30390,xxx
30391,xxx
30392,xxx
30393,xxx
30394,xxx
30395,xxx
30396,xxx
30397,xxx
30398,xxx
30399,xxx
30400,xxx
30401,праанализирава́мъ
30402,xxx
30403,xxx
30404,xxx
30405,xxx
30406,xxx
30407,xxx
30408,xxx
30409,xxx
30410,xxx
30411,xxx
30412,xxx
30413,xxx
30414,xxx
30415,xxx
30416,прабармата́ѫ
30417,xxx
30418,xxx
30419,прабарматали́
30420,прабра́имъ
30421,xxx
30422,xxx
30423,xxx
30424,xxx
30425,xxx
30426,xxx
30427,xxx
30428,xxx
30429,xxx
30430,xxx
30431,xxx
30432,xxx
30433,xxx
30434,xxx
30435,xxx
30436,xxx
30437,правалите́
30438,xxx
30439,xxx
30440,xxx
30441,xxx
30442,xxx
30443,xxx
30444,xxx
30445,xxx
30446,праглядело́
30447,xxx
30448,xxx
30449,xxx
30450,xxx
30451,xxx
30452,xxx
30453,xxx
30454,xxx
30455,про́гласаваѫ
30456,xxx
30457,прагласавала́
30458,xxx
30459,xxx
30460,xxx
30461,xxx
30462,xxx
30463,xxx
30464,xxx
30465,xxx
30466,xxx
30467,про́грѣли
30468,про́гудеете
30469,xxx
30470,xxx
30471,xxx
30472,прагуля́лъ
30473,про́гуляла
30474,xxx
30475,xxx
30476,xxx
30477,xxx
30478,xxx
30479,xxx
30480,xxx
30481,xxx
30482,xxx
30483,xxx
30484,xxx
30485,xxx
30486,xxx
30487,прадеманстрирава́ите
30488,xxx
30489,прадеманстрираваѫ́
30490,xxx
30491,xxx
30492,xxx
30493,xxx
30494,xxx
30495,про́драте
30496,xxx
30497,xxx
30498,праеба́ѫ
30499,про́зваеши
30500,xxx
30501,xxx
30502,xxx
30503,xxx
30504,xxx
30505,xxx
30506,xxx
30507,празрее́мъ
30508,xxx
30509,xxx
30510,xxx
30511,xxx
30512,праиллюстрирава́ла
30513,праиндексирава́те
30514,праинфармирава́мь
30515,ска́тиемъ
30516,xxx
30517,xxx
30518,xxx
30519,xxx
30520,пракати́иши
30521,xxx
30522,xxx
30523,xxx
30524,xxx
30525,пракамментираваю́
30526,пракамментираваи́ть
30527,xxx
30528,xxx
30529,xxx
30530,xxx
30531,xxx
30532,прале́зиши
30533,xxx
30534,про́лезлъ
30535,про́лепетаимъ
30536,xxx
30537,xxx
30538,xxx
30539,xxx
30540,xxx
30541,xxx
30542,xxx
30543,xxx
30544,xxx
30545,xxx
30546,прлами́ла
30547,xxx
30548,xxx
30549,xxx
30550,xxx
30551,xxx
30552,xxx
30553,xxx
30554,прамельцнуи́мъ
30555,xxx
30556,xxx
30557,xxx
30558,xxx
30559,xxx
30560,xxx
30561,про́истееть
30562,xxx
30563,xxx
30564,xxx
30565,xxx
30566,xxx
30567,xxx
30568,xxx
30569,xxx
30570,прамямли́ли
30571,xxx
30572,xxx
30573,xxx
30574,xxx
30575,xxx
30576,xxx
30577,xxx
30578,пранянчила́
30579,xxx
30580,xxx
30581,xxx
30582,xxx
30583,xxx
30584,патрагаи́мъ
30585,xxx
30586,xxx
30587,абаснавыва́лъ
30588,xxx
30589,xxx
30590,праписате́
30591,xxx
30592,xxx
30593,xxx
30594,xxx
30595,xxx
30596,xxx
30597,xxx
30598,xxx
30599,xxx
30600,xxx
30601,xxx
30602,прарасѫ́ть
30603,xxx
30604,xxx
30605,xxx
30606,xxx
30607,xxx
30608,xxx
30609,xxx
30610,xxx
30611,нагаваривае́те
30612,xxx
30613,xxx
30614,xxx
30615,xxx
30616,xxx
30617,xxx
30618,праскальзнули́
30619,xxx
30620,xxx
30621,xxx
30622,xxx
30623,xxx
30624,xxx
30625,xxx
30626,xxx
30627,xxx
30628,xxx
30629,xxx
30630,прасрачи́ли
30631,про́стрѣѫ
30632,xxx
30633,xxx
30634,xxx
30635,xxx
30636,xxx
30637,xxx
30638,xxx
30639,xxx
30640,xxx
30641,xxx
30642,xxx
30643,xxx
30644,xxx
30645,xxx
30646,прастраи́ѫть
30647,про́страчиѫть
30648,прастрачи́ли
30649,xxx
30650,xxx
30651,xxx
30652,xxx
30653,xxx
30654,xxx
30655,xxx
30656,xxx
30657,xxx
30658,xxx
30659,xxx
30660,xxx
30661,xxx
30662,xxx
30663,xxx
30664,xxx
30665,xxx
30666,xxx
30667,xxx
30668,xxx
30669,xxx
30670,xxx
30671,xxx
30672,xxx
30673,xxx
30674,xxx
30675,xxx
30676,xxx
30677,xxx
30678,xxx
30679,xxx
30680,xxx
30681,xxx
30682,про́тяную
30683,xxx
30684,xxx
30685,xxx
30686,xxx
30687,xxx
30688,xxx
30689,xxx
30690,xxx
30691,xxx
30692,працитирава́ли
30693,прачувствава́мъ
30694,прачувствава́ли
30695,xxx
30696,xxx
30697,xxx
30698,xxx
30699,xxx
30700,xxx
30701,xxx
30702,xxx
30703,праясни́ать
30704,xxx
30705,xxx
30706,xxx
30707,xxx
30708,xxx
30709,xxx
30710,xxx
30711,xxx
30712,xxx
30713,xxx
30714,xxx
30715,xxx
30716,xxx
30717,xxx
30718,xxx
30719,xxx
30720,xxx
30721,xxx
30722,xxx
30723,xxx
30724,xxx
30725,xxx
30726,xxx
30727,xxx
30728,xxx
30729,xxx
30730,xxx
30731,xxx
30732,xxx
30733,xxx
30734,xxx
30735,xxx
30736,xxx
30737,xxx
30738,xxx
30739,xxx
30740,xxx
30741,xxx
30742,xxx
30743,xxx
30744,xxx
30745,xxx
30746,xxx
30747,xxx
30748,xxx
30749,xxx
30750,xxx
30751,xxx
30752,xxx
30753,xxx
30754,xxx
30755,xxx
30756,xxx
30757,xxx
30758,xxx
30759,xxx
30760,xxx
30761,xxx
30762,xxx
30763,xxx
30764,xxx
30765,xxx
30766,xxx
30767,xxx
30768,xxx
30769,xxx
30770,xxx
30771,xxx
30772,xxx
30773,xxx
30774,xxx
30775,xxx
30776,xxx
30777,xxx
30778,xxx
30779,xxx
30780,xxx
30781,развалнава́емъ
30782,xxx
30783,xxx
30784,xxx
30785,xxx
30786,xxx
30787,xxx
30788,xxx
30789,xxx
30790,ра́згадаиши
30791,разгнева́еши
30792,xxx
30793,xxx
30794,xxx
30795,xxx
30796,xxx
30797,xxx
30798,xxx
30799,разгарѣ́ла
30800,ра́згарячиси
30801,xxx
30802,xxx
30803,xxx
30804,xxx
30805,xxx
30806,xxx
30807,xxx
30808,xxx
30809,разгуля́мъ
30810,xxx
30811,xxx
30812,xxx
30813,xxx
30814,xxx
30815,xxx
30816,xxx
30817,xxx
30818,xxx
30819,xxx
30820,xxx
30821,xxx
30822,xxx
30823,xxx
30824,xxx
30825,xxx
30826,xxx
30827,xxx
30828,xxx
30829,xxx
30830,xxx
30831,xxx
30832,xxx
30833,xxx
30834,xxx
30835,xxx
30836,xxx
30837,xxx
30838,xxx
30839,xxx
30840,xxx
30841,xxx
30842,xxx
30843,xxx
30844,xxx
30845,xxx
30846,xxx
30847,xxx
30848,xxx
30849,xxx
30850,xxx
30851,xxx
30852,xxx
30853,xxx
30854,xxx
30855,xxx
30856,xxx
30857,xxx
30858,xxx
30859,xxx
30860,xxx
30861,xxx
30862,xxx
30863,xxx
30864,xxx
30865,xxx
30866,xxx
30867,xxx
30868,разлила́
30869,разли́ли
30870,xxx
30871,xxx
30872,xxx
30873,xxx
30874,xxx
30875,xxx
30876,xxx
30877,xxx
30878,xxx
30879,xxx
30880,xxx
30881,xxx
30882,xxx
30883,xxx
30884,xxx
30885,xxx
30886,xxx
30887,xxx
30888,xxx
30889,xxx
30890,размазае́мъ
30891,xxx
30892,xxx
30893,xxx
30894,xxx
30895,xxx
30896,xxx
30897,xxx
30898,xxx
30899,xxx
30900,xxx
30901,xxx
30902,xxx
30903,xxx
30904,xxx
30905,xxx
30906,xxx
30907,xxx
30908,xxx
30909,xxx
30910,xxx
30911,xxx
30912,xxx
30913,xxx
30914,xxx
30915,xxx
30916,xxx
30917,xxx
30918,xxx
30919,xxx
30920,xxx
30921,xxx
30922,xxx
30923,xxx
30924,xxx
30925,ра́заблачили
30926,ра́загнаѫ
30927,xxx
30928,xxx
30929,xxx
30930,ра́загнала
30931,разагрело́
30932,xxx
30933,xxx
30934,xxx
30935,xxx
30936,xxx
30937,xxx
30938,xxx
30939,xxx
30940,xxx
30941,xxx
30942,xxx
30943,xxx
30944,xxx
30945,xxx
30946,xxx
30947,xxx
30948,xxx
30949,разастлате́
30950,xxx
30951,xxx
30952,xxx
30953,xxx
30954,xxx
30955,xxx
30956,xxx
30957,xxx
30958,xxx
30959,xxx
30960,xxx
30961,xxx
30962,xxx
30963,xxx
30964,xxx
30965,xxx
30966,xxx
30967,xxx
30968,xxx
30969,разузна́ете
30970,xxx
30971,xxx
30972,xxx
30973,xxx
30974,xxx
30975,xxx
30976,xxx
30977,xxx
30978,xxx
30979,xxx
30980,xxx
30981,xxx
30982,xxx
30983,xxx
30984,xxx
30985,xxx
30986,xxx
30987,xxx
30988,xxx
30989,xxx
30990,xxx
30991,xxx
30992,xxx
30993,xxx
30994,xxx
30995,xxx
30996,xxx
30997,xxx
30998,xxx
30999,xxx
31000,xxx
31001,xxx
31002,xxx
31003,xxx
31004,xxx
31005,xxx
31006,раскланя́мъ
31007,xxx
31008,xxx
31009,xxx
31010,xxx
31011,xxx
31012,xxx
31013,xxx
31014,xxx
31015,xxx
31016,xxx
31017,xxx
31018,xxx
31019,xxx
31020,xxx
31021,xxx
31022,xxx
31023,xxx
31024,xxx
31025,ра́скрымъ
31026,раскры́ли
31027,xxx
31028,xxx
31029,xxx
31030,xxx
31031,xxx
31032,xxx
31033,xxx
31034,xxx
31035,xxx
31036,xxx
31037,xxx
31038,xxx
31039,xxx
31040,xxx
31041,xxx
31042,xxx
31043,xxx
31044,расписа́иши
31045,xxx
31046,xxx
31047,xxx
31048,xxx
31049,xxx
31050,xxx
31051,xxx
31052,xxx
31053,xxx
31054,xxx
31055,xxx
31056,xxx
31057,xxx
31058,xxx
31059,xxx
31060,xxx
31061,распалзтисьи́мъ
31062,распалзтисьла́
31063,xxx
31064,xxx
31065,xxx
31066,xxx
31067,xxx
31068,xxx
31069,xxx
31070,xxx
31071,xxx
31072,xxx
31073,xxx
31074,xxx
31075,xxx
31076,распрастрание́ть
31077,ра́спращаѫ
31078,xxx
31079,xxx
31080,xxx
31081,xxx
31082,xxx
31083,xxx
31084,xxx
31085,xxx
31086,xxx
31087,xxx
31088,xxx
31089,xxx
31090,xxx
31091,xxx
31092,xxx
31093,xxx
31094,xxx
31095,xxx
31096,xxx
31097,xxx
31098,xxx
31099,xxx
31100,xxx
31101,xxx
31102,xxx
31103,xxx
31104,xxx
31105,xxx
31106,xxx
31107,xxx
31108,xxx
31109,xxx
31110,xxx
31111,рассеяло́
31112,xxx
31113,xxx
31114,xxx
31115,xxx
31116,xxx
31117,xxx
31118,xxx
31119,xxx
31120,xxx
31121,xxx
31122,xxx
31123,xxx
31124,xxx
31125,xxx
31126,xxx
31127,xxx
31128,xxx
31129,xxx
31130,xxx
31131,xxx
31132,xxx
31133,xxx
31134,xxx
31135,xxx
31136,xxx
31137,xxx
31138,xxx
31139,xxx
31140,xxx
31141,xxx
31142,xxx
31143,xxx
31144,xxx
31145,xxx
31146,xxx
31147,xxx
31148,xxx
31149,xxx
31150,xxx
31151,xxx
31152,xxx
31153,xxx
31154,xxx
31155,xxx
31156,xxx
31157,xxx
31158,xxx
31159,xxx
31160,xxx
31161,xxx
31162,xxx
31163,расталкава́еть
31164,xxx
31165,xxx
31166,xxx
31167,xxx
31168,xxx
31169,xxx
31170,xxx
31171,xxx
31172,растрага́лъ
31173,xxx
31174,xxx
31175,xxx
31176,xxx
31177,xxx
31178,xxx
31179,xxx
31180,xxx
31181,xxx
31182,xxx
31183,xxx
31184,ра́сцвесла
31185,расцелаваи́мъ
31186,xxx
31187,xxx
31188,xxx
31189,xxx
31190,xxx
31191,xxx
31192,рвану́еть
31193,рва́нула
31194,xxx
31195,xxx
31196,xxx
31197,xxx
31198,xxx
31199,xxx
31200,xxx
31201,xxx
31202,xxx
31203,xxx
31204,равня́иши
31205,xxx
31206,xxx
31207,xxx
31208,xxx
31209,xxx
31210,xxx
31211,xxx
31212,xxx
31213,xxx
31214,xxx
31215,xxx
31216,xxx
31217,xxx
31218,сбавию́
31219,сба́виить
31220,xxx
31221,сба́лансираваѫть
31222,xxx
31223,xxx
31224,сби́ла
31225,xxx
31226,xxx
31227,xxx
31228,xxx
31229,xxx
31230,xxx
31231,xxx
31232,xxx
31233,xxx
31234,xxx
31235,xxx
31236,xxx
31237,xxx
31238,xxx
31239,xxx
31240,xxx
31241,xxx
31242,свали́ить
31243,xxx
31244,xxx
31245,xxx
31246,xxx
31247,xxx
31248,xxx
31249,xxx
31250,xxx
31251,xxx
31252,xxx
31253,xxx
31254,xxx
31255,xxx
31256,xxx
31257,xxx
31258,xxx
31259,xxx
31260,xxx
31261,xxx
31262,xxx
31263,xxx
31264,xxx
31265,xxx
31266,умудряѫ́ть
31267,заражала́
31268,xxx
31269,xxx
31270,xxx
31271,xxx
31272,xxx
31273,xxx
31274,сви́ли
31275,xxx
31276,xxx
31277,xxx
31278,xxx
31279,связали́
31280,xxx
31281,xxx
31282,xxx
31283,xxx
31284,сглади́те
31285,xxx
31286,xxx
31287,xxx
31288,xxx
31289,xxx
31290,xxx
31291,сгавари́ли
31292,xxx
31293,xxx
31294,xxx
31295,xxx
31296,xxx
31297,xxx
31298,xxx
31299,xxx
31300,xxx
31301,xxx
31302,xxx
31303,xxx
31304,xxx
31305,xxx
31306,сгрѣсе́ши
31307,xxx
31308,xxx
31309,xxx
31310,xxx
31311,xxx
31312,xxx
31313,xxx
31314,сгруппираваю́
31315,сгруппирава́иши
31316,xxx
31317,xxx
31318,xxx
31319,xxx
31320,xxx
31321,xxx
31322,xxx
31323,xxx
31324,xxx
31325,сда́мь
31326,xxx
31327,xxx
31328,xxx
31329,xxx
31330,xxx
31331,xxx
31332,xxx
31333,xxx
31334,xxx
31335,xxx
31336,xxx
31337,сделаѫ́ть
31338,xxx
31339,xxx
31340,xxx
31341,xxx
31342,xxx
31343,xxx
31344,xxx
31345,xxx
31346,xxx
31347,xxx
31348,xxx
31349,xxx
31350,xxx
31351,сдули́
31352,xxx
31353,xxx
31354,xxx
31355,xxx
31356,ска́чаиши
31357,xxx
31358,xxx
31359,xxx
31360,xxx
31361,xxx
31362,xxx
31363,xxx
31364,xxx
31365,xxx
31366,xxx
31367,xxx
31368,xxx
31369,xxx
31370,xxx
31371,xxx
31372,xxx
31373,скамкаи́ть
31374,xxx
31375,скампраметирава́ете
31376,xxx
31377,xxx
31378,xxx
31379,xxx
31380,xxx
31381,xxx
31382,xxx
31383,xxx
31384,xxx
31385,xxx
31386,xxx
31387,xxx
31388,xxx
31389,xxx
31390,xxx
31391,xxx
31392,xxx
31393,скапирава́мъ
31394,xxx
31395,xxx
31396,xxx
31397,xxx
31398,xxx
31399,xxx
31400,xxx
31401,xxx
31402,xxx
31403,xxx
31404,xxx
31405,xxx
31406,xxx
31407,xxx
31408,xxx
31409,xxx
31410,xxx
31411,xxx
31412,xxx
31413,xxx
31414,xxx
31415,xxx
31416,xxx
31417,xxx
31418,xxx
31419,xxx
31420,xxx
31421,xxx
31422,xxx
31423,xxx
31424,xxx
31425,xxx
31426,xxx
31427,xxx
31428,xxx
31429,xxx
31430,xxx
31431,xxx
31432,xxx
31433,xxx
31434,xxx
31435,xxx
31436,xxx
31437,xxx
31438,xxx
31439,xxx
31440,xxx
31441,xxx
31442,xxx
31443,xxx
31444,xxx
31445,xxx
31446,слете́ла
31447,xxx
31448,xxx
31449,xxx
31450,xxx
31451,xxx
31452,xxx
31453,xxx
31454,xxx
31455,xxx
31456,xxx
31457,xxx
31458,xxx
31459,xxx
31460,xxx
31461,xxx
31462,xxx
31463,xxx
31464,xxx
31465,xxx
31466,xxx
31467,xxx
31468,xxx
31469,xxx
31470,xxx
31471,xxx
31472,xxx
31473,xxx
31474,xxx
31475,xxx
31476,смахну́лъ
31477,сма́хнула
31478,xxx
31479,xxx
31480,xxx
31481,xxx
31482,xxx
31483,xxx
31484,xxx
31485,xxx
31486,xxx
31487,xxx
31488,xxx
31489,xxx
31490,xxx
31491,xxx
31492,смеря́ете
31493,смеря́лъ
31494,xxx
31495,xxx
31496,xxx
31497,xxx
31498,xxx
31499,xxx
31500,xxx
31501,xxx
31502,смеша́мь
31503,xxx
31504,смеша́мъ
31505,xxx
31506,xxx
31507,xxx
31508,xxx
31509,xxx
31510,xxx
31511,xxx
31512,смаделирава́ѫть
31513,xxx
31514,xxx
31515,xxx
31516,xxx
31517,xxx
31518,смо́лчамь
31519,смалча́ла
31520,xxx
31521,xxx
31522,xxx
31523,xxx
31524,xxx
31525,xxx
31526,xxx
31527,xxx
31528,xxx
31529,xxx
31530,xxx
31531,xxx
31532,xxx
31533,xxx
31534,xxx
31535,xxx
31536,xxx
31537,xxx
31538,xxx
31539,xxx
31540,xxx
31541,xxx
31542,xxx
31543,xxx
31544,xxx
31545,xxx
31546,xxx
31547,xxx
31548,смы́ите
31549,смягчили́
31550,смя́иши
31551,xxx
31552,xxx
31553,xxx
31554,xxx
31555,xxx
31556,xxx
31557,xxx
31558,xxx
31559,xxx
31560,xxx
31561,xxx
31562,xxx
31563,xxx
31564,xxx
31565,xxx
31566,xxx
31567,xxx
31568,xxx
31569,xxx
31570,xxx
31571,xxx
31572,xxx
31573,xxx
31574,xxx
31575,xxx
31576,xxx
31577,xxx
31578,xxx
31579,xxx
31580,xxx
31581,садраи́те
31582,xxx
31583,xxx
31584,садрагну́ть
31585,xxx
31586,xxx
31587,xxx
31588,xxx
31589,xxx
31590,xxx
31591,xxx
31592,xxx
31593,xxx
31594,xxx
31595,сазнаѫ́ть
31596,то́птаю
31597,xxx
31598,xxx
31599,со́йтисью
31600,xxx
31601,xxx
31602,xxx
31603,xxx
31604,xxx
31605,xxx
31606,xxx
31607,xxx
31608,xxx
31609,xxx
31610,xxx
31611,xxx
31612,xxx
31613,xxx
31614,xxx
31615,xxx
31616,сапря́ть
31617,xxx
31618,xxx
31619,сарвае́мъ
31620,xxx
31621,xxx
31622,со́скальзнула
31623,xxx
31624,xxx
31625,xxx
31626,сасла́ла
31627,xxx
31628,сасла́имъ
31629,састави́еши
31630,xxx
31631,xxx
31632,xxx
31633,састари́те
31634,састари́мь
31635,xxx
31636,xxx
31637,xxx
31638,xxx
31639,xxx
31640,сахрание́ши
31641,xxx
31642,xxx
31643,xxx
31644,xxx
31645,xxx
31646,xxx
31647,xxx
31648,xxx
31649,xxx
31650,xxx
31651,xxx
31652,спа́стисьѫ
31653,спа́сете
31654,спею́
31655,xxx
31656,xxx
31657,xxx
31658,xxx
31659,xxx
31660,xxx
31661,xxx
31662,xxx
31663,xxx
31664,xxx
31665,xxx
31666,xxx
31667,xxx
31668,xxx
31669,xxx
31670,xxx
31671,xxx
31672,xxx
31673,xxx
31674,xxx
31675,xxx
31676,xxx
31677,xxx
31678,xxx
31679,xxx
31680,xxx
31681,спля́сали
31682,xxx
31683,xxx
31684,xxx
31685,xxx
31686,xxx
31687,спра́вила
31688,xxx
31689,справациравало́
31690,спраецирава́ю
31691,xxx
31692,xxx
31693,xxx
31694,xxx
31695,xxx
31696,xxx
31697,xxx
31698,xxx
31699,xxx
31700,xxx
31701,xxx
31702,xxx
31703,xxx
31704,xxx
31705,xxx
31706,xxx
31707,спу́таеши
31708,xxx
31709,xxx
31710,сравни́ла
31711,xxx
31712,xxx
31713,xxx
31714,xxx
31715,xxx
31716,сразиа́ть
31717,xxx
31718,xxx
31719,xxx
31720,xxx
31721,xxx
31722,xxx
31723,сравня́иши
31724,xxx
31725,xxx
31726,xxx
31727,xxx
31728,xxx
31729,xxx
31730,xxx
31731,xxx
31732,xxx
31733,xxx
31734,xxx
31735,xxx
31736,xxx
31737,xxx
31738,xxx
31739,xxx
31740,xxx
31741,xxx
31742,xxx
31743,xxx
31744,xxx
31745,xxx
31746,xxx
31747,xxx
31748,xxx
31749,xxx
31750,xxx
31751,xxx
31752,xxx
31753,xxx
31754,xxx
31755,xxx
31756,xxx
31757,xxx
31758,xxx
31759,xxx
31760,xxx
31761,xxx
31762,xxx
31763,xxx
31764,xxx
31765,xxx
31766,xxx
31767,xxx
31768,xxx
31769,xxx
31770,xxx
31771,xxx
31772,xxx
31773,xxx
31774,xxx
31775,xxx
31776,xxx
31777,xxx
31778,xxx
31779,xxx
31780,xxx
31781,xxx
31782,xxx
31783,xxx
31784,xxx
31785,xxx
31786,xxx
31787,xxx
31788,xxx
31789,xxx
31790,xxx
31791,xxx
31792,xxx
31793,xxx
31794,xxx
31795,xxx
31796,xxx
31797,xxx
31798,xxx
31799,xxx
31800,xxx
31801,xxx
31802,xxx
31803,xxx
31804,xxx
31805,xxx
31806,xxx
31807,xxx
31808,xxx
31809,xxx
31810,xxx
31811,xxx
31812,xxx
31813,xxx
31814,xxx
31815,xxx
31816,xxx
31817,xxx
31818,xxx
31819,xxx
31820,xxx
31821,xxx
31822,xxx
31823,сфармираваѫ́ть
31824,сфатаграфирава́ла
31825,xxx
31826,xxx
31827,xxx
31828,xxx
31829,xxx
31830,xxx
31831,xxx
31832,xxx
31833,xxx
31834,xxx
31835,xxx
31836,xxx
31837,xxx
31838,xxx
31839,xxx
31840,xxx
31841,xxx
31842,сымитирава́ѫть
31843,сымитиравали́
31844,xxx
31845,xxx
31846,xxx
31847,xxx
31848,xxx
31849,xxx
31850,xxx
31851,xxx
31852,xxx
31853,xxx
31854,xxx
31855,xxx
31856,xxx
31857,xxx
31858,xxx
31859,xxx
31860,xxx
31861,xxx
31862,xxx
31863,xxx
31864,xxx
31865,xxx
31866,xxx
31867,xxx
31868,xxx
31869,xxx
31870,трансфармирава́ете
31871,атадвинуѫ́ть
31872,тра́хнуимъ
31873,xxx
31874,xxx
31875,xxx
31876,xxx
31877,xxx
31878,xxx
31879,убаюка́ить
31880,xxx
31881,xxx
31882,xxx
31883,xxx
31884,xxx
31885,xxx
31886,xxx
31887,xxx
31888,убрало́
31889,xxx
31890,xxx
31891,xxx
31892,xxx
31893,xxx
31894,xxx
31895,xxx
31896,xxx
31897,xxx
31898,xxx
31899,xxx
31900,xxx
31901,xxx
31902,xxx
31903,xxx
31904,xxx
31905,xxx
31906,xxx
31907,xxx
31908,xxx
31909,xxx
31910,увянуе́те
31911,xxx
31912,xxx
31913,xxx
31914,xxx
31915,xxx
31916,xxx
31917,xxx
31918,xxx
31919,xxx
31920,xxx
31921,xxx
31922,xxx
31923,xxx
31924,xxx
31925,xxx
31926,xxx
31927,xxx
31928,xxx
31929,xxx
31930,xxx
31931,xxx
31932,у́держаеши
31933,xxx
31934,xxx
31935,xxx
31936,xxx
31937,xxx
31938,xxx
31939,xxx
31940,xxx
31941,xxx
31942,xxx
31943,xxx
31944,xxx
31945,xxx
31946,xxx
31947,xxx
31948,xxx
31949,xxx
31950,xxx
31951,xxx
31952,xxx
31953,xxx
31954,xxx
31955,xxx
31956,xxx
31957,xxx
31958,xxx
31959,узаканила́
31960,xxx
31961,xxx
31962,xxx
31963,уклание́ть
31964,укрепии́мъ
31965,укрепи́ла
31966,xxx
31967,xxx
31968,у́крылъ
31969,xxx
31970,укры́ете
31971,xxx
31972,xxx
31973,xxx
31974,xxx
31975,xxx
31976,xxx
31977,xxx
31978,xxx
31979,xxx
31980,xxx
31981,xxx
31982,xxx
31983,xxx
31984,xxx
31985,xxx
31986,xxx
31987,xxx
31988,xxx
31989,xxx
31990,xxx
31991,xxx
31992,xxx
31993,xxx
31994,xxx
31995,xxx
31996,xxx
31997,xxx
31998,xxx
31999,xxx
32000,xxx
32001,xxx
32002,xxx
32003,умчаа́ть
32004,xxx
32005,xxx
32006,унѣсти́сьите
32007,xxx
32008,xxx
32009,xxx
32010,xxx
32011,упрѣ́ла
32012,xxx
32013,xxx
32014,xxx
32015,xxx
32016,xxx
32017,xxx
32018,xxx
32019,xxx
32020,xxx
32021,xxx
32022,xxx
32023,xxx
32024,xxx
32025,xxx
32026,xxx
32027,xxx
32028,xxx
32029,xxx
32030,xxx
32031,xxx
32032,xxx
32033,xxx
32034,xxx
32035,xxx
32036,xxx
32037,xxx
32038,xxx
32039,xxx
32040,xxx
32041,xxx
32042,xxx
32043,упрята́еши
32044,xxx
32045,xxx
32046,xxx
32047,xxx
32048,xxx
32049,у́сесѫ
32050,у́сеслъ
32051,xxx
32052,xxx
32053,xxx
32054,xxx
32055,xxx
32056,xxx
32057,xxx
32058,xxx
32059,xxx
32060,xxx
32061,xxx
32062,xxx
32063,xxx
32064,xxx
32065,xxx
32066,xxx
32067,xxx
32068,xxx
32069,xxx
32070,xxx
32071,xxx
32072,xxx
32073,xxx
32074,xxx
32075,xxx
32076,xxx
32077,xxx
32078,xxx
32079,усматреѫ́
32080,xxx
32081,xxx
32082,xxx
32083,xxx
32084,xxx
32085,xxx
32086,xxx
32087,xxx
32088,xxx
32089,xxx
32090,xxx
32091,xxx
32092,xxx
32093,xxx
32094,xxx
32095,xxx
32096,xxx
32097,xxx
32098,xxx
32099,xxx
32100,xxx
32101,xxx
32102,xxx
32103,xxx
32104,xxx
32105,xxx
32106,xxx
32107,xxx
32108,xxx
32109,xxx
32110,xxx
32111,xxx
32112,xxx
32113,xxx
32114,xxx
32115,xxx
32116,xxx
32117,xxx
32118,xxx
32119,xxx
32120,xxx
32121,xxx
32122,xxx
32123,xxx
32124,xxx
32125,xxx
32126,xxx
32127,xxx
32128,xxx
32129,xxx
32130,xxx
32131,xxx
32132,у́трѣеть
32133,утрѣѫ́ть
32134,xxx
32135,xxx
32136,xxx
32137,xxx
32138,xxx
32139,xxx
32140,xxx
32141,xxx
32142,xxx
32143,xxx
32144,xxx
32145,xxx
32146,xxx
32147,xxx
32148,xxx
32149,xxx
32150,xxx
32151,xxx
32152,xxx
32153,xxx
32154,xxx
32155,xxx
32156,xxx
32157,xxx
32158,xxx
32159,xxx
32160,xxx
32161,xxx
32162,xxx
32163,xxx
32164,xxx
32165,xxx
32166,xxx
32167,xxx
32168,xxx
32169,xxx
32170,xxx
32171,xxx
32172,xxx
32173,xxx
32174,xxx
32175,xxx
32176,xxx
32177,xxx
32178,xxx
32179,у́хнуимъ
32180,ухну́ать
32181,xxx
32182,xxx
32183,xxx
32184,xxx
32185,xxx
32186,xxx
32187,xxx
32188,xxx
32189,xxx
32190,xxx
32191,xxx
32192,xxx
32193,xxx
32194,xxx
32195,xxx
32196,xxx
32197,xxx
32198,xxx
32199,xxx
32200,хлыну́емъ
32201,xxx
32202,хмы́кнула
32203,xxx
32204,xxx
32205,xxx
32206,xxx
32207,xxx
32208,хрустнуе́те
32209,xxx
32210,xxx
32211,xxx
32212,xxx
32213,xxx
32214,xxx
32215,xxx
32216,xxx
32217,xxx
32218,xxx
32219,xxx
32220,xxx
32221,xxx
32222,xxx
32223,швырнуло́
32224,xxx
32225,xxx
32226,xxx
32227,xxx
32228,шепнули́
32229,xxx
32230,шлёпнуе́ть
32231,шлё́пнуемъ
32232,xxx
32233,шмы́гнуеть
32234,xxx
32235,xxx
32236,xxx
32237,xxx
32238,xxx
32239,xxx
32240,xxx
32241,xxx
32242,xxx
32243,аа́ма
32244,а́амы
32245,аанги́ча
32246,xxx
32247,абаа́си
32248,абаасы́
32249,xxx
32250,xxx
32251,а́ба-ванѣ
32252,xxx
32253,xxx
32254,xxx
32255,xxx
32256,xxx
32257,xxx
32258,а́бакасътѣхъ
32259,xxx
32260,xxx
32261,xxx
32262,xxx
32263,xxx
32264,xxx
32265,а́ббатѣхъ
32266,а́ббатиса
32267,xxx
32268,xxx
32269,xxx
32270,xxx
32271,xxx
32272,xxx
32273,xxx
32274,xxx
32275,xxx
32276,абдери́ту
32277,xxx
32278,xxx
32279,xxx
32280,xxx
32281,xxx
32282,xxx
32283,xxx
32284,xxx
32285,xxx
32286,xxx
32287,xxx
32288,xxx
32289,xxx
32290,xxx
32291,xxx
32292,xxx
32293,xxx
32294,xxx
32295,xxx
32296,xxx
32297,xxx
32298,xxx
32299,xxx
32300,xxx
32301,xxx
32302,xxx
32303,xxx
32304,а́бдраган
32305,xxx
32306,xxx
32307,xxx
32308,xxx
32309,xxx
32310,xxx
32311,xxx
32312,абеве́га
32313,абевега́мъ
32314,абелево́съть
32315,xxx
32316,абелево́сътьмъ
32317,xxx
32318,xxx
32319,xxx
32320,xxx
32321,xxx
32322,xxx
32323,xxx
32324,абѣльмо́ши
32325,абѣррато́рамъ
32326,а́беррациы
32327,аберраци́ѫ
32328,xxx
32329,xxx
32330,xxx
32331,xxx
32332,xxx
32333,xxx
32334,xxx
32335,xxx
32336,xxx
32337,а́бзаца
32338,xxx
32339,xxx
32340,xxx
32341,xxx
32342,а́бзима
32343,xxx
32344,xxx
32345,абиазѣ́
32346,xxx
32347,xxx
32348,xxx
32349,xxx
32350,xxx
32351,xxx
32352,xxx
32353,xxx
32354,xxx
32355,xxx
32356,xxx
32357,xxx
32358,xxx
32359,xxx
32360,xxx
32361,xxx
32362,xxx
32363,xxx
32364,xxx
32365,xxx
32366,xxx
32367,xxx
32368,xxx
32369,xxx
32370,xxx
32371,xxx
32372,го́ньцамъ
32373,древатачеци́
32374,xxx
32375,xxx
32376,аблятиви́
32377,xxx
32378,абляу́ты
32379,xxx
32380,xxx
32381,xxx
32382,xxx
32383,xxx
32384,xxx
32385,xxx
32386,xxx
32387,xxx
32388,xxx
32389,xxx
32390,xxx
32391,а́бам
32392,xxx
32393,xxx
32394,xxx
32395,xxx
32396,xxx
32397,xxx
32398,xxx
32399,xxx
32400,xxx
32401,xxx
32402,xxx
32403,xxx
32404,xxx
32405,xxx
32406,xxx
32407,або́ртамъ
32408,xxx
32409,xxx
32410,xxx
32411,xxx
32412,xxx
32413,xxx
32414,xxx
32415,xxx
32416,xxx
32417,абрицати́н
32418,xxx
32419,xxx
32420,абрагаци́ы
32421,а́бсанса
32422,абса́нсѣхъ
32423,абсѣ́нтѣ
32424,xxx
32425,xxx
32426,а́бсентизмъ
32427,абсида́
32428,а́бсидѣ
32429,xxx
32430,абсалютизираванио́мь
32431,xxx
32432,xxx
32433,xxx
32434,xxx
32435,абсалютизмѣ́
32436,xxx
32437,xxx
32438,xxx
32439,xxx
32440,а́бсарбату
32441,xxx
32442,xxx
32443,xxx
32444,xxx
32445,xxx
32446,xxx
32447,а́бсарбираваниамь
32448,xxx
32449,xxx
32450,xxx
32451,xxx
32452,xxx
32453,xxx
32454,xxx
32455,xxx
32456,xxx
32457,xxx
32458,xxx
32459,xxx
32460,xxx
32461,xxx
32462,а́бстинѣнтъ
32463,абстинѣнци́
32464,xxx
32465,xxx
32466,xxx
32467,абсу́рдъ
32468,xxx
32469,xxx
32470,абсурди́съту
32471,xxx
32472,xxx
32473,абсце́съсу
32474,а́бсцесъси
32475,xxx
32476,xxx
32477,xxx
32478,абуги́дахъ
32479,xxx
32480,xxx
32481,xxx
32482,xxx
32483,xxx
32484,аванга́рдѣ
32485,xxx
32486,xxx
32487,xxx
32488,xxx
32489,xxx
32490,xxx
32491,xxx
32492,xxx
32493,xxx
32494,xxx
32495,xxx
32496,xxx
32497,xxx
32498,xxx
32499,xxx
32500,xxx
32501,xxx
32502,авариѣ́
32503,xxx
32504,xxx
32505,xxx
32506,xxx
32507,xxx
32508,xxx
32509,xxx
32510,xxx
32511,xxx
32512,xxx
32513,xxx
32514,xxx
32515,xxx
32516,xxx
32517,xxx
32518,xxx
32519,xxx
32520,xxx
32521,xxx
32522,xxx
32523,xxx
32524,xxx
32525,xxx
32526,xxx
32527,xxx
32528,xxx
32529,xxx
32530,xxx
32531,а́виазвенѣ
32532,авиакампани́
32533,а́виакампаниы
32534,xxx
32535,xxx
32536,xxx
32537,xxx
32538,xxx
32539,xxx
32540,xxx
32541,xxx
32542,xxx
32543,xxx
32544,xxx
32545,xxx
32546,xxx
32547,xxx
32548,xxx
32549,xxx
32550,xxx
32551,xxx
32552,авиаэскадри́льѣ
32553,xxx
32554,а́виаэскадрильамъ
32555,xxx
32556,xxx
32557,xxx
32558,а́встрал
32559,xxx
32560,xxx
32561,xxx
32562,xxx
32563,xxx
32564,xxx
32565,xxx
32566,xxx
32567,xxx
32568,xxx
32569,xxx
32570,xxx
32571,xxx
32572,а́втабусици
32573,xxx
32574,xxx
32575,xxx
32576,xxx
32577,xxx
32578,а́втавакзалы
32579,автагами́ѣ
32580,xxx
32581,xxx
32582,xxx
32583,xxx
32584,xxx
32585,xxx
32586,xxx
32587,xxx
32588,xxx
32589,xxx
32590,xxx
32591,автакалебани́а
32592,xxx
32593,xxx
32594,xxx
32595,xxx
32596,xxx
32597,xxx
32598,xxx
32599,xxx
32600,xxx
32601,xxx
32602,xxx
32603,xxx
32604,xxx
32605,xxx
32606,xxx
32607,xxx
32608,xxx
32609,xxx
32610,xxx
32611,xxx
32612,xxx
32613,xxx
32614,xxx
32615,xxx
32616,xxx
32617,xxx
32618,xxx
32619,xxx
32620,xxx
32621,автаризаци́ахъ
32622,xxx
32623,xxx
32624,xxx
32625,xxx
32626,xxx
32627,xxx
32628,xxx
32629,xxx
32630,а́втаспарты
32631,xxx
32632,xxx
32633,xxx
32634,xxx
32635,xxx
32636,xxx
32637,xxx
32638,xxx
32639,xxx
32640,xxx
32641,xxx
32642,xxx
32643,xxx
32644,xxx
32645,xxx
32646,а́гавы
32647,агава́мъ
32648,а́гат
32649,xxx
32650,xxx
32651,xxx
32652,xxx
32653,xxx
32654,xxx
32655,xxx
32656,агге́ла
32657,а́ггелу
32658,xxx
32659,агглютинациы́
32660,а́гѣнсъ
32661,агѣнсы́
32662,xxx
32663,xxx
32664,xxx
32665,xxx
32666,xxx
32667,а́гитатар
32668,а́гитатары
32669,xxx
32670,xxx
32671,xxx
32672,xxx
32673,xxx
32674,xxx
32675,xxx
32676,xxx
32677,xxx
32678,xxx
32679,xxx
32680,xxx
32681,xxx
32682,xxx
32683,xxx
32684,xxx
32685,xxx
32686,xxx
32687,xxx
32688,xxx
32689,xxx
32690,xxx
32691,xxx
32692,xxx
32693,xxx
32694,xxx
32695,xxx
32696,xxx
32697,агракульту́р
32698,xxx
32699,xxx
32700,xxx
32701,xxx
32702,а́даптерамъ
32703,xxx
32704,xxx
32705,xxx
32706,xxx
32707,xxx
32708,xxx
32709,xxx
32710,xxx
32711,xxx
32712,xxx
32713,xxx
32714,xxx
32715,xxx
32716,xxx
32717,xxx
32718,xxx
32719,xxx
32720,xxx
32721,xxx
32722,xxx
32723,а́дессива
32724,xxx
32725,xxx
32726,xxx
32727,xxx
32728,xxx
32729,xxx
32730,xxx
32731,xxx
32732,xxx
32733,xxx
32734,xxx
32735,xxx
32736,xxx
32737,xxx
32738,адреса́нтѣхъ
32739,xxx
32740,xxx
32741,xxx
32742,адрано́мъ
32743,xxx
32744,xxx
32745,адюльте́р
32746,адюльте́рѣ
32747,xxx
32748,xxx
32749,xxx
32750,xxx
32751,азартѣ́хъ
32752,xxx
32753,xxx
32754,xxx
32755,xxx
32756,азиато́мъ
32757,азиа́ты
32758,xxx
32759,xxx
32760,xxx
32761,xxx
32762,ази́ца
32763,азимуту́
32764,xxx
32765,xxx
32766,xxx
32767,а́истёнака
32768,xxx
32769,xxx
32770,xxx
32771,xxx
32772,xxx
32773,xxx
32774,xxx
32775,акварѣ́льѭ
32776,акварѣ́ли
32777,акватариа́
32778,xxx
32779,xxx
32780,xxx
32781,xxx
32782,xxx
32783,xxx
32784,xxx
32785,xxx
32786,аккардеано́мь
32787,xxx
32788,xxx
32789,xxx
32790,xxx
32791,xxx
32792,акранимѣ́хъ
32793,xxx
32794,xxx
32795,xxx
32796,xxx
32797,xxx
32798,xxx
32799,xxx
32800,xxx
32801,xxx
32802,xxx
32803,xxx
32804,xxx
32805,xxx
32806,xxx
32807,xxx
32808,а́ктуари
32809,а́ктуариѣхъ
32810,xxx
32811,xxx
32812,xxx
32813,xxx
32814,xxx
32815,xxx
32816,xxx
32817,xxx
32818,xxx
32819,xxx
32820,xxx
32821,xxx
32822,xxx
32823,xxx
32824,xxx
32825,xxx
32826,xxx
32827,xxx
32828,xxx
32829,xxx
32830,xxx
32831,xxx
32832,xxx
32833,xxx
32834,ала́нѣхъ
32835,xxx
32836,xxx
32837,xxx
32838,xxx
32839,xxx
32840,аларми́сътъ
32841,xxx
32842,xxx
32843,xxx
32844,албано́мъ
32845,xxx
32846,xxx
32847,xxx
32848,алеба́стръ
32849,xxx
32850,xxx
32851,xxx
32852,xxx
32853,xxx
32854,xxx
32855,xxx
32856,xxx
32857,xxx
32858,xxx
32859,xxx
32860,xxx
32861,xxx
32862,xxx
32863,алкано́мь
32864,xxx
32865,а́лканы
32866,xxx
32867,xxx
32868,xxx
32869,xxx
32870,xxx
32871,xxx
32872,xxx
32873,xxx
32874,xxx
32875,xxx
32876,xxx
32877,xxx
32878,xxx
32879,xxx
32880,xxx
32881,xxx
32882,xxx
32883,xxx
32884,xxx
32885,xxx
32886,xxx
32887,xxx
32888,xxx
32889,xxx
32890,xxx
32891,xxx
32892,xxx
32893,xxx
32894,xxx
32895,xxx
32896,xxx
32897,xxx
32898,xxx
32899,xxx
32900,xxx
32901,xxx
32902,xxx
32903,xxx
32904,xxx
32905,xxx
32906,xxx
32907,xxx
32908,xxx
32909,xxx
32910,xxx
32911,xxx
32912,xxx
32913,xxx
32914,xxx
32915,аллюро́мь
32916,xxx
32917,xxx
32918,xxx
32919,xxx
32920,xxx
32921,xxx
32922,xxx
32923,xxx
32924,xxx
32925,xxx
32926,xxx
32927,xxx
32928,xxx
32929,xxx
32930,xxx
32931,xxx
32932,xxx
32933,xxx
32934,xxx
32935,xxx
32936,xxx
32937,xxx
32938,xxx
32939,xxx
32940,xxx
32941,а́лчнасъти
32942,алы́чы
32943,алы́чамъ
32944,а́лычы
32945,xxx
32946,альбатро́самь
32947,xxx
32948,xxx
32949,xxx
32950,xxx
32951,xxx
32952,а́льбинаса
32953,xxx
32954,альбино́сьцъ
32955,альдеги́дамь
32956,xxx
32957,а́льдегиды
32958,xxx
32959,альпинисъты́
32960,xxx
32961,xxx
32962,xxx
32963,xxx
32964,альтруисътѣ́хъ
32965,xxx
32966,xxx
32967,xxx
32968,xxx
32969,xxx
32970,альфѫ́
32971,а́льфаю
32972,xxx
32973,алья́нси
32974,xxx
32975,амара́нтъ
32976,xxx
32977,xxx
32978,а́мбизрамма
32979,а́мбизраммѣ
32980,xxx
32981,xxx
32982,xxx
32983,xxx
32984,xxx
32985,xxx
32986,xxx
32987,xxx
32988,xxx
32989,xxx
32990,xxx
32991,xxx
32992,а́мвану
32993,амвано́мъ
32994,xxx
32995,xxx
32996,xxx
32997,xxx
32998,xxx
32999,xxx
33000,xxx
33001,xxx
33002,а́мини
33003,xxx
33004,а́мины
33005,xxx
33006,xxx
33007,xxx
33008,xxx
33009,xxx
33010,xxx
33011,xxx
33012,xxx
33013,xxx
33014,xxx
33015,xxx
33016,xxx
33017,xxx
33018,xxx
33019,xxx
33020,xxx
33021,xxx
33022,xxx
33023,xxx
33024,xxx
33025,xxx
33026,xxx
33027,xxx
33028,xxx
33029,xxx
33030,амплиту́дѣ
33031,xxx
33032,xxx
33033,xxx
33034,xxx
33035,xxx
33036,xxx
33037,амуле́тѣ
33038,xxx
33039,xxx
33040,xxx
33041,xxx
33042,xxx
33043,xxx
33044,xxx
33045,xxx
33046,xxx
33047,xxx
33048,xxx
33049,xxx
33050,xxx
33051,xxx
33052,xxx
33053,анабализмо́мь
33054,xxx
33055,xxx
33056,xxx
33057,xxx
33058,xxx
33059,xxx
33060,xxx
33061,xxx
33062,xxx
33063,xxx
33064,xxx
33065,xxx
33066,xxx
33067,xxx
33068,xxx
33069,xxx
33070,xxx
33071,а́напѣсътъ
33072,а́напѣсъту
33073,xxx
33074,анархи́аю
33075,xxx
33076,xxx
33077,xxx
33078,xxx
33079,xxx
33080,xxx
33081,xxx
33082,xxx
33083,xxx
33084,xxx
33085,xxx
33086,xxx
33087,xxx
33088,xxx
33089,xxx
33090,xxx
33091,xxx
33092,xxx
33093,анахаре́т
33094,анахаре́ту
33095,xxx
33096,xxx
33097,xxx
33098,xxx
33099,xxx
33100,xxx
33101,а́нгѣлу
33102,xxx
33103,xxx
33104,xxx
33105,xxx
33106,xxx
33107,xxx
33108,xxx
33109,xxx
33110,анги́наю
33111,а́нглъ
33112,xxx
33113,а́нглѣ
33114,xxx
33115,xxx
33116,англы́
33117,xxx
33118,xxx
33119,англицизаци́ы
33120,xxx
33121,xxx
33122,xxx
33123,xxx
33124,xxx
33125,xxx
33126,англа-нарма́ннѣ
33127,англа-нарма́нны
33128,xxx
33129,xxx
33130,xxx
33131,xxx
33132,xxx
33133,xxx
33134,xxx
33135,а́нглафили
33136,xxx
33137,ангале́ц
33138,xxx
33139,xxx
33140,xxx
33141,xxx
33142,а́нгалеци
33143,ангале́ци
33144,xxx
33145,xxx
33146,xxx
33147,xxx
33148,xxx
33149,xxx
33150,xxx
33151,а́нгстреми
33152,ангстре́мы
33153,xxx
33154,xxx
33155,xxx
33156,xxx
33157,xxx
33158,xxx
33159,xxx
33160,xxx
33161,xxx
33162,xxx
33163,xxx
33164,xxx
33165,xxx
33166,xxx
33167,xxx
33168,анестезираваниа́
33169,а́нестезиравани
33170,xxx
33171,xxx
33172,xxx
33173,xxx
33174,xxx
33175,ание́цѣ
33176,xxx
33177,xxx
33178,xxx
33179,а́нилинкциѣ
33180,xxx
33181,xxx
33182,xxx
33183,xxx
33184,xxx
33185,xxx
33186,xxx
33187,xxx
33188,xxx
33189,xxx
33190,xxx
33191,xxx
33192,xxx
33193,xxx
33194,xxx
33195,xxx
33196,xxx
33197,xxx
33198,xxx
33199,xxx
33200,xxx
33201,xxx
33202,xxx
33203,xxx
33204,xxx
33205,xxx
33206,xxx
33207,xxx
33208,xxx
33209,xxx
33210,xxx
33211,xxx
33212,xxx
33213,xxx
33214,xxx
33215,xxx
33216,xxx
33217,xxx
33218,а́нтизѣнѣхъ
33219,антизеро́
33220,xxx
33221,xxx
33222,а́нтидат
33223,xxx
33224,xxx
33225,xxx
33226,а́нтилапѣ
33227,xxx
33228,xxx
33229,xxx
33230,xxx
33231,xxx
33232,xxx
33233,xxx
33234,xxx
33235,xxx
33236,xxx
33237,xxx
33238,xxx
33239,xxx
33240,xxx
33241,xxx
33242,xxx
33243,xxx
33244,xxx
33245,антипсисати́цамь
33246,xxx
33247,xxx
33248,xxx
33249,xxx
33250,xxx
33251,xxx
33252,xxx
33253,xxx
33254,xxx
33255,xxx
33256,xxx
33257,xxx
33258,xxx
33259,xxx
33260,xxx
33261,xxx
33262,xxx
33263,а́нтисрисъту
33264,xxx
33265,xxx
33266,xxx
33267,xxx
33268,xxx
33269,xxx
33270,xxx
33271,xxx
33272,xxx
33273,xxx
33274,xxx
33275,xxx
33276,антаними́
33277,а́нтаним
33278,xxx
33279,xxx
33280,xxx
33281,xxx
33282,xxx
33283,xxx
33284,xxx
33285,xxx
33286,xxx
33287,xxx
33288,xxx
33289,xxx
33290,xxx
33291,xxx
33292,xxx
33293,xxx
33294,xxx
33295,xxx
33296,xxx
33297,xxx
33298,анусва́ры
33299,xxx
33300,xxx
33301,xxx
33302,xxx
33303,xxx
33304,xxx
33305,а́ншлаги
33306,xxx
33307,xxx
33308,а́нэструса
33309,анэструсо́мь
33310,xxx
33311,xxx
33312,xxx
33313,xxx
33314,ао́ртъ
33315,xxx
33316,xxx
33317,xxx
33318,xxx
33319,апатито́мъ
33320,апатио́ю
33321,xxx
33322,xxx
33323,xxx
33324,xxx
33325,xxx
33326,xxx
33327,xxx
33328,xxx
33329,xxx
33330,xxx
33331,xxx
33332,xxx
33333,xxx
33334,xxx
33335,xxx
33336,аперити́в
33337,а́пѣртура
33338,xxx
33339,xxx
33340,xxx
33341,xxx
33342,xxx
33343,xxx
33344,xxx
33345,xxx
33346,xxx
33347,xxx
33348,xxx
33349,xxx
33350,xxx
33351,xxx
33352,xxx
33353,апагра́фамь
33354,xxx
33355,xxx
33356,xxx
33357,xxx
33358,xxx
33359,xxx
33360,апастили́
33361,апасти́льхъ
33362,а́пастильбу
33363,xxx
33364,xxx
33365,xxx
33366,xxx
33367,xxx
33368,xxx
33369,xxx
33370,xxx
33371,xxx
33372,xxx
33373,xxx
33374,xxx
33375,xxx
33376,xxx
33377,xxx
33378,xxx
33379,xxx
33380,xxx
33381,апраксиы́
33382,а́праксиами
33383,xxx
33384,xxx
33385,xxx
33386,xxx
33387,аптека́рьмъ
33388,xxx
33389,xxx
33390,xxx
33391,xxx
33392,xxx
33393,xxx
33394,xxx
33395,xxx
33396,xxx
33397,араме́йьцѣ
33398,араме́йьци
33399,xxx
33400,xxx
33401,xxx
33402,xxx
33403,а́рапамъ
33404,xxx
33405,xxx
33406,xxx
33407,xxx
33408,xxx
33409,xxx
33410,xxx
33411,xxx
33412,xxx
33413,xxx
33414,xxx
33415,xxx
33416,xxx
33417,xxx
33418,xxx
33419,xxx
33420,xxx
33421,xxx
33422,а́ргументираваниа
33423,xxx
33424,xxx
33425,xxx
33426,xxx
33427,xxx
33428,xxx
33429,xxx
33430,xxx
33431,xxx
33432,xxx
33433,xxx
33434,xxx
33435,xxx
33436,xxx
33437,xxx
33438,xxx
33439,xxx
33440,аре́съты
33441,xxx
33442,xxx
33443,а́рианины
33444,xxx
33445,xxx
33446,xxx
33447,xxx
33448,xxx
33449,xxx
33450,xxx
33451,xxx
33452,xxx
33453,xxx
33454,xxx
33455,xxx
33456,xxx
33457,xxx
33458,xxx
33459,xxx
33460,xxx
33461,xxx
33462,xxx
33463,xxx
33464,xxx
33465,xxx
33466,xxx
33467,xxx
33468,а́ркада
33469,аркебу́з
33470,xxx
33471,xxx
33472,xxx
33473,xxx
33474,xxx
33475,xxx
33476,xxx
33477,xxx
33478,xxx
33479,xxx
33480,xxx
33481,xxx
33482,арменаведени́ы
33483,xxx
33484,xxx
33485,xxx
33486,xxx
33487,xxx
33488,xxx
33489,xxx
33490,xxx
33491,xxx
33492,xxx
33493,xxx
33494,xxx
33495,xxx
33496,xxx
33497,артѣфа́кътамъ
33498,xxx
33499,артѣфакътѣ́хъ
33500,xxx
33501,xxx
33502,xxx
33503,xxx
33504,xxx
33505,xxx
33506,xxx
33507,xxx
33508,xxx
33509,xxx
33510,xxx
33511,xxx
33512,xxx
33513,xxx
33514,xxx
33515,xxx
33516,xxx
33517,xxx
33518,xxx
33519,xxx
33520,xxx
33521,xxx
33522,xxx
33523,xxx
33524,xxx
33525,xxx
33526,xxx
33527,xxx
33528,xxx
33529,xxx
33530,xxx
33531,xxx
33532,xxx
33533,xxx
33534,xxx
33535,xxx
33536,xxx
33537,архелагу́
33538,xxx
33539,xxx
33540,xxx
33541,xxx
33542,xxx
33543,xxx
33544,xxx
33545,xxx
33546,xxx
33547,xxx
33548,xxx
33549,xxx
33550,xxx
33551,xxx
33552,xxx
33553,xxx
33554,xxx
33555,xxx
33556,xxx
33557,xxx
33558,xxx
33559,арьерга́рду
33560,xxx
33561,асаны́
33562,xxx
33563,xxx
33564,асимптатѣ́
33565,асимптата́мъ
33566,xxx
33567,xxx
33568,xxx
33569,xxx
33570,xxx
33571,xxx
33572,xxx
33573,xxx
33574,xxx
33575,xxx
33576,а́спекътамь
33577,а́спекътѣхъ
33578,xxx
33579,xxx
33580,xxx
33581,xxx
33582,xxx
33583,xxx
33584,xxx
33585,xxx
33586,xxx
33587,xxx
33588,xxx
33589,xxx
33590,xxx
33591,xxx
33592,xxx
33593,xxx
33594,xxx
33595,xxx
33596,xxx
33597,xxx
33598,xxx
33599,xxx
33600,xxx
33601,xxx
33602,ассѣмблѣ́рѣхъ
33603,xxx
33604,xxx
33605,xxx
33606,xxx
33607,xxx
33608,xxx
33609,xxx
33610,xxx
33611,xxx
33612,xxx
33613,xxx
33614,xxx
33615,xxx
33616,xxx
33617,xxx
33618,xxx
33619,xxx
33620,xxx
33621,xxx
33622,ассирияни́н
33623,xxx
33624,xxx
33625,xxx
33626,xxx
33627,xxx
33628,xxx
33629,xxx
33630,xxx
33631,xxx
33632,xxx
33633,xxx
33634,xxx
33635,xxx
33636,xxx
33637,xxx
33638,астераи́ду
33639,xxx
33640,xxx
33641,xxx
33642,xxx
33643,xxx
33644,xxx
33645,xxx
33646,xxx
33647,xxx
33648,xxx
33649,а́страблемахъ
33650,xxx
33651,xxx
33652,xxx
33653,xxx
33654,астраляби́
33655,xxx
33656,xxx
33657,астрано́му
33658,xxx
33659,xxx
33660,xxx
33661,xxx
33662,асфицсиа́ми
33663,атави́зму
33664,атавизми́
33665,xxx
33666,xxx
33667,xxx
33668,а́таксиаю
33669,xxx
33670,xxx
33671,xxx
33672,xxx
33673,xxx
33674,xxx
33675,xxx
33676,xxx
33677,xxx
33678,xxx
33679,xxx
33680,xxx
33681,xxx
33682,xxx
33683,xxx
33684,xxx
33685,xxx
33686,xxx
33687,xxx
33688,xxx
33689,xxx
33690,xxx
33691,xxx
33692,xxx
33693,xxx
33694,xxx
33695,аттестаты́
33696,xxx
33697,xxx
33698,xxx
33699,аттитюдѣ́хъ
33700,xxx
33701,xxx
33702,а́удиа-книзы
33703,xxx
33704,xxx
33705,xxx
33706,xxx
33707,xxx
33708,xxx
33709,xxx
33710,xxx
33711,xxx
33712,ауди́т
33713,ауди́тамъ
33714,xxx
33715,xxx
33716,xxx
33717,xxx
33718,xxx
33719,xxx
33720,а́укциан
33721,аурѣ́
33722,аурѫ́
33723,xxx
33724,xxx
33725,xxx
33726,xxx
33727,xxx
33728,а́утентичнасъти
33729,а́утапсиѣ
33730,xxx
33731,xxx
33732,xxx
33733,xxx
33734,xxx
33735,xxx
33736,xxx
33737,xxx
33738,xxx
33739,xxx
33740,xxx
33741,xxx
33742,xxx
33743,xxx
33744,xxx
33745,xxx
33746,xxx
33747,xxx
33748,xxx
33749,xxx
33750,xxx
33751,xxx
33752,а́фрицанеру
33753,а́фрицанецамъ
33754,xxx
33755,xxx
33756,xxx
33757,xxx
33758,афрадизиа́к
33759,xxx
33760,xxx
33761,xxx
33762,xxx
33763,xxx
33764,xxx
33765,xxx
33766,xxx
33767,xxx
33768,xxx
33769,xxx
33770,xxx
33771,xxx
33772,xxx
33773,xxx
33774,xxx
33775,xxx
33776,xxx
33777,xxx
33778,ацтеко́мь
33779,xxx
33780,xxx
33781,xxx
33782,xxx
33783,xxx
33784,xxx
33785,xxx
33786,xxx
33787,аэрадро́м
33788,xxx
33789,xxx
33790,аэраплани́
33791,а́эрапланы
33792,а́яталлы
33793,xxx
33794,xxx
33795,xxx
33796,xxx
33797,xxx
33798,xxx
33799,xxx
33800,xxx
33801,xxx
33802,xxx
33803,xxx
33804,xxx
33805,xxx
33806,xxx
33807,xxx
33808,xxx
33809,xxx
33810,xxx
33811,xxx
33812,xxx
33813,xxx
33814,бабулы́
33815,бабу́л
33816,xxx
33817,ба́гатурѣхъ
33818,xxx
33819,xxx
33820,xxx
33821,xxx
33822,xxx
33823,бадана́
33824,бадани́
33825,xxx
33826,xxx
33827,баданы́
33828,ба́дьа
33829,ба́за
33830,xxx
33831,xxx
33832,xxx
33833,xxx
33834,xxx
33835,xxx
33836,xxx
33837,xxx
33838,байда́р
33839,ту́флами
33840,xxx
33841,xxx
33842,xxx
33843,xxx
33844,байти́
33845,xxx
33846,xxx
33847,xxx
33848,xxx
33849,xxx
33850,xxx
33851,xxx
33852,бакинеца́
33853,xxx
33854,xxx
33855,xxx
33856,баклавѫ́
33857,ба́клагы
33858,xxx
33859,xxx
33860,xxx
33861,xxx
33862,xxx
33863,ба́клан
33864,xxx
33865,xxx
33866,xxx
33867,xxx
33868,xxx
33869,xxx
33870,xxx
33871,xxx
33872,бакши́ш
33873,ба́кшишу
33874,бакши́ши
33875,xxx
33876,xxx
33877,ба́лабальци
33878,xxx
33879,xxx
33880,xxx
33881,xxx
33882,xxx
33883,xxx
33884,xxx
33885,xxx
33886,xxx
33887,xxx
33888,xxx
33889,балѣрина́хъ
33890,xxx
33891,xxx
33892,xxx
33893,xxx
33894,xxx
33895,xxx
33896,xxx
33897,xxx
33898,xxx
33899,xxx
33900,ба́люстрадаю
33901,xxx
33902,xxx
33903,xxx
33904,xxx
33905,xxx
33906,ба́ндахъ
33907,xxx
33908,банджаисъты́
33909,xxx
33910,ба́ндиту
33911,xxx
33912,xxx
33913,xxx
33914,xxx
33915,xxx
33916,xxx
33917,xxx
33918,xxx
33919,xxx
33920,xxx
33921,xxx
33922,xxx
33923,xxx
33924,ба́нтъ
33925,xxx
33926,ба́нтицѣ
33927,xxx
33928,баньцѫ́
33929,xxx
33930,xxx
33931,xxx
33932,xxx
33933,барабанѣ́хъ
33934,xxx
33935,xxx
33936,xxx
33937,xxx
33938,xxx
33939,xxx
33940,xxx
33941,xxx
33942,xxx
33943,xxx
33944,xxx
33945,xxx
33946,xxx
33947,xxx
33948,xxx
33949,xxx
33950,xxx
33951,xxx
33952,xxx
33953,xxx
33954,бари́н
33955,xxx
33956,xxx
33957,xxx
33958,xxx
33959,xxx
33960,ба́ранесъсаю
33961,xxx
33962,xxx
33963,xxx
33964,xxx
33965,xxx
33966,ба́ррицадами
33967,xxx
33968,xxx
33969,xxx
33970,бартѣру́
33971,xxx
33972,xxx
33973,xxx
33974,xxx
33975,xxx
33976,xxx
33977,xxx
33978,басма́чамъ
33979,xxx
33980,xxx
33981,xxx
33982,басо́лы
33983,xxx
33984,xxx
33985,xxx
33986,xxx
33987,xxx
33988,xxx
33989,xxx
33990,xxx
33991,xxx
33992,xxx
33993,xxx
33994,xxx
33995,xxx
33996,xxx
33997,xxx
33998,xxx
33999,xxx
34000,xxx
34001,xxx
34002,xxx
34003,xxx
34004,xxx
34005,xxx
34006,xxx
34007,xxx
34008,xxx
34009,xxx
34010,xxx
34011,xxx
34012,батута́
34013,даставерно́съти
34014,xxx
34015,xxx
34016,xxx
34017,xxx
34018,xxx
34019,батьци́
34020,xxx
34021,xxx
34022,xxx
34023,xxx
34024,xxx
34025,xxx
34026,xxx
34027,xxx
34028,бая́ны
34029,xxx
34030,xxx
34031,xxx
34032,xxx
34033,xxx
34034,xxx
34035,xxx
34036,xxx
34037,xxx
34038,xxx
34039,xxx
34040,xxx
34041,xxx
34042,xxx
34043,xxx
34044,xxx
34045,xxx
34046,xxx
34047,xxx
34048,xxx
34049,xxx
34050,xxx
34051,xxx
34052,xxx
34053,xxx
34054,xxx
34055,xxx
34056,xxx
34057,xxx
34058,xxx
34059,xxx
34060,xxx
34061,xxx
34062,бедня́гѣ
34063,xxx
34064,xxx
34065,xxx
34066,xxx
34067,xxx
34068,xxx
34069,xxx
34070,xxx
34071,xxx
34072,xxx
34073,xxx
34074,xxx
34075,xxx
34076,xxx
34077,xxx
34078,xxx
34079,xxx
34080,xxx
34081,xxx
34082,xxx
34083,xxx
34084,xxx
34085,xxx
34086,xxx
34087,xxx
34088,xxx
34089,xxx
34090,xxx
34091,xxx
34092,xxx
34093,xxx
34094,xxx
34095,xxx
34096,xxx
34097,xxx
34098,xxx
34099,xxx
34100,xxx
34101,xxx
34102,безвадьа́
34103,xxx
34104,xxx
34105,безвазмездно́съти
34106,xxx
34107,xxx
34108,xxx
34109,xxx
34110,xxx
34111,xxx
34112,xxx
34113,xxx
34114,бѣ́здѣльу
34115,xxx
34116,xxx
34117,бездельни́ци
34118,xxx
34119,xxx
34120,xxx
34121,xxx
34122,xxx
34123,xxx
34124,xxx
34125,xxx
34126,xxx
34127,xxx
34128,xxx
34129,xxx
34130,бе́змятежнасъти
34131,безмятежно́сътии
34132,xxx
34133,xxx
34134,xxx
34135,xxx
34136,xxx
34137,xxx
34138,xxx
34139,xxx
34140,xxx
34141,xxx
34142,xxx
34143,xxx
34144,xxx
34145,xxx
34146,xxx
34147,xxx
34148,xxx
34149,xxx
34150,бѣ́зумѣци
34151,xxx
34152,xxx
34153,xxx
34154,xxx
34155,xxx
34156,xxx
34157,xxx
34158,xxx
34159,xxx
34160,xxx
34161,xxx
34162,xxx
34163,xxx
34164,xxx
34165,xxx
34166,xxx
34167,xxx
34168,xxx
34169,xxx
34170,xxx
34171,xxx
34172,xxx
34173,xxx
34174,xxx
34175,xxx
34176,бѣ́ларусѣхъ
34177,xxx
34178,xxx
34179,xxx
34180,xxx
34181,xxx
34182,xxx
34183,xxx
34184,xxx
34185,xxx
34186,xxx
34187,xxx
34188,xxx
34189,xxx
34190,xxx
34191,xxx
34192,xxx
34193,xxx
34194,xxx
34195,xxx
34196,xxx
34197,xxx
34198,xxx
34199,xxx
34200,xxx
34201,xxx
34202,xxx
34203,xxx
34204,xxx
34205,xxx
34206,xxx
34207,xxx
34208,xxx
34209,xxx
34210,xxx
34211,xxx
34212,xxx
34213,xxx
34214,xxx
34215,xxx
34216,xxx
34217,xxx
34218,xxx
34219,xxx
34220,xxx
34221,xxx
34222,бе́нзапила
34223,бензапилѣ́
34224,бе́рбер
34225,xxx
34226,бѣрды́ш
34227,xxx
34228,xxx
34229,xxx
34230,xxx
34231,xxx
34232,xxx
34233,xxx
34234,xxx
34235,брѣменно́съть
34236,xxx
34237,xxx
34238,xxx
34239,бе́рёзьцѣ
34240,берё́зьцаю
34241,бери́лла
34242,xxx
34243,xxx
34244,xxx
34245,xxx
34246,xxx
34247,xxx
34248,xxx
34249,xxx
34250,бе́ркуту
34251,xxx
34252,xxx
34253,xxx
34254,xxx
34255,xxx
34256,xxx
34257,xxx
34258,xxx
34259,xxx
34260,xxx
34261,xxx
34262,xxx
34263,xxx
34264,xxx
34265,xxx
34266,xxx
34267,xxx
34268,xxx
34269,xxx
34270,xxx
34271,xxx
34272,xxx
34273,xxx
34274,xxx
34275,xxx
34276,xxx
34277,xxx
34278,xxx
34279,xxx
34280,xxx
34281,xxx
34282,xxx
34283,xxx
34284,xxx
34285,xxx
34286,xxx
34287,xxx
34288,xxx
34289,xxx
34290,xxx
34291,xxx
34292,xxx
34293,xxx
34294,xxx
34295,xxx
34296,бе́ссаюзиу
34297,бессаюзио́мь
34298,xxx
34299,xxx
34300,xxx
34301,xxx
34302,xxx
34303,xxx
34304,xxx
34305,xxx
34306,xxx
34307,бестселле́р
34308,xxx
34309,xxx
34310,бесхарактерно́сътьмъ
34311,бѣсхазяйствѣннасъти́
34312,xxx
34313,бесцельно́съти
34314,бесцельнасътьми́
34315,xxx
34316,xxx
34317,xxx
34318,xxx
34319,xxx
34320,xxx
34321,xxx
34322,xxx
34323,xxx
34324,xxx
34325,xxx
34326,бё́дрышьцъ
34327,xxx
34328,библиафи́л
34329,xxx
34330,xxx
34331,xxx
34332,защищённо́сътии
34333,би́веньми
34334,xxx
34335,xxx
34336,xxx
34337,xxx
34338,xxx
34339,xxx
34340,xxx
34341,xxx
34342,xxx
34343,xxx
34344,биз-мэ́к
34345,xxx
34346,xxx
34347,бицамерализмы́
34348,xxx
34349,xxx
34350,xxx
34351,би́лѣ
34352,xxx
34353,xxx
34354,xxx
34355,xxx
34356,xxx
34357,xxx
34358,xxx
34359,би́ржахъ
34360,бирманецѣ́
34361,xxx
34362,xxx
34363,xxx
34364,xxx
34365,xxx
34366,xxx
34367,xxx
34368,xxx
34369,xxx
34370,xxx
34371,xxx
34372,xxx
34373,xxx
34374,xxx
34375,xxx
34376,xxx
34377,xxx
34378,xxx
34379,xxx
34380,xxx
34381,xxx
34382,би́такѣ
34383,xxx
34384,xxx
34385,xxx
34386,xxx
34387,xxx
34388,xxx
34389,xxx
34390,xxx
34391,xxx
34392,xxx
34393,xxx
34394,xxx
34395,xxx
34396,xxx
34397,xxx
34398,xxx
34399,xxx
34400,xxx
34401,благада́тьхъ
34402,xxx
34403,xxx
34404,xxx
34405,xxx
34406,xxx
34407,благасты́наю
34408,бла́гастыны
34409,xxx
34410,xxx
34411,xxx
34412,xxx
34413,xxx
34414,xxx
34415,xxx
34416,бла́т-хаты
34417,блевати́нахъ
34418,xxx
34419,xxx
34420,бледно́сътьмъ
34421,блѣйзѣ́р
34422,xxx
34423,xxx
34424,xxx
34425,xxx
34426,xxx
34427,xxx
34428,xxx
34429,xxx
34430,xxx
34431,xxx
34432,xxx
34433,xxx
34434,xxx
34435,xxx
34436,xxx
34437,бли́ц
34438,xxx
34439,блинда́жи
34440,xxx
34441,xxx
34442,xxx
34443,xxx
34444,xxx
34445,xxx
34446,блакада́ми
34447,блакбастеру́
34448,блакбастерѣ́
34449,xxx
34450,xxx
34451,xxx
34452,xxx
34453,xxx
34454,xxx
34455,xxx
34456,xxx
34457,блузьца́хъ
34458,xxx
34459,xxx
34460,xxx
34461,xxx
34462,xxx
34463,xxx
34464,xxx
34465,xxx
34466,xxx
34467,xxx
34468,xxx
34469,xxx
34470,xxx
34471,xxx
34472,xxx
34473,xxx
34474,xxx
34475,xxx
34476,xxx
34477,xxx
34478,бабслеѣ́
34479,багадѣльна́
34480,багадѣльны́
34481,xxx
34482,xxx
34483,xxx
34484,xxx
34485,xxx
34486,xxx
34487,xxx
34488,xxx
34489,xxx
34490,xxx
34491,xxx
34492,xxx
34493,баги́нами
34494,xxx
34495,xxx
34496,xxx
34497,xxx
34498,xxx
34499,xxx
34500,xxx
34501,xxx
34502,xxx
34503,бо́ды
34504,xxx
34505,xxx
34506,бо́драсъть
34507,xxx
34508,xxx
34509,xxx
34510,xxx
34511,xxx
34512,xxx
34513,xxx
34514,xxx
34515,баесталкнавени́ѣ
34516,xxx
34517,xxx
34518,xxx
34519,xxx
34520,xxx
34521,xxx
34522,xxx
34523,xxx
34524,бо́йлѣр
34525,xxx
34526,xxx
34527,бо́йна
34528,xxx
34529,xxx
34530,байна́мъ
34531,xxx
34532,xxx
34533,xxx
34534,байфрѣндѣ́хъ
34535,xxx
34536,xxx
34537,бо́късъ
34538,xxx
34539,xxx
34540,xxx
34541,xxx
34542,бо́ксит
34543,xxx
34544,бо́лаю
34545,xxx
34546,xxx
34547,xxx
34548,xxx
34549,xxx
34550,xxx
34551,xxx
34552,xxx
34553,xxx
34554,xxx
34555,xxx
34556,xxx
34557,xxx
34558,xxx
34559,xxx
34560,xxx
34561,xxx
34562,xxx
34563,xxx
34564,xxx
34565,xxx
34566,бла́тъцамъ
34567,бо́лти
34568,xxx
34569,бальшѣви́змъ
34570,xxx
34571,xxx
34572,xxx
34573,xxx
34574,xxx
34575,xxx
34576,xxx
34577,xxx
34578,xxx
34579,xxx
34580,xxx
34581,xxx
34582,xxx
34583,xxx
34584,xxx
34585,xxx
34586,xxx
34587,xxx
34588,xxx
34589,xxx
34590,xxx
34591,xxx
34592,xxx
34593,xxx
34594,xxx
34595,xxx
34596,xxx
34597,бамбамѣтани́
34598,xxx
34599,xxx
34600,xxx
34601,xxx
34602,xxx
34603,xxx
34604,xxx
34605,xxx
34606,xxx
34607,банзы́
34608,xxx
34609,xxx
34610,xxx
34611,xxx
34612,xxx
34613,xxx
34614,xxx
34615,xxx
34616,xxx
34617,xxx
34618,xxx
34619,xxx
34620,xxx
34621,xxx
34622,xxx
34623,xxx
34624,xxx
34625,xxx
34626,xxx
34627,барматани́ы
34628,бра́вичанину
34629,бра́давачниц
34630,бра́давачниц
34631,брадавачницо́мъ
34632,xxx
34633,барсетьци́
34634,xxx
34635,xxx
34636,xxx
34637,xxx
34638,xxx
34639,xxx
34640,xxx
34641,xxx
34642,xxx
34643,xxx
34644,xxx
34645,xxx
34646,xxx
34647,xxx
34648,xxx
34649,xxx
34650,басто́ны
34651,xxx
34652,xxx
34653,xxx
34654,xxx
34655,xxx
34656,xxx
34657,xxx
34658,xxx
34659,xxx
34660,xxx
34661,бо́цмана
34662,бо́цманы
34663,бачо́кѣ
34664,xxx
34665,xxx
34666,xxx
34667,xxx
34668,xxx
34669,xxx
34670,xxx
34671,xxx
34672,xxx
34673,xxx
34674,xxx
34675,xxx
34676,xxx
34677,xxx
34678,xxx
34679,xxx
34680,xxx
34681,xxx
34682,xxx
34683,xxx
34684,xxx
34685,xxx
34686,xxx
34687,xxx
34688,бра́да
34689,xxx
34690,xxx
34691,xxx
34692,xxx
34693,xxx
34694,xxx
34695,xxx
34696,xxx
34697,xxx
34698,xxx
34699,xxx
34700,xxx
34701,xxx
34702,xxx
34703,xxx
34704,xxx
34705,браканьеро́мь
34706,xxx
34707,xxx
34708,xxx
34709,брата́ну
34710,брата́н
34711,брати́шьца
34712,xxx
34713,xxx
34714,xxx
34715,xxx
34716,xxx
34717,бра́тствѣхъ
34718,xxx
34719,xxx
34720,xxx
34721,xxx
34722,xxx
34723,xxx
34724,xxx
34725,xxx
34726,xxx
34727,xxx
34728,xxx
34729,xxx
34730,xxx
34731,xxx
34732,бре́згливасътьхъ
34733,брезе́нтъ
34734,брѣ́хнъ
34735,xxx
34736,xxx
34737,xxx
34738,xxx
34739,xxx
34740,xxx
34741,xxx
34742,xxx
34743,xxx
34744,xxx
34745,xxx
34746,xxx
34747,бриллианты́
34748,xxx
34749,xxx
34750,брилья́нты
34751,бри́танецу
34752,xxx
34753,xxx
34754,xxx
34755,xxx
34756,xxx
34757,xxx
34758,бри́тътъ
34759,xxx
34760,xxx
34761,брифи́ньзъ
34762,xxx
34763,xxx
34764,бро́дягахъ
34765,xxx
34766,xxx
34767,xxx
34768,бро́мидамь
34769,бранежиле́т
34770,xxx
34771,xxx
34772,xxx
34773,xxx
34774,xxx
34775,xxx
34776,xxx
34777,xxx
34778,xxx
34779,xxx
34780,xxx
34781,xxx
34782,xxx
34783,xxx
34784,xxx
34785,xxx
34786,бро́нхитѣ
34787,xxx
34788,бро́нхит
34789,xxx
34790,xxx
34791,xxx
34792,брашьци́
34793,xxx
34794,xxx
34795,xxx
34796,xxx
34797,xxx
34798,бру́с
34799,xxx
34800,xxx
34801,xxx
34802,xxx
34803,xxx
34804,xxx
34805,xxx
34806,xxx
34807,xxx
34808,xxx
34809,xxx
34810,xxx
34811,xxx
34812,xxx
34813,xxx
34814,xxx
34815,xxx
34816,xxx
34817,xxx
34818,xxx
34819,xxx
34820,xxx
34821,xxx
34822,xxx
34823,xxx
34824,xxx
34825,буе́ва
34826,буе́ва
34827,xxx
34828,xxx
34829,xxx
34830,xxx
34831,xxx
34832,xxx
34833,xxx
34834,xxx
34835,буква́рь
34836,букви́цѣ
34837,xxx
34838,xxx
34839,xxx
34840,xxx
34841,xxx
34842,xxx
34843,xxx
34844,xxx
34845,xxx
34846,xxx
34847,xxx
34848,бу́ллѣ
34849,xxx
34850,xxx
34851,xxx
34852,xxx
34853,xxx
34854,xxx
34855,xxx
34856,xxx
34857,xxx
34858,xxx
34859,xxx
34860,бѫмажни́ц
34861,xxx
34862,xxx
34863,xxx
34864,xxx
34865,xxx
34866,xxx
34867,xxx
34868,бу́равамь
34869,xxx
34870,xxx
34871,xxx
34872,бургами́стри
34873,бургундо́мь
34874,бурѣлама́
34875,xxx
34876,бу́рѣлам
34877,xxx
34878,xxx
34879,xxx
34880,xxx
34881,xxx
34882,xxx
34883,xxx
34884,бу́рун
34885,xxx
34886,xxx
34887,xxx
34888,xxx
34889,xxx
34890,xxx
34891,xxx
34892,xxx
34893,xxx
34894,бу́ряты
34895,xxx
34896,xxx
34897,xxx
34898,xxx
34899,xxx
34900,xxx
34901,xxx
34902,xxx
34903,xxx
34904,xxx
34905,xxx
34906,xxx
34907,xxx
34908,xxx
34909,xxx
34910,бу́ферамъ
34911,xxx
34912,xxx
34913,xxx
34914,xxx
34915,xxx
34916,xxx
34917,xxx
34918,xxx
34919,xxx
34920,xxx
34921,xxx
34922,xxx
34923,xxx
34924,xxx
34925,xxx
34926,xxx
34927,xxx
34928,xxx
34929,буя́вахъ
34930,буя́нѣ
34931,xxx
34932,xxx
34933,xxx
34934,xxx
34935,xxx
34936,xxx
34937,xxx
34938,xxx
34939,бытиёѣ́
34940,xxx
34941,бытно́сътьмъ
34942,бы́таваниа
34943,xxx
34944,xxx
34945,xxx
34946,xxx
34947,xxx
34948,бэ́биситтери
34949,xxx
34950,xxx
34951,бюджетници́
34952,xxx
34953,xxx
34954,xxx
34955,xxx
34956,xxx
34957,xxx
34958,xxx
34959,xxx
34960,xxx
34961,xxx
34962,ва́г
34963,ваги́намъ
34964,xxx
34965,xxx
34966,xxx
34967,ваганаважатыо́мъ
34968,xxx
34969,xxx
34970,xxx
34971,xxx
34972,xxx
34973,ва́дима
34974,xxx
34975,xxx
34976,xxx
34977,xxx
34978,xxx
34979,xxx
34980,xxx
34981,xxx
34982,xxx
34983,xxx
34984,xxx
34985,xxx
34986,ва́йы
34987,вайы́
34988,вайа́хъ
34989,xxx
34990,вакъсы́
34991,xxx
34992,ваку́ф
34993,вакуфо́мъ
34994,xxx
34995,xxx
34996,xxx
34997,xxx
34998,xxx
34999,xxx
35000,xxx
35001,xxx
35002,xxx
35003,xxx
35004,xxx
35005,xxx
35006,xxx
35007,xxx
35008,xxx
35009,xxx
35010,xxx
35011,xxx
35012,xxx
35013,xxx
35014,xxx
35015,xxx
35016,xxx
35017,валтарна́мъ
35018,xxx
35019,xxx
35020,xxx
35021,xxx
35022,xxx
35023,xxx
35024,xxx
35025,xxx
35026,ва́рвара
35027,xxx
35028,варва́рствы
35029,xxx
35030,xxx
35031,xxx
35032,xxx
35033,xxx
35034,xxx
35035,xxx
35036,xxx
35037,xxx
35038,xxx
35039,xxx
35040,xxx
35041,васса́л
35042,ва́ссала
35043,xxx
35044,xxx
35045,вата́гаю
35046,xxx
35047,ва́тери
35048,ватмано́мъ
35049,xxx
35050,xxx
35051,xxx
35052,xxx
35053,xxx
35054,xxx
35055,xxx
35056,xxx
35057,xxx
35058,xxx
35059,xxx
35060,вафельни́цамъ
35061,ва́фельници
35062,xxx
35063,xxx
35064,xxx
35065,xxx
35066,вбро́с
35067,xxx
35068,xxx
35069,xxx
35070,вдавѣ́ц
35071,xxx
35072,xxx
35073,xxx
35074,xxx
35075,xxx
35076,xxx
35077,xxx
35078,xxx
35079,xxx
35080,xxx
35081,xxx
35082,xxx
35083,вѣблица́ми
35084,xxx
35085,xxx
35086,xxx
35087,xxx
35088,ве́дамасъть
35089,xxx
35090,xxx
35091,xxx
35092,xxx
35093,xxx
35094,xxx
35095,xxx
35096,xxx
35097,xxx
35098,xxx
35099,xxx
35100,xxx
35101,xxx
35102,xxx
35103,xxx
35104,xxx
35105,xxx
35106,xxx
35107,xxx
35108,xxx
35109,xxx
35110,xxx
35111,xxx
35112,xxx
35113,xxx
35114,xxx
35115,вексе́льхъ
35116,xxx
35117,xxx
35118,xxx
35119,ве́лицанамь
35120,xxx
35121,слѣса́рнамъ
35122,бу́йвалы
35123,xxx
35124,xxx
35125,xxx
35126,xxx
35127,xxx
35128,xxx
35129,xxx
35130,xxx
35131,xxx
35132,xxx
35133,xxx
35134,xxx
35135,xxx
35136,xxx
35137,xxx
35138,xxx
35139,xxx
35140,xxx
35141,xxx
35142,xxx
35143,веласипеди́съты
35144,ве́львету
35145,xxx
35146,xxx
35147,xxx
35148,xxx
35149,xxx
35150,xxx
35151,xxx
35152,xxx
35153,xxx
35154,xxx
35155,xxx
35156,xxx
35157,венти́ли
35158,xxx
35159,xxx
35160,xxx
35161,вентиляци́а
35162,xxx
35163,xxx
35164,xxx
35165,xxx
35166,xxx
35167,xxx
35168,xxx
35169,xxx
35170,xxx
35171,xxx
35172,xxx
35173,xxx
35174,xxx
35175,xxx
35176,врѣни́ц
35177,врѣни́ци
35178,xxx
35179,xxx
35180,xxx
35181,xxx
35182,xxx
35183,xxx
35184,xxx
35185,xxx
35186,xxx
35187,xxx
35188,xxx
35189,xxx
35190,xxx
35191,xxx
35192,xxx
35193,xxx
35194,xxx
35195,xxx
35196,xxx
35197,верно́съти
35198,xxx
35199,xxx
35200,xxx
35201,xxx
35202,xxx
35203,вераиспаведани́ѣхъ
35204,xxx
35205,xxx
35206,пре́плавениа
35207,xxx
35208,xxx
35209,xxx
35210,xxx
35211,xxx
35212,xxx
35213,xxx
35214,xxx
35215,xxx
35216,xxx
35217,xxx
35218,xxx
35219,вѣртишѣ́йьцѫ
35220,вѣ́ртишѣйьци
35221,xxx
35222,xxx
35223,xxx
35224,xxx
35225,xxx
35226,xxx
35227,xxx
35228,xxx
35229,xxx
35230,верхавьо́
35231,xxx
35232,xxx
35233,xxx
35234,xxx
35235,xxx
35236,xxx
35237,xxx
35238,xxx
35239,xxx
35240,xxx
35241,xxx
35242,xxx
35243,xxx
35244,xxx
35245,xxx
35246,xxx
35247,xxx
35248,xxx
35249,вестибюли́и
35250,ве́стибюльмъ
35251,xxx
35252,веставо́амь
35253,xxx
35254,xxx
35255,xxx
35256,ве́теринару
35257,xxx
35258,xxx
35259,ве́теринар
35260,xxx
35261,xxx
35262,xxx
35263,xxx
35264,xxx
35265,ветлужани́н
35266,xxx
35267,xxx
35268,xxx
35269,xxx
35270,xxx
35271,xxx
35272,xxx
35273,вѣтрадвизатѣли́
35274,xxx
35275,xxx
35276,xxx
35277,xxx
35278,xxx
35279,вѣ́трауказатѣлии
35280,вехѫ́
35281,xxx
35282,xxx
35283,вѣчѣ́хъ
35284,xxx
35285,xxx
35286,xxx
35287,xxx
35288,xxx
35289,xxx
35290,xxx
35291,xxx
35292,xxx
35293,xxx
35294,xxx
35295,xxx
35296,xxx
35297,xxx
35298,xxx
35299,xxx
35300,xxx
35301,xxx
35302,xxx
35303,xxx
35304,xxx
35305,xxx
35306,xxx
35307,xxx
35308,xxx
35309,xxx
35310,xxx
35311,xxx
35312,xxx
35313,xxx
35314,xxx
35315,xxx
35316,xxx
35317,xxx
35318,xxx
35319,xxx
35320,xxx
35321,xxx
35322,xxx
35323,взбры́кы
35324,xxx
35325,xxx
35326,xxx
35327,xxx
35328,xxx
35329,xxx
35330,вздо́р
35331,xxx
35332,xxx
35333,xxx
35334,xxx
35335,xxx
35336,xxx
35337,xxx
35338,xxx
35339,xxx
35340,xxx
35341,xxx
35342,xxx
35343,xxx
35344,xxx
35345,xxx
35346,xxx
35347,xxx
35348,xxx
35349,xxx
35350,xxx
35351,xxx
35352,xxx
35353,xxx
35354,xxx
35355,xxx
35356,xxx
35357,xxx
35358,xxx
35359,xxx
35360,xxx
35361,xxx
35362,xxx
35363,xxx
35364,xxx
35365,xxx
35366,xxx
35367,xxx
35368,видеазаписи́
35369,видеаинфармациы́
35370,xxx
35371,видеакаме́рѣ
35372,xxx
35373,xxx
35374,xxx
35375,ви́джѣтамь
35376,xxx
35377,xxx
35378,ви́зьзѣхъ
35379,xxx
35380,xxx
35381,xxx
35382,xxx
35383,xxx
35384,xxx
35385,xxx
35386,xxx
35387,xxx
35388,xxx
35389,ви́ци
35390,xxx
35391,xxx
35392,xxx
35393,xxx
35394,xxx
35395,xxx
35396,xxx
35397,xxx
35398,вицтарино́ю
35399,xxx
35400,xxx
35401,xxx
35402,вило́чьцѫ
35403,xxx
35404,xxx
35405,xxx
35406,кла́стерѣ
35407,xxx
35408,винагради́ны
35409,винаградни́ци
35410,xxx
35411,xxx
35412,xxx
35413,xxx
35414,xxx
35415,ви́надѣльны
35416,винадѣльна́хъ
35417,xxx
35418,xxx
35419,винтицо́мь
35420,xxx
35421,xxx
35422,xxx
35423,xxx
35424,xxx
35425,xxx
35426,xxx
35427,xxx
35428,xxx
35429,xxx
35430,xxx
35431,ви́селицѣ
35432,висели́цахъ
35433,висму́т
35434,висмуты́
35435,витебляни́намь
35436,витебчанино́мъ
35437,xxx
35438,xxx
35439,xxx
35440,xxx
35441,xxx
35442,xxx
35443,ви́сар
35444,xxx
35445,xxx
35446,висри́
35447,xxx
35448,ви́це-губернатару
35449,вице-губернатаро́мь
35450,ви́це-губернатарѣ
35451,ви́це-губернатари
35452,xxx
35453,ви́це-президентъ
35454,вицѣ-прѣзидѣнтству́
35455,вицѣ-прѣзидѣнтствѣ́
35456,xxx
35457,xxx
35458,xxx
35459,xxx
35460,xxx
35461,xxx
35462,xxx
35463,xxx
35464,xxx
35465,xxx
35466,xxx
35467,xxx
35468,xxx
35469,xxx
35470,xxx
35471,xxx
35472,xxx
35473,xxx
35474,xxx
35475,xxx
35476,xxx
35477,xxx
35478,xxx
35479,xxx
35480,вла́стелину
35481,вла́сталюбиѣхъ
35482,xxx
35483,xxx
35484,xxx
35485,xxx
35486,xxx
35487,xxx
35488,xxx
35489,влюблённасъти́
35490,xxx
35491,влюблённо́сътьми
35492,xxx
35493,xxx
35494,xxx
35495,xxx
35496,xxx
35497,xxx
35498,xxx
35499,xxx
35500,xxx
35501,xxx
35502,xxx
35503,xxx
35504,xxx
35505,xxx
35506,xxx
35507,xxx
35508,xxx
35509,внучо́к
35510,вну́чака
35511,xxx
35512,xxx
35513,xxx
35514,xxx
35515,xxx
35516,xxx
35517,xxx
35518,xxx
35519,xxx
35520,xxx
35521,xxx
35522,вабла́ми
35523,xxx
35524,xxx
35525,xxx
35526,xxx
35527,xxx
35528,xxx
35529,xxx
35530,xxx
35531,xxx
35532,xxx
35533,xxx
35534,xxx
35535,xxx
35536,xxx
35537,xxx
35538,xxx
35539,во́дниц
35540,xxx
35541,во́дницѣхъ
35542,xxx
35543,вадно́съть
35544,вадаво́д
35545,вадавра́ту
35546,xxx
35547,xxx
35548,xxx
35549,xxx
35550,xxx
35551,xxx
35552,xxx
35553,xxx
35554,xxx
35555,xxx
35556,xxx
35557,xxx
35558,xxx
35559,xxx
35560,xxx
35561,xxx
35562,во́дамёту
35563,xxx
35564,вадамё́ты
35565,во́дамёты
35566,xxx
35567,xxx
35568,xxx
35569,xxx
35570,вадаатво́д
35571,вадаатво́д
35572,вадаатвадо́мъ
35573,xxx
35574,xxx
35575,во́даправадамъ
35576,во́даправады
35577,xxx
35578,xxx
35579,xxx
35580,xxx
35581,xxx
35582,xxx
35583,xxx
35584,xxx
35585,xxx
35586,xxx
35587,xxx
35588,xxx
35589,xxx
35590,xxx
35591,xxx
35592,вадасго́нѣ
35593,вадасгани́
35594,xxx
35595,xxx
35596,xxx
35597,xxx
35598,xxx
35599,xxx
35600,xxx
35601,xxx
35602,вадасадержаниу́
35603,xxx
35604,xxx
35605,xxx
35606,xxx
35607,xxx
35608,xxx
35609,xxx
35610,во́дятеламъ
35611,xxx
35612,xxx
35613,xxx
35614,xxx
35615,ваѣннаслужащиѣ́
35616,ваѣннаслужащи́ы
35617,xxx
35618,xxx
35619,xxx
35620,xxx
35621,xxx
35622,xxx
35623,xxx
35624,xxx
35625,xxx
35626,xxx
35627,xxx
35628,xxx
35629,xxx
35630,xxx
35631,xxx
35632,xxx
35633,xxx
35634,xxx
35635,xxx
35636,xxx
35637,xxx
35638,xxx
35639,xxx
35640,xxx
35641,xxx
35642,xxx
35643,xxx
35644,xxx
35645,xxx
35646,xxx
35647,xxx
35648,xxx
35649,xxx
35650,xxx
35651,xxx
35652,xxx
35653,xxx
35654,xxx
35655,xxx
35656,xxx
35657,xxx
35658,xxx
35659,xxx
35660,xxx
35661,xxx
35662,xxx
35663,xxx
35664,ваздухаплавани́а
35665,ваздухаплавани́а
35666,xxx
35667,xxx
35668,xxx
35669,xxx
35670,xxx
35671,xxx
35672,xxx
35673,xxx
35674,xxx
35675,xxx
35676,xxx
35677,xxx
35678,xxx
35679,xxx
35680,xxx
35681,xxx
35682,xxx
35683,xxx
35684,xxx
35685,xxx
35686,xxx
35687,xxx
35688,xxx
35689,xxx
35690,xxx
35691,xxx
35692,xxx
35693,xxx
35694,xxx
35695,xxx
35696,вазнѣ́
35697,xxx
35698,xxx
35699,xxx
35700,xxx
35701,вазна́мъ
35702,xxx
35703,xxx
35704,xxx
35705,xxx
35706,xxx
35707,xxx
35708,xxx
35709,xxx
35710,xxx
35711,xxx
35712,xxx
35713,xxx
35714,xxx
35715,xxx
35716,xxx
35717,xxx
35718,xxx
35719,xxx
35720,xxx
35721,xxx
35722,xxx
35723,xxx
35724,xxx
35725,xxx
35726,xxx
35727,xxx
35728,xxx
35729,xxx
35730,xxx
35731,xxx
35732,xxx
35733,xxx
35734,xxx
35735,xxx
35736,xxx
35737,xxx
35738,xxx
35739,xxx
35740,валкала́кы
35741,xxx
35742,xxx
35743,xxx
35744,влавны́
35745,власна́
35746,xxx
35747,xxx
35748,xxx
35749,xxx
35750,вла́съти
35751,вла́сътьѭ
35752,вла́съти
35753,xxx
35754,xxx
35755,xxx
35756,влачани́н
35757,xxx
35758,влачи́льнѣ
35759,xxx
35760,xxx
35761,xxx
35762,xxx
35763,xxx
35764,xxx
35765,валчици́
35766,xxx
35767,xxx
35768,xxx
35769,xxx
35770,xxx
35771,xxx
35772,xxx
35773,xxx
35774,xxx
35775,xxx
35776,xxx
35777,xxx
35778,xxx
35779,валынянини́
35780,xxx
35781,вально́съти
35782,во́льфрам
35783,во́мбат
35784,вамба́т
35785,xxx
35786,xxx
35787,xxx
35788,во́нѫ
35789,вантано́мъ
35790,xxx
35791,xxx
35792,xxx
35793,xxx
35794,xxx
35795,во́плии
35796,xxx
35797,xxx
35798,xxx
35799,xxx
35800,xxx
35801,xxx
35802,xxx
35803,xxx
35804,xxx
35805,xxx
35806,xxx
35807,xxx
35808,xxx
35809,xxx
35810,xxx
35811,xxx
35812,xxx
35813,xxx
35814,xxx
35815,xxx
35816,xxx
35817,во́рсамъ
35818,xxx
35819,xxx
35820,xxx
35821,xxx
35822,xxx
35823,xxx
35824,xxx
35825,во́склицаниа
35826,xxx
35827,xxx
35828,xxx
35829,xxx
35830,xxx
35831,xxx
35832,xxx
35833,xxx
35834,xxx
35835,xxx
35836,xxx
35837,xxx
35838,xxx
35839,во́спитатѣльми
35840,xxx
35841,xxx
35842,xxx
35843,xxx
35844,xxx
35845,xxx
35846,xxx
35847,xxx
35848,xxx
35849,xxx
35850,xxx
35851,xxx
35852,xxx
35853,xxx
35854,xxx
35855,xxx
35856,xxx
35857,xxx
35858,xxx
35859,xxx
35860,xxx
35861,xxx
35862,xxx
35863,xxx
35864,xxx
35865,xxx
35866,xxx
35867,xxx
35868,xxx
35869,xxx
35870,xxx
35871,xxx
35872,xxx
35873,xxx
35874,xxx
35875,xxx
35876,xxx
35877,xxx
35878,xxx
35879,xxx
35880,xxx
35881,xxx
35882,xxx
35883,xxx
35884,во́туму
35885,xxx
35886,xxx
35887,xxx
35888,xxx
35889,xxx
35890,xxx
35891,xxx
35892,xxx
35893,xxx
35894,xxx
35895,во́яжамъ
35896,xxx
35897,xxx
35898,xxx
35899,xxx
35900,впадина́
35901,xxx
35902,xxx
35903,вра́ждѣбнасътьѭ
35904,враждѣбно́съти
35905,xxx
35906,xxx
35907,xxx
35908,xxx
35909,xxx
35910,xxx
35911,xxx
35912,xxx
35913,xxx
35914,xxx
35915,xxx
35916,xxx
35917,xxx
35918,вру́н
35919,xxx
35920,xxx
35921,xxx
35922,xxx
35923,всадни́ц
35924,xxx
35925,xxx
35926,xxx
35927,xxx
35928,xxx
35929,xxx
35930,xxx
35931,xxx
35932,xxx
35933,xxx
35934,xxx
35935,xxx
35936,все́нащнааю
35937,xxx
35938,xxx
35939,xxx
35940,вскри́цѣ
35941,xxx
35942,вскрытиу́
35943,xxx
35944,xxx
35945,xxx
35946,xxx
35947,xxx
35948,xxx
35949,xxx
35950,xxx
35951,xxx
35952,xxx
35953,xxx
35954,встречаемасъти́
35955,xxx
35956,xxx
35957,xxx
35958,xxx
35959,xxx
35960,xxx
35961,xxx
35962,xxx
35963,xxx
35964,xxx
35965,xxx
35966,xxx
35967,xxx
35968,xxx
35969,xxx
35970,xxx
35971,xxx
35972,xxx
35973,xxx
35974,xxx
35975,xxx
35976,xxx
35977,xxx
35978,xxx
35979,въе́зъдъ
35980,xxx
35981,выбо́рьцѣ
35982,xxx
35983,xxx
35984,выбрасо́мь
35985,xxx
35986,xxx
35987,xxx
35988,xxx
35989,xxx
35990,xxx
35991,вы́гавары
35992,xxx
35993,xxx
35994,вы́грузчицу
35995,дене́жьцамъ
35996,xxx
35997,xxx
35998,xxx
35999,xxx
36000,xxx
36001,xxx
36002,xxx
36003,xxx
36004,выдахѣ́хъ
36005,xxx
36006,xxx
36007,вы́езъдѣхъ
36008,xxx
36009,xxx
36010,xxx
36011,выживани́а
36012,xxx
36013,xxx
36014,xxx
36015,xxx
36016,xxx
36017,xxx
36018,xxx
36019,xxx
36020,xxx
36021,xxx
36022,xxx
36023,xxx
36024,xxx
36025,xxx
36026,xxx
36027,xxx
36028,xxx
36029,xxx
36030,xxx
36031,xxx
36032,xxx
36033,xxx
36034,xxx
36035,xxx
36036,xxx
36037,xxx
36038,xxx
36039,xxx
36040,xxx
36041,вы́пады
36042,xxx
36043,вы́падениѣхъ
36044,вы́печьци
36045,xxx
36046,xxx
36047,xxx
36048,xxx
36049,xxx
36050,xxx
36051,xxx
36052,xxx
36053,xxx
36054,xxx
36055,xxx
36056,xxx
36057,xxx
36058,xxx
36059,xxx
36060,xxx
36061,вы́реза
36062,xxx
36063,xxx
36064,xxx
36065,xxx
36066,xxx
36067,xxx
36068,xxx
36069,xxx
36070,вырасъто́мь
36071,xxx
36072,xxx
36073,xxx
36074,xxx
36075,вырасътѣ́хъ
36076,выру́бьци
36077,xxx
36078,выру́бьцъ
36079,выручьца́мъ
36080,xxx
36081,xxx
36082,xxx
36083,xxx
36084,xxx
36085,xxx
36086,xxx
36087,xxx
36088,xxx
36089,xxx
36090,xxx
36091,xxx
36092,xxx
36093,xxx
36094,xxx
36095,xxx
36096,xxx
36097,xxx
36098,xxx
36099,xxx
36100,xxx
36101,xxx
36102,xxx
36103,xxx
36104,xxx
36105,xxx
36106,xxx
36107,xxx
36108,xxx
36109,xxx
36110,выхухо́льѭ
36111,xxx
36112,xxx
36113,xxx
36114,xxx
36115,вы́шибал
36116,вы́шибалахъ
36117,вы́шивьци
36118,вышьца́мъ
36119,xxx
36120,xxx
36121,xxx
36122,xxx
36123,xxx
36124,xxx
36125,xxx
36126,xxx
36127,xxx
36128,xxx
36129,вялениа́
36130,xxx
36131,xxx
36132,xxx
36133,xxx
36134,xxx
36135,xxx
36136,xxx
36137,xxx
36138,xxx
36139,xxx
36140,xxx
36141,xxx
36142,xxx
36143,xxx
36144,xxx
36145,xxx
36146,xxx
36147,xxx
36148,xxx
36149,гади́н
36150,xxx
36151,xxx
36152,xxx
36153,xxx
36154,xxx
36155,xxx
36156,xxx
36157,xxx
36158,xxx
36159,xxx
36160,га́заправад
36161,xxx
36162,xxx
36163,xxx
36164,xxx
36165,xxx
36166,xxx
36167,xxx
36168,xxx
36169,xxx
36170,xxx
36171,xxx
36172,xxx
36173,xxx
36174,xxx
36175,xxx
36176,га́лѣрѣ
36177,галѣ́ры
36178,xxx
36179,xxx
36180,xxx
36181,xxx
36182,xxx
36183,xxx
36184,галичанинѣ́хъ
36185,xxx
36186,xxx
36187,xxx
36188,xxx
36189,xxx
36190,xxx
36191,xxx
36192,xxx
36193,xxx
36194,га́ллюцинациахъ
36195,xxx
36196,xxx
36197,xxx
36198,xxx
36199,xxx
36200,xxx
36201,xxx
36202,xxx
36203,гамма́
36204,га́ммѫ
36205,xxx
36206,xxx
36207,гангстера́
36208,xxx
36209,xxx
36210,xxx
36211,xxx
36212,xxx
36213,xxx
36214,xxx
36215,xxx
36216,xxx
36217,xxx
36218,xxx
36219,xxx
36220,xxx
36221,гарди́нѣ
36222,га́рем
36223,га́рему
36224,xxx
36225,га́рманици
36226,гармани́ц
36227,гармани́цами
36228,га́рманисътамь
36229,xxx
36230,xxx
36231,xxx
36232,xxx
36233,гармо́ни
36234,xxx
36235,xxx
36236,xxx
36237,xxx
36238,xxx
36239,xxx
36240,xxx
36241,xxx
36242,xxx
36243,xxx
36244,гастро́ли
36245,га́страли
36246,xxx
36247,xxx
36248,xxx
36249,xxx
36250,xxx
36251,xxx
36252,xxx
36253,xxx
36254,xxx
36255,xxx
36256,xxx
36257,xxx
36258,xxx
36259,xxx
36260,xxx
36261,xxx
36262,xxx
36263,xxx
36264,xxx
36265,xxx
36266,xxx
36267,xxx
36268,xxx
36269,xxx
36270,xxx
36271,xxx
36272,xxx
36273,xxx
36274,xxx
36275,xxx
36276,xxx
36277,xxx
36278,xxx
36279,xxx
36280,xxx
36281,ге́йзера
36282,гейзе́ры
36283,xxx
36284,xxx
36285,xxx
36286,xxx
36287,xxx
36288,xxx
36289,гей-клубѣ́хъ
36290,xxx
36291,xxx
36292,ге́йша
36293,xxx
36294,xxx
36295,xxx
36296,xxx
36297,xxx
36298,xxx
36299,xxx
36300,xxx
36301,ге́ктаватътѣ
36302,xxx
36303,xxx
36304,xxx
36305,xxx
36306,xxx
36307,xxx
36308,xxx
36309,xxx
36310,xxx
36311,xxx
36312,xxx
36313,xxx
36314,xxx
36315,xxx
36316,ге́ны
36317,гендиректара́
36318,xxx
36319,пачивальна́
36320,xxx
36321,xxx
36322,xxx
36323,xxx
36324,xxx
36325,xxx
36326,xxx
36327,xxx
36328,xxx
36329,xxx
36330,xxx
36331,xxx
36332,xxx
36333,xxx
36334,xxx
36335,xxx
36336,xxx
36337,xxx
36338,xxx
36339,xxx
36340,xxx
36341,xxx
36342,xxx
36343,xxx
36344,xxx
36345,xxx
36346,xxx
36347,xxx
36348,xxx
36349,xxx
36350,xxx
36351,xxx
36352,xxx
36353,xxx
36354,xxx
36355,xxx
36356,xxx
36357,xxx
36358,xxx
36359,xxx
36360,xxx
36361,xxx
36362,xxx
36363,xxx
36364,xxx
36365,гербари́амъ
36366,xxx
36367,xxx
36368,гѣ́ррѣ
36369,xxx
36370,xxx
36371,xxx
36372,xxx
36373,xxx
36374,ге́рци
36375,xxx
36376,xxx
36377,герцо́гства
36378,xxx
36379,xxx
36380,герцо́гствѣхъ
36381,xxx
36382,xxx
36383,xxx
36384,гидра́мъ
36385,гидра́та
36386,xxx
36387,xxx
36388,xxx
36389,xxx
36390,ги́дракастюму
36391,гидракастюми́
36392,xxx
36393,xxx
36394,xxx
36395,xxx
36396,xxx
36397,xxx
36398,xxx
36399,xxx
36400,xxx
36401,xxx
36402,xxx
36403,xxx
36404,xxx
36405,xxx
36406,xxx
36407,xxx
36408,xxx
36409,xxx
36410,xxx
36411,xxx
36412,xxx
36413,xxx
36414,xxx
36415,xxx
36416,xxx
36417,xxx
36418,ги́патѣзы
36419,xxx
36420,xxx
36421,xxx
36422,xxx
36423,xxx
36424,xxx
36425,xxx
36426,xxx
36427,xxx
36428,глава́рьхъ
36429,xxx
36430,гла́вьцамь
36431,xxx
36432,главно́а
36433,xxx
36434,глазницо́ю
36435,xxx
36436,xxx
36437,xxx
36438,xxx
36439,xxx
36440,xxx
36441,xxx
36442,глицапратеи́н
36443,xxx
36444,xxx
36445,xxx
36446,xxx
36447,глиссеро́мь
36448,xxx
36449,xxx
36450,xxx
36451,xxx
36452,xxx
36453,xxx
36454,xxx
36455,xxx
36456,xxx
36457,xxx
36458,xxx
36459,глупыши́
36460,xxx
36461,xxx
36462,xxx
36463,xxx
36464,xxx
36465,xxx
36466,xxx
36467,xxx
36468,xxx
36469,xxx
36470,xxx
36471,xxx
36472,xxx
36473,глюаны́
36474,xxx
36475,xxx
36476,xxx
36477,xxx
36478,xxx
36479,гни́ли
36480,xxx
36481,xxx
36482,xxx
36483,xxx
36484,xxx
36485,xxx
36486,xxx
36487,xxx
36488,xxx
36489,xxx
36490,xxx
36491,го́баа
36492,го́ба
36493,xxx
36494,xxx
36495,xxx
36496,xxx
36497,xxx
36498,xxx
36499,гаварильнѣ́
36500,гавари́льнами
36501,го́варунамъ
36502,xxx
36503,xxx
36504,гаваруньы́
36505,го́варуньъ
36506,xxx
36507,xxx
36508,гаго́льѭ
36509,xxx
36510,xxx
36511,xxx
36512,xxx
36513,xxx
36514,xxx
36515,xxx
36516,xxx
36517,xxx
36518,гадно́съть
36519,xxx
36520,xxx
36521,xxx
36522,го́йьцамъ
36523,го́йьцами
36524,xxx
36525,xxx
36526,xxx
36527,xxx
36528,xxx
36529,xxx
36530,xxx
36531,xxx
36532,xxx
36533,xxx
36534,xxx
36535,xxx
36536,xxx
36537,xxx
36538,пада́чы
36539,xxx
36540,xxx
36541,гла́давьцаю
36542,xxx
36543,xxx
36544,xxx
36545,xxx
36546,xxx
36547,xxx
36548,гласакѣ́
36549,xxx
36550,xxx
36551,xxx
36552,xxx
36553,xxx
36554,xxx
36555,xxx
36556,xxx
36557,гальа́хъ
36558,xxx
36559,xxx
36560,xxx
36561,xxx
36562,xxx
36563,гамасексуа́л
36564,xxx
36565,xxx
36566,го́масѣксуалисъта
36567,xxx
36568,xxx
36569,xxx
36570,xxx
36571,го́ндалы
36572,xxx
36573,xxx
36574,xxx
36575,xxx
36576,ганецѣ́
36577,xxx
36578,xxx
36579,xxx
36580,ганча́р
36581,xxx
36582,xxx
36583,xxx
36584,xxx
36585,xxx
36586,ганчарна́хъ
36587,xxx
36588,xxx
36589,xxx
36590,гапкампаниы́
36591,xxx
36592,xxx
36593,xxx
36594,xxx
36595,гап-стапо́мъ
36596,xxx
36597,xxx
36598,xxx
36599,xxx
36600,xxx
36601,xxx
36602,xxx
36603,xxx
36604,xxx
36605,xxx
36606,xxx
36607,xxx
36608,xxx
36609,xxx
36610,xxx
36611,xxx
36612,xxx
36613,xxx
36614,гарко́м
36615,xxx
36616,xxx
36617,xxx
36618,гарлави́нами
36619,xxx
36620,го́рману
36621,xxx
36622,xxx
36623,xxx
36624,xxx
36625,xxx
36626,xxx
36627,xxx
36628,xxx
36629,xxx
36630,xxx
36631,гра́дишьца
36632,xxx
36633,xxx
36634,xxx
36635,го́ртани
36636,го́ршен
36637,xxx
36638,xxx
36639,го́ршечница
36640,xxx
36641,xxx
36642,xxx
36643,xxx
36644,xxx
36645,xxx
36646,xxx
36647,xxx
36648,гасдѣпартамѣ́нта
36649,гаскампаниѣ́
36650,xxx
36651,xxx
36652,xxx
36653,xxx
36654,xxx
36655,xxx
36656,xxx
36657,гасслу́жъба
36658,гасслу́жъбѫ
36659,гасслужъбо́ю
36660,xxx
36661,xxx
36662,xxx
36663,xxx
36664,xxx
36665,гасударства-дано́ри
36666,го́сударства-данарамъ
36667,гасуда́рь
36668,xxx
36669,xxx
36670,xxx
36671,го́тавнасъти
36672,xxx
36673,xxx
36674,xxx
36675,xxx
36676,xxx
36677,xxx
36678,xxx
36679,xxx
36680,xxx
36681,гравитаци́
36682,xxx
36683,xxx
36684,xxx
36685,гравитану́
36686,xxx
36687,xxx
36688,xxx
36689,xxx
36690,xxx
36691,градусни́ц
36692,xxx
36693,xxx
36694,xxx
36695,xxx
36696,xxx
36697,xxx
36698,xxx
36699,грамата́
36700,xxx
36701,xxx
36702,гра́матамъ
36703,xxx
36704,xxx
36705,xxx
36706,xxx
36707,xxx
36708,грант-элементу́
36709,xxx
36710,xxx
36711,xxx
36712,графи́нѣ
36713,xxx
36714,xxx
36715,xxx
36716,xxx
36717,xxx
36718,xxx
36719,xxx
36720,xxx
36721,гра́чи
36722,грќчы
36723,xxx
36724,xxx
36725,грейде́р
36726,гре́камь
36727,гре́льци
36728,гре́нѣ
36729,xxx
36730,xxx
36731,xxx
36732,xxx
36733,xxx
36734,xxx
36735,xxx
36736,xxx
36737,xxx
36738,xxx
36739,xxx
36740,xxx
36741,xxx
36742,xxx
36743,xxx
36744,грешни́цѫ
36745,xxx
36746,xxx
36747,xxx
36748,xxx
36749,xxx
36750,xxx
36751,xxx
36752,xxx
36753,xxx
36754,xxx
36755,xxx
36756,xxx
36757,xxx
36758,xxx
36759,xxx
36760,xxx
36761,гри́ли
36762,xxx
36763,xxx
36764,xxx
36765,xxx
36766,xxx
36767,xxx
36768,xxx
36769,xxx
36770,xxx
36771,xxx
36772,xxx
36773,xxx
36774,xxx
36775,xxx
36776,xxx
36777,xxx
36778,xxx
36779,xxx
36780,xxx
36781,xxx
36782,xxx
36783,xxx
36784,xxx
36785,xxx
36786,xxx
36787,xxx
36788,xxx
36789,xxx
36790,xxx
36791,xxx
36792,xxx
36793,xxx
36794,xxx
36795,xxx
36796,xxx
36797,xxx
36798,xxx
36799,xxx
36800,xxx
36801,xxx
36802,xxx
36803,xxx
36804,xxx
36805,xxx
36806,грузападъёмнасъти́
36807,xxx
36808,xxx
36809,xxx
36810,xxx
36811,гры́жа
36812,xxx
36813,xxx
36814,xxx
36815,xxx
36816,xxx
36817,xxx
36818,гры́зунѣ
36819,xxx
36820,xxx
36821,xxx
36822,xxx
36823,xxx
36824,xxx
36825,xxx
36826,xxx
36827,xxx
36828,xxx
36829,xxx
36830,xxx
36831,xxx
36832,xxx
36833,xxx
36834,xxx
36835,xxx
36836,xxx
36837,xxx
36838,xxx
36839,xxx
36840,xxx
36841,xxx
36842,xxx
36843,xxx
36844,xxx
36845,xxx
36846,гузьцѫ́
36847,xxx
36848,xxx
36849,xxx
36850,xxx
36851,xxx
36852,xxx
36853,xxx
36854,xxx
36855,xxx
36856,гуляньѣ́
36857,xxx
36858,xxx
36859,xxx
36860,xxx
36861,гу́нахъ
36862,гуннѣ́хъ
36863,гу́ны
36864,xxx
36865,xxx
36866,xxx
36867,xxx
36868,xxx
36869,гусёно́ка
36870,xxx
36871,xxx
36872,гяу́ри
36873,xxx
36874,xxx
36875,xxx
36876,xxx
36877,xxx
36878,дакти́ль
36879,xxx
36880,далай-лама́
36881,xxx
36882,xxx
36883,xxx
36884,дальнасъти́
36885,дально́сътьмъ
36886,xxx
36887,xxx
36888,xxx
36889,да́мьци
36890,xxx
36891,xxx
36892,xxx
36893,xxx
36894,xxx
36895,xxx
36896,xxx
36897,xxx
36898,xxx
36899,да́нтисъти
36900,xxx
36901,дарвинисътѣ́хъ
36902,xxx
36903,xxx
36904,xxx
36905,xxx
36906,xxx
36907,xxx
36908,xxx
36909,xxx
36910,датчи́ц
36911,xxx
36912,xxx
36913,xxx
36914,xxx
36915,xxx
36916,xxx
36917,xxx
36918,xxx
36919,xxx
36920,xxx
36921,xxx
36922,xxx
36923,дви́житель
36924,xxx
36925,дви́жители
36926,дви́жакы
36927,двинянинѣ́
36928,xxx
36929,xxx
36930,xxx
36931,xxx
36932,xxx
36933,xxx
36934,xxx
36935,xxx
36936,xxx
36937,xxx
36938,xxx
36939,дваечни́цѣ
36940,дваечници́
36941,xxx
36942,xxx
36943,xxx
36944,xxx
36945,xxx
36946,xxx
36947,дво́йьца
36948,xxx
36949,xxx
36950,xxx
36951,xxx
36952,дварицу́
36953,двари́ц
36954,xxx
36955,xxx
36956,xxx
36957,xxx
36958,xxx
36959,xxx
36960,xxx
36961,xxx
36962,xxx
36963,xxx
36964,xxx
36965,xxx
36966,xxx
36967,xxx
36968,xxx
36969,xxx
36970,xxx
36971,xxx
36972,xxx
36973,xxx
36974,xxx
36975,xxx
36976,xxx
36977,дву́личи
36978,xxx
36979,xxx
36980,xxx
36981,xxx
36982,xxx
36983,xxx
36984,xxx
36985,xxx
36986,xxx
36987,двусмыслѣнно́сътии
36988,дебе́ти
36989,xxx
36990,xxx
36991,xxx
36992,xxx
36993,xxx
36994,xxx
36995,xxx
36996,деве́ри
36997,де́верьѭ
36998,xxx
36999,xxx
37000,xxx
37001,xxx
37002,xxx
37003,xxx
37004,xxx
37005,xxx
37006,xxx
37007,xxx
37008,xxx
37009,xxx
37010,xxx
37011,девични́цѣхъ
37012,xxx
37013,xxx
37014,xxx
37015,xxx
37016,девственни́ци
37017,xxx
37018,xxx
37019,xxx
37020,xxx
37021,xxx
37022,xxx
37023,xxx
37024,xxx
37025,xxx
37026,xxx
37027,xxx
37028,xxx
37029,xxx
37030,xxx
37031,xxx
37032,xxx
37033,деду́лахъ
37034,xxx
37035,xxx
37036,де́душьцахъ
37037,xxx
37038,xxx
37039,дежурство́
37040,xxx
37041,xxx
37042,xxx
37043,xxx
37044,xxx
37045,xxx
37046,деза́ми
37047,де́зертирамъ
37048,xxx
37049,xxx
37050,деи́зма
37051,xxx
37052,xxx
37053,деизмы́
37054,xxx
37055,xxx
37056,де́исъти
37057,дѣ́йствитѣльнасъть
37058,xxx
37059,xxx
37060,xxx
37061,xxx
37062,xxx
37063,xxx
37064,xxx
37065,декадо́ю
37066,xxx
37067,xxx
37068,де́кы
37069,xxx
37070,xxx
37071,xxx
37072,декана́т
37073,xxx
37074,де́канатѣхъ
37075,xxx
37076,xxx
37077,xxx
37078,xxx
37079,xxx
37080,xxx
37081,xxx
37082,xxx
37083,xxx
37084,xxx
37085,xxx
37086,xxx
37087,xxx
37088,xxx
37089,xxx
37090,xxx
37091,дѣлицатно́сътии
37092,делите́ль
37093,xxx
37094,xxx
37095,xxx
37096,xxx
37097,xxx
37098,xxx
37099,xxx
37100,xxx
37101,дѣльта́ми
37102,xxx
37103,дельфины́
37104,де́материализациа
37105,xxx
37106,xxx
37107,xxx
37108,xxx
37109,де́мабилизациы
37110,xxx
37111,xxx
37112,дѣмакратизаци́ѣ
37113,xxx
37114,дѣ́макратиѣ
37115,дѣмакратиа́ми
37116,xxx
37117,xxx
37118,xxx
37119,xxx
37120,xxx
37121,xxx
37122,xxx
37123,xxx
37124,xxx
37125,дѣмши́зы
37126,xxx
37127,xxx
37128,xxx
37129,xxx
37130,xxx
37131,xxx
37132,дѣнёкѣ́
37133,xxx
37134,xxx
37135,xxx
37136,xxx
37137,xxx
37138,xxx
37139,денни́цами
37140,xxx
37141,xxx
37142,xxx
37143,де́пазита
37144,xxx
37145,xxx
37146,xxx
37147,xxx
37148,xxx
37149,xxx
37150,дѣрви́ши
37151,xxx
37152,xxx
37153,xxx
37154,xxx
37155,xxx
37156,xxx
37157,xxx
37158,xxx
37159,xxx
37160,xxx
37161,xxx
37162,xxx
37163,xxx
37164,xxx
37165,xxx
37166,xxx
37167,дрѣ́вцѣ
37168,xxx
37169,xxx
37170,xxx
37171,xxx
37172,xxx
37173,xxx
37174,xxx
37175,дрѣ́зѫ
37176,xxx
37177,xxx
37178,xxx
37179,xxx
37180,xxx
37181,деса́нтъ
37182,xxx
37183,xxx
37184,xxx
37185,xxx
37186,xxx
37187,xxx
37188,xxx
37189,xxx
37190,xxx
37191,xxx
37192,xxx
37193,xxx
37194,xxx
37195,xxx
37196,xxx
37197,xxx
37198,xxx
37199,де́тектар
37200,xxx
37201,xxx
37202,xxx
37203,xxx
37204,xxx
37205,xxx
37206,xxx
37207,xxx
37208,xxx
37209,де́тьцѣ
37210,де́тьцъ
37211,де́тьцахъ
37212,xxx
37213,xxx
37214,xxx
37215,детачьци́
37216,дето́чьцамъ
37217,xxx
37218,xxx
37219,xxx
37220,детска́ѫ
37221,xxx
37222,де́фекътѣ
37223,xxx
37224,xxx
37225,xxx
37226,xxx
37227,xxx
37228,xxx
37229,xxx
37230,дѣ́цизрамма
37231,xxx
37232,xxx
37233,xxx
37234,xxx
37235,xxx
37236,дециме́тры
37237,xxx
37238,дешё́вьцѣ
37239,xxx
37240,xxx
37241,xxx
37242,xxx
37243,xxx
37244,xxx
37245,джаз-ба́ндъ
37246,xxx
37247,xxx
37248,xxx
37249,джентльме́намь
37250,xxx
37251,xxx
37252,xxx
37253,xxx
37254,xxx
37255,xxx
37256,xxx
37257,xxx
37258,диагра́ммѣ
37259,xxx
37260,диало́гѣхъ
37261,xxx
37262,ди́афрагмѫ
37263,xxx
37264,xxx
37265,xxx
37266,xxx
37267,xxx
37268,xxx
37269,xxx
37270,xxx
37271,дивизи́амъ
37272,ди́ву
37273,ди́замма
37274,xxx
37275,дизра́фамь
37276,xxx
37277,xxx
37278,марѣ́ва
37279,xxx
37280,xxx
37281,xxx
37282,xxx
37283,xxx
37284,ди́цтаршѫ
37285,xxx
37286,дицтафана́
37287,xxx
37288,xxx
37289,xxx
37290,xxx
37291,дилетанта́
37292,xxx
37293,xxx
37294,xxx
37295,xxx
37296,xxx
37297,xxx
37298,xxx
37299,xxx
37300,xxx
37301,xxx
37302,xxx
37303,xxx
37304,динамитѣ́хъ
37305,xxx
37306,xxx
37307,xxx
37308,дипламатиа́
37309,xxx
37310,xxx
37311,xxx
37312,xxx
37313,xxx
37314,xxx
37315,xxx
37316,xxx
37317,xxx
37318,xxx
37319,xxx
37320,xxx
37321,xxx
37322,xxx
37323,дискаво́д
37324,xxx
37325,xxx
37326,xxx
37327,ди́слакациѣ
37328,диспетче́рѣ
37329,xxx
37330,xxx
37331,xxx
37332,xxx
37333,xxx
37334,xxx
37335,xxx
37336,xxx
37337,xxx
37338,xxx
37339,xxx
37340,xxx
37341,xxx
37342,xxx
37343,xxx
37344,xxx
37345,xxx
37346,xxx
37347,xxx
37348,xxx
37349,xxx
37350,xxx
37351,xxx
37352,xxx
37353,xxx
37354,xxx
37355,xxx
37356,xxx
37357,xxx
37358,xxx
37359,xxx
37360,xxx
37361,xxx
37362,xxx
37363,xxx
37364,xxx
37365,xxx
37366,дифира́мбъ
37367,дифракци́ѣ
37368,дифракци́ы
37369,xxx
37370,xxx
37371,xxx
37372,xxx
37373,диффузи́
37374,ди́чины
37375,xxx
37376,xxx
37377,дли́тельнасътьхъ
37378,xxx
37379,xxx
37380,xxx
37381,xxx
37382,xxx
37383,xxx
37384,xxx
37385,xxx
37386,xxx
37387,xxx
37388,xxx
37389,xxx
37390,xxx
37391,xxx
37392,xxx
37393,xxx
37394,xxx
37395,xxx
37396,xxx
37397,xxx
37398,xxx
37399,xxx
37400,xxx
37401,xxx
37402,xxx
37403,xxx
37404,xxx
37405,xxx
37406,xxx
37407,xxx
37408,дабражелательнасъти́
37409,xxx
37410,даведени́амь
37411,xxx
37412,xxx
37413,xxx
37414,xxx
37415,даврѣнно́съти
37416,xxx
37417,xxx
37418,xxx
37419,xxx
37420,xxx
37421,xxx
37422,xxx
37423,xxx
37424,xxx
37425,xxx
37426,xxx
37427,xxx
37428,xxx
37429,xxx
37430,xxx
37431,xxx
37432,xxx
37433,xxx
37434,xxx
37435,xxx
37436,xxx
37437,xxx
37438,xxx
37439,xxx
37440,xxx
37441,xxx
37442,xxx
37443,xxx
37444,xxx
37445,xxx
37446,xxx
37447,xxx
37448,xxx
37449,xxx
37450,xxx
37451,xxx
37452,xxx
37453,xxx
37454,xxx
37455,xxx
37456,xxx
37457,xxx
37458,xxx
37459,xxx
37460,xxx
37461,xxx
37462,xxx
37463,дактарѣ́хъ
37464,xxx
37465,xxx
37466,xxx
37467,xxx
37468,xxx
37469,xxx
37470,xxx
37471,xxx
37472,xxx
37473,xxx
37474,xxx
37475,xxx
37476,xxx
37477,xxx
37478,до́лгаты
37479,xxx
37480,xxx
37481,xxx
37482,далжнаы́
37483,xxx
37484,далла́рѣхъ
37485,xxx
37486,xxx
37487,xxx
37488,до́льцаю
37489,xxx
37490,xxx
37491,xxx
37492,xxx
37493,xxx
37494,xxx
37495,xxx
37496,до́минираваниу
37497,дамищѣ́хъ
37498,до́мнѣ
37499,дамави́ны
37500,xxx
37501,xxx
37502,данжо́н
37503,xxx
37504,xxx
37505,xxx
37506,xxx
37507,xxx
37508,xxx
37509,xxx
37510,xxx
37511,xxx
37512,xxx
37513,xxx
37514,xxx
37515,xxx
37516,до́палнениы
37517,xxx
37518,xxx
37519,xxx
37520,xxx
37521,xxx
37522,драгави́знаю
37523,xxx
37524,xxx
37525,xxx
37526,xxx
37527,до́сматры
37528,xxx
37529,xxx
37530,xxx
37531,до́ставернасъти
37532,xxx
37533,xxx
37534,xxx
37535,xxx
37536,xxx
37537,xxx
37538,xxx
37539,xxx
37540,xxx
37541,xxx
37542,xxx
37543,до́улы
37544,xxx
37545,xxx
37546,xxx
37547,xxx
37548,xxx
37549,xxx
37550,xxx
37551,xxx
37552,xxx
37553,xxx
37554,до́хаднасътьхъ
37555,xxx
37556,xxx
37557,xxx
37558,xxx
37559,xxx
37560,до́ченьцѫ
37561,xxx
37562,xxx
37563,xxx
37564,xxx
37565,xxx
37566,xxx
37567,дашкальни́ц
37568,xxx
37569,дащѣчьци́
37570,дащѣчьца́ми
37571,xxx
37572,xxx
37573,xxx
37574,xxx
37575,xxx
37576,дра́гацѣннасътьхъ
37577,xxx
37578,xxx
37579,дракани́
37580,драматизмо́мь
37581,драмати́змамъ
37582,xxx
37583,xxx
37584,xxx
37585,xxx
37586,xxx
37587,xxx
37588,xxx
37589,xxx
37590,xxx
37591,xxx
37592,xxx
37593,xxx
37594,xxx
37595,xxx
37596,xxx
37597,xxx
37598,xxx
37599,xxx
37600,xxx
37601,xxx
37602,xxx
37603,xxx
37604,xxx
37605,xxx
37606,xxx
37607,xxx
37608,дре́ваделѣ
37609,xxx
37610,xxx
37611,xxx
37612,xxx
37613,xxx
37614,дрѣвасто́
37615,xxx
37616,xxx
37617,xxx
37618,xxx
37619,дре́ватачеци
37620,древатаче́ц
37621,xxx
37622,дрейфи́
37623,дрейфо́мъ
37624,дре́кальа
37625,xxx
37626,дро́бильцѫ
37627,xxx
37628,xxx
37629,драбильца́ми
37630,xxx
37631,xxx
37632,дро́блениѣхъ
37633,xxx
37634,xxx
37635,xxx
37636,xxx
37637,xxx
37638,xxx
37639,xxx
37640,xxx
37641,xxx
37642,xxx
37643,xxx
37644,xxx
37645,xxx
37646,xxx
37647,xxx
37648,xxx
37649,xxx
37650,xxx
37651,xxx
37652,xxx
37653,дратицу́
37654,xxx
37655,xxx
37656,xxx
37657,xxx
37658,дружинни́цу
37659,дружинни́цамь
37660,xxx
37661,дру́жинници
37662,xxx
37663,дуби́льнѣ
37664,ду́бильнѫ
37665,xxx
37666,xxx
37667,xxx
37668,xxx
37669,xxx
37670,xxx
37671,xxx
37672,xxx
37673,ду́блёньцѫ
37674,дублёньци́
37675,ду́блицат
37676,xxx
37677,xxx
37678,ду́блану
37679,xxx
37680,xxx
37681,xxx
37682,xxx
37683,xxx
37684,xxx
37685,xxx
37686,ду́бниамь
37687,xxx
37688,xxx
37689,xxx
37690,xxx
37691,xxx
37692,xxx
37693,xxx
37694,xxx
37695,дука́т
37696,дунганинѣ́хъ
37697,xxx
37698,xxx
37699,xxx
37700,xxx
37701,xxx
37702,xxx
37703,xxx
37704,xxx
37705,xxx
37706,ду́рачакы
37707,xxx
37708,ду́реньмъ
37709,xxx
37710,xxx
37711,xxx
37712,xxx
37713,xxx
37714,xxx
37715,xxx
37716,дуро́чьцѣ
37717,xxx
37718,xxx
37719,xxx
37720,духавьца́
37721,xxx
37722,xxx
37723,духо́вьцамъ
37724,xxx
37725,xxx
37726,xxx
37727,xxx
37728,xxx
37729,xxx
37730,xxx
37731,xxx
37732,душма́н
37733,xxx
37734,xxx
37735,xxx
37736,дуэтѣ́хъ
37737,xxx
37738,дщѣ́рь
37739,xxx
37740,xxx
37741,xxx
37742,xxx
37743,xxx
37744,xxx
37745,xxx
37746,xxx
37747,xxx
37748,ды́махад
37749,дымахо́дамь
37750,xxx
37751,xxx
37752,xxx
37753,xxx
37754,дырачьцѫ́
37755,дыро́чьцами
37756,xxx
37757,дьявалёнако́мь
37758,xxx
37759,xxx
37760,xxx
37761,xxx
37762,xxx
37763,xxx
37764,xxx
37765,xxx
37766,дюжи́н
37767,xxx
37768,xxx
37769,xxx
37770,xxx
37771,xxx
37772,xxx
37773,xxx
37774,xxx
37775,xxx
37776,xxx
37777,дядюшьцѫ́
37778,xxx
37779,xxx
37780,xxx
37781,xxx
37782,xxx
37783,xxx
37784,xxx
37785,ѣ́внухѣ
37786,xxx
37787,xxx
37788,еврейству́
37789,xxx
37790,xxx
37791,xxx
37792,xxx
37793,xxx
37794,xxx
37795,xxx
37796,xxx
37797,xxx
37798,xxx
37799,еге́рьѭ
37800,xxx
37801,xxx
37802,xxx
37803,xxx
37804,xxx
37805,е́жевичниц
37806,xxx
37807,ези́дамъ
37808,xxx
37809,xxx
37810,е́льчанинамъ
37811,xxx
37812,xxx
37813,xxx
37814,xxx
37815,xxx
37816,xxx
37817,xxx
37818,xxx
37819,xxx
37820,епискапы́
37821,xxx
37822,xxx
37823,xxx
37824,xxx
37825,xxx
37826,xxx
37827,xxx
37828,xxx
37829,xxx
37830,xxx
37831,xxx
37832,xxx
37833,xxx
37834,xxx
37835,естествазнани́ы
37836,xxx
37837,xxx
37838,xxx
37839,xxx
37840,xxx
37841,xxx
37842,xxx
37843,xxx
37844,xxx
37845,xxx
37846,xxx
37847,xxx
37848,xxx
37849,xxx
37850,xxx
37851,xxx
37852,xxx
37853,xxx
37854,xxx
37855,xxx
37856,xxx
37857,xxx
37858,xxx
37859,жадинѫ́
37860,xxx
37861,xxx
37862,xxx
37863,xxx
37864,xxx
37865,xxx
37866,жалѣ́йьцѣ
37867,xxx
37868,xxx
37869,xxx
37870,xxx
37871,xxx
37872,xxx
37873,xxx
37874,xxx
37875,xxx
37876,xxx
37877,xxx
37878,xxx
37879,xxx
37880,xxx
37881,xxx
37882,xxx
37883,xxx
37884,xxx
37885,xxx
37886,xxx
37887,жева́чьци
37888,xxx
37889,xxx
37890,xxx
37891,же́лвакамь
37892,xxx
37893,xxx
37894,xxx
37895,xxx
37896,xxx
37897,xxx
37898,xxx
37899,xxx
37900,xxx
37901,желтя́кѣ
37902,xxx
37903,xxx
37904,xxx
37905,xxx
37906,xxx
37907,xxx
37908,xxx
37909,xxx
37910,xxx
37911,xxx
37912,xxx
37913,xxx
37914,жрѣ́бьёвьци
37915,жрѣ́хѣ
37916,xxx
37917,xxx
37918,xxx
37919,xxx
37920,xxx
37921,xxx
37922,жѣ́стакасъть
37923,xxx
37924,xxx
37925,же́съть
37926,xxx
37927,же́стяньцѣ
37928,xxx
37929,xxx
37930,xxx
37931,xxx
37932,xxx
37933,жё́луди
37934,xxx
37935,xxx
37936,xxx
37937,xxx
37938,xxx
37939,xxx
37940,xxx
37941,живи́ц
37942,xxx
37943,xxx
37944,xxx
37945,xxx
37946,xxx
37947,xxx
37948,xxx
37949,xxx
37950,живо́сътьмъ
37951,живатнавадства́
37952,xxx
37953,xxx
37954,жидо́мъ
37955,жи́знеспасабнасъти
37956,жизнеспасабнасътьми́
37957,xxx
37958,xxx
37959,xxx
37960,xxx
37961,xxx
37962,xxx
37963,xxx
37964,xxx
37965,xxx
37966,xxx
37967,xxx
37968,xxx
37969,житницѣ́
37970,жме́наю
37971,xxx
37972,xxx
37973,xxx
37974,xxx
37975,xxx
37976,xxx
37977,жу́лици
37978,xxx
37979,xxx
37980,жупанѣ́хъ
37981,журнальчицѣ́
37982,журнальчи́ци
37983,xxx
37984,за́бавамъ
37985,xxx
37986,xxx
37987,xxx
37988,xxx
37989,xxx
37990,xxx
37991,xxx
37992,xxx
37993,за́баы
37994,забра́л
37995,xxx
37996,xxx
37997,xxx
37998,xxx
37999,xxx
38000,xxx
38001,xxx
38002,xxx
38003,xxx
38004,xxx
38005,xxx
38006,xxx
38007,xxx
38008,xxx
38009,xxx
38010,xxx
38011,xxx
38012,xxx
38013,xxx
38014,xxx
38015,xxx
38016,xxx
38017,xxx
38018,xxx
38019,xxx
38020,xxx
38021,xxx
38022,xxx
38023,заветы́
38024,xxx
38025,xxx
38026,завещаниы́
38027,xxx
38028,xxx
38029,xxx
38030,xxx
38031,xxx
38032,xxx
38033,xxx
38034,xxx
38035,xxx
38036,xxx
38037,xxx
38038,xxx
38039,завитакѣ́
38040,завито́ки
38041,завад-падрядчи́ц
38042,завад-падрядчи́цамь
38043,завад-падрядчи́ц
38044,xxx
38045,xxx
38046,заваеваниа́
38047,xxx
38048,xxx
38049,xxx
38050,xxx
38051,xxx
38052,xxx
38053,xxx
38054,xxx
38055,xxx
38056,xxx
38057,xxx
38058,xxx
38059,xxx
38060,xxx
38061,xxx
38062,xxx
38063,xxx
38064,xxx
38065,xxx
38066,xxx
38067,загаво́р
38068,xxx
38069,xxx
38070,xxx
38071,xxx
38072,xxx
38073,xxx
38074,xxx
38075,заго́н
38076,xxx
38077,за́ган
38078,заго́н
38079,xxx
38080,xxx
38081,xxx
38082,xxx
38083,xxx
38084,xxx
38085,за́гриваки
38086,xxx
38087,загрузьцѣ́
38088,xxx
38089,xxx
38090,xxx
38091,xxx
38092,xxx
38093,xxx
38094,зади́ньцъ
38095,xxx
38096,xxx
38097,xxx
38098,xxx
38099,xxx
38100,xxx
38101,xxx
38102,xxx
38103,xxx
38104,xxx
38105,xxx
38106,xxx
38107,xxx
38108,xxx
38109,xxx
38110,задраты́
38111,xxx
38112,xxx
38113,xxx
38114,xxx
38115,xxx
38116,xxx
38117,xxx
38118,xxx
38119,xxx
38120,xxx
38121,xxx
38122,xxx
38123,xxx
38124,xxx
38125,xxx
38126,xxx
38127,xxx
38128,xxx
38129,xxx
38130,xxx
38131,xxx
38132,xxx
38133,xxx
38134,зазубри́на
38135,зазубрина́хъ
38136,xxx
38137,xxx
38138,xxx
38139,xxx
38140,xxx
38141,xxx
38142,xxx
38143,xxx
38144,xxx
38145,xxx
38146,за́интрѣсаваннасътьѭ
38147,xxx
38148,xxx
38149,xxx
38150,xxx
38151,заказухы́
38152,xxx
38153,xxx
38154,xxx
38155,xxx
38156,xxx
38157,xxx
38158,xxx
38159,xxx
38160,xxx
38161,xxx
38162,xxx
38163,xxx
38164,xxx
38165,xxx
38166,xxx
38167,xxx
38168,xxx
38169,xxx
38170,xxx
38171,xxx
38172,заканапраѣ́кътъ
38173,xxx
38174,xxx
38175,xxx
38176,xxx
38177,xxx
38178,xxx
38179,xxx
38180,xxx
38181,xxx
38182,закру́тьци
38183,xxx
38184,xxx
38185,xxx
38186,за́купарьцаю
38187,xxx
38188,xxx
38189,xxx
38190,xxx
38191,xxx
38192,за́лажницѣхъ
38193,xxx
38194,xxx
38195,xxx
38196,xxx
38197,xxx
38198,xxx
38199,xxx
38200,xxx
38201,заме́нѫ
38202,xxx
38203,xxx
38204,xxx
38205,xxx
38206,xxx
38207,xxx
38208,xxx
38209,xxx
38210,xxx
38211,xxx
38212,xxx
38213,xxx
38214,xxx
38215,xxx
38216,xxx
38217,xxx
38218,xxx
38219,xxx
38220,замразо́ку
38221,замразо́к
38222,xxx
38223,xxx
38224,xxx
38225,замразакѣ́хъ
38226,за́мпреда
38227,xxx
38228,xxx
38229,xxx
38230,xxx
38231,xxx
38232,xxx
38233,xxx
38234,xxx
38235,xxx
38236,xxx
38237,xxx
38238,xxx
38239,xxx
38240,зано́зы
38241,xxx
38242,xxx
38243,xxx
38244,xxx
38245,xxx
38246,xxx
38247,западни́цамъ
38248,xxx
38249,xxx
38250,xxx
38251,xxx
38252,xxx
38253,xxx
38254,xxx
38255,xxx
38256,xxx
38257,xxx
38258,xxx
38259,за́пару
38260,запо́рамь
38261,xxx
38262,xxx
38263,xxx
38264,xxx
38265,xxx
38266,запрето́мъ
38267,xxx
38268,xxx
38269,xxx
38270,xxx
38271,xxx
38272,xxx
38273,xxx
38274,xxx
38275,запустениу́
38276,xxx
38277,xxx
38278,xxx
38279,заре́ва
38280,за́ревамь
38281,xxx
38282,xxx
38283,xxx
38284,xxx
38285,xxx
38286,xxx
38287,заро́сльѭ
38288,xxx
38289,xxx
38290,xxx
38291,xxx
38292,xxx
38293,xxx
38294,xxx
38295,xxx
38296,xxx
38297,xxx
38298,xxx
38299,xxx
38300,xxx
38301,xxx
38302,xxx
38303,xxx
38304,xxx
38305,засильа́
38306,за́сильы
38307,xxx
38308,xxx
38309,засло́ны
38310,xxx
38311,xxx
38312,xxx
38313,xxx
38314,xxx
38315,xxx
38316,xxx
38317,xxx
38318,xxx
38319,xxx
38320,xxx
38321,xxx
38322,xxx
38323,xxx
38324,xxx
38325,xxx
38326,xxx
38327,xxx
38328,xxx
38329,xxx
38330,xxx
38331,xxx
38332,xxx
38333,xxx
38334,xxx
38335,xxx
38336,xxx
38337,xxx
38338,xxx
38339,xxx
38340,за́такътѣхъ
38341,xxx
38342,затварници́
38343,зртео́ю
38344,xxx
38345,зати́шьа
38346,xxx
38347,xxx
38348,за́тишьѣхъ
38349,xxx
38350,xxx
38351,xxx
38352,xxx
38353,xxx
38354,xxx
38355,xxx
38356,за́тылачека
38357,за́тылачек
38358,за́тычьцѣ
38359,xxx
38360,xxx
38361,xxx
38362,xxx
38363,xxx
38364,xxx
38365,xxx
38366,xxx
38367,за́утрены
38368,захватѣ́хъ
38369,xxx
38370,xxx
38371,xxx
38372,xxx
38373,xxx
38374,xxx
38375,xxx
38376,xxx
38377,xxx
38378,xxx
38379,захранѣниа́
38380,xxx
38381,xxx
38382,xxx
38383,xxx
38384,зачати́а
38385,xxx
38386,xxx
38387,xxx
38388,xxx
38389,зачи́стьца
38390,xxx
38391,xxx
38392,xxx
38393,xxx
38394,xxx
38395,xxx
38396,xxx
38397,xxx
38398,xxx
38399,xxx
38400,xxx
38401,xxx
38402,зверё́кы
38403,xxx
38404,xxx
38405,xxx
38406,xxx
38407,xxx
38408,xxx
38409,xxx
38410,xxx
38411,xxx
38412,звана́рны
38413,звукападражани́а
38414,xxx
38415,xxx
38416,xxx
38417,xxx
38418,xxx
38419,xxx
38420,xxx
38421,xxx
38422,xxx
38423,xxx
38424,здравни́цамъ
38425,здравамысли́
38426,xxx
38427,xxx
38428,xxx
38429,xxx
38430,xxx
38431,xxx
38432,xxx
38433,xxx
38434,xxx
38435,xxx
38436,зе́вѣ
38437,зе́вы
38438,xxx
38439,xxx
38440,xxx
38441,xxx
38442,xxx
38443,xxx
38444,зево́тахъ
38445,xxx
38446,зѣкы́
38447,xxx
38448,зе́мледелеци
38449,xxx
38450,xxx
38451,земледелеци́
38452,xxx
38453,xxx
38454,xxx
38455,xxx
38456,xxx
38457,xxx
38458,xxx
38459,xxx
38460,xxx
38461,xxx
38462,xxx
38463,xxx
38464,xxx
38465,xxx
38466,xxx
38467,xxx
38468,xxx
38469,xxx
38470,xxx
38471,xxx
38472,xxx
38473,xxx
38474,xxx
38475,xxx
38476,xxx
38477,xxx
38478,xxx
38479,xxx
38480,xxx
38481,xxx
38482,xxx
38483,xxx
38484,xxx
38485,xxx
38486,зенке́ра
38487,xxx
38488,xxx
38489,xxx
38490,xxx
38491,xxx
38492,xxx
38493,xxx
38494,зе́рни
38495,xxx
38496,xxx
38497,xxx
38498,xxx
38499,зизза́г
38500,xxx
38501,xxx
38502,зимавьца́мъ
38503,зипѫнѣ́
38504,xxx
38505,xxx
38506,xxx
38507,зло́деи
38508,xxx
38509,xxx
38510,xxx
38511,xxx
38512,xxx
38513,xxx
38514,xxx
38515,xxx
38516,зло́радству
38517,злара́дства
38518,xxx
38519,xxx
38520,xxx
38521,xxx
38522,xxx
38523,xxx
38524,xxx
38525,xxx
38526,xxx
38527,xxx
38528,xxx
38529,xxx
38530,xxx
38531,злы́дны
38532,xxx
38533,xxx
38534,xxx
38535,xxx
38536,xxx
38537,xxx
38538,xxx
38539,xxx
38540,xxx
38541,xxx
38542,xxx
38543,xxx
38544,xxx
38545,xxx
38546,xxx
38547,xxx
38548,xxx
38549,xxx
38550,xxx
38551,xxx
38552,xxx
38553,xxx
38554,xxx
38555,xxx
38556,xxx
38557,xxx
38558,xxx
38559,злавьца́
38560,зла́вьцаю
38561,xxx
38562,занг-апе́ры
38563,xxx
38564,xxx
38565,xxx
38566,xxx
38567,xxx
38568,xxx
38569,xxx
38570,xxx
38571,xxx
38572,заамарфи́змы
38573,xxx
38574,зо́афилиамъ
38575,зрели́ща
38576,xxx
38577,зрело́съть
38578,xxx
38579,xxx
38580,xxx
38581,xxx
38582,xxx
38583,xxx
38584,xxx
38585,зубры́
38586,xxx
38587,xxx
38588,xxx
38589,xxx
38590,xxx
38591,xxx
38592,зу́рнѫ
38593,xxx
38594,зурна́хъ
38595,зыряни́нѣхъ
38596,xxx
38597,xxx
38598,xxx
38599,ивальзы́
38600,xxx
38601,xxx
38602,xxx
38603,xxx
38604,xxx
38605,xxx
38606,xxx
38607,xxx
38608,изумѣньа́
38609,xxx
38610,xxx
38611,xxx
38612,xxx
38613,xxx
38614,xxx
38615,xxx
38616,идентифицатаро́мь
38617,xxx
38618,xxx
38619,xxx
38620,xxx
38621,xxx
38622,xxx
38623,xxx
38624,и́дѣлагамь
38625,идиллиа́
38626,xxx
38627,xxx
38628,xxx
38629,xxx
38630,идиасинкразиы́
38631,идиата́
38632,xxx
38633,ха́чкары
38634,и́диатизми
38635,идиатизмы́
38636,xxx
38637,xxx
38638,xxx
38639,xxx
38640,xxx
38641,xxx
38642,xxx
38643,xxx
38644,xxx
38645,xxx
38646,xxx
38647,xxx
38648,xxx
38649,xxx
38650,xxx
38651,xxx
38652,xxx
38653,xxx
38654,xxx
38655,xxx
38656,xxx
38657,xxx
38658,xxx
38659,xxx
38660,xxx
38661,xxx
38662,xxx
38663,xxx
38664,xxx
38665,xxx
38666,xxx
38667,xxx
38668,xxx
38669,xxx
38670,xxx
38671,xxx
38672,xxx
38673,xxx
38674,xxx
38675,xxx
38676,xxx
38677,xxx
38678,извесъти́
38679,xxx
38680,и́звесъти
38681,xxx
38682,xxx
38683,xxx
38684,xxx
38685,xxx
38686,xxx
38687,xxx
38688,xxx
38689,xxx
38690,xxx
38691,xxx
38692,xxx
38693,xxx
38694,xxx
38695,xxx
38696,xxx
38697,xxx
38698,xxx
38699,xxx
38700,xxx
38701,xxx
38702,xxx
38703,xxx
38704,xxx
38705,изгнани́ы
38706,xxx
38707,xxx
38708,xxx
38709,и́згнанницѣ
38710,xxx
38711,xxx
38712,xxx
38713,xxx
38714,xxx
38715,xxx
38716,изгатавлѣниа́
38717,и́згатавлѣниамъ
38718,xxx
38719,и́зданиѣхъ
38720,xxx
38721,xxx
38722,xxx
38723,xxx
38724,xxx
38725,xxx
38726,xxx
38727,xxx
38728,xxx
38729,xxx
38730,xxx
38731,xxx
38732,xxx
38733,xxx
38734,xxx
38735,xxx
38736,xxx
38737,xxx
38738,xxx
38739,xxx
38740,xxx
38741,xxx
38742,xxx
38743,xxx
38744,xxx
38745,xxx
38746,xxx
38747,xxx
38748,xxx
38749,xxx
38750,xxx
38751,xxx
38752,xxx
38753,xxx
38754,xxx
38755,xxx
38756,xxx
38757,xxx
38758,xxx
38759,и́змрась
38760,измраси́
38761,xxx
38762,xxx
38763,xxx
38764,xxx
38765,xxx
38766,xxx
38767,xxx
38768,xxx
38769,xxx
38770,изнемажениу́
38771,и́забары
38772,xxx
38773,xxx
38774,xxx
38775,xxx
38776,и́забрѣтатѣли
38777,xxx
38778,xxx
38779,xxx
38780,xxx
38781,xxx
38782,xxx
38783,xxx
38784,xxx
38785,xxx
38786,xxx
38787,xxx
38788,xxx
38789,xxx
38790,изатерма́мъ
38791,изатерма́хъ
38792,xxx
38793,xxx
38794,израильтянинѣ́
38795,xxx
38796,xxx
38797,xxx
38798,xxx
38799,xxx
38800,xxx
38801,xxx
38802,xxx
38803,xxx
38804,xxx
38805,xxx
38806,xxx
38807,xxx
38808,xxx
38809,xxx
38810,xxx
38811,xxx
38812,и́зумруд
38813,xxx
38814,xxx
38815,xxx
38816,и́зумрудамъ
38817,изумрудѣ́хъ
38818,изъяна́
38819,xxx
38820,изъяны́
38821,изъяти́а
38822,xxx
38823,xxx
38824,xxx
38825,xxx
38826,xxx
38827,xxx
38828,xxx
38829,xxx
38830,xxx
38831,xxx
38832,xxx
38833,xxx
38834,xxx
38835,xxx
38836,xxx
38837,xxx
38838,xxx
38839,xxx
38840,xxx
38841,и́цаны
38842,xxx
38843,xxx
38844,xxx
38845,xxx
38846,и́цаты
38847,xxx
38848,xxx
38849,xxx
38850,xxx
38851,xxx
38852,xxx
38853,xxx
38854,xxx
38855,xxx
38856,xxx
38857,xxx
38858,и́льмѣ
38859,xxx
38860,xxx
38861,xxx
38862,xxx
38863,xxx
38864,xxx
38865,xxx
38866,xxx
38867,xxx
38868,xxx
38869,xxx
38870,xxx
38871,xxx
38872,xxx
38873,имитаци́ами
38874,иммизраци́
38875,xxx
38876,xxx
38877,xxx
38878,императи́в
38879,xxx
38880,xxx
38881,xxx
38882,xxx
38883,xxx
38884,xxx
38885,имплицациа́мъ
38886,xxx
38887,xxx
38888,и́мпартёр
38889,импатенты́
38890,xxx
38891,импульси́
38892,инвали́дамь
38893,xxx
38894,и́нвалидамъ
38895,инвалиднасъти́
38896,инвѣкти́вѣ
38897,и́нвентаризациы
38898,инвѣстираваниу́
38899,xxx
38900,xxx
38901,xxx
38902,xxx
38903,и́ндексациы
38904,инде́късъ
38905,xxx
38906,xxx
38907,xxx
38908,и́ндиец
38909,и́ндиеци
38910,инди́а
38911,xxx
38912,xxx
38913,xxx
38914,и́ндаеврапееца
38915,xxx
38916,xxx
38917,индуса́
38918,xxx
38919,xxx
38920,xxx
38921,xxx
38922,xxx
38923,xxx
38924,xxx
38925,xxx
38926,xxx
38927,xxx
38928,xxx
38929,xxx
38930,xxx
38931,xxx
38932,индю́шьцѣ
38933,xxx
38934,xxx
38935,xxx
38936,xxx
38937,xxx
38938,xxx
38939,xxx
38940,xxx
38941,xxx
38942,xxx
38943,xxx
38944,xxx
38945,xxx
38946,xxx
38947,xxx
38948,xxx
38949,xxx
38950,xxx
38951,xxx
38952,xxx
38953,xxx
38954,и́нрадеци
38955,xxx
38956,xxx
38957,xxx
38958,и́нахадии
38959,xxx
38960,xxx
38961,xxx
38962,xxx
38963,xxx
38964,xxx
38965,xxx
38966,инспекциа́мъ
38967,xxx
38968,xxx
38969,xxx
38970,xxx
38971,xxx
38972,xxx
38973,xxx
38974,инструктара́
38975,xxx
38976,xxx
38977,и́нтѣграла
38978,xxx
38979,xxx
38980,интеллизе́нтѣ
38981,xxx
38982,xxx
38983,интеллизентно́съти
38984,xxx
38985,xxx
38986,xxx
38987,xxx
38988,xxx
38989,интерна́т
38990,xxx
38991,xxx
38992,xxx
38993,xxx
38994,xxx
38995,xxx
38996,xxx
38997,xxx
38998,xxx
38999,и́нтерпретациамъ
39000,интерфейсу́
39001,xxx
39002,xxx
39003,xxx
39004,xxx
39005,xxx
39006,xxx
39007,xxx
39008,xxx
39009,xxx
39010,xxx
39011,xxx
39012,интуици́
39013,xxx
39014,xxx
39015,инфекци́ѣ
39016,xxx
39017,xxx
39018,xxx
39019,xxx
39020,xxx
39021,инфарматизаци́ы
39022,инфарматизаци́амъ
39023,xxx
39024,xxx
39025,xxx
39026,xxx
39027,xxx
39028,xxx
39029,ио́ды
39030,xxx
39031,xxx
39032,xxx
39033,иасифлянина́
39034,xxx
39035,xxx
39036,xxx
39037,xxx
39038,xxx
39039,xxx
39040,xxx
39041,xxx
39042,xxx
39043,xxx
39044,xxx
39045,xxx
39046,xxx
39047,xxx
39048,xxx
39049,xxx
39050,xxx
39051,xxx
39052,ирландеци́
39053,xxx
39054,xxx
39055,xxx
39056,xxx
39057,xxx
39058,xxx
39059,xxx
39060,xxx
39061,xxx
39062,xxx
39063,xxx
39064,xxx
39065,xxx
39066,пу́л
39067,xxx
39068,xxx
39069,xxx
39070,и́скры
39071,xxx
39072,xxx
39073,xxx
39074,xxx
39075,xxx
39076,xxx
39077,xxx
39078,xxx
39079,xxx
39080,xxx
39081,xxx
39082,xxx
39083,xxx
39084,xxx
39085,xxx
39086,xxx
39087,xxx
39088,xxx
39089,xxx
39090,исламизациы́
39091,xxx
39092,xxx
39093,xxx
39094,исламафабиа́мъ
39095,xxx
39096,исланде́ц
39097,xxx
39098,xxx
39099,xxx
39100,xxx
39101,xxx
39102,xxx
39103,xxx
39104,xxx
39105,xxx
39106,xxx
39107,xxx
39108,xxx
39109,xxx
39110,xxx
39111,и́спаведи
39112,и́спаведии
39113,и́спаведьмъ
39114,xxx
39115,xxx
39116,xxx
39117,xxx
39118,xxx
39119,xxx
39120,xxx
39121,xxx
39122,xxx
39123,xxx
39124,xxx
39125,xxx
39126,исправни́ц
39127,xxx
39128,xxx
39129,xxx
39130,xxx
39131,xxx
39132,xxx
39133,xxx
39134,xxx
39135,xxx
39136,xxx
39137,испугу́
39138,xxx
39139,xxx
39140,xxx
39141,xxx
39142,xxx
39143,xxx
39144,испытатели́
39145,иссапу́
39146,xxx
39147,xxx
39148,xxx
39149,xxx
39150,xxx
39151,xxx
39152,xxx
39153,xxx
39154,xxx
39155,xxx
39156,xxx
39157,xxx
39158,xxx
39159,xxx
39160,xxx
39161,xxx
39162,xxx
39163,истинно́съть
39164,xxx
39165,xxx
39166,xxx
39167,xxx
39168,xxx
39169,xxx
39170,xxx
39171,xxx
39172,xxx
39173,истариаграфи́ахъ
39174,xxx
39175,xxx
39176,xxx
39177,xxx
39178,xxx
39179,xxx
39180,xxx
39181,xxx
39182,xxx
39183,слагаделениѣ́хъ
39184,исхо́д
39185,исхо́ды
39186,xxx
39187,xxx
39188,xxx
39189,xxx
39190,xxx
39191,xxx
39192,xxx
39193,xxx
39194,xxx
39195,xxx
39196,xxx
39197,xxx
39198,xxx
39199,xxx
39200,xxx
39201,xxx
39202,xxx
39203,xxx
39204,йаттабайтѣ́
39205,xxx
39206,йаттабайто́мъ
39207,йаттабайты́
39208,xxx
39209,xxx
39210,xxx
39211,xxx
39212,xxx
39213,xxx
39214,xxx
39215,xxx
39216,xxx
39217,xxx
39218,xxx
39219,xxx
39220,xxx
39221,xxx
39222,xxx
39223,xxx
39224,xxx
39225,кадьци́
39226,xxx
39227,xxx
39228,xxx
39229,xxx
39230,xxx
39231,xxx
39232,xxx
39233,xxx
39234,xxx
39235,xxx
39236,xxx
39237,xxx
39238,xxx
39239,xxx
39240,xxx
39241,xxx
39242,xxx
39243,xxx
39244,xxx
39245,xxx
39246,ка́ймахъ
39247,ка́йманамъ
39248,xxx
39249,xxx
39250,xxx
39251,xxx
39252,xxx
39253,xxx
39254,xxx
39255,xxx
39256,xxx
39257,калашницо́вамь
39258,ка́лашницавѣ
39259,xxx
39260,xxx
39261,xxx
39262,калибры́
39263,калибрѣ́хъ
39264,xxx
39265,xxx
39266,xxx
39267,xxx
39268,калины́
39269,xxx
39270,xxx
39271,xxx
39272,xxx
39273,xxx
39274,кали́ф
39275,xxx
39276,xxx
39277,ка́лканѣхъ
39278,xxx
39279,xxx
39280,xxx
39281,xxx
39282,калари́ахъ
39283,xxx
39284,xxx
39285,xxx
39286,xxx
39287,xxx
39288,xxx
39289,xxx
39290,xxx
39291,камбаджи́йьцъ
39292,xxx
39293,xxx
39294,xxx
39295,xxx
39296,xxx
39297,xxx
39298,xxx
39299,ка́мерѫ
39300,xxx
39301,xxx
39302,xxx
39303,xxx
39304,xxx
39305,xxx
39306,xxx
39307,xxx
39308,xxx
39309,xxx
39310,xxx
39311,xxx
39312,xxx
39313,xxx
39314,xxx
39315,xxx
39316,xxx
39317,xxx
39318,xxx
39319,xxx
39320,xxx
39321,xxx
39322,xxx
39323,xxx
39324,xxx
39325,xxx
39326,xxx
39327,xxx
39328,xxx
39329,xxx
39330,xxx
39331,xxx
39332,xxx
39333,канарейьцо́ю
39334,xxx
39335,xxx
39336,xxx
39337,xxx
39338,xxx
39339,xxx
39340,xxx
39341,xxx
39342,xxx
39343,xxx
39344,xxx
39345,xxx
39346,xxx
39347,кандидату́
39348,ка́ндидатурамъ
39349,xxx
39350,канистро́ю
39351,канистры́
39352,xxx
39353,xxx
39354,xxx
39355,кано́на
39356,xxx
39357,xxx
39358,xxx
39359,xxx
39360,xxx
39361,xxx
39362,xxx
39363,xxx
39364,xxx
39365,xxx
39366,xxx
39367,xxx
39368,xxx
39369,xxx
39370,капелла́нѣхъ
39371,xxx
39372,xxx
39373,xxx
39374,капитали́змъ
39375,xxx
39376,xxx
39377,xxx
39378,xxx
39379,xxx
39380,xxx
39381,ка́пару
39382,капата́
39383,xxx
39384,xxx
39385,xxx
39386,xxx
39387,xxx
39388,xxx
39389,xxx
39390,xxx
39391,xxx
39392,xxx
39393,xxx
39394,xxx
39395,xxx
39396,xxx
39397,xxx
39398,капсю́льхъ
39399,xxx
39400,xxx
39401,карава́н
39402,xxx
39403,каракула́хъ
39404,карамбо́ли
39405,xxx
39406,xxx
39407,xxx
39408,xxx
39409,xxx
39410,xxx
39411,xxx
39412,xxx
39413,xxx
39414,xxx
39415,xxx
39416,xxx
39417,xxx
39418,xxx
39419,xxx
39420,xxx
39421,xxx
39422,ка́рдинали
39423,кардинало́мъ
39424,каре́тѣ
39425,ка́рибу
39426,карицату́р
39427,xxx
39428,xxx
39429,xxx
39430,карка́сѣхъ
39431,xxx
39432,xxx
39433,xxx
39434,xxx
39435,xxx
39436,xxx
39437,xxx
39438,xxx
39439,xxx
39440,карми́нѣ
39441,xxx
39442,xxx
39443,xxx
39444,xxx
39445,xxx
39446,xxx
39447,xxx
39448,xxx
39449,xxx
39450,xxx
39451,картагра́фу
39452,xxx
39453,xxx
39454,xxx
39455,xxx
39456,xxx
39457,xxx
39458,xxx
39459,xxx
39460,xxx
39461,xxx
39462,ка́рташечьцѫ
39463,xxx
39464,xxx
39465,xxx
39466,xxx
39467,xxx
39468,xxx
39469,карьеризма́
39470,xxx
39471,карьери́стьцѫ
39472,xxx
39473,xxx
39474,карьеристьца́ми
39475,xxx
39476,карьери́съта
39477,карьери́сътъ
39478,xxx
39479,xxx
39480,xxx
39481,xxx
39482,ка́скадёрѣхъ
39483,каска́дамь
39484,xxx
39485,xxx
39486,xxx
39487,xxx
39488,ка́сьцѫ
39489,ка́сьцъ
39490,xxx
39491,xxx
39492,xxx
39493,xxx
39494,xxx
39495,xxx
39496,xxx
39497,xxx
39498,xxx
39499,xxx
39500,кастрираваниа́
39501,xxx
39502,xxx
39503,xxx
39504,xxx
39505,xxx
39506,xxx
39507,xxx
39508,xxx
39509,xxx
39510,xxx
39511,xxx
39512,xxx
39513,xxx
39514,xxx
39515,xxx
39516,xxx
39517,xxx
39518,xxx
39519,xxx
39520,xxx
39521,xxx
39522,xxx
39523,xxx
39524,катафара́ми
39525,xxx
39526,xxx
39527,xxx
39528,xxx
39529,xxx
39530,xxx
39531,катери́сътъ
39532,xxx
39533,xxx
39534,xxx
39535,xxx
39536,xxx
39537,xxx
39538,xxx
39539,xxx
39540,xxx
39541,xxx
39542,xxx
39543,xxx
39544,xxx
39545,xxx
39546,ка́тетамъ
39547,катиано́мь
39548,xxx
39549,xxx
39550,xxx
39551,xxx
39552,xxx
39553,xxx
39554,каталицизму́
39555,xxx
39556,xxx
39557,xxx
39558,xxx
39559,xxx
39560,xxx
39561,xxx
39562,xxx
39563,xxx
39564,кафѣ́дрѣ
39565,xxx
39566,xxx
39567,xxx
39568,xxx
39569,xxx
39570,xxx
39571,xxx
39572,xxx
39573,xxx
39574,xxx
39575,ка́цапѣ
39576,xxx
39577,xxx
39578,xxx
39579,xxx
39580,xxx
39581,кашкѣ́т
39582,xxx
39583,xxx
39584,xxx
39585,xxx
39586,xxx
39587,xxx
39588,xxx
39589,ква́зар
39590,xxx
39591,xxx
39592,xxx
39593,xxx
39594,xxx
39595,xxx
39596,xxx
39597,xxx
39598,xxx
39599,xxx
39600,xxx
39601,xxx
39602,xxx
39603,xxx
39604,xxx
39605,xxx
39606,xxx
39607,xxx
39608,xxx
39609,xxx
39610,xxx
39611,квинтетѣ́
39612,xxx
39613,xxx
39614,xxx
39615,xxx
39616,xxx
39617,xxx
39618,xxx
39619,xxx
39620,xxx
39621,xxx
39622,xxx
39623,xxx
39624,xxx
39625,xxx
39626,xxx
39627,xxx
39628,xxx
39629,xxx
39630,xxx
39631,xxx
39632,xxx
39633,кельѣ́
39634,xxx
39635,ке́льамъ
39636,xxx
39637,xxx
39638,xxx
39639,xxx
39640,xxx
39641,xxx
39642,xxx
39643,xxx
39644,xxx
39645,ке́рнамь
39646,xxx
39647,xxx
39648,xxx
39649,xxx
39650,xxx
39651,xxx
39652,xxx
39653,кетчупу́
39654,xxx
39655,xxx
39656,кѣ́фальѭ
39657,xxx
39658,кёрлиньзѣ́хъ
39659,xxx
39660,киберата́камъ
39661,xxx
39662,кибуци́
39663,xxx
39664,xxx
39665,xxx
39666,xxx
39667,xxx
39668,xxx
39669,кижу́чамь
39670,xxx
39671,xxx
39672,xxx
39673,xxx
39674,xxx
39675,xxx
39676,килагра́ммы
39677,xxx
39678,xxx
39679,xxx
39680,xxx
39681,xxx
39682,xxx
39683,xxx
39684,xxx
39685,ки́льватерѣ
39686,xxx
39687,xxx
39688,xxx
39689,кинети́ѣ
39690,кинжалѣ́
39691,ки́наплёньцѫ
39692,xxx
39693,xxx
39694,xxx
39695,xxx
39696,xxx
39697,xxx
39698,xxx
39699,xxx
39700,xxx
39701,ки́нафильмы
39702,xxx
39703,xxx
39704,xxx
39705,xxx
39706,xxx
39707,xxx
39708,xxx
39709,xxx
39710,ки́пеш
39711,xxx
39712,xxx
39713,xxx
39714,xxx
39715,xxx
39716,xxx
39717,xxx
39718,xxx
39719,xxx
39720,xxx
39721,xxx
39722,xxx
39723,ки́ргизы
39724,xxx
39725,xxx
39726,xxx
39727,xxx
39728,xxx
39729,xxx
39730,xxx
39731,xxx
39732,xxx
39733,xxx
39734,xxx
39735,ки́слрада
39736,ки́слатѫ
39737,кислата́ми
39738,кислатно́съть
39739,кислатнасъти́
39740,кислатнасътьми́
39741,xxx
39742,xxx
39743,xxx
39744,xxx
39745,xxx
39746,xxx
39747,xxx
39748,xxx
39749,xxx
39750,xxx
39751,xxx
39752,xxx
39753,xxx
39754,xxx
39755,xxx
39756,xxx
39757,xxx
39758,xxx
39759,xxx
39760,ки́ши
39761,xxx
39762,xxx
39763,xxx
39764,xxx
39765,xxx
39766,xxx
39767,xxx
39768,xxx
39769,xxx
39770,xxx
39771,xxx
39772,xxx
39773,xxx
39774,кларнѣти́сътъ
39775,кларнѣти́съту
39776,xxx
39777,xxx
39778,xxx
39779,xxx
39780,xxx
39781,клеймы́
39782,xxx
39783,xxx
39784,xxx
39785,xxx
39786,xxx
39787,клептаманѣ́
39788,кле́рьцъ
39789,xxx
39790,xxx
39791,xxx
39792,xxx
39793,xxx
39794,xxx
39795,xxx
39796,xxx
39797,xxx
39798,кли́змъ
39799,xxx
39800,xxx
39801,xxx
39802,xxx
39803,xxx
39804,xxx
39805,xxx
39806,xxx
39807,xxx
39808,xxx
39809,xxx
39810,xxx
39811,xxx
39812,xxx
39813,xxx
39814,xxx
39815,xxx
39816,xxx
39817,xxx
39818,xxx
39819,xxx
39820,xxx
39821,xxx
39822,xxx
39823,xxx
39824,xxx
39825,xxx
39826,xxx
39827,xxx
39828,xxx
39829,xxx
39830,xxx
39831,кли́тара
39832,кли́тар
39833,xxx
39834,xxx
39835,кли́чѣ
39836,xxx
39837,xxx
39838,xxx
39839,xxx
39840,xxx
39841,xxx
39842,xxx
39843,xxx
39844,xxx
39845,xxx
39846,клазе́т
39847,xxx
39848,xxx
39849,xxx
39850,xxx
39851,xxx
39852,xxx
39853,xxx
39854,xxx
39855,xxx
39856,xxx
39857,xxx
39858,xxx
39859,xxx
39860,xxx
39861,клу́бѣньѭ
39862,xxx
39863,xxx
39864,xxx
39865,xxx
39866,xxx
39867,xxx
39868,xxx
39869,клы́ка
39870,клю́кѣ
39871,клю́кы
39872,xxx
39873,xxx
39874,xxx
39875,xxx
39876,xxx
39877,xxx
39878,xxx
39879,xxx
39880,xxx
39881,xxx
39882,xxx
39883,xxx
39884,xxx
39885,xxx
39886,xxx
39887,xxx
39888,xxx
39889,кля́твамъ
39890,xxx
39891,xxx
39892,xxx
39893,xxx
39894,xxx
39895,книзавра́та
39896,кни́завраты
39897,xxx
39898,xxx
39899,xxx
39900,xxx
39901,книжи́ца
39902,xxx
39903,книжица́мъ
39904,кно́пьци
39905,xxx
39906,xxx
39907,xxx
39908,xxx
39909,xxx
39910,xxx
39911,xxx
39912,xxx
39913,княжеству́
39914,xxx
39915,xxx
39916,xxx
39917,xxx
39918,xxx
39919,каа́ламъ
39920,xxx
39921,xxx
39922,xxx
39923,xxx
39924,xxx
39925,xxx
39926,xxx
39927,кабрѣ́
39928,xxx
39929,xxx
39930,xxx
39931,xxx
39932,xxx
39933,xxx
39934,xxx
39935,xxx
39936,каварства́
39937,xxx
39938,xxx
39939,xxx
39940,xxx
39941,xxx
39942,xxx
39943,кавбо́ѣ
39944,xxx
39945,xxx
39946,кавбаы́
39947,xxx
39948,xxx
39949,xxx
39950,xxx
39951,xxx
39952,xxx
39953,xxx
39954,xxx
39955,xxx
39956,xxx
39957,xxx
39958,xxx
39959,xxx
39960,ко́вчег
39961,xxx
39962,xxx
39963,xxx
39964,xxx
39965,xxx
39966,xxx
39967,ко́длами
39968,кажу́х
39969,ко́жух
39970,xxx
39971,xxx
39972,xxx
39973,xxx
39974,xxx
39975,xxx
39976,xxx
39977,xxx
39978,xxx
39979,xxx
39980,xxx
39981,кайо́тѣ
39982,xxx
39983,xxx
39984,ко́каин
39985,xxx
39986,xxx
39987,xxx
39988,xxx
39989,xxx
39990,xxx
39991,xxx
39992,xxx
39993,xxx
39994,xxx
39995,xxx
39996,xxx
39997,xxx
39998,xxx
39999,xxx
40000,xxx
40001,xxx
40002,xxx
40003,xxx
40004,xxx
40005,xxx
40006,xxx
40007,xxx
40008,xxx
40009,xxx
40010,xxx
40011,xxx
40012,xxx
40013,xxx
40014,xxx
40015,xxx
40016,xxx
40017,xxx
40018,xxx
40019,xxx
40020,xxx
40021,xxx
40022,xxx
40023,xxx
40024,xxx
40025,xxx
40026,каленва́л
40027,xxx
40028,xxx
40029,xxx
40030,xxx
40031,xxx
40032,xxx
40033,xxx
40034,xxx
40035,xxx
40036,xxx
40037,xxx
40038,xxx
40039,xxx
40040,xxx
40041,xxx
40042,xxx
40043,xxx
40044,xxx
40045,xxx
40046,xxx
40047,xxx
40048,xxx
40049,xxx
40050,xxx
40051,xxx
40052,xxx
40053,xxx
40054,xxx
40055,xxx
40056,xxx
40057,xxx
40058,xxx
40059,киллаквиуму́
40060,xxx
40061,кла́кали
40062,xxx
40063,xxx
40064,xxx
40065,xxx
40066,xxx
40067,xxx
40068,xxx
40069,xxx
40070,xxx
40071,xxx
40072,xxx
40073,xxx
40074,xxx
40075,xxx
40076,xxx
40077,xxx
40078,xxx
40079,xxx
40080,xxx
40081,xxx
40082,xxx
40083,xxx
40084,xxx
40085,xxx
40086,xxx
40087,xxx
40088,xxx
40089,xxx
40090,xxx
40091,xxx
40092,xxx
40093,xxx
40094,xxx
40095,xxx
40096,xxx
40097,xxx
40098,xxx
40099,клариты́
40100,xxx
40101,xxx
40102,xxx
40103,xxx
40104,xxx
40105,калхазни́ца
40106,калхазни́ц
40107,калхазницѣ́
40108,xxx
40109,xxx
40110,xxx
40111,xxx
40112,калча́ни
40113,xxx
40114,xxx
40115,xxx
40116,ко́лыбельхъ
40117,xxx
40118,xxx
40119,xxx
40120,xxx
40121,xxx
40122,xxx
40123,xxx
40124,xxx
40125,xxx
40126,xxx
40127,xxx
40128,xxx
40129,xxx
40130,xxx
40131,xxx
40132,xxx
40133,xxx
40134,xxx
40135,xxx
40136,xxx
40137,xxx
40138,кальчу́гами
40139,xxx
40140,xxx
40141,xxx
40142,xxx
40143,xxx
40144,xxx
40145,xxx
40146,xxx
40147,xxx
40148,xxx
40149,xxx
40150,xxx
40151,xxx
40152,xxx
40153,xxx
40154,xxx
40155,xxx
40156,xxx
40157,xxx
40158,xxx
40159,каманди́ры
40160,xxx
40161,xxx
40162,xxx
40163,камба́т
40164,камбинатѣ́
40165,ко́мбинаты
40166,xxx
40167,xxx
40168,xxx
40169,xxx
40170,xxx
40171,xxx
40172,xxx
40173,xxx
40174,xxx
40175,камбинезо́н
40176,xxx
40177,xxx
40178,xxx
40179,xxx
40180,xxx
40181,xxx
40182,ко́менданти
40183,xxx
40184,xxx
40185,xxx
40186,xxx
40187,xxx
40188,xxx
40189,ками́цъсу
40190,xxx
40191,камицъсы́
40192,ко́миссара
40193,xxx
40194,камисса́рѣ
40195,xxx
40196,xxx
40197,xxx
40198,xxx
40199,xxx
40200,xxx
40201,xxx
40202,xxx
40203,xxx
40204,xxx
40205,ко́ммерсантъ
40206,xxx
40207,xxx
40208,xxx
40209,xxx
40210,xxx
40211,xxx
40212,xxx
40213,xxx
40214,xxx
40215,xxx
40216,ко́ммѫнар
40217,каммѫнара́
40218,xxx
40219,каммѫницациа́
40220,xxx
40221,xxx
40222,каммѫницаци́ы
40223,каммѫнистьца́
40224,xxx
40225,ко́ммѫнистьцамъ
40226,xxx
40227,xxx
40228,xxx
40229,xxx
40230,xxx
40231,xxx
40232,xxx
40233,xxx
40234,xxx
40235,xxx
40236,xxx
40237,xxx
40238,xxx
40239,xxx
40240,кампенсациѣ́
40241,xxx
40242,xxx
40243,xxx
40244,xxx
40245,xxx
40246,xxx
40247,xxx
40248,ко́мпилираваниа
40249,xxx
40250,кампле́късѣхъ
40251,камплектавани́а
40252,xxx
40253,xxx
40254,xxx
40255,xxx
40256,xxx
40257,xxx
40258,xxx
40259,xxx
40260,ко́мпрессар
40261,xxx
40262,xxx
40263,xxx
40264,xxx
40265,xxx
40266,xxx
40267,xxx
40268,камсамальца́мъ
40269,xxx
40270,xxx
40271,xxx
40272,xxx
40273,xxx
40274,ко́нвейера
40275,xxx
40276,xxx
40277,xxx
40278,xxx
40279,xxx
40280,xxx
40281,xxx
40282,xxx
40283,xxx
40284,xxx
40285,xxx
40286,кангресъсѣ́хъ
40287,xxx
40288,xxx
40289,xxx
40290,xxx
40291,xxx
40292,xxx
40293,ко́ндамы
40294,кандуктара́
40295,ко́ндуктари
40296,xxx
40297,xxx
40298,канечнасъти́
40299,xxx
40300,xxx
40301,xxx
40302,xxx
40303,канкардатѣ́
40304,xxx
40305,xxx
40306,xxx
40307,xxx
40308,xxx
40309,xxx
40310,xxx
40311,xxx
40312,xxx
40313,xxx
40314,xxx
40315,xxx
40316,xxx
40317,xxx
40318,xxx
40319,ко́нсарциума
40320,xxx
40321,xxx
40322,xxx
40323,xxx
40324,xxx
40325,xxx
40326,xxx
40327,xxx
40328,канструиравани́
40329,xxx
40330,xxx
40331,xxx
40332,xxx
40333,xxx
40334,xxx
40335,xxx
40336,xxx
40337,xxx
40338,xxx
40339,xxx
40340,xxx
40341,xxx
40342,xxx
40343,xxx
40344,xxx
40345,xxx
40346,канта́къты
40347,xxx
40348,xxx
40349,xxx
40350,xxx
40351,xxx
40352,xxx
40353,xxx
40354,xxx
40355,xxx
40356,xxx
40357,xxx
40358,xxx
40359,xxx
40360,xxx
40361,кантрактницу́
40362,xxx
40363,кантра́съта
40364,xxx
40365,xxx
40366,xxx
40367,xxx
40368,xxx
40369,xxx
40370,xxx
40371,xxx
40372,xxx
40373,xxx
40374,xxx
40375,xxx
40376,кану́ньзамъ
40377,xxx
40378,xxx
40379,xxx
40380,xxx
40381,xxx
40382,xxx
40383,xxx
40384,xxx
40385,xxx
40386,xxx
40387,xxx
40388,xxx
40389,xxx
40390,xxx
40391,xxx
40392,xxx
40393,xxx
40394,канфизураци́а
40395,xxx
40396,xxx
40397,xxx
40398,xxx
40399,xxx
40400,xxx
40401,xxx
40402,xxx
40403,xxx
40404,xxx
40405,xxx
40406,xxx
40407,xxx
40408,канцентра́т
40409,ко́нцепътъ
40410,xxx
40411,xxx
40412,xxx
40413,xxx
40414,xxx
40415,xxx
40416,канцлаге́ри
40417,xxx
40418,xxx
40419,xxx
40420,xxx
40421,xxx
40422,xxx
40423,xxx
40424,xxx
40425,xxx
40426,xxx
40427,xxx
40428,xxx
40429,xxx
40430,ко́ньячака
40431,xxx
40432,xxx
40433,xxx
40434,xxx
40435,xxx
40436,xxx
40437,капёрѣ́
40438,xxx
40439,xxx
40440,xxx
40441,xxx
40442,xxx
40443,xxx
40444,xxx
40445,xxx
40446,xxx
40447,капо́ть
40448,xxx
40449,капо́тии
40450,xxx
40451,xxx
40452,xxx
40453,xxx
40454,xxx
40455,xxx
40456,xxx
40457,xxx
40458,xxx
40459,xxx
40460,xxx
40461,xxx
40462,xxx
40463,xxx
40464,xxx
40465,xxx
40466,xxx
40467,xxx
40468,xxx
40469,xxx
40470,xxx
40471,ко́рабль
40472,xxx
40473,караллу́
40474,xxx
40475,кардо́н
40476,кардани́
40477,кардо́ны
40478,xxx
40479,карее́ца
40480,xxx
40481,xxx
40482,xxx
40483,каре́шамъ
40484,xxx
40485,xxx
40486,xxx
40487,xxx
40488,xxx
40489,xxx
40490,xxx
40491,xxx
40492,ко́ржи
40493,xxx
40494,xxx
40495,xxx
40496,xxx
40497,xxx
40498,xxx
40499,xxx
40500,xxx
40501,ко́рзнѣ
40502,карзнѣ́хъ
40503,xxx
40504,xxx
40505,xxx
40506,xxx
40507,xxx
40508,xxx
40509,xxx
40510,xxx
40511,xxx
40512,xxx
40513,xxx
40514,xxx
40515,карневища́
40516,xxx
40517,xxx
40518,xxx
40519,xxx
40520,xxx
40521,xxx
40522,xxx
40523,xxx
40524,кра́бы
40525,xxx
40526,xxx
40527,xxx
40528,xxx
40529,xxx
40530,xxx
40531,кра́вницу
40532,xxx
40533,xxx
40534,xxx
40535,xxx
40536,xxx
40537,xxx
40538,xxx
40539,xxx
40540,xxx
40541,xxx
40542,xxx
40543,xxx
40544,xxx
40545,ко́рреляциахъ
40546,xxx
40547,xxx
40548,xxx
40549,xxx
40550,xxx
40551,xxx
40552,xxx
40553,xxx
40554,карте́жѣ
40555,xxx
40556,xxx
40557,xxx
40558,xxx
40559,xxx
40560,xxx
40561,xxx
40562,xxx
40563,xxx
40564,xxx
40565,xxx
40566,карысъти́
40567,кари́
40568,xxx
40569,ко́рии
40570,xxx
40571,xxx
40572,xxx
40573,xxx
40574,xxx
40575,xxx
40576,xxx
40577,xxx
40578,xxx
40579,xxx
40580,xxx
40581,xxx
40582,xxx
40583,xxx
40584,xxx
40585,xxx
40586,xxx
40587,ко́смапалитизми
40588,xxx
40589,касавратьцѣ́
40590,xxx
40591,xxx
40592,кафѣ́дръ
40593,xxx
40594,xxx
40595,xxx
40596,кастрѣ́ц
40597,кастрѣ́ц
40598,ко́стрѣци
40599,xxx
40600,xxx
40601,xxx
40602,xxx
40603,xxx
40604,xxx
40605,xxx
40606,xxx
40607,xxx
40608,xxx
40609,xxx
40610,xxx
40611,xxx
40612,xxx
40613,xxx
40614,xxx
40615,катело́к
40616,xxx
40617,xxx
40618,xxx
40619,xxx
40620,xxx
40621,xxx
40622,xxx
40623,катлавины́
40624,ко́тлавинѫ
40625,xxx
40626,xxx
40627,xxx
40628,xxx
40629,xxx
40630,ко́учи
40631,xxx
40632,xxx
40633,xxx
40634,xxx
40635,xxx
40636,xxx
40637,xxx
40638,xxx
40639,xxx
40640,качега́р
40641,xxx
40642,xxx
40643,xxx
40644,качка́рьми
40645,xxx
40646,xxx
40647,xxx
40648,xxx
40649,xxx
40650,краеше́кѣхъ
40651,xxx
40652,xxx
40653,xxx
40654,xxx
40655,xxx
40656,xxx
40657,крампе́ти
40658,xxx
40659,xxx
40660,xxx
40661,xxx
40662,xxx
40663,xxx
40664,красавчицѣ́
40665,xxx
40666,краси́льны
40667,xxx
40668,красите́лии
40669,кра́снарѣчи
40670,xxx
40671,xxx
40672,xxx
40673,кратко́сътьѭ
40674,xxx
40675,xxx
40676,xxx
40677,xxx
40678,xxx
40679,xxx
40680,xxx
40681,xxx
40682,xxx
40683,xxx
40684,креке́ру
40685,xxx
40686,xxx
40687,xxx
40688,xxx
40689,xxx
40690,крѣмираваниу́
40691,xxx
40692,кремлебо́ти
40693,xxx
40694,xxx
40695,xxx
40696,xxx
40697,xxx
40698,крѣмля́дьхъ
40699,xxx
40700,xxx
40701,xxx
40702,xxx
40703,кре́на
40704,кре́ни
40705,xxx
40706,xxx
40707,xxx
40708,xxx
40709,xxx
40710,xxx
40711,xxx
40712,xxx
40713,xxx
40714,xxx
40715,xxx
40716,xxx
40717,xxx
40718,xxx
40719,xxx
40720,xxx
40721,xxx
40722,xxx
40723,xxx
40724,xxx
40725,креставины́
40726,xxx
40727,xxx
40728,xxx
40729,xxx
40730,xxx
40731,xxx
40732,xxx
40733,xxx
40734,xxx
40735,xxx
40736,xxx
40737,xxx
40738,xxx
40739,xxx
40740,xxx
40741,xxx
40742,xxx
40743,криминалисъта́
40744,криминалисъты́
40745,xxx
40746,xxx
40747,xxx
40748,xxx
40749,xxx
40750,кри́птаны
40751,xxx
40752,xxx
40753,xxx
40754,xxx
40755,криста́лламъ
40756,криста́ллы
40757,xxx
40758,критяни́н
40759,xxx
40760,xxx
40761,xxx
40762,xxx
40763,xxx
40764,xxx
40765,xxx
40766,xxx
40767,xxx
40768,xxx
40769,xxx
40770,кро́ваизлияниа
40771,xxx
40772,кро́вападтёкамь
40773,xxx
40774,xxx
40775,xxx
40776,xxx
40777,xxx
40778,xxx
40779,xxx
40780,xxx
40781,xxx
40782,xxx
40783,xxx
40784,кро́ссвардѣхъ
40785,xxx
40786,xxx
40787,xxx
40788,xxx
40789,xxx
40790,xxx
40791,xxx
40792,xxx
40793,xxx
40794,xxx
40795,крашево́
40796,краше́ва
40797,xxx
40798,xxx
40799,xxx
40800,xxx
40801,xxx
40802,xxx
40803,xxx
40804,xxx
40805,xxx
40806,xxx
40807,xxx
40808,xxx
40809,xxx
40810,xxx
40811,xxx
40812,xxx
40813,xxx
40814,xxx
40815,xxx
40816,xxx
40817,xxx
40818,xxx
40819,xxx
40820,xxx
40821,xxx
40822,xxx
40823,xxx
40824,xxx
40825,xxx
40826,xxx
40827,xxx
40828,xxx
40829,xxx
40830,xxx
40831,xxx
40832,xxx
40833,xxx
40834,xxx
40835,xxx
40836,xxx
40837,xxx
40838,xxx
40839,xxx
40840,xxx
40841,xxx
40842,xxx
40843,крымчанинѣ́хъ
40844,xxx
40845,xxx
40846,xxx
40847,xxx
40848,xxx
40849,xxx
40850,xxx
40851,xxx
40852,ксанти́на
40853,xxx
40854,xxx
40855,xxx
40856,ксе́нани
40857,xxx
40858,xxx
40859,xxx
40860,xxx
40861,xxx
40862,xxx
40863,xxx
40864,xxx
40865,xxx
40866,xxx
40867,xxx
40868,xxx
40869,xxx
40870,xxx
40871,xxx
40872,xxx
40873,xxx
40874,xxx
40875,xxx
40876,xxx
40877,xxx
40878,xxx
40879,xxx
40880,xxx
40881,xxx
40882,xxx
40883,xxx
40884,xxx
40885,xxx
40886,xxx
40887,xxx
40888,xxx
40889,xxx
40890,кува́лдѣ
40891,кувалдѫ́
40892,xxx
40893,xxx
40894,xxx
40895,xxx
40896,xxx
40897,xxx
40898,xxx
40899,xxx
40900,xxx
40901,кувши́нѣхъ
40902,ку́зени
40903,xxx
40904,xxx
40905,кузне́ц
40906,xxx
40907,xxx
40908,xxx
40909,ку́зьмы
40910,ку́зьмы
40911,xxx
40912,куко́ль
40913,xxx
40914,xxx
40915,куко́льмъ
40916,xxx
40917,xxx
40918,xxx
40919,xxx
40920,xxx
40921,xxx
40922,xxx
40923,xxx
40924,xxx
40925,xxx
40926,xxx
40927,xxx
40928,кумжи́
40929,xxx
40930,ку́мжамъ
40931,ку́мжами
40932,кумква́т
40933,кунжу́та
40934,xxx
40935,xxx
40936,кунжу́тамь
40937,xxx
40938,куни́ц
40939,xxx
40940,xxx
40941,xxx
40942,xxx
40943,xxx
40944,xxx
40945,xxx
40946,xxx
40947,xxx
40948,xxx
40949,xxx
40950,xxx
40951,купаньо́
40952,xxx
40953,xxx
40954,xxx
40955,xxx
40956,xxx
40957,xxx
40958,xxx
40959,купи́н
40960,xxx
40961,xxx
40962,xxx
40963,xxx
40964,xxx
40965,xxx
40966,xxx
40967,xxx
40968,xxx
40969,xxx
40970,xxx
40971,xxx
40972,ку́ратара
40973,xxx
40974,курвы́
40975,кургана́
40976,xxx
40977,xxx
40978,xxx
40979,xxx
40980,xxx
40981,xxx
40982,xxx
40983,xxx
40984,курево́
40985,xxx
40986,xxx
40987,xxx
40988,xxx
40989,xxx
40990,xxx
40991,xxx
40992,xxx
40993,xxx
40994,xxx
40995,xxx
40996,куркумы́
40997,xxx
40998,xxx
40999,xxx
41000,xxx
41001,ку́рсивамь
41002,ку́рсйивѣ
41003,курси́сѣ
41004,курси́сы
41005,xxx
41006,xxx
41007,xxx
41008,xxx
41009,xxx
41010,xxx
41011,ку́ртизаньцѣ
41012,xxx
41013,xxx
41014,xxx
41015,xxx
41016,xxx
41017,xxx
41018,xxx
41019,xxx
41020,xxx
41021,xxx
41022,xxx
41023,xxx
41024,xxx
41025,xxx
41026,xxx
41027,xxx
41028,кутило́ю
41029,xxx
41030,xxx
41031,xxx
41032,xxx
41033,xxx
41034,xxx
41035,xxx
41036,xxx
41037,xxx
41038,xxx
41039,xxx
41040,xxx
41041,xxx
41042,xxx
41043,xxx
41044,xxx
41045,xxx
41046,ку́чьцъ
41047,xxx
41048,xxx
41049,xxx
41050,xxx
41051,xxx
41052,xxx
41053,xxx
41054,xxx
41055,xxx
41056,xxx
41057,xxx
41058,xxx
41059,xxx
41060,xxx
41061,xxx
41062,xxx
41063,xxx
41064,xxx
41065,xxx
41066,xxx
41067,xxx
41068,xxx
41069,xxx
41070,xxx
41071,xxx
41072,xxx
41073,xxx
41074,xxx
41075,лабара́нтъ
41076,xxx
41077,xxx
41078,xxx
41079,xxx
41080,xxx
41081,xxx
41082,xxx
41083,xxx
41084,xxx
41085,xxx
41086,ла́врѫ
41087,xxx
41088,xxx
41089,xxx
41090,xxx
41091,xxx
41092,лаге́р
41093,xxx
41094,xxx
41095,ла́гуны
41096,xxx
41097,xxx
41098,ладани́
41099,xxx
41100,xxx
41101,xxx
41102,xxx
41103,xxx
41104,xxx
41105,xxx
41106,xxx
41107,xxx
41108,xxx
41109,xxx
41110,xxx
41111,xxx
41112,xxx
41113,xxx
41114,xxx
41115,xxx
41116,xxx
41117,xxx
41118,xxx
41119,ла́йнерамъ
41120,лайнеры́
41121,лакедеманяни́ну
41122,xxx
41123,xxx
41124,xxx
41125,xxx
41126,xxx
41127,xxx
41128,xxx
41129,xxx
41130,xxx
41131,лакамство́
41132,xxx
41133,ла́красъсамь
41134,xxx
41135,xxx
41136,xxx
41137,ла́мбады
41138,xxx
41139,ла́мпасѣ
41140,ландграфѣ́хъ
41141,xxx
41142,xxx
41143,xxx
41144,xxx
41145,xxx
41146,xxx
41147,ла́налина
41148,xxx
41149,xxx
41150,xxx
41151,xxx
41152,xxx
41153,xxx
41154,xxx
41155,xxx
41156,xxx
41157,xxx
41158,xxx
41159,xxx
41160,xxx
41161,xxx
41162,xxx
41163,xxx
41164,xxx
41165,xxx
41166,xxx
41167,xxx
41168,xxx
41169,xxx
41170,xxx
41171,xxx
41172,xxx
41173,xxx
41174,xxx
41175,лапсѣрда́к
41176,xxx
41177,xxx
41178,xxx
41179,xxx
41180,xxx
41181,xxx
41182,xxx
41183,xxx
41184,xxx
41185,xxx
41186,xxx
41187,xxx
41188,ла́тимѣриа
41189,xxx
41190,xxx
41191,xxx
41192,xxx
41193,xxx
41194,xxx
41195,xxx
41196,xxx
41197,xxx
41198,xxx
41199,xxx
41200,xxx
41201,xxx
41202,xxx
41203,xxx
41204,xxx
41205,xxx
41206,xxx
41207,xxx
41208,xxx
41209,xxx
41210,xxx
41211,xxx
41212,xxx
41213,ку́киши
41214,тест-системы́
41215,xxx
41216,xxx
41217,xxx
41218,xxx
41219,xxx
41220,левши́
41221,xxx
41222,xxx
41223,xxx
41224,xxx
41225,xxx
41226,ле́гкаатлет
41227,xxx
41228,xxx
41229,xxx
41230,xxx
41231,xxx
41232,xxx
41233,xxx
41234,xxx
41235,xxx
41236,xxx
41237,xxx
41238,xxx
41239,xxx
41240,xxx
41241,xxx
41242,xxx
41243,xxx
41244,xxx
41245,xxx
41246,лейказа́
41247,xxx
41248,xxx
41249,xxx
41250,xxx
41251,xxx
41252,xxx
41253,xxx
41254,xxx
41255,xxx
41256,xxx
41257,ле́карии
41258,xxx
41259,xxx
41260,xxx
41261,xxx
41262,xxx
41263,xxx
41264,xxx
41265,xxx
41266,xxx
41267,xxx
41268,xxx
41269,xxx
41270,xxx
41271,xxx
41272,xxx
41273,xxx
41274,лемниска́т
41275,xxx
41276,xxx
41277,xxx
41278,xxx
41279,xxx
41280,xxx
41281,xxx
41282,xxx
41283,xxx
41284,xxx
41285,xxx
41286,xxx
41287,лепёшечници́
41288,xxx
41289,xxx
41290,xxx
41291,xxx
41292,xxx
41293,xxx
41294,xxx
41295,xxx
41296,xxx
41297,лепто́намъ
41298,xxx
41299,xxx
41300,xxx
41301,xxx
41302,xxx
41303,xxx
41304,xxx
41305,xxx
41306,xxx
41307,xxx
41308,xxx
41309,xxx
41310,xxx
41311,xxx
41312,xxx
41313,xxx
41314,xxx
41315,ле́савазѣ
41316,xxx
41317,xxx
41318,xxx
41319,xxx
41320,xxx
41321,xxx
41322,xxx
41323,лѣсазаво́дѣ
41324,xxx
41325,xxx
41326,xxx
41327,xxx
41328,xxx
41329,лесамелиарациы́
41330,лесамелиарациа́ми
41331,xxx
41332,xxx
41333,xxx
41334,xxx
41335,xxx
41336,xxx
41337,xxx
41338,xxx
41339,xxx
41340,xxx
41341,xxx
41342,ле́сапарьцѣхъ
41343,xxx
41344,xxx
41345,xxx
41346,xxx
41347,xxx
41348,xxx
41349,xxx
41350,xxx
41351,xxx
41352,xxx
41353,xxx
41354,xxx
41355,xxx
41356,xxx
41357,xxx
41358,xxx
41359,xxx
41360,xxx
41361,xxx
41362,xxx
41363,xxx
41364,xxx
41365,xxx
41366,xxx
41367,xxx
41368,xxx
41369,xxx
41370,xxx
41371,xxx
41372,xxx
41373,xxx
41374,xxx
41375,xxx
41376,xxx
41377,xxx
41378,xxx
41379,xxx
41380,xxx
41381,лианы́
41382,либерализациы́
41383,либерализациа́ми
41384,xxx
41385,либерализмы́
41386,xxx
41387,xxx
41388,xxx
41389,xxx
41390,xxx
41391,xxx
41392,ливане́ца
41393,xxx
41394,xxx
41395,ливане́ц
41396,xxx
41397,ли́виецамъ
41398,ли́виецѣхъ
41399,ливреа́
41400,xxx
41401,xxx
41402,лизату́ры
41403,xxx
41404,xxx
41405,xxx
41406,xxx
41407,xxx
41408,xxx
41409,xxx
41410,xxx
41411,xxx
41412,xxx
41413,лицвидаци́ы
41414,xxx
41415,xxx
41416,xxx
41417,xxx
41418,xxx
41419,xxx
41420,xxx
41421,xxx
41422,ли́мита
41423,xxx
41424,xxx
41425,xxx
41426,xxx
41427,ли́мфѣ
41428,xxx
41429,xxx
41430,xxx
41431,xxx
41432,xxx
41433,xxx
41434,ли́нзами
41435,xxx
41436,xxx
41437,xxx
41438,xxx
41439,xxx
41440,xxx
41441,листи́ц
41442,xxx
41443,xxx
41444,xxx
41445,xxx
41446,xxx
41447,листаки́
41448,xxx
41449,xxx
41450,xxx
41451,xxx
41452,xxx
41453,xxx
41454,xxx
41455,xxx
41456,xxx
41457,xxx
41458,xxx
41459,xxx
41460,xxx
41461,xxx
41462,лито́вьцъ
41463,ли́татѣ
41464,xxx
41465,xxx
41466,xxx
41467,xxx
41468,xxx
41469,xxx
41470,xxx
41471,xxx
41472,xxx
41473,xxx
41474,xxx
41475,xxx
41476,xxx
41477,лисара́дьци
41478,xxx
41479,xxx
41480,xxx
41481,xxx
41482,листеру́
41483,ли́цеѣ
41484,xxx
41485,xxx
41486,xxx
41487,xxx
41488,ли́цемеры
41489,xxx
41490,xxx
41491,xxx
41492,личици́
41493,xxx
41494,xxx
41495,xxx
41496,xxx
41497,лишнеы́
41498,xxx
41499,xxx
41500,xxx
41501,xxx
41502,xxx
41503,xxx
41504,xxx
41505,xxx
41506,xxx
41507,xxx
41508,xxx
41509,xxx
41510,xxx
41511,xxx
41512,xxx
41513,xxx
41514,xxx
41515,xxx
41516,xxx
41517,xxx
41518,xxx
41519,xxx
41520,xxx
41521,xxx
41522,лагари́фмамъ
41523,xxx
41524,xxx
41525,xxx
41526,xxx
41527,xxx
41528,xxx
41529,xxx
41530,xxx
41531,лаго́с
41532,xxx
41533,xxx
41534,xxx
41535,лагати́пѣхъ
41536,xxx
41537,xxx
41538,xxx
41539,xxx
41540,xxx
41541,xxx
41542,xxx
41543,xxx
41544,xxx
41545,xxx
41546,xxx
41547,xxx
41548,ло́дыри
41549,xxx
41550,xxx
41551,xxx
41552,xxx
41553,xxx
41554,xxx
41555,xxx
41556,xxx
41557,xxx
41558,ло́катар
41559,xxx
41560,xxx
41561,xxx
41562,xxx
41563,xxx
41564,xxx
41565,xxx
41566,xxx
41567,xxx
41568,xxx
41569,xxx
41570,xxx
41571,xxx
41572,xxx
41573,ламба́рдъ
41574,xxx
41575,xxx
41576,xxx
41577,xxx
41578,xxx
41579,xxx
41580,xxx
41581,ланжѣро́на
41582,xxx
41583,xxx
41584,xxx
41585,xxx
41586,xxx
41587,xxx
41588,xxx
41589,xxx
41590,xxx
41591,ласо́н
41592,xxx
41593,xxx
41594,xxx
41595,xxx
41596,xxx
41597,xxx
41598,xxx
41599,xxx
41600,xxx
41601,xxx
41602,xxx
41603,xxx
41604,xxx
41605,xxx
41606,xxx
41607,xxx
41608,xxx
41609,xxx
41610,луко́вьца
41611,xxx
41612,лы́жи
41613,лы́жниц
41614,xxx
41615,лы́ка
41616,xxx
41617,xxx
41618,xxx
41619,xxx
41620,xxx
41621,xxx
41622,xxx
41623,xxx
41624,xxx
41625,льзо́тѣ
41626,xxx
41627,xxx
41628,xxx
41629,xxx
41630,xxx
41631,xxx
41632,xxx
41633,xxx
41634,xxx
41635,xxx
41636,xxx
41637,xxx
41638,любимаы́
41639,xxx
41640,xxx
41641,xxx
41642,xxx
41643,xxx
41644,xxx
41645,лю́късамь
41646,лю́късы
41647,xxx
41648,xxx
41649,лю́льцами
41650,люме́ны
41651,xxx
41652,xxx
41653,xxx
41654,люце́рнъ
41655,ля́гушанака
41656,xxx
41657,xxx
41658,ля́гушанакы
41659,xxx
41660,ля́двеаю
41661,xxx
41662,xxx
41663,xxx
41664,xxx
41665,xxx
41666,xxx
41667,магистра́ль
41668,xxx
41669,ма́гмѣ
41670,xxx
41671,xxx
41672,xxx
41673,xxx
41674,xxx
41675,xxx
41676,магнетитѣ́хъ
41677,xxx
41678,xxx
41679,xxx
41680,магни́тѣхъ
41681,мадѣра́ми
41682,xxx
41683,xxx
41684,мадмуазѣ́льмъ
41685,xxx
41686,xxx
41687,xxx
41688,xxx
41689,xxx
41690,xxx
41691,xxx
41692,xxx
41693,ма́знъ
41694,xxx
41695,xxx
41696,xxx
41697,xxx
41698,xxx
41699,xxx
41700,xxx
41701,xxx
41702,xxx
41703,xxx
41704,xxx
41705,xxx
41706,ма́йаратѣ
41707,xxx
41708,xxx
41709,ма́йараты
41710,xxx
41711,xxx
41712,xxx
41713,xxx
41714,xxx
41715,xxx
41716,xxx
41717,макарани́нѣ
41718,xxx
41719,xxx
41720,xxx
41721,xxx
41722,xxx
41723,xxx
41724,xxx
41725,xxx
41726,xxx
41727,xxx
41728,xxx
41729,ма́клери
41730,маклеро́мъ
41731,xxx
41732,xxx
41733,xxx
41734,xxx
41735,xxx
41736,xxx
41737,xxx
41738,xxx
41739,xxx
41740,xxx
41741,xxx
41742,xxx
41743,xxx
41744,xxx
41745,xxx
41746,xxx
41747,xxx
41748,xxx
41749,xxx
41750,xxx
41751,xxx
41752,xxx
41753,xxx
41754,xxx
41755,xxx
41756,xxx
41757,xxx
41758,xxx
41759,xxx
41760,xxx
41761,xxx
41762,xxx
41763,xxx
41764,xxx
41765,xxx
41766,xxx
41767,xxx
41768,xxx
41769,xxx
41770,xxx
41771,xxx
41772,xxx
41773,xxx
41774,xxx
41775,xxx
41776,xxx
41777,xxx
41778,xxx
41779,xxx
41780,xxx
41781,xxx
41782,маласъти́
41783,мало́сътьхъ
41784,xxx
41785,xxx
41786,малышо́кы
41787,мальвѣ́
41788,xxx
41789,ма́льтиѣцѣ
41790,xxx
41791,xxx
41792,xxx
41793,xxx
41794,xxx
41795,xxx
41796,xxx
41797,xxx
41798,xxx
41799,xxx
41800,xxx
41801,xxx
41802,xxx
41803,xxx
41804,xxx
41805,xxx
41806,xxx
41807,xxx
41808,xxx
41809,xxx
41810,xxx
41811,xxx
41812,xxx
41813,xxx
41814,xxx
41815,xxx
41816,xxx
41817,xxx
41818,xxx
41819,xxx
41820,манаты́
41821,xxx
41822,xxx
41823,xxx
41824,xxx
41825,xxx
41826,xxx
41827,мангустанѣ́
41828,манда́ту
41829,xxx
41830,xxx
41831,ма́ндалинами
41832,xxx
41833,xxx
41834,xxx
41835,xxx
41836,xxx
41837,xxx
41838,мандри́ла
41839,xxx
41840,xxx
41841,xxx
41842,xxx
41843,xxx
41844,xxx
41845,xxx
41846,xxx
41847,xxx
41848,xxx
41849,xxx
41850,xxx
41851,xxx
41852,xxx
41853,xxx
41854,xxx
41855,ма́нипуляци
41856,xxx
41857,манифе́сътамь
41858,xxx
41859,xxx
41860,xxx
41861,xxx
41862,xxx
41863,xxx
41864,xxx
41865,xxx
41866,xxx
41867,xxx
41868,xxx
41869,xxx
41870,xxx
41871,xxx
41872,xxx
41873,xxx
41874,xxx
41875,xxx
41876,xxx
41877,xxx
41878,xxx
41879,xxx
41880,xxx
41881,xxx
41882,xxx
41883,xxx
41884,xxx
41885,xxx
41886,xxx
41887,xxx
41888,xxx
41889,xxx
41890,марке́р
41891,марксисъто́мь
41892,xxx
41893,xxx
41894,xxx
41895,xxx
41896,ма́рлѣ
41897,xxx
41898,xxx
41899,xxx
41900,xxx
41901,xxx
41902,марсели́и
41903,ма́рсельми
41904,ма́рсианинамь
41905,xxx
41906,xxx
41907,xxx
41908,xxx
41909,xxx
41910,xxx
41911,xxx
41912,xxx
41913,xxx
41914,xxx
41915,xxx
41916,xxx
41917,xxx
41918,xxx
41919,xxx
41920,xxx
41921,xxx
41922,xxx
41923,xxx
41924,xxx
41925,маршѣ́
41926,xxx
41927,xxx
41928,xxx
41929,xxx
41930,xxx
41931,xxx
41932,xxx
41933,xxx
41934,xxx
41935,xxx
41936,xxx
41937,xxx
41938,xxx
41939,маскараду́
41940,ма́скарадамь
41941,xxx
41942,маслени́ци
41943,xxx
41944,xxx
41945,xxx
41946,xxx
41947,xxx
41948,xxx
41949,xxx
41950,xxx
41951,xxx
41952,xxx
41953,ма́санства
41954,xxx
41955,xxx
41956,массажѣ́
41957,xxx
41958,xxx
41959,xxx
41960,xxx
41961,xxx
41962,xxx
41963,xxx
41964,xxx
41965,xxx
41966,xxx
41967,xxx
41968,xxx
41969,xxx
41970,xxx
41971,xxx
41972,xxx
41973,xxx
41974,xxx
41975,xxx
41976,xxx
41977,xxx
41978,ма́териализмѣхъ
41979,xxx
41980,xxx
41981,xxx
41982,xxx
41983,xxx
41984,xxx
41985,xxx
41986,xxx
41987,xxx
41988,xxx
41989,xxx
41990,xxx
41991,xxx
41992,матри́цаю
41993,ма́траснѣ
41994,xxx
41995,xxx
41996,xxx
41997,xxx
41998,xxx
41999,xxx
42000,xxx
42001,матюгальни́цу
42002,xxx
42003,xxx
42004,xxx
42005,xxx
42006,xxx
42007,xxx
42008,xxx
42009,xxx
42010,xxx
42011,xxx
42012,xxx
42013,xxx
42014,xxx
42015,xxx
42016,xxx
42017,xxx
42018,xxx
42019,ма́чизма
42020,xxx
42021,xxx
42022,xxx
42023,xxx
42024,xxx
42025,xxx
42026,ма́шинисътамь
42027,xxx
42028,xxx
42029,xxx
42030,xxx
42031,xxx
42032,xxx
42033,ма́шинаписьѭ
42034,xxx
42035,xxx
42036,xxx
42037,xxx
42038,xxx
42039,xxx
42040,xxx
42041,xxx
42042,xxx
42043,xxx
42044,xxx
42045,xxx
42046,xxx
42047,xxx
42048,xxx
42049,xxx
42050,мгнаве́ньамъ
42051,xxx
42052,мгно́веньѣхъ
42053,xxx
42054,мѣ́габайтѣхъ
42055,xxx
42056,xxx
42057,xxx
42058,xxx
42059,ме́диатарамъ
42060,xxx
42061,xxx
42062,xxx
42063,xxx
42064,xxx
42065,xxx
42066,xxx
42067,xxx
42068,xxx
42069,xxx
42070,xxx
42071,xxx
42072,xxx
42073,xxx
42074,медасмо́тръ
42075,xxx
42076,xxx
42077,xxx
42078,xxx
42079,xxx
42080,xxx
42081,xxx
42082,xxx
42083,xxx
42084,xxx
42085,xxx
42086,xxx
42087,xxx
42088,xxx
42089,xxx
42090,xxx
42091,xxx
42092,xxx
42093,xxx
42094,xxx
42095,xxx
42096,xxx
42097,xxx
42098,xxx
42099,xxx
42100,xxx
42101,xxx
42102,xxx
42103,xxx
42104,xxx
42105,xxx
42106,xxx
42107,xxx
42108,xxx
42109,ме́льници
42110,мѣмаранду́мамъ
42111,мѣмаранду́мы
42112,мемариало́мь
42113,xxx
42114,xxx
42115,xxx
42116,xxx
42117,xxx
42118,xxx
42119,ме́неджменту
42120,ме́неджментъ
42121,xxx
42122,менструаци́ѣ
42123,xxx
42124,xxx
42125,ме́нталитет
42126,xxx
42127,xxx
42128,xxx
42129,xxx
42130,xxx
42131,xxx
42132,xxx
42133,xxx
42134,xxx
42135,xxx
42136,xxx
42137,xxx
42138,xxx
42139,xxx
42140,xxx
42141,xxx
42142,xxx
42143,xxx
42144,xxx
42145,мѣраприяти́а
42146,xxx
42147,xxx
42148,xxx
42149,xxx
42150,xxx
42151,xxx
42152,xxx
42153,xxx
42154,xxx
42155,xxx
42156,xxx
42157,месивѣ́хъ
42158,xxx
42159,xxx
42160,xxx
42161,xxx
42162,xxx
42163,xxx
42164,xxx
42165,xxx
42166,xxx
42167,xxx
42168,xxx
42169,xxx
42170,xxx
42171,xxx
42172,xxx
42173,xxx
42174,xxx
42175,xxx
42176,ме́сътьхъ
42177,xxx
42178,xxx
42179,xxx
42180,xxx
42181,xxx
42182,xxx
42183,xxx
42184,xxx
42185,xxx
42186,xxx
42187,xxx
42188,xxx
42189,метано́лѣ
42190,ме́тастазы
42191,xxx
42192,xxx
42193,xxx
42194,xxx
42195,метафизицѣ́
42196,метафо́рами
42197,xxx
42198,xxx
42199,ме́теар
42200,частно́сътьмъ
42201,метеары́
42202,xxx
42203,xxx
42204,xxx
42205,xxx
42206,xxx
42207,xxx
42208,xxx
42209,xxx
42210,xxx
42211,мѣтади́съти
42212,мѣтадлагиѣ́
42213,мѣ́тадлагиахъ
42214,xxx
42215,xxx
42216,xxx
42217,xxx
42218,xxx
42219,xxx
42220,xxx
42221,xxx
42222,xxx
42223,xxx
42224,xxx
42225,xxx
42226,xxx
42227,xxx
42228,xxx
42229,xxx
42230,xxx
42231,xxx
42232,xxx
42233,xxx
42234,xxx
42235,xxx
42236,xxx
42237,xxx
42238,xxx
42239,механизациа́ми
42240,xxx
42241,xxx
42242,xxx
42243,xxx
42244,ме́четьхъ
42245,xxx
42246,xxx
42247,xxx
42248,xxx
42249,xxx
42250,xxx
42251,xxx
42252,xxx
42253,xxx
42254,xxx
42255,xxx
42256,xxx
42257,xxx
42258,xxx
42259,xxx
42260,xxx
42261,xxx
42262,xxx
42263,xxx
42264,xxx
42265,xxx
42266,xxx
42267,xxx
42268,xxx
42269,xxx
42270,xxx
42271,xxx
42272,мизранто́мь
42273,xxx
42274,ми́зрении
42275,xxx
42276,xxx
42277,xxx
42278,xxx
42279,ми́дянинамъ
42280,xxx
42281,xxx
42282,xxx
42283,xxx
42284,xxx
42285,xxx
42286,мицро́б
42287,xxx
42288,xxx
42289,xxx
42290,xxx
42291,мицравалнавьцѣ́
42292,xxx
42293,мицракатерѣ́хъ
42294,xxx
42295,xxx
42296,xxx
42297,xxx
42298,мицрафло́ра
42299,xxx
42300,xxx
42301,xxx
42302,xxx
42303,xxx
42304,xxx
42305,xxx
42306,мицсе́р
42307,xxx
42308,xxx
42309,мицсе́ры
42310,xxx
42311,xxx
42312,xxx
42313,xxx
42314,xxx
42315,xxx
42316,xxx
42317,мила́ахъ
42318,xxx
42319,xxx
42320,xxx
42321,xxx
42322,xxx
42323,xxx
42324,xxx
42325,xxx
42326,xxx
42327,xxx
42328,xxx
42329,xxx
42330,xxx
42331,xxx
42332,xxx
42333,xxx
42334,xxx
42335,xxx
42336,xxx
42337,xxx
42338,xxx
42339,xxx
42340,xxx
42341,ми́ндалины
42342,xxx
42343,миндалина́ми
42344,минѣра́ла
42345,xxx
42346,xxx
42347,xxx
42348,xxx
42349,xxx
42350,минздравѣ́хъ
42351,минимизациы́
42352,ми́нимизациѫ
42353,xxx
42354,xxx
42355,xxx
42356,xxx
42357,xxx
42358,xxx
42359,xxx
42360,xxx
42361,xxx
42362,xxx
42363,xxx
42364,xxx
42365,xxx
42366,xxx
42367,xxx
42368,минарѣ́хъ
42369,ми́нутьцѣ
42370,xxx
42371,xxx
42372,xxx
42373,минчанини́
42374,xxx
42375,xxx
42376,xxx
42377,xxx
42378,xxx
42379,ми́ньѣтчицамь
42380,минюсъта́
42381,xxx
42382,xxx
42383,xxx
42384,xxx
42385,xxx
42386,xxx
42387,xxx
42388,xxx
42389,алема́ннамъ
42390,xxx
42391,xxx
42392,xxx
42393,xxx
42394,xxx
42395,xxx
42396,xxx
42397,xxx
42398,xxx
42399,xxx
42400,xxx
42401,xxx
42402,xxx
42403,xxx
42404,xxx
42405,xxx
42406,xxx
42407,xxx
42408,мишпухѣ́
42409,мишпухѫ́
42410,младене́цамь
42411,мнемани́цахъ
42412,мнѣ́матѣхница
42413,xxx
42414,xxx
42415,xxx
42416,xxx
42417,xxx
42418,мнагасаюзи́а
42419,xxx
42420,xxx
42421,xxx
42422,xxx
42423,xxx
42424,xxx
42425,xxx
42426,xxx
42427,xxx
42428,xxx
42429,маавитяни́ни
42430,xxx
42431,xxx
42432,xxx
42433,xxx
42434,xxx
42435,xxx
42436,xxx
42437,xxx
42438,xxx
42439,xxx
42440,xxx
42441,xxx
42442,xxx
42443,xxx
42444,xxx
42445,xxx
42446,xxx
42447,xxx
42448,xxx
42449,xxx
42450,xxx
42451,xxx
42452,xxx
42453,маджахе́дѣхъ
42454,xxx
42455,xxx
42456,xxx
42457,xxx
42458,xxx
42459,маду́льмъ
42460,xxx
42461,xxx
42462,xxx
42463,xxx
42464,xxx
42465,xxx
42466,xxx
42467,xxx
42468,xxx
42469,xxx
42470,xxx
42471,макаси́н
42472,xxx
42473,xxx
42474,макшани́н
42475,xxx
42476,xxx
42477,макшанини́
42478,малебена́
42479,мо́лекуламъ
42480,xxx
42481,xxx
42482,xxx
42483,xxx
42484,xxx
42485,xxx
42486,xxx
42487,xxx
42488,xxx
42489,xxx
42490,xxx
42491,xxx
42492,xxx
42493,xxx
42494,xxx
42495,xxx
42496,xxx
42497,xxx
42498,xxx
42499,xxx
42500,xxx
42501,xxx
42502,xxx
42503,xxx
42504,млази́ва
42505,млази́вѣхъ
42506,xxx
42507,xxx
42508,xxx
42509,млата́
42510,xxx
42511,xxx
42512,xxx
42513,xxx
42514,xxx
42515,xxx
42516,xxx
42517,xxx
42518,xxx
42519,xxx
42520,xxx
42521,xxx
42522,xxx
42523,xxx
42524,xxx
42525,xxx
42526,xxx
42527,мангало́мъ
42528,xxx
42529,xxx
42530,xxx
42531,xxx
42532,xxx
42533,манитари́ньзы
42534,xxx
42535,xxx
42536,xxx
42537,xxx
42538,xxx
42539,xxx
42540,xxx
42541,xxx
42542,xxx
42543,xxx
42544,xxx
42545,xxx
42546,xxx
42547,xxx
42548,xxx
42549,xxx
42550,xxx
42551,xxx
42552,xxx
42553,xxx
42554,xxx
42555,xxx
42556,xxx
42557,манапали́сътъ
42558,манапали́сътъ
42559,xxx
42560,xxx
42561,xxx
42562,xxx
42563,xxx
42564,xxx
42565,xxx
42566,xxx
42567,xxx
42568,xxx
42569,xxx
42570,xxx
42571,мо́нстрамь
42572,xxx
42573,xxx
42574,xxx
42575,xxx
42576,xxx
42577,xxx
42578,мо́пъсу
42579,xxx
42580,xxx
42581,xxx
42582,xxx
42583,xxx
42584,xxx
42585,xxx
42586,xxx
42587,xxx
42588,марьзи́
42589,xxx
42590,xxx
42591,xxx
42592,xxx
42593,xxx
42594,xxx
42595,xxx
42596,xxx
42597,мо́рман
42598,xxx
42599,xxx
42600,xxx
42601,xxx
42602,xxx
42603,xxx
42604,xxx
42605,xxx
42606,xxx
42607,xxx
42608,xxx
42609,xxx
42610,xxx
42611,xxx
42612,xxx
42613,xxx
42614,xxx
42615,xxx
42616,xxx
42617,xxx
42618,xxx
42619,xxx
42620,xxx
42621,xxx
42622,xxx
42623,xxx
42624,xxx
42625,xxx
42626,xxx
42627,xxx
42628,xxx
42629,xxx
42630,xxx
42631,xxx
42632,xxx
42633,xxx
42634,xxx
42635,xxx
42636,мату́
42637,xxx
42638,матаклу́бѣ
42639,xxx
42640,мато́ру
42641,xxx
42642,xxx
42643,xxx
42644,xxx
42645,xxx
42646,xxx
42647,xxx
42648,xxx
42649,xxx
42650,xxx
42651,xxx
42652,xxx
42653,xxx
42654,xxx
42655,xxx
42656,xxx
42657,xxx
42658,xxx
42659,xxx
42660,xxx
42661,xxx
42662,xxx
42663,xxx
42664,xxx
42665,xxx
42666,xxx
42667,мо́щнасъти
42668,мо́щнасътьхъ
42669,xxx
42670,xxx
42671,xxx
42672,xxx
42673,мре́жи
42674,мстите́льѭ
42675,xxx
42676,мстительници́
42677,xxx
42678,му́ду
42679,xxx
42680,xxx
42681,xxx
42682,xxx
42683,xxx
42684,xxx
42685,xxx
42686,xxx
42687,мудро́сътьхъ
42688,xxx
42689,xxx
42690,xxx
42691,xxx
42692,xxx
42693,xxx
42694,xxx
42695,xxx
42696,xxx
42697,xxx
42698,xxx
42699,xxx
42700,xxx
42701,xxx
42702,xxx
42703,xxx
42704,xxx
42705,xxx
42706,xxx
42707,xxx
42708,му́ллахъ
42709,xxx
42710,xxx
42711,xxx
42712,xxx
42713,xxx
42714,мѫнди́рамъ
42715,xxx
42716,xxx
42717,xxx
42718,xxx
42719,xxx
42720,xxx
42721,xxx
42722,xxx
42723,xxx
42724,xxx
42725,xxx
42726,xxx
42727,мута́нтъ
42728,xxx
42729,мутанты́
42730,xxx
42731,xxx
42732,xxx
42733,xxx
42734,xxx
42735,xxx
42736,му́фѣли
42737,xxx
42738,муфъты́
42739,xxx
42740,xxx
42741,xxx
42742,xxx
42743,xxx
42744,xxx
42745,мухая́р
42746,xxx
42747,xxx
42748,xxx
42749,xxx
42750,xxx
42751,xxx
42752,xxx
42753,мушму́лѣ
42754,xxx
42755,xxx
42756,xxx
42757,xxx
42758,мы́льницахъ
42759,xxx
42760,мыслите́ль
42761,мыслишьца́
42762,xxx
42763,xxx
42764,xxx
42765,xxx
42766,xxx
42767,xxx
42768,xxx
42769,xxx
42770,xxx
42771,xxx
42772,xxx
42773,xxx
42774,xxx
42775,xxx
42776,xxx
42777,xxx
42778,мэ́тръ
42779,мэтра́
42780,мэтру́
42781,мюо́намь
42782,мя́гкасъть
42783,xxx
42784,мяки́ш
42785,xxx
42786,xxx
42787,мя́кати
42788,xxx
42789,xxx
42790,xxx
42791,xxx
42792,xxx
42793,xxx
42794,xxx
42795,xxx
42796,xxx
42797,xxx
42798,xxx
42799,xxx
42800,xxx
42801,xxx
42802,xxx
42803,xxx
42804,xxx
42805,xxx
42806,xxx
42807,xxx
42808,xxx
42809,xxx
42810,xxx
42811,xxx
42812,наблюдательми́
42813,на́блюдательнасъти
42814,xxx
42815,xxx
42816,xxx
42817,xxx
42818,xxx
42819,xxx
42820,xxx
42821,xxx
42822,xxx
42823,xxx
42824,на́весы
42825,xxx
42826,xxx
42827,наветы́
42828,xxx
42829,xxx
42830,xxx
42831,xxx
42832,xxx
42833,xxx
42834,xxx
42835,xxx
42836,xxx
42837,xxx
42838,xxx
42839,xxx
42840,xxx
42841,xxx
42842,xxx
42843,xxx
42844,навадненио́мъ
42845,xxx
42846,xxx
42847,xxx
42848,xxx
42849,xxx
42850,xxx
42851,xxx
42852,xxx
42853,xxx
42854,xxx
42855,нага́ну
42856,xxx
42857,на́гельхъ
42858,xxx
42859,xxx
42860,xxx
42861,xxx
42862,xxx
42863,xxx
42864,нагрѣвани́а
42865,xxx
42866,xxx
42867,xxx
42868,xxx
42869,xxx
42870,xxx
42871,xxx
42872,xxx
42873,xxx
42874,xxx
42875,xxx
42876,xxx
42877,xxx
42878,xxx
42879,xxx
42880,xxx
42881,xxx
42882,xxx
42883,xxx
42884,xxx
42885,xxx
42886,xxx
42887,xxx
42888,xxx
42889,xxx
42890,надпилѣ́хъ
42891,на́дпись
42892,на́дписии
42893,xxx
42894,xxx
42895,xxx
42896,xxx
42897,xxx
42898,xxx
42899,на́езъды
42900,xxx
42901,xxx
42902,на́ёмницѣхъ
42903,нажати́а
42904,xxx
42905,xxx
42906,xxx
42907,xxx
42908,xxx
42909,xxx
42910,xxx
42911,назально́съть
42912,xxx
42913,xxx
42914,xxx
42915,xxx
42916,xxx
42917,xxx
42918,xxx
42919,на́ивнасътьми
42920,xxx
42921,xxx
42922,xxx
42923,xxx
42924,xxx
42925,xxx
42926,xxx
42927,xxx
42928,xxx
42929,нака́лѣ
42930,xxx
42931,xxx
42932,xxx
42933,xxx
42934,xxx
42935,xxx
42936,xxx
42937,xxx
42938,xxx
42939,xxx
42940,на́кланениа
42941,накло́ну
42942,xxx
42943,на́кланы
42944,xxx
42945,на́кланнасъти
42946,xxx
42947,xxx
42948,xxx
42949,xxx
42950,xxx
42951,xxx
42952,xxx
42953,xxx
42954,xxx
42955,xxx
42956,xxx
42957,xxx
42958,xxx
42959,xxx
42960,xxx
42961,xxx
42962,xxx
42963,xxx
42964,xxx
42965,xxx
42966,на́ли
42967,xxx
42968,xxx
42969,xxx
42970,xxx
42971,xxx
42972,xxx
42973,xxx
42974,xxx
42975,нама́з
42976,xxx
42977,xxx
42978,xxx
42979,на́нѣсѣниу
42980,нанѣсѣни́амь
42981,xxx
42982,xxx
42983,xxx
42984,xxx
42985,на́ниматель
42986,xxx
42987,нанимательми́
42988,xxx
42989,xxx
42990,xxx
42991,xxx
42992,xxx
42993,xxx
42994,xxx
42995,xxx
42996,xxx
42997,xxx
42998,xxx
42999,xxx
43000,напарници́
43001,xxx
43002,xxx
43003,xxx
43004,xxx
43005,xxx
43006,xxx
43007,xxx
43008,xxx
43009,xxx
43010,xxx
43011,xxx
43012,xxx
43013,xxx
43014,xxx
43015,xxx
43016,напаминанио́мъ
43017,xxx
43018,xxx
43019,напрака́ти
43020,напряжённо́съть
43021,xxx
43022,xxx
43023,xxx
43024,нарастани́а
43025,на́растаниа
43026,xxx
43027,xxx
43028,xxx
43029,xxx
43030,xxx
43031,xxx
43032,xxx
43033,xxx
43034,xxx
43035,на́рдъ
43036,xxx
43037,нардо́мъ
43038,xxx
43039,xxx
43040,xxx
43041,xxx
43042,xxx
43043,xxx
43044,нарекани́а
43045,xxx
43046,нарказы́
43047,наркама́ньци
43048,на́ркамат
43049,наркама́тамь
43050,xxx
43051,xxx
43052,нарко́мы
43053,xxx
43054,xxx
43055,xxx
43056,xxx
43057,xxx
43058,xxx
43059,xxx
43060,xxx
43061,xxx
43062,xxx
43063,xxx
43064,xxx
43065,xxx
43066,xxx
43067,xxx
43068,xxx
43069,нарадни́ци
43070,xxx
43071,xxx
43072,на́ружнасъти
43073,xxx
43074,xxx
43075,xxx
43076,xxx
43077,нары́ва
43078,xxx
43079,xxx
43080,xxx
43081,xxx
43082,насесъты́
43083,xxx
43084,xxx
43085,xxx
43086,xxx
43087,xxx
43088,xxx
43089,xxx
43090,xxx
43091,на́сильницѣ
43092,xxx
43093,xxx
43094,xxx
43095,xxx
43096,xxx
43097,xxx
43098,наследница́
43099,xxx
43100,xxx
43101,на́следницахъ
43102,xxx
43103,xxx
43104,xxx
43105,наставни́ц
43106,xxx
43107,xxx
43108,xxx
43109,xxx
43110,xxx
43111,xxx
43112,на́стаятельми
43113,xxx
43114,xxx
43115,xxx
43116,xxx
43117,xxx
43118,xxx
43119,xxx
43120,xxx
43121,xxx
43122,xxx
43123,xxx
43124,xxx
43125,xxx
43126,xxx
43127,xxx
43128,xxx
43129,xxx
43130,xxx
43131,xxx
43132,xxx
43133,xxx
43134,xxx
43135,xxx
43136,xxx
43137,xxx
43138,xxx
43139,xxx
43140,xxx
43141,xxx
43142,науа́тль
43143,xxx
43144,науа́тли
43145,на́уатльхъ
43146,xxx
43147,на́ушници
43148,xxx
43149,нахлебници́
43150,нахлебни́ци
43151,xxx
43152,xxx
43153,xxx
43154,xxx
43155,на́хаждениамъ
43156,xxx
43157,на́цианализациѣ
43158,xxx
43159,xxx
43160,xxx
43161,xxx
43162,xxx
43163,xxx
43164,xxx
43165,xxx
43166,xxx
43167,на́цисътъ
43168,на́цисътѣхъ
43169,начальни́ци
43170,xxx
43171,xxx
43172,xxx
43173,xxx
43174,xxx
43175,xxx
43176,xxx
43177,xxx
43178,xxx
43179,xxx
43180,xxx
43181,xxx
43182,xxx
43183,xxx
43184,xxx
43185,xxx
43186,xxx
43187,xxx
43188,xxx
43189,xxx
43190,xxx
43191,xxx
43192,xxx
43193,xxx
43194,невежъды́
43195,xxx
43196,xxx
43197,xxx
43198,xxx
43199,xxx
43200,xxx
43201,xxx
43202,xxx
43203,xxx
43204,xxx
43205,xxx
43206,не́взгадахъ
43207,xxx
43208,невраза́
43209,xxx
43210,xxx
43211,xxx
43212,xxx
43213,xxx
43214,xxx
43215,xxx
43216,xxx
43217,xxx
43218,xxx
43219,xxx
43220,xxx
43221,xxx
43222,xxx
43223,xxx
43224,xxx
43225,xxx
43226,xxx
43227,xxx
43228,xxx
43229,xxx
43230,xxx
43231,xxx
43232,xxx
43233,xxx
43234,xxx
43235,xxx
43236,xxx
43237,xxx
43238,xxx
43239,xxx
43240,xxx
43241,xxx
43242,xxx
43243,xxx
43244,xxx
43245,xxx
43246,xxx
43247,xxx
43248,xxx
43249,xxx
43250,xxx
43251,xxx
43252,xxx
43253,xxx
43254,xxx
43255,xxx
43256,недруго́мь
43257,xxx
43258,xxx
43259,xxx
43260,xxx
43261,xxx
43262,xxx
43263,xxx
43264,xxx
43265,xxx
43266,xxx
43267,xxx
43268,xxx
43269,xxx
43270,xxx
43271,xxx
43272,xxx
43273,xxx
43274,нѣимѣни́а
43275,xxx
43276,xxx
43277,xxx
43278,нейтрализациа́ми
43279,нейтрализациа́хъ
43280,xxx
43281,xxx
43282,xxx
43283,xxx
43284,xxx
43285,xxx
43286,не́крафил
43287,xxx
43288,xxx
43289,xxx
43290,нектарину́
43291,xxx
43292,xxx
43293,xxx
43294,xxx
43295,xxx
43296,нектаро́мь
43297,xxx
43298,xxx
43299,xxx
43300,xxx
43301,xxx
43302,xxx
43303,xxx
43304,xxx
43305,xxx
43306,xxx
43307,xxx
43308,xxx
43309,xxx
43310,xxx
43311,xxx
43312,xxx
43313,xxx
43314,xxx
43315,xxx
43316,немнаго́а
43317,xxx
43318,xxx
43319,xxx
43320,xxx
43321,xxx
43322,xxx
43323,xxx
43324,xxx
43325,xxx
43326,xxx
43327,xxx
43328,xxx
43329,xxx
43330,xxx
43331,xxx
43332,xxx
43333,xxx
43334,xxx
43335,xxx
43336,xxx
43337,xxx
43338,xxx
43339,xxx
43340,xxx
43341,xxx
43342,xxx
43343,xxx
43344,xxx
43345,xxx
43346,нѣ́ан
43347,нѣо́намъ
43348,неапределённо́сътьѭ
43349,xxx
43350,xxx
43351,xxx
43352,xxx
43353,xxx
43354,xxx
43355,xxx
43356,xxx
43357,xxx
43358,xxx
43359,xxx
43360,не́афашизмѣхъ
43361,неафашисътѣ́
43362,xxx
43363,xxx
43364,xxx
43365,xxx
43366,нѣпаго́д
43367,xxx
43368,xxx
43369,xxx
43370,xxx
43371,xxx
43372,xxx
43373,непако́рства
43374,непакарствы́
43375,не́паладьци
43376,xxx
43377,непанимани́а
43378,непаниманиа́
43379,xxx
43380,xxx
43381,xxx
43382,xxx
43383,xxx
43384,xxx
43385,xxx
43386,xxx
43387,xxx
43388,xxx
43389,xxx
43390,нѣравѣнствѣ́
43391,нѣ́равѣнствамъ
43392,xxx
43393,нрѣшительно́съти
43394,xxx
43395,xxx
43396,xxx
43397,xxx
43398,xxx
43399,xxx
43400,xxx
43401,xxx
43402,xxx
43403,xxx
43404,xxx
43405,xxx
43406,xxx
43407,xxx
43408,xxx
43409,xxx
43410,xxx
43411,xxx
43412,xxx
43413,xxx
43414,xxx
43415,xxx
43416,xxx
43417,xxx
43418,xxx
43419,xxx
43420,xxx
43421,xxx
43422,xxx
43423,xxx
43424,xxx
43425,xxx
43426,xxx
43427,xxx
43428,не́счастьа
43429,xxx
43430,xxx
43431,xxx
43432,xxx
43433,xxx
43434,xxx
43435,xxx
43436,xxx
43437,xxx
43438,не́тапыри
43439,xxx
43440,неуврѣнно́сътии
43441,xxx
43442,xxx
43443,xxx
43444,xxx
43445,xxx
43446,xxx
43447,xxx
43448,xxx
43449,неудавальствиѣ́
43450,xxx
43451,неумени́амь
43452,нѣ́ф
43453,xxx
43454,xxx
43455,xxx
43456,xxx
43457,xxx
43458,xxx
43459,xxx
43460,xxx
43461,xxx
43462,xxx
43463,xxx
43464,xxx
43465,xxx
43466,xxx
43467,xxx
43468,не́яснасъти
43469,неясно́съти
43470,неясно́сътьхъ
43471,xxx
43472,нё́бамь
43473,xxx
43474,xxx
43475,xxx
43476,xxx
43477,xxx
43478,xxx
43479,xxx
43480,нидерландьцѣ́
43481,ни́цанианинамь
43482,xxx
43483,xxx
43484,xxx
43485,нимфама́ньцъ
43486,xxx
43487,xxx
43488,xxx
43489,xxx
43490,ниппе́льхъ
43491,ни́тамь
43492,xxx
43493,xxx
43494,xxx
43495,ни́тачьци
43496,ни́ть
43497,xxx
43498,ни́чьа
43499,ни́шаю
43500,xxx
43501,xxx
43502,xxx
43503,xxx
43504,xxx
43505,наватарства́
43506,xxx
43507,xxx
43508,xxx
43509,xxx
43510,но́виальѭ
43511,xxx
43512,навиа́лии
43513,xxx
43514,xxx
43515,xxx
43516,xxx
43517,xxx
43518,xxx
43519,xxx
43520,xxx
43521,xxx
43522,xxx
43523,xxx
43524,xxx
43525,xxx
43526,xxx
43527,xxx
43528,xxx
43529,xxx
43530,xxx
43531,xxx
43532,но́вшествамъ
43533,xxx
43534,xxx
43535,xxx
43536,xxx
43537,xxx
43538,xxx
43539,но́гати
43540,но́гатьми
43541,xxx
43542,xxx
43543,xxx
43544,xxx
43545,xxx
43546,xxx
43547,xxx
43548,xxx
43549,xxx
43550,xxx
43551,xxx
43552,xxx
43553,xxx
43554,xxx
43555,xxx
43556,xxx
43557,xxx
43558,xxx
43559,xxx
43560,xxx
43561,xxx
43562,xxx
43563,xxx
43564,xxx
43565,накау́ты
43566,xxx
43567,xxx
43568,наминацио́ю
43569,но́минаци
43570,но́минациахъ
43571,нанканфарми́съты
43572,но́нсенсъ
43573,xxx
43574,xxx
43575,xxx
43576,xxx
43577,xxx
43578,xxx
43579,xxx
43580,но́рдъ
43581,но́рдамъ
43582,xxx
43583,xxx
43584,xxx
43585,xxx
43586,xxx
43587,xxx
43588,xxx
43589,xxx
43590,xxx
43591,xxx
43592,xxx
43593,xxx
43594,xxx
43595,ната́хъ
43596,xxx
43597,xxx
43598,xxx
43599,xxx
43600,наутбу́кы
43601,xxx
43602,xxx
43603,xxx
43604,xxx
43605,xxx
43606,xxx
43607,xxx
43608,xxx
43609,xxx
43610,xxx
43611,xxx
43612,начлегу́
43613,xxx
43614,xxx
43615,xxx
43616,наша́ми
43617,xxx
43618,xxx
43619,xxx
43620,xxx
43621,нрави́
43622,xxx
43623,xxx
43624,xxx
43625,xxx
43626,xxx
43627,xxx
43628,xxx
43629,xxx
43630,xxx
43631,нужница́
43632,xxx
43633,xxx
43634,xxx
43635,xxx
43636,xxx
43637,xxx
43638,xxx
43639,xxx
43640,xxx
43641,xxx
43642,xxx
43643,xxx
43644,нытицу́
43645,xxx
43646,xxx
43647,xxx
43648,xxx
43649,нью́срумамъ
43650,xxx
43651,xxx
43652,нюхы́
43653,xxx
43654,xxx
43655,xxx
43656,xxx
43657,xxx
43658,xxx
43659,xxx
43660,xxx
43661,xxx
43662,xxx
43663,xxx
43664,xxx
43665,xxx
43666,xxx
43667,xxx
43668,xxx
43669,xxx
43670,xxx
43671,xxx
43672,xxx
43673,xxx
43674,о́бвал
43675,xxx
43676,xxx
43677,xxx
43678,xxx
43679,xxx
43680,xxx
43681,xxx
43682,xxx
43683,xxx
43684,xxx
43685,xxx
43686,xxx
43687,xxx
43688,xxx
43689,xxx
43690,xxx
43691,xxx
43692,xxx
43693,xxx
43694,xxx
43695,xxx
43696,xxx
43697,xxx
43698,xxx
43699,xxx
43700,xxx
43701,xxx
43702,xxx
43703,xxx
43704,xxx
43705,о́бжарѣ
43706,xxx
43707,xxx
43708,абзалы́
43709,xxx
43710,абивьца́хъ
43711,xxx
43712,xxx
43713,xxx
43714,xxx
43715,xxx
43716,xxx
43717,xxx
43718,xxx
43719,о́бкама
43720,xxx
43721,xxx
43722,xxx
43723,абла́вамъ
43724,xxx
43725,xxx
43726,xxx
43727,xxx
43728,xxx
43729,xxx
43730,xxx
43731,xxx
43732,xxx
43733,xxx
43734,xxx
43735,xxx
43736,xxx
43737,xxx
43738,xxx
43739,xxx
43740,аблици́
43741,xxx
43742,xxx
43743,xxx
43744,о́бличьа
43745,xxx
43746,xxx
43747,о́блажьцамъ
43748,xxx
43749,xxx
43750,xxx
43751,xxx
43752,xxx
43753,xxx
43754,xxx
43755,xxx
43756,xxx
43757,xxx
43758,xxx
43759,xxx
43760,xxx
43761,абнаруженио́мь
43762,абно́вахъ
43763,xxx
43764,xxx
43765,xxx
43766,xxx
43767,xxx
43768,xxx
43769,xxx
43770,xxx
43771,xxx
43772,абадѣ́
43773,xxx
43774,xxx
43775,xxx
43776,xxx
43777,xxx
43778,xxx
43779,xxx
43780,xxx
43781,xxx
43782,xxx
43783,xxx
43784,xxx
43785,xxx
43786,xxx
43787,xxx
43788,xxx
43789,xxx
43790,xxx
43791,xxx
43792,xxx
43793,xxx
43794,xxx
43795,xxx
43796,xxx
43797,xxx
43798,xxx
43799,xxx
43800,xxx
43801,xxx
43802,xxx
43803,xxx
43804,або́ры
43805,xxx
43806,xxx
43807,xxx
43808,xxx
43809,xxx
43810,xxx
43811,xxx
43812,xxx
43813,xxx
43814,xxx
43815,xxx
43816,абра́т
43817,xxx
43818,xxx
43819,о́баснаваниа
43820,абачи́нами
43821,абрабатьца́
43822,xxx
43823,xxx
43824,xxx
43825,xxx
43826,xxx
43827,xxx
43828,xxx
43829,xxx
43830,абро́камъ
43831,xxx
43832,xxx
43833,xxx
43834,о́бракѣхъ
43835,xxx
43836,о́брушѣниа
43837,xxx
43838,xxx
43839,xxx
43840,xxx
43841,xxx
43842,xxx
43843,xxx
43844,xxx
43845,xxx
43846,xxx
43847,xxx
43848,xxx
43849,xxx
43850,xxx
43851,xxx
43852,xxx
43853,xxx
43854,xxx
43855,xxx
43856,абучени́а
43857,xxx
43858,xxx
43859,xxx
43860,xxx
43861,xxx
43862,xxx
43863,абши́вьци
43864,xxx
43865,абшлагѣ́
43866,xxx
43867,о́бщагѣ
43868,xxx
43869,xxx
43870,xxx
43871,xxx
43872,xxx
43873,xxx
43874,xxx
43875,xxx
43876,xxx
43877,xxx
43878,xxx
43879,xxx
43880,xxx
43881,xxx
43882,xxx
43883,xxx
43884,xxx
43885,xxx
43886,xxx
43887,xxx
43888,xxx
43889,xxx
43890,xxx
43891,о́бысьцъ
43892,xxx
43893,xxx
43894,xxx
43895,xxx
43896,xxx
43897,xxx
43898,xxx
43899,xxx
43900,xxx
43901,xxx
43902,xxx
43903,xxx
43904,xxx
43905,xxx
43906,аве́ны
43907,xxx
43908,xxx
43909,xxx
43910,xxx
43911,xxx
43912,xxx
43913,xxx
43914,xxx
43915,xxx
43916,xxx
43917,xxx
43918,xxx
43919,xxx
43920,xxx
43921,xxx
43922,xxx
43923,xxx
43924,xxx
43925,xxx
43926,xxx
43927,xxx
43928,xxx
43929,xxx
43930,xxx
43931,xxx
43932,xxx
43933,xxx
43934,агневица́ми
43935,о́гнемёт
43936,xxx
43937,xxx
43938,xxx
43939,о́гнищанинамъ
43940,xxx
43941,xxx
43942,xxx
43943,xxx
43944,агаво́ры
43945,xxx
43946,xxx
43947,xxx
43948,xxx
43949,xxx
43950,xxx
43951,xxx
43952,xxx
43953,xxx
43954,адесси́т
43955,xxx
43956,адесси́тѣхъ
43957,xxx
43958,xxx
43959,xxx
43960,адеяло́мъ
43961,xxx
43962,адёжьца́
43963,о́дёжьцѫ
43964,адёжьца́хъ
43965,xxx
43966,xxx
43967,xxx
43968,xxx
43969,xxx
43970,о́днакашницамь
43971,аднакашни́ц
43972,аднакашницо́мъ
43973,аднаклассницо́мь
43974,xxx
43975,xxx
43976,аднаклассни́цѫ
43977,аднакурсници́
43978,аднаабрази́а
43979,о́днаабразиа
43980,аднапалчани́намь
43981,аднапалчани́ни
43982,xxx
43983,xxx
43984,xxx
43985,аднасельчани́ны
43986,аднасельчанинѣ́хъ
43987,адначасьу́
43988,xxx
43989,xxx
43990,xxx
43991,xxx
43992,xxx
43993,xxx
43994,ажо́гамъ
43995,о́зарениа
43996,о́зарениа
43997,xxx
43998,xxx
43999,xxx
44000,xxx
44001,xxx
44002,о́зеленениамъ
44003,азлаблени́ѣ
44004,xxx
44005,xxx
44006,xxx
44007,xxx
44008,xxx
44009,акари́н
44010,xxx
44011,xxx
44012,xxx
44013,xxx
44014,xxx
44015,xxx
44016,xxx
44017,xxx
44018,акра́к
44019,xxx
44020,о́кашечьцу
44021,акаше́чьцамь
44022,о́кашечьца
44023,акашечьцѣ́хъ
44024,xxx
44025,xxx
44026,xxx
44027,xxx
44028,xxx
44029,xxx
44030,xxx
44031,xxx
44032,xxx
44033,xxx
44034,xxx
44035,xxx
44036,xxx
44037,xxx
44038,xxx
44039,акружнасъти́
44040,xxx
44041,аксимра́н
44042,xxx
44043,xxx
44044,xxx
44045,xxx
44046,аксюмра́ни
44047,xxx
44048,xxx
44049,акта́ны
44050,актѣти́
44051,xxx
44052,xxx
44053,xxx
44054,xxx
44055,xxx
44056,xxx
44057,xxx
44058,xxx
44059,xxx
44060,xxx
44061,xxx
44062,xxx
44063,xxx
44064,xxx
44065,xxx
44066,ализархиа́ми
44067,xxx
44068,xxx
44069,xxx
44070,xxx
44071,ла́ва
44072,xxx
44073,xxx
44074,xxx
44075,xxx
44076,xxx
44077,xxx
44078,xxx
44079,аме́ла
44080,xxx
44081,xxx
44082,xxx
44083,xxx
44084,xxx
44085,xxx
44086,xxx
44087,xxx
44088,xxx
44089,xxx
44090,xxx
44091,амагли́фамъ
44092,xxx
44093,xxx
44094,xxx
44095,xxx
44096,xxx
44097,xxx
44098,xxx
44099,xxx
44100,xxx
44101,xxx
44102,xxx
44103,xxx
44104,xxx
44105,xxx
44106,xxx
44107,xxx
44108,xxx
44109,xxx
44110,xxx
44111,xxx
44112,xxx
44113,xxx
44114,xxx
44115,xxx
44116,xxx
44117,xxx
44118,xxx
44119,xxx
44120,xxx
44121,xxx
44122,xxx
44123,xxx
44124,xxx
44125,xxx
44126,xxx
44127,xxx
44128,xxx
44129,xxx
44130,xxx
44131,xxx
44132,xxx
44133,xxx
44134,xxx
44135,xxx
44136,xxx
44137,xxx
44138,xxx
44139,xxx
44140,апрѣтъты́
44141,xxx
44142,xxx
44143,xxx
44144,xxx
44145,xxx
44146,xxx
44147,xxx
44148,xxx
44149,xxx
44150,xxx
44151,xxx
44152,xxx
44153,xxx
44154,xxx
44155,xxx
44156,xxx
44157,xxx
44158,апладатварени́амъ
44159,xxx
44160,xxx
44161,xxx
44162,о́плашнасъти
44163,xxx
44164,xxx
44165,xxx
44166,xxx
44167,xxx
44168,xxx
44169,xxx
44170,апо́ра
44171,xxx
44172,xxx
44173,xxx
44174,xxx
44175,xxx
44176,xxx
44177,xxx
44178,о́ппазициами
44179,аппанѣ́нтъ
44180,апра́вами
44181,аправдани́а
44182,xxx
44183,xxx
44184,xxx
44185,xxx
44186,xxx
44187,xxx
44188,xxx
44189,xxx
44190,xxx
44191,xxx
44192,xxx
44193,xxx
44194,xxx
44195,xxx
44196,xxx
44197,xxx
44198,xxx
44199,xxx
44200,xxx
44201,xxx
44202,xxx
44203,xxx
44204,аправержени́ѣ
44205,xxx
44206,аправержениы́
44207,xxx
44208,xxx
44209,xxx
44210,xxx
44211,xxx
44212,xxx
44213,xxx
44214,xxx
44215,xxx
44216,xxx
44217,xxx
44218,xxx
44219,xxx
44220,xxx
44221,xxx
44222,о́публицаваниа
44223,xxx
44224,xxx
44225,xxx
44226,xxx
44227,xxx
44228,xxx
44229,xxx
44230,апу́са
44231,апу́с
44232,xxx
44233,xxx
44234,xxx
44235,xxx
44236,xxx
44237,о́пьянениамъ
44238,арга́змѣ
44239,xxx
44240,xxx
44241,xxx
44242,xxx
44243,xxx
44244,xxx
44245,xxx
44246,аргкамите́т
44247,ардо́ю
44248,xxx
44249,xxx
44250,xxx
44251,xxx
44252,xxx
44253,о́рлици
44254,xxx
44255,xxx
44256,xxx
44257,xxx
44258,xxx
44259,xxx
44260,xxx
44261,xxx
44262,xxx
44263,xxx
44264,xxx
44265,xxx
44266,xxx
44267,артѣ́хъ
44268,xxx
44269,xxx
44270,xxx
44271,аса́ды
44272,асадо́к
44273,xxx
44274,xxx
44275,xxx
44276,xxx
44277,xxx
44278,xxx
44279,xxx
44280,xxx
44281,xxx
44282,xxx
44283,xxx
44284,о́свидетельстваваниу
44285,xxx
44286,xxx
44287,xxx
44288,xxx
44289,xxx
44290,xxx
44291,xxx
44292,xxx
44293,xxx
44294,xxx
44295,xxx
44296,xxx
44297,xxx
44298,xxx
44299,о́сётры
44300,асинѣ́
44301,xxx
44302,xxx
44303,xxx
44304,xxx
44305,о́слаблениа
44306,xxx
44307,xxx
44308,xxx
44309,xxx
44310,xxx
44311,xxx
44312,xxx
44313,xxx
44314,xxx
44315,xxx
44316,xxx
44317,xxx
44318,аснащени́а
44319,xxx
44320,xxx
44321,xxx
44322,xxx
44323,асабо́ю
44324,xxx
44325,xxx
44326,xxx
44327,xxx
44328,xxx
44329,xxx
44330,xxx
44331,xxx
44332,xxx
44333,xxx
44334,xxx
44335,о́сазнаниѣхъ
44336,аспариванио́
44337,xxx
44338,xxx
44339,xxx
44340,xxx
44341,xxx
44342,xxx
44343,xxx
44344,xxx
44345,xxx
44346,астгати́
44347,xxx
44348,xxx
44349,xxx
44350,xxx
44351,xxx
44352,астраумиѣ́хъ
44353,xxx
44354,xxx
44355,xxx
44356,xxx
44357,xxx
44358,xxx
44359,xxx
44360,асужденио́мь
44361,асуществлени́а
44362,атавѣ́
44363,о́тблесьцѣ
44364,атблесьци́
44365,xxx
44366,xxx
44367,xxx
44368,xxx
44369,xxx
44370,xxx
44371,xxx
44372,атва́гахъ
44373,xxx
44374,xxx
44375,xxx
44376,xxx
44377,xxx
44378,xxx
44379,xxx
44380,xxx
44381,атво́дѣхъ
44382,xxx
44383,xxx
44384,xxx
44385,xxx
44386,xxx
44387,xxx
44388,xxx
44389,xxx
44390,xxx
44391,xxx
44392,xxx
44393,xxx
44394,атде́льцѣ
44395,xxx
44396,xxx
44397,xxx
44398,xxx
44399,атзву́камь
44400,xxx
44401,xxx
44402,о́тказ
44403,xxx
44404,xxx
44405,xxx
44406,xxx
44407,xxx
44408,xxx
44409,xxx
44410,xxx
44411,xxx
44412,о́ткравеннасъти
44413,xxx
44414,xxx
44415,xxx
44416,xxx
44417,xxx
44418,xxx
44419,xxx
44420,xxx
44421,о́тлажениамь
44422,атлажениа́
44423,xxx
44424,xxx
44425,xxx
44426,xxx
44427,о́тмѣнѣ
44428,xxx
44429,xxx
44430,xxx
44431,xxx
44432,xxx
44433,xxx
44434,xxx
44435,xxx
44436,xxx
44437,о́тнесениа
44438,атнесени́амъ
44439,о́тнаситѣльнасъть
44440,xxx
44441,атнашени́а
44442,xxx
44443,xxx
44444,xxx
44445,xxx
44446,xxx
44447,xxx
44448,xxx
44449,xxx
44450,xxx
44451,xxx
44452,xxx
44453,xxx
44454,xxx
44455,атпо́ра
44456,xxx
44457,xxx
44458,xxx
44459,xxx
44460,о́трабатьци
44461,атрабо́тьцъ
44462,атра́вы
44463,атравлѣниа́
44464,xxx
44465,xxx
44466,xxx
44467,xxx
44468,xxx
44469,xxx
44470,атрезы́
44471,xxx
44472,xxx
44473,xxx
44474,xxx
44475,xxx
44476,xxx
44477,xxx
44478,xxx
44479,xxx
44480,атракави́ц
44481,xxx
44482,xxx
44483,xxx
44484,xxx
44485,xxx
44486,xxx
44487,xxx
44488,xxx
44489,xxx
44490,о́трывы
44491,xxx
44492,xxx
44493,xxx
44494,xxx
44495,xxx
44496,атрядо́мь
44497,xxx
44498,xxx
44499,xxx
44500,xxx
44501,xxx
44502,xxx
44503,xxx
44504,xxx
44505,атсрачьца́хъ
44506,xxx
44507,xxx
44508,xxx
44509,xxx
44510,xxx
44511,xxx
44512,xxx
44513,xxx
44514,xxx
44515,атсчё́т
44516,о́тсчётамь
44517,аттачиваниу́
44518,xxx
44519,xxx
44520,xxx
44521,xxx
44522,xxx
44523,xxx
44524,xxx
44525,атто́кы
44526,xxx
44527,xxx
44528,xxx
44529,xxx
44530,xxx
44531,xxx
44532,xxx
44533,xxx
44534,xxx
44535,xxx
44536,xxx
44537,xxx
44538,xxx
44539,xxx
44540,xxx
44541,xxx
44542,xxx
44543,xxx
44544,xxx
44545,xxx
44546,xxx
44547,xxx
44548,о́тчётнасътьхъ
44549,о́тчёт
44550,xxx
44551,xxx
44552,xxx
44553,xxx
44554,атчужденио́
44555,атчуждени́ы
44556,xxx
44557,xxx
44558,xxx
44559,xxx
44560,xxx
44561,xxx
44562,xxx
44563,xxx
44564,xxx
44565,xxx
44566,xxx
44567,xxx
44568,xxx
44569,xxx
44570,xxx
44571,xxx
44572,xxx
44573,xxx
44574,ахлу́п
44575,xxx
44576,ахатни́ц
44577,xxx
44578,ахранениы́
44579,ацѣлатѣ́
44580,xxx
44581,дрѣвенени́а
44582,xxx
44583,xxx
44584,xxx
44585,xxx
44586,xxx
44587,xxx
44588,xxx
44589,xxx
44590,xxx
44591,xxx
44592,о́чьца
44593,xxx
44594,xxx
44595,xxx
44596,xxx
44597,ащу́пь
44598,па́виану
44599,xxx
44600,xxx
44601,xxx
44602,xxx
44603,xxx
44604,пагада́
44605,пагу́бы
44606,xxx
44607,пагу́б
44608,пагу́бахъ
44609,xxx
44610,xxx
44611,xxx
44612,падё́жу
44613,падиша́ху
44614,xxx
44615,xxx
44616,xxx
44617,xxx
44618,па́ж
44619,xxx
44620,xxx
44621,xxx
44622,xxx
44623,xxx
44624,xxx
44625,xxx
44626,xxx
44627,пазу́хѫ
44628,па́зухами
44629,xxx
44630,xxx
44631,xxx
44632,xxx
44633,xxx
44634,xxx
44635,xxx
44636,xxx
44637,xxx
44638,xxx
44639,xxx
44640,xxx
44641,xxx
44642,xxx
44643,xxx
44644,xxx
44645,xxx
44646,xxx
44647,xxx
44648,паланки́ну
44649,xxx
44650,паланкины́
44651,xxx
44652,па́латѫ
44653,xxx
44654,xxx
44655,xxx
44656,палеаграфи́ѫ
44657,палѣстинѣ́ц
44658,xxx
44659,xxx
44660,палешани́н
44661,xxx
44662,па́лимпсесъты
44663,xxx
44664,xxx
44665,xxx
44666,xxx
44667,гели́у
44668,xxx
44669,палица́ми
44670,xxx
44671,xxx
44672,xxx
44673,па́ллади
44674,xxx
44675,xxx
44676,xxx
44677,xxx
44678,xxx
44679,xxx
44680,па́лачница
44681,xxx
44682,xxx
44683,па́лтусины
44684,па́лтус
44685,па́лубамъ
44686,xxx
44687,xxx
44688,xxx
44689,xxx
44690,xxx
44691,xxx
44692,xxx
44693,xxx
44694,xxx
44695,xxx
44696,xxx
44697,xxx
44698,xxx
44699,xxx
44700,xxx
44701,xxx
44702,xxx
44703,xxx
44704,xxx
44705,xxx
44706,xxx
44707,xxx
44708,xxx
44709,xxx
44710,паницади́лы
44711,паницади́лѣхъ
44712,xxx
44713,xxx
44714,xxx
44715,xxx
44716,xxx
44717,xxx
44718,xxx
44719,xxx
44720,xxx
44721,xxx
44722,пантеи́змамь
44723,па́нтеанѣ
44724,xxx
44725,па́нтѣр
44726,xxx
44727,xxx
44728,xxx
44729,xxx
44730,xxx
44731,папиро́сьци
44732,xxx
44733,xxx
44734,xxx
44735,xxx
44736,xxx
44737,xxx
44738,xxx
44739,xxx
44740,xxx
44741,xxx
44742,xxx
44743,xxx
44744,xxx
44745,xxx
44746,xxx
44747,xxx
44748,xxx
44749,xxx
44750,xxx
44751,xxx
44752,xxx
44753,xxx
44754,па́раллельхъ
44755,xxx
44756,xxx
44757,паранаицѣ́хъ
44758,часто́т
44759,xxx
44760,xxx
44761,xxx
44762,xxx
44763,xxx
44764,параплици́
44765,xxx
44766,парашютисъто́мъ
44767,xxx
44768,xxx
44769,xxx
44770,xxx
44771,xxx
44772,xxx
44773,xxx
44774,xxx
44775,xxx
44776,xxx
44777,паре́мьѣ
44778,xxx
44779,xxx
44780,xxx
44781,xxx
44782,xxx
44783,xxx
44784,xxx
44785,пари́цѣхъ
44786,xxx
44787,пари́льны
44788,xxx
44789,xxx
44790,xxx
44791,xxx
44792,xxx
44793,xxx
44794,xxx
44795,xxx
44796,xxx
44797,xxx
44798,xxx
44799,xxx
44800,xxx
44801,xxx
44802,xxx
44803,па́рламѣнтари
44804,па́рламѣнтариѣхъ
44805,xxx
44806,xxx
44807,xxx
44808,xxx
44809,xxx
44810,xxx
44811,параво́за
44812,xxx
44813,xxx
44814,xxx
44815,xxx
44816,xxx
44817,xxx
44818,парани́ма
44819,xxx
44820,xxx
44821,xxx
44822,xxx
44823,xxx
44824,xxx
44825,xxx
44826,парте́рѣ
44827,xxx
44828,xxx
44829,xxx
44830,xxx
44831,xxx
44832,xxx
44833,xxx
44834,партнё́ры
44835,xxx
44836,xxx
44837,xxx
44838,партнё́ршамъ
44839,xxx
44840,xxx
44841,xxx
44842,парубо́кы
44843,xxx
44844,xxx
44845,xxx
44846,xxx
44847,xxx
44848,xxx
44849,xxx
44850,xxx
44851,xxx
44852,пасечни́ц
44853,пасечни́ц
44854,xxx
44855,xxx
44856,xxx
44857,пасьца́хъ
44858,па́ссаж
44859,xxx
44860,xxx
44861,xxx
44862,xxx
44863,па́ствы
44864,xxx
44865,xxx
44866,xxx
44867,xxx
44868,пастушано́ки
44869,пастушано́к
44870,xxx
44871,xxx
44872,пасыно́кы
44873,па́сьянсамъ
44874,патефана́
44875,xxx
44876,патаге́н
44877,патаге́ни
44878,xxx
44879,xxx
44880,xxx
44881,xxx
44882,xxx
44883,xxx
44884,па́тѣ
44885,xxx
44886,па́т
44887,xxx
44888,xxx
44889,xxx
44890,xxx
44891,xxx
44892,xxx
44893,xxx
44894,xxx
44895,xxx
44896,xxx
44897,xxx
44898,xxx
44899,xxx
44900,xxx
44901,xxx
44902,xxx
44903,xxx
44904,xxx
44905,xxx
44906,xxx
44907,xxx
44908,xxx
44909,xxx
44910,xxx
44911,xxx
44912,xxx
44913,xxx
44914,xxx
44915,xxx
44916,xxx
44917,xxx
44918,xxx
44919,xxx
44920,xxx
44921,пе́дерастиами
44922,пе́дерастиахъ
44923,xxx
44924,xxx
44925,xxx
44926,xxx
44927,xxx
44928,xxx
44929,xxx
44930,xxx
44931,xxx
44932,xxx
44933,xxx
44934,xxx
44935,xxx
44936,xxx
44937,xxx
44938,xxx
44939,xxx
44940,xxx
44941,xxx
44942,xxx
44943,xxx
44944,xxx
44945,xxx
44946,пеллагрѫ́
44947,пѣльмѣни́
44948,пемзы́
44949,xxx
44950,пѣнё́к
44951,xxx
44952,пениса́
44953,xxx
44954,пе́награфит
44955,пенаграфиты́
44956,xxx
44957,xxx
44958,xxx
44959,xxx
44960,xxx
44961,пенсы́
44962,xxx
44963,xxx
44964,xxx
44965,xxx
44966,первазданно́съть
44967,пе́рвакурсници
44968,xxx
44969,xxx
44970,xxx
44971,xxx
44972,xxx
44973,xxx
44974,xxx
44975,xxx
44976,xxx
44977,xxx
44978,xxx
44979,прѣбарѣ́хъ
44980,xxx
44981,xxx
44982,xxx
44983,xxx
44984,прѣ́вес
44985,xxx
44986,xxx
44987,xxx
44988,xxx
44989,xxx
44990,xxx
44991,прѣ́вааружениы
44992,xxx
44993,xxx
44994,xxx
44995,xxx
44996,xxx
44997,прѣваплащени́
44998,прѣ́ваплащениа
44999,xxx
45000,xxx
45001,xxx
45002,xxx
45003,прѣга́р
45004,xxx
45005,xxx
45006,xxx
45007,xxx
45008,прѣ́груз
45009,xxx
45010,xxx
45011,xxx
45012,xxx
45013,xxx
45014,прѣдвижни́ци
45015,xxx
45016,xxx
45017,xxx
45018,xxx
45019,xxx
45020,xxx
45021,xxx
45022,xxx
45023,xxx
45024,xxx
45025,xxx
45026,xxx
45027,xxx
45028,xxx
45029,xxx
45030,xxx
45031,xxx
45032,xxx
45033,xxx
45034,xxx
45035,xxx
45036,xxx
45037,xxx
45038,xxx
45039,xxx
45040,xxx
45041,xxx
45042,xxx
45043,xxx
45044,xxx
45045,xxx
45046,xxx
45047,прѣизданио́
45048,прѣизданиу́
45049,xxx
45050,прѣклади́ны
45051,прѣ́кладины
45052,xxx
45053,прѣ́кладинами
45054,xxx
45055,xxx
45056,xxx
45057,xxx
45058,xxx
45059,xxx
45060,xxx
45061,xxx
45062,xxx
45063,прѣключени́
45064,xxx
45065,xxx
45066,xxx
45067,xxx
45068,xxx
45069,xxx
45070,xxx
45071,xxx
45072,xxx
45073,xxx
45074,xxx
45075,xxx
45076,xxx
45077,xxx
45078,xxx
45079,xxx
45080,xxx
45081,xxx
45082,xxx
45083,xxx
45084,xxx
45085,xxx
45086,xxx
45087,xxx
45088,xxx
45089,xxx
45090,xxx
45091,xxx
45092,xxx
45093,xxx
45094,xxx
45095,прѣ́насѣхъ
45096,xxx
45097,xxx
45098,xxx
45099,xxx
45100,xxx
45101,xxx
45102,xxx
45103,xxx
45104,xxx
45105,xxx
45106,xxx
45107,xxx
45108,xxx
45109,xxx
45110,прѣплѣтѣни́амь
45111,xxx
45112,xxx
45113,xxx
45114,прѣ́плахамъ
45115,xxx
45116,прѣпра́вами
45117,прѣрабатьци́
45118,xxx
45119,xxx
45120,xxx
45121,xxx
45122,xxx
45123,xxx
45124,xxx
45125,xxx
45126,xxx
45127,прѣ́сматры
45128,прѣстано́вьцаю
45129,xxx
45130,xxx
45131,xxx
45132,xxx
45133,xxx
45134,xxx
45135,xxx
45136,xxx
45137,xxx
45138,xxx
45139,xxx
45140,xxx
45141,xxx
45142,xxx
45143,xxx
45144,xxx
45145,xxx
45146,xxx
45147,xxx
45148,xxx
45149,xxx
45150,xxx
45151,xxx
45152,xxx
45153,xxx
45154,xxx
45155,xxx
45156,xxx
45157,xxx
45158,xxx
45159,xxx
45160,xxx
45161,xxx
45162,xxx
45163,xxx
45164,периме́тръ
45165,xxx
45166,xxx
45167,xxx
45168,xxx
45169,пе́рискапи
45170,xxx
45171,xxx
45172,xxx
45173,xxx
45174,xxx
45175,xxx
45176,xxx
45177,xxx
45178,xxx
45179,xxx
45180,xxx
45181,xxx
45182,xxx
45183,xxx
45184,xxx
45185,xxx
45186,xxx
45187,xxx
45188,xxx
45189,xxx
45190,xxx
45191,xxx
45192,xxx
45193,персо́ны
45194,xxx
45195,xxx
45196,xxx
45197,пе́рсътамъ
45198,xxx
45199,xxx
45200,xxx
45201,xxx
45202,xxx
45203,xxx
45204,xxx
45205,xxx
45206,xxx
45207,xxx
45208,xxx
45209,xxx
45210,xxx
45211,xxx
45212,xxx
45213,xxx
45214,xxx
45215,xxx
45216,xxx
45217,xxx
45218,xxx
45219,xxx
45220,xxx
45221,xxx
45222,xxx
45223,xxx
45224,xxx
45225,xxx
45226,xxx
45227,xxx
45228,xxx
45229,xxx
45230,xxx
45231,xxx
45232,xxx
45233,петаба́йтъ
45234,xxx
45235,xxx
45236,пе́тлѣ
45237,xxx
45238,xxx
45239,xxx
45240,xxx
45241,xxx
45242,xxx
45243,xxx
45244,xxx
45245,xxx
45246,xxx
45247,xxx
45248,xxx
45249,xxx
45250,xxx
45251,xxx
45252,xxx
45253,xxx
45254,xxx
45255,xxx
45256,xxx
45257,xxx
45258,xxx
45259,xxx
45260,xxx
45261,xxx
45262,xxx
45263,xxx
45264,xxx
45265,xxx
45266,xxx
45267,xxx
45268,xxx
45269,печу́рьцѫ
45270,xxx
45271,xxx
45272,xxx
45273,xxx
45274,пёры́шьца
45275,xxx
45276,xxx
45277,xxx
45278,xxx
45279,xxx
45280,xxx
45281,xxx
45282,xxx
45283,xxx
45284,пивна́аю
45285,xxx
45286,пивна́ы
45287,xxx
45288,xxx
45289,xxx
45290,xxx
45291,xxx
45292,xxx
45293,xxx
45294,xxx
45295,xxx
45296,xxx
45297,xxx
45298,xxx
45299,xxx
45300,xxx
45301,xxx
45302,xxx
45303,пи́жмъ
45304,пижанѣ́
45305,xxx
45306,xxx
45307,xxx
45308,xxx
45309,xxx
45310,xxx
45311,xxx
45312,xxx
45313,xxx
45314,xxx
45315,xxx
45316,xxx
45317,xxx
45318,xxx
45319,xxx
45320,xxx
45321,xxx
45322,xxx
45323,xxx
45324,xxx
45325,xxx
45326,xxx
45327,xxx
45328,пи́итаю
45329,xxx
45330,xxx
45331,пии́т
45332,пица́п
45333,xxx
45334,xxx
45335,xxx
45336,xxx
45337,xxx
45338,xxx
45339,xxx
45340,xxx
45341,xxx
45342,xxx
45343,xxx
45344,xxx
45345,xxx
45346,xxx
45347,xxx
45348,xxx
45349,xxx
45350,xxx
45351,xxx
45352,xxx
45353,xxx
45354,xxx
45355,xxx
45356,пи́цтаграммы
45357,xxx
45358,xxx
45359,xxx
45360,xxx
45361,xxx
45362,xxx
45363,пильци́
45364,xxx
45365,xxx
45366,пиларамѫ́
45367,xxx
45368,пило́тьцаю
45369,xxx
45370,xxx
45371,пи́люлѫ
45372,xxx
45373,xxx
45374,xxx
45375,xxx
45376,xxx
45377,xxx
45378,xxx
45379,xxx
45380,xxx
45381,xxx
45382,xxx
45383,xxx
45384,xxx
45385,xxx
45386,xxx
45387,xxx
45388,xxx
45389,xxx
45390,xxx
45391,xxx
45392,xxx
45393,xxx
45394,пи́плы
45395,xxx
45396,xxx
45397,xxx
45398,xxx
45399,xxx
45400,xxx
45401,xxx
45402,xxx
45403,пирати́
45404,xxx
45405,xxx
45406,xxx
45407,xxx
45408,xxx
45409,xxx
45410,xxx
45411,xxx
45412,xxx
45413,пирси́ньзѣхъ
45414,xxx
45415,пируэ́ты
45416,xxx
45417,xxx
45418,xxx
45419,xxx
45420,xxx
45421,xxx
45422,писари́
45423,xxx
45424,xxx
45425,xxx
45426,xxx
45427,xxx
45428,xxx
45429,xxx
45430,xxx
45431,xxx
45432,xxx
45433,xxx
45434,xxx
45435,писка́рьѭ
45436,xxx
45437,xxx
45438,xxx
45439,пистале́т
45440,xxx
45441,пи́трѣц
45442,xxx
45443,питамни́ци
45444,xxx
45445,xxx
45446,xxx
45447,xxx
45448,xxx
45449,xxx
45450,xxx
45451,xxx
45452,xxx
45453,пищеварени́
45454,xxx
45455,xxx
45456,плави́льны
45457,пла́вьцѣ
45458,xxx
45459,xxx
45460,xxx
45461,xxx
45462,пла́гиатары
45463,xxx
45464,xxx
45465,xxx
45466,xxx
45467,xxx
45468,xxx
45469,xxx
45470,пла́късаю
45471,пла́късы
45472,xxx
45473,xxx
45474,xxx
45475,xxx
45476,планѣтари́ы
45477,xxx
45478,xxx
45479,xxx
45480,xxx
45481,пла́ньци
45482,xxx
45483,xxx
45484,xxx
45485,xxx
45486,пластмасъсы́
45487,пласты́ри
45488,xxx
45489,пласты́рьхъ
45490,пла́тана
45491,xxx
45492,xxx
45493,xxx
45494,xxx
45495,xxx
45496,пла́тинѫ
45497,xxx
45498,xxx
45499,xxx
45500,xxx
45501,xxx
45502,xxx
45503,платьа́
45504,xxx
45505,xxx
45506,xxx
45507,xxx
45508,xxx
45509,xxx
45510,xxx
45511,xxx
45512,xxx
45513,xxx
45514,пла́центамъ
45515,xxx
45516,xxx
45517,xxx
45518,xxx
45519,пла́шьцѫ
45520,плашьцо́ю
45521,xxx
45522,xxx
45523,xxx
45524,пле́вательницѣ
45525,xxx
45526,xxx
45527,пледы́
45528,xxx
45529,xxx
45530,xxx
45531,xxx
45532,племянници́
45533,xxx
45534,xxx
45535,xxx
45536,xxx
45537,xxx
45538,xxx
45539,xxx
45540,xxx
45541,xxx
45542,xxx
45543,xxx
45544,xxx
45545,xxx
45546,xxx
45547,xxx
45548,xxx
45549,xxx
45550,xxx
45551,пленумы́
45552,xxx
45553,xxx
45554,xxx
45555,xxx
45556,xxx
45557,xxx
45558,xxx
45559,xxx
45560,xxx
45561,вё́дра
45562,xxx
45563,xxx
45564,xxx
45565,xxx
45566,xxx
45567,xxx
45568,xxx
45569,xxx
45570,xxx
45571,xxx
45572,xxx
45573,xxx
45574,xxx
45575,xxx
45576,xxx
45577,xxx
45578,xxx
45579,пласкагарьо́мь
45580,пло́скагарьѣ
45581,xxx
45582,xxx
45583,xxx
45584,xxx
45585,xxx
45586,xxx
45587,xxx
45588,xxx
45589,xxx
45590,xxx
45591,xxx
45592,пло́ти
45593,xxx
45594,xxx
45595,плати́
45596,xxx
45597,xxx
45598,xxx
45599,xxx
45600,xxx
45601,xxx
45602,xxx
45603,xxx
45604,xxx
45605,xxx
45606,xxx
45607,xxx
45608,xxx
45609,xxx
45610,плу́танамь
45611,xxx
45612,плюрализмѣ́хъ
45613,плю́снъ
45614,xxx
45615,xxx
45616,xxx
45617,xxx
45618,xxx
45619,xxx
45620,xxx
45621,xxx
45622,xxx
45623,xxx
45624,xxx
45625,xxx
45626,xxx
45627,xxx
45628,пабуждениа́
45629,xxx
45630,xxx
45631,xxx
45632,xxx
45633,xxx
45634,xxx
45635,xxx
45636,xxx
45637,пава́рны
45638,xxx
45639,xxx
45640,xxx
45641,xxx
45642,xxx
45643,xxx
45644,xxx
45645,xxx
45646,xxx
45647,xxx
45648,xxx
45649,xxx
45650,по́вѣрьци
45651,павѣ́рьцами
45652,xxx
45653,xxx
45654,павѣ́съть
45655,xxx
45656,xxx
45657,xxx
45658,xxx
45659,xxx
45660,xxx
45661,xxx
45662,xxx
45663,xxx
45664,xxx
45665,xxx
45666,xxx
45667,xxx
45668,xxx
45669,xxx
45670,xxx
45671,павышѣни́
45672,xxx
45673,xxx
45674,xxx
45675,xxx
45676,xxx
45677,пагарелецо́мь
45678,xxx
45679,xxx
45680,xxx
45681,xxx
45682,xxx
45683,xxx
45684,по́грешнасътьми
45685,xxx
45686,xxx
45687,паграмѣ́хъ
45688,xxx
45689,xxx
45690,xxx
45691,xxx
45692,xxx
45693,xxx
45694,xxx
45695,xxx
45696,xxx
45697,xxx
45698,xxx
45699,падательници́
45700,xxx
45701,xxx
45702,xxx
45703,xxx
45704,xxx
45705,xxx
45706,xxx
45707,xxx
45708,падбо́ры
45709,xxx
45710,по́двесьци
45711,xxx
45712,xxx
45713,xxx
45714,xxx
45715,xxx
45716,xxx
45717,xxx
45718,по́двратнъ
45719,по́двратны
45720,падвра́тнами
45721,xxx
45722,xxx
45723,xxx
45724,xxx
45725,xxx
45726,xxx
45727,падгрупъпѫ́
45728,xxx
45729,xxx
45730,xxx
45731,по́дгузницу
45732,xxx
45733,xxx
45734,xxx
45735,xxx
45736,паддержани́у
45737,xxx
45738,xxx
45739,xxx
45740,xxx
45741,падданѣ́
45742,xxx
45743,xxx
45744,xxx
45745,xxx
45746,xxx
45747,xxx
45748,xxx
45749,xxx
45750,xxx
45751,xxx
45752,xxx
45753,xxx
45754,xxx
45755,xxx
45756,xxx
45757,xxx
45758,xxx
45759,xxx
45760,xxx
45761,xxx
45762,падкиды́шѣ
45763,xxx
45764,xxx
45765,xxx
45766,xxx
45767,xxx
45768,xxx
45769,xxx
45770,xxx
45771,xxx
45772,xxx
45773,по́дкупѣ
45774,падку́п
45775,xxx
45776,xxx
45777,падлѣдни́ца
45778,xxx
45779,xxx
45780,xxx
45781,xxx
45782,xxx
45783,падлинни́цѣхъ
45784,падлинно́сътьхъ
45785,xxx
45786,падладьца́мъ
45787,xxx
45788,xxx
45789,xxx
45790,xxx
45791,xxx
45792,xxx
45793,xxx
45794,xxx
45795,xxx
45796,xxx
45797,xxx
45798,xxx
45799,xxx
45800,падно́жьцѣ
45801,xxx
45802,xxx
45803,xxx
45804,падазрѣнио́
45805,xxx
45806,xxx
45807,xxx
45808,xxx
45809,xxx
45810,xxx
45811,xxx
45812,xxx
45813,xxx
45814,xxx
45815,падатчётнасъти́
45816,xxx
45817,по́датчётнасътьхъ
45818,xxx
45819,xxx
45820,xxx
45821,xxx
45822,xxx
45823,xxx
45824,xxx
45825,xxx
45826,xxx
45827,xxx
45828,xxx
45829,xxx
45830,xxx
45831,xxx
45832,xxx
45833,xxx
45834,xxx
45835,xxx
45836,падря́д
45837,xxx
45838,xxx
45839,xxx
45840,xxx
45841,xxx
45842,xxx
45843,по́дсистемы
45844,падсисте́мѣ
45845,xxx
45846,xxx
45847,xxx
45848,xxx
45849,xxx
45850,xxx
45851,xxx
45852,xxx
45853,по́дслушиваниѣхъ
45854,падснежни́цѣхъ
45855,xxx
45856,xxx
45857,xxx
45858,xxx
45859,падсалнечницѣ́хъ
45860,xxx
45861,xxx
45862,xxx
45863,xxx
45864,xxx
45865,xxx
45866,xxx
45867,xxx
45868,xxx
45869,xxx
45870,xxx
45871,xxx
45872,xxx
45873,xxx
45874,падстрани́цахъ
45875,xxx
45876,xxx
45877,xxx
45878,xxx
45879,xxx
45880,xxx
45881,xxx
45882,xxx
45883,xxx
45884,падсудимыа́
45885,xxx
45886,по́дтексъта
45887,падте́ксътъ
45888,xxx
45889,xxx
45890,падти́пѣхъ
45891,xxx
45892,xxx
45893,xxx
45894,xxx
45895,по́дхадамъ
45896,xxx
45897,падчинениѣ́
45898,xxx
45899,xxx
45900,xxx
45901,xxx
45902,падшипни́цѣхъ
45903,падъёмница́
45904,по́дъёмницу
45905,по́дъёмници
45906,падъюбницо́мь
45907,падъюбницѣ́
45908,xxx
45909,xxx
45910,xxx
45911,xxx
45912,пажарни́цѣ
45913,по́жарѣ
45914,xxx
45915,xxx
45916,xxx
45917,xxx
45918,xxx
45919,xxx
45920,xxx
45921,xxx
45922,xxx
45923,xxx
45924,xxx
45925,xxx
45926,xxx
45927,xxx
45928,xxx
45929,xxx
45930,xxx
45931,пазлатѣ́
45932,пазлатѣ́
45933,пазла́тами
45934,xxx
45935,xxx
45936,по́ймы
45937,xxx
45938,xxx
45939,пакаянио́
45940,пакланѣни́а
45941,xxx
45942,xxx
45943,xxx
45944,xxx
45945,xxx
45946,xxx
45947,xxx
45948,xxx
45949,xxx
45950,xxx
45951,xxx
45952,xxx
45953,xxx
45954,xxx
45955,xxx
45956,xxx
45957,xxx
45958,xxx
45959,xxx
45960,xxx
45961,по́крышьцамъ
45962,xxx
45963,xxx
45964,xxx
45965,xxx
45966,xxx
45967,xxx
45968,xxx
45969,xxx
45970,пакушени́а
45971,xxx
45972,xxx
45973,xxx
45974,xxx
45975,xxx
45976,xxx
45977,xxx
45978,xxx
45979,xxx
45980,пали́в
45981,пализо́ны
45982,xxx
45983,xxx
45984,xxx
45985,xxx
45986,xxx
45987,палиме́ри
45988,палитизираванио́
45989,xxx
45990,xxx
45991,xxx
45992,xxx
45993,палитинфармациѣ́
45994,палитинфармаци́ахъ
45995,xxx
45996,xxx
45997,xxx
45998,xxx
45999,xxx
46000,палитлаго́мь
46001,xxx
46002,xxx
46003,xxx
46004,xxx
46005,xxx
46006,xxx
46007,xxx
46008,xxx
46009,xxx
46010,xxx
46011,xxx
46012,палкиламе́тры
46013,xxx
46014,xxx
46015,xxx
46016,xxx
46017,xxx
46018,по́л-литры
46019,пал-ли́тръ
46020,xxx
46021,xxx
46022,xxx
46023,xxx
46024,xxx
46025,xxx
46026,xxx
46027,палмиллианѫ́
46028,xxx
46029,xxx
46030,xxx
46031,xxx
46032,xxx
46033,xxx
46034,xxx
46035,xxx
46036,xxx
46037,xxx
46038,xxx
46039,xxx
46040,xxx
46041,xxx
46042,xxx
46043,xxx
46044,xxx
46045,xxx
46046,xxx
46047,xxx
46048,xxx
46049,xxx
46050,пла́нянину
46051,xxx
46052,xxx
46053,пла́сьцаю
46054,пла́сьцъ
46055,xxx
46056,xxx
46057,xxx
46058,пласъти́
46059,xxx
46060,xxx
46061,xxx
46062,xxx
46063,xxx
46064,плачани́ну
46065,xxx
46066,xxx
46067,xxx
46068,xxx
46069,xxx
46070,xxx
46071,xxx
46072,xxx
46073,палтерге́йсътъ
46074,xxx
46075,xxx
46076,xxx
46077,xxx
46078,xxx
46079,xxx
46080,xxx
46081,xxx
46082,по́лупетлахъ
46083,по́лустанакѣ
46084,xxx
46085,xxx
46086,xxx
46087,xxx
46088,xxx
46089,xxx
46090,xxx
46091,xxx
46092,xxx
46093,xxx
46094,xxx
46095,xxx
46096,xxx
46097,xxx
46098,xxx
46099,xxx
46100,xxx
46101,xxx
46102,xxx
46103,xxx
46104,xxx
46105,xxx
46106,xxx
46107,xxx
46108,xxx
46109,xxx
46110,xxx
46111,xxx
46112,xxx
46113,xxx
46114,xxx
46115,xxx
46116,xxx
46117,палю́с
46118,xxx
46119,по́люсамъ
46120,паля́нами
46121,xxx
46122,xxx
46123,xxx
46124,xxx
46125,xxx
46126,xxx
46127,xxx
46128,xxx
46129,xxx
46130,xxx
46131,xxx
46132,xxx
46133,xxx
46134,xxx
46135,xxx
46136,xxx
46137,по́метаю
46138,xxx
46139,xxx
46140,xxx
46141,xxx
46142,xxx
46143,xxx
46144,xxx
46145,xxx
46146,xxx
46147,xxx
46148,по́мидарчици
46149,xxx
46150,xxx
46151,xxx
46152,памо́йьцъ
46153,xxx
46154,по́марянину
46155,памо́сътѣ
46156,xxx
46157,xxx
46158,xxx
46159,xxx
46160,xxx
46161,xxx
46162,памысѣ́лы
46163,xxx
46164,xxx
46165,xxx
46166,xxx
46167,xxx
46168,xxx
46169,xxx
46170,xxx
46171,по́паданиа
46172,пападани́амь
46173,xxx
46174,xxx
46175,xxx
46176,xxx
46177,xxx
46178,xxx
46179,xxx
46180,xxx
46181,xxx
46182,xxx
46183,xxx
46184,xxx
46185,xxx
46186,xxx
46187,папо́йьцахъ
46188,xxx
46189,xxx
46190,xxx
46191,xxx
46192,по́прища
46193,xxx
46194,xxx
46195,xxx
46196,xxx
46197,xxx
46198,xxx
46199,xxx
46200,xxx
46201,xxx
46202,xxx
46203,xxx
46204,xxx
46205,xxx
46206,xxx
46207,xxx
46208,xxx
46209,призаршны́
46210,xxx
46211,xxx
46212,xxx
46213,xxx
46214,xxx
46215,xxx
46216,по́реы
46217,xxx
46218,xxx
46219,xxx
46220,xxx
46221,парнаграфо́мъ
46222,xxx
46223,xxx
46224,xxx
46225,xxx
46226,xxx
46227,праждени́а
46228,xxx
46229,xxx
46230,xxx
46231,xxx
46232,xxx
46233,xxx
46234,xxx
46235,xxx
46236,партвѣйна́
46237,партвѣ́йны
46238,xxx
46239,xxx
46240,xxx
46241,xxx
46242,xxx
46243,xxx
46244,по́ртсизары
46245,xxx
46246,xxx
46247,xxx
46248,xxx
46249,партьѣ́р
46250,xxx
46251,парукѫ́
46252,по́рукаю
46253,xxx
46254,xxx
46255,xxx
46256,xxx
46257,xxx
46258,xxx
46259,xxx
46260,xxx
46261,xxx
46262,xxx
46263,xxx
46264,xxx
46265,xxx
46266,xxx
46267,xxx
46268,xxx
46269,xxx
46270,парше́ни
46271,xxx
46272,xxx
46273,по́сада
46274,по́садѣ
46275,xxx
46276,xxx
46277,xxx
46278,xxx
46279,паселенецо́мь
46280,xxx
46281,xxx
46282,xxx
46283,xxx
46284,пасинѣни́амь
46285,пасинѣниѣ́
46286,пасинѣни́а
46287,xxx
46288,xxx
46289,xxx
46290,xxx
46291,xxx
46292,xxx
46293,xxx
46294,xxx
46295,xxx
46296,xxx
46297,xxx
46298,xxx
46299,xxx
46300,xxx
46301,xxx
46302,xxx
46303,xxx
46304,xxx
46305,xxx
46306,xxx
46307,xxx
46308,xxx
46309,xxx
46310,xxx
46311,xxx
46312,xxx
46313,xxx
46314,xxx
46315,xxx
46316,паслушни́цамъ
46317,xxx
46318,xxx
46319,xxx
46320,паслушни́цѣхъ
46321,xxx
46322,xxx
46323,xxx
46324,xxx
46325,xxx
46326,xxx
46327,xxx
46328,xxx
46329,пассу́мѣхъ
46330,xxx
46331,xxx
46332,xxx
46333,xxx
46334,xxx
46335,xxx
46336,xxx
46337,xxx
46338,xxx
46339,пастаме́нтъ
46340,пастаме́нтамъ
46341,xxx
46342,xxx
46343,xxx
46344,xxx
46345,xxx
46346,xxx
46347,xxx
46348,xxx
46349,xxx
46350,xxx
46351,xxx
46352,пастраени́а
46353,xxx
46354,xxx
46355,по́страйьцамъ
46356,пастулатѣ́хъ
46357,xxx
46358,xxx
46359,xxx
46360,xxx
46361,xxx
46362,xxx
46363,xxx
46364,по́сыпьцѫ
46365,xxx
46366,xxx
46367,xxx
46368,xxx
46369,xxx
46370,xxx
46371,xxx
46372,xxx
46373,xxx
46374,xxx
46375,xxx
46376,xxx
46377,xxx
46378,xxx
46379,патѣплѣни́ы
46380,xxx
46381,xxx
46382,xxx
46383,xxx
46384,xxx
46385,xxx
46386,патира́
46387,патливо́съть
46388,xxx
46389,xxx
46390,xxx
46391,xxx
46392,xxx
46393,xxx
46394,xxx
46395,xxx
46396,xxx
46397,xxx
46398,патыли́цаю
46399,патыли́ци
46400,xxx
46401,по́хитительми
46402,xxx
46403,xxx
46404,пахлё́бьци
46405,xxx
46406,субстра́тѣ
46407,пахмѣльо́мъ
46408,по́хадьцъ
46409,пахаждѣни́ѣхъ
46410,xxx
46411,xxx
46412,xxx
46413,xxx
46414,xxx
46415,xxx
46416,xxx
46417,xxx
46418,xxx
46419,xxx
46420,паче́рьцъ
46421,xxx
46422,xxx
46423,xxx
46424,xxx
46425,па́рафразаю
46426,xxx
46427,xxx
46428,xxx
46429,xxx
46430,xxx
46431,xxx
46432,xxx
46433,xxx
46434,xxx
46435,xxx
46436,xxx
46437,xxx
46438,пащёчины́
46439,xxx
46440,xxx
46441,xxx
46442,xxx
46443,xxx
46444,паявлени́амь
46445,паявлени́
46446,xxx
46447,xxx
46448,xxx
46449,xxx
46450,xxx
46451,xxx
46452,xxx
46453,xxx
46454,xxx
46455,xxx
46456,xxx
46457,xxx
46458,xxx
46459,xxx
46460,xxx
46461,xxx
46462,xxx
46463,xxx
46464,xxx
46465,xxx
46466,xxx
46467,xxx
46468,xxx
46469,xxx
46470,xxx
46471,xxx
46472,xxx
46473,xxx
46474,xxx
46475,xxx
46476,xxx
46477,xxx
46478,правасудиѣ́
46479,правасуди́а
46480,xxx
46481,xxx
46482,праде́д
46483,xxx
46484,xxx
46485,xxx
46486,xxx
46487,xxx
46488,xxx
46489,xxx
46490,xxx
46491,xxx
46492,xxx
46493,праздно́сътьхъ
46494,практи́ца
46495,практи́цамь
46496,xxx
46497,xxx
46498,xxx
46499,xxx
46500,xxx
46501,xxx
46502,xxx
46503,xxx
46504,xxx
46505,xxx
46506,xxx
46507,xxx
46508,прапрадедушьцо́ю
46509,прапрадедушьци́
46510,xxx
46511,xxx
46512,xxx
46513,xxx
46514,xxx
46515,xxx
46516,xxx
46517,xxx
46518,xxx
46519,xxx
46520,xxx
46521,xxx
46522,xxx
46523,пра́щуру
46524,xxx
46525,xxx
46526,xxx
46527,xxx
46528,xxx
46529,xxx
46530,xxx
46531,xxx
46532,xxx
46533,xxx
46534,xxx
46535,xxx
46536,xxx
46537,xxx
46538,xxx
46539,xxx
46540,xxx
46541,прѣвратно́съти
46542,xxx
46543,xxx
46544,xxx
46545,xxx
46546,xxx
46547,xxx
46548,xxx
46549,xxx
46550,xxx
46551,xxx
46552,xxx
46553,xxx
46554,xxx
46555,предате́лии
46556,предате́льми
46557,xxx
46558,xxx
46559,xxx
46560,xxx
46561,прѣдварило́вьцъ
46562,xxx
46563,xxx
46564,предвидени́а
46565,предвкушени́а
46566,xxx
46567,xxx
46568,xxx
46569,xxx
46570,предицати́ва
46571,предицати́ву
46572,xxx
46573,xxx
46574,xxx
46575,xxx
46576,xxx
46577,xxx
46578,xxx
46579,xxx
46580,предме́стьы
46581,xxx
46582,xxx
46583,xxx
46584,xxx
46585,xxx
46586,xxx
46587,xxx
46588,xxx
46589,xxx
46590,xxx
46591,xxx
46592,xxx
46593,xxx
46594,xxx
46595,xxx
46596,xxx
46597,xxx
46598,xxx
46599,xxx
46600,xxx
46601,предплюсна́ми
46602,xxx
46603,xxx
46604,xxx
46605,xxx
46606,xxx
46607,xxx
46608,xxx
46609,xxx
46610,xxx
46611,xxx
46612,xxx
46613,предпринимате́льствъ
46614,xxx
46615,xxx
46616,прѣ́драссудака
46617,xxx
46618,xxx
46619,xxx
46620,xxx
46621,xxx
46622,xxx
46623,xxx
46624,xxx
46625,xxx
46626,xxx
46627,предубеждени́а
46628,xxx
46629,xxx
46630,xxx
46631,xxx
46632,xxx
46633,xxx
46634,xxx
46635,xxx
46636,xxx
46637,xxx
46638,xxx
46639,предшественница́хъ
46640,xxx
46641,xxx
46642,предъявлени́а
46643,xxx
46644,xxx
46645,предэякуляту́
46646,xxx
46647,xxx
46648,xxx
46649,презервати́ву
46650,xxx
46651,xxx
46652,презервати́в
46653,xxx
46654,xxx
46655,xxx
46656,президиумѣ́
46657,президиу́м
46658,xxx
46659,xxx
46660,xxx
46661,xxx
46662,xxx
46663,xxx
46664,xxx
46665,xxx
46666,xxx
46667,прела́ту
46668,пре́лат
46669,xxx
46670,xxx
46671,xxx
46672,xxx
46673,xxx
46674,xxx
46675,xxx
46676,xxx
46677,xxx
46678,премудро́сътьѭ
46679,xxx
46680,пренебрежительно́съти
46681,xxx
46682,xxx
46683,xxx
46684,xxx
46685,xxx
46686,xxx
46687,преадалени́у
46688,xxx
46689,xxx
46690,пре́парат
46691,препара́ту
46692,xxx
46693,пре́падавательницахъ
46694,xxx
46695,xxx
46696,xxx
46697,преплавенио́мъ
46698,xxx
46699,xxx
46700,xxx
46701,xxx
46702,xxx
46703,xxx
46704,прѣрагати́вѣ
46705,xxx
46706,xxx
46707,xxx
46708,xxx
46709,xxx
46710,xxx
46711,xxx
46712,xxx
46713,xxx
46714,xxx
46715,xxx
46716,xxx
46717,xxx
46718,xxx
46719,xxx
46720,xxx
46721,xxx
46722,xxx
46723,xxx
46724,пре́сс-секретарьѭ
46725,прѣсс-цѣнтрѣ́
46726,прѣ́сс-цѣнтрѣхъ
46727,xxx
46728,xxx
46729,xxx
46730,xxx
46731,xxx
46732,xxx
46733,xxx
46734,xxx
46735,xxx
46736,прѣтѣндѣ́нтъ
46737,xxx
46738,преткнавени́а
46739,xxx
46740,пре́фектура
46741,xxx
46742,префекту́рами
46743,префекту́рахъ
46744,xxx
46745,xxx
46746,xxx
46747,прѣцѣдѣнта́
46748,xxx
46749,xxx
46750,прѣ́цѣдѣнтъ
46751,xxx
46752,xxx
46753,xxx
46754,xxx
46755,xxx
46756,xxx
46757,xxx
46758,xxx
46759,xxx
46760,xxx
46761,xxx
46762,xxx
46763,xxx
46764,xxx
46765,xxx
46766,при́брастраѣниа
46767,xxx
46768,xxx
46769,прибы́льмъ
46770,xxx
46771,xxx
46772,xxx
46773,xxx
46774,xxx
46775,xxx
46776,xxx
46777,xxx
46778,xxx
46779,xxx
46780,xxx
46781,xxx
46782,xxx
46783,xxx
46784,xxx
46785,xxx
46786,xxx
46787,xxx
46788,xxx
46789,xxx
46790,xxx
46791,xxx
46792,xxx
46793,xxx
46794,xxx
46795,xxx
46796,xxx
46797,привку́с
46798,xxx
46799,xxx
46800,xxx
46801,xxx
46802,xxx
46803,xxx
46804,xxx
46805,xxx
46806,xxx
46807,xxx
46808,xxx
46809,xxx
46810,xxx
46811,xxx
46812,xxx
46813,xxx
46814,xxx
46815,при́заршнъ
46816,при́заршнахъ
46817,призатавлени́а
46818,прида́ч
46819,xxx
46820,xxx
46821,xxx
46822,xxx
46823,xxx
46824,xxx
46825,xxx
46826,xxx
46827,xxx
46828,xxx
46829,xxx
46830,xxx
46831,xxx
46832,xxx
46833,xxx
46834,xxx
46835,xxx
46836,xxx
46837,xxx
46838,xxx
46839,xxx
46840,xxx
46841,xxx
46842,приёмна́
46843,xxx
46844,xxx
46845,xxx
46846,при́званиамь
46847,xxx
46848,xxx
46849,xxx
46850,xxx
46851,xxx
46852,xxx
46853,xxx
46854,xxx
46855,xxx
46856,xxx
46857,xxx
46858,xxx
46859,признани́амъ
46860,xxx
46861,xxx
46862,xxx
46863,xxx
46864,призрени́а
46865,призренио́мъ
46866,xxx
46867,призывни́ца
46868,призывни́цу
46869,xxx
46870,xxx
46871,xxx
46872,прицазаниу́
46873,xxx
46874,xxx
46875,xxx
46876,xxx
46877,xxx
46878,xxx
46879,xxx
46880,xxx
46881,xxx
46882,прицаснавени́а
46883,прицаснавенио́мь
46884,xxx
46885,xxx
46886,xxx
46887,xxx
46888,xxx
46889,xxx
46890,прилаво́ки
46891,xxx
46892,xxx
46893,xxx
46894,xxx
46895,xxx
46896,xxx
46897,xxx
46898,xxx
46899,xxx
46900,xxx
46901,xxx
46902,xxx
46903,xxx
46904,xxx
46905,xxx
46906,xxx
46907,xxx
46908,xxx
46909,xxx
46910,xxx
46911,xxx
46912,xxx
46913,xxx
46914,xxx
46915,xxx
46916,xxx
46917,xxx
46918,принтера́
46919,xxx
46920,xxx
46921,xxx
46922,xxx
46923,xxx
46924,xxx
46925,xxx
46926,принце́съсы
46927,xxx
46928,при́нцамъ
46929,xxx
46930,при́абретениѣ
46931,xxx
46932,xxx
46933,xxx
46934,xxx
46935,xxx
46936,xxx
46937,xxx
46938,xxx
46939,xxx
46940,xxx
46941,xxx
46942,xxx
46943,xxx
46944,xxx
46945,при́пас
46946,припе́ву
46947,xxx
46948,xxx
46949,xxx
46950,xxx
46951,xxx
46952,xxx
46953,xxx
46954,припло́дѣхъ
46955,xxx
46956,xxx
46957,xxx
46958,прирасътѣ́
46959,xxx
46960,xxx
46961,xxx
46962,xxx
46963,xxx
46964,xxx
46965,xxx
46966,xxx
46967,xxx
46968,xxx
46969,xxx
46970,приспасабливани́а
46971,приспасабливани́
46972,xxx
46973,xxx
46974,xxx
46975,xxx
46976,xxx
46977,xxx
46978,xxx
46979,xxx
46980,xxx
46981,xxx
46982,xxx
46983,xxx
46984,присяга́ми
46985,притварство́
46986,притво́рствѣ
46987,xxx
46988,xxx
46989,xxx
46990,xxx
46991,xxx
46992,xxx
46993,xxx
46994,xxx
46995,при́тина
46996,притино́мь
46997,xxx
46998,xxx
46999,прити́ны
47000,прито́ну
47001,xxx
47002,xxx
47003,xxx
47004,xxx
47005,xxx
47006,xxx
47007,xxx
47008,xxx
47009,xxx
47010,присадѣ́хъ
47011,xxx
47012,присо́ть
47013,xxx
47014,xxx
47015,xxx
47016,xxx
47017,xxx
47018,xxx
47019,xxx
47020,при́частиу
47021,при́частиѣ
47022,xxx
47023,xxx
47024,xxx
47025,xxx
47026,xxx
47027,xxx
47028,xxx
47029,xxx
47030,прия́зни
47031,xxx
47032,xxx
47033,xxx
47034,xxx
47035,xxx
47036,xxx
47037,xxx
47038,xxx
47039,xxx
47040,xxx
47041,xxx
47042,xxx
47043,прабѣ́жьци
47044,xxx
47045,xxx
47046,xxx
47047,xxx
47048,xxx
47049,прабирьци́
47050,xxx
47051,xxx
47052,прабле́сьци
47053,xxx
47054,прабара́
47055,xxx
47056,xxx
47057,прабо́р
47058,xxx
47059,правинно́сътьхъ
47060,xxx
47061,xxx
47062,xxx
47063,xxx
47064,xxx
47065,xxx
47066,xxx
47067,xxx
47068,xxx
47069,xxx
47070,правакаци́ы
47071,правакаци́ѣ
47072,про́вакациахъ
47073,правальци́
47074,xxx
47075,xxx
47076,xxx
47077,xxx
47078,xxx
47079,xxx
47080,про́гназираваниѣхъ
47081,xxx
47082,прагназу́
47083,xxx
47084,xxx
47085,xxx
47086,xxx
47087,праграмма-дапалненио́
47088,xxx
47089,xxx
47090,xxx
47091,xxx
47092,xxx
47093,xxx
47094,xxx
47095,xxx
47096,xxx
47097,xxx
47098,xxx
47099,xxx
47100,xxx
47101,xxx
47102,xxx
47103,xxx
47104,xxx
47105,xxx
47106,xxx
47107,xxx
47108,xxx
47109,xxx
47110,xxx
47111,xxx
47112,xxx
47113,xxx
47114,xxx
47115,xxx
47116,прадюсѣ́ру
47117,xxx
47118,xxx
47119,xxx
47120,xxx
47121,xxx
47122,xxx
47123,xxx
47124,xxx
47125,xxx
47126,xxx
47127,xxx
47128,xxx
47129,праё́м
47130,праё́м
47131,xxx
47132,пражектари́
47133,xxx
47134,xxx
47135,xxx
47136,xxx
47137,xxx
47138,xxx
47139,xxx
47140,xxx
47141,xxx
47142,xxx
47143,xxx
47144,xxx
47145,xxx
47146,xxx
47147,xxx
47148,xxx
47149,xxx
47150,xxx
47151,про́изрыватели
47152,праизрышу́
47153,xxx
47154,праизвадительнасъти́
47155,праизвадительно́сътьѭ
47156,про́извадительнасъти
47157,xxx
47158,праизнашени́у
47159,xxx
47160,xxx
47161,xxx
47162,xxx
47163,xxx
47164,xxx
47165,xxx
47166,xxx
47167,пракаты́
47168,xxx
47169,xxx
47170,xxx
47171,xxx
47172,xxx
47173,xxx
47174,xxx
47175,xxx
47176,xxx
47177,xxx
47178,xxx
47179,xxx
47180,про́каламъ
47181,пракрутьцо́ю
47182,xxx
47183,xxx
47184,пракуро́р
47185,про́курарамь
47186,xxx
47187,xxx
47188,xxx
47189,xxx
47190,про́курарѣхъ
47191,пралѣ́сьа
47192,xxx
47193,xxx
47194,xxx
47195,xxx
47196,xxx
47197,прла́м
47198,xxx
47199,xxx
47200,xxx
47201,xxx
47202,про́медлениамь
47203,xxx
47204,xxx
47205,xxx
47206,xxx
47207,xxx
47208,xxx
47209,xxx
47210,xxx
47211,xxx
47212,прамаины́
47213,xxx
47214,xxx
47215,xxx
47216,xxx
47217,xxx
47218,прамышленници́
47219,прамышленници́
47220,xxx
47221,xxx
47222,xxx
47223,xxx
47224,праницнавениу́
47225,xxx
47226,xxx
47227,xxx
47228,xxx
47229,прапагандѣ́
47230,про́пагандираваниа
47231,xxx
47232,xxx
47233,xxx
47234,xxx
47235,xxx
47236,xxx
47237,про́пеллера
47238,xxx
47239,xxx
47240,xxx
47241,xxx
47242,xxx
47243,xxx
47244,xxx
47245,xxx
47246,xxx
47247,про́паведницѣ
47248,прапаведни́цѣхъ
47249,xxx
47250,про́парцианальнасъти
47251,xxx
47252,прапарцианально́сътьми
47253,xxx
47254,xxx
47255,xxx
47256,xxx
47257,xxx
47258,xxx
47259,xxx
47260,xxx
47261,xxx
47262,xxx
47263,xxx
47264,xxx
47265,прарези́
47266,xxx
47267,xxx
47268,про́ректарѣ
47269,xxx
47270,праректо́ры
47271,xxx
47272,xxx
47273,xxx
47274,xxx
47275,xxx
47276,xxx
47277,xxx
47278,xxx
47279,xxx
47280,xxx
47281,xxx
47282,про́светы
47283,xxx
47284,xxx
47285,прасви́рами
47286,xxx
47287,xxx
47288,xxx
47289,праслайьцѣ́
47290,про́слайьцаю
47291,про́сматръ
47292,xxx
47293,xxx
47294,прасмо́трѣхъ
47295,xxx
47296,xxx
47297,xxx
47298,xxx
47299,xxx
47300,xxx
47301,xxx
47302,xxx
47303,xxx
47304,xxx
47305,xxx
47306,xxx
47307,xxx
47308,xxx
47309,бо́цман
47310,про́ституциамъ
47311,xxx
47312,xxx
47313,xxx
47314,xxx
47315,xxx
47316,xxx
47317,xxx
47318,xxx
47319,прастуда́
47320,про́студѣ
47321,про́студы
47322,xxx
47323,xxx
47324,xxx
47325,xxx
47326,xxx
47327,xxx
47328,xxx
47329,xxx
47330,прасфо́ры
47331,про́сфарахъ
47332,xxx
47333,xxx
47334,xxx
47335,xxx
47336,про́тез
47337,xxx
47338,xxx
47339,xxx
47340,xxx
47341,xxx
47342,xxx
47343,xxx
47344,про́тивавесамь
47345,xxx
47346,про́тиваядиу
47347,про́тиваядиамь
47348,прато́ки
47349,xxx
47350,прафана́
47351,про́фани
47352,xxx
47353,xxx
47354,прафи́лии
47355,xxx
47356,xxx
47357,прафкамѣ́
47358,xxx
47359,xxx
47360,xxx
47361,xxx
47362,xxx
47363,xxx
47364,прафсаюзни́цѣ
47365,прафсаюзни́цамъ
47366,xxx
47367,xxx
47368,xxx
47369,xxx
47370,xxx
47371,xxx
47372,xxx
47373,xxx
47374,xxx
47375,прахажденио́
47376,xxx
47377,xxx
47378,xxx
47379,xxx
47380,працветани́а
47381,xxx
47382,xxx
47383,xxx
47384,xxx
47385,xxx
47386,xxx
47387,xxx
47388,xxx
47389,xxx
47390,xxx
47391,xxx
47392,xxx
47393,прачеѣ́
47394,xxx
47395,прачно́съти
47396,xxx
47397,xxx
47398,прачтени́а
47399,xxx
47400,прашениа́
47401,xxx
47402,xxx
47403,xxx
47404,xxx
47405,пращаньу́
47406,праща́ньа
47407,xxx
47408,xxx
47409,xxx
47410,xxx
47411,xxx
47412,xxx
47413,xxx
47414,xxx
47415,xxx
47416,xxx
47417,xxx
47418,xxx
47419,xxx
47420,xxx
47421,xxx
47422,xxx
47423,xxx
47424,xxx
47425,xxx
47426,xxx
47427,xxx
47428,xxx
47429,xxx
47430,xxx
47431,xxx
47432,xxx
47433,xxx
47434,xxx
47435,пряжьца́
47436,xxx
47437,xxx
47438,xxx
47439,xxx
47440,xxx
47441,xxx
47442,xxx
47443,псалмаписе́цамь
47444,xxx
47445,xxx
47446,xxx
47447,xxx
47448,xxx
47449,xxx
47450,xxx
47451,xxx
47452,xxx
47453,xxx
47454,xxx
47455,xxx
47456,xxx
47457,xxx
47458,xxx
47459,xxx
47460,xxx
47461,xxx
47462,xxx
47463,xxx
47464,xxx
47465,xxx
47466,xxx
47467,xxx
47468,псисазатерапиа́ми
47469,xxx
47470,xxx
47471,xxx
47472,xxx
47473,xxx
47474,xxx
47475,xxx
47476,псисапатѣ́
47477,xxx
47478,xxx
47479,xxx
47480,xxx
47481,xxx
47482,xxx
47483,xxx
47484,xxx
47485,xxx
47486,xxx
47487,пскавичу́
47488,xxx
47489,xxx
47490,xxx
47491,xxx
47492,xxx
47493,xxx
47494,xxx
47495,xxx
47496,xxx
47497,xxx
47498,публици́съта
47499,публицисъту́
47500,пу́гавьци
47501,xxx
47502,xxx
47503,xxx
47504,xxx
47505,xxx
47506,пудажани́ны
47507,xxx
47508,xxx
47509,xxx
47510,xxx
47511,xxx
47512,xxx
47513,xxx
47514,xxx
47515,xxx
47516,xxx
47517,xxx
47518,пузыри́
47519,xxx
47520,пуклѫ́
47521,пу́л
47522,пу́лѣхъ
47523,xxx
47524,xxx
47525,xxx
47526,xxx
47527,xxx
47528,xxx
47529,xxx
47530,xxx
47531,xxx
47532,xxx
47533,xxx
47534,пѫ́нши
47535,xxx
47536,xxx
47537,xxx
47538,xxx
47539,xxx
47540,xxx
47541,xxx
47542,xxx
47543,xxx
47544,xxx
47545,xxx
47546,xxx
47547,ви́це-президентамь
47548,пу́сташьми
47549,xxx
47550,xxx
47551,xxx
47552,xxx
47553,xxx
47554,xxx
47555,xxx
47556,xxx
47557,xxx
47558,xxx
47559,xxx
47560,xxx
47561,xxx
47562,xxx
47563,xxx
47564,xxx
47565,xxx
47566,xxx
47567,xxx
47568,xxx
47569,xxx
47570,xxx
47571,xxx
47572,xxx
47573,xxx
47574,xxx
47575,xxx
47576,xxx
47577,пучи́нѣ
47578,xxx
47579,xxx
47580,xxx
47581,xxx
47582,пчелѣ́
47583,пче́лавада
47584,xxx
47585,xxx
47586,xxx
47587,пчелае́да
47588,xxx
47589,xxx
47590,xxx
47591,xxx
47592,xxx
47593,xxx
47594,xxx
47595,xxx
47596,xxx
47597,xxx
47598,xxx
47599,xxx
47600,xxx
47601,xxx
47602,xxx
47603,xxx
47604,xxx
47605,xxx
47606,пьяньца́мъ
47607,xxx
47608,xxx
47609,xxx
47610,xxx
47611,пьянчуго́ю
47612,xxx
47613,пэро́мъ
47614,пя́дьмъ
47615,xxx
47616,xxx
47617,xxx
47618,xxx
47619,xxx
47620,xxx
47621,пя́ты
47622,xxx
47623,xxx
47624,xxx
47625,пятиле́тьцаю
47626,xxx
47627,xxx
47628,xxx
47629,xxx
47630,xxx
47631,рабача́ѫ
47632,xxx
47633,xxx
47634,xxx
47635,xxx
47636,xxx
47637,xxx
47638,xxx
47639,xxx
47640,xxx
47641,xxx
47642,равви́н
47643,xxx
47644,xxx
47645,xxx
47646,xxx
47647,xxx
47648,xxx
47649,xxx
47650,xxx
47651,xxx
47652,xxx
47653,xxx
47654,xxx
47655,xxx
47656,xxx
47657,xxx
47658,xxx
47659,xxx
47660,xxx
47661,xxx
47662,xxx
47663,xxx
47664,xxx
47665,xxx
47666,xxx
47667,xxx
47668,xxx
47669,xxx
47670,xxx
47671,радиааппарату́рѣ
47672,xxx
47673,xxx
47674,радиамалчанио́
47675,xxx
47676,ра́диапрамышленнасътьхъ
47677,xxx
47678,xxx
47679,xxx
47680,xxx
47681,по́мещениа
47682,xxx
47683,xxx
47684,xxx
47685,xxx
47686,xxx
47687,xxx
47688,xxx
47689,разбо́у
47690,xxx
47691,xxx
47692,xxx
47693,разбаѣ́хъ
47694,xxx
47695,разва́л
47696,xxx
47697,xxx
47698,xxx
47699,xxx
47700,xxx
47701,xxx
47702,xxx
47703,xxx
47704,xxx
47705,xxx
47706,xxx
47707,ра́звратниц
47708,xxx
47709,xxx
47710,xxx
47711,xxx
47712,xxx
47713,xxx
47714,xxx
47715,xxx
47716,xxx
47717,xxx
47718,xxx
47719,xxx
47720,xxx
47721,xxx
47722,xxx
47723,xxx
47724,xxx
47725,xxx
47726,xxx
47727,рѣ́гистрираваниѣ
47728,патѣплѣни́а
47729,xxx
47730,xxx
47731,xxx
47732,xxx
47733,ра́зины
47734,разли́в
47735,xxx
47736,xxx
47737,xxx
47738,xxx
47739,разлажѣни́а
47740,xxx
47741,xxx
47742,xxx
47743,xxx
47744,разма́хамъ
47745,xxx
47746,xxx
47747,xxx
47748,xxx
47749,xxx
47750,xxx
47751,xxx
47752,ра́знагласиу
47753,xxx
47754,xxx
47755,ра́знасътьми
47756,разарениы́
47757,xxx
47758,xxx
47759,xxx
47760,xxx
47761,xxx
47762,разрабатьцѫ́
47763,xxx
47764,xxx
47765,xxx
47766,xxx
47767,разрухы́
47768,xxx
47769,xxx
47770,xxx
47771,xxx
47772,xxx
47773,xxx
47774,xxx
47775,xxx
47776,xxx
47777,xxx
47778,xxx
47779,xxx
47780,разрыво́мъ
47781,xxx
47782,xxx
47783,xxx
47784,xxx
47785,xxx
47786,xxx
47787,xxx
47788,xxx
47789,xxx
47790,xxx
47791,xxx
47792,xxx
47793,xxx
47794,xxx
47795,xxx
47796,xxx
47797,xxx
47798,xxx
47799,разъе́зъдъ
47800,xxx
47801,xxx
47802,разъё́мѣ
47803,xxx
47804,xxx
47805,xxx
47806,xxx
47807,разъясненио́мь
47808,xxx
47809,раи́сы
47810,xxx
47811,райко́ми
47812,xxx
47813,xxx
47814,xxx
47815,ра́йцентрѣхъ
47816,xxx
47817,xxx
47818,xxx
47819,xxx
47820,xxx
47821,xxx
47822,раки́ты
47823,ракитѣ́
47824,ракиты́
47825,xxx
47826,xxx
47827,xxx
47828,xxx
47829,ра́мэн
47830,ра́мэнамъ
47831,xxx
47832,xxx
47833,xxx
47834,xxx
47835,xxx
47836,xxx
47837,xxx
47838,ра́пирами
47839,xxx
47840,xxx
47841,xxx
47842,xxx
47843,xxx
47844,xxx
47845,xxx
47846,xxx
47847,xxx
47848,раси́сътѣ
47849,xxx
47850,раскатѣ́хъ
47851,раскаяни́а
47852,xxx
47853,xxx
47854,раскаяни́амъ
47855,xxx
47856,xxx
47857,xxx
47858,xxx
47859,xxx
47860,xxx
47861,xxx
47862,xxx
47863,xxx
47864,xxx
47865,xxx
47866,xxx
47867,xxx
47868,xxx
47869,xxx
47870,xxx
47871,xxx
47872,xxx
47873,xxx
47874,xxx
47875,xxx
47876,xxx
47877,xxx
47878,xxx
47879,xxx
47880,xxx
47881,xxx
47882,xxx
47883,xxx
47884,xxx
47885,распазнавани́
47886,xxx
47887,ра́сплажениѣ
47888,ра́сплажени
47889,xxx
47890,xxx
47891,xxx
47892,xxx
47893,xxx
47894,xxx
47895,xxx
47896,распрастранени́ѣ
47897,xxx
47898,xxx
47899,xxx
47900,xxx
47901,xxx
47902,xxx
47903,xxx
47904,ра́спятиа
47905,ра́спятиамь
47906,xxx
47907,xxx
47908,xxx
47909,xxx
47910,ра́ссадами
47911,xxx
47912,xxx
47913,рассеяни́
47914,xxx
47915,xxx
47916,xxx
47917,xxx
47918,xxx
47919,xxx
47920,xxx
47921,xxx
47922,xxx
47923,xxx
47924,ра́ссальницамъ
47925,расставани́а
47926,xxx
47927,xxx
47928,xxx
47929,xxx
47930,xxx
47931,ра́сстыкавьцахъ
47932,xxx
47933,рассуждени́а
47934,ра́ссуждени
47935,xxx
47936,xxx
47937,xxx
47938,xxx
47939,ра́стеры
47940,xxx
47941,расте́ры
47942,xxx
47943,xxx
47944,xxx
47945,xxx
47946,xxx
47947,xxx
47948,xxx
47949,xxx
47950,ра́стратѣ
47951,xxx
47952,xxx
47953,xxx
47954,xxx
47955,xxx
47956,xxx
47957,xxx
47958,xxx
47959,xxx
47960,xxx
47961,расхадаме́ри
47962,расхаждени́ѣ
47963,xxx
47964,xxx
47965,xxx
47966,xxx
47967,xxx
47968,xxx
47969,xxx
47970,xxx
47971,xxx
47972,xxx
47973,xxx
47974,xxx
47975,xxx
47976,xxx
47977,xxx
47978,xxx
47979,xxx
47980,xxx
47981,xxx
47982,xxx
47983,xxx
47984,xxx
47985,xxx
47986,xxx
47987,xxx
47988,рацианализаци́ами
47989,xxx
47990,xxx
47991,xxx
47992,xxx
47993,xxx
47994,xxx
47995,xxx
47996,xxx
47997,xxx
47998,рашпи́ли
47999,xxx
48000,xxx
48001,xxx
48002,xxx
48003,xxx
48004,xxx
48005,xxx
48006,xxx
48007,xxx
48008,xxx
48009,xxx
48010,xxx
48011,xxx
48012,xxx
48013,xxx
48014,xxx
48015,реагенты́
48016,xxx
48017,xxx
48018,реакто́р
48019,xxx
48020,xxx
48021,xxx
48022,xxx
48023,xxx
48024,xxx
48025,xxx
48026,xxx
48027,реалы́
48028,xxx
48029,xxx
48030,xxx
48031,xxx
48032,xxx
48033,xxx
48034,xxx
48035,xxx
48036,xxx
48037,xxx
48038,xxx
48039,xxx
48040,xxx
48041,xxx
48042,xxx
48043,xxx
48044,xxx
48045,xxx
48046,xxx
48047,xxx
48048,xxx
48049,xxx
48050,xxx
48051,xxx
48052,xxx
48053,xxx
48054,xxx
48055,xxx
48056,рѣгѣ́нту
48057,регентство́
48058,xxx
48059,xxx
48060,xxx
48061,xxx
48062,xxx
48063,xxx
48064,xxx
48065,рѣгистрираванио́мь
48066,xxx
48067,xxx
48068,ре́гистрѣхъ
48069,xxx
48070,xxx
48071,xxx
48072,xxx
48073,xxx
48074,xxx
48075,xxx
48076,регулятарѣ́
48077,xxx
48078,xxx
48079,регуляци́а
48080,xxx
48081,xxx
48082,xxx
48083,xxx
48084,xxx
48085,рѣдкасъти́
48086,xxx
48087,xxx
48088,режи́му
48089,xxx
48090,xxx
48091,xxx
48092,xxx
48093,xxx
48094,xxx
48095,xxx
48096,xxx
48097,xxx
48098,xxx
48099,xxx
48100,xxx
48101,xxx
48102,ре́зецѣхъ
48103,xxx
48104,xxx
48105,xxx
48106,xxx
48107,xxx
48108,xxx
48109,xxx
48110,xxx
48111,xxx
48112,xxx
48113,xxx
48114,xxx
48115,xxx
48116,xxx
48117,xxx
48118,xxx
48119,xxx
48120,xxx
48121,рейсфедеро́мъ
48122,рейсши́ны
48123,xxx
48124,рѣ́йьсъ
48125,xxx
48126,xxx
48127,xxx
48128,xxx
48129,xxx
48130,xxx
48131,xxx
48132,xxx
48133,xxx
48134,xxx
48135,xxx
48136,xxx
48137,xxx
48138,xxx
48139,xxx
48140,xxx
48141,рекардерѣ́
48142,xxx
48143,xxx
48144,xxx
48145,xxx
48146,xxx
48147,xxx
48148,релевантно́съти
48149,xxx
48150,xxx
48151,рѣ́лизиазнасъти
48152,xxx
48153,xxx
48154,xxx
48155,xxx
48156,xxx
48157,xxx
48158,xxx
48159,xxx
48160,xxx
48161,xxx
48162,xxx
48163,рѣльѣ́ф
48164,xxx
48165,xxx
48166,xxx
48167,xxx
48168,xxx
48169,xxx
48170,xxx
48171,xxx
48172,xxx
48173,xxx
48174,xxx
48175,xxx
48176,xxx
48177,xxx
48178,xxx
48179,xxx
48180,xxx
48181,xxx
48182,xxx
48183,xxx
48184,xxx
48185,xxx
48186,xxx
48187,xxx
48188,xxx
48189,xxx
48190,xxx
48191,xxx
48192,xxx
48193,xxx
48194,рѣнтгѣнаграммы́
48195,xxx
48196,xxx
48197,xxx
48198,xxx
48199,репе́
48200,xxx
48201,рѣпѣртуа́ру
48202,репетитару́
48203,xxx
48204,xxx
48205,xxx
48206,xxx
48207,xxx
48208,xxx
48209,xxx
48210,репи́цахъ
48211,xxx
48212,xxx
48213,xxx
48214,xxx
48215,xxx
48216,xxx
48217,xxx
48218,рѣпартёры́
48219,xxx
48220,xxx
48221,xxx
48222,xxx
48223,xxx
48224,xxx
48225,xxx
48226,xxx
48227,xxx
48228,xxx
48229,xxx
48230,xxx
48231,xxx
48232,xxx
48233,xxx
48234,xxx
48235,xxx
48236,репутаци́ѣ
48237,xxx
48238,xxx
48239,xxx
48240,xxx
48241,xxx
48242,респиратару́
48243,xxx
48244,xxx
48245,xxx
48246,xxx
48247,xxx
48248,xxx
48249,xxx
48250,xxx
48251,xxx
48252,xxx
48253,рѣструктуризациы́
48254,xxx
48255,xxx
48256,xxx
48257,xxx
48258,xxx
48259,ре́тины
48260,xxx
48261,xxx
48262,рѣ́тушь
48263,xxx
48264,xxx
48265,xxx
48266,xxx
48267,xxx
48268,xxx
48269,xxx
48270,xxx
48271,xxx
48272,xxx
48273,xxx
48274,xxx
48275,xxx
48276,xxx
48277,xxx
48278,xxx
48279,xxx
48280,xxx
48281,xxx
48282,xxx
48283,xxx
48284,рефармираваниѣ́
48285,рефармиравани́амъ
48286,xxx
48287,xxx
48288,ре́френу
48289,xxx
48290,xxx
48291,xxx
48292,xxx
48293,xxx
48294,xxx
48295,xxx
48296,xxx
48297,xxx
48298,xxx
48299,xxx
48300,xxx
48301,xxx
48302,xxx
48303,xxx
48304,xxx
48305,ре́цидивѣхъ
48306,xxx
48307,xxx
48308,xxx
48309,xxx
48310,xxx
48311,xxx
48312,xxx
48313,xxx
48314,xxx
48315,xxx
48316,xxx
48317,xxx
48318,xxx
48319,xxx
48320,xxx
48321,xxx
48322,xxx
48323,рё́вѫ
48324,рже́витянину
48325,xxx
48326,xxx
48327,xxx
48328,риа́лы
48329,ри́алѣхъ
48330,xxx
48331,xxx
48332,ризѣ́льмъ
48333,xxx
48334,xxx
48335,ризници́
48336,xxx
48337,xxx
48338,xxx
48339,xxx
48340,ри́ньза
48341,xxx
48342,xxx
48343,xxx
48344,xxx
48345,рисавани́а
48346,xxx
48347,xxx
48348,xxx
48349,ри́тми
48350,xxx
48351,xxx
48352,xxx
48353,xxx
48354,ритуалѣ́
48355,xxx
48356,xxx
48357,ри́фы
48358,риэлтѣ́рамь
48359,ри́элтѣрѣхъ
48360,xxx
48361,ро́бы
48362,xxx
48363,xxx
48364,рабо́тѣ
48365,xxx
48366,xxx
48367,xxx
48368,рага́ч
48369,xxx
48370,xxx
48371,xxx
48372,xxx
48373,xxx
48374,xxx
48375,xxx
48376,xxx
48377,xxx
48378,xxx
48379,xxx
48380,xxx
48381,xxx
48382,xxx
48383,xxx
48384,xxx
48385,ро́днахъ
48386,xxx
48387,xxx
48388,xxx
48389,xxx
48390,xxx
48391,xxx
48392,xxx
48393,xxx
48394,xxx
48395,xxx
48396,xxx
48397,xxx
48398,ражо́ю
48399,ро́жѣ
48400,xxx
48401,xxx
48402,xxx
48403,xxx
48404,xxx
48405,xxx
48406,xxx
48407,xxx
48408,xxx
48409,xxx
48410,xxx
48411,xxx
48412,xxx
48413,xxx
48414,xxx
48415,xxx
48416,xxx
48417,xxx
48418,xxx
48419,xxx
48420,xxx
48421,xxx
48422,xxx
48423,xxx
48424,xxx
48425,xxx
48426,xxx
48427,xxx
48428,xxx
48429,xxx
48430,xxx
48431,xxx
48432,xxx
48433,xxx
48434,xxx
48435,ро́мба
48436,xxx
48437,xxx
48438,xxx
48439,xxx
48440,ро́патѣхъ
48441,xxx
48442,xxx
48443,xxx
48444,xxx
48445,xxx
48446,xxx
48447,xxx
48448,xxx
48449,xxx
48450,xxx
48451,xxx
48452,xxx
48453,xxx
48454,xxx
48455,xxx
48456,xxx
48457,xxx
48458,xxx
48459,xxx
48460,раставщицо́ю
48461,xxx
48462,xxx
48463,xxx
48464,xxx
48465,xxx
48466,xxx
48467,xxx
48468,xxx
48469,xxx
48470,xxx
48471,xxx
48472,xxx
48473,ратари́
48474,xxx
48475,xxx
48476,xxx
48477,xxx
48478,xxx
48479,xxx
48480,xxx
48481,xxx
48482,xxx
48483,рубинѣ́хъ
48484,рубли́шьца
48485,xxx
48486,рубри́ца
48487,рубрица́мъ
48488,xxx
48489,xxx
48490,рудиме́нтъ
48491,xxx
48492,xxx
48493,ру́дница
48494,xxx
48495,xxx
48496,xxx
48497,xxx
48498,xxx
48499,xxx
48500,xxx
48501,xxx
48502,ру́ккалы
48503,xxx
48504,xxx
48505,ру́ккал
48506,рукко́ламъ
48507,xxx
48508,xxx
48509,xxx
48510,xxx
48511,xxx
48512,xxx
48513,xxx
48514,xxx
48515,рукаво́дствѣ
48516,xxx
48517,xxx
48518,xxx
48519,xxx
48520,xxx
48521,xxx
48522,xxx
48523,xxx
48524,xxx
48525,xxx
48526,xxx
48527,xxx
48528,xxx
48529,xxx
48530,xxx
48531,рукаяти́
48532,xxx
48533,ру́леты
48534,xxx
48535,xxx
48536,xxx
48537,xxx
48538,румянѣ́ци
48539,xxx
48540,xxx
48541,xxx
48542,xxx
48543,xxx
48544,xxx
48545,xxx
48546,xxx
48547,xxx
48548,ру́пар
48549,xxx
48550,xxx
48551,xxx
48552,xxx
48553,xxx
48554,xxx
48555,xxx
48556,xxx
48557,xxx
48558,xxx
48559,xxx
48560,xxx
48561,xxx
48562,ру́сла
48563,xxx
48564,xxx
48565,xxx
48566,xxx
48567,xxx
48568,xxx
48569,xxx
48570,xxx
48571,русто́вьци
48572,пре́градѣ
48573,xxx
48574,xxx
48575,xxx
48576,xxx
48577,xxx
48578,xxx
48579,xxx
48580,xxx
48581,ру́шанина
48582,рушани́н
48583,xxx
48584,xxx
48585,xxx
48586,xxx
48587,xxx
48588,xxx
48589,xxx
48590,xxx
48591,xxx
48592,рушницѣ́хъ
48593,xxx
48594,xxx
48595,xxx
48596,xxx
48597,xxx
48598,xxx
48599,xxx
48600,рыба́рии
48601,xxx
48602,xxx
48603,xxx
48604,xxx
48605,xxx
48606,xxx
48607,xxx
48608,xxx
48609,xxx
48610,ры́блавствъ
48611,xxx
48612,xxx
48613,рывако́мь
48614,xxx
48615,xxx
48616,xxx
48617,xxx
48618,xxx
48619,xxx
48620,xxx
48621,xxx
48622,xxx
48623,xxx
48624,xxx
48625,xxx
48626,xxx
48627,рыца́рьмъ
48628,xxx
48629,xxx
48630,xxx
48631,xxx
48632,xxx
48633,xxx
48634,xxx
48635,xxx
48636,xxx
48637,xxx
48638,рябино́вьци
48639,xxx
48640,xxx
48641,xxx
48642,xxx
48643,xxx
48644,xxx
48645,xxx
48646,саванѣ́хъ
48647,xxx
48648,xxx
48649,садица́
48650,садицу́
48651,садицѣ́
48652,xxx
48653,xxx
48654,xxx
48655,xxx
48656,xxx
48657,xxx
48658,xxx
48659,xxx
48660,xxx
48661,xxx
48662,xxx
48663,xxx
48664,xxx
48665,xxx
48666,xxx
48667,xxx
48668,xxx
48669,xxx
48670,саксафани́съту
48671,са́ксафанисътъ
48672,саксафанисъты́
48673,а́втаматѣ
48674,xxx
48675,xxx
48676,сала́га
48677,xxx
48678,xxx
48679,xxx
48680,xxx
48681,xxx
48682,xxx
48683,xxx
48684,xxx
48685,xxx
48686,xxx
48687,xxx
48688,xxx
48689,xxx
48690,xxx
48691,xxx
48692,xxx
48693,салатапно́ю
48694,салатапны́
48695,салато́пнъ
48696,xxx
48697,xxx
48698,xxx
48699,xxx
48700,xxx
48701,xxx
48702,xxx
48703,xxx
48704,xxx
48705,xxx
48706,xxx
48707,xxx
48708,xxx
48709,xxx
48710,сама́ну
48711,xxx
48712,самаритяни́н
48713,xxx
48714,xxx
48715,xxx
48716,xxx
48717,xxx
48718,xxx
48719,xxx
48720,xxx
48721,xxx
48722,xxx
48723,xxx
48724,xxx
48725,xxx
48726,xxx
48727,xxx
48728,xxx
48729,самадеятельнасъти́
48730,xxx
48731,xxx
48732,xxx
48733,xxx
48734,xxx
48735,xxx
48736,xxx
48737,xxx
48738,xxx
48739,xxx
48740,xxx
48741,xxx
48742,xxx
48743,xxx
48744,xxx
48745,xxx
48746,са́малёт-заправщицамъ
48747,xxx
48748,xxx
48749,xxx
48750,xxx
48751,xxx
48752,xxx
48753,xxx
48754,самаабладаниа́
48755,xxx
48756,xxx
48757,xxx
48758,са́маарганизациы
48759,самаарганизаци́ѫ
48760,xxx
48761,xxx
48762,xxx
48763,xxx
48764,xxx
48765,xxx
48766,xxx
48767,xxx
48768,xxx
48769,xxx
48770,xxx
48771,xxx
48772,самапаѣданиѣ́хъ
48773,самасвалѣ́хъ
48774,xxx
48775,xxx
48776,xxx
48777,xxx
48778,xxx
48779,xxx
48780,xxx
48781,xxx
48782,xxx
48783,xxx
48784,xxx
48785,xxx
48786,xxx
48787,xxx
48788,xxx
48789,xxx
48790,xxx
48791,xxx
48792,xxx
48793,xxx
48794,xxx
48795,xxx
48796,xxx
48797,xxx
48798,xxx
48799,xxx
48800,xxx
48801,xxx
48802,xxx
48803,xxx
48804,xxx
48805,xxx
48806,са́мачувствиу
48807,xxx
48808,xxx
48809,xxx
48810,сангвини́ц
48811,xxx
48812,xxx
48813,xxx
48814,сандали́ѣ
48815,xxx
48816,сандви́ч
48817,xxx
48818,xxx
48819,xxx
48820,xxx
48821,xxx
48822,са́нитар
48823,xxx
48824,xxx
48825,xxx
48826,xxx
48827,xxx
48828,xxx
48829,xxx
48830,xxx
48831,xxx
48832,са́псана
48833,сапѫ́на
48834,xxx
48835,xxx
48836,xxx
48837,xxx
48838,xxx
48839,xxx
48840,xxx
48841,xxx
48842,xxx
48843,xxx
48844,xxx
48845,xxx
48846,xxx
48847,xxx
48848,xxx
48849,xxx
48850,xxx
48851,xxx
48852,xxx
48853,xxx
48854,xxx
48855,xxx
48856,сахари́д
48857,xxx
48858,xxx
48859,xxx
48860,сахарни́цѣ
48861,xxx
48862,xxx
48863,xxx
48864,xxx
48865,сбрѣ́жениа
48866,xxx
48867,xxx
48868,сбли́жениѣхъ
48869,xxx
48870,xxx
48871,xxx
48872,xxx
48873,xxx
48874,xxx
48875,xxx
48876,сбарна́амъ
48877,xxx
48878,xxx
48879,xxx
48880,xxx
48881,xxx
48882,xxx
48883,xxx
48884,xxx
48885,xxx
48886,xxx
48887,свата́
48888,xxx
48889,xxx
48890,xxx
48891,xxx
48892,xxx
48893,свеже́съть
48894,xxx
48895,xxx
48896,xxx
48897,све́жесъти
48898,xxx
48899,xxx
48900,xxx
48901,xxx
48902,xxx
48903,xxx
48904,xxx
48905,свержениѣ́хъ
48906,xxx
48907,xxx
48908,xxx
48909,xxx
48910,xxx
48911,xxx
48912,xxx
48913,xxx
48914,xxx
48915,сверстни́ца
48916,xxx
48917,xxx
48918,xxx
48919,xxx
48920,xxx
48921,xxx
48922,xxx
48923,xxx
48924,xxx
48925,xxx
48926,xxx
48927,xxx
48928,xxx
48929,xxx
48930,xxx
48931,xxx
48932,све́тлячакамь
48933,xxx
48934,све́татехници
48935,свѣтафо́рамь
48936,xxx
48937,свѣчѣ́чьци
48938,све́чьцъ
48939,xxx
48940,xxx
48941,свёрто́ки
48942,xxx
48943,xxx
48944,xxx
48945,свинарни́ца
48946,свина́рнахъ
48947,xxx
48948,xxx
48949,xxx
48950,xxx
48951,xxx
48952,xxx
48953,xxx
48954,xxx
48955,xxx
48956,xxx
48957,свиты́
48958,xxx
48959,xxx
48960,xxx
48961,xxx
48962,xxx
48963,xxx
48964,xxx
48965,xxx
48966,xxx
48967,xxx
48968,сво́днами
48969,xxx
48970,сво́ду
48971,xxx
48972,xxx
48973,xxx
48974,xxx
48975,xxx
48976,xxx
48977,xxx
48978,xxx
48979,xxx
48980,xxx
48981,xxx
48982,священни́ц
48983,xxx
48984,xxx
48985,xxx
48986,xxx
48987,xxx
48988,xxx
48989,xxx
48990,xxx
48991,xxx
48992,xxx
48993,xxx
48994,xxx
48995,xxx
48996,xxx
48997,xxx
48998,xxx
48999,xxx
49000,xxx
49001,xxx
49002,сѣ́вѣрянину
49003,xxx
49004,xxx
49005,xxx
49006,xxx
49007,xxx
49008,xxx
49009,xxx
49010,xxx
49011,xxx
49012,xxx
49013,сѣ́дакѣ
49014,сѣ́дакѣхъ
49015,xxx
49016,xxx
49017,xxx
49018,xxx
49019,xxx
49020,xxx
49021,xxx
49022,xxx
49023,xxx
49024,сейфы́
49025,xxx
49026,xxx
49027,xxx
49028,xxx
49029,xxx
49030,xxx
49031,xxx
49032,xxx
49033,сексапило́чьци
49034,xxx
49035,xxx
49036,се́ксисътѣ
49037,xxx
49038,xxx
49039,xxx
49040,се́кс-шапа
49041,xxx
49042,xxx
49043,секс-шо́пы
49044,секто́р
49045,xxx
49046,xxx
49047,xxx
49048,xxx
49049,xxx
49050,xxx
49051,селезе́ни
49052,xxx
49053,xxx
49054,xxx
49055,xxx
49056,xxx
49057,xxx
49058,xxx
49059,селе́ну
49060,се́лен
49061,xxx
49062,xxx
49063,xxx
49064,сѣльсавѣту́
49065,xxx
49066,xxx
49067,xxx
49068,xxx
49069,xxx
49070,xxx
49071,xxx
49072,xxx
49073,xxx
49074,xxx
49075,xxx
49076,xxx
49077,xxx
49078,xxx
49079,xxx
49080,xxx
49081,xxx
49082,xxx
49083,xxx
49084,xxx
49085,сѣмѣнадала́хъ
49086,xxx
49087,xxx
49088,xxx
49089,семе́стрѣхъ
49090,xxx
49091,xxx
49092,xxx
49093,xxx
49094,xxx
49095,xxx
49096,xxx
49097,xxx
49098,xxx
49099,xxx
49100,xxx
49101,xxx
49102,xxx
49103,xxx
49104,xxx
49105,се́натары
49106,xxx
49107,xxx
49108,сенешали́
49109,xxx
49110,сенеша́льхъ
49111,xxx
49112,xxx
49113,xxx
49114,xxx
49115,инама́рьцъ
49116,се́паратисъти
49117,xxx
49118,xxx
49119,сѣрбияни́н
49120,сѣ́рбиянинамь
49121,сербьцо́ю
49122,xxx
49123,xxx
49124,xxx
49125,xxx
49126,xxx
49127,xxx
49128,xxx
49129,xxx
49130,xxx
49131,срѣбрени́ци
49132,срѣнады́
49133,xxx
49134,xxx
49135,xxx
49136,серёжьца́хъ
49137,xxx
49138,сержа́нтѣ
49139,сержа́нтамъ
49140,xxx
49141,xxx
49142,xxx
49143,xxx
49144,xxx
49145,xxx
49146,xxx
49147,xxx
49148,xxx
49149,xxx
49150,xxx
49151,xxx
49152,серьёзно́сътьми
49153,xxx
49154,xxx
49155,xxx
49156,xxx
49157,xxx
49158,xxx
49159,xxx
49160,xxx
49161,xxx
49162,xxx
49163,xxx
49164,xxx
49165,xxx
49166,xxx
49167,xxx
49168,xxx
49169,се́ттера
49170,xxx
49171,xxx
49172,xxx
49173,xxx
49174,xxx
49175,xxx
49176,xxx
49177,xxx
49178,xxx
49179,xxx
49180,xxx
49181,xxx
49182,xxx
49183,xxx
49184,xxx
49185,xxx
49186,сиве́рьца
49187,xxx
49188,си́верьцамь
49189,xxx
49190,xxx
49191,си́зарѣ
49192,xxx
49193,xxx
49194,xxx
49195,xxx
49196,xxx
49197,xxx
49198,сидени́а
49199,сидени́
49200,xxx
49201,xxx
49202,xxx
49203,силици́
49204,xxx
49205,xxx
49206,xxx
49207,xxx
49208,xxx
49209,xxx
49210,силуэ́тѣхъ
49211,xxx
49212,xxx
49213,xxx
49214,xxx
49215,xxx
49216,xxx
49217,xxx
49218,xxx
49219,си́мпазиума
49220,xxx
49221,xxx
49222,xxx
49223,xxx
49224,xxx
49225,xxx
49226,xxx
49227,xxx
49228,xxx
49229,xxx
49230,xxx
49231,xxx
49232,xxx
49233,xxx
49234,синдро́м
49235,xxx
49236,xxx
49237,xxx
49238,xxx
49239,синко́п
49240,xxx
49241,xxx
49242,xxx
49243,xxx
49244,xxx
49245,xxx
49246,xxx
49247,xxx
49248,xxx
49249,си́нтагмѫ
49250,xxx
49251,xxx
49252,xxx
49253,xxx
49254,xxx
49255,xxx
49256,xxx
49257,xxx
49258,xxx
49259,xxx
49260,xxx
49261,xxx
49262,xxx
49263,xxx
49264,xxx
49265,си́ру
49266,xxx
49267,xxx
49268,xxx
49269,xxx
49270,xxx
49271,xxx
49272,xxx
49273,xxx
49274,xxx
49275,xxx
49276,xxx
49277,xxx
49278,xxx
49279,xxx
49280,xxx
49281,сиянио́
49282,xxx
49283,xxx
49284,xxx
49285,xxx
49286,xxx
49287,сиятельствѣ́
49288,xxx
49289,xxx
49290,xxx
49291,xxx
49292,xxx
49293,xxx
49294,xxx
49295,xxx
49296,xxx
49297,xxx
49298,xxx
49299,xxx
49300,xxx
49301,xxx
49302,xxx
49303,скаляриѣ́
49304,xxx
49305,xxx
49306,xxx
49307,xxx
49308,xxx
49309,xxx
49310,xxx
49311,xxx
49312,xxx
49313,xxx
49314,xxx
49315,xxx
49316,xxx
49317,xxx
49318,xxx
49319,сканда́л
49320,xxx
49321,xxx
49322,xxx
49323,xxx
49324,xxx
49325,xxx
49326,xxx
49327,xxx
49328,xxx
49329,xxx
49330,xxx
49331,xxx
49332,xxx
49333,xxx
49334,xxx
49335,скау́та
49336,xxx
49337,xxx
49338,xxx
49339,xxx
49340,xxx
49341,xxx
49342,xxx
49343,xxx
49344,xxx
49345,xxx
49346,xxx
49347,xxx
49348,сква́жины
49349,скважина́хъ
49350,xxx
49351,xxx
49352,xxx
49353,xxx
49354,xxx
49355,xxx
49356,xxx
49357,xxx
49358,xxx
49359,скварѣ́чнъ
49360,скво́ттера
49361,xxx
49362,xxx
49363,скейтбарду́
49364,xxx
49365,xxx
49366,xxx
49367,скинхеды́
49368,скипе́тры
49369,xxx
49370,xxx
49371,xxx
49372,xxx
49373,xxx
49374,xxx
49375,xxx
49376,xxx
49377,xxx
49378,xxx
49379,скла́дьцъ
49380,xxx
49381,xxx
49382,xxx
49383,xxx
49384,xxx
49385,xxx
49386,xxx
49387,xxx
49388,xxx
49389,xxx
49390,xxx
49391,xxx
49392,xxx
49393,xxx
49394,xxx
49395,xxx
49396,xxx
49397,xxx
49398,скальжѣни́а
49399,скальжѣнио́мь
49400,ско́льжѣниѣхъ
49401,xxx
49402,xxx
49403,xxx
49404,xxx
49405,xxx
49406,xxx
49407,xxx
49408,xxx
49409,xxx
49410,xxx
49411,xxx
49412,xxx
49413,xxx
49414,xxx
49415,xxx
49416,xxx
49417,xxx
49418,xxx
49419,xxx
49420,xxx
49421,xxx
49422,ско́рпиан
49423,xxx
49424,скати́нѣ
49425,скрепе́р
49426,xxx
49427,xxx
49428,xxx
49429,xxx
49430,xxx
49431,xxx
49432,xxx
49433,xxx
49434,xxx
49435,xxx
49436,xxx
49437,xxx
49438,xxx
49439,xxx
49440,скрупулёзнасъти́
49441,xxx
49442,xxx
49443,xxx
49444,скульпто́ры
49445,xxx
49446,xxx
49447,xxx
49448,xxx
49449,xxx
49450,xxx
49451,xxx
49452,xxx
49453,xxx
49454,xxx
49455,xxx
49456,xxx
49457,xxx
49458,xxx
49459,слави́сътъ
49460,сла́висъту
49461,сбе́ркнижьцъ
49462,слави́съты
49463,сла́вянини
49464,xxx
49465,xxx
49466,xxx
49467,xxx
49468,сла́йда
49469,xxx
49470,сла́неци
49471,xxx
49472,xxx
49473,xxx
49474,xxx
49475,xxx
49476,xxx
49477,xxx
49478,xxx
49479,xxx
49480,xxx
49481,xxx
49482,xxx
49483,xxx
49484,слито́камь
49485,xxx
49486,xxx
49487,xxx
49488,xxx
49489,xxx
49490,xxx
49491,xxx
49492,xxx
49493,xxx
49494,xxx
49495,xxx
49496,xxx
49497,xxx
49498,xxx
49499,xxx
49500,славечьцу́
49501,славе́чьца
49502,xxx
49503,xxx
49504,xxx
49505,xxx
49506,xxx
49507,xxx
49508,xxx
49509,сло́валитнъ
49510,славаабразаваниа́
49511,xxx
49512,xxx
49513,xxx
49514,xxx
49515,xxx
49516,xxx
49517,xxx
49518,xxx
49519,xxx
49520,xxx
49521,xxx
49522,xxx
49523,сло́му
49524,xxx
49525,xxx
49526,xxx
49527,xxx
49528,xxx
49529,xxx
49530,xxx
49531,xxx
49532,xxx
49533,xxx
49534,xxx
49535,xxx
49536,xxx
49537,xxx
49538,xxx
49539,xxx
49540,случившѣѣсѣ́
49541,слушани́
49542,слушанио́мъ
49543,xxx
49544,xxx
49545,xxx
49546,xxx
49547,xxx
49548,xxx
49549,xxx
49550,xxx
49551,xxx
49552,xxx
49553,xxx
49554,xxx
49555,xxx
49556,xxx
49557,xxx
49558,смалѣ́цѣхъ
49559,сма́льтамъ
49560,смара́гъдѣ
49561,xxx
49562,xxx
49563,xxx
49564,xxx
49565,xxx
49566,xxx
49567,xxx
49568,xxx
49569,xxx
49570,xxx
49571,xxx
49572,xxx
49573,xxx
49574,сме́та
49575,xxx
49576,смѣшо́кы
49577,xxx
49578,xxx
49579,сми́рѣниа
49580,xxx
49581,xxx
49582,xxx
49583,xxx
49584,xxx
49585,xxx
49586,смлакурна́
49587,смлакурнѫ́
49588,xxx
49589,xxx
49590,xxx
49591,xxx
49592,xxx
49593,xxx
49594,xxx
49595,xxx
49596,xxx
49597,xxx
49598,xxx
49599,xxx
49600,xxx
49601,xxx
49602,xxx
49603,xxx
49604,смычо́кы
49605,xxx
49606,xxx
49607,xxx
49608,xxx
49609,xxx
49610,xxx
49611,xxx
49612,xxx
49613,xxx
49614,xxx
49615,xxx
49616,xxx
49617,xxx
49618,xxx
49619,xxx
49620,xxx
49621,xxx
49622,xxx
49623,xxx
49624,xxx
49625,xxx
49626,xxx
49627,xxx
49628,xxx
49629,xxx
49630,xxx
49631,xxx
49632,xxx
49633,xxx
49634,xxx
49635,xxx
49636,xxx
49637,xxx
49638,xxx
49639,xxx
49640,снимаку́
49641,xxx
49642,xxx
49643,xxx
49644,xxx
49645,xxx
49646,xxx
49647,xxx
49648,xxx
49649,xxx
49650,xxx
49651,xxx
49652,xxx
49653,xxx
49654,xxx
49655,xxx
49656,снашени́амь
49657,xxx
49658,xxx
49659,xxx
49660,xxx
49661,сабаче́чьцѫ
49662,xxx
49663,сабачо́ньцахъ
49664,xxx
49665,xxx
49666,xxx
49667,xxx
49668,xxx
49669,сабеседаваниы́
49670,xxx
49671,xxx
49672,xxx
49673,xxx
49674,xxx
49675,xxx
49676,xxx
49677,xxx
49678,xxx
49679,xxx
49680,xxx
49681,xxx
49682,xxx
49683,xxx
49684,xxx
49685,xxx
49686,xxx
49687,xxx
49688,xxx
49689,со́барянинамъ
49690,xxx
49691,xxx
49692,сабра́ньамъ
49693,xxx
49694,xxx
49695,xxx
49696,xxx
49697,xxx
49698,xxx
49699,xxx
49700,xxx
49701,xxx
49702,xxx
49703,xxx
49704,xxx
49705,xxx
49706,xxx
49707,саввла́сътьхъ
49708,савершениа́
49709,xxx
49710,xxx
49711,xxx
49712,xxx
49713,xxx
49714,xxx
49715,xxx
49716,xxx
49717,xxx
49718,xxx
49719,xxx
49720,xxx
49721,xxx
49722,xxx
49723,xxx
49724,xxx
49725,xxx
49726,xxx
49727,xxx
49728,xxx
49729,xxx
49730,xxx
49731,xxx
49732,xxx
49733,савнархазо́мь
49734,xxx
49735,xxx
49736,xxx
49737,xxx
49738,xxx
49739,со́временници
49740,xxx
49741,xxx
49742,xxx
49743,со́вхазы
49744,савхазы́
49745,со́ды
49746,xxx
49747,xxx
49748,xxx
49749,xxx
49750,xxx
49751,xxx
49752,xxx
49753,xxx
49754,xxx
49755,xxx
49756,xxx
49757,xxx
49758,xxx
49759,xxx
49760,xxx
49761,xxx
49762,xxx
49763,xxx
49764,xxx
49765,xxx
49766,xxx
49767,xxx
49768,xxx
49769,xxx
49770,xxx
49771,xxx
49772,xxx
49773,xxx
49774,xxx
49775,xxx
49776,xxx
49777,xxx
49778,xxx
49779,xxx
49780,xxx
49781,xxx
49782,xxx
49783,xxx
49784,xxx
49785,со́йьцахъ
49786,xxx
49787,xxx
49788,xxx
49789,xxx
49790,xxx
49791,xxx
49792,xxx
49793,xxx
49794,xxx
49795,xxx
49796,xxx
49797,xxx
49798,xxx
49799,xxx
49800,xxx
49801,xxx
49802,xxx
49803,xxx
49804,xxx
49805,xxx
49806,xxx
49807,xxx
49808,идеаграммы́
49809,со́леварнѣ
49810,xxx
49811,xxx
49812,xxx
49813,xxx
49814,со́лениѣхъ
49815,салидарнасъта́ми
49816,xxx
49817,xxx
49818,xxx
49819,салнцестаянио́мъ
49820,xxx
49821,xxx
49822,xxx
49823,xxx
49824,слади́льнахъ
49825,сладьцѣ́
49826,xxx
49827,xxx
49828,xxx
49829,xxx
49830,xxx
49831,xxx
49832,xxx
49833,xxx
49834,сланьца́
49835,xxx
49836,xxx
49837,xxx
49838,сла́ньци
49839,xxx
49840,xxx
49841,xxx
49842,xxx
49843,xxx
49844,xxx
49845,xxx
49846,xxx
49847,xxx
49848,xxx
49849,xxx
49850,самнительно́сътьѭ
49851,саната́
49852,xxx
49853,xxx
49854,xxx
49855,xxx
49856,xxx
49857,xxx
49858,санливо́сътьмъ
49859,xxx
49860,xxx
49861,со́абщницамь
49862,xxx
49863,xxx
49864,xxx
49865,xxx
49866,xxx
49867,xxx
49868,xxx
49869,xxx
49870,xxx
49871,xxx
49872,xxx
49873,xxx
49874,xxx
49875,xxx
49876,xxx
49877,xxx
49878,xxx
49879,xxx
49880,xxx
49881,xxx
49882,xxx
49883,xxx
49884,xxx
49885,xxx
49886,xxx
49887,xxx
49888,xxx
49889,xxx
49890,xxx
49891,xxx
49892,xxx
49893,xxx
49894,xxx
49895,xxx
49896,xxx
49897,xxx
49898,xxx
49899,xxx
49900,xxx
49901,xxx
49902,xxx
49903,xxx
49904,xxx
49905,xxx
49906,xxx
49907,xxx
49908,xxx
49909,со́ртъ
49910,сарта́
49911,xxx
49912,xxx
49913,сарты́
49914,со́ртѣхъ
49915,xxx
49916,xxx
49917,xxx
49918,xxx
49919,саседьци́
49920,со́седьцѣ
49921,xxx
49922,xxx
49923,xxx
49924,xxx
49925,xxx
49926,xxx
49927,xxx
49928,сасредатачени́амъ
49929,xxx
49930,xxx
49931,xxx
49932,xxx
49933,xxx
49934,xxx
49935,сасущѣствавани́а
49936,со́сущѣстваваниа
49937,xxx
49938,xxx
49939,xxx
49940,xxx
49941,сатицу́
49942,xxx
49943,xxx
49944,xxx
49945,xxx
49946,xxx
49947,xxx
49948,xxx
49949,xxx
49950,xxx
49951,xxx
49952,xxx
49953,xxx
49954,xxx
49955,xxx
49956,xxx
49957,xxx
49958,xxx
49959,xxx
49960,xxx
49961,xxx
49962,xxx
49963,xxx
49964,xxx
49965,xxx
49966,xxx
49967,xxx
49968,xxx
49969,xxx
49970,xxx
49971,сачельницѣ́хъ
49972,со́чинители
49973,xxx
49974,xxx
49975,xxx
49976,xxx
49977,xxx
49978,xxx
49979,xxx
49980,xxx
49981,xxx
49982,xxx
49983,xxx
49984,xxx
49985,xxx
49986,xxx
49987,xxx
49988,xxx
49989,xxx
49990,xxx
49991,спа́дамъ
49992,спн́ды
49993,xxx
49994,xxx
49995,xxx
49996,xxx
49997,xxx
49998,xxx
49999,xxx
50000,xxx
50001,xxx
50002,xxx
50003,xxx
50004,xxx
50005,xxx
50006,xxx
50007,xxx
50008,xxx
50009,xxx
50010,xxx
50011,xxx
50012,xxx
50013,xxx
50014,xxx
50015,xxx
50016,xxx
50017,xxx
50018,спе́рмы
50019,xxx
50020,xxx
50021,xxx
50022,xxx
50023,xxx
50024,xxx
50025,xxx
50026,xxx
50027,спѣциализациы́
50028,xxx
50029,xxx
50030,xxx
50031,xxx
50032,xxx
50033,спе́цифицациѣ
50034,xxx
50035,xxx
50036,xxx
50037,xxx
50038,xxx
50039,xxx
50040,xxx
50041,xxx
50042,спецна́зѣхъ
50043,xxx
50044,xxx
50045,xxx
50046,спецслужъбы́
50047,xxx
50048,xxx
50049,спидамѣтру́
50050,xxx
50051,xxx
50052,спи́ньци
50053,xxx
50054,xxx
50055,спирто́вьцахъ
50056,xxx
50057,спи́цѫ
50058,xxx
50059,xxx
50060,xxx
50061,xxx
50062,xxx
50063,спле́тнаю
50064,xxx
50065,xxx
50066,xxx
50067,xxx
50068,спличанины́
50069,xxx
50070,xxx
50071,xxx
50072,xxx
50073,xxx
50074,xxx
50075,xxx
50076,xxx
50077,xxx
50078,xxx
50079,xxx
50080,xxx
50081,xxx
50082,xxx
50083,спартза́лу
50084,xxx
50085,xxx
50086,спра́вьцаю
50087,xxx
50088,спринте́рѣхъ
50089,xxx
50090,xxx
50091,xxx
50092,xxx
50093,xxx
50094,xxx
50095,спу́сьци
50096,спутницо́ю
50097,xxx
50098,xxx
50099,спя́чьца
50100,xxx
50101,xxx
50102,xxx
50103,xxx
50104,xxx
50105,xxx
50106,сра́каю
50107,xxx
50108,xxx
50109,xxx
50110,xxx
50111,xxx
50112,xxx
50113,xxx
50114,сра́чѣ
50115,xxx
50116,сра́чѣхъ
50117,xxx
50118,xxx
50119,xxx
50120,xxx
50121,xxx
50122,xxx
50123,xxx
50124,xxx
50125,xxx
50126,xxx
50127,xxx
50128,xxx
50129,xxx
50130,сры́в
50131,сса́кы
50132,xxx
50133,xxx
50134,xxx
50135,xxx
50136,xxx
50137,xxx
50138,xxx
50139,xxx
50140,xxx
50141,xxx
50142,xxx
50143,стайьца́хъ
50144,xxx
50145,xxx
50146,xxx
50147,xxx
50148,xxx
50149,xxx
50150,xxx
50151,xxx
50152,xxx
50153,xxx
50154,xxx
50155,стандартизаци́ѣ
50156,xxx
50157,xxx
50158,xxx
50159,xxx
50160,xxx
50161,xxx
50162,xxx
50163,xxx
50164,ста́ницахъ
50165,xxx
50166,xxx
50167,xxx
50168,xxx
50169,xxx
50170,xxx
50171,xxx
50172,xxx
50173,xxx
50174,xxx
50175,xxx
50176,xxx
50177,xxx
50178,xxx
50179,xxx
50180,xxx
50181,xxx
50182,xxx
50183,xxx
50184,стараа́
50185,ста́рарусѣц
50186,xxx
50187,xxx
50188,xxx
50189,xxx
50190,xxx
50191,xxx
50192,старта́п
50193,xxx
50194,xxx
50195,xxx
50196,xxx
50197,xxx
50198,xxx
50199,xxx
50200,xxx
50201,xxx
50202,xxx
50203,xxx
50204,xxx
50205,xxx
50206,xxx
50207,xxx
50208,xxx
50209,xxx
50210,xxx
50211,xxx
50212,xxx
50213,xxx
50214,xxx
50215,xxx
50216,xxx
50217,стегазаврѣ́хъ
50218,сте́йьца
50219,xxx
50220,xxx
50221,xxx
50222,xxx
50223,xxx
50224,xxx
50225,xxx
50226,xxx
50227,xxx
50228,xxx
50229,xxx
50230,xxx
50231,xxx
50232,xxx
50233,xxx
50234,xxx
50235,xxx
50236,стенагра́ммѣ
50237,xxx
50238,xxx
50239,xxx
50240,xxx
50241,xxx
50242,xxx
50243,xxx
50244,xxx
50245,степле́ры
50246,стервѣ́
50247,xxx
50248,xxx
50249,стрѣалупѣ́
50250,xxx
50251,xxx
50252,xxx
50253,xxx
50254,xxx
50255,xxx
50256,xxx
50257,xxx
50258,xxx
50259,xxx
50260,xxx
50261,xxx
50262,xxx
50263,xxx
50264,xxx
50265,xxx
50266,xxx
50267,xxx
50268,xxx
50269,xxx
50270,xxx
50271,xxx
50272,xxx
50273,xxx
50274,xxx
50275,xxx
50276,xxx
50277,xxx
50278,xxx
50279,xxx
50280,xxx
50281,xxx
50282,xxx
50283,xxx
50284,xxx
50285,xxx
50286,xxx
50287,xxx
50288,xxx
50289,xxx
50290,стиси́ѣ
50291,стисатварени́амъ
50292,xxx
50293,xxx
50294,xxx
50295,xxx
50296,xxx
50297,xxx
50298,xxx
50299,xxx
50300,xxx
50301,xxx
50302,xxx
50303,xxx
50304,xxx
50305,xxx
50306,xxx
50307,xxx
50308,xxx
50309,сталицу́
50310,xxx
50311,стланачальницѣ́
50312,xxx
50313,сталя́р
50314,xxx
50315,xxx
50316,xxx
50317,xxx
50318,xxx
50319,xxx
50320,xxx
50321,xxx
50322,xxx
50323,xxx
50324,xxx
50325,xxx
50326,xxx
50327,xxx
50328,xxx
50329,xxx
50330,xxx
50331,xxx
50332,xxx
50333,xxx
50334,xxx
50335,xxx
50336,xxx
50337,мечтатели́
50338,xxx
50339,xxx
50340,xxx
50341,xxx
50342,xxx
50343,xxx
50344,xxx
50345,xxx
50346,xxx
50347,xxx
50348,xxx
50349,xxx
50350,xxx
50351,xxx
50352,xxx
50353,xxx
50354,xxx
50355,xxx
50356,xxx
50357,xxx
50358,xxx
50359,xxx
50360,xxx
50361,xxx
50362,xxx
50363,xxx
50364,xxx
50365,xxx
50366,xxx
50367,xxx
50368,xxx
50369,xxx
50370,xxx
50371,xxx
50372,xxx
50373,xxx
50374,xxx
50375,xxx
50376,стрѣла́
50377,xxx
50378,стрѣ́лы
50379,xxx
50380,xxx
50381,xxx
50382,xxx
50383,xxx
50384,xxx
50385,xxx
50386,xxx
50387,xxx
50388,xxx
50389,xxx
50390,xxx
50391,xxx
50392,стре́съсѣхъ
50393,xxx
50394,xxx
50395,xxx
50396,xxx
50397,xxx
50398,xxx
50399,xxx
50400,xxx
50401,стризальни́цамъ
50402,стрижѣ́
50403,xxx
50404,стринге́ры
50405,стри́нгерѣхъ
50406,xxx
50407,xxx
50408,xxx
50409,стриптизё́ры
50410,xxx
50411,xxx
50412,xxx
50413,xxx
50414,xxx
50415,xxx
50416,xxx
50417,xxx
50418,xxx
50419,xxx
50420,xxx
50421,xxx
50422,страфы́
50423,xxx
50424,xxx
50425,xxx
50426,xxx
50427,струга́ч
50428,струга́ч
50429,xxx
50430,xxx
50431,xxx
50432,xxx
50433,xxx
50434,стрыо́мь
50435,xxx
50436,xxx
50437,xxx
50438,xxx
50439,xxx
50440,xxx
50441,xxx
50442,xxx
50443,xxx
50444,xxx
50445,xxx
50446,xxx
50447,xxx
50448,xxx
50449,xxx
50450,xxx
50451,xxx
50452,xxx
50453,xxx
50454,ступеньцо́ю
50455,xxx
50456,xxx
50457,xxx
50458,xxx
50459,xxx
50460,xxx
50461,xxx
50462,xxx
50463,xxx
50464,xxx
50465,xxx
50466,xxx
50467,xxx
50468,суббатни́ц
50469,суббатницѣ́хъ
50470,xxx
50471,xxx
50472,xxx
50473,xxx
50474,xxx
50475,xxx
50476,xxx
50477,xxx
50478,xxx
50479,xxx
50480,субстра́тамъ
50481,xxx
50482,xxx
50483,xxx
50484,су́бъекътъ
50485,xxx
50486,xxx
50487,xxx
50488,сугро́б
50489,xxx
50490,xxx
50491,xxx
50492,сударына́ми
50493,xxx
50494,xxx
50495,xxx
50496,xxx
50497,xxx
50498,xxx
50499,xxx
50500,xxx
50501,xxx
50502,xxx
50503,xxx
50504,xxx
50505,xxx
50506,xxx
50507,xxx
50508,xxx
50509,суждени́а
50510,xxx
50511,сукко́т
50512,сукко́тамъ
50513,сукку́би
50514,сукку́бѣхъ
50515,xxx
50516,xxx
50517,xxx
50518,xxx
50519,xxx
50520,xxx
50521,xxx
50522,xxx
50523,сумо́чьца
50524,xxx
50525,xxx
50526,xxx
50527,xxx
50528,xxx
50529,xxx
50530,xxx
50531,xxx
50532,xxx
50533,xxx
50534,xxx
50535,xxx
50536,xxx
50537,xxx
50538,xxx
50539,xxx
50540,xxx
50541,xxx
50542,xxx
50543,xxx
50544,суперляти́ву
50545,xxx
50546,xxx
50547,xxx
50548,xxx
50549,xxx
50550,xxx
50551,xxx
50552,xxx
50553,xxx
50554,xxx
50555,суры́
50556,xxx
50557,xxx
50558,xxx
50559,xxx
50560,xxx
50561,xxx
50562,xxx
50563,xxx
50564,xxx
50565,xxx
50566,xxx
50567,xxx
50568,xxx
50569,xxx
50570,xxx
50571,xxx
50572,xxx
50573,xxx
50574,xxx
50575,xxx
50576,суфлёра́
50577,xxx
50578,xxx
50579,xxx
50580,xxx
50581,xxx
50582,xxx
50583,xxx
50584,xxx
50585,xxx
50586,xxx
50587,xxx
50588,xxx
50589,сухафрукътѣ́
50590,су́хафрукътамъ
50591,xxx
50592,xxx
50593,xxx
50594,xxx
50595,xxx
50596,сушильнѣ́
50597,xxx
50598,xxx
50599,xxx
50600,су́щнасъть
50601,сущно́съти
50602,xxx
50603,сфе́раю
50604,сфе́рами
50605,xxx
50606,сфинкте́рамь
50607,xxx
50608,xxx
50609,xxx
50610,схва́тьцамъ
50611,xxx
50612,xxx
50613,xxx
50614,xxx
50615,xxx
50616,xxx
50617,xxx
50618,xxx
50619,схо́дамъ
50620,xxx
50621,xxx
50622,xxx
50623,xxx
50624,xxx
50625,xxx
50626,сце́нарисътъ
50627,xxx
50628,xxx
50629,xxx
50630,сча́стливецамъ
50631,xxx
50632,xxx
50633,xxx
50634,xxx
50635,xxx
50636,xxx
50637,xxx
50638,xxx
50639,xxx
50640,счетаво́ды
50641,xxx
50642,съёмьци́
50643,xxx
50644,xxx
50645,xxx
50646,xxx
50647,xxx
50648,xxx
50649,xxx
50650,xxx
50651,xxx
50652,xxx
50653,xxx
50654,xxx
50655,xxx
50656,сы́накамь
50657,сы́накѣхъ
50658,xxx
50659,xxx
50660,xxx
50661,xxx
50662,сыро́съть
50663,сырасъти́
50664,xxx
50665,xxx
50666,xxx
50667,xxx
50668,xxx
50669,xxx
50670,xxx
50671,xxx
50672,xxx
50673,xxx
50674,xxx
50675,xxx
50676,xxx
50677,xxx
50678,xxx
50679,xxx
50680,xxx
50681,xxx
50682,xxx
50683,xxx
50684,xxx
50685,xxx
50686,xxx
50687,xxx
50688,xxx
50689,табли́ца
50690,та́блиц
50691,xxx
50692,xxx
50693,xxx
50694,xxx
50695,xxx
50696,xxx
50697,табо́р
50698,xxx
50699,xxx
50700,xxx
50701,xxx
50702,xxx
50703,xxx
50704,xxx
50705,xxx
50706,та́бурет
50707,xxx
50708,xxx
50709,xxx
50710,xxx
50711,xxx
50712,xxx
50713,xxx
50714,xxx
50715,xxx
50716,xxx
50717,xxx
50718,таитяни́ну
50719,xxx
50720,xxx
50721,xxx
50722,xxx
50723,xxx
50724,xxx
50725,xxx
50726,xxx
50727,xxx
50728,xxx
50729,тайфѫ́ны
50730,та́кы
50731,такси́сътъ
50732,xxx
50733,та́ктицаю
50734,xxx
50735,xxx
50736,xxx
50737,xxx
50738,xxx
50739,xxx
50740,xxx
50741,xxx
50742,xxx
50743,xxx
50744,xxx
50745,xxx
50746,xxx
50747,xxx
50748,талму́д
50749,xxx
50750,xxx
50751,xxx
50752,xxx
50753,xxx
50754,xxx
50755,тангѣ́нсъ
50756,тангѣ́нсѣ
50757,xxx
50758,xxx
50759,xxx
50760,xxx
50761,xxx
50762,xxx
50763,xxx
50764,xxx
50765,xxx
50766,танкисъту́
50767,xxx
50768,та́ньци
50769,xxx
50770,xxx
50771,xxx
50772,xxx
50773,xxx
50774,xxx
50775,xxx
50776,xxx
50777,xxx
50778,xxx
50779,xxx
50780,тапи́рѣхъ
50781,xxx
50782,xxx
50783,xxx
50784,xxx
50785,xxx
50786,xxx
50787,xxx
50788,xxx
50789,xxx
50790,xxx
50791,xxx
50792,xxx
50793,xxx
50794,xxx
50795,xxx
50796,xxx
50797,xxx
50798,тари́фа
50799,xxx
50800,xxx
50801,xxx
50802,xxx
50803,xxx
50804,тахио́ни
50805,xxx
50806,xxx
50807,xxx
50808,xxx
50809,xxx
50810,xxx
50811,твѣрдыно́ю
50812,xxx
50813,xxx
50814,xxx
50815,xxx
50816,xxx
50817,xxx
50818,тварениа́
50819,xxx
50820,xxx
50821,xxx
50822,xxx
50823,xxx
50824,xxx
50825,xxx
50826,xxx
50827,те́з
50828,тези́сы
50829,xxx
50830,xxx
50831,xxx
50832,xxx
50833,xxx
50834,xxx
50835,xxx
50836,тексту́рахъ
50837,xxx
50838,xxx
50839,xxx
50840,xxx
50841,xxx
50842,xxx
50843,xxx
50844,xxx
50845,xxx
50846,xxx
50847,xxx
50848,xxx
50849,телепати́ы
50850,те́лепатиы
50851,xxx
50852,те́лепраграммъ
50853,тѣлѣтайпо́мъ
50854,xxx
50855,xxx
50856,xxx
50857,xxx
50858,xxx
50859,xxx
50860,xxx
50861,xxx
50862,xxx
50863,xxx
50864,xxx
50865,xxx
50866,xxx
50867,теласлажени́ѣ
50868,те́ласлажениамъ
50869,xxx
50870,xxx
50871,xxx
50872,xxx
50873,xxx
50874,xxx
50875,xxx
50876,xxx
50877,xxx
50878,те́мбръ
50879,xxx
50880,xxx
50881,xxx
50882,xxx
50883,xxx
50884,xxx
50885,xxx
50886,xxx
50887,xxx
50888,xxx
50889,xxx
50890,xxx
50891,xxx
50892,xxx
50893,xxx
50894,xxx
50895,xxx
50896,xxx
50897,xxx
50898,xxx
50899,xxx
50900,xxx
50901,xxx
50902,теплаваза́
50903,xxx
50904,xxx
50905,xxx
50906,xxx
50907,xxx
50908,xxx
50909,xxx
50910,xxx
50911,xxx
50912,xxx
50913,xxx
50914,xxx
50915,xxx
50916,xxx
50917,xxx
50918,xxx
50919,xxx
50920,терве́рамъ
50921,xxx
50922,xxx
50923,xxx
50924,xxx
50925,xxx
50926,xxx
50927,xxx
50928,xxx
50929,xxx
50930,xxx
50931,xxx
50932,xxx
50933,xxx
50934,xxx
50935,xxx
50936,xxx
50937,xxx
50938,xxx
50939,xxx
50940,xxx
50941,xxx
50942,xxx
50943,xxx
50944,xxx
50945,xxx
50946,xxx
50947,xxx
50948,xxx
50949,xxx
50950,xxx
50951,тестираваниа́
50952,те́стиравани
50953,xxx
50954,те́ст-системаю
50955,xxx
50956,xxx
50957,xxx
50958,xxx
50959,xxx
50960,xxx
50961,xxx
50962,те́т-а-тет
50963,тет-а-теты́
50964,те́трѣвамь
50965,xxx
50966,xxx
50967,xxx
50968,xxx
50969,xxx
50970,xxx
50971,тетра́рьса
50972,xxx
50973,тету́мы
50974,те́хасецу
50975,xxx
50976,xxx
50977,xxx
50978,xxx
50979,xxx
50980,xxx
50981,xxx
50982,xxx
50983,xxx
50984,xxx
50985,xxx
50986,xxx
50987,xxx
50988,xxx
50989,xxx
50990,xxx
50991,xxx
50992,xxx
50993,xxx
50994,xxx
50995,xxx
50996,xxx
50997,xxx
50998,xxx
50999,тё́лачьцѫ
51000,xxx
51001,xxx
51002,тё́теньцамъ
51003,xxx
51004,xxx
51005,xxx
51006,ти́зелии
51007,xxx
51008,xxx
51009,xxx
51010,xxx
51011,xxx
51012,xxx
51013,xxx
51014,xxx
51015,xxx
51016,ти́зер
51017,ти́льдамъ
51018,тимпана́
51019,xxx
51020,xxx
51021,xxx
51022,xxx
51023,xxx
51024,xxx
51025,xxx
51026,xxx
51027,xxx
51028,xxx
51029,xxx
51030,xxx
51031,xxx
51032,xxx
51033,xxx
51034,ти́ражу
51035,ти́ражи
51036,xxx
51037,xxx
51038,xxx
51039,xxx
51040,xxx
51041,xxx
51042,атеизму́
51043,ти́тьцѣ
51044,тиса́рь
51045,xxx
51046,xxx
51047,xxx
51048,xxx
51049,xxx
51050,xxx
51051,тка́чы
51052,xxx
51053,xxx
51054,xxx
51055,xxx
51056,тмезисы́
51057,xxx
51058,xxx
51059,xxx
51060,xxx
51061,xxx
51062,xxx
51063,xxx
51064,xxx
51065,xxx
51066,то́вараабмены
51067,тавараабме́ны
51068,xxx
51069,xxx
51070,xxx
51071,xxx
51072,xxx
51073,xxx
51074,xxx
51075,xxx
51076,xxx
51077,xxx
51078,такие́ц
51079,такиецѣ́
51080,xxx
51081,xxx
51082,xxx
51083,то́льцъ
51084,xxx
51085,xxx
51086,xxx
51087,то́льци
51088,тальци́
51089,то́лкучьцѣ
51090,xxx
51091,xxx
51092,xxx
51093,xxx
51094,xxx
51095,xxx
51096,xxx
51097,xxx
51098,талщи́намъ
51099,xxx
51100,xxx
51101,xxx
51102,xxx
51103,xxx
51104,xxx
51105,xxx
51106,тамицо́мъ
51107,xxx
51108,xxx
51109,xxx
51110,xxx
51111,xxx
51112,тамаграфиы́
51113,xxx
51114,xxx
51115,xxx
51116,xxx
51117,xxx
51118,xxx
51119,танзура́
51120,xxx
51121,xxx
51122,xxx
51123,xxx
51124,xxx
51125,xxx
51126,xxx
51127,xxx
51128,xxx
51129,xxx
51130,xxx
51131,xxx
51132,риѣлто́рамь
51133,xxx
51134,xxx
51135,xxx
51136,таны́
51137,то́паза
51138,то́пьци
51139,xxx
51140,то́палекътамъ
51141,xxx
51142,xxx
51143,xxx
51144,xxx
51145,xxx
51146,xxx
51147,xxx
51148,xxx
51149,xxx
51150,xxx
51151,xxx
51152,xxx
51153,xxx
51154,xxx
51155,xxx
51156,то́рмажени
51157,xxx
51158,xxx
51159,xxx
51160,xxx
51161,xxx
51162,xxx
51163,xxx
51164,то́съти
51165,то́темамь
51166,то́чильнѫ
51167,xxx
51168,xxx
51169,xxx
51170,xxx
51171,xxx
51172,xxx
51173,xxx
51174,xxx
51175,xxx
51176,xxx
51177,xxx
51178,xxx
51179,xxx
51180,xxx
51181,xxx
51182,xxx
51183,тра́гизмамъ
51184,xxx
51185,xxx
51186,xxx
51187,xxx
51188,xxx
51189,xxx
51190,xxx
51191,xxx
51192,xxx
51193,xxx
51194,xxx
51195,xxx
51196,xxx
51197,xxx
51198,xxx
51199,xxx
51200,xxx
51201,xxx
51202,транскрипци́аю
51203,xxx
51204,xxx
51205,xxx
51206,xxx
51207,трансли́ты
51208,тра́нслитѣхъ
51209,тра́нспарантъ
51210,xxx
51211,xxx
51212,xxx
51213,xxx
51214,xxx
51215,xxx
51216,xxx
51217,xxx
51218,xxx
51219,xxx
51220,xxx
51221,xxx
51222,xxx
51223,xxx
51224,xxx
51225,xxx
51226,тра́нсъ
51227,транси́
51228,xxx
51229,xxx
51230,xxx
51231,xxx
51232,xxx
51233,xxx
51234,трансфармато́ры
51235,xxx
51236,xxx
51237,тра́съса
51238,xxx
51239,трау́р
51240,xxx
51241,xxx
51242,трафарети́
51243,xxx
51244,xxx
51245,xxx
51246,xxx
51247,xxx
51248,xxx
51249,тревалненио́
51250,xxx
51251,xxx
51252,xxx
51253,xxx
51254,тре́клисътамь
51255,тре́ка
51256,xxx
51257,xxx
51258,xxx
51259,xxx
51260,xxx
51261,тре́нажёрамъ
51262,тре́нда
51263,xxx
51264,xxx
51265,xxx
51266,xxx
51267,xxx
51268,xxx
51269,xxx
51270,xxx
51271,xxx
51272,xxx
51273,xxx
51274,xxx
51275,xxx
51276,xxx
51277,xxx
51278,xxx
51279,xxx
51280,xxx
51281,xxx
51282,xxx
51283,тре́ть
51284,xxx
51285,xxx
51286,xxx
51287,xxx
51288,xxx
51289,xxx
51290,xxx
51291,xxx
51292,xxx
51293,трещины́
51294,xxx
51295,xxx
51296,xxx
51297,xxx
51298,xxx
51299,xxx
51300,xxx
51301,трибѫ́намъ
51302,тризны́
51303,xxx
51304,xxx
51305,три́ллеры
51306,xxx
51307,xxx
51308,xxx
51309,xxx
51310,xxx
51311,xxx
51312,xxx
51313,xxx
51314,xxx
51315,xxx
51316,xxx
51317,xxx
51318,xxx
51319,xxx
51320,xxx
51321,xxx
51322,xxx
51323,xxx
51324,xxx
51325,тро́гладит
51326,траици́
51327,траи́цѫ
51328,тро́йьцъ
51329,трайнѣ́
51330,xxx
51331,xxx
51332,xxx
51333,xxx
51334,xxx
51335,xxx
51336,xxx
51337,трамбо́нѣ
51338,тро́мбѣ
51339,xxx
51340,xxx
51341,xxx
51342,xxx
51343,тро́пьцѣ
51344,xxx
51345,xxx
51346,xxx
51347,xxx
51348,xxx
51349,xxx
51350,xxx
51351,xxx
51352,xxx
51353,xxx
51354,xxx
51355,трасо́мь
51356,xxx
51357,xxx
51358,тро́сътьмъ
51359,xxx
51360,xxx
51361,xxx
51362,xxx
51363,xxx
51364,xxx
51365,трубачи́съту
51366,xxx
51367,трубачисъты́
51368,xxx
51369,xxx
51370,xxx
51371,xxx
51372,xxx
51373,труженица́
51374,xxx
51375,трупъпѫ́
51376,тру́пъпъ
51377,тру́пъпамъ
51378,трусѣ́
51379,тру́сы
51380,xxx
51381,xxx
51382,xxx
51383,xxx
51384,xxx
51385,xxx
51386,xxx
51387,xxx
51388,xxx
51389,xxx
51390,трюмсе́ли
51391,xxx
51392,xxx
51393,xxx
51394,xxx
51395,xxx
51396,xxx
51397,xxx
51398,xxx
51399,xxx
51400,xxx
51401,xxx
51402,xxx
51403,xxx
51404,xxx
51405,xxx
51406,xxx
51407,xxx
51408,xxx
51409,xxx
51410,xxx
51411,тули́
51412,xxx
51413,xxx
51414,xxx
51415,xxx
51416,xxx
51417,xxx
51418,xxx
51419,xxx
51420,xxx
51421,xxx
51422,xxx
51423,xxx
51424,xxx
51425,xxx
51426,xxx
51427,xxx
51428,xxx
51429,xxx
51430,xxx
51431,xxx
51432,тупизна́хъ
51433,xxx
51434,xxx
51435,xxx
51436,xxx
51437,xxx
51438,xxx
51439,xxx
51440,xxx
51441,xxx
51442,xxx
51443,xxx
51444,xxx
51445,ту́рнѣпъсъ
51446,саздани́а
51447,xxx
51448,xxx
51449,xxx
51450,xxx
51451,xxx
51452,xxx
51453,xxx
51454,xxx
51455,xxx
51456,xxx
51457,xxx
51458,xxx
51459,xxx
51460,xxx
51461,xxx
51462,xxx
51463,xxx
51464,xxx
51465,xxx
51466,xxx
51467,xxx
51468,xxx
51469,xxx
51470,xxx
51471,xxx
51472,xxx
51473,туфы́
51474,ту́чы
51475,xxx
51476,xxx
51477,xxx
51478,xxx
51479,xxx
51480,xxx
51481,xxx
51482,xxx
51483,xxx
51484,xxx
51485,xxx
51486,xxx
51487,xxx
51488,xxx
51489,xxx
51490,xxx
51491,xxx
51492,xxx
51493,xxx
51494,xxx
51495,xxx
51496,xxx
51497,xxx
51498,xxx
51499,xxx
51500,xxx
51501,xxx
51502,xxx
51503,xxx
51504,xxx
51505,xxx
51506,xxx
51507,xxx
51508,xxx
51509,xxx
51510,xxx
51511,xxx
51512,xxx
51513,xxx
51514,тюленёно́к
51515,xxx
51516,тюрба́н
51517,тю́риньза
51518,тюриньзѣ́
51519,xxx
51520,xxx
51521,тю́тамъ
51522,xxx
51523,xxx
51524,xxx
51525,xxx
51526,xxx
51527,xxx
51528,xxx
51529,xxx
51530,xxx
51531,xxx
51532,xxx
51533,xxx
51534,xxx
51535,xxx
51536,xxx
51537,xxx
51538,xxx
51539,xxx
51540,xxx
51541,xxx
51542,убедительно́съть
51543,xxx
51544,у́бедительнасътьми
51545,xxx
51546,xxx
51547,xxx
51548,xxx
51549,xxx
51550,xxx
51551,xxx
51552,xxx
51553,xxx
51554,xxx
51555,xxx
51556,убарнаѣ́
51557,xxx
51558,xxx
51559,xxx
51560,xxx
51561,xxx
51562,xxx
51563,xxx
51564,xxx
51565,xxx
51566,xxx
51567,уво́да
51568,уво́д
51569,xxx
51570,xxx
51571,xxx
51572,xxx
51573,xxx
51574,xxx
51575,xxx
51576,xxx
51577,xxx
51578,xxx
51579,xxx
51580,угады́
51581,уго́дѫ
51582,xxx
51583,xxx
51584,xxx
51585,xxx
51586,уго́н
51587,угащени́ѣ
51588,xxx
51589,xxx
51590,угащениѣ́хъ
51591,xxx
51592,xxx
51593,xxx
51594,xxx
51595,xxx
51596,xxx
51597,xxx
51598,xxx
51599,xxx
51600,xxx
51601,xxx
51602,xxx
51603,xxx
51604,уда́чы
51605,xxx
51606,xxx
51607,xxx
51608,xxx
51609,удѣржаниу́
51610,xxx
51611,xxx
51612,xxx
51613,xxx
51614,xxx
51615,xxx
51616,xxx
51617,xxx
51618,xxx
51619,у́дмуртъ
51620,у́дмуртамь
51621,xxx
51622,xxx
51623,xxx
51624,xxx
51625,xxx
51626,xxx
51627,xxx
51628,xxx
51629,xxx
51630,xxx
51631,удаставрѣни́а
51632,xxx
51633,xxx
51634,xxx
51635,xxx
51636,xxx
51637,xxx
51638,xxx
51639,xxx
51640,xxx
51641,xxx
51642,xxx
51643,xxx
51644,xxx
51645,xxx
51646,ужи́мьци
51647,xxx
51648,xxx
51649,xxx
51650,xxx
51651,узбе́чьцахъ
51652,xxx
51653,xxx
51654,xxx
51655,xxx
51656,xxx
51657,xxx
51658,xxx
51659,xxx
51660,xxx
51661,xxx
51662,неделѫ́
51663,xxx
51664,xxx
51665,xxx
51666,xxx
51667,xxx
51668,xxx
51669,xxx
51670,xxx
51671,xxx
51672,xxx
51673,у́зурпираваниа
51674,xxx
51675,xxx
51676,xxx
51677,xxx
51678,xxx
51679,xxx
51680,xxx
51681,xxx
51682,xxx
51683,xxx
51684,xxx
51685,xxx
51686,xxx
51687,xxx
51688,xxx
51689,xxx
51690,xxx
51691,xxx
51692,xxx
51693,украиньцо́ю
51694,xxx
51695,укро́мъ
51696,xxx
51697,xxx
51698,xxx
51699,xxx
51700,xxx
51701,уло́ви
51702,xxx
51703,xxx
51704,xxx
51705,xxx
51706,xxx
51707,xxx
51708,xxx
51709,xxx
51710,xxx
51711,xxx
51712,уместнасъти́
51713,xxx
51714,xxx
51715,умиленьу́
51716,xxx
51717,xxx
51718,умлау́тамь
51719,xxx
51720,xxx
51721,xxx
51722,xxx
51723,умницѣ́хъ
51724,умни́цамъ
51725,xxx
51726,xxx
51727,xxx
51728,xxx
51729,xxx
51730,xxx
51731,умалчаниа́
51732,xxx
51733,xxx
51734,xxx
51735,xxx
51736,xxx
51737,xxx
51738,xxx
51739,xxx
51740,умарѣ́
51741,xxx
51742,xxx
51743,xxx
51744,xxx
51745,у́ницад
51746,xxx
51747,xxx
51748,xxx
51749,xxx
51750,xxx
51751,унтерѣ́хъ
51752,xxx
51753,xxx
51754,xxx
51755,xxx
51756,xxx
51757,xxx
51758,xxx
51759,xxx
51760,xxx
51761,упла́тахъ
51762,xxx
51763,xxx
51764,xxx
51765,xxx
51766,xxx
51767,xxx
51768,у́парамь
51769,xxx
51770,xxx
51771,у́правами
51772,xxx
51773,xxx
51774,xxx
51775,xxx
51776,xxx
51777,xxx
51778,xxx
51779,xxx
51780,xxx
51781,xxx
51782,xxx
51783,xxx
51784,у́пряжь
51785,xxx
51786,xxx
51787,xxx
51788,урани́сътамь
51789,xxx
51790,xxx
51791,xxx
51792,xxx
51793,xxx
51794,xxx
51795,xxx
51796,xxx
51797,xxx
51798,xxx
51799,xxx
51800,у́рёмѫ
51801,xxx
51802,ма́слинѣ
51803,у́рьцъ
51804,xxx
51805,xxx
51806,xxx
51807,xxx
51808,xxx
51809,xxx
51810,xxx
51811,xxx
51812,xxx
51813,xxx
51814,xxx
51815,xxx
51816,xxx
51817,xxx
51818,xxx
51819,xxx
51820,xxx
51821,xxx
51822,xxx
51823,xxx
51824,xxx
51825,xxx
51826,xxx
51827,xxx
51828,xxx
51829,xxx
51830,xxx
51831,xxx
51832,xxx
51833,xxx
51834,xxx
51835,xxx
51836,xxx
51837,xxx
51838,xxx
51839,xxx
51840,xxx
51841,xxx
51842,xxx
51843,xxx
51844,xxx
51845,xxx
51846,xxx
51847,xxx
51848,xxx
51849,xxx
51850,xxx
51851,xxx
51852,xxx
51853,xxx
51854,xxx
51855,xxx
51856,xxx
51857,xxx
51858,xxx
51859,xxx
51860,xxx
51861,xxx
51862,xxx
51863,уста́вѣ
51864,xxx
51865,xxx
51866,xxx
51867,xxx
51868,xxx
51869,xxx
51870,xxx
51871,xxx
51872,xxx
51873,xxx
51874,xxx
51875,xxx
51876,xxx
51877,xxx
51878,xxx
51879,xxx
51880,устьа́
51881,xxx
51882,xxx
51883,xxx
51884,xxx
51885,xxx
51886,xxx
51887,xxx
51888,xxx
51889,xxx
51890,xxx
51891,xxx
51892,xxx
51893,xxx
51894,xxx
51895,xxx
51896,xxx
51897,xxx
51898,xxx
51899,xxx
51900,у́тканасамь
51901,xxx
51902,xxx
51903,xxx
51904,xxx
51905,xxx
51906,xxx
51907,xxx
51908,xxx
51909,xxx
51910,xxx
51911,xxx
51912,xxx
51913,xxx
51914,у́трираваниамъ
51915,у́трабѣ
51916,xxx
51917,xxx
51918,xxx
51919,xxx
51920,ухищрени́ы
51921,xxx
51922,xxx
51923,xxx
51924,xxx
51925,xxx
51926,xxx
51927,ухагарлано́сы
51928,xxx
51929,xxx
51930,xxx
51931,xxx
51932,xxx
51933,xxx
51934,xxx
51935,xxx
51936,учрѣдитѣ́льѭ
51937,учрѣдитѣ́ли
51938,xxx
51939,xxx
51940,xxx
51941,xxx
51942,xxx
51943,xxx
51944,xxx
51945,xxx
51946,фабу́лѣ
51947,xxx
51948,xxx
51949,xxx
51950,xxx
51951,xxx
51952,xxx
51953,xxx
51954,xxx
51955,xxx
51956,xxx
51957,xxx
51958,xxx
51959,xxx
51960,xxx
51961,xxx
51962,xxx
51963,xxx
51964,xxx
51965,xxx
51966,xxx
51967,xxx
51968,xxx
51969,xxx
51970,xxx
51971,xxx
51972,xxx
51973,xxx
51974,xxx
51975,xxx
51976,xxx
51977,xxx
51978,xxx
51979,xxx
51980,xxx
51981,xxx
51982,xxx
51983,xxx
51984,xxx
51985,xxx
51986,xxx
51987,xxx
51988,xxx
51989,фанати́змы
51990,xxx
51991,xxx
51992,xxx
51993,xxx
51994,xxx
51995,xxx
51996,xxx
51997,xxx
51998,xxx
51999,xxx
52000,xxx
52001,xxx
52002,xxx
52003,фа́раанѣхъ
52004,xxx
52005,xxx
52006,xxx
52007,фа́рватер
52008,xxx
52009,фарко́пы
52010,фармацевтица́
52011,xxx
52012,xxx
52013,xxx
52014,фармацевто́мъ
52015,xxx
52016,xxx
52017,xxx
52018,xxx
52019,xxx
52020,xxx
52021,xxx
52022,xxx
52023,xxx
52024,xxx
52025,xxx
52026,xxx
52027,xxx
52028,фарши́
52029,фатали́съта
52030,фаталисъто́мъ
52031,фа́талисътѣхъ
52032,фа́уны
52033,xxx
52034,xxx
52035,xxx
52036,xxx
52037,фа́шизма
52038,фашизмы́
52039,xxx
52040,валто́рнѣ
52041,xxx
52042,xxx
52043,до́линаю
52044,xxx
52045,федерализмо́мь
52046,xxx
52047,фѣльдшѣ́ру
52048,xxx
52049,xxx
52050,xxx
52051,xxx
52052,xxx
52053,xxx
52054,xxx
52055,xxx
52056,xxx
52057,xxx
52058,xxx
52059,xxx
52060,xxx
52061,xxx
52062,xxx
52063,xxx
52064,xxx
52065,xxx
52066,фене́ки
52067,фени́цъса
52068,феницъсы́
52069,фенаме́н
52070,xxx
52071,фенѣ́
52072,xxx
52073,xxx
52074,xxx
52075,xxx
52076,ферме́нта
52077,xxx
52078,xxx
52079,xxx
52080,xxx
52081,xxx
52082,xxx
52083,фе́тишѣхъ
52084,xxx
52085,xxx
52086,xxx
52087,xxx
52088,xxx
52089,xxx
52090,xxx
52091,xxx
52092,xxx
52093,xxx
52094,физля́ры
52095,физны́
52096,физнѫ́
52097,xxx
52098,xxx
52099,xxx
52100,xxx
52101,xxx
52102,xxx
52103,xxx
52104,xxx
52105,xxx
52106,xxx
52107,физиатерапи́ы
52108,xxx
52109,xxx
52110,xxx
52111,xxx
52112,xxx
52113,xxx
52114,xxx
52115,xxx
52116,xxx
52117,xxx
52118,xxx
52119,филасафастеро́мь
52120,xxx
52121,xxx
52122,xxx
52123,xxx
52124,фи́льтра
52125,xxx
52126,xxx
52127,xxx
52128,xxx
52129,xxx
52130,xxx
52131,xxx
52132,xxx
52133,xxx
52134,фингалѣ́хъ
52135,фитили́
52136,xxx
52137,xxx
52138,xxx
52139,xxx
52140,xxx
52141,xxx
52142,xxx
52143,флако́н
52144,флакани́
52145,xxx
52146,xxx
52147,xxx
52148,xxx
52149,xxx
52150,xxx
52151,фланѣ́ли
52152,фла́нѣль
52153,фла́нѣли
52154,xxx
52155,xxx
52156,флане́ц
52157,xxx
52158,xxx
52159,xxx
52160,xxx
52161,xxx
52162,xxx
52163,xxx
52164,xxx
52165,xxx
52166,xxx
52167,xxx
52168,фли́бустьера
52169,фли́бустьерамъ
52170,xxx
52171,xxx
52172,xxx
52173,xxx
52174,xxx
52175,xxx
52176,xxx
52177,xxx
52178,флэшмаба́
52179,флэшмаби́
52180,xxx
52181,xxx
52182,xxx
52183,xxx
52184,xxx
52185,xxx
52186,xxx
52187,фо́кус
52188,xxx
52189,факусы́
52190,фальцло́р
52191,xxx
52192,xxx
52193,xxx
52194,xxx
52195,xxx
52196,xxx
52197,фо́нарщицѫ
52198,xxx
52199,xxx
52200,фо́нарь
52201,фо́нарии
52202,xxx
52203,xxx
52204,xxx
52205,xxx
52206,xxx
52207,xxx
52208,xxx
52209,фо́ры
52210,xxx
52211,xxx
52212,xxx
52213,xxx
52214,xxx
52215,фармалисъто́мь
52216,xxx
52217,xxx
52218,xxx
52219,xxx
52220,xxx
52221,xxx
52222,xxx
52223,xxx
52224,xxx
52225,фо́рмулы
52226,фарму́лами
52227,xxx
52228,xxx
52229,фармулиро́вьцамъ
52230,фо́рмулярѣ
52231,xxx
52232,xxx
52233,xxx
52234,фо́рпасъты
52235,xxx
52236,xxx
52237,xxx
52238,xxx
52239,xxx
52240,xxx
52241,xxx
52242,xxx
52243,xxx
52244,xxx
52245,xxx
52246,xxx
52247,xxx
52248,xxx
52249,фатакарто́чьцъ
52250,xxx
52251,xxx
52252,xxx
52253,фо́тани
52254,xxx
52255,xxx
52256,фатапулемё́т
52257,xxx
52258,xxx
52259,xxx
52260,xxx
52261,xxx
52262,xxx
52263,xxx
52264,xxx
52265,xxx
52266,xxx
52267,фо́тасинтеза
52268,xxx
52269,xxx
52270,xxx
52271,xxx
52272,xxx
52273,фра́ѣри
52274,xxx
52275,xxx
52276,xxx
52277,xxx
52278,xxx
52279,xxx
52280,xxx
52281,xxx
52282,xxx
52283,xxx
52284,xxx
52285,xxx
52286,xxx
52287,фри́вальнасътьѭ
52288,фри́вальнасъти
52289,xxx
52290,фри́ци
52291,xxx
52292,xxx
52293,xxx
52294,xxx
52295,xxx
52296,xxx
52297,xxx
52298,xxx
52299,фуга́са
52300,xxx
52301,xxx
52302,ватерпа́самъ
52303,фуга́сѣхъ
52304,xxx
52305,xxx
52306,xxx
52307,фуже́рѣхъ
52308,фѫ́нкцианал
52309,фѫ́нту
52310,xxx
52311,xxx
52312,xxx
52313,xxx
52314,xxx
52315,xxx
52316,xxx
52317,xxx
52318,футо́нѣ
52319,фу́ту
52320,xxx
52321,xxx
52322,фу́тамъ
52323,фу́хтельми
52324,xxx
52325,xxx
52326,xxx
52327,xxx
52328,ха́зарин
52329,xxx
52330,xxx
52331,xxx
52332,xxx
52333,xxx
52334,xxx
52335,xxx
52336,xxx
52337,xxx
52338,xxx
52339,xxx
52340,xxx
52341,халтурѣ́
52342,xxx
52343,xxx
52344,xxx
52345,халту́ры
52346,ха́лявѫ
52347,xxx
52348,ха́ма
52349,манда́ту
52350,xxx
52351,xxx
52352,xxx
52353,xxx
52354,xxx
52355,xxx
52356,xxx
52357,xxx
52358,xxx
52359,xxx
52360,xxx
52361,xxx
52362,xxx
52363,xxx
52364,харчѣвна́хъ
52365,ха́рчу
52366,xxx
52367,xxx
52368,xxx
52369,xxx
52370,xxx
52371,xxx
52372,xxx
52373,xxx
52374,хара́ми
52375,xxx
52376,xxx
52377,xxx
52378,xxx
52379,xxx
52380,xxx
52381,xxx
52382,xxx
52383,xxx
52384,xxx
52385,xxx
52386,xxx
52387,xxx
52388,ха́ч
52389,xxx
52390,xxx
52391,xxx
52392,xxx
52393,xxx
52394,xxx
52395,хваѣпа́да
52396,xxx
52397,хво́ри
52398,xxx
52399,xxx
52400,xxx
52401,xxx
52402,xxx
52403,xxx
52404,xxx
52405,xxx
52406,xxx
52407,xxx
52408,xxx
52409,xxx
52410,xxx
52411,xxx
52412,xxx
52413,хе́камъ
52414,хѣ́рнѫ
52415,хѣ́рны
52416,хѣрны́
52417,хѣрна́хъ
52418,херуви́мамъ
52419,хи́атуса
52420,xxx
52421,xxx
52422,xxx
52423,xxx
52424,xxx
52425,xxx
52426,xxx
52427,химерѣ́
52428,xxx
52429,xxx
52430,xxx
52431,xxx
52432,xxx
52433,xxx
52434,xxx
52435,xxx
52436,xxx
52437,xxx
52438,xxx
52439,xxx
52440,xxx
52441,xxx
52442,xxx
52443,хлрапла́съты
52444,хлра́пласътѣхъ
52445,xxx
52446,xxx
52447,xxx
52448,хло́ри
52449,xxx
52450,xxx
52451,xxx
52452,xxx
52453,xxx
52454,хо́ббит
52455,xxx
52456,xxx
52457,хаббиты́
52458,xxx
52459,xxx
52460,xxx
52461,хо́дъжами
52462,xxx
52463,xxx
52464,xxx
52465,xxx
52466,xxx
52467,xxx
52468,xxx
52469,xxx
52470,xxx
52471,xxx
52472,xxx
52473,xxx
52474,xxx
52475,xxx
52476,xxx
52477,xxx
52478,xxx
52479,xxx
52480,xxx
52481,xxx
52482,хла́пѣхъ
52483,хластяка́
52484,xxx
52485,xxx
52486,xxx
52487,xxx
52488,xxx
52489,xxx
52490,халуи́
52491,хо́лу
52492,хаму́т
52493,хамутѣ́
52494,хаму́т
52495,xxx
52496,xxx
52497,xxx
52498,xxx
52499,xxx
52500,xxx
52501,xxx
52502,xxx
52503,xxx
52504,xxx
52505,xxx
52506,xxx
52507,xxx
52508,хареаграфиы́
52509,xxx
52510,xxx
52511,xxx
52512,xxx
52513,xxx
52514,xxx
52515,xxx
52516,xxx
52517,xxx
52518,xxx
52519,xxx
52520,xxx
52521,xxx
52522,xxx
52523,xxx
52524,xxx
52525,xxx
52526,xxx
52527,xxx
52528,xxx
52529,xxx
52530,xxx
52531,xxx
52532,xxx
52533,xxx
52534,xxx
52535,xxx
52536,xxx
52537,xxx
52538,хо́хмамъ
52539,хахату́
52540,xxx
52541,xxx
52542,xxx
52543,хо́хатѣ
52544,xxx
52545,xxx
52546,xxx
52547,xxx
52548,xxx
52549,xxx
52550,xxx
52551,xxx
52552,xxx
52553,xxx
52554,xxx
52555,xxx
52556,xxx
52557,xxx
52558,xxx
52559,xxx
52560,xxx
52561,xxx
52562,xxx
52563,xxx
52564,хри́стианьци
52565,христиа́ньцъ
52566,xxx
52567,xxx
52568,xxx
52569,xxx
52570,xxx
52571,xxx
52572,xxx
52573,xxx
52574,xxx
52575,xxx
52576,xxx
52577,xxx
52578,xxx
52579,хранаме́тры
52580,xxx
52581,хру́щ
52582,xxx
52583,xxx
52584,xxx
52585,xxx
52586,xxx
52587,xxx
52588,xxx
52589,xxx
52590,xxx
52591,xxx
52592,xxx
52593,xxx
52594,xxx
52595,xxx
52596,xxx
52597,xxx
52598,xxx
52599,xxx
52600,ху́стьцѣ
52601,xxx
52602,хуто́рамъ
52603,xxx
52604,xxx
52605,xxx
52606,xxx
52607,xxx
52608,xxx
52609,xxx
52610,xxx
52611,xxx
52612,xxx
52613,xxx
52614,цве́тьѭ
52615,цѣвьцѣ́
52616,xxx
52617,цейтно́ты
52618,цементѣ́
52619,xxx
52620,xxx
52621,xxx
52622,xxx
52623,xxx
52624,xxx
52625,xxx
52626,xxx
52627,xxx
52628,xxx
52629,xxx
52630,цента́вра
52631,xxx
52632,xxx
52633,xxx
52634,xxx
52635,xxx
52636,xxx
52637,xxx
52638,xxx
52639,xxx
52640,xxx
52641,xxx
52642,xxx
52643,xxx
52644,цеппели́намъ
52645,це́п
52646,ци́зарьци
52647,циза́рьцѣ
52648,циза́рьцами
52649,xxx
52650,xxx
52651,xxx
52652,xxx
52653,xxx
52654,xxx
52655,xxx
52656,xxx
52657,ци́линдрамъ
52658,xxx
52659,xxx
52660,xxx
52661,xxx
52662,xxx
52663,xxx
52664,xxx
52665,xxx
52666,цирюльны́
52667,xxx
52668,xxx
52669,цифири́
52670,xxx
52671,xxx
52672,xxx
52673,xxx
52674,цифравица́
52675,цифрави́цѣ
52676,ци́фравицамъ
52677,цуцица́
52678,цуци́цу
52679,xxx
52680,xxx
52681,xxx
52682,xxx
52683,xxx
52684,xxx
52685,xxx
52686,xxx
52687,xxx
52688,ципачьца́хъ
52689,xxx
52690,xxx
52691,xxx
52692,xxx
52693,xxx
52694,xxx
52695,xxx
52696,xxx
52697,xxx
52698,xxx
52699,xxx
52700,xxx
52701,xxx
52702,ча́расу
52703,xxx
52704,xxx
52705,xxx
52706,xxx
52707,xxx
52708,xxx
52709,xxx
52710,xxx
52711,xxx
52712,xxx
52713,xxx
52714,xxx
52715,xxx
52716,частичьцѣ́
52717,xxx
52718,чати́
52719,чаты́
52720,xxx
52721,xxx
52722,xxx
52723,xxx
52724,xxx
52725,xxx
52726,xxx
52727,xxx
52728,xxx
52729,xxx
52730,чрѣ́виц
52731,xxx
52732,чрѣпо́к
52733,xxx
52734,xxx
52735,xxx
52736,xxx
52737,xxx
52738,xxx
52739,xxx
52740,xxx
52741,xxx
52742,xxx
52743,xxx
52744,xxx
52745,xxx
52746,чернакнижни́ц
52747,че́рнатаю
52748,че́рнаты
52749,xxx
52750,xxx
52751,xxx
52752,чертя́кѣ
52753,честно́сътьмъ
52754,xxx
52755,xxx
52756,xxx
52757,xxx
52758,xxx
52759,xxx
52760,xxx
52761,xxx
52762,xxx
52763,xxx
52764,xxx
52765,xxx
52766,xxx
52767,xxx
52768,xxx
52769,xxx
52770,xxx
52771,xxx
52772,xxx
52773,xxx
52774,xxx
52775,xxx
52776,чи́пъсъ
52777,чи́пъсъ
52778,xxx
52779,xxx
52780,xxx
52781,xxx
52782,кристаллы́
52783,xxx
52784,xxx
52785,чартѣ́хъ
52786,xxx
52787,xxx
52788,xxx
52789,чудакѣ́
52790,xxx
52791,xxx
52792,xxx
52793,xxx
52794,xxx
52795,чужани́н
52796,чужани́нѣ
52797,чу́къчѣ
52798,xxx
52799,xxx
52800,xxx
52801,чу́наю
52802,шаба́шѣ
52803,xxx
52804,xxx
52805,xxx
52806,xxx
52807,xxx
52808,xxx
52809,xxx
52810,xxx
52811,xxx
52812,xxx
52813,xxx
52814,xxx
52815,xxx
52816,xxx
52817,xxx
52818,xxx
52819,xxx
52820,xxx
52821,ша́йбамъ
52822,xxx
52823,xxx
52824,xxx
52825,xxx
52826,xxx
52827,xxx
52828,xxx
52829,xxx
52830,xxx
52831,xxx
52832,xxx
52833,xxx
52834,шантажѣ́
52835,xxx
52836,шапка-уша́ньци
52837,шапачьци́
52838,xxx
52839,xxx
52840,xxx
52841,xxx
52842,xxx
52843,шара́д
52844,шара́дами
52845,xxx
52846,xxx
52847,xxx
52848,xxx
52849,xxx
52850,xxx
52851,xxx
52852,xxx
52853,xxx
52854,xxx
52855,xxx
52856,xxx
52857,xxx
52858,xxx
52859,xxx
52860,xxx
52861,xxx
52862,xxx
52863,xxx
52864,xxx
52865,xxx
52866,шафра́нѣ
52867,ша́фран
52868,xxx
52869,xxx
52870,xxx
52871,xxx
52872,xxx
52873,xxx
52874,xxx
52875,xxx
52876,xxx
52877,шва́бѣ
52878,xxx
52879,шве́дьцѣ
52880,xxx
52881,xxx
52882,xxx
52883,xxx
52884,xxx
52885,швейца́рамь
52886,xxx
52887,xxx
52888,xxx
52889,xxx
52890,xxx
52891,xxx
52892,xxx
52893,шейьци́
52894,xxx
52895,xxx
52896,xxx
52897,xxx
52898,xxx
52899,xxx
52900,xxx
52901,xxx
52902,xxx
52903,xxx
52904,xxx
52905,xxx
52906,xxx
52907,xxx
52908,xxx
52909,xxx
52910,xxx
52911,xxx
52912,xxx
52913,xxx
52914,xxx
52915,xxx
52916,ше́рстабайнаю
52917,xxx
52918,xxx
52919,xxx
52920,xxx
52921,xxx
52922,xxx
52923,шѣ́сътамь
52924,xxx
52925,xxx
52926,xxx
52927,xxx
52928,шизици́
52929,шизафрени́а
52930,xxx
52931,xxx
52932,xxx
52933,xxx
52934,xxx
52935,xxx
52936,xxx
52937,xxx
52938,xxx
52939,ши́нами
52940,xxx
52941,xxx
52942,xxx
52943,xxx
52944,шинши́ллами
52945,xxx
52946,xxx
52947,xxx
52948,xxx
52949,xxx
52950,xxx
52951,xxx
52952,xxx
52953,ши́съты
52954,ши́съты
52955,xxx
52956,xxx
52957,xxx
52958,шкату́льцами
52959,шкафчи́ц
52960,шкафчици́
52961,xxx
52962,xxx
52963,xxx
52964,xxx
52965,шкивы́
52966,xxx
52967,xxx
52968,xxx
52969,xxx
52970,xxx
52971,xxx
52972,шко́тарина
52973,xxx
52974,xxx
52975,xxx
52976,xxx
52977,xxx
52978,xxx
52979,xxx
52980,xxx
52981,шла́ньзу
52982,xxx
52983,xxx
52984,xxx
52985,шле́мѣ
52986,xxx
52987,xxx
52988,xxx
52989,xxx
52990,xxx
52991,xxx
52992,xxx
52993,xxx
52994,xxx
52995,xxx
52996,xxx
52997,xxx
52998,xxx
52999,xxx
53000,xxx
53001,xxx
53002,xxx
53003,xxx
53004,шляхъта́мъ
53005,xxx
53006,xxx
53007,xxx
53008,xxx
53009,xxx
53010,xxx
53011,xxx
53012,xxx
53013,xxx
53014,xxx
53015,xxx
53016,xxx
53017,xxx
53018,xxx
53019,шапиньзу́
53020,xxx
53021,xxx
53022,xxx
53023,xxx
53024,xxx
53025,xxx
53026,xxx
53027,xxx
53028,xxx
53029,xxx
53030,xxx
53031,xxx
53032,xxx
53033,xxx
53034,xxx
53035,xxx
53036,xxx
53037,xxx
53038,xxx
53039,xxx
53040,xxx
53041,xxx
53042,xxx
53043,xxx
53044,xxx
53045,xxx
53046,xxx
53047,xxx
53048,xxx
53049,xxx
53050,xxx
53051,xxx
53052,xxx
53053,xxx
53054,xxx
53055,xxx
53056,xxx
53057,xxx
53058,xxx
53059,xxx
53060,xxx
53061,шрифъти́
53062,xxx
53063,xxx
53064,xxx
53065,xxx
53066,xxx
53067,xxx
53068,xxx
53069,xxx
53070,xxx
53071,xxx
53072,xxx
53073,xxx
53074,xxx
53075,xxx
53076,xxx
53077,xxx
53078,xxx
53079,xxx
53080,xxx
53081,xxx
53082,xxx
53083,xxx
53084,xxx
53085,xxx
53086,xxx
53087,xxx
53088,xxx
53089,xxx
53090,xxx
53091,xxx
53092,xxx
53093,xxx
53094,xxx
53095,xxx
53096,xxx
53097,xxx
53098,xxx
53099,xxx
53100,xxx
53101,xxx
53102,штарѣ́
53103,xxx
53104,э́страганы
53105,xxx
53106,xxx
53107,штре́к
53108,штриско́ди
53109,штри́су
53110,штри́с
53111,xxx
53112,xxx
53113,xxx
53114,xxx
53115,xxx
53116,xxx
53117,xxx
53118,xxx
53119,xxx
53120,xxx
53121,xxx
53122,xxx
53123,xxx
53124,xxx
53125,xxx
53126,xxx
53127,xxx
53128,xxx
53129,xxx
53130,xxx
53131,xxx
53132,xxx
53133,xxx
53134,xxx
53135,xxx
53136,шутачьца́хъ
53137,xxx
53138,xxx
53139,xxx
53140,xxx
53141,xxx
53142,шуянины́
53143,шхерѫ́
53144,xxx
53145,xxx
53146,шхунѣ́
53147,xxx
53148,xxx
53149,xxx
53150,xxx
53151,xxx
53152,щелкунчицѣ́
53153,щелкунчицѣ́хъ
53154,xxx
53155,xxx
53156,xxx
53157,xxx
53158,xxx
53159,xxx
53160,xxx
53161,xxx
53162,xxx
53163,xxx
53164,xxx
53165,xxx
53166,xxx
53167,xxx
53168,xxx
53169,xxx
53170,э́вакуациаю
53171,xxx
53172,xxx
53173,xxx
53174,xxx
53175,xxx
53176,xxx
53177,xxx
53178,xxx
53179,xxx
53180,xxx
53181,xxx
53182,xxx
53183,xxx
53184,xxx
53185,xxx
53186,xxx
53187,xxx
53188,xxx
53189,xxx
53190,xxx
53191,xxx
53192,xxx
53193,xxx
53194,xxx
53195,xxx
53196,xxx
53197,xxx
53198,xxx
53199,xxx
53200,xxx
53201,xxx
53202,xxx
53203,xxx
53204,xxx
53205,xxx
53206,xxx
53207,xxx
53208,xxx
53209,xxx
53210,xxx
53211,xxx
53212,xxx
53213,xxx
53214,xxx
53215,xxx
53216,xxx
53217,экскаватарѣ́
53218,экскрѣмѣнту́
53219,xxx
53220,xxx
53221,xxx
53222,xxx
53223,xxx
53224,xxx
53225,xxx
53226,xxx
53227,xxx
53228,xxx
53229,xxx
53230,xxx
53231,xxx
53232,изгнани́а
53233,xxx
53234,xxx
53235,xxx
53236,xxx
53237,экспана́т
53238,xxx
53239,xxx
53240,xxx
53241,xxx
53242,xxx
53243,э́кспартёрѣхъ
53244,xxx
53245,xxx
53246,xxx
53247,xxx
53248,xxx
53249,xxx
53250,xxx
53251,xxx
53252,xxx
53253,xxx
53254,xxx
53255,xxx
53256,xxx
53257,xxx
53258,xxx
53259,xxx
53260,xxx
53261,xxx
53262,xxx
53263,xxx
53264,xxx
53265,xxx
53266,xxx
53267,xxx
53268,xxx
53269,xxx
53270,xxx
53271,xxx
53272,xxx
53273,э́лектараты
53274,xxx
53275,xxx
53276,xxx
53277,xxx
53278,элѣктрали́з
53279,элѣктрали́зѣхъ
53280,элѣктро́н
53281,xxx
53282,xxx
53283,элѣктрастанциа́ми
53284,xxx
53285,xxx
53286,xxx
53287,xxx
53288,xxx
53289,xxx
53290,электраэнерги́
53291,xxx
53292,xxx
53293,xxx
53294,xxx
53295,xxx
53296,xxx
53297,xxx
53298,xxx
53299,xxx
53300,xxx
53301,xxx
53302,xxx
53303,xxx
53304,эмитенты́
53305,xxx
53306,xxx
53307,xxx
53308,xxx
53309,xxx
53310,эндшпи́ль
53311,xxx
53312,xxx
53313,энергично́съть
53314,xxx
53315,xxx
53316,xxx
53317,xxx
53318,xxx
53319,xxx
53320,xxx
53321,xxx
53322,xxx
53323,xxx
53324,xxx
53325,xxx
53326,эпизадѣ́
53327,эпизо́дѣхъ
53328,xxx
53329,xxx
53330,xxx
53331,xxx
53332,xxx
53333,xxx
53334,xxx
53335,xxx
53336,xxx
53337,xxx
53338,xxx
53339,xxx
53340,xxx
53341,xxx
53342,xxx
53343,xxx
53344,эпасо́мь
53345,xxx
53346,xxx
53347,xxx
53348,xxx
53349,xxx
53350,xxx
53351,xxx
53352,xxx
53353,xxx
53354,xxx
53355,xxx
53356,xxx
53357,xxx
53358,xxx
53359,липы́
53360,xxx
53361,xxx
53362,xxx
53363,xxx
53364,xxx
53365,xxx
53366,xxx
53367,xxx
53368,xxx
53369,xxx
53370,xxx
53371,xxx
53372,xxx
53373,xxx
53374,xxx
53375,xxx
53376,xxx
53377,xxx
53378,xxx
53379,xxx
53380,xxx
53381,xxx
53382,xxx
53383,xxx
53384,xxx
53385,xxx
53386,xxx
53387,xxx
53388,xxx
53389,xxx
53390,xxx
53391,xxx
53392,xxx
53393,xxx
53394,xxx
53395,xxx
53396,э́станьци
53397,xxx
53398,xxx
53399,э́страгены
53400,xxx
53401,xxx
53402,xxx
53403,xxx
53404,xxx
53405,xxx
53406,xxx
53407,xxx
53408,этажерьца́мъ
53409,xxx
53410,xxx
53411,xxx
53412,xxx
53413,xxx
53414,xxx
53415,xxx
53416,xxx
53417,xxx
53418,xxx
53419,xxx
53420,xxx
53421,xxx
53422,xxx
53423,этналекъти́
53424,xxx
53425,xxx
53426,xxx
53427,xxx
53428,xxx
53429,xxx
53430,xxx
53431,xxx
53432,xxx
53433,xxx
53434,xxx
53435,xxx
53436,xxx
53437,xxx
53438,xxx
53439,xxx
53440,xxx
53441,xxx
53442,xxx
53443,xxx
53444,xxx
53445,этрусьци́
53446,xxx
53447,xxx
53448,xxx
53449,xxx
53450,xxx
53451,эффективно́съти
53452,xxx
53453,xxx
53454,xxx
53455,xxx
53456,xxx
53457,xxx
53458,юа́нь
53459,ю́биле
53460,xxx
53461,xxx
53462,xxx
53463,xxx
53464,xxx
53465,xxx
53466,xxx
53467,юдафо́б
53468,xxx
53469,южани́ны
53470,xxx
53471,юза́
53472,xxx
53473,xxx
53474,xxx
53475,xxx
53476,xxx
53477,xxx
53478,xxx
53479,xxx
53480,xxx
53481,xxx
53482,xxx
53483,xxx
53484,xxx
53485,xxx
53486,xxx
53487,xxx
53488,xxx
53489,xxx
53490,xxx
53491,ягнятина́
53492,xxx
53493,xxx
53494,ягняти́ны
53495,ягади́цѣ
53496,я́гадици
53497,xxx
53498,xxx
53499,xxx
53500,xxx
53501,xxx
53502,xxx
53503,xxx
53504,xxx
53505,язычни́цѣ
53506,я́зычниц
53507,язычаку́
53508,xxx
53509,xxx
53510,xxx
53511,xxx
53512,xxx
53513,xxx
53514,xxx
53515,xxx
53516,ялаве́ца
53517,ялавеци́
53518,я́лавец
53519,xxx
53520,xxx
53521,xxx
53522,xxx
53523,xxx
53524,xxx
53525,xxx
53526,xxx
53527,xxx
53528,xxx
53529,xxx
53530,xxx
53531,xxx
53532,xxx
53533,xxx
53534,xxx
53535,япане́ц
53536,xxx
53537,xxx
53538,xxx
53539,xxx
53540,xxx
53541,xxx
53542,xxx
53543,xxx
53544,я́рдѣхъ
53545,xxx
53546,xxx
53547,xxx
53548,xxx
53549,xxx
53550,xxx
53551,xxx
53552,xxx
53553,xxx
53554,xxx
53555,xxx
53556,xxx
53557,xxx
53558,xxx
53559,xxx
53560,xxx
53561,xxx
53562,xxx
53563,ящу́р
53564,xxx
53565,xxx
53566,xxx
53567,абажу́р
53568,xxx
53569,xxx
53570,xxx
53571,xxx
53572,xxx
53573,xxx
53574,xxx
53575,xxx
53576,xxx
53577,xxx
53578,xxx
53579,авто́р
53580,авто́р
53581,аге́нты
53582,xxx
53583,xxx
53584,агресси́ы
53585,xxx
53586,xxx
53587,xxx
53588,xxx
53589,а́двакатѣхъ
53590,xxx
53591,xxx
53592,xxx
53593,аисътѣ́
53594,xxx
53595,xxx
53596,а́кадемиаю
53597,xxx
53598,xxx
53599,xxx
53600,xxx
53601,xxx
53602,xxx
53603,xxx
53604,xxx
53605,xxx
53606,xxx
53607,xxx
53608,xxx
53609,xxx
53610,а́ктивисъту
53611,xxx
53612,актрисѣ́
53613,xxx
53614,xxx
53615,xxx
53616,xxx
53617,xxx
53618,xxx
53619,xxx
53620,xxx
53621,xxx
53622,xxx
53623,xxx
53624,xxx
53625,xxx
53626,а́мерицанизмъ
53627,анана́самь
53628,xxx
53629,xxx
53630,xxx
53631,xxx
53632,xxx
53633,xxx
53634,xxx
53635,xxx
53636,анекдо́та
53637,xxx
53638,xxx
53639,xxx
53640,xxx
53641,xxx
53642,xxx
53643,xxx
53644,xxx
53645,антитезы́
53646,а́нтитезами
53647,аппенди́цъсу
53648,апенди́цъсамь
53649,xxx
53650,аппендици́т
53651,xxx
53652,xxx
53653,xxx
53654,xxx
53655,xxx
53656,xxx
53657,xxx
53658,xxx
53659,xxx
53660,xxx
53661,xxx
53662,xxx
53663,xxx
53664,xxx
53665,xxx
53666,xxx
53667,xxx
53668,xxx
53669,xxx
53670,xxx
53671,xxx
53672,xxx
53673,xxx
53674,а́теисътъ
53675,xxx
53676,xxx
53677,xxx
53678,xxx
53679,xxx
53680,xxx
53681,xxx
53682,xxx
53683,xxx
53684,xxx
53685,xxx
53686,бага́ж
53687,xxx
53688,xxx
53689,xxx
53690,xxx
53691,xxx
53692,xxx
53693,xxx
53694,xxx
53695,xxx
53696,xxx
53697,xxx
53698,xxx
53699,xxx
53700,xxx
53701,xxx
53702,ба́лыку
53703,xxx
53704,xxx
53705,xxx
53706,xxx
53707,xxx
53708,ба́ньцамь
53709,xxx
53710,xxx
53711,xxx
53712,xxx
53713,ба́нкети
53714,xxx
53715,xxx
53716,xxx
53717,xxx
53718,xxx
53719,xxx
53720,xxx
53721,xxx
53722,xxx
53723,xxx
53724,xxx
53725,xxx
53726,xxx
53727,xxx
53728,xxx
53729,xxx
53730,xxx
53731,xxx
53732,xxx
53733,xxx
53734,xxx
53735,ба́тюшьцѣ
53736,xxx
53737,xxx
53738,xxx
53739,xxx
53740,xxx
53741,xxx
53742,xxx
53743,xxx
53744,xxx
53745,xxx
53746,xxx
53747,xxx
53748,беженеци́
53749,бежене́цамъ
53750,xxx
53751,xxx
53752,xxx
53753,xxx
53754,xxx
53755,бе́седьцѣ
53756,бе́седьцами
53757,xxx
53758,xxx
53759,xxx
53760,xxx
53761,xxx
53762,xxx
53763,би́знесмена
53764,бизнесме́н
53765,xxx
53766,xxx
53767,xxx
53768,билѣ́т
53769,xxx
53770,xxx
53771,xxx
53772,xxx
53773,xxx
53774,xxx
53775,билья́рдъ
53776,xxx
53777,xxx
53778,xxx
53779,xxx
53780,xxx
53781,xxx
53782,xxx
53783,благадарнасъти́и
53784,xxx
53785,бла́гатварительнасъти
53786,xxx
53787,xxx
53788,блакно́ти
53789,бланди́н
53790,xxx
53791,xxx
53792,xxx
53793,xxx
53794,xxx
53795,xxx
53796,xxx
53797,xxx
53798,xxx
53799,блю́да
53800,xxx
53801,xxx
53802,xxx
53803,xxx
53804,блю́дъцѣхъ
53805,xxx
53806,xxx
53807,xxx
53808,xxx
53809,xxx
53810,бла́ту
53811,xxx
53812,xxx
53813,блата́
53814,бла́ты
53815,xxx
53816,xxx
53817,xxx
53818,xxx
53819,xxx
53820,xxx
53821,бальни́цами
53822,xxx
53823,xxx
53824,хладе́ц
53825,бра́дахъ
53826,xxx
53827,xxx
53828,xxx
53829,xxx
53830,xxx
53831,xxx
53832,xxx
53833,xxx
53834,xxx
53835,xxx
53836,xxx
53837,xxx
53838,xxx
53839,xxx
53840,xxx
53841,xxx
53842,xxx
53843,xxx
53844,xxx
53845,xxx
53846,xxx
53847,xxx
53848,xxx
53849,xxx
53850,xxx
53851,xxx
53852,xxx
53853,xxx
53854,xxx
53855,xxx
53856,xxx
53857,xxx
53858,xxx
53859,xxx
53860,бу́дильницамь
53861,xxx
53862,xxx
53863,xxx
53864,xxx
53865,xxx
53866,бу́кеты
53867,xxx
53868,xxx
53869,булани́
53870,бурано́мъ
53871,xxx
53872,xxx
53873,xxx
53874,xxx
53875,xxx
53876,xxx
53877,xxx
53878,xxx
53879,xxx
53880,xxx
53881,ваго́нѣ
53882,xxx
53883,xxx
53884,xxx
53885,xxx
53886,xxx
53887,xxx
53888,xxx
53889,xxx
53890,ва́мпирѣхъ
53891,ва́ннѣ
53892,ванна́ми
53893,xxx
53894,xxx
53895,варѣ́ньѣ
53896,ва́рѣньамъ
53897,xxx
53898,вво́д
53899,вдавы́
53900,xxx
53901,xxx
53902,xxx
53903,xxx
53904,xxx
53905,xxx
53906,xxx
53907,ве́прь
53908,xxx
53909,ве́рѣ
53910,ве́р
53911,xxx
53912,xxx
53913,xxx
53914,xxx
53915,врѣ́тенамь
53916,xxx
53917,xxx
53918,xxx
53919,xxx
53920,xxx
53921,xxx
53922,xxx
53923,xxx
53924,xxx
53925,xxx
53926,xxx
53927,xxx
53928,xxx
53929,xxx
53930,xxx
53931,xxx
53932,xxx
53933,xxx
53934,ветчи́на
53935,xxx
53936,xxx
53937,вза́имапаниманиа
53938,xxx
53939,xxx
53940,xxx
53941,xxx
53942,xxx
53943,ви́негреты
53944,винегретѣ́хъ
53945,ви́на
53946,xxx
53947,ви́намъ
53948,ви́ны
53949,xxx
53950,xxx
53951,xxx
53952,xxx
53953,xxx
53954,xxx
53955,xxx
53956,xxx
53957,владени́амъ
53958,xxx
53959,xxx
53960,xxx
53961,xxx
53962,xxx
53963,xxx
53964,xxx
53965,внешнасъти́
53966,внешно́сътьхъ
53967,xxx
53968,xxx
53969,xxx
53970,xxx
53971,xxx
53972,xxx
53973,вну́кѣхъ
53974,xxx
53975,xxx
53976,xxx
53977,xxx
53978,xxx
53979,xxx
53980,xxx
53981,xxx
53982,xxx
53983,xxx
53984,xxx
53985,xxx
53986,xxx
53987,xxx
53988,xxx
53989,xxx
53990,вадра́сль
53991,xxx
53992,xxx
53993,xxx
53994,xxx
53995,xxx
53996,xxx
53997,xxx
53998,xxx
53999,xxx
54000,вазмажно́съти
54001,во́змажнасъть
54002,xxx
54003,xxx
54004,xxx
54005,ваи́н
54006,xxx
54007,xxx
54008,xxx
54009,вакзало́мь
54010,xxx
54011,xxx
54012,xxx
54013,xxx
54014,во́ли
54015,xxx
54016,xxx
54017,xxx
54018,xxx
54019,xxx
54020,xxx
54021,xxx
54022,xxx
54023,xxx
54024,xxx
54025,xxx
54026,xxx
54027,xxx
54028,xxx
54029,xxx
54030,во́нь
54031,xxx
54032,xxx
54033,xxx
54034,xxx
54035,xxx
54036,xxx
54037,xxx
54038,xxx
54039,xxx
54040,xxx
54041,xxx
54042,xxx
54043,xxx
54044,xxx
54045,xxx
54046,xxx
54047,xxx
54048,xxx
54049,во́спитаниа
54050,xxx
54051,xxx
54052,xxx
54053,xxx
54054,xxx
54055,xxx
54056,xxx
54057,xxx
54058,xxx
54059,xxx
54060,васхадѣ́
54061,xxx
54062,xxx
54063,xxx
54064,xxx
54065,xxx
54066,xxx
54067,xxx
54068,xxx
54069,xxx
54070,вхадо́мъ
54071,xxx
54072,xxx
54073,xxx
54074,xxx
54075,выбари́
54076,выбо́ры
54077,xxx
54078,xxx
54079,xxx
54080,xxx
54081,xxx
54082,xxx
54083,xxx
54084,xxx
54085,xxx
54086,вызавѣ́
54087,вы́ключатели
54088,выключате́льмъ
54089,xxx
54090,xxx
54091,xxx
54092,xxx
54093,xxx
54094,xxx
54095,xxx
54096,выпу́сьцъ
54097,xxx
54098,вырабо́тьца
54099,xxx
54100,xxx
54101,вы́сказываниѣ
54102,xxx
54103,xxx
54104,xxx
54105,xxx
54106,xxx
54107,xxx
54108,xxx
54109,xxx
54110,xxx
54111,xxx
54112,xxx
54113,xxx
54114,xxx
54115,вы́хлап
54116,xxx
54117,вью́гаю
54118,xxx
54119,xxx
54120,xxx
54121,xxx
54122,xxx
54123,xxx
54124,xxx
54125,xxx
54126,xxx
54127,xxx
54128,xxx
54129,xxx
54130,xxx
54131,xxx
54132,xxx
54133,xxx
54134,xxx
54135,xxx
54136,xxx
54137,геаграфиѣ́
54138,xxx
54139,xxx
54140,xxx
54141,xxx
54142,xxx
54143,xxx
54144,xxx
54145,гераи́нахъ
54146,xxx
54147,xxx
54148,xxx
54149,xxx
54150,xxx
54151,xxx
54152,xxx
54153,xxx
54154,xxx
54155,гитари́стьцъ
54156,xxx
54157,xxx
54158,xxx
54159,xxx
54160,xxx
54161,галуби́
54162,xxx
54163,xxx
54164,xxx
54165,го́ньцахъ
54166,xxx
54167,xxx
54168,гардасъти́
54169,гарьци́
54170,xxx
54171,xxx
54172,xxx
54173,xxx
54174,xxx
54175,гражани́нѣ
54176,xxx
54177,xxx
54178,xxx
54179,xxx
54180,xxx
54181,xxx
54182,гаспади́на
54183,гаспади́н
54184,xxx
54185,xxx
54186,xxx
54187,xxx
54188,xxx
54189,xxx
54190,xxx
54191,xxx
54192,xxx
54193,xxx
54194,xxx
54195,градусѣ́хъ
54196,xxx
54197,гра́ни
54198,гре́чьцахъ
54199,xxx
54200,xxx
54201,xxx
54202,xxx
54203,xxx
54204,xxx
54205,xxx
54206,гро́ссмейстеры
54207,xxx
54208,xxx
54209,xxx
54210,xxx
54211,xxx
54212,xxx
54213,xxx
54214,xxx
54215,xxx
54216,грузави́ца
54217,xxx
54218,xxx
54219,xxx
54220,xxx
54221,xxx
54222,xxx
54223,гру́шѫ
54224,xxx
54225,xxx
54226,xxx
54227,xxx
54228,xxx
54229,xxx
54230,xxx
54231,xxx
54232,xxx
54233,xxx
54234,xxx
54235,xxx
54236,xxx
54237,xxx
54238,xxx
54239,xxx
54240,xxx
54241,xxx
54242,xxx
54243,xxx
54244,xxx
54245,xxx
54246,xxx
54247,xxx
54248,xxx
54249,xxx
54250,xxx
54251,xxx
54252,xxx
54253,xxx
54254,xxx
54255,xxx
54256,xxx
54257,xxx
54258,xxx
54259,xxx
54260,xxx
54261,xxx
54262,xxx
54263,xxx
54264,мо́дуляциѣ
54265,дача́ми
54266,xxx
54267,xxx
54268,xxx
54269,дѣву́шьца
54270,xxx
54271,xxx
54272,дезинтеграци́ѣ
54273,xxx
54274,xxx
54275,xxx
54276,xxx
54277,xxx
54278,xxx
54279,xxx
54280,xxx
54281,xxx
54282,xxx
54283,xxx
54284,xxx
54285,xxx
54286,xxx
54287,xxx
54288,xxx
54289,xxx
54290,xxx
54291,xxx
54292,xxx
54293,xxx
54294,xxx
54295,джины́
54296,xxx
54297,xxx
54298,xxx
54299,xxx
54300,xxx
54301,xxx
54302,xxx
54303,xxx
54304,xxx
54305,xxx
54306,xxx
54307,xxx
54308,xxx
54309,дипламо́мь
54310,директаро́мь
54311,xxx
54312,xxx
54313,xxx
54314,дирижё́р
54315,дирижё́р
54316,xxx
54317,xxx
54318,xxx
54319,xxx
54320,дискусси́амъ
54321,xxx
54322,xxx
54323,xxx
54324,xxx
54325,xxx
54326,xxx
54327,xxx
54328,xxx
54329,xxx
54330,xxx
54331,диффрѣнциациа́ми
54332,до́бычы
54333,дабы́чы
54334,xxx
54335,xxx
54336,xxx
54337,xxx
54338,до́вѣрчивасътьмъ
54339,xxx
54340,xxx
54341,xxx
54342,до́жъди
54343,xxx
54344,xxx
54345,xxx
54346,xxx
54347,до́клади
54348,xxx
54349,xxx
54350,xxx
54351,xxx
54352,дла́та
54353,дамахазя́йьци
54354,xxx
54355,до́мрабатницаю
54356,xxx
54357,xxx
54358,xxx
54359,дамысела́
54360,xxx
54361,xxx
54362,до́насу
54363,xxx
54364,xxx
54365,xxx
54366,xxx
54367,xxx
54368,xxx
54369,xxx
54370,xxx
54371,xxx
54372,xxx
54373,xxx
54374,xxx
54375,xxx
54376,xxx
54377,xxx
54378,xxx
54379,xxx
54380,xxx
54381,xxx
54382,xxx
54383,xxx
54384,xxx
54385,xxx
54386,xxx
54387,xxx
54388,xxx
54389,xxx
54390,xxx
54391,дума́
54392,ду́плъ
54393,xxx
54394,xxx
54395,xxx
54396,xxx
54397,дына́
54398,ды́намъ
54399,дьяво́лы
54400,xxx
54401,xxx
54402,xxx
54403,xxx
54404,xxx
54405,xxx
54406,xxx
54407,xxx
54408,xxx
54409,ё́мкасъти
54410,xxx
54411,xxx
54412,жа́лабы
54413,xxx
54414,xxx
54415,жемчу́г
54416,xxx
54417,жени́су
54418,xxx
54419,xxx
54420,xxx
54421,xxx
54422,xxx
54423,xxx
54424,xxx
54425,xxx
54426,xxx
54427,xxx
54428,xxx
54429,xxx
54430,xxx
54431,xxx
54432,xxx
54433,xxx
54434,xxx
54435,xxx
54436,xxx
54437,жло́бамь
54438,xxx
54439,xxx
54440,xxx
54441,xxx
54442,xxx
54443,xxx
54444,xxx
54445,жу́рнали
54446,xxx
54447,xxx
54448,xxx
54449,xxx
54450,xxx
54451,xxx
54452,жу́тьхъ
54453,xxx
54454,xxx
54455,xxx
54456,xxx
54457,xxx
54458,забо́та
54459,xxx
54460,xxx
54461,xxx
54462,xxx
54463,зави́съть
54464,xxx
54465,за́вадамь
54466,xxx
54467,xxx
54468,xxx
54469,за́вязи
54470,за́вязьхъ
54471,xxx
54472,за́ёма
54473,xxx
54474,зака́з
54475,xxx
54476,заключениу́
54477,xxx
54478,xxx
54479,закана́
54480,за́каннасъти
54481,за́каннасъти
54482,xxx
54483,заканамернасътьми́
54484,заканамерно́сътьхъ
54485,xxx
54486,занавесо́мь
54487,амфибалы́
54488,xxx
54489,xxx
54490,за́падны
54491,запа́дны
54492,за́пас
54493,xxx
54494,xxx
54495,xxx
54496,xxx
54497,xxx
54498,xxx
54499,xxx
54500,xxx
54501,xxx
54502,xxx
54503,xxx
54504,xxx
54505,xxx
54506,xxx
54507,xxx
54508,xxx
54509,xxx
54510,xxx
54511,xxx
54512,xxx
54513,заста́вы
54514,xxx
54515,xxx
54516,xxx
54517,xxx
54518,xxx
54519,xxx
54520,xxx
54521,затыло́ки
54522,xxx
54523,xxx
54524,xxx
54525,xxx
54526,за́щит
54527,заяцу́
54528,xxx
54529,xxx
54530,xxx
54531,звездалёта́
54532,xxx
54533,xxx
54534,зве́ри
54535,зве́ри
54536,xxx
54537,зво́н
54538,xxx
54539,xxx
54540,зву́камъ
54541,звукы́
54542,xxx
54543,xxx
54544,xxx
54545,xxx
54546,зе́лени
54547,зельо́
54548,xxx
54549,xxx
54550,xxx
54551,xxx
54552,xxx
54553,инквизици́ы
54554,xxx
54555,xxx
54556,xxx
54557,прѣкличьцѫ́
54558,xxx
54559,зе́рна
54560,xxx
54561,xxx
54562,xxx
54563,xxx
54564,xxx
54565,xxx
54566,xxx
54567,xxx
54568,xxx
54569,xxx
54570,xxx
54571,xxx
54572,xxx
54573,xxx
54574,xxx
54575,xxx
54576,xxx
54577,xxx
54578,xxx
54579,xxx
54580,xxx
54581,xxx
54582,заамагазины́
54583,xxx
54584,xxx
54585,xxx
54586,xxx
54587,xxx
54588,xxx
54589,xxx
54590,xxx
54591,xxx
54592,xxx
54593,xxx
54594,зрите́ль
54595,xxx
54596,xxx
54597,зрите́льхъ
54598,зу́бу
54599,зу́б
54600,xxx
54601,xxx
54602,xxx
54603,xxx
54604,зу́д
54605,xxx
54606,зяблицѣ́хъ
54607,xxx
54608,xxx
54609,xxx
54610,xxx
54611,xxx
54612,xxx
54613,xxx
54614,xxx
54615,xxx
54616,xxx
54617,xxx
54618,xxx
54619,xxx
54620,xxx
54621,xxx
54622,xxx
54623,xxx
54624,xxx
54625,xxx
54626,xxx
54627,xxx
54628,xxx
54629,xxx
54630,xxx
54631,xxx
54632,xxx
54633,и́зъбамъ
54634,xxx
54635,xxx
54636,xxx
54637,xxx
54638,xxx
54639,xxx
54640,xxx
54641,xxx
54642,xxx
54643,издате́льства
54644,издательства́
54645,xxx
54646,xxx
54647,xxx
54648,xxx
54649,xxx
54650,xxx
54651,xxx
54652,xxx
54653,xxx
54654,xxx
54655,xxx
54656,изменни́ца
54657,xxx
54658,xxx
54659,xxx
54660,xxx
54661,xxx
54662,xxx
54663,xxx
54664,ицро́ю
54665,xxx
54666,xxx
54667,импичме́нту
54668,импичменты́
54669,и́наугурациѫ
54670,xxx
54671,инаугурациа́мъ
54672,xxx
54673,инвестициѣ́
54674,и́нвестициы
54675,xxx
54676,xxx
54677,xxx
54678,индю́к
54679,и́ндюкамь
54680,xxx
54681,xxx
54682,ине́и
54683,xxx
54684,и́нѣрциаю
54685,xxx
54686,xxx
54687,xxx
54688,xxx
54689,институ́тѣ
54690,xxx
54691,xxx
54692,xxx
54693,xxx
54694,xxx
54695,xxx
54696,xxx
54697,xxx
54698,xxx
54699,инструменти́
54700,инструме́нты
54701,xxx
54702,разнагласиа́
54703,и́нфаркътъ
54704,xxx
54705,xxx
54706,xxx
54707,xxx
54708,xxx
54709,xxx
54710,xxx
54711,xxx
54712,xxx
54713,и́рризациаю
54714,xxx
54715,xxx
54716,xxx
54717,xxx
54718,xxx
54719,xxx
54720,xxx
54721,xxx
54722,xxx
54723,xxx
54724,xxx
54725,xxx
54726,xxx
54727,xxx
54728,xxx
54729,xxx
54730,xxx
54731,xxx
54732,xxx
54733,xxx
54734,xxx
54735,xxx
54736,xxx
54737,июньми́
54738,xxx
54739,xxx
54740,xxx
54741,xxx
54742,xxx
54743,xxx
54744,xxx
54745,xxx
54746,xxx
54747,xxx
54748,xxx
54749,xxx
54750,ка́ктуси
54751,календа́рь
54752,календа́рьѭ
54753,xxx
54754,xxx
54755,xxx
54756,xxx
54757,xxx
54758,xxx
54759,каме́ньми
54760,xxx
54761,xxx
54762,xxx
54763,xxx
54764,xxx
54765,xxx
54766,ка́плѣ
54767,ка́плы
54768,карма́н
54769,xxx
54770,xxx
54771,xxx
54772,xxx
54773,xxx
54774,xxx
54775,xxx
54776,xxx
54777,xxx
54778,xxx
54779,xxx
54780,xxx
54781,xxx
54782,xxx
54783,xxx
54784,xxx
54785,xxx
54786,xxx
54787,xxx
54788,xxx
54789,xxx
54790,xxx
54791,xxx
54792,xxx
54793,xxx
54794,xxx
54795,xxx
54796,xxx
54797,xxx
54798,xxx
54799,xxx
54800,кассиро́мъ
54801,xxx
54802,xxx
54803,xxx
54804,каче́ства
54805,кашта́н
54806,xxx
54807,каютѣ́
54808,xxx
54809,xxx
54810,xxx
54811,xxx
54812,кварта́лы
54813,xxx
54814,ква́ртплата
54815,xxx
54816,xxx
54817,xxx
54818,ке́дръ
54819,xxx
54820,xxx
54821,кепьца́ми
54822,xxx
54823,xxx
54824,xxx
54825,xxx
54826,xxx
54827,xxx
54828,xxx
54829,xxx
54830,xxx
54831,xxx
54832,xxx
54833,xxx
54834,xxx
54835,кирпичи́
54836,xxx
54837,xxx
54838,xxx
54839,xxx
54840,xxx
54841,xxx
54842,xxx
54843,xxx
54844,xxx
54845,кишечницо́мь
54846,xxx
54847,xxx
54848,xxx
54849,xxx
54850,xxx
54851,xxx
54852,xxx
54853,xxx
54854,классифицациѣ́
54855,классифицациа́хъ
54856,xxx
54857,xxx
54858,xxx
54859,xxx
54860,xxx
54861,xxx
54862,xxx
54863,xxx
54864,кле́тьцъ
54865,клёнѣ́
54866,клиенты́
54867,кли́чьца
54868,кли́чьцѣ
54869,xxx
54870,xxx
54871,xxx
54872,кло́кѣхъ
54873,xxx
54874,xxx
54875,xxx
54876,xxx
54877,xxx
54878,xxx
54879,xxx
54880,xxx
54881,xxx
54882,xxx
54883,xxx
54884,xxx
54885,xxx
54886,клю́в
54887,xxx
54888,xxx
54889,кни́жьцаю
54890,xxx
54891,xxx
54892,xxx
54893,xxx
54894,xxx
54895,xxx
54896,xxx
54897,xxx
54898,xxx
54899,xxx
54900,xxx
54901,xxx
54902,xxx
54903,xxx
54904,xxx
54905,xxx
54906,xxx
54907,xxx
54908,xxx
54909,xxx
54910,ко́гатьми
54911,xxx
54912,xxx
54913,xxx
54914,xxx
54915,xxx
54916,xxx
54917,xxx
54918,xxx
54919,xxx
54920,xxx
54921,xxx
54922,xxx
54923,xxx
54924,xxx
54925,xxx
54926,xxx
54927,xxx
54928,xxx
54929,xxx
54930,каллего́ю
54931,xxx
54932,xxx
54933,xxx
54934,xxx
54935,xxx
54936,xxx
54937,кла́децамь
54938,кла́децѣ
54939,xxx
54940,xxx
54941,xxx
54942,xxx
54943,xxx
54944,xxx
54945,xxx
54946,xxx
54947,xxx
54948,xxx
54949,xxx
54950,xxx
54951,xxx
54952,xxx
54953,xxx
54954,xxx
54955,xxx
54956,камите́ты
54957,xxx
54958,ко́мпаниы
54959,xxx
54960,xxx
54961,xxx
54962,xxx
54963,xxx
54964,ко́мпатамъ
54965,xxx
54966,xxx
54967,ко́мфартъ
54968,камфо́ртъ
54969,xxx
54970,xxx
54971,камфо́ртѣхъ
54972,xxx
54973,xxx
54974,xxx
54975,xxx
54976,xxx
54977,xxx
54978,xxx
54979,канку́рса
54980,канструкциы́
54981,xxx
54982,xxx
54983,канфрантациа́
54984,xxx
54985,xxx
54986,xxx
54987,xxx
54988,xxx
54989,xxx
54990,xxx
54991,xxx
54992,xxx
54993,xxx
54994,xxx
54995,xxx
54996,xxx
54997,xxx
54998,xxx
54999,xxx
55000,xxx
55001,xxx
55002,xxx
55003,xxx
55004,xxx
55005,xxx
55006,xxx
55007,xxx
55008,xxx
55009,xxx
55010,xxx
55011,xxx
55012,xxx
55013,xxx
55014,xxx
55015,xxx
55016,кравы́
55017,xxx
55018,xxx
55019,кданациы́
55020,xxx
55021,xxx
55022,xxx
55023,ко́рытѣхъ
55024,xxx
55025,xxx
55026,xxx
55027,касмети́ци
55028,касметица́мъ
55029,ко́сманавть
55030,xxx
55031,xxx
55032,xxx
55033,касманавтьми́
55034,xxx
55035,xxx
55036,xxx
55037,xxx
55038,xxx
55039,xxx
55040,xxx
55041,xxx
55042,xxx
55043,xxx
55044,xxx
55045,xxx
55046,катёно́к
55047,xxx
55048,xxx
55049,xxx
55050,xxx
55051,xxx
55052,xxx
55053,xxx
55054,кафейни́ци
55055,xxx
55056,xxx
55057,xxx
55058,xxx
55059,xxx
55060,xxx
55061,xxx
55062,xxx
55063,xxx
55064,xxx
55065,xxx
55066,кашелё́ка
55067,кашелё́к
55068,xxx
55069,xxx
55070,xxx
55071,xxx
55072,xxx
55073,xxx
55074,xxx
55075,пе́рсътамъ
55076,xxx
55077,xxx
55078,кра́сьци
55079,красьца́хъ
55080,xxx
55081,xxx
55082,xxx
55083,xxx
55084,xxx
55085,xxx
55086,xxx
55087,xxx
55088,xxx
55089,xxx
55090,xxx
55091,xxx
55092,xxx
55093,xxx
55094,xxx
55095,xxx
55096,xxx
55097,xxx
55098,xxx
55099,xxx
55100,xxx
55101,xxx
55102,xxx
55103,xxx
55104,xxx
55105,xxx
55106,кругавра́т
55107,xxx
55108,xxx
55109,xxx
55110,xxx
55111,xxx
55112,кры́шами
55113,xxx
55114,xxx
55115,xxx
55116,xxx
55117,xxx
55118,xxx
55119,кузнечи́ци
55120,xxx
55121,куки́шѣ
55122,xxx
55123,xxx
55124,xxx
55125,xxx
55126,xxx
55127,курици́
55128,xxx
55129,xxx
55130,xxx
55131,xxx
55132,xxx
55133,xxx
55134,xxx
55135,xxx
55136,xxx
55137,xxx
55138,xxx
55139,xxx
55140,xxx
55141,xxx
55142,xxx
55143,xxx
55144,xxx
55145,xxx
55146,xxx
55147,xxx
55148,ла́герьѭ
55149,xxx
55150,xxx
55151,xxx
55152,xxx
55153,xxx
55154,xxx
55155,лампѣ́
55156,xxx
55157,xxx
55158,xxx
55159,xxx
55160,xxx
55161,ла́нгусъты
55162,xxx
55163,xxx
55164,xxx
55165,xxx
55166,xxx
55167,xxx
55168,а́бессивѣ
55169,xxx
55170,ла́пы
55171,лапо́тьѭ
55172,xxx
55173,ла́пъши
55174,xxx
55175,xxx
55176,xxx
55177,xxx
55178,xxx
55179,xxx
55180,xxx
55181,xxx
55182,xxx
55183,xxx
55184,xxx
55185,xxx
55186,ле́нтѫ
55187,ле́нтамъ
55188,xxx
55189,xxx
55190,xxx
55191,xxx
55192,xxx
55193,xxx
55194,xxx
55195,xxx
55196,xxx
55197,xxx
55198,xxx
55199,xxx
55200,xxx
55201,xxx
55202,xxx
55203,xxx
55204,ли́вени
55205,xxx
55206,лимана́дѣхъ
55207,xxx
55208,xxx
55209,xxx
55210,линиѣ́
55211,ли́пахъ
55212,xxx
55213,xxx
55214,xxx
55215,ли́фъти
55216,xxx
55217,xxx
55218,xxx
55219,xxx
55220,лично́сътьхъ
55221,xxx
55222,xxx
55223,xxx
55224,xxx
55225,xxx
55226,xxx
55227,xxx
55228,xxx
55229,xxx
55230,ло́джиаю
55231,xxx
55232,xxx
55233,xxx
55234,xxx
55235,xxx
55236,xxx
55237,ло́за
55238,xxx
55239,xxx
55240,ло́зѣ
55241,ло́з
55242,xxx
55243,xxx
55244,xxx
55245,xxx
55246,ло́зуньзъ
55247,xxx
55248,xxx
55249,xxx
55250,xxx
55251,xxx
55252,xxx
55253,xxx
55254,xxx
55255,xxx
55256,xxx
55257,xxx
55258,xxx
55259,xxx
55260,xxx
55261,xxx
55262,xxx
55263,xxx
55264,xxx
55265,xxx
55266,xxx
55267,xxx
55268,xxx
55269,xxx
55270,xxx
55271,лукавица́
55272,xxx
55273,xxx
55274,xxx
55275,xxx
55276,xxx
55277,xxx
55278,xxx
55279,xxx
55280,xxx
55281,xxx
55282,любапытствѣ́хъ
55283,xxx
55284,xxx
55285,xxx
55286,xxx
55287,xxx
55288,xxx
55289,xxx
55290,xxx
55291,xxx
55292,xxx
55293,xxx
55294,xxx
55295,xxx
55296,xxx
55297,xxx
55298,xxx
55299,xxx
55300,мали́наю
55301,xxx
55302,малы́шѣ
55303,xxx
55304,xxx
55305,xxx
55306,xxx
55307,xxx
55308,xxx
55309,xxx
55310,xxx
55311,xxx
55312,xxx
55313,xxx
55314,xxx
55315,xxx
55316,xxx
55317,xxx
55318,xxx
55319,xxx
55320,xxx
55321,xxx
55322,xxx
55323,xxx
55324,xxx
55325,xxx
55326,маршрути́
55327,xxx
55328,ма́стер
55329,xxx
55330,xxx
55331,материа́л
55332,xxx
55333,матра́са
55334,ма́трасы
55335,xxx
55336,xxx
55337,xxx
55338,xxx
55339,xxx
55340,xxx
55341,xxx
55342,xxx
55343,xxx
55344,xxx
55345,xxx
55346,xxx
55347,xxx
55348,xxx
55349,медицина́
55350,медсестры́
55351,xxx
55352,xxx
55353,xxx
55354,xxx
55355,межо́ю
55356,xxx
55357,xxx
55358,xxx
55359,xxx
55360,xxx
55361,xxx
55362,xxx
55363,ме́нѫ
55364,мена́хъ
55365,xxx
55366,xxx
55367,xxx
55368,мѣнѣджѣро́мъ
55369,xxx
55370,месяцѣ́
55371,xxx
55372,мѣталло́мь
55373,xxx
55374,xxx
55375,xxx
55376,метельми́
55377,xxx
55378,xxx
55379,xxx
55380,xxx
55381,механи́змѣхъ
55382,ме́чъта
55383,xxx
55384,xxx
55385,xxx
55386,xxx
55387,xxx
55388,xxx
55389,xxx
55390,xxx
55391,xxx
55392,xxx
55393,мидиы́
55394,xxx
55395,xxx
55396,xxx
55397,милицианеры́
55398,xxx
55399,xxx
55400,xxx
55401,xxx
55402,xxx
55403,xxx
55404,xxx
55405,xxx
55406,xxx
55407,xxx
55408,xxx
55409,xxx
55410,xxx
55411,xxx
55412,xxx
55413,xxx
55414,xxx
55415,xxx
55416,xxx
55417,xxx
55418,xxx
55419,xxx
55420,xxx
55421,xxx
55422,xxx
55423,xxx
55424,xxx
55425,xxx
55426,xxx
55427,xxx
55428,xxx
55429,xxx
55430,xxx
55431,малниа́
55432,мални́ы
55433,мални́
55434,xxx
55435,xxx
55436,xxx
55437,xxx
55438,xxx
55439,мо́рды
55440,xxx
55441,xxx
55442,xxx
55443,xxx
55444,xxx
55445,xxx
55446,xxx
55447,маставаа́хъ
55448,xxx
55449,xxx
55450,xxx
55451,xxx
55452,xxx
55453,xxx
55454,xxx
55455,xxx
55456,xxx
55457,xxx
55458,xxx
55459,xxx
55460,му́ли
55461,xxx
55462,xxx
55463,xxx
55464,xxx
55465,xxx
55466,мы́ши
55467,xxx
55468,мя́ч
55469,на́блюдениа
55470,xxx
55471,xxx
55472,xxx
55473,xxx
55474,xxx
55475,xxx
55476,xxx
55477,xxx
55478,xxx
55479,награда́хъ
55480,xxx
55481,xxx
55482,xxx
55483,xxx
55484,xxx
55485,на́казаниа
55486,xxx
55487,xxx
55488,xxx
55489,xxx
55490,xxx
55491,xxx
55492,xxx
55493,xxx
55494,xxx
55495,xxx
55496,xxx
55497,xxx
55498,xxx
55499,налажениу́
55500,xxx
55501,налажени́ы
55502,намрѣнио́
55503,xxx
55504,xxx
55505,xxx
55506,xxx
55507,xxx
55508,xxx
55509,xxx
55510,xxx
55511,xxx
55512,xxx
55513,xxx
55514,напряжени́амь
55515,xxx
55516,xxx
55517,напряжениы́
55518,населени́а
55519,xxx
55520,xxx
55521,xxx
55522,xxx
55523,насле́дствы
55524,xxx
55525,xxx
55526,xxx
55527,xxx
55528,настраенио́
55529,xxx
55530,xxx
55531,xxx
55532,xxx
55533,xxx
55534,xxx
55535,xxx
55536,xxx
55537,на́цианальнасъти
55538,на́цианальнасъти
55539,xxx
55540,xxx
55541,xxx
55542,xxx
55543,xxx
55544,xxx
55545,xxx
55546,xxx
55547,xxx
55548,xxx
55549,xxx
55550,xxx
55551,xxx
55552,недело́ю
55553,xxx
55554,xxx
55555,xxx
55556,xxx
55557,xxx
55558,xxx
55559,xxx
55560,xxx
55561,xxx
55562,xxx
55563,xxx
55564,xxx
55565,xxx
55566,xxx
55567,xxx
55568,xxx
55569,xxx
55570,xxx
55571,xxx
55572,xxx
55573,xxx
55574,xxx
55575,ни́зу
55576,xxx
55577,xxx
55578,xxx
55579,xxx
55580,xxx
55581,xxx
55582,xxx
55583,наво́сътьхъ
55584,xxx
55585,xxx
55586,xxx
55587,наме́р
55588,наме́рамь
55589,но́рѣ
55590,xxx
55591,xxx
55592,насильщи́цамь
55593,xxx
55594,xxx
55595,xxx
55596,xxx
55597,xxx
55598,но́сраг
55599,наябри́
55600,но́ябрьхъ
55601,xxx
55602,xxx
55603,xxx
55604,xxx
55605,абвинѣниѣ́
55606,абвинѣни́амъ
55607,xxx
55608,xxx
55609,xxx
55610,о́беспечениа
55611,xxx
55612,xxx
55613,xxx
55614,xxx
55615,xxx
55616,xxx
55617,xxx
55618,xxx
55619,xxx
55620,xxx
55621,xxx
55622,xxx
55623,xxx
55624,xxx
55625,xxx
55626,xxx
55627,аблегчениа́
55628,xxx
55629,абмано́мь
55630,xxx
55631,xxx
55632,xxx
55633,xxx
55634,xxx
55635,xxx
55636,xxx
55637,вла́кнамь
55638,xxx
55639,xxx
55640,xxx
55641,xxx
55642,xxx
55643,xxx
55644,xxx
55645,xxx
55646,xxx
55647,xxx
55648,xxx
55649,xxx
55650,xxx
55651,xxx
55652,xxx
55653,абсуждени́ѣхъ
55654,xxx
55655,xxx
55656,xxx
55657,абщежити́
55658,абщежити́амъ
55659,абъё́мы
55660,xxx
55661,xxx
55662,xxx
55663,xxx
55664,xxx
55665,xxx
55666,xxx
55667,xxx
55668,xxx
55669,xxx
55670,xxx
55671,xxx
55672,xxx
55673,аганё́к
55674,аганё́кы
55675,xxx
55676,xxx
55677,xxx
55678,xxx
55679,xxx
55680,xxx
55681,аградѣ́
55682,xxx
55683,xxx
55684,xxx
55685,xxx
55686,xxx
55687,xxx
55688,xxx
55689,xxx
55690,xxx
55691,о́дабрениа
55692,ажрѣ́льу
55693,xxx
55694,xxx
55695,xxx
55696,xxx
55697,xxx
55698,аккультизмо́мъ
55699,xxx
55700,xxx
55701,акла́дамь
55702,xxx
55703,xxx
55704,о́камь
55705,о́ка
55706,xxx
55707,xxx
55708,xxx
55709,xxx
55710,xxx
55711,xxx
55712,xxx
55713,xxx
55714,xxx
55715,xxx
55716,xxx
55717,xxx
55718,xxx
55719,xxx
55720,xxx
55721,xxx
55722,xxx
55723,амари́
55724,xxx
55725,xxx
55726,xxx
55727,xxx
55728,xxx
55729,xxx
55730,xxx
55731,xxx
55732,апыто́мь
55733,xxx
55734,xxx
55735,xxx
55736,xxx
55737,xxx
55738,о́рганизациа
55739,xxx
55740,xxx
55741,xxx
55742,xxx
55743,xxx
55744,xxx
55745,xxx
55746,xxx
55747,xxx
55748,xxx
55749,xxx
55750,xxx
55751,xxx
55752,xxx
55753,xxx
55754,xxx
55755,xxx
55756,xxx
55757,xxx
55758,xxx
55759,xxx
55760,xxx
55761,xxx
55762,xxx
55763,xxx
55764,xxx
55765,xxx
55766,xxx
55767,xxx
55768,о́свещениа
55769,xxx
55770,xxx
55771,асё́ли
55772,xxx
55773,xxx
55774,xxx
55775,аснаваниы́
55776,о́снава
55777,xxx
55778,xxx
55779,xxx
55780,асно́вы
55781,о́сабеннасъти
55782,xxx
55783,xxx
55784,аставлениа́
55785,о́станавьца
55786,xxx
55787,xxx
55788,атветѣ́
55789,xxx
55790,xxx
55791,о́твёртьцамъ
55792,о́тделениу
55793,xxx
55794,xxx
55795,xxx
55796,xxx
55797,xxx
55798,xxx
55799,xxx
55800,xxx
55801,ате́ль
55802,xxx
55803,о́тели
55804,xxx
55805,ательми́
55806,xxx
55807,xxx
55808,xxx
55809,xxx
55810,xxx
55811,xxx
55812,xxx
55813,xxx
55814,xxx
55815,xxx
55816,xxx
55817,xxx
55818,xxx
55819,атаплени́а
55820,xxx
55821,xxx
55822,xxx
55823,xxx
55824,xxx
55825,атпу́сьцамъ
55826,о́тпусьци
55827,xxx
55828,xxx
55829,xxx
55830,xxx
55831,xxx
55832,xxx
55833,xxx
55834,xxx
55835,xxx
55836,xxx
55837,xxx
55838,xxx
55839,xxx
55840,xxx
55841,xxx
55842,xxx
55843,xxx
55844,xxx
55845,xxx
55846,атчаяни́а
55847,xxx
55848,xxx
55849,о́фисы
55850,xxx
55851,xxx
55852,xxx
55853,xxx
55854,xxx
55855,xxx
55856,xxx
55857,о́шибьцѫ
55858,о́шибьцаю
55859,о́шибьци
55860,ащущени́амъ
55861,па́виланамь
55862,xxx
55863,xxx
55864,xxx
55865,xxx
55866,xxx
55867,xxx
55868,xxx
55869,xxx
55870,xxx
55871,xxx
55872,xxx
55873,xxx
55874,xxx
55875,xxx
55876,xxx
55877,xxx
55878,xxx
55879,xxx
55880,xxx
55881,xxx
55882,xxx
55883,xxx
55884,xxx
55885,xxx
55886,xxx
55887,xxx
55888,панци́ри
55889,xxx
55890,xxx
55891,xxx
55892,па́нцирьми
55893,xxx
55894,xxx
55895,xxx
55896,xxx
55897,xxx
55898,xxx
55899,xxx
55900,параме́тръ
55901,xxx
55902,xxx
55903,xxx
55904,xxx
55905,xxx
55906,xxx
55907,xxx
55908,xxx
55909,xxx
55910,xxx
55911,xxx
55912,xxx
55913,xxx
55914,па́русѣ
55915,xxx
55916,паспарто́мъ
55917,xxx
55918,xxx
55919,xxx
55920,xxx
55921,xxx
55922,паука́
55923,xxx
55924,xxx
55925,xxx
55926,xxx
55927,па́циентъ
55928,xxx
55929,xxx
55930,xxx
55931,па́чьцѫ
55932,xxx
55933,па́чьцами
55934,xxx
55935,xxx
55936,xxx
55937,xxx
55938,xxx
55939,xxx
55940,xxx
55941,xxx
55942,xxx
55943,xxx
55944,xxx
55945,xxx
55946,xxx
55947,xxx
55948,xxx
55949,xxx
55950,xxx
55951,xxx
55952,xxx
55953,xxx
55954,xxx
55955,xxx
55956,xxx
55957,xxx
55958,xxx
55959,xxx
55960,xxx
55961,xxx
55962,xxx
55963,xxx
55964,xxx
55965,xxx
55966,xxx
55967,xxx
55968,xxx
55969,xxx
55970,xxx
55971,xxx
55972,прѣвра́ты
55973,xxx
55974,xxx
55975,xxx
55976,xxx
55977,xxx
55978,xxx
55979,xxx
55980,xxx
55981,прѣда́ча
55982,прѣ́дачы
55983,xxx
55984,xxx
55985,xxx
55986,xxx
55987,прѣ́дйици
55988,xxx
55989,xxx
55990,xxx
55991,прѣе́зъдъ
55992,xxx
55993,xxx
55994,xxx
55995,xxx
55996,прѣпи́си
55997,xxx
55998,прѣплёту́
55999,xxx
56000,xxx
56001,xxx
56002,xxx
56003,xxx
56004,прѣсечениѣ́
56005,xxx
56006,xxx
56007,xxx
56008,прѣ́хаду
56009,прѣхо́дамь
56010,xxx
56011,xxx
56012,пе́ринаю
56013,перинѣ́
56014,xxx
56015,xxx
56016,xxx
56017,перина́ми
56018,xxx
56019,xxx
56020,xxx
56021,xxx
56022,xxx
56023,xxx
56024,перси́ци
56025,пѣ́рсанала
56026,пѣ́рсаналу
56027,xxx
56028,xxx
56029,xxx
56030,xxx
56031,песнѫ́
56032,песна́хъ
56033,пе́сътъ
56034,xxx
56035,xxx
56036,xxx
56037,xxx
56038,xxx
56039,xxx
56040,xxx
56041,xxx
56042,xxx
56043,xxx
56044,xxx
56045,xxx
56046,пѣ́чьцамъ
56047,xxx
56048,xxx
56049,пи́алѣ
56050,xxx
56051,xxx
56052,xxx
56053,xxx
56054,xxx
56055,xxx
56056,xxx
56057,xxx
56058,xxx
56059,xxx
56060,xxx
56061,xxx
56062,xxx
56063,xxx
56064,xxx
56065,xxx
56066,xxx
56067,xxx
56068,xxx
56069,xxx
56070,xxx
56071,xxx
56072,пи́сьма
56073,xxx
56074,xxx
56075,xxx
56076,xxx
56077,xxx
56078,xxx
56079,пи́тамецѣ
56080,xxx
56081,xxx
56082,xxx
56083,xxx
56084,xxx
56085,xxx
56086,xxx
56087,xxx
56088,xxx
56089,xxx
56090,xxx
56091,xxx
56092,xxx
56093,xxx
56094,xxx
56095,xxx
56096,xxx
56097,пла́тфармамъ
56098,xxx
56099,xxx
56100,племянни́ца
56101,пле́мянниц
56102,xxx
56103,xxx
56104,xxx
56105,xxx
56106,xxx
56107,xxx
56108,плиты́
56109,xxx
56110,xxx
56111,xxx
56112,xxx
56113,xxx
56114,xxx
56115,xxx
56116,xxx
56117,xxx
56118,xxx
56119,xxx
56120,пло́щади
56121,плюси́
56122,xxx
56123,xxx
56124,xxx
56125,xxx
56126,xxx
56127,xxx
56128,xxx
56129,xxx
56130,xxx
56131,xxx
56132,xxx
56133,паведени́а
56134,xxx
56135,xxx
56136,xxx
56137,xxx
56138,xxx
56139,xxx
56140,xxx
56141,xxx
56142,xxx
56143,xxx
56144,xxx
56145,xxx
56146,xxx
56147,по́грѣб
56148,xxx
56149,xxx
56150,xxx
56151,xxx
56152,xxx
56153,xxx
56154,xxx
56155,xxx
56156,xxx
56157,падвалѣ́хъ
56158,xxx
56159,xxx
56160,xxx
56161,xxx
56162,xxx
56163,xxx
56164,xxx
56165,xxx
56166,xxx
56167,xxx
56168,xxx
56169,xxx
56170,по́дданствѣ
56171,по́дданствамъ
56172,xxx
56173,xxx
56174,xxx
56175,xxx
56176,xxx
56177,xxx
56178,xxx
56179,xxx
56180,xxx
56181,xxx
56182,xxx
56183,xxx
56184,xxx
56185,падпи́сьхъ
56186,xxx
56187,xxx
56188,xxx
56189,xxx
56190,xxx
56191,xxx
56192,xxx
56193,паду́шьцаю
56194,xxx
56195,по́дъезъдѣ
56196,xxx
56197,падъёмо́мъ
56198,по́ездьца
56199,по́ездьцаю
56200,xxx
56201,xxx
56202,xxx
56203,xxx
56204,xxx
56205,пизмѣ́нтъ
56206,по́зарамь
56207,xxx
56208,xxx
56209,xxx
56210,xxx
56211,xxx
56212,паказани́
56213,по́казаниа
56214,xxx
56215,xxx
56216,xxx
56217,xxx
56218,xxx
56219,xxx
56220,xxx
56221,xxx
56222,xxx
56223,xxx
56224,xxx
56225,по́каса
56226,по́касы
56227,xxx
56228,пализлаты́
56229,xxx
56230,xxx
56231,xxx
56232,xxx
56233,xxx
56234,xxx
56235,xxx
56236,пално́чи
56237,xxx
56238,пла́вины
56239,плавина́мъ
56240,xxx
56241,xxx
56242,пла́сами
56243,xxx
56244,xxx
56245,xxx
56246,xxx
56247,xxx
56248,xxx
56249,xxx
56250,xxx
56251,xxx
56252,xxx
56253,xxx
56254,xxx
56255,xxx
56256,xxx
56257,xxx
56258,xxx
56259,xxx
56260,xxx
56261,xxx
56262,xxx
56263,xxx
56264,xxx
56265,xxx
56266,памо́щьмъ
56267,памащи́
56268,xxx
56269,xxx
56270,xxx
56271,xxx
56272,xxx
56273,xxx
56274,xxx
56275,xxx
56276,xxx
56277,xxx
56278,xxx
56279,xxx
56280,xxx
56281,xxx
56282,xxx
56283,xxx
56284,xxx
56285,xxx
56286,xxx
56287,xxx
56288,xxx
56289,xxx
56290,по́ражѣниамъ
56291,xxx
56292,xxx
56293,xxx
56294,xxx
56295,пра́дѣ
56296,xxx
56297,xxx
56298,xxx
56299,xxx
56300,пра́ку
56301,xxx
56302,xxx
56303,xxx
56304,xxx
56305,xxx
56306,паручени́ѣхъ
56307,xxx
56308,xxx
56309,xxx
56310,xxx
56311,xxx
56312,xxx
56313,xxx
56314,xxx
56315,xxx
56316,xxx
56317,xxx
56318,xxx
56319,паслышало́
56320,xxx
56321,xxx
56322,xxx
56323,xxx
56324,xxx
56325,xxx
56326,xxx
56327,xxx
56328,xxx
56329,xxx
56330,xxx
56331,xxx
56332,xxx
56333,xxx
56334,xxx
56335,xxx
56336,xxx
56337,пасу́дами
56338,xxx
56339,xxx
56340,xxx
56341,xxx
56342,xxx
56343,xxx
56344,xxx
56345,xxx
56346,паучени́а
56347,паучени́ы
56348,xxx
56349,xxx
56350,пахо́дамъ
56351,xxx
56352,xxx
56353,xxx
56354,xxx
56355,xxx
56356,по́чётамъ
56357,пачьца́хъ
56358,xxx
56359,xxx
56360,xxx
56361,xxx
56362,по́чътамъ
56363,по́чътахъ
56364,паэ́т
56365,паэ́т
56366,xxx
56367,xxx
56368,xxx
56369,xxx
56370,xxx
56371,правите́льѭ
56372,xxx
56373,xxx
56374,xxx
56375,xxx
56376,xxx
56377,xxx
56378,xxx
56379,xxx
56380,xxx
56381,xxx
56382,xxx
56383,xxx
56384,xxx
56385,xxx
56386,xxx
56387,xxx
56388,xxx
56389,xxx
56390,xxx
56391,xxx
56392,превращени́
56393,пре́градѫ
56394,xxx
56395,xxx
56396,xxx
56397,xxx
56398,xxx
56399,xxx
56400,xxx
56401,xxx
56402,прѣдлажѣнио́
56403,предо́камъ
56404,xxx
56405,xxx
56406,xxx
56407,xxx
56408,xxx
56409,xxx
56410,xxx
56411,xxx
56412,xxx
56413,xxx
56414,xxx
56415,xxx
56416,xxx
56417,xxx
56418,xxx
56419,xxx
56420,xxx
56421,xxx
56422,xxx
56423,xxx
56424,преимуще́ствѣхъ
56425,xxx
56426,xxx
56427,xxx
56428,xxx
56429,xxx
56430,xxx
56431,xxx
56432,xxx
56433,xxx
56434,xxx
56435,xxx
56436,xxx
56437,xxx
56438,xxx
56439,xxx
56440,xxx
56441,xxx
56442,xxx
56443,xxx
56444,xxx
56445,пре́ступлениамъ
56446,xxx
56447,xxx
56448,xxx
56449,xxx
56450,xxx
56451,прѣувѣличѣни́а
56452,xxx
56453,прибыти́а
56454,xxx
56455,xxx
56456,xxx
56457,xxx
56458,xxx
56459,xxx
56460,xxx
56461,xxx
56462,xxx
56463,призаво́рѣ
56464,призра́д
56465,призра́дамъ
56466,при́езъдамъ
56467,приёмни́ца
56468,xxx
56469,xxx
56470,xxx
56471,xxx
56472,xxx
56473,xxx
56474,xxx
56475,xxx
56476,xxx
56477,прицазы́
56478,xxx
56479,xxx
56480,xxx
56481,xxx
56482,при́радѣ
56483,приспасаблениа́
56484,при́такѣ
56485,xxx
56486,xxx
56487,xxx
56488,xxx
56489,xxx
56490,xxx
56491,причё́сьцѣ
56492,причёсьца́хъ
56493,xxx
56494,xxx
56495,xxx
56496,xxx
56497,права́лы
56498,xxx
56499,xxx
56500,xxx
56501,про́граммираваниа
56502,xxx
56503,xxx
56504,xxx
56505,xxx
56506,xxx
56507,прадавѣ́цѣхъ
56508,xxx
56509,xxx
56510,xxx
56511,xxx
56512,xxx
56513,xxx
56514,прадвижениы́
56515,прадалжени́а
56516,xxx
56517,xxx
56518,праду́къту
56519,xxx
56520,xxx
56521,xxx
56522,xxx
56523,xxx
56524,праекъту́
56525,xxx
56526,xxx
56527,праизвѣдѣнио́
56528,xxx
56529,праизвѣдѣни́а
56530,xxx
56531,xxx
56532,про́извал
56533,прамышленно́сътьѭ
56534,xxx
56535,прамышленно́сътьмъ
56536,xxx
56537,xxx
56538,xxx
56539,праспе́къта
56540,xxx
56541,праспе́кътъ
56542,xxx
56543,прастара́
56544,xxx
56545,xxx
56546,xxx
56547,xxx
56548,xxx
56549,xxx
56550,xxx
56551,xxx
56552,xxx
56553,xxx
56554,xxx
56555,xxx
56556,xxx
56557,xxx
56558,xxx
56559,xxx
56560,xxx
56561,xxx
56562,xxx
56563,xxx
56564,xxx
56565,xxx
56566,xxx
56567,xxx
56568,пративастаяни́ы
56569,xxx
56570,xxx
56571,xxx
56572,xxx
56573,xxx
56574,xxx
56575,xxx
56576,xxx
56577,xxx
56578,xxx
56579,xxx
56580,праце́нта
56581,xxx
56582,xxx
56583,xxx
56584,xxx
56585,праце́съсамъ
56586,xxx
56587,xxx
56588,xxx
56589,xxx
56590,xxx
56591,xxx
56592,xxx
56593,xxx
56594,xxx
56595,xxx
56596,xxx
56597,xxx
56598,xxx
56599,xxx
56600,xxx
56601,xxx
56602,xxx
56603,xxx
56604,xxx
56605,пры́щи
56606,xxx
56607,xxx
56608,xxx
56609,xxx
56610,xxx
56611,xxx
56612,xxx
56613,xxx
56614,xxx
56615,xxx
56616,xxx
56617,xxx
56618,xxx
56619,xxx
56620,xxx
56621,xxx
56622,xxx
56623,пулемёту́
56624,xxx
56625,xxx
56626,xxx
56627,xxx
56628,xxx
56629,xxx
56630,xxx
56631,xxx
56632,xxx
56633,xxx
56634,xxx
56635,xxx
56636,xxx
56637,xxx
56638,xxx
56639,пустынѣ́
56640,xxx
56641,xxx
56642,xxx
56643,xxx
56644,пу́тёвьци
56645,xxx
56646,пшени́цами
56647,пы́лесаса
56648,xxx
56649,xxx
56650,xxx
56651,xxx
56652,xxx
56653,пы́тьци
56654,xxx
56655,пьѣ́с
56656,пьѣса́хъ
56657,xxx
56658,пя́съть
56659,xxx
56660,xxx
56661,xxx
56662,xxx
56663,xxx
56664,xxx
56665,xxx
56666,xxx
56667,xxx
56668,xxx
56669,xxx
56670,xxx
56671,xxx
56672,xxx
56673,xxx
56674,рабатни́цѣ
56675,xxx
56676,xxx
56677,со́жалениамь
56678,равенствы́
56679,равнинѣ́
56680,ра́внадушиу
56681,xxx
56682,xxx
56683,xxx
56684,ра́дасъти
56685,xxx
56686,радо́сътьмъ
56687,xxx
56688,xxx
56689,xxx
56690,xxx
56691,xxx
56692,xxx
56693,xxx
56694,xxx
56695,xxx
56696,xxx
56697,xxx
56698,xxx
56699,xxx
56700,xxx
56701,xxx
56702,xxx
56703,xxx
56704,xxx
56705,xxx
56706,xxx
56707,ра́звлѣчѣниа
56708,развлѣчѣни́а
56709,развлѣчѣни́а
56710,xxx
56711,xxx
56712,xxx
56713,xxx
56714,xxx
56715,xxx
56716,xxx
56717,xxx
56718,xxx
56719,xxx
56720,xxx
56721,xxx
56722,размеру́
56723,xxx
56724,xxx
56725,размеры́
56726,xxx
56727,разница́мъ
56728,разрешениа́
56729,xxx
56730,xxx
56731,xxx
56732,xxx
56733,райо́нѣхъ
56734,ра́йаю
56735,ра́кетѣ
56736,xxx
56737,xxx
56738,xxx
56739,xxx
56740,xxx
56741,xxx
56742,xxx
56743,xxx
56744,xxx
56745,xxx
56746,xxx
56747,распа́д
56748,xxx
56749,xxx
56750,xxx
56751,xxx
56752,рассве́тѣхъ
56753,xxx
56754,xxx
56755,расска́з
56756,xxx
56757,xxx
56758,расслыша́ла
56759,ра́сспраса
56760,xxx
56761,xxx
56762,xxx
56763,xxx
56764,xxx
56765,xxx
56766,xxx
56767,xxx
56768,xxx
56769,xxx
56770,ра́счёт
56771,xxx
56772,xxx
56773,xxx
56774,xxx
56775,xxx
56776,xxx
56777,xxx
56778,xxx
56779,xxx
56780,xxx
56781,xxx
56782,xxx
56783,xxx
56784,xxx
56785,xxx
56786,xxx
56787,xxx
56788,xxx
56789,xxx
56790,xxx
56791,xxx
56792,xxx
56793,xxx
56794,xxx
56795,резервуа́рѣ
56796,xxx
56797,xxx
56798,xxx
56799,xxx
56800,апачо́мь
56801,ганча́рны
56802,xxx
56803,xxx
56804,ре́мении
56805,xxx
56806,xxx
56807,ремеслы́
56808,xxx
56809,xxx
56810,xxx
56811,xxx
56812,xxx
56813,xxx
56814,xxx
56815,xxx
56816,xxx
56817,xxx
56818,xxx
56819,xxx
56820,рецептару́
56821,xxx
56822,xxx
56823,xxx
56824,xxx
56825,xxx
56826,xxx
56827,xxx
56828,xxx
56829,xxx
56830,xxx
56831,xxx
56832,xxx
56833,xxx
56834,xxx
56835,xxx
56836,xxx
56837,ро́дина
56838,xxx
56839,xxx
56840,xxx
56841,xxx
56842,xxx
56843,xxx
56844,ро́дници
56845,xxx
56846,xxx
56847,xxx
56848,xxx
56849,xxx
56850,xxx
56851,xxx
56852,раждаемо́съть
56853,ро́ждаемасътьхъ
56854,xxx
56855,xxx
56856,xxx
56857,xxx
56858,xxx
56859,xxx
56860,xxx
56861,xxx
56862,прамаи́ны
56863,xxx
56864,xxx
56865,xxx
56866,xxx
56867,рама́ны
56868,xxx
56869,xxx
56870,xxx
56871,xxx
56872,xxx
56873,xxx
56874,xxx
56875,xxx
56876,xxx
56877,xxx
56878,рая́ли
56879,xxx
56880,xxx
56881,xxx
56882,xxx
56883,xxx
56884,xxx
56885,xxx
56886,ру́дахъ
56887,xxx
56888,xxx
56889,xxx
56890,рули́
56891,ру́льми
56892,xxx
56893,xxx
56894,xxx
56895,xxx
56896,xxx
56897,ры́к
56898,ры́кѣхъ
56899,xxx
56900,xxx
56901,xxx
56902,xxx
56903,xxx
56904,xxx
56905,xxx
56906,сабатажи́
56907,xxx
56908,xxx
56909,xxx
56910,xxx
56911,xxx
56912,xxx
56913,xxx
56914,xxx
56915,xxx
56916,xxx
56917,xxx
56918,xxx
56919,xxx
56920,xxx
56921,xxx
56922,самаабслуживани́
56923,самасазнанио́мь
56924,xxx
56925,xxx
56926,xxx
56927,xxx
56928,xxx
56929,xxx
56930,xxx
56931,xxx
56932,xxx
56933,xxx
56934,xxx
56935,xxx
56936,xxx
56937,xxx
56938,xxx
56939,xxx
56940,xxx
56941,xxx
56942,xxx
56943,xxx
56944,сва́дьба
56945,xxx
56946,xxx
56947,xxx
56948,све́рчака
56949,xxx
56950,xxx
56951,xxx
56952,xxx
56953,xxx
56954,свё́клъ
56955,свёкла́ми
56956,xxx
56957,xxx
56958,свидѣтѣ́ли
56959,сви́ньѫ
56960,xxx
56961,xxx
56962,xxx
56963,xxx
56964,шли́фѣ
56965,xxx
56966,xxx
56967,xxx
56968,свя́зь
56969,свя́зьхъ
56970,xxx
56971,xxx
56972,xxx
56973,xxx
56974,xxx
56975,xxx
56976,xxx
56977,xxx
56978,xxx
56979,xxx
56980,сеа́нсъ
56981,xxx
56982,xxx
56983,сеансы́
56984,xxx
56985,сѣ́дламь
56986,xxx
56987,xxx
56988,xxx
56989,xxx
56990,xxx
56991,xxx
56992,xxx
56993,секундѣ́
56994,сѣлё́дьци
56995,се́мечьца
56996,xxx
56997,xxx
56998,xxx
56999,xxx
57000,xxx
57001,xxx
57002,xxx
57003,xxx
57004,xxx
57005,xxx
57006,се́рбъ
57007,серпо́мъ
57008,xxx
57009,xxx
57010,xxx
57011,xxx
57012,xxx
57013,xxx
57014,xxx
57015,xxx
57016,xxx
57017,xxx
57018,xxx
57019,xxx
57020,xxx
57021,xxx
57022,сина́пъсамь
57023,xxx
57024,xxx
57025,xxx
57026,xxx
57027,xxx
57028,xxx
57029,xxx
57030,xxx
57031,сирени́
57032,xxx
57033,xxx
57034,си́стемѣ
57035,xxx
57036,си́та
57037,сита́
57038,xxx
57039,xxx
57040,xxx
57041,xxx
57042,xxx
57043,xxx
57044,xxx
57045,xxx
57046,xxx
57047,xxx
57048,xxx
57049,xxx
57050,ске́лет
57051,xxx
57052,xxx
57053,скидьца́ми
57054,скланениа́
57055,xxx
57056,xxx
57057,xxx
57058,скра́съть
57059,скрасъти́
57060,скрасътьми́
57061,скрипьца́
57062,xxx
57063,xxx
57064,xxx
57065,xxx
57066,xxx
57067,xxx
57068,xxx
57069,xxx
57070,xxx
57071,xxx
57072,следавани́ѣ
57073,сле́даваниа
57074,xxx
57075,xxx
57076,xxx
57077,xxx
57078,xxx
57079,xxx
57080,xxx
57081,xxx
57082,xxx
57083,xxx
57084,xxx
57085,xxx
57086,xxx
57087,xxx
57088,xxx
57089,xxx
57090,xxx
57091,xxx
57092,xxx
57093,xxx
57094,xxx
57095,xxx
57096,xxx
57097,сме́ны
57098,сме́ртнасъть
57099,смертнасъти́
57100,смертно́съти
57101,смертно́сътьми
57102,смрадѣ́
57103,смы́слѣхъ
57104,сно́б
57105,xxx
57106,xxx
57107,xxx
57108,xxx
57109,xxx
57110,xxx
57111,сабеседницѣ́хъ
57112,сабарѣ́хъ
57113,xxx
57114,xxx
57115,xxx
57116,xxx
57117,xxx
57118,xxx
57119,xxx
57120,со́весътии
57121,саве́сътьхъ
57122,xxx
57123,xxx
57124,xxx
57125,со́впадениа
57126,со́впадени
57127,xxx
57128,xxx
57129,xxx
57130,xxx
57131,xxx
57132,xxx
57133,xxx
57134,xxx
57135,xxx
57136,xxx
57137,xxx
57138,xxx
57139,xxx
57140,xxx
57141,xxx
57142,xxx
57143,xxx
57144,xxx
57145,со́лдати
57146,xxx
57147,xxx
57148,xxx
57149,xxx
57150,xxx
57151,xxx
57152,xxx
57153,славе́ѣхъ
57154,сла́мѫ
57155,xxx
57156,xxx
57157,xxx
57158,xxx
57159,xxx
57160,сааружени́ѣ
57161,xxx
57162,xxx
57163,сапративлениѣ́хъ
57164,xxx
57165,xxx
57166,xxx
57167,xxx
57168,xxx
57169,со́сисьца
57170,xxx
57171,xxx
57172,xxx
57173,xxx
57174,xxx
57175,xxx
57176,xxx
57177,xxx
57178,xxx
57179,xxx
57180,xxx
57181,сасна́мъ
57182,со́стаяниа
57183,со́тнѣ
57184,xxx
57185,xxx
57186,xxx
57187,сатрудничѣства́
57188,сау́самъ
57189,xxx
57190,xxx
57191,xxx
57192,xxx
57193,xxx
57194,xxx
57195,xxx
57196,xxx
57197,xxx
57198,xxx
57199,xxx
57200,xxx
57201,xxx
57202,xxx
57203,xxx
57204,xxx
57205,xxx
57206,xxx
57207,xxx
57208,xxx
57209,xxx
57210,xxx
57211,xxx
57212,спи́нами
57213,спи́саки
57214,xxx
57215,спартсмѣни́
57216,спартсмѣ́намъ
57217,xxx
57218,xxx
57219,xxx
57220,xxx
57221,xxx
57222,справедливо́сътьѭ
57223,xxx
57224,xxx
57225,xxx
57226,xxx
57227,xxx
57228,xxx
57229,xxx
57230,xxx
57231,xxx
57232,xxx
57233,xxx
57234,xxx
57235,xxx
57236,xxx
57237,xxx
57238,xxx
57239,xxx
57240,xxx
57241,xxx
57242,ставѣ́ньѭ
57243,стадио́на
57244,xxx
57245,стажиро́вьцѣ
57246,ста́каны
57247,xxx
57248,xxx
57249,xxx
57250,xxx
57251,xxx
57252,ство́рьцѣ
57253,ство́рьцъ
57254,ство́рьцамъ
57255,стварьци́
57256,стебели́
57257,стебе́льѭ
57258,xxx
57259,xxx
57260,xxx
57261,сте́зами
57262,xxx
57263,xxx
57264,xxx
57265,xxx
57266,xxx
57267,xxx
57268,стаимо́съть
57269,сто́имасътьхъ
57270,xxx
57271,xxx
57272,xxx
57273,сто́кы
57274,xxx
57275,xxx
57276,xxx
57277,xxx
57278,xxx
57279,xxx
57280,xxx
57281,сталицѣ́
57282,xxx
57283,стали́ци
57284,xxx
57285,xxx
57286,xxx
57287,xxx
57288,xxx
57289,xxx
57290,xxx
57291,xxx
57292,xxx
57293,xxx
57294,xxx
57295,xxx
57296,xxx
57297,xxx
57298,xxx
57299,xxx
57300,xxx
57301,стра́съти
57302,xxx
57303,xxx
57304,xxx
57305,xxx
57306,xxx
57307,xxx
57308,xxx
57309,xxx
57310,xxx
57311,xxx
57312,стри́жьца
57313,страени́ѣхъ
57314,xxx
57315,xxx
57316,xxx
57317,xxx
57318,xxx
57319,струа́хъ
57320,xxx
57321,сту́дентъ
57322,студе́нтъ
57323,xxx
57324,стука́чы
57325,xxx
57326,xxx
57327,xxx
57328,судьбѫ́
57329,судьбо́ю
57330,xxx
57331,су́мьцами
57332,xxx
57333,xxx
57334,xxx
57335,xxx
57336,xxx
57337,xxx
57338,xxx
57339,xxx
57340,сцѣплѣни́амь
57341,сцѣплѣни́а
57342,xxx
57343,xxx
57344,xxx
57345,xxx
57346,xxx
57347,xxx
57348,xxx
57349,xxx
57350,xxx
57351,xxx
57352,ся́вьцамъ
57353,xxx
57354,xxx
57355,xxx
57356,xxx
57357,xxx
57358,xxx
57359,тала́нты
57360,xxx
57361,xxx
57362,тамо́жна
57363,xxx
57364,таракану́
57365,xxx
57366,xxx
57367,та́тии
57368,xxx
57369,xxx
57370,xxx
57371,xxx
57372,xxx
57373,xxx
57374,xxx
57375,тексъта́
57376,xxx
57377,xxx
57378,xxx
57379,xxx
57380,xxx
57381,xxx
57382,xxx
57383,xxx
57384,xxx
57385,xxx
57386,xxx
57387,xxx
57388,xxx
57389,xxx
57390,xxx
57391,xxx
57392,xxx
57393,теле́жьца
57394,xxx
57395,xxx
57396,телефо́на
57397,xxx
57398,xxx
57399,телефо́ны
57400,xxx
57401,xxx
57402,xxx
57403,xxx
57404,xxx
57405,xxx
57406,xxx
57407,xxx
57408,xxx
57409,xxx
57410,xxx
57411,xxx
57412,xxx
57413,xxx
57414,xxx
57415,xxx
57416,xxx
57417,xxx
57418,xxx
57419,xxx
57420,xxx
57421,xxx
57422,тѣмѣ́
57423,xxx
57424,xxx
57425,те́ннисьцъ
57426,xxx
57427,xxx
57428,xxx
57429,xxx
57430,xxx
57431,xxx
57432,xxx
57433,xxx
57434,xxx
57435,xxx
57436,xxx
57437,терпени́
57438,xxx
57439,xxx
57440,xxx
57441,xxx
57442,xxx
57443,xxx
57444,xxx
57445,xxx
57446,xxx
57447,xxx
57448,xxx
57449,xxx
57450,xxx
57451,xxx
57452,xxx
57453,xxx
57454,xxx
57455,xxx
57456,xxx
57457,xxx
57458,xxx
57459,xxx
57460,xxx
57461,xxx
57462,xxx
57463,xxx
57464,xxx
57465,xxx
57466,xxx
57467,то́варищества
57468,про́цесъси
57469,xxx
57470,xxx
57471,xxx
57472,xxx
57473,танко́сътии
57474,xxx
57475,xxx
57476,xxx
57477,xxx
57478,xxx
57479,xxx
57480,xxx
57481,то́рсы
57482,то́ртамь
57483,xxx
57484,xxx
57485,xxx
57486,тачьци́
57487,тачно́сътии
57488,xxx
57489,тракто́р
57490,xxx
57491,xxx
57492,xxx
57493,xxx
57494,xxx
57495,тре́баваниу
57496,xxx
57497,xxx
57498,xxx
57499,xxx
57500,xxx
57501,xxx
57502,аписани́
57503,xxx
57504,xxx
57505,xxx
57506,xxx
57507,тро́пиньцѫ
57508,xxx
57509,xxx
57510,тру́днасъти
57511,тря́синамъ
57512,трясины́
57513,xxx
57514,xxx
57515,ту́мбами
57516,xxx
57517,xxx
57518,xxx
57519,xxx
57520,xxx
57521,xxx
57522,xxx
57523,xxx
57524,xxx
57525,xxx
57526,xxx
57527,xxx
57528,xxx
57529,xxx
57530,xxx
57531,xxx
57532,xxx
57533,xxx
57534,тя́таю
57535,xxx
57536,уби́йцамъ
57537,уби́йцами
57538,xxx
57539,xxx
57540,xxx
57541,уврѣнно́съти
57542,xxx
57543,xxx
57544,xxx
57545,xxx
57546,у́дарамъ
57547,xxx
57548,xxx
57549,xxx
57550,xxx
57551,xxx
57552,xxx
57553,xxx
57554,xxx
57555,xxx
57556,xxx
57557,xxx
57558,xxx
57559,xxx
57560,xxx
57561,xxx
57562,xxx
57563,xxx
57564,xxx
57565,xxx
57566,xxx
57567,улеѣ́
57568,xxx
57569,xxx
57570,xxx
57571,xxx
57572,xxx
57573,улыбьцо́ю
57574,xxx
57575,xxx
57576,xxx
57577,xxx
57578,xxx
57579,xxx
57580,xxx
57581,xxx
57582,xxx
57583,xxx
57584,xxx
57585,xxx
57586,xxx
57587,xxx
57588,xxx
57589,xxx
57590,xxx
57591,xxx
57592,xxx
57593,xxx
57594,упатрѣблѣни́а
57595,xxx
57596,xxx
57597,xxx
57598,xxx
57599,xxx
57600,xxx
57601,xxx
57602,xxx
57603,xxx
57604,xxx
57605,xxx
57606,xxx
57607,xxx
57608,xxx
57609,xxx
57610,xxx
57611,xxx
57612,ураве́нь
57613,xxx
57614,xxx
57615,xxx
57616,усилио́мъ
57617,xxx
57618,xxx
57619,xxx
57620,xxx
57621,xxx
57622,xxx
57623,xxx
57624,xxx
57625,xxx
57626,xxx
57627,xxx
57628,xxx
57629,xxx
57630,xxx
57631,устри́ца
57632,у́страйствѣ
57633,xxx
57634,у́с
57635,xxx
57636,xxx
57637,xxx
57638,xxx
57639,xxx
57640,утё́с
57641,xxx
57642,xxx
57643,xxx
57644,xxx
57645,xxx
57646,утюгѣ́хъ
57647,ухада́
57648,ухо́д
57649,xxx
57650,xxx
57651,xxx
57652,xxx
57653,участни́цамъ
57654,учѣбни́ц
57655,учѣбни́ц
57656,учѣбни́цамъ
57657,xxx
57658,учё́бамъ
57659,xxx
57660,фа́късъ
57661,xxx
57662,xxx
57663,фамилиа́
57664,фарту́ка
57665,xxx
57666,xxx
57667,xxx
57668,xxx
57669,xxx
57670,xxx
57671,xxx
57672,xxx
57673,фѣ́рмѣрѣхъ
57674,фе́стивальѭ
57675,xxx
57676,xxx
57677,xxx
57678,xxx
57679,xxx
57680,xxx
57681,xxx
57682,xxx
57683,xxx
57684,xxx
57685,xxx
57686,xxx
57687,xxx
57688,xxx
57689,xxx
57690,xxx
57691,xxx
57692,xxx
57693,xxx
57694,xxx
57695,xxx
57696,xxx
57697,xxx
57698,xxx
57699,xxx
57700,фи́нни
57701,xxx
57702,xxx
57703,xxx
57704,xxx
57705,xxx
57706,xxx
57707,xxx
57708,xxx
57709,фи́шьцамъ
57710,xxx
57711,xxx
57712,xxx
57713,фле́йтами
57714,xxx
57715,xxx
57716,xxx
57717,xxx
57718,xxx
57719,xxx
57720,xxx
57721,фатаграфѣ́
57722,фра́за
57723,xxx
57724,xxx
57725,xxx
57726,xxx
57727,xxx
57728,xxx
57729,францу́зы
57730,xxx
57731,xxx
57732,xxx
57733,xxx
57734,xxx
57735,xxx
57736,xxx
57737,xxx
57738,xxx
57739,xxx
57740,xxx
57741,xxx
57742,xxx
57743,xxx
57744,xxx
57745,xxx
57746,xxx
57747,xxx
57748,xxx
57749,xxx
57750,характеры́
57751,xxx
57752,xxx
57753,xxx
57754,xxx
57755,xxx
57756,xxx
57757,xxx
57758,xxx
57759,xxx
57760,xxx
57761,xxx
57762,xxx
57763,xxx
57764,xxx
57765,xxx
57766,xxx
57767,xxx
57768,xxx
57769,xxx
57770,xxx
57771,xxx
57772,xxx
57773,xxx
57774,xxx
57775,xxx
57776,xxx
57777,xxx
57778,xxx
57779,xxx
57780,xxx
57781,xxx
57782,xxx
57783,xxx
57784,хабо́т
57785,xxx
57786,xxx
57787,xxx
57788,xxx
57789,xxx
57790,xxx
57791,xxx
57792,xxx
57793,xxx
57794,худажни́ца
57795,xxx
57796,xxx
57797,xxx
57798,xxx
57799,xxx
57800,xxx
57801,xxx
57802,xxx
57803,xxx
57804,xxx
57805,xxx
57806,це́нтры
57807,xxx
57808,це́пи
57809,xxx
57810,xxx
57811,xxx
57812,xxx
57813,xxx
57814,xxx
57815,xxx
57816,xxx
57817,цѣса́рьцѣ
57818,цѣса́рьцѣ
57819,xxx
57820,ци́ркульѭ
57821,xxx
57822,xxx
57823,xxx
57824,xxx
57825,xxx
57826,xxx
57827,xxx
57828,xxx
57829,цига́нѣ
57830,xxx
57831,xxx
57832,xxx
57833,xxx
57834,xxx
57835,xxx
57836,xxx
57837,xxx
57838,чердака́
57839,xxx
57840,xxx
57841,xxx
57842,xxx
57843,xxx
57844,xxx
57845,xxx
57846,четве́рьза
57847,че́тверьзъ
57848,xxx
57849,xxx
57850,xxx
57851,xxx
57852,xxx
57853,xxx
57854,xxx
57855,xxx
57856,xxx
57857,xxx
57858,xxx
57859,xxx
57860,xxx
57861,xxx
57862,xxx
57863,xxx
57864,xxx
57865,xxx
57866,xxx
57867,шари́ц
57868,xxx
57869,xxx
57870,xxx
57871,xxx
57872,xxx
57873,xxx
57874,xxx
57875,xxx
57876,xxx
57877,xxx
57878,xxx
57879,xxx
57880,xxx
57881,xxx
57882,xxx
57883,xxx
57884,xxx
57885,xxx
57886,xxx
57887,xxx
57888,xxx
57889,xxx
57890,xxx
57891,шё́льци
57892,xxx
57893,xxx
57894,xxx
57895,xxx
57896,xxx
57897,xxx
57898,xxx
57899,ши́п
57900,ши́пы
57901,ши́шамь
57902,xxx
57903,xxx
57904,xxx
57905,xxx
57906,xxx
57907,xxx
57908,шнуракѣ́хъ
57909,xxx
57910,xxx
57911,xxx
57912,xxx
57913,xxx
57914,xxx
57915,xxx
57916,xxx
57917,xxx
57918,xxx
57919,xxx
57920,xxx
57921,xxx
57922,шта́та
57923,xxx
57924,xxx
57925,xxx
57926,xxx
57927,xxx
57928,штра́ф
57929,xxx
57930,xxx
57931,xxx
57932,xxx
57933,xxx
57934,xxx
57935,xxx
57936,xxx
57937,xxx
57938,xxx
57939,шу́мамъ
57940,xxx
57941,xxx
57942,xxx
57943,xxx
57944,xxx
57945,xxx
57946,xxx
57947,щё́чьци
57948,щёчьци́
57949,щи́ти
57950,xxx
57951,xxx
57952,xxx
57953,xxx
57954,xxx
57955,экземпляры́
57956,xxx
57957,xxx
57958,xxx
57959,xxx
57960,эканами́ц
57961,э́кранамъ
57962,xxx
57963,xxx
57964,xxx
57965,xxx
57966,xxx
57967,xxx
57968,xxx
57969,xxx
57970,xxx
57971,xxx
57972,xxx
57973,xxx
57974,xxx
57975,xxx
57976,эмизрациы́
57977,эмизраци́аю
57978,xxx
57979,xxx
57980,xxx
57981,xxx
57982,xxx
57983,xxx
57984,xxx
57985,энтузиазму́
57986,э́нтузиазмъ
57987,xxx
57988,xxx
57989,xxx
57990,xxx
57991,xxx
57992,xxx
57993,xxx
57994,xxx
57995,xxx
57996,xxx
57997,xxx
57998,xxx
57999,xxx
58000,xxx
58001,xxx
58002,xxx
58003,xxx
58004,xxx
58005,xxx
58006,xxx
58007,xxx
58008,ю́гамъ
58009,xxx
58010,xxx
58011,xxx
58012,юно́шѣ
58013,xxx
58014,юстицио́ю
58015,xxx
58016,xxx
58017,xxx
58018,xxx
58019,xxx
58020,xxx
58021,xxx
58022,xxx
58023,xxx
58024,явлениѣ́
58025,яви́
58026,xxx
58027,xxx
58028,xxx
58029,xxx
58030,xxx
58031,xxx
58032,xxx
58033,xxx
58034,я́гадами
58035,xxx
58036,xxx
58037,xxx
58038,xxx
58039,xxx
58040,язи́
58041,xxx
58042,xxx
58043,xxx
58044,xxx
58045,xxx
58046,xxx
58047,xxx
58048,xxx
58049,xxx
58050,xxx
58051,xxx
58052,xxx
58053,xxx
58054,xxx
58055,xxx
58056,xxx
58057,xxx
58058,xxx
58059,xxx
58060,xxx
58061,xxx
58062,xxx
58063,xxx
58064,xxx
58065,xxx
58066,xxx
58067,xxx
58068,xxx
58069,xxx
58070,xxx
58071,ячейьци́
58072,xxx
58073,xxx
58074,xxx
58075,xxx
58076,xxx
58077,xxx
58078,xxx
58079,xxx
58080,xxx
58081,xxx
58082,xxx
58083,xxx
58084,xxx
58085,xxx
58086,xxx
58087,xxx
58088,xxx
58089,xxx
58090,xxx
58091,xxx
58092,xxx
58093,xxx
58094,xxx
58095,абиту́ры
58096,xxx
58097,а́бсалют
58098,xxx
58099,xxx
58100,xxx
58101,xxx
58102,xxx
58103,xxx
58104,xxx
58105,xxx
58106,xxx
58107,xxx
58108,xxx
58109,xxx
58110,xxx
58111,xxx
58112,xxx
58113,xxx
58114,xxx
58115,xxx
58116,а́гнастицизмъ
58117,xxx
58118,агнастици́зми
58119,xxx
58120,xxx
58121,xxx
58122,xxx
58123,xxx
58124,xxx
58125,xxx
58126,ажу́рамь
58127,ажу́ры
58128,xxx
58129,xxx
58130,xxx
58131,xxx
58132,xxx
58133,xxx
58134,xxx
58135,xxx
58136,xxx
58137,xxx
58138,xxx
58139,аллахы́
58140,xxx
58141,xxx
58142,xxx
58143,xxx
58144,xxx
58145,xxx
58146,xxx
58147,xxx
58148,xxx
58149,xxx
58150,xxx
58151,альфа-лучы́
58152,xxx
58153,амбивалѣнтно́сътьмъ
58154,xxx
58155,xxx
58156,xxx
58157,xxx
58158,xxx
58159,xxx
58160,xxx
58161,xxx
58162,xxx
58163,xxx
58164,ана́лу
58165,xxx
58166,xxx
58167,xxx
58168,xxx
58169,xxx
58170,xxx
58171,xxx
58172,xxx
58173,xxx
58174,xxx
58175,xxx
58176,xxx
58177,xxx
58178,xxx
58179,xxx
58180,xxx
58181,xxx
58182,xxx
58183,xxx
58184,xxx
58185,араби́цами
58186,xxx
58187,xxx
58188,xxx
58189,xxx
58190,xxx
58191,xxx
58192,xxx
58193,xxx
58194,xxx
58195,xxx
58196,xxx
58197,xxx
58198,xxx
58199,аспиринѣ́хъ
58200,xxx
58201,xxx
58202,xxx
58203,xxx
58204,xxx
58205,xxx
58206,xxx
58207,xxx
58208,xxx
58209,xxx
58210,xxx
58211,xxx
58212,xxx
58213,xxx
58214,xxx
58215,xxx
58216,xxx
58217,xxx
58218,xxx
58219,аути́зму
58220,xxx
58221,xxx
58222,xxx
58223,xxx
58224,xxx
58225,xxx
58226,xxx
58227,xxx
58228,xxx
58229,xxx
58230,xxx
58231,xxx
58232,xxx
58233,xxx
58234,бакенба́рдъ
58235,xxx
58236,xxx
58237,xxx
58238,xxx
58239,xxx
58240,xxx
58241,xxx
58242,xxx
58243,xxx
58244,xxx
58245,xxx
58246,xxx
58247,xxx
58248,xxx
58249,xxx
58250,xxx
58251,xxx
58252,xxx
58253,xxx
58254,xxx
58255,xxx
58256,xxx
58257,xxx
58258,xxx
58259,xxx
58260,xxx
58261,xxx
58262,xxx
58263,xxx
58264,xxx
58265,xxx
58266,xxx
58267,xxx
58268,xxx
58269,xxx
58270,xxx
58271,xxx
58272,xxx
58273,xxx
58274,бейсбало́мъ
58275,xxx
58276,xxx
58277,xxx
58278,xxx
58279,xxx
58280,xxx
58281,бѣлфа́съты
58282,xxx
58283,xxx
58284,xxx
58285,xxx
58286,бе́таны
58287,xxx
58288,близки́ѣхъ
58289,xxx
58290,xxx
58291,xxx
58292,xxx
58293,xxx
58294,xxx
58295,xxx
58296,xxx
58297,xxx
58298,xxx
58299,xxx
58300,xxx
58301,xxx
58302,xxx
58303,xxx
58304,xxx
58305,xxx
58306,xxx
58307,xxx
58308,xxx
58309,xxx
58310,xxx
58311,xxx
58312,бро́несилы
58313,xxx
58314,бру́клина
58315,xxx
58316,xxx
58317,xxx
58318,бузи́нами
58319,xxx
58320,xxx
58321,xxx
58322,xxx
58323,xxx
58324,xxx
58325,xxx
58326,xxx
58327,xxx
58328,xxx
58329,бы́стратамъ
58330,xxx
58331,xxx
58332,важно́съти
58333,xxx
58334,xxx
58335,xxx
58336,xxx
58337,xxx
58338,xxx
58339,xxx
58340,xxx
58341,xxx
58342,xxx
58343,xxx
58344,xxx
58345,xxx
58346,xxx
58347,ведо́мъ
58348,xxx
58349,xxx
58350,xxx
58351,веласпарты́
58352,xxx
58353,xxx
58354,xxx
58355,вѣрующиѣ́хъ
58356,xxx
58357,xxx
58358,вё́драмь
58359,xxx
58360,xxx
58361,видимо́сътьѭ
58362,xxx
58363,xxx
58364,xxx
58365,xxx
58366,xxx
58367,xxx
58368,xxx
58369,влажно́сътьми
58370,xxx
58371,вменяемо́сътьми
58372,xxx
58373,xxx
58374,xxx
58375,xxx
58376,во́дабаязни
58377,xxx
58378,xxx
58379,xxx
58380,xxx
58381,xxx
58382,xxx
58383,xxx
58384,xxx
58385,xxx
58386,xxx
58387,вакало́мь
58388,xxx
58389,xxx
58390,xxx
58391,xxx
58392,xxx
58393,вра́вствѣ
58394,xxx
58395,xxx
58396,xxx
58397,xxx
58398,xxx
58399,xxx
58400,xxx
58401,xxx
58402,xxx
58403,xxx
58404,xxx
58405,xxx
58406,xxx
58407,xxx
58408,xxx
58409,xxx
58410,xxx
58411,xxx
58412,xxx
58413,xxx
58414,xxx
58415,xxx
58416,xxx
58417,xxx
58418,xxx
58419,xxx
58420,враньёу́
58421,xxx
58422,xxx
58423,xxx
58424,xxx
58425,xxx
58426,xxx
58427,xxx
58428,xxx
58429,xxx
58430,xxx
58431,xxx
58432,xxx
58433,xxx
58434,xxx
58435,xxx
58436,xxx
58437,xxx
58438,гѣ́раизмъ
58439,xxx
58440,гераи́нѣ
58441,xxx
58442,ги́зиенаю
58443,xxx
58444,xxx
58445,гизиена́мъ
58446,xxx
58447,xxx
58448,xxx
58449,xxx
58450,xxx
58451,xxx
58452,xxx
58453,xxx
58454,xxx
58455,xxx
58456,xxx
58457,xxx
58458,xxx
58459,xxx
58460,xxx
58461,xxx
58462,xxx
58463,xxx
58464,xxx
58465,xxx
58466,xxx
58467,xxx
58468,галу́бъцъ
58469,xxx
58470,xxx
58471,xxx
58472,xxx
58473,xxx
58474,xxx
58475,xxx
58476,xxx
58477,xxx
58478,xxx
58479,xxx
58480,xxx
58481,xxx
58482,xxx
58483,xxx
58484,гу́слѣ
58485,xxx
58486,xxx
58487,xxx
58488,xxx
58489,xxx
58490,xxx
58491,xxx
58492,xxx
58493,xxx
58494,xxx
58495,xxx
58496,xxx
58497,xxx
58498,xxx
58499,xxx
58500,xxx
58501,xxx
58502,xxx
58503,xxx
58504,xxx
58505,xxx
58506,да́рвинизмы
58507,xxx
58508,xxx
58509,xxx
58510,де́вчатаю
58511,xxx
58512,xxx
58513,xxx
58514,xxx
58515,xxx
58516,xxx
58517,xxx
58518,xxx
58519,де́ньжатѣ
58520,xxx
58521,xxx
58522,xxx
58523,xxx
58524,xxx
58525,xxx
58526,xxx
58527,джанк-фу́ди
58528,джанк-фуды́
58529,xxx
58530,джи́садѣ
58531,xxx
58532,xxx
58533,xxx
58534,xxx
58535,xxx
58536,xxx
58537,xxx
58538,xxx
58539,джамалу́нгмы
58540,xxx
58541,джу́нгли
58542,джунгло́мъ
58543,xxx
58544,xxx
58545,xxx
58546,xxx
58547,xxx
58548,xxx
58549,xxx
58550,xxx
58551,xxx
58552,xxx
58553,xxx
58554,xxx
58555,xxx
58556,дракули́ни
58557,xxx
58558,xxx
58559,xxx
58560,xxx
58561,xxx
58562,древаедо́мъ
58563,xxx
58564,дре́ваизмрѣниа
58565,xxx
58566,xxx
58567,xxx
58568,xxx
58569,дреко́мь
58570,xxx
58571,xxx
58572,xxx
58573,xxx
58574,xxx
58575,xxx
58576,ду́хата
58577,xxx
58578,xxx
58579,ежавщи́нѣ
58580,xxx
58581,xxx
58582,xxx
58583,xxx
58584,xxx
58585,xxx
58586,xxx
58587,житьё́ы
58588,xxx
58589,xxx
58590,xxx
58591,xxx
58592,xxx
58593,xxx
58594,xxx
58595,xxx
58596,xxx
58597,xxx
58598,xxx
58599,xxx
58600,xxx
58601,xxx
58602,xxx
58603,xxx
58604,xxx
58605,xxx
58606,зелё́ньцамъ
58607,спасо́б
58608,xxx
58609,xxx
58610,xxx
58611,xxx
58612,xxx
58613,xxx
58614,xxx
58615,иври́тѣ
58616,и́звазу
58617,xxx
58618,xxx
58619,xxx
58620,ицеба́нами
58621,и́цэбаны
58622,ицэба́намъ
58623,xxx
58624,xxx
58625,xxx
58626,xxx
58627,xxx
58628,xxx
58629,xxx
58630,xxx
58631,xxx
58632,xxx
58633,xxx
58634,xxx
58635,и́ррумациѣ
58636,иррумаци́ахъ
58637,xxx
58638,xxx
58639,xxx
58640,xxx
58641,xxx
58642,xxx
58643,xxx
58644,xxx
58645,xxx
58646,xxx
58647,xxx
58648,xxx
58649,йо́г
58650,xxx
58651,xxx
58652,xxx
58653,xxx
58654,xxx
58655,xxx
58656,xxx
58657,xxx
58658,xxx
58659,xxx
58660,xxx
58661,ка́инамъ
58662,xxx
58663,xxx
58664,xxx
58665,xxx
58666,xxx
58667,xxx
58668,xxx
58669,xxx
58670,xxx
58671,xxx
58672,xxx
58673,xxx
58674,xxx
58675,xxx
58676,xxx
58677,xxx
58678,xxx
58679,xxx
58680,на́нѣсѣниу
58681,xxx
58682,xxx
58683,xxx
58684,xxx
58685,xxx
58686,каали́намъ
58687,xxx
58688,xxx
58689,xxx
58690,ка́рпаабразны
58691,xxx
58692,xxx
58693,xxx
58694,xxx
58695,xxx
58696,xxx
58697,xxx
58698,xxx
58699,xxx
58700,xxx
58701,xxx
58702,xxx
58703,xxx
58704,xxx
58705,xxx
58706,xxx
58707,xxx
58708,классици́зму
58709,xxx
58710,xxx
58711,xxx
58712,xxx
58713,кандицианираваниѣ́
58714,xxx
58715,кандицианираваниы́
58716,xxx
58717,каренизациы́
58718,xxx
58719,xxx
58720,xxx
58721,xxx
58722,xxx
58723,xxx
58724,xxx
58725,xxx
58726,xxx
58727,xxx
58728,xxx
58729,xxx
58730,xxx
58731,xxx
58732,xxx
58733,xxx
58734,xxx
58735,xxx
58736,xxx
58737,xxx
58738,xxx
58739,xxx
58740,xxx
58741,xxx
58742,xxx
58743,xxx
58744,xxx
58745,xxx
58746,xxx
58747,xxx
58748,куби́змъ
58749,xxx
58750,xxx
58751,xxx
58752,xxx
58753,кудро́мъ
58754,xxx
58755,xxx
58756,кумарино́мь
58757,xxx
58758,xxx
58759,xxx
58760,xxx
58761,xxx
58762,ла́тиници
58763,xxx
58764,ла́тынь
58765,xxx
58766,ла́тыньмъ
58767,xxx
58768,xxx
58769,xxx
58770,ле́ксицаграфиѫ
58771,xxx
58772,xxx
58773,лексицаграфи́ами
58774,xxx
58775,xxx
58776,лепаты́
58777,xxx
58778,xxx
58779,xxx
58780,xxx
58781,предо́к
58782,xxx
58783,xxx
58784,xxx
58785,xxx
58786,xxx
58787,xxx
58788,лицеде́йства
58789,xxx
58790,xxx
58791,xxx
58792,xxx
58793,xxx
58794,xxx
58795,xxx
58796,xxx
58797,xxx
58798,xxx
58799,xxx
58800,лас-анджеле́самь
58801,лас-анджеле́сы
58802,xxx
58803,xxx
58804,xxx
58805,xxx
58806,xxx
58807,xxx
58808,xxx
58809,лха́самъ
58810,xxx
58811,лю́д
58812,xxx
58813,xxx
58814,xxx
58815,xxx
58816,xxx
58817,xxx
58818,ма́йараны
58819,майаранѣ́хъ
58820,xxx
58821,xxx
58822,xxx
58823,xxx
58824,xxx
58825,xxx
58826,xxx
58827,ма́ньзамъ
58828,xxx
58829,xxx
58830,xxx
58831,xxx
58832,xxx
58833,xxx
58834,xxx
58835,xxx
58836,ме́засферы
58837,мезасфера́хъ
58838,ме́л
58839,xxx
58840,xxx
58841,xxx
58842,xxx
58843,xxx
58844,xxx
58845,xxx
58846,xxx
58847,xxx
58848,xxx
58849,мѣнто́лѣхъ
58850,xxx
58851,xxx
58852,xxx
58853,xxx
58854,xxx
58855,xxx
58856,xxx
58857,xxx
58858,xxx
58859,xxx
58860,xxx
58861,xxx
58862,xxx
58863,xxx
58864,xxx
58865,металлургиы́
58866,xxx
58867,xxx
58868,xxx
58869,xxx
58870,метералагиа́мъ
58871,ме́тералагиами
58872,xxx
58873,xxx
58874,ми́низальфѣ
58875,xxx
58876,xxx
58877,xxx
58878,xxx
58879,xxx
58880,xxx
58881,xxx
58882,xxx
58883,xxx
58884,xxx
58885,xxx
58886,xxx
58887,xxx
58888,xxx
58889,xxx
58890,xxx
58891,xxx
58892,мла́фьаю
58893,xxx
58894,xxx
58895,xxx
58896,xxx
58897,xxx
58898,xxx
58899,xxx
58900,xxx
58901,xxx
58902,xxx
58903,xxx
58904,xxx
58905,xxx
58906,мо́чы
58907,xxx
58908,xxx
58909,xxx
58910,мо́щь
58911,xxx
58912,xxx
58913,xxx
58914,мрамо́рамъ
58915,xxx
58916,xxx
58917,xxx
58918,xxx
58919,xxx
58920,xxx
58921,xxx
58922,xxx
58923,xxx
58924,надменно́съть
58925,на́дменнасътьмъ
58926,xxx
58927,xxx
58928,xxx
58929,xxx
58930,xxx
58931,xxx
58932,напалмо́мь
58933,xxx
58934,xxx
58935,xxx
58936,xxx
58937,xxx
58938,xxx
58939,xxx
58940,xxx
58941,xxx
58942,на́цизмы
58943,xxx
58944,xxx
58945,xxx
58946,xxx
58947,xxx
58948,xxx
58949,xxx
58950,xxx
58951,xxx
58952,xxx
58953,xxx
58954,xxx
58955,xxx
58956,невиннасъти́и
58957,xxx
58958,xxx
58959,xxx
58960,xxx
58961,недаедани́у
58962,недастатачно́съти
58963,недастатачнасъти́и
58964,xxx
58965,xxx
58966,xxx
58967,xxx
58968,xxx
58969,xxx
58970,xxx
58971,xxx
58972,xxx
58973,xxx
58974,xxx
58975,нейло́нѣ
58976,xxx
58977,не́матѫ
58978,нѣанаци́змѣ
58979,xxx
58980,нѣ́анацизмы
58981,непално́ты
58982,xxx
58983,xxx
58984,xxx
58985,xxx
58986,xxx
58987,неприцаснавеннасъти́
58988,xxx
58989,xxx
58990,неприцаснавенно́сътии
58991,xxx
58992,xxx
58993,xxx
58994,ни́цатин
58995,xxx
58996,xxx
58997,ни́льсбари
58998,xxx
58999,xxx
59000,xxx
59001,xxx
59002,xxx
59003,xxx
59004,xxx
59005,нытьё́
59006,xxx
59007,xxx
59008,xxx
59009,xxx
59010,xxx
59011,xxx
59012,абисо́д
59013,о́бисада
59014,абисо́ду
59015,xxx
59016,xxx
59017,xxx
59018,xxx
59019,xxx
59020,xxx
59021,xxx
59022,xxx
59023,xxx
59024,xxx
59025,абречённо́съти
59026,xxx
59027,xxx
59028,xxx
59029,xxx
59030,xxx
59031,xxx
59032,xxx
59033,xxx
59034,абъективно́сътьмъ
59035,xxx
59036,xxx
59037,xxx
59038,xxx
59039,xxx
59040,xxx
59041,xxx
59042,xxx
59043,xxx
59044,xxx
59045,xxx
59046,xxx
59047,xxx
59048,xxx
59049,xxx
59050,xxx
59051,xxx
59052,аперативно́съть
59053,xxx
59054,xxx
59055,xxx
59056,xxx
59057,xxx
59058,xxx
59059,xxx
59060,xxx
59061,xxx
59062,xxx
59063,xxx
59064,xxx
59065,о́ризинальнасъть
59066,xxx
59067,xxx
59068,xxx
59069,xxx
59070,аснавно́у
59071,xxx
59072,xxx
59073,аснавнаѣ́
59074,xxx
59075,xxx
59076,xxx
59077,xxx
59078,xxx
59079,астражно́съти
59080,о́стражнасътьѭ
59081,xxx
59082,xxx
59083,атдыхающи́ѣхъ
59084,xxx
59085,xxx
59086,xxx
59087,xxx
59088,xxx
59089,xxx
59090,xxx
59091,xxx
59092,xxx
59093,xxx
59094,xxx
59095,xxx
59096,xxx
59097,пансексуально́съть
59098,xxx
59099,пансексуально́сътии
59100,пансексуальнасъти́
59101,xxx
59102,па́рафинѣ
59103,xxx
59104,пассати́жа
59105,xxx
59106,xxx
59107,xxx
59108,xxx
59109,xxx
59110,xxx
59111,xxx
59112,xxx
59113,xxx
59114,xxx
59115,xxx
59116,xxx
59117,па́хлавы
59118,xxx
59119,xxx
59120,xxx
59121,xxx
59122,xxx
59123,xxx
59124,xxx
59125,xxx
59126,xxx
59127,xxx
59128,пери́л
59129,перила́ми
59130,xxx
59131,xxx
59132,xxx
59133,xxx
59134,xxx
59135,xxx
59136,xxx
59137,xxx
59138,xxx
59139,xxx
59140,прѣувѣличѣни́
59141,пе́трапавлавьци
59142,xxx
59143,xxx
59144,xxx
59145,xxx
59146,пи́сьмен
59147,xxx
59148,xxx
59149,xxx
59150,xxx
59151,xxx
59152,xxx
59153,плеро́м
59154,xxx
59155,xxx
59156,xxx
59157,xxx
59158,xxx
59159,xxx
59160,платвѣ́
59161,xxx
59162,xxx
59163,пабао́мь
59164,xxx
59165,xxx
59166,xxx
59167,xxx
59168,xxx
59169,xxx
59170,xxx
59171,xxx
59172,xxx
59173,xxx
59174,xxx
59175,xxx
59176,xxx
59177,xxx
59178,xxx
59179,xxx
59180,xxx
59181,xxx
59182,xxx
59183,xxx
59184,xxx
59185,xxx
59186,xxx
59187,xxx
59188,пако́у
59189,xxx
59190,палднѣ́
59191,по́лднѣхъ
59192,палѣзно́сътьѭ
59193,xxx
59194,xxx
59195,xxx
59196,xxx
59197,по́лнатѣ
59198,xxx
59199,xxx
59200,по́миньци
59201,пами́ну
59202,xxx
59203,папулярно́съти
59204,xxx
59205,xxx
59206,пралану́
59207,прало́намъ
59208,по́ртеру
59209,xxx
59210,парте́ры
59211,xxx
59212,xxx
59213,xxx
59214,xxx
59215,xxx
59216,xxx
59217,xxx
59218,xxx
59219,xxx
59220,xxx
59221,xxx
59222,xxx
59223,xxx
59224,xxx
59225,xxx
59226,прадавѣ́ц
59227,xxx
59228,xxx
59229,xxx
59230,xxx
59231,xxx
59232,xxx
59233,xxx
59234,xxx
59235,xxx
59236,xxx
59237,xxx
59238,xxx
59239,xxx
59240,xxx
59241,xxx
59242,xxx
59243,xxx
59244,xxx
59245,xxx
59246,xxx
59247,пра́ваславиамь
59248,xxx
59249,предастрѣженио́
59250,xxx
59251,xxx
59252,xxx
59253,xxx
59254,xxx
59255,xxx
59256,прелиминарио́мь
59257,xxx
59258,прѣни́
59259,престижѣ́
59260,xxx
59261,xxx
59262,припасы́
59263,xxx
59264,присматрѣ́
59265,присны́ы
59266,xxx
59267,xxx
59268,xxx
59269,xxx
59270,xxx
59271,про́пан
59272,xxx
59273,xxx
59274,xxx
59275,xxx
59276,xxx
59277,xxx
59278,xxx
59279,xxx
59280,xxx
59281,xxx
59282,xxx
59283,xxx
59284,xxx
59285,пу́ты
59286,xxx
59287,xxx
59288,ра́жѣ
59289,xxx
59290,xxx
59291,xxx
59292,xxx
59293,xxx
59294,xxx
59295,xxx
59296,xxx
59297,рамадана́
59298,рамада́н
59299,xxx
59300,расизму́
59301,xxx
59302,xxx
59303,xxx
59304,ра́схадаваниѣ
59305,xxx
59306,рацианальнасътьми́
59307,xxx
59308,xxx
59309,xxx
59310,xxx
59311,xxx
59312,xxx
59313,xxx
59314,xxx
59315,xxx
59316,xxx
59317,xxx
59318,xxx
59319,xxx
59320,xxx
59321,xxx
59322,xxx
59323,xxx
59324,xxx
59325,xxx
59326,xxx
59327,xxx
59328,xxx
59329,xxx
59330,xxx
59331,xxx
59332,xxx
59333,xxx
59334,xxx
59335,xxx
59336,xxx
59337,xxx
59338,xxx
59339,xxx
59340,рёво́мъ
59341,xxx
59342,xxx
59343,xxx
59344,ри́бафлавинѣхъ
59345,ри́чманды
59346,рабо́сътьѭ
59347,xxx
59348,xxx
59349,xxx
59350,xxx
59351,xxx
59352,xxx
59353,xxx
59354,xxx
59355,xxx
59356,xxx
59357,xxx
59358,xxx
59359,xxx
59360,xxx
59361,xxx
59362,xxx
59363,xxx
59364,xxx
59365,xxx
59366,xxx
59367,xxx
59368,xxx
59369,xxx
59370,ру́какрылыа
59371,рукакрылы́ѣхъ
59372,румянѫ́
59373,xxx
59374,xxx
59375,xxx
59376,xxx
59377,xxx
59378,xxx
59379,xxx
59380,xxx
59381,xxx
59382,xxx
59383,xxx
59384,са́мабытнасъти
59385,xxx
59386,самабытно́съти
59387,самабытно́сътьхъ
59388,самса́р
59389,xxx
59390,xxx
59391,xxx
59392,xxx
59393,xxx
59394,xxx
59395,xxx
59396,сантименты́
59397,xxx
59398,xxx
59399,xxx
59400,xxx
59401,xxx
59402,xxx
59403,xxx
59404,xxx
59405,xxx
59406,xxx
59407,xxx
59408,свя́тасъти
59409,xxx
59410,xxx
59411,седа́ны
59412,xxx
59413,се́ксизмѣ
59414,xxx
59415,xxx
59416,xxx
59417,xxx
59418,xxx
59419,xxx
59420,xxx
59421,xxx
59422,сжи́заниа
59423,xxx
59424,xxx
59425,xxx
59426,xxx
59427,xxx
59428,xxx
59429,xxx
59430,xxx
59431,сила́н
59432,xxx
59433,xxx
59434,си́невы
59435,xxx
59436,xxx
59437,xxx
59438,xxx
59439,синтаи́змамъ
59440,xxx
59441,xxx
59442,xxx
59443,xxx
59444,xxx
59445,xxx
59446,xxx
59447,xxx
59448,xxx
59449,сла́дамь
59450,xxx
59451,xxx
59452,xxx
59453,xxx
59454,xxx
59455,xxx
59456,xxx
59457,сливьцу́
59458,xxx
59459,xxx
59460,xxx
59461,xxx
59462,xxx
59463,xxx
59464,xxx
59465,xxx
59466,слюна́хъ
59467,xxx
59468,xxx
59469,смеласъти́
59470,смело́сътьмъ
59471,xxx
59472,xxx
59473,xxx
59474,xxx
59475,xxx
59476,xxx
59477,xxx
59478,xxx
59479,xxx
59480,xxx
59481,xxx
59482,xxx
59483,xxx
59484,xxx
59485,xxx
59486,xxx
59487,xxx
59488,xxx
59489,xxx
59490,xxx
59491,xxx
59492,xxx
59493,xxx
59494,xxx
59495,xxx
59496,xxx
59497,xxx
59498,xxx
59499,xxx
59500,xxx
59501,xxx
59502,xxx
59503,xxx
59504,xxx
59505,xxx
59506,xxx
59507,xxx
59508,xxx
59509,xxx
59510,xxx
59511,xxx
59512,xxx
59513,xxx
59514,xxx
59515,xxx
59516,xxx
59517,xxx
59518,xxx
59519,xxx
59520,xxx
59521,xxx
59522,xxx
59523,xxx
59524,спидо́мь
59525,спи́ды
59526,xxx
59527,xxx
59528,xxx
59529,xxx
59530,xxx
59531,xxx
59532,xxx
59533,xxx
59534,xxx
59535,xxx
59536,ста́ннум
59537,xxx
59538,xxx
59539,xxx
59540,xxx
59541,xxx
59542,xxx
59543,статицѣ́
59544,xxx
59545,xxx
59546,xxx
59547,xxx
59548,xxx
59549,xxx
59550,xxx
59551,xxx
59552,xxx
59553,xxx
59554,xxx
59555,стрипти́зы
59556,xxx
59557,xxx
59558,xxx
59559,xxx
59560,xxx
59561,xxx
59562,xxx
59563,xxx
59564,xxx
59565,таксидѣрми́амъ
59566,xxx
59567,xxx
59568,xxx
59569,xxx
59570,xxx
59571,xxx
59572,xxx
59573,темени́
59574,xxx
59575,xxx
59576,те́мнатѣ
59577,темпурѣ́
59578,xxx
59579,xxx
59580,xxx
59581,xxx
59582,xxx
59583,xxx
59584,xxx
59585,xxx
59586,xxx
59587,xxx
59588,xxx
59589,те́рпимасъти
59590,xxx
59591,xxx
59592,xxx
59593,тесната́мъ
59594,xxx
59595,тетрисо́мъ
59596,тѣ́фтѣла
59597,тѣ́фтѣлѣхъ
59598,xxx
59599,тибето́мь
59600,xxx
59601,xxx
59602,xxx
59603,xxx
59604,xxx
59605,xxx
59606,ти́фи
59607,xxx
59608,ти́фѣхъ
59609,xxx
59610,xxx
59611,xxx
59612,xxx
59613,xxx
59614,xxx
59615,xxx
59616,xxx
59617,xxx
59618,xxx
59619,xxx
59620,xxx
59621,xxx
59622,трескаабразныа́
59623,тре́скаабразны
59624,xxx
59625,xxx
59626,xxx
59627,xxx
59628,xxx
59629,xxx
59630,xxx
59631,xxx
59632,трацкизмы́
59633,трацки́змѣхъ
59634,xxx
59635,xxx
59636,xxx
59637,xxx
59638,xxx
59639,xxx
59640,xxx
59641,xxx
59642,xxx
59643,xxx
59644,тру́съци
59645,xxx
59646,xxx
59647,xxx
59648,xxx
59649,ту́ризмѣхъ
59650,xxx
59651,xxx
59652,xxx
59653,xxx
59654,тшу́вахъ
59655,xxx
59656,xxx
59657,xxx
59658,xxx
59659,xxx
59660,xxx
59661,xxx
59662,xxx
59663,xxx
59664,xxx
59665,xxx
59666,xxx
59667,у́нбицвадиа
59668,унбицвади́
59669,xxx
59670,xxx
59671,xxx
59672,унбипѣнти́а
59673,xxx
59674,xxx
59675,xxx
59676,xxx
59677,xxx
59678,xxx
59679,xxx
59680,xxx
59681,xxx
59682,xxx
59683,у́нунгексиѣ
59684,xxx
59685,xxx
59686,xxx
59687,унунгекси́
59688,xxx
59689,у́нунактиа
59690,унунактиы́
59691,унунпентио́мь
59692,xxx
59693,xxx
59694,xxx
59695,xxx
59696,xxx
59697,xxx
59698,xxx
59699,xxx
59700,xxx
59701,xxx
59702,xxx
59703,успешно́съть
59704,усъта́
59705,xxx
59706,xxx
59707,xxx
59708,xxx
59709,фа́ртъ
59710,фа́ртъ
59711,xxx
59712,xxx
59713,xxx
59714,xxx
59715,фаст-фу́д
59716,фа́ст-фуды
59717,xxx
59718,xxx
59719,xxx
59720,xxx
59721,xxx
59722,xxx
59723,xxx
59724,xxx
59725,xxx
59726,xxx
59727,xxx
59728,xxx
59729,xxx
59730,xxx
59731,xxx
59732,фави́змѣхъ
59733,xxx
59734,xxx
59735,xxx
59736,xxx
59737,xxx
59738,xxx
59739,xxx
59740,xxx
59741,xxx
59742,xxx
59743,xxx
59744,францу́з
59745,xxx
59746,xxx
59747,xxx
59748,xxx
59749,фрукто́захъ
59750,xxx
59751,xxx
59752,xxx
59753,xxx
59754,xxx
59755,xxx
59756,xxx
59757,xxx
59758,xxx
59759,xxx
59760,xxx
59761,xxx
59762,xxx
59763,xxx
59764,xxx
59765,xxx
59766,xxx
59767,xxx
59768,ханжество́мь
59769,xxx
59770,xxx
59771,xxx
59772,xxx
59773,xxx
59774,xxx
59775,хи́мераабразныа
59776,химераабразны́
59777,xxx
59778,xxx
59779,xxx
59780,xxx
59781,хлнапо́ти
59782,хлапо́т
59783,xxx
59784,xxx
59785,xxx
59786,xxx
59787,xxx
59788,xxx
59789,хрипаты́
59790,хри́патами
59791,xxx
59792,xxx
59793,xxx
59794,xxx
59795,xxx
59796,xxx
59797,xxx
59798,xxx
59799,xxx
59800,xxx
59801,xxx
59802,xxx
59803,xxx
59804,цизуны́
59805,ци́низмъ
59806,xxx
59807,xxx
59808,xxx
59809,xxx
59810,черну́хами
59811,xxx
59812,чжу́инь
59813,xxx
59814,xxx
59815,чу́дьми
59816,xxx
59817,xxx
59818,xxx
59819,xxx
59820,xxx
59821,xxx
59822,xxx
59823,xxx
59824,xxx
59825,xxx
59826,xxx
59827,xxx
59828,xxx
59829,xxx
59830,xxx
59831,xxx
59832,xxx
59833,xxx
59834,xxx
59835,xxx
59836,ши́тьёы
59837,xxx
59838,шматьцо́мь
59839,xxx
59840,xxx
59841,xxx
59842,шна́пъсы
59843,xxx
59844,xxx
59845,xxx
59846,xxx
59847,xxx
59848,xxx
59849,xxx
59850,щипчицѣ́
59851,xxx
59852,xxx
59853,xxx
59854,xxx
59855,xxx
59856,xxx
59857,xxx
59858,xxx
59859,xxx
59860,xxx
59861,xxx
59862,xxx
59863,xxx
59864,xxx
59865,xxx
59866,xxx
59867,xxx
59868,xxx
59869,xxx
59870,xxx
59871,xxx
59872,xxx
59873,xxx
59874,я́мча
59875,я́панаведениа
59876,xxx
59877,xxx
59878,xxx
59879,xxx
59880,а́лбанскиы
59881,афганскиу́
59882,беларусски́
59883,xxx
59884,xxx
59885,xxx
59886,ви́дывате
59887,xxx
59888,xxx
59889,xxx
59890,xxx
59891,xxx
59892,xxx
59893,xxx
59894,xxx
59895,xxx
59896,xxx
59897,дрѣвнѣрусскиѣ́хъ
59898,xxx
59899,xxx
59900,xxx
59901,xxx
59902,xxx
59903,xxx
59904,xxx
59905,xxx
59906,xxx
59907,xxx
59908,xxx
59909,xxx
59910,xxx
59911,xxx
59912,xxx
59913,xxx
59914,xxx
59915,xxx
59916,xxx
59917,xxx
59918,xxx
59919,xxx
59920,xxx
59921,xxx
59922,слыха́лъ
59923,xxx
59924,xxx
59925,xxx
59926,xxx
59927,xxx
59928,xxx
59929,xxx
59930,xxx
59931,xxx
59932,xxx
59933,xxx
59934,xxx
59935,xxx
59936,xxx
59937,xxx
59938,xxx
59939,xxx
59940,xxx
59941,xxx
59942,xxx
59943,xxx
59944,xxx
59945,xxx
59946,xxx
59947,xxx
59948,палпу́тѣ
59949,палпу́ти
59950,xxx
59951,xxx
59952,xxx
59953,xxx
59954,xxx
59955,xxx
59956,xxx
59957,све́таѫ
59958,xxx
59959,xxx
59960,xxx
59961,смеркали́
59962,xxx
59963,xxx
59964,спа́ть
59965,спа́ли
59966,xxx
59967,xxx
59968,xxx
59969,xxx
59970,xxx
59971,xxx
59972,xxx
59973,xxx
59974,xxx
59975,xxx
59976,xxx
59977,xxx
59978,xxx
59979,xxx
59980,вздума́ли
59981,xxx
59982,xxx
59983,xxx
59984,xxx
59985,xxx
59986,xxx
59987,xxx
59988,рассвѣ́сла
59989,xxx
59990,xxx
59991,xxx
59992,xxx
59993,xxx
59994,xxx
59995,xxx
59996,xxx
59997,xxx
59998,xxx
59999,xxx
