id,form_vvz
0,xxx
1,xxx
2,xxx
3,xxx
4,xxx
5,xxx
6,xxx
7,xxx
8,xxx
9,xxx
10,xxx
11,xxx
12,xxx
13,xxx
14,xxx
15,xxx
16,xxx
17,xxx
18,xxx
19,xxx
20,xxx
21,xxx
22,а́румынськиыи
23,а́румынсьциии
24,а́румынсьцамъ
25,а́румынськы
26,а́румынсьци
27,а́румынсьцѣхъии
28,xxx
29,xxx
30,xxx
31,а́ссирийсьца
32,а́ссирийсьца
33,а́ссирийсьци
34,а́ссирийсьцамъ
35,а́ссирийськыии
36,xxx
37,ба́сксьцу
38,ба́сксьцамьыи
39,ба́скськи
40,ба́сксьцъ
41,xxx
42,xxx
43,xxx
44,xxx
45,xxx
46,xxx
47,бла́тнъыи
48,бла́тна
49,бла́тну
50,бла́тнъ
51,бла́тнамьыи
52,бла́тни
53,бла́тнъии
54,бла́тны
55,бла́тны
56,бла́тнѣхъии
57,xxx
58,xxx
59,xxx
60,xxx
61,xxx
62,xxx
63,xxx
64,xxx
65,xxx
66,ве́нетсьцъыи
67,вене́тсьцъ
68,вене́тськъ
69,ве́нетськамъ
70,ве́нетсьциии
71,ве́нетсьци
72,ве́нетсьцѣхъии
73,ве́пссьцамьыи
74,ве́пссьцъ
75,ве́псськыии
76,вѣ́рнападданну
77,вѣ́рнападданнуыи
78,вѣ́рнападданнамъ
79,вѣ́рнападданныии
80,вѣ́рнападданныии
81,xxx
82,xxx
83,xxx
84,xxx
85,xxx
86,xxx
87,xxx
88,xxx
89,xxx
90,во́злюбленнъыи
91,во́злюбленнамъии
92,во́злюбленны
93,во́злюбленнихъ
94,xxx
95,xxx
96,xxx
97,xxx
98,xxx
99,xxx
100,xxx
101,xxx
102,xxx
103,xxx
104,xxx
105,го́тсьцъ
106,го́тськъ
107,го́тськъыи
108,го́тськамь
109,го́тсьциии
110,го́тськамъ
111,xxx
112,xxx
113,xxx
114,xxx
115,xxx
116,xxx
117,xxx
118,xxx
119,xxx
120,дре́внеанглийсьцъыи
121,дре́внеанглийсьцаыи
122,древнеангли́йсьцъ
123,дре́внеанглийсьцъыи
124,дре́внеанглийськъыи
125,дре́внеанглийськамьыи
126,дре́внеанглийсьцамъии
127,дре́внеанглийськамъии
128,дре́внеанглийськы
129,дре́внеанглийсьци
130,xxx
131,xxx
132,xxx
133,xxx
134,xxx
135,xxx
136,xxx
137,xxx
138,xxx
139,xxx
140,xxx
141,xxx
142,карау́льнъ
143,ка́раульну
144,ка́раульнамь
145,ка́раульни
146,ка́раульниии
147,ка́раульнамъии
148,ка́раульнамъии
149,ка́раульны
150,ка́раульныии
151,xxx
152,xxx
153,xxx
154,xxx
155,xxx
156,xxx
157,xxx
158,xxx
159,xxx
160,xxx
161,xxx
162,xxx
163,ли́тавсьцу
164,ли́тавськуыи
165,ли́тавсьцамь
166,ли́тавськи
167,ли́тавсьцъии
168,ли́тавськъии
169,ли́тавсьци
170,ли́тавсьци
171,ли́тавсьцѣхъии
172,xxx
173,xxx
174,xxx
175,мо́нгальська
176,мо́нгальськаыи
177,мо́нгальсьцу
178,манго́льськъ
179,мо́нгальсьцамь
180,мо́нгальсьци
181,мо́нгальсьци
182,манго́льсьцъ
183,мо́нгальсьцамъ
184,мо́нгальсьцамъии
185,мо́нгальськы
186,мо́нгальсьциии
187,мо́нгальськихъии
188,xxx
189,xxx
190,не́руссьца
191,не́русська
192,не́руссьциии
193,не́русськамъии
194,не́руссьци
195,не́русськыии
196,но́веньца
197,но́веньцѣ
198,но́веньцамъии
199,но́веньци
200,но́веньциии
201,но́веньциии
202,навагрѣчѣ́сьцъ
203,но́вагрѣчѣсьцъыи
204,навагрѣчѣ́сьцъ
205,но́вагричиськамьыи
206,но́вагрѣчѣсьциии
207,но́вагричиськъии
208,но́вагричиськы
209,но́вагрѣчѣсьцѣхъ
210,xxx
211,xxx
212,xxx
213,xxx
214,xxx
215,xxx
216,xxx
217,xxx
218,xxx
219,xxx
220,xxx
221,xxx
222,xxx
223,паги́бъшъ
224,по́гибъшу
225,по́гибъшуыи
226,паги́бъшъ
227,по́гибъшъыи
228,по́гибъшамьыи
229,по́гибъшѣыи
230,по́гибъшамъ
231,по́гибъшамъ
232,по́гибъши
233,по́гибъшихъии
234,xxx
235,xxx
236,xxx
237,по́тирпившъыи
238,по́тѣрпѣвшамь
239,по́тирпившиыи
240,по́тирпившъии
241,xxx
242,xxx
243,xxx
244,xxx
245,xxx
246,xxx
247,xxx
248,xxx
249,xxx
250,xxx
251,xxx
252,xxx
253,xxx
254,xxx
255,xxx
256,xxx
257,xxx
258,xxx
259,xxx
260,xxx
261,xxx
262,свя́знъ
263,свя́зниыи
264,свя́знъ
265,свя́зны
266,свя́знѣхъии
267,xxx
268,xxx
269,xxx
270,xxx
271,xxx
272,xxx
273,xxx
274,xxx
275,xxx
276,xxx
277,xxx
278,xxx
279,xxx
280,xxx
281,xxx
282,xxx
283,xxx
284,xxx
285,xxx
286,xxx
287,xxx
288,xxx
289,xxx
290,xxx
291,xxx
292,xxx
293,xxx
294,xxx
295,xxx
296,xxx
297,xxx
298,xxx
299,xxx
300,xxx
301,xxx
302,фло́тськъ
303,фло́тсьца
304,фло́тську
305,фло́тсьцъыи
306,фло́тсьцамь
307,фло́тсьциии
308,фло́тсьцъ
309,фло́тсьцамъии
310,xxx
311,xxx
312,xxx
313,xxx
314,xxx
315,xxx
316,шве́дськъ
317,шве́дсьца
318,шве́дську
319,шве́дсьцамь
320,шве́дсьцѣ
321,шве́дсьцѣ
322,шве́дськихъии
323,xxx
324,xxx
325,xxx
326,xxx
327,xxx
328,xxx
329,xxx
330,xxx
331,xxx
332,xxx
333,xxx
334,xxx
335,xxx
336,xxx
337,xxx
338,xxx
339,xxx
340,xxx
341,xxx
342,xxx
343,xxx
344,xxx
345,xxx
346,xxx
347,xxx
348,xxx
349,абаризѣ́ннъ
350,а́баризѣннаыи
351,а́баризѣнну
352,а́баризѣннъии
353,а́баризиннъии
354,а́баризѣннѣхъии
355,xxx
356,xxx
357,xxx
358,xxx
359,xxx
360,xxx
361,xxx
362,xxx
363,xxx
364,xxx
365,xxx
366,xxx
367,xxx
368,xxx
369,xxx
370,xxx
371,xxx
372,xxx
373,xxx
374,xxx
375,а́бсарбцианна
376,а́бсарбцианнаыи
377,абсарбцио́ннъ
378,а́бсарбцианни
379,а́бсарбцианниии
380,абсарбцио́ннъ
381,а́бсарбцианнамъ
382,а́бсарбцианны
383,а́бсарбцианныии
384,а́бсарбцианнихъ
385,xxx
386,xxx
387,xxx
388,xxx
389,xxx
390,xxx
391,xxx
392,xxx
393,xxx
394,xxx
395,xxx
396,xxx
397,xxx
398,xxx
399,xxx
400,xxx
401,xxx
402,xxx
403,xxx
404,xxx
405,xxx
406,xxx
407,xxx
408,xxx
409,xxx
410,авиано́снъ
411,а́вианаснаыи
412,а́вианасну
413,авиано́снъ
414,а́вианасниии
415,а́втакифальнъыи
416,а́втакифальнуыи
417,а́втакифальнъыи
418,а́втакѣфальнамь
419,а́втакѣфальнѣыи
420,а́втакѣфальны
421,xxx
422,xxx
423,а́втаматична
424,а́втаматичну
425,а́втаматичнѣыи
426,а́втаматичниии
427,а́втаматичнъии
428,а́втаматичны
429,а́втаматичнихъ
430,xxx
431,xxx
432,xxx
433,xxx
434,автамо́рфнъ
435,а́втамарфнъыи
436,а́втамарфни
437,а́втамарфны
438,а́втамарфныии
439,а́втамарфныии
440,а́втамарфнѣхъ
441,а́втанамнъыи
442,а́втанамнъыи
443,а́втанамну
444,а́втанамну
445,автано́мнъ
446,а́втанамнамь
447,а́втанамнъии
448,а́втанамнихъ
449,а́втахтаннъыи
450,а́втахтанна
451,а́втахтаннамь
452,а́втахтаннамьыи
453,а́втахтаннѣыи
454,автахто́ннъ
455,xxx
456,xxx
457,xxx
458,xxx
459,xxx
460,а́дгезианна
461,а́дгезианну
462,а́дгезианну
463,а́дгезианнуыи
464,а́дгезианнѣыи
465,адгезио́ннъ
466,а́дгезианны
467,а́дгезианныии
468,а́дгезианнихъ
469,а́ддицтивнаыи
470,а́ддицтивну
471,а́ддицтивнуыи
472,аддицти́внъ
473,xxx
474,xxx
475,xxx
476,xxx
477,xxx
478,xxx
479,xxx
480,xxx
481,xxx
482,xxx
483,xxx
484,а́ккуратнаыи
485,а́ккуратни
486,а́ккуратниии
487,а́ккуратнамъ
488,а́ккуратнѣхъии
489,xxx
490,xxx
491,xxx
492,xxx
493,а́ктуальнъыи
494,а́ктуальна
495,а́ктуальнуыи
496,актуа́льнъ
497,актуа́льнъ
498,а́ктуальнъыи
499,а́ктуальнъыи
500,а́ктуальнамьыи
501,а́ктуальнамьыи
502,а́ктуальни
503,а́ктуальнъии
504,а́ктуальны
505,а́ктуальнихъ
506,а́лкагальнъыи
507,алкагальну́
508,алкаго́льнъ
509,алкагальнѣ́
510,а́лкагальнамъии
511,а́лкагальны
512,алкагальны́
513,а́лкагальнѣхъ
514,а́лкагальнихъии
515,xxx
516,xxx
517,а́лчнъыи
518,а́лчнѣ
519,а́лчныии
520,а́лчныии
521,а́лчнѣхъ
522,а́лчнихъии
523,а́мбициазнъыи
524,а́мбициазна
525,а́мбициазнуыи
526,а́мбициазнъыи
527,а́мбициазнамъ
528,а́мбициазнамъии
529,xxx
530,xxx
531,xxx
532,xxx
533,xxx
534,xxx
535,xxx
536,xxx
537,xxx
538,xxx
539,xxx
540,xxx
541,а́налагичнъыи
542,а́налагична
543,а́налагичну
544,а́налагичнъыи
545,аналаги́чнъ
546,аналаги́чнъ
547,а́налагичнамъии
548,а́налагичны
549,а́налагичныии
550,а́налагичныии
551,а́налагичныии
552,а́нахраничнамьыи
553,а́нахранични
554,анахрани́чнъ
555,а́нахраничнамъ
556,а́нахраничнѣхъии
557,англаязы́чнъ
558,а́нглаязычнуыи
559,а́нглаязычнъыи
560,англаязы́чнъ
561,а́нглаязычнамъ
562,а́нглаязычны
563,xxx
564,xxx
565,xxx
566,xxx
567,xxx
568,xxx
569,xxx
570,xxx
571,xxx
572,xxx
573,xxx
574,xxx
575,xxx
576,xxx
577,xxx
578,xxx
579,xxx
580,xxx
581,xxx
582,xxx
583,xxx
584,xxx
585,xxx
586,xxx
587,xxx
588,xxx
589,xxx
590,xxx
591,xxx
592,xxx
593,xxx
594,xxx
595,xxx
596,xxx
597,xxx
598,xxx
599,аристакрати́чнъ
600,а́ристакратичнамь
601,а́ристакратични
602,а́ристакратичниии
603,а́ристакратичнамъ
604,а́ристакратичнамъ
605,а́ристакратичнамъии
606,а́ристакратичныии
607,а́ристакратичнѣхъ
608,xxx
609,xxx
610,xxx
611,xxx
612,xxx
613,xxx
614,xxx
615,xxx
616,xxx
617,xxx
618,xxx
619,xxx
620,xxx
621,xxx
622,xxx
623,xxx
624,xxx
625,xxx
626,xxx
627,xxx
628,xxx
629,xxx
630,xxx
631,а́ссациативнаыи
632,а́ссациативниии
633,а́ссациативнамъ
634,а́ссациативнамъии
635,а́ссациативны
636,xxx
637,xxx
638,xxx
639,xxx
640,xxx
641,xxx
642,аэро́бнъ
643,а́эрабнъыи
644,а́эрабна
645,аэро́бнъ
646,а́эрабнѣ
647,а́эрабниии
648,а́эрабныии
649,xxx
650,xxx
651,xxx
652,xxx
653,xxx
654,xxx
655,xxx
656,xxx
657,xxx
658,xxx
659,xxx
660,xxx
661,xxx
662,xxx
663,xxx
664,xxx
665,xxx
666,xxx
667,xxx
668,xxx
669,xxx
670,xxx
671,xxx
672,xxx
673,xxx
674,xxx
675,xxx
676,xxx
677,xxx
678,xxx
679,xxx
680,xxx
681,xxx
682,xxx
683,xxx
684,xxx
685,xxx
686,xxx
687,xxx
688,xxx
689,xxx
690,xxx
691,xxx
692,xxx
693,xxx
694,xxx
695,xxx
696,xxx
697,xxx
698,xxx
699,бѣ́звласъыи
700,бѣ́звласъыи
701,бѣ́звласи
702,бѣ́звласѣыи
703,бѣзвла́с
704,бѣ́звласъии
705,бѣ́звласамъ
706,бѣ́зваласы
707,xxx
708,xxx
709,xxx
710,xxx
711,xxx
712,xxx
713,xxx
714,xxx
715,xxx
716,xxx
717,xxx
718,xxx
719,xxx
720,xxx
721,xxx
722,xxx
723,xxx
724,xxx
725,xxx
726,xxx
727,xxx
728,xxx
729,xxx
730,xxx
731,xxx
732,xxx
733,xxx
734,xxx
735,xxx
736,xxx
737,xxx
738,xxx
739,xxx
740,xxx
741,xxx
742,xxx
743,xxx
744,xxx
745,xxx
746,xxx
747,xxx
748,xxx
749,xxx
750,xxx
751,xxx
752,xxx
753,xxx
754,xxx
755,xxx
756,xxx
757,xxx
758,xxx
759,xxx
760,xxx
761,xxx
762,xxx
763,xxx
764,xxx
765,xxx
766,xxx
767,xxx
768,xxx
769,xxx
770,бѣ́ззубъыи
771,бѣ́ззубаыи
772,бѣ́ззубуыи
773,бѣ́ззубамь
774,бѣ́ззубамь
775,бѣ́ззубамь
776,бѣззу́б
777,бѣ́ззубихъ
778,xxx
779,xxx
780,xxx
781,xxx
782,xxx
783,xxx
784,xxx
785,xxx
786,xxx
787,xxx
788,xxx
789,xxx
790,xxx
791,xxx
792,xxx
793,xxx
794,xxx
795,xxx
796,xxx
797,xxx
798,xxx
799,xxx
800,бе́знаказаннъыи
801,бе́знаказаннамьыи
802,бе́знаказанни
803,бе́знаказанниии
804,бе́знаказанниии
805,бе́знаказаннѣхъии
806,xxx
807,xxx
808,xxx
809,xxx
810,xxx
811,xxx
812,xxx
813,xxx
814,xxx
815,xxx
816,xxx
817,xxx
818,xxx
819,xxx
820,xxx
821,xxx
822,xxx
823,xxx
824,xxx
825,xxx
826,xxx
827,xxx
828,xxx
829,xxx
830,xxx
831,xxx
832,xxx
833,xxx
834,xxx
835,xxx
836,xxx
837,xxx
838,xxx
839,xxx
840,xxx
841,xxx
842,xxx
843,xxx
844,xxx
845,xxx
846,xxx
847,xxx
848,xxx
849,xxx
850,xxx
851,xxx
852,xxx
853,xxx
854,xxx
855,xxx
856,xxx
857,xxx
858,xxx
859,xxx
860,xxx
861,xxx
862,xxx
863,xxx
864,xxx
865,xxx
866,xxx
867,xxx
868,xxx
869,xxx
870,xxx
871,бѣ́лабрыса
872,бѣ́лабрысаыи
873,бѣ́лабрысаыи
874,бѣлабры́с
875,бѣ́лабрысъыи
876,бѣ́лабрысъыи
877,бѣ́лабрысамь
878,бѣ́лабрысѣ
879,бѣ́лабрыси
880,бѣ́лабрыси
881,бѣ́лабрысъии
882,бѣ́лабрысыии
883,xxx
884,xxx
885,xxx
886,xxx
887,xxx
888,xxx
889,xxx
890,xxx
891,xxx
892,xxx
893,xxx
894,xxx
895,xxx
896,xxx
897,xxx
898,xxx
899,xxx
900,xxx
901,xxx
902,xxx
903,xxx
904,xxx
905,xxx
906,xxx
907,xxx
908,xxx
909,xxx
910,бе́сперспективнъыи
911,бе́сперспективна
912,бесперспекти́внъ
913,бе́сперспективнъыи
914,бесперспекти́внъ
915,бе́сперспективныии
916,бе́сперспективнихъии
917,xxx
918,xxx
919,xxx
920,xxx
921,xxx
922,xxx
923,xxx
924,xxx
925,xxx
926,xxx
927,xxx
928,xxx
929,xxx
930,xxx
931,xxx
932,xxx
933,xxx
934,xxx
935,xxx
936,xxx
937,xxx
938,xxx
939,xxx
940,xxx
941,xxx
942,xxx
943,xxx
944,xxx
945,xxx
946,xxx
947,xxx
948,xxx
949,xxx
950,xxx
951,xxx
952,xxx
953,xxx
954,xxx
955,xxx
956,xxx
957,xxx
958,xxx
959,xxx
960,xxx
961,xxx
962,xxx
963,xxx
964,xxx
965,xxx
966,xxx
967,xxx
968,xxx
969,xxx
970,xxx
971,xxx
972,xxx
973,xxx
974,xxx
975,xxx
976,xxx
977,xxx
978,xxx
979,xxx
980,xxx
981,xxx
982,xxx
983,xxx
984,xxx
985,xxx
986,xxx
987,xxx
988,xxx
989,xxx
990,xxx
991,xxx
992,xxx
993,xxx
994,xxx
995,xxx
996,xxx
997,xxx
998,xxx
999,xxx
1000,xxx
1001,xxx
1002,xxx
1003,xxx
1004,xxx
1005,xxx
1006,xxx
1007,xxx
1008,xxx
1009,xxx
1010,xxx
1011,xxx
1012,xxx
1013,xxx
1014,xxx
1015,бе́сстыжъыи
1016,бе́сстыжуыи
1017,бе́сстыжамьыи
1018,бе́сстыжиии
1019,xxx
1020,xxx
1021,xxx
1022,xxx
1023,xxx
1024,xxx
1025,xxx
1026,xxx
1027,xxx
1028,xxx
1029,xxx
1030,xxx
1031,xxx
1032,xxx
1033,xxx
1034,xxx
1035,xxx
1036,xxx
1037,xxx
1038,xxx
1039,xxx
1040,xxx
1041,xxx
1042,xxx
1043,xxx
1044,xxx
1045,xxx
1046,xxx
1047,xxx
1048,xxx
1049,xxx
1050,xxx
1051,xxx
1052,xxx
1053,xxx
1054,xxx
1055,xxx
1056,xxx
1057,xxx
1058,xxx
1059,xxx
1060,xxx
1061,xxx
1062,xxx
1063,xxx
1064,xxx
1065,xxx
1066,xxx
1067,xxx
1068,xxx
1069,xxx
1070,xxx
1071,xxx
1072,xxx
1073,xxx
1074,xxx
1075,xxx
1076,xxx
1077,xxx
1078,xxx
1079,xxx
1080,xxx
1081,xxx
1082,xxx
1083,бла́гапалучнъыи
1084,бла́гапалучна
1085,бла́гапалучну
1086,бла́гапалучнуыи
1087,благапалу́чнъ
1088,бла́гапалучнѣ
1089,xxx
1090,xxx
1091,xxx
1092,xxx
1093,xxx
1094,xxx
1095,xxx
1096,xxx
1097,xxx
1098,xxx
1099,xxx
1100,xxx
1101,xxx
1102,xxx
1103,xxx
1104,xxx
1105,xxx
1106,xxx
1107,xxx
1108,xxx
1109,xxx
1110,xxx
1111,xxx
1112,xxx
1113,благачѣстивъы́и
1114,благачиствъы́и
1115,благачѣству́
1116,бла́гачѣстивамь
1117,благачѣстви́ии
1118,благачѣствы́ии
1119,благачѣствѣ́хъ
1120,благачѣствѣ́хъ
1121,xxx
1122,xxx
1123,xxx
1124,xxx
1125,xxx
1126,xxx
1127,xxx
1128,xxx
1129,xxx
1130,xxx
1131,xxx
1132,xxx
1133,xxx
1134,бли́зьцъ
1135,бли́зьца
1136,бли́зькуыи
1137,бли́зьцамьыи
1138,бли́зьцѣ
1139,бли́зьки
1140,бли́зькиыи
1141,бли́зьци
1142,бли́зьцъ
1143,бли́зьциии
1144,бли́зьцѣхъии
1145,xxx
1146,xxx
1147,xxx
1148,xxx
1149,xxx
1150,xxx
1151,xxx
1152,xxx
1153,xxx
1154,xxx
1155,xxx
1156,бо́йьца
1157,бо́йьци
1158,бо́йькъии
1159,бо́йькыии
1160,xxx
1161,xxx
1162,xxx
1163,xxx
1164,бо́леуталяющуыи
1165,балеуталяю́щ
1166,бо́леуталяющамь
1167,бо́леуталяющамьыи
1168,бо́леуталяющыии
1169,бо́леуталяющы
1170,xxx
1171,xxx
1172,xxx
1173,xxx
1174,xxx
1175,xxx
1176,xxx
1177,xxx
1178,xxx
1179,xxx
1180,xxx
1181,xxx
1182,xxx
1183,xxx
1184,xxx
1185,xxx
1186,xxx
1187,xxx
1188,xxx
1189,xxx
1190,xxx
1191,xxx
1192,бо́рзъ
1193,бо́рзѣ
1194,бо́рзъии
1195,бо́рзамъ
1196,бо́рзыии
1197,бо́рзыии
1198,брада́т
1199,барада́т
1200,бо́радату
1201,бра́датамьыи
1202,бра́датѣ
1203,бра́датиии
1204,бра́датамъ
1205,бра́датамъии
1206,бра́даты
1207,бо́самь
1208,бо́самьыи
1209,бо́си
1210,бо́с
1211,бо́сыии
1212,xxx
1213,xxx
1214,бра́ва
1215,бра́ву
1216,бра́вуыи
1217,бра́вамь
1218,бра́виии
1219,бра́вы
1220,бра́вѣхъии
1221,xxx
1222,xxx
1223,xxx
1224,xxx
1225,xxx
1226,xxx
1227,бра́чнъ
1228,бра́чнъыи
1229,бра́чнамь
1230,бра́чнѣ
1231,бра́чниии
1232,бра́чнамъ
1233,бра́чнамъии
1234,бра́чны
1235,бра́чнѣхъ
1236,бра́чнѣхъии
1237,бревенча́т
1238,бре́венчатъии
1239,бре́венчатамъ
1240,бре́венчаты
1241,бре́венчаты
1242,xxx
1243,xxx
1244,xxx
1245,xxx
1246,xxx
1247,xxx
1248,xxx
1249,xxx
1250,xxx
1251,xxx
1252,xxx
1253,xxx
1254,xxx
1255,xxx
1256,xxx
1257,xxx
1258,xxx
1259,xxx
1260,xxx
1261,бри́та
1262,бри́та
1263,бри́туыи
1264,бри́тамьыи
1265,бри́ти
1266,бри́ти
1267,бри́тиии
1268,бри́тамъии
1269,бри́тыии
1270,бри́тыии
1271,бри́тѣхъ
1272,бри́тихъии
1273,xxx
1274,xxx
1275,xxx
1276,xxx
1277,xxx
1278,xxx
1279,xxx
1280,xxx
1281,xxx
1282,xxx
1283,xxx
1284,xxx
1285,xxx
1286,xxx
1287,xxx
1288,xxx
1289,xxx
1290,xxx
1291,xxx
1292,xxx
1293,xxx
1294,xxx
1295,xxx
1296,xxx
1297,xxx
1298,xxx
1299,xxx
1300,xxx
1301,xxx
1302,xxx
1303,xxx
1304,xxx
1305,xxx
1306,ва́жнъыи
1307,ва́жнамь
1308,ва́жни
1309,ва́жниии
1310,ва́жнѣхъ
1311,ва́жнѣхъ
1312,xxx
1313,xxx
1314,xxx
1315,xxx
1316,xxx
1317,вегетати́внъ
1318,ве́гетативнаыи
1319,ве́гетативну
1320,ве́гетативнѣ
1321,ве́гетативниии
1322,ве́гетативниии
1323,xxx
1324,xxx
1325,ве́жливаыи
1326,ве́жливуыи
1327,ве́жливъыи
1328,ве́жливамьыи
1329,ве́жливиыи
1330,ве́жливы
1331,ве́жливыии
1332,ве́жливы
1333,ве́жливыии
1334,вездесу́щаыи
1335,вездесу́щ
1336,вездесу́щъии
1337,вездесу́щамъ
1338,вездесу́щамъ
1339,вездесу́щы
1340,вездесу́щыии
1341,везу́ч
1342,ве́зучи
1343,ве́зучиии
1344,ве́лицаыи
1345,ве́лицу
1346,вели́ц
1347,ве́лицамь
1348,ве́лицѣ
1349,ве́лицъии
1350,ве́лицамъии
1351,ве́лициии
1352,ве́лици
1353,ве́лицѣхъии
1354,xxx
1355,xxx
1356,xxx
1357,xxx
1358,xxx
1359,xxx
1360,xxx
1361,xxx
1362,xxx
1363,xxx
1364,xxx
1365,xxx
1366,xxx
1367,xxx
1368,xxx
1369,xxx
1370,xxx
1371,xxx
1372,xxx
1373,xxx
1374,xxx
1375,xxx
1376,xxx
1377,xxx
1378,xxx
1379,xxx
1380,xxx
1381,xxx
1382,xxx
1383,xxx
1384,xxx
1385,вѣ́сьцъ
1386,вѣ́сьцъ
1387,вѣ́ськамь
1388,вѣ́сьцѣ
1389,вѣ́ськъ
1390,вѣ́ськамъии
1391,вѣ́сьцѣхъ
1392,xxx
1393,xxx
1394,xxx
1395,xxx
1396,xxx
1397,xxx
1398,xxx
1399,xxx
1400,xxx
1401,xxx
1402,xxx
1403,xxx
1404,xxx
1405,xxx
1406,ве́щ
1407,ве́щу
1408,ве́щѣыи
1409,ве́щыии
1410,ве́щѣхъии
1411,ве́щихъии
1412,xxx
1413,xxx
1414,xxx
1415,взаимавыго́днъ
1416,вза́имавыгадна
1417,вза́имавыгадна
1418,вза́имавыгаднаыи
1419,вза́имавыгадну
1420,вза́имавыгадну
1421,вза́имавыгаднѣ
1422,вза́имавыгаднѣ
1423,вза́имавыгаднъии
1424,вза́имавыгаднамъ
1425,вза́имавыгадныии
1426,вза́имавыгаднѣхъии
1427,xxx
1428,xxx
1429,xxx
1430,xxx
1431,xxx
1432,xxx
1433,взра́чнъыи
1434,взра́чна
1435,взра́чна
1436,взра́чнуыи
1437,взра́чнъыи
1438,взра́чнамьыи
1439,взра́чнамьыи
1440,взра́чнъии
1441,xxx
1442,xxx
1443,xxx
1444,xxx
1445,xxx
1446,xxx
1447,xxx
1448,xxx
1449,xxx
1450,xxx
1451,ви́днамьыи
1452,ви́днъии
1453,ви́дныии
1454,ви́дны
1455,ви́днѣхъии
1456,xxx
1457,xxx
1458,xxx
1459,xxx
1460,xxx
1461,xxx
1462,xxx
1463,xxx
1464,xxx
1465,xxx
1466,xxx
1467,xxx
1468,xxx
1469,xxx
1470,xxx
1471,xxx
1472,xxx
1473,xxx
1474,xxx
1475,xxx
1476,xxx
1477,xxx
1478,вку́снъыи
1479,вку́снамь
1480,вку́снѣ
1481,вку́снъ
1482,вку́снъии
1483,вку́сны
1484,вку́снѣхъ
1485,вла́жнамьыи
1486,вла́жнѣ
1487,вла́жнѣыи
1488,вла́жниии
1489,вла́жнъ
1490,вла́жнамъии
1491,вла́жнихъии
1492,вла́стнаыи
1493,вла́стну
1494,вла́стнъ
1495,вла́стниыи
1496,вла́стни
1497,вла́стнамъии
1498,вла́стныии
1499,xxx
1500,xxx
1501,xxx
1502,xxx
1503,xxx
1504,xxx
1505,xxx
1506,xxx
1507,xxx
1508,xxx
1509,вне́бюджетнуыи
1510,вне́бюджетнамьыи
1511,внебюдже́тнъии
1512,внебюдже́тны
1513,внебюдже́тны
1514,вне́бюджетныии
1515,вне́бюджетнѣхъии
1516,xxx
1517,xxx
1518,xxx
1519,xxx
1520,xxx
1521,xxx
1522,xxx
1523,xxx
1524,xxx
1525,вня́тна
1526,вня́тнъ
1527,вня́тнѣыи
1528,вня́тнъ
1529,вня́тныии
1530,вня́тны
1531,вня́тнѣхъ
1532,xxx
1533,во́дянисътъыи
1534,во́дянисътуыи
1535,во́дянисътыии
1536,во́дянисъты
1537,xxx
1538,xxx
1539,вазбудима́ыи
1540,во́збудиму
1541,во́збудимуыи
1542,во́збудимамьыи
1543,во́збудимиии
1544,во́збудимыии
1545,во́збудимы
1546,xxx
1547,во́звышенна
1548,во́звышеннуыи
1549,во́звышеннуыи
1550,во́звышеннъии
1551,во́звышенныии
1552,во́здушнуыи
1553,вазду́шнамь
1554,во́здушни
1555,во́здушни
1556,во́здушнъии
1557,во́здушныии
1558,во́здушнихъ
1559,xxx
1560,xxx
1561,во́змущённуыи
1562,во́змущённъыи
1563,во́змущённъыи
1564,во́змущённамьыи
1565,xxx
1566,xxx
1567,во́инственнъыи
1568,во́инственну
1569,во́инственнамь
1570,во́инственниии
1571,во́инственнамъии
1572,во́инственны
1573,во́инственныии
1574,во́инственнѣхъ
1575,xxx
1576,xxx
1577,xxx
1578,xxx
1579,xxx
1580,xxx
1581,xxx
1582,xxx
1583,xxx
1584,xxx
1585,xxx
1586,во́нючаыи
1587,во́нючуыи
1588,во́нючъыи
1589,во́нючиии
1590,во́нючамъии
1591,во́нючы
1592,во́нючыии
1593,во́нючыии
1594,во́нючѣхъ
1595,во́нючѣхъии
1596,xxx
1597,во́абразимаыи
1598,во́абразимуыи
1599,во́абразимуыи
1600,ваабрази́м
1601,во́абразимамь
1602,во́абразимѣыи
1603,во́абразимыии
1604,во́абразимыии
1605,во́рчливаыи
1606,во́рчливу
1607,во́рчливъыи
1608,варчли́в
1609,во́рчливыии
1610,xxx
1611,xxx
1612,xxx
1613,xxx
1614,xxx
1615,xxx
1616,xxx
1617,xxx
1618,xxx
1619,васпитате́льнъ
1620,во́спитательнаыи
1621,во́спитательнаыи
1622,во́спитательну
1623,во́спитательнуыи
1624,васпитате́льнъ
1625,во́спитательнамьыи
1626,во́спитательнѣ
1627,во́спитательнѣ
1628,во́спитательни
1629,во́спитательныии
1630,во́сприимчива
1631,во́сприимчивуыи
1632,васприимчи́в
1633,во́сприимчивамьыи
1634,во́сприимчивиии
1635,во́сприимчивыии
1636,во́сприимчивѣхъии
1637,xxx
1638,xxx
1639,xxx
1640,xxx
1641,xxx
1642,xxx
1643,xxx
1644,xxx
1645,xxx
1646,xxx
1647,xxx
1648,xxx
1649,xxx
1650,xxx
1651,васхищё́ннъ
1652,во́схищённъыи
1653,во́схищённа
1654,во́схищённаыи
1655,во́схищённамь
1656,во́схищённиии
1657,васхищё́ннъ
1658,во́схищённамъ
1659,во́схищённамъии
1660,во́схищённыии
1661,xxx
1662,xxx
1663,xxx
1664,xxx
1665,xxx
1666,xxx
1667,xxx
1668,xxx
1669,xxx
1670,xxx
1671,xxx
1672,xxx
1673,xxx
1674,xxx
1675,xxx
1676,xxx
1677,xxx
1678,xxx
1679,xxx
1680,xxx
1681,xxx
1682,xxx
1683,xxx
1684,xxx
1685,xxx
1686,xxx
1687,всеми́рнъ
1688,все́мирнъыи
1689,все́мирнамь
1690,все́мирнамьыи
1691,все́мирни
1692,все́мирни
1693,все́мирниии
1694,все́мирнамъии
1695,всемагу́щаыи
1696,всемагу́щамь
1697,все́магущѣхъ
1698,xxx
1699,xxx
1700,xxx
1701,xxx
1702,xxx
1703,xxx
1704,xxx
1705,xxx
1706,xxx
1707,xxx
1708,xxx
1709,xxx
1710,xxx
1711,xxx
1712,xxx
1713,xxx
1714,всѣси́льнъ
1715,всѣ́сильнъыи
1716,всѣ́сильнаыи
1717,всѣ́сильнѣыи
1718,всѣ́сильнъии
1719,всѣ́сильны
1720,всѣ́сильныии
1721,всѣ́сильнихъии
1722,xxx
1723,xxx
1724,xxx
1725,xxx
1726,xxx
1727,xxx
1728,xxx
1729,xxx
1730,xxx
1731,вто́ричнъыи
1732,втари́чнъ
1733,вто́ричнъии
1734,вто́ричнамъ
1735,вто́ричнамъии
1736,вто́ричнамъии
1737,вто́ричныии
1738,вто́ричнихъии
1739,xxx
1740,xxx
1741,xxx
1742,xxx
1743,xxx
1744,xxx
1745,xxx
1746,xxx
1747,xxx
1748,xxx
1749,xxx
1750,xxx
1751,xxx
1752,xxx
1753,xxx
1754,xxx
1755,xxx
1756,xxx
1757,xxx
1758,xxx
1759,xxx
1760,xxx
1761,выжидатѣ́льнъ
1762,вы́жидатѣльна
1763,выжидатѣ́льнъ
1764,вы́жидатѣльнъыи
1765,вы́жидатильнъыи
1766,вы́жидатильни
1767,вы́жидатильнамъ
1768,вы́жидатильнамъии
1769,xxx
1770,xxx
1771,xxx
1772,xxx
1773,xxx
1774,xxx
1775,xxx
1776,xxx
1777,xxx
1778,xxx
1779,xxx
1780,xxx
1781,xxx
1782,xxx
1783,xxx
1784,xxx
1785,xxx
1786,xxx
1787,xxx
1788,xxx
1789,xxx
1790,xxx
1791,xxx
1792,xxx
1793,xxx
1794,xxx
1795,xxx
1796,xxx
1797,xxx
1798,xxx
1799,xxx
1800,xxx
1801,вы́сакъыи
1802,вы́сака
1803,вы́сакѣ
1804,вы́сакѣыи
1805,вы́саки
1806,вы́сакыии
1807,вы́сакихъ
1808,xxx
1809,xxx
1810,вы́сакамернъыи
1811,высакаме́рна
1812,вы́сакамернѣ
1813,вы́сакамерниии
1814,высакаме́рнъ
1815,вы́сакамернѣхъии
1816,высакааплачиве́м
1817,высакааплачивъы́и
1818,высакааплачивема́ыи
1819,высакапламиче́в
1820,вы́сакааплачивы
1821,высакапаставленна́ыи
1822,вы́сакапаствленнамьыи
1823,вы́сакапаствленнамъии
1824,высакапаствленны́ии
1825,высакапаствленны́ии
1826,высакато́чнъ
1827,высакатачна́ыи
1828,высакатачна́ыи
1829,высакатачну́
1830,высакатачни́ии
1831,высакато́чнъии
1832,высакахудаже́ннъ
1833,высакахудажественна́ыи
1834,высакахудаженну́
1835,вы́сакахудажественнъыи
1836,высакахудажественнѣ́
1837,высакахудаженно́мъ
1838,xxx
1839,xxx
1840,xxx
1841,xxx
1842,xxx
1843,xxx
1844,xxx
1845,xxx
1846,xxx
1847,xxx
1848,xxx
1849,xxx
1850,xxx
1851,xxx
1852,xxx
1853,вя́зьцъ
1854,вя́зьцъыи
1855,вя́зьку
1856,вя́зьцуыи
1857,вя́зьцъыи
1858,вя́зьцамь
1859,вя́зьки
1860,вя́зьциии
1861,вя́зьцамъ
1862,вя́зьцамъии
1863,вя́зьциии
1864,вя́зьциии
1865,вя́зьцѣхъии
1866,вя́л
1867,вя́лаыи
1868,вя́лу
1869,вя́лу
1870,вя́ламьыи
1871,вя́лѣыи
1872,вя́лиии
1873,вя́лиии
1874,вя́ламъ
1875,вя́лѣхъ
1876,вя́лихъии
1877,га́дька
1878,га́дьцъ
1879,га́дькамь
1880,га́дьцъ
1881,га́дьцамъ
1882,га́дькамъии
1883,гаранти́йнъ
1884,га́рантийнамъ
1885,га́рантийнамъ
1886,га́рантийны
1887,xxx
1888,xxx
1889,xxx
1890,xxx
1891,xxx
1892,xxx
1893,xxx
1894,xxx
1895,xxx
1896,xxx
1897,xxx
1898,xxx
1899,xxx
1900,xxx
1901,xxx
1902,xxx
1903,xxx
1904,ги́бьцъ
1905,ги́бькъ
1906,ги́бьцъыи
1907,ги́бьцаыи
1908,ги́бьцу
1909,ги́бьцамь
1910,ги́бькамьыи
1911,ги́бьци
1912,ги́бькиии
1913,ги́бьцъии
1914,ги́бькы
1915,ги́бьциии
1916,xxx
1917,xxx
1918,гла́дьцаыи
1919,гла́дькаыи
1920,гла́дьцъыи
1921,гла́дьки
1922,гла́дьцъ
1923,гла́дьцамъии
1924,гла́дькамъии
1925,xxx
1926,xxx
1927,xxx
1928,xxx
1929,xxx
1930,xxx
1931,xxx
1932,xxx
1933,xxx
1934,xxx
1935,xxx
1936,xxx
1937,xxx
1938,xxx
1939,xxx
1940,xxx
1941,xxx
1942,xxx
1943,xxx
1944,xxx
1945,гне́внаыи
1946,гне́внъыи
1947,гне́внамь
1948,гне́внъ
1949,гне́внъ
1950,гне́вныии
1951,гне́внихъ
1952,гни́ламь
1953,гни́ламь
1954,гни́лѣ
1955,гни́ли
1956,гни́лиии
1957,гни́лъии
1958,гни́ламъии
1959,гну́снъ
1960,гну́снъ
1961,гну́снъыи
1962,гну́снамьыи
1963,гну́сни
1964,xxx
1965,xxx
1966,го́днаыи
1967,го́днуыи
1968,го́днъ
1969,го́днамь
1970,го́днамъ
1971,го́днамъии
1972,го́дныии
1973,го́дныии
1974,го́днѣхъии
1975,xxx
1976,xxx
1977,xxx
1978,xxx
1979,галару́к
1980,гла́рукуыи
1981,гла́рукамь
1982,гларукъи́и
1983,xxx
1984,xxx
1985,xxx
1986,xxx
1987,xxx
1988,го́ла
1989,го́ламь
1990,го́лѣыи
1991,го́л
1992,xxx
1993,xxx
1994,xxx
1995,xxx
1996,xxx
1997,xxx
1998,xxx
1999,xxx
2000,xxx
2001,xxx
2002,xxx
2003,xxx
2004,xxx
2005,xxx
2006,xxx
2007,xxx
2008,xxx
2009,xxx
2010,xxx
2011,xxx
2012,xxx
2013,xxx
2014,xxx
2015,го́рнуыи
2016,го́рнуыи
2017,го́рнъыи
2018,го́рнѣыи
2019,го́рниыи
2020,го́рни
2021,го́рниии
2022,го́рны
2023,го́рныии
2024,го́рны
2025,го́рныии
2026,го́рьца
2027,го́рьци
2028,го́рьцъ
2029,го́рьци
2030,го́рьциии
2031,гарю́ч
2032,го́рючамь
2033,го́рючы
2034,xxx
2035,xxx
2036,xxx
2037,xxx
2038,xxx
2039,гастеприи́мнъ
2040,го́степримнуыи
2041,го́степримниии
2042,гастеприи́мнъ
2043,го́степриминнамъ
2044,го́степримны
2045,го́степримны
2046,го́степримнѣхъ
2047,xxx
2048,xxx
2049,xxx
2050,xxx
2051,xxx
2052,xxx
2053,xxx
2054,xxx
2055,xxx
2056,xxx
2057,xxx
2058,гра́витацианнъыи
2059,гравитацио́ннъ
2060,гравитацио́ннъ
2061,гра́витацианныии
2062,гра́витацианны
2063,xxx
2064,xxx
2065,грандиазнъы́и
2066,грандиазну́
2067,грандиазно́мь
2068,грандиазно́мьыи
2069,грандиазни́
2070,грандио́знъ
2071,грандиазнѣ́хъии
2072,xxx
2073,xxx
2074,xxx
2075,xxx
2076,xxx
2077,грѣ́шнаыи
2078,грѣ́шнаыи
2079,грѣ́шнамьыи
2080,грѣ́шни
2081,грѣ́шнъ
2082,грѣ́шны
2083,грѣ́шнѣхъ
2084,гро́зну
2085,гро́знуыи
2086,гро́знамь
2087,гро́знамь
2088,гро́знѣ
2089,гро́зны
2090,гро́знѣхъии
2091,гро́знихъии
2092,xxx
2093,xxx
2094,xxx
2095,xxx
2096,гро́мьцѣ
2097,гро́мьцѣыи
2098,гро́мьцъ
2099,гро́мькъ
2100,xxx
2101,xxx
2102,xxx
2103,xxx
2104,xxx
2105,xxx
2106,гру́знамь
2107,гру́знъ
2108,гру́знъии
2109,гру́знамъии
2110,гру́зныии
2111,xxx
2112,xxx
2113,xxx
2114,xxx
2115,xxx
2116,гру́стнаыи
2117,гру́стну
2118,гру́стнамьыи
2119,гру́стнамьыи
2120,гру́стнѣыи
2121,гру́стниии
2122,гру́стнихъ
2123,гря́знъ
2124,гря́знъыи
2125,гря́зну
2126,гря́знамь
2127,гря́знъии
2128,гря́зны
2129,гря́зны
2130,губите́льнъ
2131,гу́бительнамьыи
2132,губите́льнъ
2133,гу́бительнъии
2134,гу́бительны
2135,гу́бительны
2136,гу́бительнѣхъ
2137,гу́бительнихъ
2138,гу́бительнѣхъии
2139,гу́льцъ
2140,гу́льца
2141,гу́льцаыи
2142,гу́лькъ
2143,гу́лькамьыи
2144,гу́лькъии
2145,гу́льцѣхъии
2146,xxx
2147,xxx
2148,xxx
2149,xxx
2150,xxx
2151,xxx
2152,xxx
2153,xxx
2154,xxx
2155,xxx
2156,xxx
2157,xxx
2158,xxx
2159,xxx
2160,да́льнъ
2161,да́льнъыи
2162,да́льна
2163,да́льнамь
2164,да́льнѣыи
2165,да́льнѣыи
2166,да́льни
2167,да́льниии
2168,да́льныии
2169,да́льны
2170,да́льнѣхъ
2171,xxx
2172,xxx
2173,xxx
2174,xxx
2175,xxx
2176,xxx
2177,xxx
2178,xxx
2179,xxx
2180,xxx
2181,xxx
2182,xxx
2183,xxx
2184,xxx
2185,xxx
2186,xxx
2187,xxx
2188,xxx
2189,xxx
2190,xxx
2191,xxx
2192,xxx
2193,xxx
2194,xxx
2195,xxx
2196,xxx
2197,xxx
2198,xxx
2199,xxx
2200,xxx
2201,xxx
2202,xxx
2203,двухпала́тнъ
2204,дву́хпалатнамь
2205,дву́хпалатни
2206,дву́хпалатнѣхъ
2207,xxx
2208,xxx
2209,xxx
2210,xxx
2211,xxx
2212,xxx
2213,де́вянасталетну
2214,де́вянасталетнъыи
2215,де́вянасталетнѣхъ
2216,xxx
2217,xxx
2218,xxx
2219,xxx
2220,xxx
2221,xxx
2222,xxx
2223,xxx
2224,xxx
2225,xxx
2226,xxx
2227,xxx
2228,xxx
2229,делавита́ыи
2230,делавита́ыи
2231,де́лавитъыи
2232,де́лавитамь
2233,де́лавитамь
2234,де́лавиты
2235,xxx
2236,xxx
2237,xxx
2238,xxx
2239,xxx
2240,xxx
2241,xxx
2242,xxx
2243,xxx
2244,xxx
2245,xxx
2246,xxx
2247,xxx
2248,xxx
2249,xxx
2250,xxx
2251,xxx
2252,xxx
2253,xxx
2254,xxx
2255,xxx
2256,xxx
2257,xxx
2258,дрѣ́вянисъта
2259,дрѣ́вянисътаыи
2260,де́ревянисъту
2261,дрѣ́вянисътъыи
2262,дрѣвяни́сътъ
2263,дрѣ́вянисътыии
2264,xxx
2265,xxx
2266,xxx
2267,xxx
2268,xxx
2269,xxx
2270,xxx
2271,xxx
2272,xxx
2273,xxx
2274,xxx
2275,xxx
2276,де́рзькъыи
2277,де́рзьцаыи
2278,де́рзьцѣ
2279,де́рзьци
2280,xxx
2281,xxx
2282,xxx
2283,xxx
2284,xxx
2285,xxx
2286,xxx
2287,xxx
2288,xxx
2289,дефицитнъы́и
2290,дефицитна́ыи
2291,дефицитну́ыи
2292,дефици́тнъ
2293,дефицитнѣ́
2294,дефицитни́ии
2295,дефицитни́ии
2296,де́фицитнамъии
2297,дефицитны́ии
2298,дефицитны́
2299,дефицитнѣ́хъии
2300,xxx
2301,xxx
2302,xxx
2303,xxx
2304,xxx
2305,ди́цъыи
2306,ди́цаыи
2307,ди́циыи
2308,ди́ци
2309,ди́цамъ
2310,ди́цамъии
2311,ди́циии
2312,ди́ци
2313,ди́циии
2314,дицавинну́ыи
2315,дицави́ннъ
2316,ди́цавиннъыи
2317,ди́цавиннамъ
2318,дицави́нны
2319,дицави́нны
2320,дицавинны́ии
2321,ди́цавиннихъии
2322,ди́намичнъыи
2323,динами́чнъ
2324,ди́намичнъыи
2325,ди́намичниии
2326,динами́чнъ
2327,ди́намичнъии
2328,ди́намичны
2329,ди́намичнѣхъ
2330,xxx
2331,xxx
2332,xxx
2333,xxx
2334,xxx
2335,xxx
2336,xxx
2337,xxx
2338,xxx
2339,xxx
2340,xxx
2341,xxx
2342,xxx
2343,xxx
2344,xxx
2345,xxx
2346,дли́ннющъыи
2347,дли́ннющаыи
2348,дли́ннющѣ
2349,дли́ннющъии
2350,дли́ннющамъ
2351,дли́ннющыии
2352,xxx
2353,xxx
2354,xxx
2355,xxx
2356,xxx
2357,xxx
2358,xxx
2359,xxx
2360,xxx
2361,xxx
2362,xxx
2363,xxx
2364,xxx
2365,xxx
2366,xxx
2367,xxx
2368,xxx
2369,xxx
2370,xxx
2371,xxx
2372,xxx
2373,xxx
2374,xxx
2375,xxx
2376,xxx
2377,xxx
2378,xxx
2379,xxx
2380,xxx
2381,xxx
2382,xxx
2383,xxx
2384,xxx
2385,xxx
2386,xxx
2387,xxx
2388,xxx
2389,xxx
2390,xxx
2391,xxx
2392,xxx
2393,xxx
2394,xxx
2395,xxx
2396,xxx
2397,xxx
2398,xxx
2399,xxx
2400,xxx
2401,дакучли́в
2402,до́кучливу
2403,до́кучливѣ
2404,xxx
2405,xxx
2406,xxx
2407,xxx
2408,xxx
2409,xxx
2410,xxx
2411,xxx
2412,до́лгавязъыи
2413,до́лгавязъыи
2414,до́лгавязуыи
2415,до́лгавязъыи
2416,до́лгавязамьыи
2417,до́лгавязи
2418,до́лгавязамъ
2419,до́лгавязыии
2420,xxx
2421,xxx
2422,xxx
2423,xxx
2424,xxx
2425,xxx
2426,xxx
2427,xxx
2428,xxx
2429,xxx
2430,xxx
2431,xxx
2432,xxx
2433,xxx
2434,xxx
2435,xxx
2436,xxx
2437,xxx
2438,xxx
2439,xxx
2440,xxx
2441,xxx
2442,xxx
2443,xxx
2444,xxx
2445,xxx
2446,xxx
2447,xxx
2448,xxx
2449,дапусти́м
2450,до́пустимиии
2451,до́пустимыии
2452,до́пустимѣхъ
2453,до́пустимихъии
2454,xxx
2455,xxx
2456,xxx
2457,xxx
2458,xxx
2459,xxx
2460,xxx
2461,xxx
2462,xxx
2463,xxx
2464,xxx
2465,xxx
2466,xxx
2467,дастижи́м
2468,до́стижима
2469,до́стижимаыи
2470,дастижи́м
2471,до́стижимѣ
2472,до́стижими
2473,дастижи́м
2474,до́стижимъии
2475,до́стижимы
2476,xxx
2477,xxx
2478,xxx
2479,xxx
2480,xxx
2481,xxx
2482,xxx
2483,xxx
2484,xxx
2485,xxx
2486,xxx
2487,xxx
2488,xxx
2489,xxx
2490,xxx
2491,xxx
2492,xxx
2493,xxx
2494,дра́н
2495,дра́ну
2496,дра́намь
2497,дра́ни
2498,дра́н
2499,дра́ныии
2500,дра́ны
2501,дра́нѣхъ
2502,xxx
2503,xxx
2504,xxx
2505,xxx
2506,xxx
2507,xxx
2508,дре́мучаыи
2509,дре́мучаыи
2510,дре́мучу
2511,дре́мучамь
2512,дре́мучѣ
2513,дре́мучи
2514,дрему́ч
2515,дре́мучамъии
2516,xxx
2517,дружелю́бнъ
2518,дружелюбна́ыи
2519,дружелю́бнъ
2520,дру́желюбнамь
2521,дру́желюбни
2522,дружелю́бнъ
2523,дру́желюбнъии
2524,дру́желюбны
2525,дружелюбны́ии
2526,xxx
2527,xxx
2528,xxx
2529,xxx
2530,xxx
2531,дря́хлъ
2532,дря́хлъ
2533,дря́хлуыи
2534,дря́хлъ
2535,дря́хлъыи
2536,дря́хламь
2537,дря́хлиии
2538,дря́хлъии
2539,дря́хлъии
2540,дря́хлы
2541,xxx
2542,xxx
2543,xxx
2544,xxx
2545,дугаабра́знъ
2546,дугаабра́знъ
2547,ду́гаабразнамь
2548,ду́гаабразнамьыи
2549,ду́гаабразни
2550,ду́гаабразниии
2551,ду́гаабразнамъии
2552,ду́гаабразны
2553,ду́гаабразны
2554,ду́гаабразныии
2555,xxx
2556,xxx
2557,xxx
2558,xxx
2559,xxx
2560,xxx
2561,xxx
2562,xxx
2563,xxx
2564,xxx
2565,xxx
2566,xxx
2567,xxx
2568,xxx
2569,xxx
2570,дымча́т
2571,дымча́т
2572,ды́мчатамь
2573,ды́мчати
2574,ды́мчатъии
2575,ды́мчатѣхъ
2576,ды́мчатихъии
2577,xxx
2578,xxx
2579,xxx
2580,xxx
2581,е́диничнаыи
2582,е́диничну
2583,е́диничнъыи
2584,е́диничнъыи
2585,е́диничнамъии
2586,е́динавременнуыи
2587,е́динавременнъыи
2588,е́динавременнамь
2589,е́динавременнамьыи
2590,е́динавременнѣыи
2591,е́динавременни
2592,е́динавременни
2593,е́динавременнамъ
2594,е́динавременнамъии
2595,е́динавременныии
2596,xxx
2597,xxx
2598,xxx
2599,xxx
2600,xxx
2601,xxx
2602,xxx
2603,xxx
2604,xxx
2605,е́дьцъ
2606,е́дьцъыи
2607,е́дьцѣыи
2608,е́дьциии
2609,е́дькамъ
2610,ежего́днъ
2611,е́жегаднамъии
2612,ежегадны́ии
2613,ежегадны́ии
2614,ежегадны́
2615,ежегадны́ии
2616,ежегаднѣ́хъии
2617,xxx
2618,ежено́щнамь
2619,еженащнѣ́ыи
2620,еженащни́
2621,еженащни́
2622,е́женащны
2623,еженащны́
2624,еженащны́ии
2625,еженащнѣ́хъ
2626,xxx
2627,xxx
2628,xxx
2629,xxx
2630,xxx
2631,xxx
2632,xxx
2633,xxx
2634,xxx
2635,xxx
2636,xxx
2637,ёбну́тъыи
2638,ёбну́т
2639,ёбнути́ии
2640,ё́бнутѣхъии
2641,ё́мькаыи
2642,ё́мьцу
2643,ё́мькъ
2644,ё́мьци
2645,ё́мькиии
2646,ё́мьцамъ
2647,ё́мькамъ
2648,ё́мьци
2649,ё́мьцѣхъии
2650,xxx
2651,xxx
2652,xxx
2653,xxx
2654,xxx
2655,xxx
2656,xxx
2657,xxx
2658,xxx
2659,xxx
2660,xxx
2661,xxx
2662,xxx
2663,xxx
2664,xxx
2665,xxx
2666,xxx
2667,xxx
2668,xxx
2669,же́лчнъ
2670,же́лчнуыи
2671,же́лчнамь
2672,же́лчнамьыи
2673,же́лчны
2674,же́лчны
2675,xxx
2676,xxx
2677,xxx
2678,xxx
2679,xxx
2680,xxx
2681,xxx
2682,xxx
2683,xxx
2684,жесто́к
2685,же́стакъыи
2686,же́стака
2687,же́стакаыи
2688,же́стаку
2689,же́стакамь
2690,же́стакамьыи
2691,же́стаки
2692,жё́стькъ
2693,жё́стьцъыи
2694,жё́стьцѣыи
2695,жё́стьциии
2696,жё́стьциии
2697,жё́стьцѣхъии
2698,xxx
2699,xxx
2700,живу́ч
2701,живу́ч
2702,жи́вучъыи
2703,жи́вучѣыи
2704,жи́вучамъии
2705,жи́вучыии
2706,жи́вучы
2707,жи́вучы
2708,жи́вучыии
2709,жи́вучыии
2710,xxx
2711,xxx
2712,xxx
2713,xxx
2714,xxx
2715,xxx
2716,xxx
2717,xxx
2718,xxx
2719,xxx
2720,xxx
2721,xxx
2722,xxx
2723,xxx
2724,xxx
2725,xxx
2726,жи́рнуыи
2727,жи́рнъ
2728,жи́рнъ
2729,жи́рнамьыи
2730,жи́рнѣ
2731,жи́рни
2732,жи́рныии
2733,жи́рны
2734,жи́рныии
2735,xxx
2736,xxx
2737,xxx
2738,xxx
2739,xxx
2740,xxx
2741,xxx
2742,xxx
2743,xxx
2744,xxx
2745,xxx
2746,xxx
2747,xxx
2748,xxx
2749,xxx
2750,xxx
2751,xxx
2752,xxx
2753,xxx
2754,xxx
2755,xxx
2756,xxx
2757,xxx
2758,xxx
2759,xxx
2760,xxx
2761,xxx
2762,xxx
2763,xxx
2764,xxx
2765,xxx
2766,xxx
2767,xxx
2768,xxx
2769,xxx
2770,xxx
2771,xxx
2772,xxx
2773,xxx
2774,xxx
2775,зависи́м
2776,зависима́
2777,зависима́
2778,зависимѣ́
2779,зависими́ии
2780,зависимо́мъ
2781,зависимы́ии
2782,зависимѣ́хъ
2783,за́вистливѣ
2784,завистливи́ии
2785,завистливи́ии
2786,за́вистливамъии
2787,за́вистливыии
2788,за́вистливы
2789,xxx
2790,xxx
2791,xxx
2792,xxx
2793,xxx
2794,xxx
2795,xxx
2796,xxx
2797,xxx
2798,xxx
2799,xxx
2800,задумчи́в
2801,за́думчивъыи
2802,за́думчивиыи
2803,за́думчивиии
2804,за́думчивиии
2805,за́думчивыии
2806,за́думчивы
2807,xxx
2808,xxx
2809,xxx
2810,за́жизательнамьыи
2811,за́жизательнъии
2812,за́жизательнамъии
2813,за́жизательны
2814,за́жизательныии
2815,за́жизательнихъии
2816,xxx
2817,xxx
2818,xxx
2819,xxx
2820,xxx
2821,xxx
2822,xxx
2823,xxx
2824,за́ключительнуыи
2825,за́ключительнуыи
2826,за́ключительнъыи
2827,за́ключительнамьыи
2828,за́ключительни
2829,за́ключительнамъии
2830,за́ключительнѣхъии
2831,за́ключительнихъии
2832,xxx
2833,xxx
2834,xxx
2835,xxx
2836,xxx
2837,xxx
2838,xxx
2839,xxx
2840,xxx
2841,xxx
2842,xxx
2843,xxx
2844,xxx
2845,xxx
2846,xxx
2847,xxx
2848,xxx
2849,xxx
2850,xxx
2851,xxx
2852,xxx
2853,xxx
2854,xxx
2855,xxx
2856,xxx
2857,xxx
2858,закули́сна
2859,закули́снъ
2860,закули́снамь
2861,за́кулисниыи
2862,за́кулисниии
2863,за́кулисны
2864,xxx
2865,xxx
2866,xxx
2867,xxx
2868,xxx
2869,xxx
2870,xxx
2871,xxx
2872,xxx
2873,xxx
2874,xxx
2875,xxx
2876,xxx
2877,xxx
2878,xxx
2879,xxx
2880,xxx
2881,xxx
2882,xxx
2883,xxx
2884,xxx
2885,xxx
2886,xxx
2887,xxx
2888,xxx
2889,xxx
2890,xxx
2891,xxx
2892,xxx
2893,xxx
2894,за́нимательну
2895,за́нимательнуыи
2896,за́нимательнъыи
2897,за́нимательниыи
2898,за́нимательни
2899,за́нимательнихъ
2900,xxx
2901,xxx
2902,xxx
2903,xxx
2904,xxx
2905,xxx
2906,xxx
2907,xxx
2908,xxx
2909,xxx
2910,xxx
2911,xxx
2912,xxx
2913,xxx
2914,xxx
2915,xxx
2916,xxx
2917,xxx
2918,xxx
2919,xxx
2920,xxx
2921,xxx
2922,xxx
2923,xxx
2924,xxx
2925,xxx
2926,xxx
2927,xxx
2928,xxx
2929,xxx
2930,xxx
2931,xxx
2932,xxx
2933,xxx
2934,xxx
2935,xxx
2936,xxx
2937,xxx
2938,xxx
2939,xxx
2940,xxx
2941,xxx
2942,xxx
2943,xxx
2944,xxx
2945,xxx
2946,xxx
2947,xxx
2948,xxx
2949,xxx
2950,xxx
2951,xxx
2952,xxx
2953,xxx
2954,xxx
2955,xxx
2956,xxx
2957,xxx
2958,xxx
2959,xxx
2960,xxx
2961,xxx
2962,xxx
2963,xxx
2964,xxx
2965,xxx
2966,xxx
2967,xxx
2968,xxx
2969,xxx
2970,xxx
2971,xxx
2972,xxx
2973,xxx
2974,xxx
2975,xxx
2976,xxx
2977,xxx
2978,xxx
2979,xxx
2980,xxx
2981,xxx
2982,xxx
2983,xxx
2984,xxx
2985,xxx
2986,xxx
2987,xxx
2988,xxx
2989,xxx
2990,xxx
2991,xxx
2992,xxx
2993,xxx
2994,xxx
2995,xxx
2996,xxx
2997,xxx
2998,xxx
2999,xxx
3000,xxx
3001,за́труднитѣльна
3002,за́труднитѣльну
3003,за́труднитильну
3004,за́труднитильнамь
3005,затруднитѣ́льнъ
3006,за́труднитѣльны
3007,за́труднитѣльнѣхъии
3008,xxx
3009,xxx
3010,xxx
3011,xxx
3012,xxx
3013,xxx
3014,xxx
3015,xxx
3016,xxx
3017,xxx
3018,xxx
3019,xxx
3020,xxx
3021,xxx
3022,xxx
3023,xxx
3024,зво́нька
3025,зво́нькаыи
3026,зво́ньку
3027,зво́ньцъыи
3028,зво́нькъыи
3029,зво́нькамъ
3030,зво́ньциии
3031,зво́нькы
3032,зво́ньцѣхъ
3033,xxx
3034,xxx
3035,xxx
3036,xxx
3037,xxx
3038,xxx
3039,xxx
3040,xxx
3041,xxx
3042,xxx
3043,xxx
3044,xxx
3045,xxx
3046,xxx
3047,xxx
3048,xxx
3049,xxx
3050,xxx
3051,xxx
3052,xxx
3053,xxx
3054,xxx
3055,xxx
3056,xxx
3057,xxx
3058,xxx
3059,xxx
3060,xxx
3061,xxx
3062,xxx
3063,xxx
3064,xxx
3065,xxx
3066,xxx
3067,xxx
3068,xxx
3069,xxx
3070,xxx
3071,xxx
3072,xxx
3073,xxx
3074,зна́мѣнитъыи
3075,зна́мѣнита
3076,зна́минитуыи
3077,зна́мѣнитъыи
3078,зна́минитамьыи
3079,знамини́т
3080,зна́мѣнитамъии
3081,зна́мѣнитѣхъ
3082,зна́минитихъ
3083,зна́мѣнитѣхъии
3084,зна́тнъ
3085,зна́тнъыи
3086,зна́тна
3087,зна́тнаыи
3088,зна́тну
3089,зна́тнамь
3090,зна́тнѣыи
3091,xxx
3092,xxx
3093,xxx
3094,xxx
3095,xxx
3096,xxx
3097,xxx
3098,xxx
3099,xxx
3100,злати́сътъ
3101,зла́тисътаыи
3102,зла́тисъту
3103,зо́латисътуыи
3104,зла́тисътъии
3105,зла́тисътамъ
3106,зо́латисътамъии
3107,зла́тисътѣхъии
3108,зо́рькъыи
3109,зо́рьца
3110,зо́рьцаыи
3111,зо́рьцъ
3112,зо́рьциии
3113,зо́рьцамъ
3114,зо́рькихъ
3115,xxx
3116,xxx
3117,xxx
3118,зубчата́ыи
3119,зу́бчатуыи
3120,зу́бчатъыи
3121,зубча́т
3122,зубча́тъии
3123,зу́бчатихъии
3124,зы́бькаыи
3125,зы́бьцуыи
3126,зы́бьцъ
3127,зы́бьцамь
3128,зы́бьцамьыи
3129,зы́бьцѣыи
3130,зы́бькамъии
3131,зы́бьци
3132,зя́бька
3133,зя́бьцу
3134,зя́бьцамь
3135,зя́бьцамь
3136,зя́бькамьыи
3137,зя́бьки
3138,зя́бькамъ
3139,зя́бьци
3140,зя́бькихъии
3141,xxx
3142,xxx
3143,xxx
3144,xxx
3145,xxx
3146,xxx
3147,xxx
3148,xxx
3149,xxx
3150,xxx
3151,изруше́чнъыи
3152,изруше́чнъыи
3153,и́зрушечну
3154,и́зрушечну
3155,и́зрушечниии
3156,и́зрушечниии
3157,и́зрушечнѣхъ
3158,и́дѣальнъыи
3159,и́дѣальнуыи
3160,и́диальнъыи
3161,и́дѣальнѣ
3162,и́диальни
3163,идѣа́льнъ
3164,и́дѣальныии
3165,и́диальнихъии
3166,и́дентичнъыи
3167,и́дентичнъыи
3168,и́дентичнаыи
3169,и́дентичнуыи
3170,и́дентичны
3171,и́дентичны
3172,и́дентичныии
3173,xxx
3174,xxx
3175,xxx
3176,xxx
3177,xxx
3178,xxx
3179,xxx
3180,xxx
3181,xxx
3182,извили́сътъ
3183,и́звилисътъыи
3184,и́звилисъту
3185,и́звилисътѣыи
3186,и́звилисътиии
3187,и́звилисътъии
3188,и́звилисътамъ
3189,и́звилисъты
3190,и́звилисътѣхъии
3191,xxx
3192,xxx
3193,и́злечиму
3194,и́злечимамьыи
3195,и́злечимѣыи
3196,и́злечими
3197,и́злечимъии
3198,и́злечимамъии
3199,и́злечимѣхъии
3200,и́злечимѣхъии
3201,xxx
3202,xxx
3203,xxx
3204,и́зменчивъыи
3205,и́зменчивуыи
3206,и́зменчивъыи
3207,и́зменчивамь
3208,и́зменчивамьыи
3209,и́зменчивиыи
3210,изменчи́в
3211,изменчи́в
3212,и́зменчивыии
3213,и́зменчивыии
3214,и́зменчивѣхъ
3215,и́зменчивихъ
3216,и́змеримъыи
3217,и́змеримѣыи
3218,и́змеримиии
3219,и́змеримъии
3220,измеримы́ии
3221,и́змеримѣхъ
3222,xxx
3223,xxx
3224,xxx
3225,и́значальна
3226,и́значальну
3227,и́значальнамьыи
3228,и́значальнѣ
3229,и́значальни
3230,и́значальнъии
3231,xxx
3232,xxx
3233,xxx
3234,xxx
3235,xxx
3236,xxx
3237,xxx
3238,xxx
3239,xxx
3240,xxx
3241,xxx
3242,xxx
3243,xxx
3244,и́забильна
3245,и́забильнѣыи
3246,и́забильны
3247,и́забильны
3248,и́забильны
3249,и́забильны
3250,изабразите́льнъ
3251,изабразите́льнъ
3252,и́забразительнъыи
3253,и́забразительнамьыи
3254,и́забразительни
3255,и́забразительнъии
3256,и́забразительныии
3257,и́забразительны
3258,изабритатѣ́льнъ
3259,и́забрѣтатѣльна
3260,и́забрѣтатѣльна
3261,и́забритатильнъыи
3262,и́забрѣтатѣльнамьыи
3263,и́забритатильни
3264,и́забрѣтатѣльнъии
3265,и́забритатильнъии
3266,и́забрѣтатѣльнамъ
3267,и́забритатильны
3268,изагну́т
3269,и́загнутамьыи
3270,и́загнутѣыи
3271,и́загнутиии
3272,и́загнуты
3273,и́загнутѣхъ
3274,xxx
3275,xxx
3276,xxx
3277,xxx
3278,xxx
3279,xxx
3280,xxx
3281,xxx
3282,xxx
3283,xxx
3284,xxx
3285,xxx
3286,xxx
3287,xxx
3288,xxx
3289,xxx
3290,xxx
3291,xxx
3292,xxx
3293,xxx
3294,xxx
3295,xxx
3296,xxx
3297,xxx
3298,xxx
3299,xxx
3300,xxx
3301,xxx
3302,xxx
3303,xxx
3304,xxx
3305,xxx
3306,xxx
3307,xxx
3308,xxx
3309,xxx
3310,xxx
3311,xxx
3312,xxx
3313,xxx
3314,xxx
3315,xxx
3316,xxx
3317,xxx
3318,xxx
3319,xxx
3320,xxx
3321,xxx
3322,и́мущественна
3323,имуществе́ннамь
3324,и́мущественнамьыи
3325,и́мущественнѣыи
3326,и́мущественнъии
3327,имущественны́ии
3328,xxx
3329,xxx
3330,xxx
3331,xxx
3332,xxx
3333,xxx
3334,xxx
3335,xxx
3336,xxx
3337,xxx
3338,xxx
3339,xxx
3340,и́ннавацианнамьыи
3341,и́ннавацианнѣыи
3342,и́ннавацианни
3343,и́ннавацианныии
3344,и́ннавацианнихъ
3345,инаплѣмѣ́ннъ
3346,и́наплѣмѣнна
3347,и́наплѣмѣннъыи
3348,и́наплиминнамьыи
3349,инаплѣмѣ́ннъ
3350,и́наплѣмѣнны
3351,и́наплѣмѣнныии
3352,и́наплѣмѣнныии
3353,и́наплѣмѣнныии
3354,и́наплѣмѣннѣхъ
3355,и́наплиминнихъии
3356,xxx
3357,xxx
3358,xxx
3359,xxx
3360,xxx
3361,xxx
3362,xxx
3363,xxx
3364,xxx
3365,xxx
3366,xxx
3367,интеракти́внъ
3368,интеракти́внъ
3369,интеракти́внъ
3370,и́нтерактивнѣыи
3371,и́нтерактивныии
3372,и́нтерактивны
3373,и́нтерактивныии
3374,xxx
3375,xxx
3376,xxx
3377,xxx
3378,xxx
3379,xxx
3380,xxx
3381,xxx
3382,xxx
3383,xxx
3384,xxx
3385,xxx
3386,xxx
3387,xxx
3388,xxx
3389,xxx
3390,xxx
3391,xxx
3392,xxx
3393,и́скапаема
3394,и́скапаемуыи
3395,и́скапаемамьыи
3396,и́скапаемѣ
3397,и́скапаемѣыи
3398,и́скапаемамъ
3399,и́скапаемы
3400,и́скапаемихъ
3401,xxx
3402,xxx
3403,xxx
3404,xxx
3405,xxx
3406,xxx
3407,xxx
3408,xxx
3409,xxx
3410,xxx
3411,xxx
3412,xxx
3413,xxx
3414,xxx
3415,xxx
3416,xxx
3417,xxx
3418,xxx
3419,xxx
3420,xxx
3421,xxx
3422,xxx
3423,xxx
3424,xxx
3425,xxx
3426,xxx
3427,xxx
3428,xxx
3429,xxx
3430,xxx
3431,xxx
3432,xxx
3433,xxx
3434,xxx
3435,xxx
3436,xxx
3437,xxx
3438,xxx
3439,xxx
3440,xxx
3441,xxx
3442,xxx
3443,и́сслѣдаваннъыи
3444,и́сслѣдаванна
3445,и́сслѣдаванна
3446,и́сслѣдаваннамь
3447,и́сслѣдаваннамьыи
3448,и́сслѣдаваннамьыи
3449,и́сслидаванни
3450,и́сслидаванни
3451,исслѣдава́ннъ
3452,и́сслѣдаваннъии
3453,и́сслидаваннъии
3454,и́сслѣдаваннамъ
3455,и́сслѣдаваннѣхъии
3456,xxx
3457,xxx
3458,xxx
3459,xxx
3460,xxx
3461,xxx
3462,xxx
3463,xxx
3464,xxx
3465,xxx
3466,xxx
3467,xxx
3468,xxx
3469,xxx
3470,xxx
3471,каждаднивну́ыи
3472,каждаднѣ́внъыи
3473,каждаднѣ́вни
3474,каждаднѣвны́ии
3475,xxx
3476,xxx
3477,xxx
3478,xxx
3479,ка́лендарну
3480,ка́лендарниии
3481,ка́лендарнъии
3482,ка́лендарнамъ
3483,xxx
3484,xxx
3485,xxx
3486,xxx
3487,xxx
3488,xxx
3489,xxx
3490,xxx
3491,xxx
3492,ка́питальнъыи
3493,капитальна́ыи
3494,ка́питальни
3495,ка́питальни
3496,ка́питальниии
3497,ка́питальнъии
3498,ка́питальнамъ
3499,ка́питальныии
3500,ка́питальныии
3501,ка́питальнѣхъ
3502,ка́питальнихъии
3503,xxx
3504,xxx
3505,xxx
3506,xxx
3507,xxx
3508,кардина́льнъ
3509,ка́рдинальнуыи
3510,ка́рдинальнамъ
3511,ка́рдинальныии
3512,ка́рдинальны
3513,карлицо́в
3514,карлицо́в
3515,ка́рлицава
3516,ка́рлицавъыи
3517,карлицавѣ́
3518,ка́рлицавиии
3519,ка́рлицавы
3520,ка́рлицавы
3521,xxx
3522,xxx
3523,ка́тѣгаричнуыи
3524,ка́тѣгаричнѣыи
3525,ка́тѣгаричнѣыи
3526,ка́тигарични
3527,ка́тѣгаричны
3528,ка́тигаричны
3529,ка́тѣгаричныии
3530,xxx
3531,качественна́ыи
3532,качественно́мьыи
3533,качестве́нны
3534,качестве́нны
3535,качественны́ии
3536,качественнѣ́хъ
3537,xxx
3538,xxx
3539,xxx
3540,xxx
3541,xxx
3542,xxx
3543,xxx
3544,xxx
3545,xxx
3546,xxx
3547,xxx
3548,xxx
3549,xxx
3550,ки́слаыи
3551,ки́слаыи
3552,ки́слъ
3553,ки́слъыи
3554,ки́слиыи
3555,ки́сламъии
3556,xxx
3557,xxx
3558,клё́въыи
3559,клё́въыи
3560,клё́вамьыи
3561,клё́виыи
3562,клё́ви
3563,клё́вы
3564,клё́вѣхъ
3565,клё́вѣхъии
3566,ко́вькъии
3567,ко́вьцамъии
3568,ко́вьциии
3569,ко́вьцѣхъ
3570,ко́гнитивна
3571,ко́гнитивнѣ
3572,ко́гнитивниыи
3573,ко́гнитивны
3574,ко́гнитивны
3575,ко́гнитивныии
3576,ко́гнитивнѣхъ
3577,ко́гнитивнѣхъии
3578,ко́гнитивнихъии
3579,xxx
3580,xxx
3581,xxx
3582,xxx
3583,xxx
3584,xxx
3585,xxx
3586,xxx
3587,xxx
3588,xxx
3589,xxx
3590,xxx
3591,xxx
3592,xxx
3593,xxx
3594,xxx
3595,xxx
3596,xxx
3597,калю́ч
3598,ко́люча
3599,ко́люча
3600,ко́лючъии
3601,ко́лючы
3602,xxx
3603,xxx
3604,xxx
3605,xxx
3606,xxx
3607,xxx
3608,xxx
3609,xxx
3610,xxx
3611,xxx
3612,xxx
3613,xxx
3614,xxx
3615,xxx
3616,xxx
3617,xxx
3618,xxx
3619,xxx
3620,xxx
3621,xxx
3622,xxx
3623,xxx
3624,xxx
3625,xxx
3626,xxx
3627,xxx
3628,xxx
3629,ко́мфартабельнъыи
3630,ко́мфартабельнуыи
3631,камфартабе́льнъ
3632,ко́мфартабельнѣыи
3633,камфартабе́льнъ
3634,ко́мфартабельны
3635,xxx
3636,xxx
3637,xxx
3638,xxx
3639,xxx
3640,xxx
3641,xxx
3642,xxx
3643,xxx
3644,xxx
3645,xxx
3646,xxx
3647,xxx
3648,xxx
3649,xxx
3650,xxx
3651,xxx
3652,ко́нсѣрвативнъыи
3653,ко́нсѣрвативна
3654,ко́нсирвативну
3655,ко́нсирвативнуыи
3656,ко́нсирвативни
3657,ко́нсѣрвативни
3658,ко́нсирвативнамъии
3659,xxx
3660,xxx
3661,xxx
3662,канструкти́внъ
3663,ко́нструктивнамъ
3664,ко́нструктивныии
3665,ко́нструктивныии
3666,ко́нструктивныии
3667,xxx
3668,xxx
3669,xxx
3670,xxx
3671,xxx
3672,xxx
3673,xxx
3674,xxx
3675,ко́нфиденциальнъыи
3676,ко́нфиденциальнамьыи
3677,ко́нфиденциальнѣ
3678,канфиденциа́льнѣыи
3679,ко́нфиденциальнамъ
3680,ко́нфиденциальны
3681,ко́нфиденциальнихъии
3682,xxx
3683,xxx
3684,xxx
3685,xxx
3686,xxx
3687,xxx
3688,xxx
3689,xxx
3690,xxx
3691,ко́нъюнктурнамь
3692,ко́нъюнктурниыи
3693,ко́нъюнктурнамъии
3694,ко́нъюнктурнамъии
3695,ко́нъюнктурнамъии
3696,ко́нъюнктурны
3697,ко́нъюнктурныии
3698,ко́нъюнктурныии
3699,ко́ардинацианну
3700,ко́ардинацианну
3701,ко́ардинацианнъыи
3702,ко́ардинацианныии
3703,ко́ардинацианныии
3704,караткару́к
3705,ко́раткарукъыи
3706,кра́ткаруку
3707,кра́ткаруку
3708,караткару́к
3709,кра́ткарукамь
3710,кра́ткарукыии
3711,ко́раткарукыии
3712,ко́раткарукы
3713,кра́ткарукѣхъ
3714,кра́ткарукихъ
3715,xxx
3716,xxx
3717,xxx
3718,xxx
3719,xxx
3720,xxx
3721,xxx
3722,xxx
3723,xxx
3724,xxx
3725,xxx
3726,xxx
3727,xxx
3728,xxx
3729,xxx
3730,касару́к
3731,ко́саруки
3732,ко́саугальнуыи
3733,ко́саугальнъыи
3734,ко́саугальнамь
3735,ко́саугальнамьыи
3736,ко́саугальнѣ
3737,ко́саугальниыи
3738,ко́саугальниии
3739,касауго́льнъ
3740,касауго́льнъ
3741,ко́саугальны
3742,ко́саугальныии
3743,ко́саугальнихъии
3744,xxx
3745,xxx
3746,xxx
3747,xxx
3748,xxx
3749,xxx
3750,xxx
3751,xxx
3752,xxx
3753,xxx
3754,xxx
3755,xxx
3756,xxx
3757,xxx
3758,xxx
3759,xxx
3760,xxx
3761,xxx
3762,xxx
3763,xxx
3764,xxx
3765,xxx
3766,xxx
3767,xxx
3768,xxx
3769,xxx
3770,xxx
3771,xxx
3772,xxx
3773,краснаричиво́мь
3774,краснаричиви́ии
3775,краснарѣчи́в
3776,краснаричиво́мъии
3777,краснарѣчивы́ии
3778,краснарѣчивы́
3779,краснарѣчивѣ́хъ
3780,xxx
3781,xxx
3782,краткасро́чнъ
3783,краткасро́чнъ
3784,кра́ткасрачнъыи
3785,кра́ткасрачнамьыи
3786,кра́ткасрачниии
3787,кра́ткасрачнъии
3788,кра́ткасрачнамъии
3789,кра́ткасрачныии
3790,краткасрачны́ии
3791,кра́ткасрачнихъии
3792,кра́тну
3793,кра́тнъ
3794,кра́тнамь
3795,кра́тнамьыи
3796,кра́тны
3797,xxx
3798,xxx
3799,xxx
3800,xxx
3801,кре́пьцъ
3802,кре́пьца
3803,кре́пька
3804,кре́пьцуыи
3805,кре́пьцъ
3806,кре́пькамь
3807,xxx
3808,xxx
3809,xxx
3810,xxx
3811,xxx
3812,xxx
3813,кри́ваыи
3814,кри́ву
3815,кри́в
3816,кри́ви
3817,кри́виии
3818,кри́в
3819,кри́выии
3820,кри́выии
3821,кривару́к
3822,кри́варука
3823,кривару́к
3824,криварукѣ́
3825,кри́варукамъии
3826,кри́варукы
3827,xxx
3828,xxx
3829,xxx
3830,xxx
3831,xxx
3832,xxx
3833,xxx
3834,кри́минальнаыи
3835,кри́минальнъыи
3836,кри́минальниыи
3837,кри́минальни
3838,кри́минальнамъ
3839,кри́минальны
3840,кри́минальныии
3841,кри́минальнихъ
3842,xxx
3843,xxx
3844,xxx
3845,xxx
3846,xxx
3847,xxx
3848,xxx
3849,xxx
3850,кро́внъыи
3851,кро́внамьыи
3852,кро́вниии
3853,кро́внамъ
3854,кро́вны
3855,кро́внѣхъ
3856,xxx
3857,xxx
3858,xxx
3859,xxx
3860,xxx
3861,xxx
3862,xxx
3863,xxx
3864,xxx
3865,xxx
3866,xxx
3867,xxx
3868,кравапрали́тнъ
3869,кравапралитну́ыи
3870,кро́вапралитнамь
3871,кравапралитни́
3872,кравапралитни́
3873,кравапралитни́
3874,кравапралитны́
3875,кравапралитны́ии
3876,кравапралитны́ии
3877,xxx
3878,xxx
3879,xxx
3880,xxx
3881,кро́тьца
3882,кро́тьцаыи
3883,кро́тьцаыи
3884,кро́тьцамьыи
3885,кро́тьцѣ
3886,кро́тьцѣыи
3887,кро́тькы
3888,xxx
3889,xxx
3890,xxx
3891,xxx
3892,xxx
3893,xxx
3894,xxx
3895,кру́гламь
3896,кру́глъии
3897,кру́гламъии
3898,кру́глихъ
3899,кру́глѣхъии
3900,кру́пнъ
3901,кру́пнъ
3902,кру́пнамь
3903,кру́пниии
3904,кру́пнъии
3905,кру́пны
3906,xxx
3907,xxx
3908,xxx
3909,xxx
3910,xxx
3911,кры́лавиднъыи
3912,кры́лавидна
3913,крылави́днъ
3914,кры́лавиднъыи
3915,кры́лавидни
3916,кры́лавидниии
3917,кры́лавиднамъии
3918,кры́лавидны
3919,кры́лавиднѣхъии
3920,xxx
3921,xxx
3922,xxx
3923,xxx
3924,xxx
3925,xxx
3926,xxx
3927,xxx
3928,кулина́рнъ
3929,ку́линарнъыи
3930,ку́линарнуыи
3931,кулина́рнамь
3932,ку́линарниыи
3933,ку́линарнамъии
3934,ку́линарны
3935,xxx
3936,ку́льтуральнамъии
3937,ку́льтуральныии
3938,xxx
3939,xxx
3940,xxx
3941,xxx
3942,xxx
3943,xxx
3944,xxx
3945,кучерява́
3946,кучерява́ыи
3947,кучеря́в
3948,ку́черявамьыи
3949,кучерявѣ́ыи
3950,ку́черявы
3951,лабиализава́ннъ
3952,ла́биализаваннъыи
3953,ла́биализаваннуыи
3954,ла́биализаваннъыи
3955,ла́биализаваннамь
3956,ла́биализаваннамьыи
3957,ла́биализаваннѣ
3958,ла́биализаванниии
3959,лабиализава́ннъ
3960,ла́биализаваннамъии
3961,ла́биализаваннамъии
3962,ла́биализаванныии
3963,ла́днъыи
3964,ла́днуыи
3965,ла́днуыи
3966,ла́днъыи
3967,ла́дны
3968,ла́дныии
3969,ла́заревамъ
3970,ла́заревыии
3971,ла́заревѣхъии
3972,xxx
3973,xxx
3974,xxx
3975,xxx
3976,xxx
3977,xxx
3978,xxx
3979,xxx
3980,xxx
3981,xxx
3982,xxx
3983,xxx
3984,xxx
3985,xxx
3986,xxx
3987,xxx
3988,xxx
3989,xxx
3990,xxx
3991,xxx
3992,xxx
3993,xxx
3994,xxx
3995,xxx
3996,xxx
3997,легити́мнъ
3998,ле́гитимнъыи
3999,ле́гитимнъыи
4000,ле́гитимнъии
4001,ле́гитимныии
4002,ле́гитимнѣхъ
4003,xxx
4004,xxx
4005,xxx
4006,xxx
4007,xxx
4008,легкаусваяе́м
4009,ле́гкаусваяема
4010,ле́гкаусваяема
4011,ле́гкаусваяема
4012,ле́гкаусваяемаыи
4013,ле́гкаусваяемъыи
4014,ле́гкаусваяемамь
4015,ле́гкаусваяемѣыи
4016,ле́гкаусваяемамъии
4017,ле́гкаусваяемы
4018,ле́гкаусваяемы
4019,ле́гкаусваяемѣхъ
4020,xxx
4021,xxx
4022,xxx
4023,xxx
4024,ле́ниваыи
4025,ле́нивамьыи
4026,ле́нивиии
4027,ле́нивъии
4028,ле́нивъии
4029,ле́нивѣхъии
4030,ле́сазащитнъыи
4031,ле́сазащитнъыи
4032,ле́сазащитнѣ
4033,лесазащи́тнъ
4034,лесазащи́тны
4035,ле́сазащитныии
4036,лесазащи́тны
4037,ле́сазащитныии
4038,ле́сазащитнѣхъ
4039,лѣ́стничну
4040,лѣ́стничнъыи
4041,лѣ́стничнъыи
4042,лѣ́стничнамьыи
4043,лѣ́стничниыи
4044,лѣстни́чнъ
4045,лѣстни́чнъ
4046,лѣ́стничнъии
4047,лѣ́стничны
4048,лѣ́стничныии
4049,xxx
4050,xxx
4051,xxx
4052,xxx
4053,xxx
4054,xxx
4055,лѣ́тучи
4056,лѣ́тучиии
4057,лѣту́ч
4058,лѣ́тучамъ
4059,лѣ́тучамъ
4060,лѣ́тучы
4061,лѣ́тучыии
4062,лѣ́тучыии
4063,xxx
4064,xxx
4065,лё́гьцамьыи
4066,лё́гьцѣыи
4067,лё́гьцъии
4068,лё́гькамъии
4069,лё́гьци
4070,лё́гьциии
4071,лё́гьци
4072,лё́гьцѣхъии
4073,лжи́в
4074,лжи́вуыи
4075,лжи́въыи
4076,лжи́вамьыи
4077,лжи́вихъ
4078,xxx
4079,xxx
4080,xxx
4081,xxx
4082,xxx
4083,xxx
4084,xxx
4085,xxx
4086,xxx
4087,xxx
4088,ли́пьцъ
4089,ли́пьцамь
4090,ли́пьки
4091,ли́пькиыи
4092,ли́пьцъ
4093,ли́пьцамъ
4094,ли́пькамъ
4095,ли́пьци
4096,ли́пькы
4097,ли́пьци
4098,ли́пьцѣхъии
4099,xxx
4100,xxx
4101,ли́тѣратурну
4102,ли́тѣратурнъыи
4103,ли́тиратурнамьыи
4104,ли́тѣратурни
4105,ли́тиратурниии
4106,ли́тѣратурны
4107,ли́тѣратурны
4108,ли́тиратурнихъии
4109,лисарадо́чнъ
4110,ли́сарадачнъыи
4111,ли́сарадачнъыи
4112,ли́сарадачнамь
4113,ли́сарадачнамьыи
4114,ли́сарадачни
4115,ли́сарадачнъии
4116,ли́сарадачны
4117,ли́сарадачныии
4118,xxx
4119,xxx
4120,xxx
4121,ли́чнъ
4122,ли́чнамь
4123,ли́чниыи
4124,ли́чни
4125,ли́чниии
4126,ли́чнъ
4127,ли́чнамъ
4128,ли́чнамъ
4129,ли́чныии
4130,xxx
4131,xxx
4132,xxx
4133,xxx
4134,xxx
4135,xxx
4136,xxx
4137,xxx
4138,xxx
4139,ло́вьца
4140,ло́вьцѣ
4141,ло́вькъии
4142,ло́вьци
4143,ло́гична
4144,ло́гичну
4145,ло́гичнуыи
4146,ло́гичнамьыи
4147,ло́гичнѣыи
4148,xxx
4149,xxx
4150,xxx
4151,xxx
4152,xxx
4153,ло́мьцъ
4154,ло́мьцѣ
4155,ло́мьциии
4156,ло́мьцамъии
4157,ло́мьци
4158,ло́мькы
4159,ло́мьцѣхъ
4160,ло́хматамьыи
4161,ло́хмати
4162,ло́хматыии
4163,xxx
4164,xxx
4165,xxx
4166,xxx
4167,xxx
4168,xxx
4169,xxx
4170,xxx
4171,лы́жнъ
4172,лы́жнуыи
4173,лы́жнѣ
4174,лы́жнамъ
4175,лы́жнамъ
4176,лы́жны
4177,лы́жнѣхъии
4178,льсти́в
4179,льсти́ва
4180,льсти́ву
4181,льсти́в
4182,льсти́вамь
4183,льсти́вамьыи
4184,льсти́виыи
4185,льсти́в
4186,льсти́вамъии
4187,льсти́вѣхъии
4188,любазнате́льнъ
4189,лю́базнательну
4190,лю́базнательны
4191,лю́базнательныии
4192,лю́базнательнѣхъ
4193,xxx
4194,xxx
4195,xxx
4196,xxx
4197,лю́тъыи
4198,лю́ти
4199,лю́тиии
4200,лю́тъии
4201,лю́тамъии
4202,лю́тихъии
4203,xxx
4204,xxx
4205,xxx
4206,xxx
4207,xxx
4208,xxx
4209,xxx
4210,xxx
4211,xxx
4212,xxx
4213,xxx
4214,xxx
4215,xxx
4216,xxx
4217,малюсе́ньцъ
4218,ма́люсеньцъыи
4219,ма́люсеньциии
4220,ма́люсеньцамъии
4221,ма́люсеньци
4222,малюсеньци́ии
4223,малюсеньци́ии
4224,ма́люсеньцѣхъии
4225,xxx
4226,xxx
4227,xxx
4228,xxx
4229,xxx
4230,xxx
4231,xxx
4232,xxx
4233,xxx
4234,мастита́
4235,мастита́ыи
4236,маститу́
4237,маститу́
4238,маститъы́и
4239,мастити́ии
4240,мастити́ии
4241,маститъи́и
4242,мастито́мъии
4243,маститы́
4244,маститы́
4245,маститѣ́хъ
4246,xxx
4247,xxx
4248,xxx
4249,xxx
4250,xxx
4251,xxx
4252,xxx
4253,xxx
4254,xxx
4255,xxx
4256,xxx
4257,xxx
4258,xxx
4259,xxx
4260,xxx
4261,xxx
4262,xxx
4263,xxx
4264,xxx
4265,медлите́льнъ
4266,ме́длительнаыи
4267,ме́длительнуыи
4268,медлите́льнъ
4269,ме́длительнъии
4270,ме́длительныии
4271,ме́длительныии
4272,ме́длительнѣхъ
4273,xxx
4274,xxx
4275,xxx
4276,xxx
4277,xxx
4278,xxx
4279,xxx
4280,xxx
4281,xxx
4282,xxx
4283,xxx
4284,xxx
4285,xxx
4286,мижгасударствиннъы́и
4287,мѣжгасударствѣнну́
4288,мѣжгасударствѣннѣ́
4289,мѣжгасударствѣнны́
4290,мижгасударствинны́ии
4291,междунарадно́мьыи
4292,междунаро́днъ
4293,междунарадно́мъ
4294,межнацианальнъы́и
4295,межнацианальнъы́и
4296,межнациана́льнъыи
4297,межнацианальни́ии
4298,межнацианальни́ии
4299,межнацианальнѣ́хъ
4300,ме́льцъ
4301,ме́лькаыи
4302,ме́льцуыи
4303,ме́льцъ
4304,ме́льцѣыи
4305,ме́лькиии
4306,ме́льци
4307,ме́лькы
4308,ме́лькихъии
4309,xxx
4310,xxx
4311,xxx
4312,xxx
4313,xxx
4314,xxx
4315,xxx
4316,xxx
4317,xxx
4318,xxx
4319,ме́рзьцаыи
4320,ме́рзьцъ
4321,ме́рзьцамьыи
4322,ме́рзьцѣ
4323,ме́рзьцъ
4324,ме́рзьцамъии
4325,ме́рзьци
4326,ме́рзькихъ
4327,ме́рзьцѣхъии
4328,xxx
4329,xxx
4330,xxx
4331,xxx
4332,xxx
4333,xxx
4334,xxx
4335,xxx
4336,xxx
4337,xxx
4338,xxx
4339,ме́тькъ
4340,ме́тькуыи
4341,ме́тьцъ
4342,ме́тькъыи
4343,ме́тькамь
4344,ме́тьцамьыи
4345,ме́тькамъ
4346,xxx
4347,xxx
4348,xxx
4349,xxx
4350,механизирава́ннъ
4351,механизирава́ннъ
4352,механизираваннъы́и
4353,механизираваннъы́и
4354,ме́ханизираванна
4355,ме́ханизираваннъыи
4356,механизираваннѣ́
4357,ме́ханизираванни
4358,механизираванни́ии
4359,ме́ханизираванны
4360,xxx
4361,мешкаабра́знъ
4362,мешкаабразна́
4363,мешкаабразну́ыи
4364,мешкаабразно́мьыи
4365,мешкаабразни́
4366,мешкаабразнъи́и
4367,мешкаабразнѣ́хъии
4368,xxx
4369,xxx
4370,xxx
4371,xxx
4372,xxx
4373,xxx
4374,xxx
4375,xxx
4376,xxx
4377,xxx
4378,xxx
4379,xxx
4380,xxx
4381,xxx
4382,xxx
4383,xxx
4384,xxx
4385,xxx
4386,xxx
4387,минима́льнъ
4388,минимальна́ыи
4389,ми́нимальну
4390,ми́нимальнамь
4391,минима́льнъ
4392,ми́нимальны
4393,xxx
4394,xxx
4395,xxx
4396,xxx
4397,xxx
4398,xxx
4399,xxx
4400,xxx
4401,ми́рнъ
4402,ми́рнамь
4403,ми́рниыи
4404,ми́рнамъ
4405,ми́рныии
4406,мни́маыи
4407,мни́му
4408,мни́му
4409,мни́муыи
4410,мни́мѣ
4411,мни́м
4412,мни́мъии
4413,мни́мѣхъ
4414,мни́мѣхъ
4415,мно́гъыи
4416,мно́га
4417,мно́гамьыи
4418,мно́ги
4419,мно́гиии
4420,мно́гъии
4421,мно́гамъии
4422,xxx
4423,xxx
4424,xxx
4425,xxx
4426,xxx
4427,xxx
4428,xxx
4429,xxx
4430,xxx
4431,xxx
4432,xxx
4433,xxx
4434,xxx
4435,xxx
4436,xxx
4437,мнагазначитѣ́льнъ
4438,мно́газначитѣльнъыи
4439,мно́газначитѣльнѣ
4440,мно́газначитильниыи
4441,мно́газначитѣльнъии
4442,мнагазначитильно́мъ
4443,мно́газначитильны
4444,мно́газначитѣльныии
4445,мно́газначитѣльнѣхъии
4446,xxx
4447,xxx
4448,xxx
4449,xxx
4450,xxx
4451,xxx
4452,xxx
4453,xxx
4454,xxx
4455,xxx
4456,xxx
4457,xxx
4458,xxx
4459,xxx
4460,xxx
4461,xxx
4462,мнагаабра́знъ
4463,мнагаабра́знъ
4464,мно́гаабразна
4465,мнагаабра́знъ
4466,мно́гаабразнамь
4467,мно́гаабразни
4468,мно́гаабразниии
4469,мно́гаабразниии
4470,мнагаабра́знъ
4471,мно́гаабразнъии
4472,мно́гаабразны
4473,мно́гаабразны
4474,мно́гаабразнихъии
4475,мно́гаричисътуыи
4476,мно́гарѣчисъти
4477,мно́гарѣчисътъии
4478,мно́гарѣчисътыии
4479,мнагаричисъты́
4480,мно́гарѣчисътѣхъ
4481,мно́гарѣчисътѣхъии
4482,мно́гарукуыи
4483,мно́гарукы
4484,мно́гарукихъ
4485,xxx
4486,xxx
4487,xxx
4488,xxx
4489,xxx
4490,xxx
4491,xxx
4492,xxx
4493,xxx
4494,xxx
4495,xxx
4496,xxx
4497,xxx
4498,xxx
4499,xxx
4500,xxx
4501,мнагаэта́жнъ
4502,мнагаэта́жнъ
4503,мно́гаэтажнамьыи
4504,мно́гаэтажнѣ
4505,мно́гаэтажни
4506,мно́гаэтажниии
4507,мно́гаэтажнамъии
4508,мно́гаэтажныии
4509,мнагаэтажны́ии
4510,мно́гаэтажнѣхъ
4511,мно́гаязычна
4512,мно́гаязычнуыи
4513,мно́гаязычнъыи
4514,мно́гаязычнамь
4515,мно́гаязычнѣ
4516,мно́гаязычниыи
4517,мно́гаязычни
4518,мно́гаязычниии
4519,мно́гаязычнамъии
4520,мно́гаязычны
4521,мно́гаязычны
4522,xxx
4523,xxx
4524,xxx
4525,xxx
4526,мо́билизацианну
4527,мо́билизацианнуыи
4528,мабилизацио́ннъ
4529,мо́билизацианнамьыи
4530,мо́билизацианнъии
4531,мо́билизацианныии
4532,мо́билизацианнихъ
4533,мо́бильнъыи
4534,мо́бильнуыи
4535,мо́бильнамь
4536,мо́бильнѣыи
4537,мо́бильнъии
4538,мо́бильнъии
4539,мо́бильны
4540,мо́бильны
4541,мо́бильнѣхъ
4542,мо́гильна
4543,мо́гильнаыи
4544,мо́гильну
4545,мо́гильнъыи
4546,мо́гильнамь
4547,мо́гильнамьыи
4548,мо́гильнѣ
4549,мо́гильны
4550,мо́гильныии
4551,мо́гильны
4552,мо́гучъыи
4553,мо́гуча
4554,мо́гучу
4555,мо́гучамьыи
4556,мо́гучамьыи
4557,мо́гучи
4558,мо́гучы
4559,мо́гучѣхъии
4560,xxx
4561,xxx
4562,xxx
4563,xxx
4564,xxx
4565,xxx
4566,xxx
4567,xxx
4568,xxx
4569,xxx
4570,xxx
4571,xxx
4572,xxx
4573,мо́залисътаыи
4574,мо́залисътѣыи
4575,мо́залисъти
4576,мо́залисътиии
4577,мо́залисътамъ
4578,мо́залисътамъ
4579,мо́залисъты
4580,мо́залисъты
4581,xxx
4582,xxx
4583,xxx
4584,xxx
4585,xxx
4586,мо́литвенна
4587,мо́литвеннаыи
4588,мо́литвеннамьыи
4589,мо́литвеннъии
4590,мо́литвенныии
4591,мо́литвенны
4592,мо́литвеннихъ
4593,мо́литвеннѣхъии
4594,мо́литвеннихъии
4595,xxx
4596,xxx
4597,xxx
4598,xxx
4599,xxx
4600,xxx
4601,xxx
4602,xxx
4603,xxx
4604,xxx
4605,мо́накланальнъыи
4606,мо́накланальнуыи
4607,мо́накланальнамь
4608,мо́накланальниыи
4609,мо́накланальнамъ
4610,мо́накланальныии
4611,мо́накланальныии
4612,мо́накланальныии
4613,xxx
4614,xxx
4615,xxx
4616,xxx
4617,xxx
4618,xxx
4619,xxx
4620,xxx
4621,xxx
4622,xxx
4623,xxx
4624,xxx
4625,xxx
4626,xxx
4627,xxx
4628,xxx
4629,xxx
4630,xxx
4631,xxx
4632,xxx
4633,xxx
4634,xxx
4635,xxx
4636,xxx
4637,мо́хнатъыи
4638,мо́хнатамьыи
4639,махнатѣ́
4640,махнатѣ́
4641,мо́хнатиыи
4642,махна́т
4643,махнатѣ́хъ
4644,махнатѣ́хъ
4645,xxx
4646,xxx
4647,xxx
4648,xxx
4649,мра́чнъ
4650,мра́чныии
4651,мра́чны
4652,xxx
4653,xxx
4654,xxx
4655,xxx
4656,xxx
4657,xxx
4658,xxx
4659,xxx
4660,xxx
4661,xxx
4662,xxx
4663,xxx
4664,xxx
4665,xxx
4666,му́дръ
4667,му́драыи
4668,му́дри
4669,му́дрѣыи
4670,му́дриии
4671,му́дры
4672,му́дры
4673,мужѣпадо́бнъ
4674,мужипадабна́
4675,мужипадабна́ыи
4676,мужѣпадо́бнъ
4677,мужѣпадабно́мь
4678,мужѣпадабны́
4679,xxx
4680,xxx
4681,xxx
4682,xxx
4683,xxx
4684,музыка́льна
4685,музыкальну́ыи
4686,музыка́льнѣыи
4687,музыкальни́ии
4688,музыка́льнамъии
4689,музыка́льнамъии
4690,музыка́льны
4691,мускули́сътъ
4692,мускули́сътъ
4693,му́скулисътъыи
4694,мускулисъто́мьыи
4695,мускулисъти́ии
4696,мускули́сътъ
4697,мускули́сътъ
4698,мускулисъто́мъ
4699,мускулисъты́ии
4700,мускулисъты́
4701,xxx
4702,xxx
4703,xxx
4704,му́тнъыи
4705,му́тнъ
4706,му́тнъ
4707,му́тнѣхъ
4708,му́тнихъ
4709,xxx
4710,xxx
4711,xxx
4712,xxx
4713,xxx
4714,xxx
4715,xxx
4716,мы́тъыи
4717,мы́таыи
4718,мы́ти
4719,мы́тиии
4720,мы́т
4721,мы́тъии
4722,мы́тамъии
4723,мы́ты
4724,xxx
4725,мя́гькаыи
4726,мя́гьцу
4727,мя́гьцъ
4728,мя́гьци
4729,мя́гьцъии
4730,мя́гькамъ
4731,мя́гьцамъии
4732,мя́гьцѣхъии
4733,мя́гьцѣхъии
4734,xxx
4735,xxx
4736,xxx
4737,мясисъта́
4738,мясисъти́ии
4739,мяси́сътъ
4740,мясисъто́мъ
4741,мясисъты́
4742,мясисътѣ́хъ
4743,xxx
4744,xxx
4745,xxx
4746,xxx
4747,мя́тнъыи
4748,мя́тна
4749,мя́тни
4750,мя́тнъии
4751,мя́тныии
4752,мя́тныии
4753,мя́тныии
4754,xxx
4755,xxx
4756,наби́т
4757,на́битаыи
4758,наби́т
4759,на́битѣ
4760,на́битѣыи
4761,на́бити
4762,на́битиии
4763,на́битамъии
4764,наблюдате́льнъ
4765,наблюдате́льнъ
4766,на́блюдательнамь
4767,на́блюдательнѣыи
4768,на́блюдательнѣыи
4769,на́блюдательнъии
4770,на́блюдательнамъ
4771,на́блюдательны
4772,на́блюдательны
4773,на́блюдательнихъ
4774,xxx
4775,xxx
4776,xxx
4777,xxx
4778,на́вѣтрѣнна
4779,на́вѣтрѣннаыи
4780,на́витриннамьыи
4781,на́вѣтрѣннамъ
4782,на́витриннамъ
4783,xxx
4784,xxx
4785,xxx
4786,xxx
4787,на́глѣ
4788,на́глѣыи
4789,на́глиыи
4790,на́гламъ
4791,на́глыии
4792,на́глы
4793,на́глѣхъии
4794,xxx
4795,xxx
4796,xxx
4797,xxx
4798,xxx
4799,xxx
4800,xxx
4801,xxx
4802,xxx
4803,xxx
4804,xxx
4805,xxx
4806,xxx
4807,xxx
4808,xxx
4809,на́даедливъыи
4810,на́даедливу
4811,на́даедливуыи
4812,надаедли́в
4813,на́даедливамь
4814,на́даедливѣыи
4815,на́даедливиии
4816,надаедли́в
4817,на́даедливамъии
4818,на́даедливыии
4819,на́даедливы
4820,xxx
4821,xxx
4822,xxx
4823,xxx
4824,xxx
4825,xxx
4826,xxx
4827,xxx
4828,xxx
4829,xxx
4830,xxx
4831,xxx
4832,xxx
4833,xxx
4834,xxx
4835,xxx
4836,xxx
4837,xxx
4838,xxx
4839,xxx
4840,xxx
4841,xxx
4842,xxx
4843,xxx
4844,xxx
4845,xxx
4846,xxx
4847,xxx
4848,xxx
4849,намече́ннъ
4850,намече́ннъ
4851,на́меченнъыи
4852,на́меченну
4853,на́меченнѣ
4854,на́меченни
4855,на́меченниии
4856,на́меченнамъ
4857,на́меченны
4858,на́меченнѣхъ
4859,на́меченнихъ
4860,xxx
4861,xxx
4862,xxx
4863,xxx
4864,xxx
4865,xxx
4866,xxx
4867,xxx
4868,xxx
4869,xxx
4870,xxx
4871,xxx
4872,xxx
4873,на́селённамьыи
4874,на́селённѣ
4875,на́селённиии
4876,на́селённъии
4877,на́селённамъ
4878,наследстве́ннъ
4879,наследственна́ыи
4880,на́следственну
4881,на́следственнуыи
4882,на́следственни
4883,наследстве́ннъ
4884,наследственны́ии
4885,xxx
4886,xxx
4887,xxx
4888,xxx
4889,xxx
4890,xxx
4891,xxx
4892,xxx
4893,xxx
4894,xxx
4895,xxx
4896,xxx
4897,xxx
4898,xxx
4899,xxx
4900,xxx
4901,xxx
4902,xxx
4903,xxx
4904,xxx
4905,xxx
4906,xxx
4907,xxx
4908,xxx
4909,xxx
4910,xxx
4911,xxx
4912,настрае́ннъ
4913,настрае́нна
4914,на́страенну
4915,на́страеннуыи
4916,настрае́ннъ
4917,настрае́ннѣыи
4918,настрае́нниыи
4919,на́страеннамъ
4920,на́страеннамъ
4921,на́страеннѣхъ
4922,на́ступательну
4923,на́ступательнъыи
4924,наступате́льнъ
4925,наступательнъи́и
4926,на́ступательны
4927,наступательны́
4928,xxx
4929,xxx
4930,xxx
4931,xxx
4932,xxx
4933,xxx
4934,xxx
4935,xxx
4936,xxx
4937,xxx
4938,xxx
4939,xxx
4940,xxx
4941,xxx
4942,xxx
4943,xxx
4944,xxx
4945,xxx
4946,xxx
4947,xxx
4948,xxx
4949,xxx
4950,xxx
4951,xxx
4952,xxx
4953,xxx
4954,xxx
4955,xxx
4956,xxx
4957,xxx
4958,xxx
4959,xxx
4960,на́цианальна-турнъыи
4961,на́цианальна-ту
4962,на́цианальна-турнуыи
4963,нацианальна-ту́рнъ
4964,на́цианальна-турнъыи
4965,на́цианальна-турнамьыи
4966,на́цианальна-турни
4967,на́цианальна-турныии
4968,на́цианальна-турныии
4969,нацианальна-турны́ии
4970,xxx
4971,xxx
4972,xxx
4973,xxx
4974,xxx
4975,не́безапасну
4976,не́безапаснуыи
4977,небезапа́снъ
4978,не́безапаснамь
4979,небезапа́снъ
4980,не́безапаснъии
4981,не́безапаснамъии
4982,не́безапасныии
4983,не́безапасны
4984,xxx
4985,xxx
4986,xxx
4987,xxx
4988,xxx
4989,xxx
4990,xxx
4991,xxx
4992,xxx
4993,xxx
4994,xxx
4995,xxx
4996,xxx
4997,xxx
4998,xxx
4999,xxx
5000,xxx
5001,xxx
5002,xxx
5003,xxx
5004,xxx
5005,xxx
5006,xxx
5007,xxx
5008,xxx
5009,xxx
5010,xxx
5011,xxx
5012,xxx
5013,не́вераятнаыи
5014,не́вераятнъыи
5015,не́вераятнамьыи
5016,не́вераятнѣ
5017,не́вераятни
5018,не́вераятныии
5019,не́вераятныии
5020,не́вераятнихъии
5021,xxx
5022,xxx
5023,xxx
5024,xxx
5025,xxx
5026,xxx
5027,xxx
5028,xxx
5029,xxx
5030,невидима́ыи
5031,невидимъы́и
5032,невидимъы́и
5033,невидимъы́и
5034,не́видимиыи
5035,невиди́м
5036,не́видимамъии
5037,не́видимы
5038,не́видимыии
5039,невидимы́ии
5040,невидимы́ии
5041,не́видимѣхъ
5042,не́виннъыи
5043,не́виннаыи
5044,не́виннуыи
5045,не́виннамь
5046,не́виннѣыи
5047,не́винниии
5048,неви́ннъ
5049,не́виннамъии
5050,не́винны
5051,не́винны
5052,невино́внъ
5053,не́винавнъыи
5054,не́винавна
5055,не́винавнамьыи
5056,не́винавни
5057,невино́внъ
5058,не́винавны
5059,не́винавныии
5060,не́внимательнъыи
5061,не́внимательнуыи
5062,не́внимательнуыи
5063,невнимате́льнъ
5064,не́внимательнамьыи
5065,не́внимательни
5066,не́внимательнъии
5067,не́внимательнѣхъ
5068,не́внимательнѣхъии
5069,xxx
5070,xxx
5071,xxx
5072,xxx
5073,xxx
5074,xxx
5075,xxx
5076,xxx
5077,xxx
5078,xxx
5079,xxx
5080,xxx
5081,xxx
5082,xxx
5083,xxx
5084,xxx
5085,xxx
5086,xxx
5087,xxx
5088,xxx
5089,xxx
5090,xxx
5091,xxx
5092,xxx
5093,xxx
5094,xxx
5095,xxx
5096,xxx
5097,xxx
5098,не́выгаднъыи
5099,не́выгадну
5100,не́выгаднамьыи
5101,не́выгаднамъии
5102,не́выгадны
5103,не́выгаднѣхъии
5104,невырази́м
5105,не́выразимъыи
5106,невырази́м
5107,не́выразимамьыи
5108,невыразимѣ́
5109,не́выразимамъ
5110,не́выразимы
5111,не́выразимихъ
5112,нѣ́высакъыи
5113,нѣ́высаки
5114,нѣ́высакиии
5115,нѣвысо́к
5116,нѣ́высакыии
5117,нѣ́высакыии
5118,xxx
5119,xxx
5120,неглубо́к
5121,не́глубакуыи
5122,не́глубаки
5123,неглубо́к
5124,не́глубакы
5125,не́глубакы
5126,не́глубакѣхъии
5127,xxx
5128,xxx
5129,xxx
5130,xxx
5131,xxx
5132,xxx
5133,не́гасударственнъыи
5134,не́гасударственна
5135,не́гасударственнамь
5136,не́гасударственнѣ
5137,не́гасударственни
5138,не́гасударственнъии
5139,не́гасударственныии
5140,не́гасударственныии
5141,xxx
5142,xxx
5143,xxx
5144,не́грамьцу
5145,не́грамьцуыи
5146,негро́мьцъ
5147,не́грамьцъыи
5148,не́грамькамь
5149,не́грамьциии
5150,не́грамьцамъ
5151,не́грамькамъ
5152,xxx
5153,xxx
5154,xxx
5155,xxx
5156,недвижима́ыи
5157,не́движимуыи
5158,не́движимамьыи
5159,не́движимѣыи
5160,не́движими
5161,не́движимамъ
5162,не́движимы
5163,xxx
5164,xxx
5165,xxx
5166,xxx
5167,xxx
5168,xxx
5169,xxx
5170,xxx
5171,xxx
5172,xxx
5173,xxx
5174,xxx
5175,xxx
5176,xxx
5177,xxx
5178,xxx
5179,xxx
5180,xxx
5181,xxx
5182,xxx
5183,xxx
5184,xxx
5185,xxx
5186,xxx
5187,недаверчи́в
5188,не́даверчиви
5189,не́даверчивиии
5190,недаверчи́в
5191,не́даверчивамъ
5192,не́даверчивы
5193,не́даверчивы
5194,xxx
5195,xxx
5196,xxx
5197,xxx
5198,xxx
5199,xxx
5200,xxx
5201,xxx
5202,xxx
5203,xxx
5204,xxx
5205,xxx
5206,xxx
5207,xxx
5208,xxx
5209,xxx
5210,xxx
5211,xxx
5212,xxx
5213,xxx
5214,xxx
5215,xxx
5216,xxx
5217,xxx
5218,xxx
5219,xxx
5220,xxx
5221,xxx
5222,xxx
5223,xxx
5224,xxx
5225,xxx
5226,xxx
5227,xxx
5228,xxx
5229,xxx
5230,xxx
5231,xxx
5232,xxx
5233,xxx
5234,xxx
5235,xxx
5236,xxx
5237,xxx
5238,xxx
5239,xxx
5240,xxx
5241,xxx
5242,xxx
5243,xxx
5244,xxx
5245,не́забываемъыи
5246,не́забываему
5247,не́забываему
5248,не́забываемамъ
5249,не́забываемамъии
5250,не́забываемѣхъии
5251,xxx
5252,не́задачливи
5253,не́задачливыии
5254,не́задачливѣхъии
5255,не́задачливихъии
5256,xxx
5257,xxx
5258,xxx
5259,xxx
5260,xxx
5261,xxx
5262,xxx
5263,xxx
5264,xxx
5265,xxx
5266,xxx
5267,xxx
5268,xxx
5269,xxx
5270,xxx
5271,xxx
5272,xxx
5273,xxx
5274,xxx
5275,xxx
5276,xxx
5277,xxx
5278,xxx
5279,xxx
5280,xxx
5281,xxx
5282,xxx
5283,xxx
5284,xxx
5285,xxx
5286,xxx
5287,xxx
5288,xxx
5289,xxx
5290,xxx
5291,xxx
5292,xxx
5293,xxx
5294,незри́м
5295,не́зриму
5296,незри́м
5297,не́зримъыи
5298,не́зрими
5299,не́зримиии
5300,не́зримъии
5301,не́зыблемъыи
5302,не́зыблемъыи
5303,не́зыблемъыи
5304,не́зыблемамьыи
5305,не́зыблемиыи
5306,незыбле́м
5307,не́зыблемъии
5308,не́зыблемамъ
5309,не́зыблемамъии
5310,не́зыблемамъии
5311,неизбе́жнъ
5312,не́избежнаыи
5313,не́избежнуыи
5314,неизбе́жнъ
5315,не́избежны
5316,не́избежныии
5317,нѣ́измѣннамь
5318,нѣизмѣннѣ́
5319,нѣ́измѣннѣыи
5320,нѣ́измѣнниии
5321,нѣизмѣ́ннъ
5322,нѣ́изминнъии
5323,нѣ́измѣнны
5324,нѣ́измѣннѣхъ
5325,xxx
5326,xxx
5327,xxx
5328,xxx
5329,xxx
5330,xxx
5331,xxx
5332,xxx
5333,xxx
5334,xxx
5335,xxx
5336,ниисто́в
5337,нѣ́иставъыи
5338,нѣ́иставѣыи
5339,нѣ́иставиии
5340,нѣисто́в
5341,нѣ́иставы
5342,неисчерпае́м
5343,не́исчерпаемиыи
5344,не́исчерпаеми
5345,не́исчерпаемы
5346,не́исчерпаемыии
5347,не́исчисляемъыи
5348,не́исчисляемуыи
5349,неисчисляе́м
5350,не́исчисляемамьыи
5351,не́исчисляемамъ
5352,не́исчисляемамъии
5353,не́исчисляемы
5354,не́исчисляемихъии
5355,xxx
5356,xxx
5357,xxx
5358,не́казисътъыи
5359,не́казисъта
5360,не́казисътуыи
5361,не́казисътамьыи
5362,не́казисътиии
5363,некази́сътъ
5364,не́казисътамъ
5365,xxx
5366,xxx
5367,xxx
5368,xxx
5369,xxx
5370,xxx
5371,xxx
5372,xxx
5373,xxx
5374,xxx
5375,нѣ́культурнъыи
5376,нѣ́культурнамь
5377,нѣ́культурнамьыи
5378,нѣ́культурнамъии
5379,нѣ́культурныии
5380,нѣ́культурнихъ
5381,xxx
5382,xxx
5383,xxx
5384,xxx
5385,не́лёгьца
5386,не́лёгьцуыи
5387,нелё́гьцъ
5388,не́лёгьци
5389,не́лёгьки
5390,не́лёгькы
5391,не́линейнъыи
5392,не́линейну
5393,не́линейниии
5394,нелине́йнъ
5395,не́линейнамъии
5396,не́линейнихъии
5397,нело́вьцъ
5398,не́лавьцъыи
5399,не́лавькамьыи
5400,не́лавьки
5401,не́лавьцѣыи
5402,не́лавьци
5403,не́лавьциии
5404,не́лавьциии
5405,xxx
5406,xxx
5407,xxx
5408,нѣ́любимъыи
5409,нѣ́любимѣ
5410,нѣ́любимъии
5411,нѣ́любимыии
5412,xxx
5413,xxx
5414,xxx
5415,xxx
5416,xxx
5417,xxx
5418,xxx
5419,xxx
5420,xxx
5421,xxx
5422,xxx
5423,xxx
5424,xxx
5425,xxx
5426,xxx
5427,xxx
5428,не́мыслиму
5429,не́мыслимамь
5430,не́мыслими
5431,не́мыслимиыи
5432,немысли́м
5433,не́мыслимыии
5434,не́мыслимы
5435,не́мыслимыии
5436,xxx
5437,xxx
5438,xxx
5439,xxx
5440,xxx
5441,xxx
5442,xxx
5443,xxx
5444,xxx
5445,xxx
5446,xxx
5447,xxx
5448,xxx
5449,xxx
5450,xxx
5451,xxx
5452,xxx
5453,xxx
5454,xxx
5455,xxx
5456,xxx
5457,xxx
5458,xxx
5459,xxx
5460,xxx
5461,xxx
5462,xxx
5463,xxx
5464,не́нужнамь
5465,ненужнѣ́
5466,ненужнѣ́ыи
5467,ненужны́ии
5468,ненужны́ии
5469,ненужнѣ́хъ
5470,не́нужнѣхъии
5471,не́абитаемъыи
5472,не́абитаема
5473,не́абитаеми
5474,не́абитаеми
5475,неабитае́м
5476,не́абитаемы
5477,нѣ́абазрима
5478,нѣабазримѣ́
5479,нѣабазримѣ́ыи
5480,нѣ́абазрими
5481,нѣабазрими́ии
5482,ниабазри́м
5483,нѣ́абазримихъии
5484,xxx
5485,xxx
5486,не́абратимъыи
5487,не́абратимѣыи
5488,не́абратимѣхъии
5489,xxx
5490,xxx
5491,неабхадима́ыи
5492,неабхадимѣ́
5493,неабхадимѣ́
5494,не́абхадимѣыи
5495,неабхадими́ии
5496,не́абхадимы
5497,неабхадимы́ии
5498,не́абхадимихъии
5499,нѣ́абъясними
5500,ниабъясни́м
5501,нѣ́абъяснимъии
5502,нѣ́абъяснимы
5503,нѣ́абъяснимы
5504,нѣабъяснимѣ́хъ
5505,нѣ́абъяснимѣхъии
5506,xxx
5507,xxx
5508,xxx
5509,xxx
5510,неабыкнаве́ннъ
5511,не́абыкнавеннаыи
5512,не́абыкнавеннамьыи
5513,не́абыкнавеннамьыи
5514,не́абыкнавенни
5515,не́абыкнавеннъии
5516,не́абыкнавенныии
5517,xxx
5518,xxx
5519,xxx
5520,xxx
5521,xxx
5522,нѣ́аграничѣннамьыи
5523,нѣаграничѣннѣ́
5524,нѣаграничѣ́ннъ
5525,нѣ́аграничѣннѣхъ
5526,неадназна́чнъ
5527,неадназначну́
5528,неадназначнѣ́ыи
5529,неадназначно́мъии
5530,неадназначны́
5531,неадназначны́
5532,неаднакратна́ыи
5533,неаднакратну́
5534,неаднакратно́мь
5535,неаднакратны́
5536,неаднакратны́
5537,xxx
5538,xxx
5539,xxx
5540,xxx
5541,неадушевлё́ннъ
5542,не́адушевлённъыи
5543,неадушевлённа́ыи
5544,неадушевлённа́ыи
5545,не́адушевлённамь
5546,не́адушевлённы
5547,не́адушевлённихъии
5548,xxx
5549,xxx
5550,xxx
5551,xxx
5552,xxx
5553,xxx
5554,xxx
5555,xxx
5556,xxx
5557,xxx
5558,xxx
5559,xxx
5560,xxx
5561,xxx
5562,xxx
5563,xxx
5564,xxx
5565,xxx
5566,xxx
5567,xxx
5568,xxx
5569,xxx
5570,xxx
5571,xxx
5572,xxx
5573,xxx
5574,xxx
5575,xxx
5576,xxx
5577,нѣ́асазнаннъыи
5578,нѣасазнанна́
5579,нѣ́асазнаннаыи
5580,нѣасазнанну́
5581,нѣ́асазнаннамьыи
5582,нѣ́асазнанниии
5583,нѣасазнанны́
5584,нѣ́асазнаннѣхъии
5585,неаспариму́
5586,неаспариму́ыи
5587,неаспаримъы́и
5588,не́аспарими
5589,неаспари́м
5590,неаспари́м
5591,неаспаримы́
5592,неаспаримы́
5593,xxx
5594,xxx
5595,не́атвратима
5596,неатвратиму́
5597,неатврати́м
5598,не́атвратимы
5599,не́атделима
5600,не́атделимамь
5601,не́атделимамь
5602,не́атделимѣыи
5603,не́атделимиии
5604,не́атделимамъии
5605,не́атделимы
5606,не́атделимѣхъии
5607,не́атделимѣхъии
5608,xxx
5609,неатрази́м
5610,неатразимъы́и
5611,неатразиму́
5612,неатразиму́ыи
5613,неатразимо́мьыи
5614,неатразимѣ́
5615,неатразимо́мъии
5616,неатразимѣ́хъ
5617,xxx
5618,xxx
5619,xxx
5620,xxx
5621,xxx
5622,xxx
5623,xxx
5624,xxx
5625,xxx
5626,xxx
5627,xxx
5628,xxx
5629,xxx
5630,xxx
5631,xxx
5632,xxx
5633,xxx
5634,не́пабедима
5635,непабедиму́
5636,непабеди́м
5637,не́пабедими
5638,непабедимъи́и
5639,не́пабедимамъ
5640,не́пабедимамъии
5641,не́пабедимы
5642,не́павтариму
5643,непавтари́м
5644,не́павтаримамьыи
5645,не́павтарими
5646,непавтаримъи́и
5647,не́павтаримы
5648,непадатли́в
5649,не́падатлива
5650,непадатлива́ыи
5651,непадатли́в
5652,не́падатливъыи
5653,не́падатливамь
5654,непадатливѣ́
5655,непадатливи́ии
5656,не́падатливамъии
5657,не́падатливы
5658,не́падатливѣхъ
5659,xxx
5660,xxx
5661,xxx
5662,xxx
5663,xxx
5664,xxx
5665,xxx
5666,xxx
5667,xxx
5668,xxx
5669,xxx
5670,xxx
5671,xxx
5672,xxx
5673,xxx
5674,xxx
5675,xxx
5676,xxx
5677,xxx
5678,xxx
5679,xxx
5680,xxx
5681,xxx
5682,xxx
5683,xxx
5684,xxx
5685,не́паправимамь
5686,не́паправимамъ
5687,не́паправимамъии
5688,не́паправимы
5689,не́паправимыии
5690,не́паправимы
5691,непаправимы́ии
5692,не́паправимѣхъ
5693,xxx
5694,xxx
5695,xxx
5696,xxx
5697,xxx
5698,xxx
5699,xxx
5700,xxx
5701,xxx
5702,xxx
5703,xxx
5704,xxx
5705,xxx
5706,xxx
5707,xxx
5708,xxx
5709,непастая́ннъ
5710,не́пастаяннъыи
5711,не́пастаянну
5712,непастаяннѣ́
5713,не́пастаяннѣыи
5714,не́пастаянни
5715,непастая́ннъ
5716,непастая́ннъ
5717,не́пастаяннамъ
5718,не́пастаянныии
5719,непастаянны́ии
5720,не́пастаяннихъ
5721,не́пастаяннихъии
5722,нѣправдападо́бнъ
5723,нѣ́правдападабнѣыи
5724,нѣправдападо́бнъ
5725,нѣ́правдападабнѣхъии
5726,нѣ́правдападабнихъии
5727,xxx
5728,xxx
5729,xxx
5730,xxx
5731,xxx
5732,xxx
5733,xxx
5734,xxx
5735,xxx
5736,xxx
5737,xxx
5738,xxx
5739,непреднамернъы́и
5740,непреднамерна́
5741,непреднамернъы́и
5742,непреднамерно́мьыи
5743,непреднамерни́
5744,непреднаме́рнъ
5745,непреднамеренно́мъии
5746,непреднамерны́
5747,непреднамерны́
5748,непреднамерны́ии
5749,непреднамернѣ́хъии
5750,непредсказуема́ыи
5751,не́предсказуемѣхъии
5752,xxx
5753,xxx
5754,xxx
5755,xxx
5756,xxx
5757,xxx
5758,xxx
5759,xxx
5760,xxx
5761,xxx
5762,xxx
5763,xxx
5764,непривы́чнъ
5765,непривы́чнъ
5766,непривы́чна
5767,непривы́чнъ
5768,не́привычнъыи
5769,не́привычни
5770,xxx
5771,непризо́днъ
5772,непризадна́
5773,непризадну́
5774,непризо́днъ
5775,непризо́днъ
5776,непризаднъи́и
5777,непризаднъи́и
5778,непризаднѣ́хъ
5779,xxx
5780,xxx
5781,xxx
5782,xxx
5783,xxx
5784,xxx
5785,xxx
5786,xxx
5787,xxx
5788,xxx
5789,xxx
5790,xxx
5791,xxx
5792,xxx
5793,xxx
5794,xxx
5795,xxx
5796,xxx
5797,xxx
5798,xxx
5799,xxx
5800,xxx
5801,xxx
5802,xxx
5803,xxx
5804,неприли́чнаыи
5805,не́приличнуыи
5806,неприли́чниыи
5807,не́прилични
5808,не́приличниии
5809,неприли́чнъ
5810,не́приличнихъ
5811,неприме́тна
5812,не́приметни
5813,не́приметнамъии
5814,неприме́тны
5815,неприметны́ии
5816,непримири́м
5817,непримирима́ыи
5818,непримириму́ыи
5819,непримири́мамь
5820,непримиримѣ́ыи
5821,не́примирими
5822,непримирими́ии
5823,непримиримы́
5824,непримиримѣ́хъии
5825,xxx
5826,xxx
5827,xxx
5828,xxx
5829,xxx
5830,xxx
5831,нѣ́приступнъыи
5832,нѣ́приступнамь
5833,нѣ́приступнѣыи
5834,нѣ́приступниии
5835,нѣпристу́пнъ
5836,нѣ́приступнамъ
5837,нѣ́приступнамъии
5838,нѣ́приступны
5839,нѣ́приступны
5840,нѣ́приступнихъ
5841,нѣприязнѣ́ннъ
5842,нѣприязнѣ́ннъ
5843,нѣ́приязнѣннуыи
5844,нѣ́приязниннамь
5845,нѣ́приязнѣнниии
5846,нѣ́приязнѣннамъ
5847,нѣ́приязнинныии
5848,xxx
5849,xxx
5850,xxx
5851,xxx
5852,xxx
5853,xxx
5854,xxx
5855,xxx
5856,xxx
5857,xxx
5858,xxx
5859,xxx
5860,xxx
5861,xxx
5862,xxx
5863,xxx
5864,xxx
5865,xxx
5866,xxx
5867,xxx
5868,xxx
5869,нѣ́праницаѣмуыи
5870,нѣ́праницаѣмъыи
5871,нѣ́праницаимъыи
5872,нѣ́праницаѣмамь
5873,нѣ́праницаѣмиии
5874,нѣ́праницаѣмъии
5875,xxx
5876,xxx
5877,xxx
5878,xxx
5879,непрахадиму́
5880,непрахадиму́ыи
5881,непрахади́м
5882,непрахадимо́мь
5883,xxx
5884,xxx
5885,xxx
5886,xxx
5887,xxx
5888,xxx
5889,xxx
5890,xxx
5891,xxx
5892,xxx
5893,xxx
5894,xxx
5895,xxx
5896,xxx
5897,xxx
5898,xxx
5899,xxx
5900,xxx
5901,xxx
5902,xxx
5903,xxx
5904,xxx
5905,xxx
5906,xxx
5907,xxx
5908,xxx
5909,xxx
5910,xxx
5911,xxx
5912,xxx
5913,xxx
5914,xxx
5915,xxx
5916,xxx
5917,xxx
5918,xxx
5919,xxx
5920,xxx
5921,xxx
5922,xxx
5923,нѣ́рушима
5924,нѣ́рушими
5925,нѣруши́м
5926,нѣ́рушимъии
5927,нѣ́рушимамъии
5928,нѣ́рушимыии
5929,несанкцианираваннъы́и
5930,несанкцианираванна́
5931,несанкцианираванну́ыи
5932,несанкцианирава́ннъ
5933,не́санкцианираваннѣыи
5934,несанкцианираванни́ии
5935,не́санкцианираваннамъии
5936,xxx
5937,xxx
5938,xxx
5939,xxx
5940,xxx
5941,xxx
5942,xxx
5943,xxx
5944,несгаварчи́ва
5945,несгаварчи́вамь
5946,несгаварчивѣ́
5947,несгаварчивѣ́
5948,не́сгаварчивѣыи
5949,не́сгаварчиви
5950,несгаварчивъи́и
5951,не́сгаварчивамъ
5952,xxx
5953,xxx
5954,xxx
5955,xxx
5956,xxx
5957,xxx
5958,xxx
5959,xxx
5960,xxx
5961,xxx
5962,xxx
5963,несинхранна́ыи
5964,несинхранну́
5965,несинхро́ннъ
5966,несинхро́ннамь
5967,не́синхраннъии
5968,xxx
5969,xxx
5970,xxx
5971,xxx
5972,xxx
5973,xxx
5974,xxx
5975,xxx
5976,xxx
5977,нескрываемъы́и
5978,нескрывае́м
5979,нескрываемо́мьыи
5980,нескрываемѣ́
5981,нескрываемъи́и
5982,не́скрываемы
5983,xxx
5984,xxx
5985,xxx
5986,xxx
5987,xxx
5988,xxx
5989,xxx
5990,xxx
5991,неслы́шнъ
5992,не́слышнуыи
5993,не́слышнъыи
5994,не́слышнѣ
5995,не́слышнъии
5996,не́слышнамъ
5997,неслышны́ии
5998,xxx
5999,xxx
6000,xxx
6001,xxx
6002,xxx
6003,xxx
6004,xxx
6005,несавместимъы́и
6006,несавместима́
6007,несавместима́ыи
6008,несавместимъы́и
6009,несавместимо́мь
6010,несавместимѣ́
6011,несавместими́ии
6012,xxx
6013,xxx
6014,xxx
6015,xxx
6016,xxx
6017,xxx
6018,xxx
6019,xxx
6020,xxx
6021,xxx
6022,xxx
6023,xxx
6024,xxx
6025,xxx
6026,xxx
6027,xxx
6028,xxx
6029,xxx
6030,xxx
6031,xxx
6032,xxx
6033,xxx
6034,xxx
6035,xxx
6036,xxx
6037,xxx
6038,xxx
6039,xxx
6040,xxx
6041,xxx
6042,нѣ́сусвитнъыи
6043,нѣсусвѣ́тнъ
6044,нѣ́сусвитнамь
6045,нѣ́сусвитниии
6046,нѣ́сусвитнъии
6047,нѣ́сусвѣтны
6048,нѣ́сусвѣтнѣхъии
6049,xxx
6050,xxx
6051,xxx
6052,xxx
6053,xxx
6054,xxx
6055,xxx
6056,нетерпели́ва
6057,нетерпелива́ыи
6058,нетерпеливу́
6059,не́терпеливи
6060,нетерпеливи́ии
6061,нетерпели́в
6062,нетерпеливы́ии
6063,xxx
6064,нетрапливъы́и
6065,нетарапливъы́и
6066,не́тарапливамь
6067,нетарапли́в
6068,нетрапли́в
6069,не́трапливамъ
6070,не́трапливамъии
6071,нетрапливы́ии
6072,не́трапливѣхъии
6073,xxx
6074,xxx
6075,xxx
6076,не́транутъыи
6077,не́транутуыи
6078,не́транутѣыи
6079,не́транутиии
6080,нетрану́т
6081,не́транутамъии
6082,нетрануты́ии
6083,не́транутихъии
6084,нетру́днъ
6085,не́труднъыи
6086,не́труднамъии
6087,не́трудныии
6088,xxx
6089,xxx
6090,xxx
6091,неугадна́ыи
6092,неугадна́ыи
6093,неугадну́
6094,неуго́днъ
6095,неугаднъи́и
6096,не́угадны
6097,неугаднѣ́хъ
6098,xxx
6099,xxx
6100,xxx
6101,xxx
6102,xxx
6103,xxx
6104,xxx
6105,xxx
6106,xxx
6107,неудабнъы́и
6108,неудабно́мь
6109,неудабнѣ́ыи
6110,неудабно́мъ
6111,неудабнѣ́хъ
6112,неудабнѣ́хъии
6113,неудабнѣ́хъии
6114,xxx
6115,не́уёмнъыи
6116,не́уёмни
6117,не́уёмниии
6118,не́уёмнамъ
6119,не́уёмнамъии
6120,не́уёмнѣхъии
6121,неукло́ннъ
6122,неукло́ннъ
6123,неукланнѣ́ыи
6124,неукланнъи́и
6125,не́укланны
6126,неукланнѣ́хъ
6127,xxx
6128,xxx
6129,xxx
6130,xxx
6131,xxx
6132,xxx
6133,нѣ́умила
6134,нѣ́умилуыи
6135,нѣумѣ́л
6136,нѣумѣ́лъыи
6137,нѣ́умѣли
6138,нѣ́умилы
6139,нѣумѣстнъы́и
6140,нѣумѣстну́
6141,нѣ́умистни
6142,нѣ́умистни
6143,нѣумѣ́стнъ
6144,нѣ́умистныии
6145,неу́мнъ
6146,неумнъы́и
6147,неумну́ыи
6148,неу́мнъ
6149,неу́мнамь
6150,неумнѣ́
6151,неумнѣ́хъ
6152,xxx
6153,xxx
6154,xxx
6155,xxx
6156,xxx
6157,xxx
6158,неустраши́ма
6159,неустрашиму́
6160,неустрашиму́ыи
6161,неустраши́мамь
6162,неустрашимѣ́
6163,неустрашимѣ́ыи
6164,не́устрашими
6165,неустраши́м
6166,xxx
6167,xxx
6168,xxx
6169,xxx
6170,xxx
6171,xxx
6172,xxx
6173,xxx
6174,xxx
6175,xxx
6176,нехи́тръ
6177,не́хитрамь
6178,не́хитриии
6179,нехи́тръ
6180,не́хитрамъии
6181,не́хитрамъии
6182,xxx
6183,не́часътъыи
6184,не́часътаыи
6185,не́часъту
6186,не́часътъыи
6187,не́часътѣыи
6188,не́часъти
6189,не́часътъии
6190,не́часътамъ
6191,не́часъты
6192,не́часътѣхъии
6193,xxx
6194,xxx
6195,xxx
6196,xxx
6197,не́чётька
6198,не́чётьцаыи
6199,не́чётьцуыи
6200,не́чётьцуыи
6201,нечё́тьцъ
6202,не́чётьцъии
6203,не́чётьцамъ
6204,не́чётьциии
6205,xxx
6206,xxx
6207,xxx
6208,xxx
6209,xxx
6210,нешутачнъы́и
6211,нешутачну́ыи
6212,нешутачни́ии
6213,нешутачно́мъ
6214,нешутачнѣ́хъ
6215,нешутачнѣ́хъ
6216,xxx
6217,xxx
6218,не́эффективнъыи
6219,не́эффективнъыи
6220,неэффекти́внамь
6221,неэффекти́внамь
6222,не́эффективнамьыи
6223,не́эффективнъии
6224,не́эффективнихъии
6225,xxx
6226,xxx
6227,xxx
6228,ни́зьцъ
6229,ни́зьцу
6230,ни́зьцъ
6231,ни́зькамь
6232,ни́зьци
6233,ни́зьци
6234,ни́зькы
6235,ни́зьцѣхъ
6236,xxx
6237,xxx
6238,xxx
6239,xxx
6240,xxx
6241,xxx
6242,xxx
6243,xxx
6244,xxx
6245,xxx
6246,xxx
6247,xxx
6248,xxx
6249,но́ваиспѣчённу
6250,но́ваиспѣчённу
6251,но́ваиспѣчённамьыи
6252,но́ваиспѣчённамьыи
6253,но́ваиспѣчённѣхъии
6254,но́ваиспѣчённѣхъии
6255,xxx
6256,xxx
6257,xxx
6258,xxx
6259,но́гасъту
6260,но́гасътамьыи
6261,но́гасътиыи
6262,но́гасътиии
6263,нагасъты́ии
6264,но́минклатурнъыи
6265,но́минклатурнамь
6266,но́мѣнклатурнѣ
6267,но́минклатурнъии
6268,но́мѣнклатурнамъ
6269,но́мѣнклатурны
6270,но́мѣнклатурнѣхъ
6271,xxx
6272,xxx
6273,xxx
6274,xxx
6275,xxx
6276,xxx
6277,xxx
6278,xxx
6279,xxx
6280,xxx
6281,xxx
6282,xxx
6283,xxx
6284,xxx
6285,xxx
6286,xxx
6287,xxx
6288,xxx
6289,наса́т
6290,но́сата
6291,но́сатѣыи
6292,но́сатыии
6293,xxx
6294,xxx
6295,xxx
6296,xxx
6297,xxx
6298,xxx
6299,ну́днъыи
6300,ну́днъыи
6301,ну́днамьыи
6302,ну́днамьыи
6303,ну́днѣ
6304,ну́дни
6305,ну́днамъии
6306,ну́жнуыи
6307,ну́жнамь
6308,ну́жнамь
6309,ну́жни
6310,ну́жни
6311,ну́жнъ
6312,ну́жнъ
6313,ну́жнамъии
6314,о́бвинительнъыи
6315,о́бвинительнъыи
6316,о́бвинительну
6317,абвините́льнъ
6318,о́бвинительниии
6319,абвините́льнъ
6320,xxx
6321,xxx
6322,xxx
6323,xxx
6324,xxx
6325,xxx
6326,xxx
6327,xxx
6328,xxx
6329,xxx
6330,xxx
6331,xxx
6332,xxx
6333,xxx
6334,xxx
6335,xxx
6336,абидчи́в
6337,о́бидчивамь
6338,о́бидчивыии
6339,xxx
6340,xxx
6341,xxx
6342,xxx
6343,xxx
6344,xxx
6345,xxx
6346,xxx
6347,о́битаемъыи
6348,о́битаема
6349,о́битаемуыи
6350,о́битаемъыи
6351,о́битаемамьыи
6352,о́битаемиии
6353,о́битаемыии
6354,о́битаемы
6355,xxx
6356,xxx
6357,xxx
6358,xxx
6359,xxx
6360,xxx
6361,xxx
6362,xxx
6363,xxx
6364,xxx
6365,xxx
6366,xxx
6367,xxx
6368,xxx
6369,xxx
6370,xxx
6371,xxx
6372,xxx
6373,xxx
6374,xxx
6375,xxx
6376,xxx
6377,xxx
6378,xxx
6379,xxx
6380,xxx
6381,xxx
6382,xxx
6383,xxx
6384,xxx
6385,xxx
6386,xxx
6387,xxx
6388,xxx
6389,xxx
6390,xxx
6391,xxx
6392,xxx
6393,xxx
6394,xxx
6395,xxx
6396,xxx
6397,xxx
6398,xxx
6399,о́баснаваннъыи
6400,о́баснаваннуыи
6401,о́баснаваннамь
6402,о́баснаваннамь
6403,о́баснаваннѣ
6404,о́баснаванни
6405,о́баснаваннъии
6406,о́баснаванны
6407,о́баснаванны
6408,xxx
6409,xxx
6410,xxx
6411,xxx
6412,xxx
6413,xxx
6414,xxx
6415,xxx
6416,xxx
6417,xxx
6418,xxx
6419,xxx
6420,xxx
6421,xxx
6422,xxx
6423,xxx
6424,xxx
6425,xxx
6426,xxx
6427,xxx
6428,xxx
6429,xxx
6430,xxx
6431,xxx
6432,xxx
6433,xxx
6434,xxx
6435,xxx
6436,xxx
6437,xxx
6438,xxx
6439,xxx
6440,xxx
6441,xxx
6442,xxx
6443,абши́т
6444,о́бшита
6445,о́бшиту
6446,о́бшитамьыи
6447,о́бшитъии
6448,о́бшитыии
6449,абщидаступнъы́и
6450,абщѣдаступна́ыи
6451,абщидаступну́ыи
6452,абщѣдасту́пнъ
6453,о́бщѣдаступнъыи
6454,абщидаступни́ии
6455,абщидасту́пнъ
6456,абщѣдаступнъи́и
6457,абщѣдаступнъи́и
6458,абщѣдаступны́ии
6459,xxx
6460,xxx
6461,xxx
6462,xxx
6463,xxx
6464,xxx
6465,xxx
6466,xxx
6467,xxx
6468,xxx
6469,xxx
6470,xxx
6471,xxx
6472,xxx
6473,xxx
6474,xxx
6475,xxx
6476,xxx
6477,xxx
6478,xxx
6479,xxx
6480,xxx
6481,xxx
6482,xxx
6483,xxx
6484,xxx
6485,xxx
6486,xxx
6487,xxx
6488,xxx
6489,xxx
6490,xxx
6491,о́бъёмисътаыи
6492,о́бъёмисътаыи
6493,абъёми́сътъ
6494,абъёми́сътъ
6495,абъёми́сътъ
6496,о́бъёмисътъыи
6497,о́бъёмисътъии
6498,о́бъёмисъты
6499,о́бъёмисътѣхъии
6500,xxx
6501,xxx
6502,xxx
6503,xxx
6504,xxx
6505,xxx
6506,xxx
6507,xxx
6508,xxx
6509,xxx
6510,xxx
6511,xxx
6512,xxx
6513,xxx
6514,xxx
6515,xxx
6516,xxx
6517,xxx
6518,xxx
6519,xxx
6520,xxx
6521,xxx
6522,xxx
6523,xxx
6524,xxx
6525,xxx
6526,xxx
6527,xxx
6528,xxx
6529,xxx
6530,xxx
6531,xxx
6532,xxx
6533,xxx
6534,о́глушительна
6535,о́глушительнъыи
6536,о́глушительнамьыи
6537,о́глушительни
6538,аглушите́льнъ
6539,о́глушительнамъ
6540,о́глушительнамъии
6541,о́глушительны
6542,xxx
6543,xxx
6544,xxx
6545,xxx
6546,xxx
6547,xxx
6548,xxx
6549,xxx
6550,xxx
6551,xxx
6552,xxx
6553,xxx
6554,xxx
6555,xxx
6556,xxx
6557,xxx
6558,xxx
6559,xxx
6560,xxx
6561,xxx
6562,xxx
6563,xxx
6564,xxx
6565,xxx
6566,xxx
6567,xxx
6568,xxx
6569,xxx
6570,xxx
6571,xxx
6572,xxx
6573,xxx
6574,xxx
6575,xxx
6576,xxx
6577,xxx
6578,xxx
6579,xxx
6580,xxx
6581,xxx
6582,xxx
6583,xxx
6584,xxx
6585,аднагла́з
6586,о́днаглазъыи
6587,о́днаглазъыи
6588,о́днаглазамьыи
6589,о́днаглазѣыи
6590,о́днаглази
6591,о́днаглазамъ
6592,о́днаглазы
6593,о́днаглазѣхъ
6594,xxx
6595,xxx
6596,xxx
6597,xxx
6598,xxx
6599,xxx
6600,xxx
6601,аднакамна́тнъ
6602,о́днакамнатнъыи
6603,о́днакамнатна
6604,о́днакамнатнъыи
6605,аднакамнатнѣ́
6606,аднакамнатны́ии
6607,аднакамнатны́ии
6608,аднакамнатнѣ́хъ
6609,xxx
6610,xxx
6611,xxx
6612,xxx
6613,о́днаабразнуыи
6614,о́днаабразнъыи
6615,о́днаабразнамь
6616,о́днаабразнамь
6617,о́днаабразнамьыи
6618,о́днаабразниыи
6619,о́днаабразни
6620,о́днаабразни
6621,о́днаабразнамъии
6622,о́днаабразны
6623,о́днаабразны
6624,о́днаабразныии
6625,о́днаабразнѣхъ
6626,о́днаабразнихъии
6627,xxx
6628,xxx
6629,xxx
6630,xxx
6631,xxx
6632,о́днаэтажнъыи
6633,о́днаэтажна
6634,о́днаэтажнуыи
6635,о́днаэтажнамь
6636,о́днаэтажнѣ
6637,о́днаэтажниии
6638,аднаэта́жнъ
6639,о́днаэтажнъии
6640,о́днаэтажнамъ
6641,о́днаэтажнамъ
6642,xxx
6643,xxx
6644,xxx
6645,xxx
6646,xxx
6647,xxx
6648,xxx
6649,xxx
6650,xxx
6651,xxx
6652,xxx
6653,xxx
6654,xxx
6655,xxx
6656,xxx
6657,xxx
6658,xxx
6659,xxx
6660,аканчательна́ыи
6661,о́канчательнамь
6662,о́канчательнѣ
6663,о́канчательниии
6664,о́канчательнамъии
6665,о́канчательныии
6666,о́канчательны
6667,о́крававленнъыи
6668,о́крававленнуыи
6669,акрававле́ннъ
6670,о́крававленни
6671,о́крававленниыи
6672,о́крававленныии
6673,о́крававленнихъ
6674,о́крававленнѣхъии
6675,о́крававленнѣхъии
6676,xxx
6677,xxx
6678,xxx
6679,xxx
6680,xxx
6681,о́ливкавъыи
6682,о́ливкава
6683,о́ливкаваыи
6684,о́ливкавѣ
6685,о́ливкавѣыи
6686,аливко́в
6687,о́ливкавъии
6688,о́ливкавѣхъ
6689,о́ливкавѣхъии
6690,xxx
6691,xxx
6692,xxx
6693,xxx
6694,xxx
6695,xxx
6696,xxx
6697,xxx
6698,xxx
6699,xxx
6700,xxx
6701,xxx
6702,xxx
6703,xxx
6704,xxx
6705,xxx
6706,xxx
6707,xxx
6708,xxx
6709,xxx
6710,xxx
6711,xxx
6712,xxx
6713,xxx
6714,аптимистична́ыи
6715,о́птимистичнамьыи
6716,о́птимистичнамьыи
6717,о́птимистични
6718,аптимистични́ии
6719,о́птимистичнъии
6720,о́птимистичныии
6721,о́птимистичны
6722,xxx
6723,xxx
6724,xxx
6725,xxx
6726,xxx
6727,xxx
6728,xxx
6729,xxx
6730,о́рганизаваннуыи
6731,о́рганизаваннамъ
6732,о́рганизаванныии
6733,о́рганизаванны
6734,о́рганизаванны
6735,xxx
6736,xxx
6737,xxx
6738,xxx
6739,xxx
6740,xxx
6741,xxx
6742,xxx
6743,xxx
6744,о́ртадаксальна
6745,о́ртадаксальнъыи
6746,о́ртадаксальнамъ
6747,о́ртадаксальнамъии
6748,о́ртадаксальны
6749,о́ртадаксальнихъии
6750,о́рудийнуыи
6751,аруди́йнъ
6752,о́рудийнъыи
6753,о́рудийнамьыи
6754,о́рудийни
6755,о́рудийниии
6756,о́рудийнъии
6757,о́рудийны
6758,арудийны́ии
6759,о́рудийнѣхъ
6760,xxx
6761,xxx
6762,xxx
6763,xxx
6764,xxx
6765,xxx
6766,xxx
6767,xxx
6768,xxx
6769,xxx
6770,xxx
6771,xxx
6772,xxx
6773,xxx
6774,xxx
6775,xxx
6776,xxx
6777,xxx
6778,xxx
6779,xxx
6780,xxx
6781,xxx
6782,xxx
6783,xxx
6784,xxx
6785,xxx
6786,xxx
6787,xxx
6788,xxx
6789,xxx
6790,xxx
6791,xxx
6792,xxx
6793,xxx
6794,xxx
6795,xxx
6796,xxx
6797,xxx
6798,xxx
6799,xxx
6800,xxx
6801,xxx
6802,xxx
6803,xxx
6804,xxx
6805,xxx
6806,xxx
6807,xxx
6808,xxx
6809,xxx
6810,xxx
6811,xxx
6812,xxx
6813,xxx
6814,xxx
6815,xxx
6816,xxx
6817,xxx
6818,xxx
6819,xxx
6820,xxx
6821,xxx
6822,xxx
6823,xxx
6824,xxx
6825,xxx
6826,xxx
6827,xxx
6828,xxx
6829,xxx
6830,xxx
6831,xxx
6832,xxx
6833,xxx
6834,xxx
6835,xxx
6836,xxx
6837,xxx
6838,xxx
6839,xxx
6840,xxx
6841,xxx
6842,xxx
6843,xxx
6844,xxx
6845,xxx
6846,xxx
6847,xxx
6848,xxx
6849,xxx
6850,xxx
6851,xxx
6852,о́тзывчивъыи
6853,о́тзывчивамъ
6854,о́тзывчивы
6855,атзывчивы́ии
6856,xxx
6857,xxx
6858,xxx
6859,xxx
6860,xxx
6861,xxx
6862,о́ткрытуыи
6863,о́ткрытуыи
6864,о́ткрытъыи
6865,о́ткрытѣыи
6866,о́ткрытамъ
6867,о́ткрытыии
6868,атличите́льнъ
6869,о́тличительнаыи
6870,атличите́льнъ
6871,атличите́льнъ
6872,о́тличительни
6873,атличите́льнъ
6874,о́тличительнамъии
6875,о́тличительны
6876,о́тличительнѣхъии
6877,xxx
6878,xxx
6879,xxx
6880,xxx
6881,xxx
6882,xxx
6883,xxx
6884,xxx
6885,xxx
6886,xxx
6887,xxx
6888,xxx
6889,xxx
6890,атрицате́льнъ
6891,о́трицательну
6892,о́трицательнуыи
6893,о́трицательнамьыи
6894,о́трицательнамъ
6895,о́трицательны
6896,атталкиваю́щ
6897,атталкивающа́ыи
6898,о́тталкивающамь
6899,о́тталкивающамъии
6900,о́тталкивающамъии
6901,о́тталкивающы
6902,о́тталкивающѣхъии
6903,xxx
6904,xxx
6905,xxx
6906,xxx
6907,xxx
6908,xxx
6909,xxx
6910,xxx
6911,xxx
6912,xxx
6913,о́фициальнъыи
6914,о́фициальнъыи
6915,о́фициальну
6916,афициа́льнъ
6917,о́фициальнѣ
6918,афициа́льнъ
6919,о́фициальнамъ
6920,о́фициальнамъии
6921,о́фициальнѣхъии
6922,xxx
6923,xxx
6924,xxx
6925,xxx
6926,xxx
6927,xxx
6928,о́храняемъыи
6929,о́храняемъыи
6930,о́храняемаыи
6931,о́храняемъыи
6932,о́храняемиии
6933,ахраняе́м
6934,о́храняемъии
6935,о́храняемамъии
6936,о́храняемы
6937,о́хуитѣльнъыи
6938,о́хуитѣльнамь
6939,о́хуитѣльнѣ
6940,о́хуитѣльнѣыи
6941,о́хуитѣльны
6942,о́хуитильны
6943,о́ценачнъыи
6944,о́ценачна
6945,о́ценачнаыи
6946,о́ценачнаыи
6947,о́ценачну
6948,о́ценачнамь
6949,о́ценачнамь
6950,о́ценачнъии
6951,о́ценачныии
6952,о́чевидну
6953,ачеви́днъ
6954,о́чевиднѣыи
6955,о́чевидны
6956,о́чевидны
6957,о́чевидныии
6958,о́чевиднихъ
6959,о́чевиднѣхъии
6960,xxx
6961,xxx
6962,xxx
6963,xxx
6964,xxx
6965,ащутите́льнъ
6966,о́щутительнамь
6967,о́щутительни
6968,о́щутительни
6969,о́щутительны
6970,о́щутительныии
6971,о́щутительныии
6972,xxx
6973,xxx
6974,xxx
6975,xxx
6976,xxx
6977,xxx
6978,xxx
6979,xxx
6980,xxx
6981,xxx
6982,xxx
6983,xxx
6984,xxx
6985,xxx
6986,xxx
6987,xxx
6988,xxx
6989,xxx
6990,xxx
6991,xxx
6992,xxx
6993,xxx
6994,xxx
6995,па́рнъ
6996,па́рна
6997,па́рнаыи
6998,па́рнамьыи
6999,па́рнамъ
7000,па́рнамъии
7001,па́рныии
7002,па́рнихъии
7003,xxx
7004,xxx
7005,xxx
7006,xxx
7007,xxx
7008,xxx
7009,xxx
7010,xxx
7011,xxx
7012,xxx
7013,xxx
7014,xxx
7015,xxx
7016,пассивна-гриснъы́и
7017,пассивна-агреснну́ыи
7018,пассивна-агреснну́ыи
7019,пассивна-агреснъы́и
7020,пассивна-гриснѣ́ыи
7021,пассивна-агресни́
7022,пассивна-агресны́ии
7023,xxx
7024,xxx
7025,xxx
7026,xxx
7027,xxx
7028,xxx
7029,xxx
7030,xxx
7031,xxx
7032,па́хуча
7033,па́хуча
7034,па́хучамьыи
7035,па́хучи
7036,па́хучамъ
7037,xxx
7038,xxx
7039,xxx
7040,xxx
7041,xxx
7042,xxx
7043,xxx
7044,xxx
7045,xxx
7046,xxx
7047,xxx
7048,xxx
7049,xxx
7050,xxx
7051,xxx
7052,xxx
7053,xxx
7054,xxx
7055,xxx
7056,xxx
7057,xxx
7058,xxx
7059,xxx
7060,xxx
7061,xxx
7062,xxx
7063,xxx
7064,xxx
7065,xxx
7066,xxx
7067,xxx
7068,xxx
7069,xxx
7070,xxx
7071,xxx
7072,xxx
7073,xxx
7074,xxx
7075,xxx
7076,xxx
7077,xxx
7078,xxx
7079,xxx
7080,xxx
7081,xxx
7082,xxx
7083,xxx
7084,xxx
7085,xxx
7086,xxx
7087,xxx
7088,xxx
7089,пессимистичнъы́и
7090,пессимистична́
7091,пессимистичнѣ́
7092,пессимистичнъи́и
7093,пессимистичны́
7094,пессимистичны́
7095,xxx
7096,xxx
7097,xxx
7098,xxx
7099,xxx
7100,xxx
7101,xxx
7102,xxx
7103,xxx
7104,xxx
7105,xxx
7106,xxx
7107,xxx
7108,xxx
7109,xxx
7110,xxx
7111,пла́вуча
7112,пла́вучу
7113,пла́вучы
7114,плавучы́ии
7115,xxx
7116,xxx
7117,xxx
7118,xxx
7119,xxx
7120,xxx
7121,xxx
7122,xxx
7123,xxx
7124,xxx
7125,xxx
7126,xxx
7127,xxx
7128,xxx
7129,xxx
7130,xxx
7131,xxx
7132,xxx
7133,xxx
7134,xxx
7135,xxx
7136,xxx
7137,xxx
7138,xxx
7139,xxx
7140,xxx
7141,xxx
7142,xxx
7143,xxx
7144,xxx
7145,xxx
7146,xxx
7147,xxx
7148,xxx
7149,xxx
7150,xxx
7151,xxx
7152,xxx
7153,xxx
7154,xxx
7155,xxx
7156,xxx
7157,xxx
7158,xxx
7159,xxx
7160,xxx
7161,xxx
7162,пло́сьца
7163,пло́ськъыи
7164,пло́ськъии
7165,пло́ськамъии
7166,пло́сьци
7167,пло́ськихъ
7168,xxx
7169,xxx
7170,xxx
7171,xxx
7172,xxx
7173,xxx
7174,xxx
7175,xxx
7176,xxx
7177,xxx
7178,xxx
7179,xxx
7180,xxx
7181,xxx
7182,xxx
7183,xxx
7184,xxx
7185,xxx
7186,xxx
7187,xxx
7188,xxx
7189,xxx
7190,xxx
7191,xxx
7192,xxx
7193,xxx
7194,xxx
7195,xxx
7196,xxx
7197,xxx
7198,xxx
7199,xxx
7200,xxx
7201,xxx
7202,xxx
7203,xxx
7204,xxx
7205,xxx
7206,xxx
7207,xxx
7208,xxx
7209,xxx
7210,xxx
7211,xxx
7212,xxx
7213,xxx
7214,xxx
7215,xxx
7216,xxx
7217,xxx
7218,xxx
7219,xxx
7220,xxx
7221,xxx
7222,xxx
7223,xxx
7224,xxx
7225,xxx
7226,xxx
7227,xxx
7228,xxx
7229,xxx
7230,xxx
7231,xxx
7232,xxx
7233,xxx
7234,xxx
7235,xxx
7236,падвергну́т
7237,падвергну́т
7238,по́двергнутъыи
7239,по́двергнутиыи
7240,по́двергнуты
7241,по́двергнутѣхъ
7242,xxx
7243,xxx
7244,xxx
7245,xxx
7246,xxx
7247,xxx
7248,xxx
7249,xxx
7250,xxx
7251,xxx
7252,xxx
7253,xxx
7254,xxx
7255,xxx
7256,xxx
7257,xxx
7258,xxx
7259,xxx
7260,xxx
7261,xxx
7262,xxx
7263,xxx
7264,xxx
7265,xxx
7266,xxx
7267,xxx
7268,xxx
7269,xxx
7270,xxx
7271,по́дабастрастна
7272,по́дабастрастнуыи
7273,падабастрастни́ии
7274,падабастрастни́ии
7275,по́дабастрастнъии
7276,по́дабастрастнамъии
7277,по́дабастрастны
7278,xxx
7279,xxx
7280,xxx
7281,xxx
7282,xxx
7283,xxx
7284,xxx
7285,xxx
7286,xxx
7287,xxx
7288,xxx
7289,xxx
7290,xxx
7291,xxx
7292,xxx
7293,xxx
7294,xxx
7295,xxx
7296,xxx
7297,xxx
7298,xxx
7299,xxx
7300,xxx
7301,xxx
7302,xxx
7303,xxx
7304,xxx
7305,xxx
7306,xxx
7307,xxx
7308,xxx
7309,xxx
7310,xxx
7311,по́дтянута
7312,падтяну́т
7313,падтяну́т
7314,по́дтянутамь
7315,по́дтянутѣ
7316,по́дтянутамъ
7317,по́дтянутыии
7318,xxx
7319,xxx
7320,xxx
7321,xxx
7322,xxx
7323,xxx
7324,xxx
7325,xxx
7326,xxx
7327,пазити́внъ
7328,по́зитивнамьыи
7329,по́зитивнѣ
7330,по́зитивни
7331,по́зитивниии
7332,по́зитивниии
7333,пазити́внъ
7334,по́зитивнъии
7335,по́зитивнамъ
7336,по́зитивныии
7337,xxx
7338,xxx
7339,xxx
7340,xxx
7341,xxx
7342,xxx
7343,xxx
7344,xxx
7345,xxx
7346,xxx
7347,xxx
7348,xxx
7349,паката́ыи
7350,по́катамьыи
7351,пакатѣ́
7352,пака́т
7353,по́катыии
7354,пакаты́
7355,xxx
7356,xxx
7357,xxx
7358,xxx
7359,xxx
7360,xxx
7361,xxx
7362,xxx
7363,xxx
7364,xxx
7365,xxx
7366,xxx
7367,xxx
7368,xxx
7369,xxx
7370,по́лзучъыи
7371,по́лзучиии
7372,по́лзучамъ
7373,по́лзучы
7374,по́лзучѣхъии
7375,xxx
7376,xxx
7377,xxx
7378,xxx
7379,xxx
7380,xxx
7381,xxx
7382,xxx
7383,xxx
7384,xxx
7385,xxx
7386,xxx
7387,xxx
7388,xxx
7389,xxx
7390,xxx
7391,пла́сатъыи
7392,пласато́мь
7393,пла́сати
7394,пласати́ии
7395,пла́сатамъ
7396,по́ласатыии
7397,пласатѣ́хъ
7398,xxx
7399,xxx
7400,xxx
7401,xxx
7402,xxx
7403,xxx
7404,xxx
7405,xxx
7406,xxx
7407,xxx
7408,xxx
7409,xxx
7410,xxx
7411,xxx
7412,памину́тнъ
7413,по́минутнъыи
7414,по́минутнѣ
7415,по́минутнѣыи
7416,по́минутни
7417,по́минутны
7418,по́минутныии
7419,по́минутнѣхъ
7420,xxx
7421,xxx
7422,xxx
7423,xxx
7424,xxx
7425,xxx
7426,памя́т
7427,по́мятъыи
7428,по́мятѣ
7429,по́мятъии
7430,по́мяты
7431,по́мятихъ
7432,по́мятихъии
7433,xxx
7434,xxx
7435,xxx
7436,xxx
7437,xxx
7438,xxx
7439,xxx
7440,xxx
7441,xxx
7442,xxx
7443,xxx
7444,xxx
7445,xxx
7446,xxx
7447,xxx
7448,xxx
7449,xxx
7450,xxx
7451,xxx
7452,xxx
7453,xxx
7454,xxx
7455,xxx
7456,xxx
7457,xxx
7458,xxx
7459,xxx
7460,по́рисъта
7461,по́рисъту
7462,пари́сътъ
7463,по́рисъти
7464,по́рисътамъии
7465,по́рисъты
7466,пради́сътъ
7467,пра́дисъта
7468,пра́дисъту
7469,пра́дисъти
7470,пра́дисъти
7471,пра́дисътиии
7472,паради́сътъ
7473,пради́сътъ
7474,пра́дисътъии
7475,пра́дисътѣхъ
7476,xxx
7477,xxx
7478,xxx
7479,xxx
7480,xxx
7481,xxx
7482,xxx
7483,xxx
7484,xxx
7485,xxx
7486,xxx
7487,xxx
7488,xxx
7489,xxx
7490,xxx
7491,xxx
7492,xxx
7493,xxx
7494,xxx
7495,xxx
7496,xxx
7497,xxx
7498,xxx
7499,xxx
7500,xxx
7501,xxx
7502,xxx
7503,xxx
7504,xxx
7505,xxx
7506,xxx
7507,xxx
7508,xxx
7509,xxx
7510,xxx
7511,xxx
7512,xxx
7513,xxx
7514,xxx
7515,xxx
7516,xxx
7517,xxx
7518,xxx
7519,xxx
7520,xxx
7521,xxx
7522,паступатильнъы́и
7523,по́ступатѣльна
7524,по́ступатѣльну
7525,паступатѣльнѣ́ыи
7526,паступатильнѣ́ыи
7527,по́ступатѣльнамъ
7528,по́ступатѣльны
7529,xxx
7530,xxx
7531,xxx
7532,xxx
7533,xxx
7534,xxx
7535,xxx
7536,xxx
7537,xxx
7538,xxx
7539,xxx
7540,xxx
7541,xxx
7542,xxx
7543,xxx
7544,xxx
7545,xxx
7546,xxx
7547,xxx
7548,xxx
7549,xxx
7550,xxx
7551,xxx
7552,xxx
7553,xxx
7554,xxx
7555,xxx
7556,xxx
7557,xxx
7558,xxx
7559,xxx
7560,xxx
7561,xxx
7562,xxx
7563,xxx
7564,xxx
7565,xxx
7566,xxx
7567,xxx
7568,xxx
7569,xxx
7570,xxx
7571,xxx
7572,xxx
7573,xxx
7574,xxx
7575,xxx
7576,xxx
7577,xxx
7578,паучитѣ́льнъ
7579,по́учитѣльнъыи
7580,по́учитѣльна
7581,по́учитильнамь
7582,по́учитѣльниии
7583,паучитѣ́льнъ
7584,xxx
7585,xxx
7586,xxx
7587,xxx
7588,xxx
7589,xxx
7590,xxx
7591,xxx
7592,xxx
7593,по́хажаыи
7594,по́хажуыи
7595,по́хажи
7596,по́хажамъии
7597,по́хажи
7598,по́хажиии
7599,по́хажихъии
7600,xxx
7601,xxx
7602,xxx
7603,xxx
7604,xxx
7605,xxx
7606,xxx
7607,xxx
7608,xxx
7609,xxx
7610,xxx
7611,xxx
7612,xxx
7613,xxx
7614,xxx
7615,xxx
7616,xxx
7617,xxx
7618,xxx
7619,xxx
7620,xxx
7621,xxx
7622,xxx
7623,xxx
7624,xxx
7625,xxx
7626,xxx
7627,xxx
7628,xxx
7629,xxx
7630,xxx
7631,xxx
7632,xxx
7633,xxx
7634,xxx
7635,xxx
7636,xxx
7637,пра́в
7638,пра́в
7639,пра́въыи
7640,пра́в
7641,пра́вы
7642,пра́вы
7643,пра́выии
7644,пра́вы
7645,пра́выии
7646,пра́вихъ
7647,xxx
7648,xxx
7649,xxx
7650,xxx
7651,xxx
7652,xxx
7653,xxx
7654,xxx
7655,пра́зднуыи
7656,пра́зднъыи
7657,пра́зднѣыи
7658,пра́зднамъии
7659,пра́здныии
7660,пра́здныии
7661,xxx
7662,xxx
7663,xxx
7664,xxx
7665,xxx
7666,xxx
7667,xxx
7668,xxx
7669,xxx
7670,xxx
7671,xxx
7672,xxx
7673,xxx
7674,xxx
7675,xxx
7676,xxx
7677,xxx
7678,xxx
7679,xxx
7680,xxx
7681,xxx
7682,xxx
7683,xxx
7684,xxx
7685,xxx
7686,xxx
7687,xxx
7688,xxx
7689,xxx
7690,xxx
7691,xxx
7692,xxx
7693,пре́дпримичива
7694,пре́дпримичивуыи
7695,предпримичи́в
7696,пре́дпримичиви
7697,пре́дпримичивъии
7698,пре́дпримичивамъ
7699,пре́дпримичивамъ
7700,пре́дпримичивы
7701,пре́дпримичивы
7702,пре́дпримичивы
7703,xxx
7704,xxx
7705,xxx
7706,xxx
7707,xxx
7708,xxx
7709,xxx
7710,xxx
7711,xxx
7712,xxx
7713,xxx
7714,xxx
7715,xxx
7716,xxx
7717,xxx
7718,xxx
7719,xxx
7720,xxx
7721,xxx
7722,xxx
7723,xxx
7724,xxx
7725,преимуществе́ннъ
7726,пре́имущественнуыи
7727,преимуществе́ннъ
7728,пре́имущественнъыи
7729,пре́имущественнѣ
7730,пре́имущественни
7731,преимущественни́ии
7732,преимуществе́ннъ
7733,пре́имущественнамъии
7734,пре́имущественны
7735,пре́имущественны
7736,преимущественны́ии
7737,xxx
7738,xxx
7739,xxx
7740,xxx
7741,xxx
7742,xxx
7743,xxx
7744,xxx
7745,xxx
7746,xxx
7747,xxx
7748,xxx
7749,xxx
7750,xxx
7751,xxx
7752,xxx
7753,xxx
7754,xxx
7755,xxx
7756,xxx
7757,xxx
7758,xxx
7759,xxx
7760,пре́адалимъыи
7761,пре́адалима
7762,преадали́м
7763,преадали́м
7764,пре́адалимамъ
7765,пре́адалимыии
7766,xxx
7767,xxx
7768,xxx
7769,xxx
7770,xxx
7771,xxx
7772,xxx
7773,xxx
7774,xxx
7775,приславу́т
7776,прѣславу́та
7777,прѣславу́т
7778,прѣславу́т
7779,прѣ́славутъыи
7780,прѣ́славутѣыи
7781,прѣ́славутъии
7782,прѣ́славуты
7783,прѣ́славуты
7784,прѣ́славутыии
7785,xxx
7786,xxx
7787,xxx
7788,xxx
7789,xxx
7790,xxx
7791,xxx
7792,xxx
7793,xxx
7794,xxx
7795,xxx
7796,xxx
7797,xxx
7798,xxx
7799,xxx
7800,xxx
7801,xxx
7802,xxx
7803,xxx
7804,xxx
7805,xxx
7806,xxx
7807,xxx
7808,xxx
7809,xxx
7810,при́врѣдливаыи
7811,при́врѣдливу
7812,при́вридливиыи
7813,при́вридливиии
7814,при́врѣдливамъ
7815,при́вридливыии
7816,при́врѣдливы
7817,при́ветлива
7818,при́ветливаыи
7819,приветли́в
7820,при́ветливъии
7821,при́ветливы
7822,при́ветливыии
7823,при́ветливѣхъии
7824,xxx
7825,при́влекательна
7826,при́влекательнуыи
7827,при́влекательнъыи
7828,привлекате́льнамь
7829,при́влекательнамъии
7830,при́влекательны
7831,xxx
7832,xxx
7833,xxx
7834,xxx
7835,xxx
7836,xxx
7837,xxx
7838,xxx
7839,xxx
7840,xxx
7841,xxx
7842,xxx
7843,xxx
7844,xxx
7845,xxx
7846,xxx
7847,при́земисътамьыи
7848,при́земисътамъ
7849,при́земисъты
7850,приземисътѣ́хъии
7851,xxx
7852,xxx
7853,xxx
7854,xxx
7855,xxx
7856,xxx
7857,xxx
7858,xxx
7859,xxx
7860,xxx
7861,xxx
7862,xxx
7863,примѣни́м
7864,приминима́
7865,примѣни́м
7866,приминимо́мьыи
7867,приминими́ии
7868,при́мѣнимъии
7869,приминимо́мъ
7870,xxx
7871,при́мечательнуыи
7872,при́мечательнамьыи
7873,при́мечательнъии
7874,при́мечательнамъ
7875,при́мечательныии
7876,при́мечательнѣхъии
7877,xxx
7878,xxx
7879,xxx
7880,xxx
7881,xxx
7882,xxx
7883,xxx
7884,xxx
7885,xxx
7886,xxx
7887,xxx
7888,xxx
7889,xxx
7890,приня́т
7891,принято́мь
7892,при́няти
7893,приняти́ии
7894,приня́т
7895,при́няты
7896,приняты́
7897,принятѣ́хъии
7898,принятѣ́хъии
7899,xxx
7900,xxx
7901,xxx
7902,xxx
7903,xxx
7904,xxx
7905,приаткры́т
7906,приаткры́т
7907,при́аткрытъыи
7908,приаткры́тѣыи
7909,приаткры́тамъ
7910,xxx
7911,xxx
7912,xxx
7913,xxx
7914,xxx
7915,xxx
7916,xxx
7917,xxx
7918,xxx
7919,xxx
7920,xxx
7921,xxx
7922,прису́щ
7923,прису́щъыи
7924,прису́щи
7925,прису́щамъии
7926,прису́щыии
7927,xxx
7928,xxx
7929,xxx
7930,xxx
7931,притягательна́ыи
7932,притягате́льнъ
7933,притягате́льнъии
7934,притягате́льнъии
7935,притягате́льны
7936,притягате́льнихъ
7937,притяжательну́
7938,притяжательну́
7939,притяжате́льнъ
7940,при́тяжательнъыи
7941,при́тяжательнамьыи
7942,при́тяжательнѣыи
7943,притяжате́льнъ
7944,xxx
7945,xxx
7946,xxx
7947,xxx
7948,xxx
7949,xxx
7950,xxx
7951,xxx
7952,xxx
7953,xxx
7954,xxx
7955,xxx
7956,xxx
7957,xxx
7958,xxx
7959,xxx
7960,xxx
7961,xxx
7962,xxx
7963,xxx
7964,xxx
7965,xxx
7966,xxx
7967,xxx
7968,xxx
7969,xxx
7970,xxx
7971,xxx
7972,xxx
7973,xxx
7974,xxx
7975,xxx
7976,xxx
7977,xxx
7978,xxx
7979,xxx
7980,xxx
7981,xxx
7982,xxx
7983,xxx
7984,xxx
7985,xxx
7986,xxx
7987,xxx
7988,xxx
7989,xxx
7990,xxx
7991,xxx
7992,xxx
7993,xxx
7994,xxx
7995,xxx
7996,xxx
7997,xxx
7998,xxx
7999,xxx
8000,xxx
8001,xxx
8002,xxx
8003,xxx
8004,xxx
8005,xxx
8006,xxx
8007,xxx
8008,xxx
8009,xxx
8010,xxx
8011,xxx
8012,xxx
8013,xxx
8014,xxx
8015,xxx
8016,про́дуктивнъыи
8017,про́дуктивнаыи
8018,прадукти́внъ
8019,прадукти́внамь
8020,про́дуктивни
8021,про́дуктивныии
8022,про́дуктивны
8023,xxx
8024,xxx
8025,xxx
8026,xxx
8027,xxx
8028,xxx
8029,xxx
8030,xxx
8031,xxx
8032,xxx
8033,xxx
8034,xxx
8035,xxx
8036,xxx
8037,xxx
8038,xxx
8039,xxx
8040,xxx
8041,xxx
8042,xxx
8043,xxx
8044,xxx
8045,xxx
8046,xxx
8047,xxx
8048,xxx
8049,xxx
8050,xxx
8051,xxx
8052,xxx
8053,xxx
8054,xxx
8055,xxx
8056,xxx
8057,xxx
8058,xxx
8059,xxx
8060,xxx
8061,xxx
8062,xxx
8063,xxx
8064,xxx
8065,про́ницательнаыи
8066,про́ницательнамьыи
8067,про́ницательни
8068,про́ницательны
8069,про́ницательны
8070,xxx
8071,xxx
8072,xxx
8073,xxx
8074,xxx
8075,xxx
8076,xxx
8077,xxx
8078,xxx
8079,xxx
8080,xxx
8081,xxx
8082,xxx
8083,xxx
8084,xxx
8085,xxx
8086,xxx
8087,xxx
8088,xxx
8089,xxx
8090,xxx
8091,xxx
8092,xxx
8093,xxx
8094,xxx
8095,xxx
8096,xxx
8097,xxx
8098,xxx
8099,xxx
8100,xxx
8101,xxx
8102,xxx
8103,xxx
8104,xxx
8105,xxx
8106,xxx
8107,xxx
8108,xxx
8109,xxx
8110,пративаестенну́
8111,пративаестенну́ыи
8112,пративаестенну́ыи
8113,про́тиваественнамь
8114,пративаестенно́мьыи
8115,пративаестеннѣ́ыи
8116,пративаественнѣ́ыи
8117,про́тиваественнамъии
8118,про́тиваественны
8119,пративаестенны́
8120,про́тиваестеннѣхъии
8121,xxx
8122,пративаплажнѣ́ыи
8123,пративаплажни́ии
8124,пративаплажно́мъ
8125,пративаплажны́
8126,пративаплажны́ии
8127,xxx
8128,xxx
8129,xxx
8130,xxx
8131,xxx
8132,xxx
8133,xxx
8134,xxx
8135,xxx
8136,xxx
8137,xxx
8138,xxx
8139,xxx
8140,xxx
8141,xxx
8142,xxx
8143,xxx
8144,xxx
8145,xxx
8146,xxx
8147,xxx
8148,xxx
8149,xxx
8150,xxx
8151,xxx
8152,xxx
8153,xxx
8154,xxx
8155,прямалинѣ́йнъ
8156,прямалинѣ́йна
8157,пря́малинийнуыи
8158,пря́малинѣйнамьыи
8159,прямалинѣ́йнъии
8160,прямалинѣ́йнамъ
8161,пря́малинѣйнамъии
8162,пря́малинѣйныии
8163,пря́маугальнъыи
8164,пря́маугальнамь
8165,пря́маугальнъии
8166,пря́маугальнѣхъии
8167,пря́н
8168,пря́нъыи
8169,пря́на
8170,пря́на
8171,пря́ни
8172,пря́нъии
8173,пря́ны
8174,пря́нѣхъии
8175,пря́нихъии
8176,xxx
8177,xxx
8178,xxx
8179,xxx
8180,xxx
8181,xxx
8182,xxx
8183,xxx
8184,xxx
8185,пузатъы́и
8186,пуза́та
8187,пузатъы́и
8188,пузатѣ́ыи
8189,пузато́мъ
8190,пузато́мъии
8191,пузаты́ии
8192,пузатѣ́хъ
8193,пузатѣ́хъ
8194,пузатѣ́хъии
8195,xxx
8196,xxx
8197,xxx
8198,xxx
8199,xxx
8200,xxx
8201,xxx
8202,xxx
8203,xxx
8204,xxx
8205,xxx
8206,xxx
8207,xxx
8208,xxx
8209,xxx
8210,xxx
8211,xxx
8212,xxx
8213,xxx
8214,xxx
8215,пы́льца
8216,пы́льцаыи
8217,пы́льцуыи
8218,пы́лькуыи
8219,пы́лькъ
8220,пы́льцъ
8221,пы́лькамъии
8222,пы́льци
8223,xxx
8224,xxx
8225,xxx
8226,xxx
8227,xxx
8228,xxx
8229,xxx
8230,пья́нъыи
8231,пья́нуыи
8232,пья́ныии
8233,пья́ныии
8234,пья́ны
8235,пья́нѣхъ
8236,xxx
8237,xxx
8238,xxx
8239,xxx
8240,xxx
8241,xxx
8242,xxx
8243,xxx
8244,xxx
8245,xxx
8246,ра́внамернъыи
8247,ра́внамерна
8248,ра́внамернуыи
8249,ра́внамернъыи
8250,ра́внамернамь
8251,ра́внамерныии
8252,ра́внамерныии
8253,xxx
8254,xxx
8255,xxx
8256,xxx
8257,xxx
8258,xxx
8259,ра́внъыи
8260,ра́внаыи
8261,ра́внъыи
8262,ра́внѣхъ
8263,ра́внѣхъии
8264,xxx
8265,xxx
8266,радиаактивна́ыи
8267,ра́диаактивнамъ
8268,радиаактивны́ии
8269,радиаактивны́ии
8270,ра́диаактивнихъии
8271,xxx
8272,xxx
8273,xxx
8274,xxx
8275,xxx
8276,xxx
8277,xxx
8278,xxx
8279,xxx
8280,xxx
8281,xxx
8282,xxx
8283,разби́т
8284,разби́т
8285,разби́т
8286,разби́т
8287,ра́збитамь
8288,ра́збити
8289,ра́збитиии
8290,ра́збитиии
8291,ра́збитихъ
8292,ра́звитвлённъыи
8293,ра́звѣтвлённѣ
8294,ра́звѣтвлённѣ
8295,ра́звѣтвлённы
8296,ра́звѣтвлённыии
8297,xxx
8298,xxx
8299,xxx
8300,xxx
8301,xxx
8302,ра́звитъыи
8303,ра́звитъыи
8304,развитѣ́
8305,ра́звиты
8306,ра́звиты
8307,ра́звиты
8308,развиты́ии
8309,xxx
8310,xxx
8311,xxx
8312,xxx
8313,xxx
8314,xxx
8315,xxx
8316,разгаварчи́в
8317,ра́згаварчивѣхъии
8318,xxx
8319,xxx
8320,xxx
8321,xxx
8322,xxx
8323,xxx
8324,xxx
8325,xxx
8326,различи́м
8327,ра́зличима
8328,ра́зличиму
8329,различи́м
8330,ра́зличимъыи
8331,ра́зличимѣыи
8332,ра́зличими
8333,ра́зличимиии
8334,ра́зличимъии
8335,xxx
8336,xxx
8337,xxx
8338,xxx
8339,xxx
8340,xxx
8341,xxx
8342,xxx
8343,xxx
8344,ра́змеренна
8345,ра́змрѣнну
8346,ра́змереннуыи
8347,ра́змереннѣ
8348,ра́змринни
8349,ра́змрѣннѣыи
8350,ра́змрѣннъии
8351,ра́змрѣннамъ
8352,ра́змрѣнныии
8353,ра́змереннѣхъии
8354,ра́змриннихъии
8355,xxx
8356,xxx
8357,xxx
8358,xxx
8359,xxx
8360,размы́т
8361,ра́змытъыи
8362,ра́змыта
8363,ра́змытамь
8364,ра́змыти
8365,ра́змытъии
8366,ра́знаабразнъыи
8367,ра́знаабразна
8368,ра́знаабразнаыи
8369,разнаабра́знъ
8370,ра́знаабразнамь
8371,ра́знаабразни
8372,ра́знаабразнъии
8373,ра́знаабразныии
8374,xxx
8375,xxx
8376,ра́знраднъыи
8377,ра́знраднаыи
8378,ра́знраднѣыи
8379,ра́знараднѣыи
8380,ра́знрадниии
8381,разнра́днъ
8382,ра́знраднъии
8383,ра́знраднамъ
8384,ра́знараднамъ
8385,ра́знраднамъ
8386,ра́знарадны
8387,разнацве́тнъ
8388,ра́знацветнъыи
8389,ра́знацветнъыи
8390,ра́знацветна
8391,разнацве́тнъ
8392,ра́знацветнамьыи
8393,ра́знацветны
8394,ра́знацветныии
8395,ра́знацветны
8396,ра́знацветнѣхъ
8397,xxx
8398,xxx
8399,xxx
8400,xxx
8401,ра́знъыи
8402,ра́знъыи
8403,ра́зни
8404,ра́знъии
8405,ра́знъии
8406,ра́зны
8407,ра́знѣхъ
8408,xxx
8409,xxx
8410,xxx
8411,xxx
8412,ра́зрешённѣ
8413,разрешё́ннъ
8414,ра́зрешённъии
8415,ра́зрешённъии
8416,ра́зрешённамъии
8417,ра́зрешённы
8418,ра́зрешённы
8419,xxx
8420,xxx
8421,ра́зразненнѣ
8422,ра́зразненнъии
8423,ра́зразненны
8424,ра́зразненныии
8425,xxx
8426,xxx
8427,xxx
8428,разрушитѣ́льнъ
8429,ра́зрушитѣльна
8430,разрушитѣ́льнъ
8431,ра́зрушитѣльнамьыи
8432,ра́зрушитильниии
8433,разрушитѣ́льнъ
8434,ра́зрушитѣльнамъии
8435,ра́зрушитѣльны
8436,xxx
8437,xxx
8438,xxx
8439,xxx
8440,xxx
8441,xxx
8442,xxx
8443,xxx
8444,xxx
8445,xxx
8446,xxx
8447,xxx
8448,xxx
8449,xxx
8450,xxx
8451,xxx
8452,xxx
8453,ра́скрытъыи
8454,раскры́тамь
8455,ра́скрытѣ
8456,ра́скрытиыи
8457,ра́скрытиии
8458,раскры́т
8459,раскры́тъии
8460,ра́скрытамъ
8461,ра́скрытыии
8462,ра́скрытѣхъ
8463,xxx
8464,xxx
8465,xxx
8466,xxx
8467,xxx
8468,xxx
8469,xxx
8470,xxx
8471,xxx
8472,xxx
8473,xxx
8474,xxx
8475,xxx
8476,xxx
8477,xxx
8478,xxx
8479,xxx
8480,xxx
8481,xxx
8482,xxx
8483,xxx
8484,xxx
8485,расстраинно́мь
8486,ра́сстраѣннамьыи
8487,расстраиннѣ́
8488,ра́сстраѣннѣыи
8489,расстраѣнни́ии
8490,расстраиннъи́и
8491,расстраинно́мъии
8492,ра́сстраѣннѣхъ
8493,рассудите́льнъ
8494,рассудительнѣ́
8495,ра́ссудительнѣыи
8496,рассудите́льнъ
8497,рассудите́льнъии
8498,ра́ссудительнамъ
8499,xxx
8500,xxx
8501,xxx
8502,xxx
8503,xxx
8504,xxx
8505,xxx
8506,xxx
8507,xxx
8508,xxx
8509,xxx
8510,xxx
8511,xxx
8512,xxx
8513,xxx
8514,xxx
8515,xxx
8516,xxx
8517,xxx
8518,xxx
8519,xxx
8520,xxx
8521,ре́внивъыи
8522,ре́внивѣ
8523,ре́вниви
8524,ре́внивамъии
8525,ре́внивѣхъии
8526,xxx
8527,xxx
8528,xxx
8529,xxx
8530,xxx
8531,xxx
8532,xxx
8533,xxx
8534,xxx
8535,xxx
8536,xxx
8537,xxx
8538,xxx
8539,рѣ́дькъ
8540,рѣ́дьцаыи
8541,рѣ́дьцѣ
8542,рѣ́дьци
8543,рѣ́дьциии
8544,рѣ́дьцъ
8545,рѣ́дькъ
8546,рѣ́дьциии
8547,xxx
8548,xxx
8549,xxx
8550,xxx
8551,xxx
8552,xxx
8553,xxx
8554,xxx
8555,xxx
8556,xxx
8557,xxx
8558,xxx
8559,xxx
8560,xxx
8561,xxx
8562,xxx
8563,ре́зьца
8564,ре́зькиии
8565,ре́зькы
8566,ре́зьцѣхъ
8567,xxx
8568,xxx
8569,xxx
8570,xxx
8571,ре́зультативнуыи
8572,ре́зультативнъии
8573,ре́зультативныии
8574,ре́йтингавъыи
8575,ре́йтингаваыи
8576,ре́йтингавъыи
8577,рейтинго́вамь
8578,ре́йтингавѣыи
8579,ре́йтингави
8580,ре́йтингавъии
8581,ре́йтингавамъ
8582,ре́йтингавамъ
8583,ре́йтингавыии
8584,xxx
8585,xxx
8586,xxx
8587,xxx
8588,xxx
8589,xxx
8590,xxx
8591,xxx
8592,xxx
8593,xxx
8594,xxx
8595,xxx
8596,xxx
8597,xxx
8598,xxx
8599,xxx
8600,xxx
8601,xxx
8602,xxx
8603,xxx
8604,xxx
8605,ре́сурсна
8606,ресу́рснамь
8607,ресурснѣ́
8608,ресу́рснъ
8609,ресурсны́ии
8610,ресурсны́ии
8611,xxx
8612,xxx
8613,xxx
8614,xxx
8615,xxx
8616,рѣ́шитильна
8617,рѣ́шитильну
8618,рѣ́шитѣльнуыи
8619,рѣ́шитильниыи
8620,рѣ́шитильныии
8621,рѣ́шитильнихъ
8622,xxx
8623,xxx
8624,ри́туальнаыи
8625,ри́туальну
8626,ри́туальнъыи
8627,ри́туальни
8628,ри́туальнъии
8629,ри́туальны
8630,ри́туальнѣхъ
8631,ри́туальнихъ
8632,ри́туальнѣхъии
8633,ри́туальнихъии
8634,ро́бькуыи
8635,ро́бьцѣ
8636,ро́бьцѣыи
8637,ро́бькъ
8638,ро́бьци
8639,ро́бьцѣхъии
8640,xxx
8641,xxx
8642,ро́дительнъыи
8643,ро́дительну
8644,ро́дительныии
8645,ро́дительны
8646,ро́давита
8647,ро́давита
8648,ро́давитаыи
8649,ро́давиту
8650,ро́давитуыи
8651,радави́т
8652,ро́давитамь
8653,ро́давити
8654,ро́давитиии
8655,ро́давитъии
8656,ро́давитамъ
8657,xxx
8658,xxx
8659,xxx
8660,xxx
8661,xxx
8662,xxx
8663,xxx
8664,xxx
8665,xxx
8666,xxx
8667,xxx
8668,xxx
8669,xxx
8670,xxx
8671,xxx
8672,xxx
8673,xxx
8674,xxx
8675,xxx
8676,xxx
8677,xxx
8678,xxx
8679,xxx
8680,xxx
8681,xxx
8682,xxx
8683,xxx
8684,xxx
8685,xxx
8686,xxx
8687,xxx
8688,русскаязы́чнъ
8689,русскаязычна́ыи
8690,русскаязычно́мь
8691,русскаязы́чнъ
8692,русскаязычны́
8693,русскаязычнѣ́хъ
8694,русскаязычнѣ́хъии
8695,xxx
8696,xxx
8697,xxx
8698,xxx
8699,xxx
8700,рья́наыи
8701,рья́ну
8702,рья́ну
8703,рья́намь
8704,рья́ни
8705,рья́ниыи
8706,рья́ниии
8707,рья́н
8708,рья́намъ
8709,рья́ны
8710,xxx
8711,xxx
8712,xxx
8713,xxx
8714,xxx
8715,xxx
8716,xxx
8717,xxx
8718,xxx
8719,xxx
8720,xxx
8721,xxx
8722,xxx
8723,xxx
8724,xxx
8725,xxx
8726,xxx
8727,xxx
8728,xxx
8729,xxx
8730,xxx
8731,xxx
8732,xxx
8733,xxx
8734,xxx
8735,xxx
8736,xxx
8737,xxx
8738,xxx
8739,xxx
8740,xxx
8741,xxx
8742,xxx
8743,xxx
8744,xxx
8745,xxx
8746,xxx
8747,xxx
8748,xxx
8749,xxx
8750,xxx
8751,xxx
8752,xxx
8753,xxx
8754,xxx
8755,xxx
8756,xxx
8757,xxx
8758,xxx
8759,xxx
8760,xxx
8761,xxx
8762,xxx
8763,xxx
8764,xxx
8765,xxx
8766,xxx
8767,xxx
8768,xxx
8769,сби́ту
8770,сби́тамьыи
8771,сби́тамьыи
8772,сби́тѣ
8773,сби́тамъ
8774,сби́ты
8775,сби́тихъии
8776,сведу́щу
8777,сведу́щуыи
8778,сведу́щъыи
8779,сведу́щамьыи
8780,сведу́щи
8781,сведу́щиии
8782,све́дущамъии
8783,сведу́щы
8784,сведу́щыии
8785,xxx
8786,xxx
8787,xxx
8788,xxx
8789,xxx
8790,xxx
8791,xxx
8792,xxx
8793,сво́еабразнаыи
8794,сво́еабразну
8795,сво́еабразнуыи
8796,сво́еабразнъыи
8797,сво́еабразнѣ
8798,сво́еабразнѣ
8799,сво́еабразни
8800,сво́еабразниии
8801,сво́еабразны
8802,сво́еабразнѣхъ
8803,xxx
8804,xxx
8805,xxx
8806,xxx
8807,xxx
8808,xxx
8809,xxx
8810,xxx
8811,xxx
8812,xxx
8813,xxx
8814,xxx
8815,xxx
8816,xxx
8817,xxx
8818,xxx
8819,xxx
8820,xxx
8821,xxx
8822,xxx
8823,xxx
8824,xxx
8825,xxx
8826,xxx
8827,xxx
8828,xxx
8829,xxx
8830,xxx
8831,xxx
8832,xxx
8833,xxx
8834,xxx
8835,се́рдитъыи
8836,серди́т
8837,се́рдитѣыи
8838,се́рдити
8839,се́рдитамъ
8840,се́рдиты
8841,xxx
8842,xxx
8843,xxx
8844,xxx
8845,xxx
8846,xxx
8847,сжа́туыи
8848,сжа́тъыи
8849,сжа́тъыи
8850,сжа́тѣыи
8851,сжа́т
8852,сжа́тъии
8853,сжа́тыии
8854,сжа́ты
8855,xxx
8856,си́зъыи
8857,си́зѣ
8858,си́зи
8859,си́зиии
8860,си́замъии
8861,xxx
8862,xxx
8863,xxx
8864,си́мвалична
8865,си́мваличнаыи
8866,симвали́чнъ
8867,си́мваличнамьыи
8868,си́мваличнамъ
8869,си́мваличнамъии
8870,си́ммитрична
8871,си́ммѣтричнѣ
8872,си́ммѣтричнамъии
8873,си́ммѣтричнѣхъии
8874,си́мпатичниии
8875,си́мпатичнамъии
8876,xxx
8877,xxx
8878,xxx
8879,xxx
8880,xxx
8881,xxx
8882,xxx
8883,xxx
8884,xxx
8885,xxx
8886,xxx
8887,xxx
8888,xxx
8889,xxx
8890,xxx
8891,xxx
8892,xxx
8893,xxx
8894,xxx
8895,xxx
8896,xxx
8897,xxx
8898,xxx
8899,xxx
8900,xxx
8901,xxx
8902,xxx
8903,xxx
8904,xxx
8905,xxx
8906,xxx
8907,xxx
8908,xxx
8909,xxx
8910,xxx
8911,xxx
8912,xxx
8913,xxx
8914,xxx
8915,xxx
8916,xxx
8917,xxx
8918,xxx
8919,скла́днъыи
8920,скла́днаыи
8921,скла́днъ
8922,скла́днъыи
8923,скла́днъ
8924,скла́днъии
8925,скла́днамъии
8926,xxx
8927,xxx
8928,xxx
8929,xxx
8930,xxx
8931,xxx
8932,xxx
8933,xxx
8934,ско́льзьца
8935,ско́льзькаыи
8936,ско́льзькъ
8937,ско́льзьци
8938,ско́льзькиии
8939,ско́льзькъии
8940,ско́льзькамъ
8941,ско́льзьци
8942,xxx
8943,xxx
8944,xxx
8945,xxx
8946,xxx
8947,xxx
8948,скри́пучу
8949,скрипу́ч
8950,xxx
8951,xxx
8952,xxx
8953,xxx
8954,xxx
8955,xxx
8956,xxx
8957,xxx
8958,xxx
8959,скры́тамьыи
8960,скры́т
8961,скры́тъии
8962,скры́тамъии
8963,скры́ты
8964,скры́ты
8965,xxx
8966,xxx
8967,xxx
8968,xxx
8969,xxx
8970,скуласътъы́и
8971,ску́ласъти
8972,скуласъто́мъ
8973,скуласъты́ии
8974,скуласъты́
8975,ску́ласътихъии
8976,xxx
8977,xxx
8978,xxx
8979,xxx
8980,xxx
8981,xxx
8982,ску́п
8983,ску́пи
8984,ску́пиии
8985,ску́п
8986,ску́памъии
8987,ску́пыии
8988,xxx
8989,xxx
8990,xxx
8991,xxx
8992,xxx
8993,сла́ба
8994,сла́ба
8995,сла́бамь
8996,сла́бамь
8997,сла́бѣ
8998,сла́би
8999,сла́бѣыи
9000,сла́бѣыи
9001,сла́бъии
9002,сла́бъии
9003,сла́бы
9004,сла́бы
9005,сла́внъ
9006,сла́вни
9007,сла́вни
9008,сла́внъии
9009,сла́внъии
9010,сла́вныии
9011,сла́вны
9012,сла́вны
9013,сла́внѣхъ
9014,сла́внѣхъии
9015,xxx
9016,xxx
9017,xxx
9018,xxx
9019,xxx
9020,xxx
9021,xxx
9022,xxx
9023,xxx
9024,xxx
9025,xxx
9026,xxx
9027,xxx
9028,xxx
9029,xxx
9030,xxx
9031,xxx
9032,xxx
9033,xxx
9034,xxx
9035,xxx
9036,xxx
9037,xxx
9038,xxx
9039,xxx
9040,xxx
9041,xxx
9042,xxx
9043,xxx
9044,xxx
9045,xxx
9046,xxx
9047,xxx
9048,xxx
9049,xxx
9050,xxx
9051,xxx
9052,xxx
9053,xxx
9054,xxx
9055,xxx
9056,xxx
9057,xxx
9058,xxx
9059,xxx
9060,xxx
9061,xxx
9062,xxx
9063,xxx
9064,xxx
9065,xxx
9066,xxx
9067,xxx
9068,xxx
9069,xxx
9070,xxx
9071,xxx
9072,xxx
9073,xxx
9074,xxx
9075,xxx
9076,xxx
9077,xxx
9078,xxx
9079,xxx
9080,xxx
9081,xxx
9082,xxx
9083,xxx
9084,xxx
9085,xxx
9086,xxx
9087,xxx
9088,xxx
9089,xxx
9090,xxx
9091,xxx
9092,xxx
9093,xxx
9094,xxx
9095,xxx
9096,xxx
9097,xxx
9098,xxx
9099,xxx
9100,xxx
9101,xxx
9102,xxx
9103,xxx
9104,xxx
9105,xxx
9106,xxx
9107,xxx
9108,xxx
9109,xxx
9110,xxx
9111,xxx
9112,сно́гсшибатѣльнъыи
9113,сно́гсшибатильнамь
9114,сно́гсшибатильнамьыи
9115,сно́гсшибатѣльнѣыи
9116,сно́гсшибатѣльнамъ
9117,сно́гсшибатильнамъ
9118,сно́гсшибатильны
9119,xxx
9120,xxx
9121,xxx
9122,xxx
9123,xxx
9124,xxx
9125,xxx
9126,xxx
9127,xxx
9128,xxx
9129,сабственнаручну́
9130,сабственнаручно́мьыи
9131,сабственнаручнѣ́ыи
9132,сабственнаручны́
9133,сабственнаручны́
9134,xxx
9135,xxx
9136,xxx
9137,xxx
9138,xxx
9139,xxx
9140,xxx
9141,xxx
9142,xxx
9143,xxx
9144,xxx
9145,xxx
9146,xxx
9147,xxx
9148,xxx
9149,xxx
9150,xxx
9151,xxx
9152,xxx
9153,xxx
9154,xxx
9155,xxx
9156,сагну́т
9157,со́гнута
9158,со́гнутамь
9159,со́гнутиии
9160,со́гнуты
9161,со́гнутыии
9162,xxx
9163,xxx
9164,xxx
9165,xxx
9166,xxx
9167,xxx
9168,xxx
9169,xxx
9170,xxx
9171,xxx
9172,xxx
9173,xxx
9174,xxx
9175,сазидатѣ́льнъ
9176,со́зидатѣльнъыи
9177,со́зидатильнъыи
9178,со́зидатѣльнамьыи
9179,со́зидатѣльни
9180,со́зидатѣльнамъии
9181,со́зидатѣльнѣхъ
9182,со́зидатѣльнѣхъии
9183,со́зидатѣльнѣхъии
9184,xxx
9185,xxx
9186,xxx
9187,xxx
9188,xxx
9189,xxx
9190,xxx
9191,xxx
9192,xxx
9193,со́крушительну
9194,со́крушительнамь
9195,со́крушительнамьыи
9196,со́крушительнѣ
9197,со́крушительнѣ
9198,со́крушительни
9199,со́крушительнамъии
9200,со́крушительныии
9201,со́крушительны
9202,xxx
9203,xxx
9204,xxx
9205,xxx
9206,xxx
9207,xxx
9208,xxx
9209,xxx
9210,xxx
9211,xxx
9212,xxx
9213,xxx
9214,xxx
9215,xxx
9216,xxx
9217,xxx
9218,xxx
9219,xxx
9220,xxx
9221,xxx
9222,xxx
9223,xxx
9224,xxx
9225,xxx
9226,xxx
9227,xxx
9228,xxx
9229,xxx
9230,xxx
9231,xxx
9232,xxx
9233,xxx
9234,xxx
9235,xxx
9236,xxx
9237,xxx
9238,xxx
9239,xxx
9240,xxx
9241,xxx
9242,саабразите́льнъ
9243,саабразите́льнъ
9244,со́абразительна
9245,со́абразительнуыи
9246,со́абразительни
9247,со́абразительнъии
9248,со́абразительнъии
9249,со́абразительны
9250,со́абразительныии
9251,xxx
9252,xxx
9253,xxx
9254,xxx
9255,xxx
9256,xxx
9257,xxx
9258,xxx
9259,xxx
9260,xxx
9261,xxx
9262,xxx
9263,xxx
9264,xxx
9265,xxx
9266,xxx
9267,xxx
9268,xxx
9269,xxx
9270,xxx
9271,xxx
9272,xxx
9273,xxx
9274,xxx
9275,xxx
9276,xxx
9277,xxx
9278,xxx
9279,xxx
9280,xxx
9281,xxx
9282,xxx
9283,xxx
9284,xxx
9285,xxx
9286,xxx
9287,xxx
9288,xxx
9289,xxx
9290,xxx
9291,xxx
9292,xxx
9293,xxx
9294,xxx
9295,xxx
9296,xxx
9297,xxx
9298,xxx
9299,xxx
9300,спе́та
9301,спе́таыи
9302,спе́туыи
9303,спе́тамь
9304,спе́тамь
9305,спе́ти
9306,спе́тѣыи
9307,спе́ти
9308,спе́т
9309,спе́тихъии
9310,xxx
9311,xxx
9312,xxx
9313,xxx
9314,xxx
9315,xxx
9316,xxx
9317,спѣ́цифичнамь
9318,спѣ́цифичниыи
9319,спѣцифични́ии
9320,спѣцифични́ии
9321,спѣ́цифичныии
9322,спѣ́цифичны
9323,спѣцифичнѣ́хъ
9324,xxx
9325,xxx
9326,xxx
9327,спё́ртъыи
9328,спё́рту
9329,спё́рту
9330,спё́ртыии
9331,xxx
9332,xxx
9333,xxx
9334,xxx
9335,xxx
9336,xxx
9337,xxx
9338,xxx
9339,xxx
9340,xxx
9341,xxx
9342,xxx
9343,xxx
9344,xxx
9345,xxx
9346,xxx
9347,xxx
9348,xxx
9349,xxx
9350,xxx
9351,xxx
9352,xxx
9353,xxx
9354,xxx
9355,xxx
9356,xxx
9357,xxx
9358,xxx
9359,xxx
9360,xxx
9361,xxx
9362,xxx
9363,xxx
9364,xxx
9365,xxx
9366,xxx
9367,xxx
9368,xxx
9369,xxx
9370,xxx
9371,xxx
9372,xxx
9373,xxx
9374,xxx
9375,xxx
9376,xxx
9377,xxx
9378,xxx
9379,ста́тна
9380,ста́тнаыи
9381,ста́тниии
9382,ста́тнъии
9383,ста́тныии
9384,ста́тны
9385,ста́тныии
9386,xxx
9387,xxx
9388,xxx
9389,xxx
9390,xxx
9391,xxx
9392,xxx
9393,xxx
9394,xxx
9395,xxx
9396,xxx
9397,xxx
9398,xxx
9399,xxx
9400,xxx
9401,xxx
9402,xxx
9403,xxx
9404,xxx
9405,сто́йьцаыи
9406,сто́йькъ
9407,сто́йьцамь
9408,сто́йьцѣ
9409,сто́йькиыи
9410,сто́йьки
9411,сто́йькамъии
9412,сто́йьциии
9413,сто́йьциии
9414,xxx
9415,xxx
9416,xxx
9417,xxx
9418,xxx
9419,xxx
9420,xxx
9421,xxx
9422,xxx
9423,xxx
9424,xxx
9425,xxx
9426,xxx
9427,xxx
9428,xxx
9429,xxx
9430,xxx
9431,xxx
9432,xxx
9433,xxx
9434,xxx
9435,xxx
9436,xxx
9437,xxx
9438,стра́нна
9439,стра́нни
9440,стра́ннъ
9441,стра́ннѣхъ
9442,стра́стнъ
9443,стра́стнъыи
9444,стра́стнъыи
9445,стра́стнъыи
9446,стра́стна
9447,стра́стнъ
9448,стра́стнамь
9449,стра́стнѣыи
9450,стра́стнамъ
9451,стра́стны
9452,стра́стны
9453,стра́стныии
9454,стра́стнѣхъ
9455,стра́шнамьыи
9456,стра́шни
9457,стра́шнѣыи
9458,xxx
9459,xxx
9460,стремни́сътъ
9461,стре́мнисътъыи
9462,стре́мнисъту
9463,стре́мнисътъыи
9464,стре́мнисътамъии
9465,xxx
9466,xxx
9467,xxx
9468,xxx
9469,xxx
9470,xxx
9471,xxx
9472,xxx
9473,xxx
9474,xxx
9475,xxx
9476,xxx
9477,xxx
9478,xxx
9479,xxx
9480,xxx
9481,xxx
9482,xxx
9483,xxx
9484,xxx
9485,xxx
9486,xxx
9487,xxx
9488,xxx
9489,xxx
9490,xxx
9491,xxx
9492,xxx
9493,xxx
9494,субъективнъы́и
9495,субъекти́вна
9496,субъекти́вна
9497,субъективну́ыи
9498,субъекти́внъ
9499,су́бъективнъыи
9500,субъективнѣ́
9501,субъекти́внъ
9502,субъекти́внъии
9503,субъекти́вны
9504,xxx
9505,xxx
9506,xxx
9507,xxx
9508,xxx
9509,xxx
9510,xxx
9511,xxx
9512,xxx
9513,xxx
9514,xxx
9515,xxx
9516,xxx
9517,xxx
9518,су́етливуыи
9519,суетли́в
9520,су́етливъыи
9521,су́етливъии
9522,су́етливамъии
9523,су́етливы
9524,xxx
9525,xxx
9526,xxx
9527,xxx
9528,xxx
9529,xxx
9530,xxx
9531,xxx
9532,су́мкаабразна
9533,су́мкаабразнамь
9534,су́мкаабразни
9535,сумкаабра́знъ
9536,су́мкаабразныии
9537,су́мкаабразнѣхъии
9538,xxx
9539,xxx
9540,xxx
9541,xxx
9542,xxx
9543,xxx
9544,xxx
9545,xxx
9546,xxx
9547,xxx
9548,xxx
9549,xxx
9550,xxx
9551,xxx
9552,xxx
9553,xxx
9554,xxx
9555,xxx
9556,xxx
9557,xxx
9558,xxx
9559,xxx
9560,xxx
9561,xxx
9562,су́хапутнаыи
9563,су́хапутни
9564,су́хапутниии
9565,су́хапутнъии
9566,су́хапутнамъии
9567,су́хапутныии
9568,су́хапутны
9569,су́хапутнѣхъ
9570,xxx
9571,xxx
9572,су́хащава
9573,су́хащаву
9574,су́хащавамь
9575,су́хащавиии
9576,су́хащавъии
9577,xxx
9578,xxx
9579,xxx
9580,xxx
9581,xxx
9582,xxx
9583,xxx
9584,xxx
9585,xxx
9586,xxx
9587,xxx
9588,су́щ
9589,су́щ
9590,су́щу
9591,су́щамъии
9592,су́щы
9593,су́щы
9594,xxx
9595,xxx
9596,xxx
9597,xxx
9598,xxx
9599,xxx
9600,xxx
9601,xxx
9602,xxx
9603,xxx
9604,xxx
9605,xxx
9606,xxx
9607,xxx
9608,xxx
9609,xxx
9610,xxx
9611,xxx
9612,xxx
9613,xxx
9614,xxx
9615,xxx
9616,xxx
9617,xxx
9618,xxx
9619,xxx
9620,xxx
9621,xxx
9622,xxx
9623,xxx
9624,xxx
9625,xxx
9626,xxx
9627,xxx
9628,xxx
9629,сы́т
9630,сы́тъыи
9631,сы́таыи
9632,сы́тамьыи
9633,сы́тиыи
9634,сы́т
9635,сы́тамъии
9636,сы́тыии
9637,сы́тыии
9638,xxx
9639,xxx
9640,xxx
9641,xxx
9642,xxx
9643,xxx
9644,xxx
9645,xxx
9646,xxx
9647,xxx
9648,та́йнъыи
9649,та́йнъыи
9650,та́йну
9651,та́йнамь
9652,та́йнамьыи
9653,та́йнѣ
9654,та́йниии
9655,та́йнъии
9656,xxx
9657,xxx
9658,xxx
9659,xxx
9660,та́ктнъыи
9661,та́ктну
9662,та́ктнуыи
9663,та́ктнъыи
9664,та́ктнъыи
9665,та́ктнамъ
9666,та́ктны
9667,та́ктныии
9668,та́ктнѣхъ
9669,xxx
9670,xxx
9671,xxx
9672,xxx
9673,xxx
9674,xxx
9675,xxx
9676,xxx
9677,те́кучъыи
9678,те́кучъыи
9679,те́куча
9680,те́кучамь
9681,те́кучи
9682,те́кучиии
9683,те́кучъии
9684,те́кучы
9685,xxx
9686,xxx
9687,xxx
9688,xxx
9689,xxx
9690,xxx
9691,xxx
9692,xxx
9693,xxx
9694,xxx
9695,xxx
9696,темнава́т
9697,те́мнавата
9698,те́мнаватъыи
9699,те́мнаватамьыи
9700,те́мнаватѣ
9701,те́мнавати
9702,те́мнаватѣыи
9703,те́мнавати
9704,те́мнаватъии
9705,те́мнаватамъии
9706,те́мнаваты
9707,те́мнаватыии
9708,xxx
9709,xxx
9710,xxx
9711,xxx
9712,xxx
9713,те́нисътъыи
9714,те́нисътъыи
9715,те́нисътѣ
9716,те́нисътъии
9717,те́нисътыии
9718,те́нисътихъии
9719,теплаватъы́и
9720,теплаватъы́и
9721,теплавата́ыи
9722,теплавату́
9723,теплавато́мъ
9724,те́плаватамъии
9725,теплаваты́ии
9726,те́плаватѣхъии
9727,xxx
9728,xxx
9729,xxx
9730,xxx
9731,xxx
9732,xxx
9733,xxx
9734,xxx
9735,xxx
9736,те́рпьцаыи
9737,те́рпькуыи
9738,те́рпьцъ
9739,те́рпькъ
9740,те́рпькамъ
9741,те́рпьцамъии
9742,те́рпькы
9743,те́рпькихъии
9744,тѣ́снаватъыи
9745,тѣ́снаватамь
9746,тѣ́снаватамъ
9747,тѣ́снаватамъии
9748,тѣ́снаваты
9749,тѣ́снаваты
9750,xxx
9751,xxx
9752,xxx
9753,xxx
9754,xxx
9755,xxx
9756,xxx
9757,xxx
9758,xxx
9759,xxx
9760,xxx
9761,xxx
9762,xxx
9763,xxx
9764,xxx
9765,xxx
9766,тё́мна-рыжъыи
9767,тёмна-ры́жа
9768,тёмна-ры́жамь
9769,тё́мна-рыжѣыи
9770,тё́мна-рыжи
9771,тё́мна-рыжамъ
9772,тёмна-рыжи́ии
9773,xxx
9774,xxx
9775,xxx
9776,тёмнафиалето́ва
9777,тёмнафиалето́ваыи
9778,тёмнафиалето́ваыи
9779,тё́мнафиалетаву
9780,тё́мнафиалетавуыи
9781,тё́мнафиалетави
9782,тёмнафиалето́вамъ
9783,тёмнафиалето́вамъ
9784,тё́мнафиалетавыии
9785,тё́мнафиалетавы
9786,xxx
9787,xxx
9788,xxx
9789,xxx
9790,xxx
9791,xxx
9792,xxx
9793,xxx
9794,xxx
9795,xxx
9796,xxx
9797,xxx
9798,xxx
9799,xxx
9800,xxx
9801,xxx
9802,xxx
9803,xxx
9804,xxx
9805,xxx
9806,xxx
9807,xxx
9808,xxx
9809,xxx
9810,xxx
9811,xxx
9812,xxx
9813,xxx
9814,xxx
9815,xxx
9816,xxx
9817,xxx
9818,xxx
9819,xxx
9820,xxx
9821,xxx
9822,xxx
9823,xxx
9824,xxx
9825,то́лсътаыи
9826,то́лсъту
9827,то́лсътамь
9828,то́лсътамьыи
9829,то́лсътиии
9830,то́лсътамъ
9831,то́лсъты
9832,то́лсътыии
9833,то́лсътыии
9834,xxx
9835,xxx
9836,xxx
9837,xxx
9838,xxx
9839,xxx
9840,xxx
9841,xxx
9842,xxx
9843,xxx
9844,xxx
9845,xxx
9846,xxx
9847,xxx
9848,xxx
9849,xxx
9850,xxx
9851,xxx
9852,xxx
9853,xxx
9854,xxx
9855,xxx
9856,xxx
9857,xxx
9858,xxx
9859,xxx
9860,xxx
9861,xxx
9862,xxx
9863,xxx
9864,xxx
9865,xxx
9866,xxx
9867,xxx
9868,xxx
9869,xxx
9870,xxx
9871,xxx
9872,xxx
9873,xxx
9874,xxx
9875,традицио́ннъ
9876,тра́дицианнуыи
9877,традицио́ннъ
9878,тра́дицианнамь
9879,тра́дицианниии
9880,тра́дицианны
9881,тра́дицианнѣхъии
9882,xxx
9883,xxx
9884,xxx
9885,xxx
9886,xxx
9887,xxx
9888,xxx
9889,xxx
9890,xxx
9891,xxx
9892,xxx
9893,xxx
9894,xxx
9895,xxx
9896,xxx
9897,xxx
9898,xxx
9899,xxx
9900,xxx
9901,xxx
9902,xxx
9903,xxx
9904,xxx
9905,xxx
9906,xxx
9907,xxx
9908,xxx
9909,xxx
9910,xxx
9911,xxx
9912,xxx
9913,xxx
9914,xxx
9915,xxx
9916,xxx
9917,xxx
9918,xxx
9919,xxx
9920,xxx
9921,xxx
9922,xxx
9923,xxx
9924,тро́нутуыи
9925,тро́нутѣыи
9926,тро́нутиыи
9927,тро́нути
9928,тро́нути
9929,тро́нутъии
9930,тро́нутамъии
9931,тро́нутамъии
9932,xxx
9933,xxx
9934,xxx
9935,xxx
9936,xxx
9937,xxx
9938,тру́бчатъыи
9939,тру́бчатаыи
9940,трубча́т
9941,трубча́т
9942,тру́бчатамьыи
9943,тру́бчатѣыи
9944,тру́бчати
9945,тру́бчатиии
9946,трубча́т
9947,тру́бчатамъ
9948,тру́бчатамъии
9949,тру́бчатыии
9950,тру́бчаты
9951,труднадаступна́
9952,труднадасту́пнъ
9953,труднадаступни́ии
9954,xxx
9955,xxx
9956,xxx
9957,xxx
9958,xxx
9959,xxx
9960,xxx
9961,xxx
9962,xxx
9963,xxx
9964,xxx
9965,xxx
9966,xxx
9967,xxx
9968,xxx
9969,xxx
9970,xxx
9971,xxx
9972,xxx
9973,xxx
9974,xxx
9975,xxx
9976,xxx
9977,xxx
9978,xxx
9979,xxx
9980,xxx
9981,xxx
9982,xxx
9983,xxx
9984,xxx
9985,xxx
9986,xxx
9987,xxx
9988,xxx
9989,xxx
9990,xxx
9991,xxx
9992,xxx
9993,тягу́ч
9994,тя́гучѣыи
9995,тя́гучи
9996,тягу́ч
9997,тя́гучыии
9998,тя́гучы
9999,тя́гучѣхъии
10000,xxx
10001,xxx
10002,xxx
10003,xxx
10004,xxx
10005,xxx
10006,xxx
10007,xxx
10008,xxx
10009,xxx
10010,xxx
10011,xxx
10012,xxx
10013,уважае́м
10014,уважаема́
10015,уважаема́ыи
10016,уважаема́ыи
10017,уважаема́ыи
10018,уважаемъы́и
10019,уважаеми́ии
10020,уважаемъи́и
10021,уважаемѣ́хъии
10022,xxx
10023,xxx
10024,xxx
10025,xxx
10026,xxx
10027,xxx
10028,xxx
10029,xxx
10030,xxx
10031,увлекательна́ыи
10032,у́влекательну
10033,у́влекательнъыи
10034,увлекате́льнамь
10035,увлекате́льнъ
10036,у́влекательнамъ
10037,у́влекательнамъии
10038,у́влекательны
10039,у́влекательныии
10040,xxx
10041,xxx
10042,xxx
10043,xxx
10044,xxx
10045,xxx
10046,у́глублённаыи
10047,у́глублённамь
10048,у́глублённамьыи
10049,у́глублённи
10050,у́глублённиыи
10051,у́глублённи
10052,у́глублённиии
10053,у́глублённихъии
10054,xxx
10055,xxx
10056,xxx
10057,xxx
10058,xxx
10059,xxx
10060,xxx
10061,удачлива́
10062,удачливо́мьыи
10063,удачли́в
10064,удачливъи́и
10065,удачливы́ии
10066,xxx
10067,xxx
10068,xxx
10069,xxx
10070,xxx
10071,xxx
10072,xxx
10073,xxx
10074,xxx
10075,xxx
10076,xxx
10077,xxx
10078,xxx
10079,xxx
10080,xxx
10081,xxx
10082,xxx
10083,удабавари́м
10084,удабавари́ма
10085,удабаварима́ыи
10086,удабаваримъы́и
10087,у́дабаварими
10088,удабаваримъи́и
10089,удабаваримо́мъ
10090,удабаваримо́мъии
10091,удабаваримы́ии
10092,удабаваримы́ии
10093,удабаваримѣ́хъ
10094,xxx
10095,xxx
10096,xxx
10097,xxx
10098,xxx
10099,xxx
10100,xxx
10101,xxx
10102,xxx
10103,xxx
10104,xxx
10105,xxx
10106,у́зьца
10107,у́зьцаыи
10108,у́зьцуыи
10109,у́зьцамьыи
10110,у́зьциии
10111,у́зьцамъии
10112,у́зьциии
10113,у́зькихъ
10114,xxx
10115,xxx
10116,xxx
10117,узнавае́м
10118,узнавае́м
10119,узнаваемъы́и
10120,узнаваема́
10121,узнаваему́
10122,узнаваему́
10123,у́знаваеми
10124,узнаваеми́ии
10125,узнаваемъи́и
10126,узнаваемо́мъ
10127,узнаваемы́ии
10128,узнаваемы́ии
10129,узнаваемѣ́хъ
10130,у́знаваемѣхъии
10131,укланчиву́
10132,у́кланчивъыи
10133,укланчи́вамь
10134,у́кланчиви
10135,укланчиви́ии
10136,укланчиво́мъии
10137,укланчивы́
10138,xxx
10139,xxx
10140,xxx
10141,xxx
10142,xxx
10143,xxx
10144,xxx
10145,xxx
10146,xxx
10147,укратима́ыи
10148,укратиму́
10149,укратимо́мь
10150,укратимѣ́ыи
10151,укратимо́мъии
10152,укратимы́
10153,xxx
10154,xxx
10155,xxx
10156,xxx
10157,xxx
10158,xxx
10159,xxx
10160,xxx
10161,xxx
10162,xxx
10163,xxx
10164,xxx
10165,xxx
10166,xxx
10167,xxx
10168,у́мну
10169,у́мну
10170,у́мнуыи
10171,у́мнъ
10172,у́мнѣ
10173,у́мни
10174,у́мни
10175,у́мниии
10176,у́мнъии
10177,у́мныии
10178,умапамрачитѣ́льнъ
10179,умапамрачитѣльна́ыи
10180,умапамрачитѣ́льнамь
10181,умапамрачитильни́
10182,умапамрачитѣльни́ии
10183,умапамрачитѣ́льнъ
10184,умапамрачитѣльно́мъ
10185,умапамрачитѣльны́
10186,xxx
10187,xxx
10188,xxx
10189,xxx
10190,xxx
10191,xxx
10192,xxx
10193,xxx
10194,xxx
10195,xxx
10196,xxx
10197,xxx
10198,унизите́льнъ
10199,у́низительныии
10200,унизительны́ии
10201,у́низительнѣхъ
10202,уницальна́ыи
10203,у́ницальниии
10204,у́ницальниии
10205,у́ницальны
10206,у́ницальныии
10207,у́ницальныии
10208,у́ницальны
10209,у́ницальнихъ
10210,xxx
10211,xxx
10212,xxx
10213,xxx
10214,xxx
10215,xxx
10216,xxx
10217,xxx
10218,xxx
10219,уса́т
10220,у́сатуыи
10221,у́сатѣыи
10222,у́сатиыи
10223,у́сати
10224,у́сатъии
10225,xxx
10226,xxx
10227,xxx
10228,xxx
10229,xxx
10230,xxx
10231,xxx
10232,xxx
10233,xxx
10234,xxx
10235,xxx
10236,xxx
10237,xxx
10238,xxx
10239,xxx
10240,xxx
10241,xxx
10242,xxx
10243,xxx
10244,xxx
10245,xxx
10246,xxx
10247,xxx
10248,xxx
10249,xxx
10250,утверждаема́
10251,утверждаемѣ́ыи
10252,утверждае́м
10253,утверждаемы́
10254,утверждаемы́
10255,утверждаемы́ии
10256,утверждаемѣ́хъ
10257,утверждаемѣ́хъии
10258,xxx
10259,xxx
10260,xxx
10261,xxx
10262,xxx
10263,xxx
10264,xxx
10265,xxx
10266,xxx
10267,xxx
10268,xxx
10269,xxx
10270,xxx
10271,xxx
10272,xxx
10273,xxx
10274,xxx
10275,xxx
10276,xxx
10277,xxx
10278,xxx
10279,xxx
10280,xxx
10281,xxx
10282,xxx
10283,xxx
10284,уязвимъы́и
10285,уязвимѣ́
10286,уязвимѣ́
10287,уязвимо́мъии
10288,уязвимы́ии
10289,уязвимѣ́хъ
10290,уязвимѣ́хъ
10291,факультати́внъ
10292,факультативнъы́и
10293,факультативна́
10294,факультати́внъ
10295,факультати́внъии
10296,факультативны́ии
10297,факультативнѣ́хъ
10298,факультативнѣ́хъ
10299,xxx
10300,xxx
10301,xxx
10302,xxx
10303,xxx
10304,xxx
10305,xxx
10306,фе́наменальна
10307,фе́наменальнамь
10308,фе́наменальнѣыи
10309,фе́наменальни
10310,фе́наменальны
10311,фе́наменальны
10312,фе́наменальнѣхъ
10313,xxx
10314,xxx
10315,xxx
10316,xxx
10317,xxx
10318,xxx
10319,xxx
10320,xxx
10321,xxx
10322,xxx
10323,фо́тагеничнъыи
10324,фо́тагеничнамьыи
10325,фо́тагеничнѣыи
10326,фо́тагеничниии
10327,фо́тагеничнамъии
10328,фо́тагеничныии
10329,фо́тагеничны
10330,фо́тагеничны
10331,фо́тагеничнѣхъ
10332,фо́тагеничнихъ
10333,xxx
10334,xxx
10335,xxx
10336,xxx
10337,xxx
10338,xxx
10339,xxx
10340,xxx
10341,xxx
10342,xxx
10343,xxx
10344,хво́ра
10345,хво́ра
10346,хво́раыи
10347,хво́р
10348,хво́рамь
10349,хво́рѣ
10350,хво́рѣыи
10351,хво́р
10352,хво́ры
10353,хво́рыии
10354,хво́ры
10355,хи́лу
10356,хи́л
10357,хи́ламь
10358,хи́ламьыи
10359,хи́ламьыи
10360,хи́ли
10361,хи́лиии
10362,хи́лы
10363,хи́лѣхъ
10364,хитрау́мнъ
10365,хитрау́мнъ
10366,хитраумна́ыи
10367,хитраумну́ыи
10368,хи́траумнъыи
10369,хи́траумнамьыи
10370,хи́траумнамъ
10371,хитраумны́ии
10372,хи́траумны
10373,хи́тру
10374,хи́тръ
10375,хи́тръ
10376,хи́трамь
10377,хи́трамъ
10378,хи́тры
10379,хи́трыии
10380,хи́щна
10381,хи́щнаыи
10382,хи́щнуыи
10383,хи́щни
10384,хи́щниыи
10385,хи́щнъ
10386,хи́щны
10387,хи́щныии
10388,хи́щны
10389,хла́днакравнъыи
10390,хла́днакравну
10391,хла́днакравнуыи
10392,хла́днакравни
10393,хладнакро́внъ
10394,хла́днакравнъии
10395,хла́днакравнъии
10396,хла́днакравныии
10397,хла́днакравнихъ
10398,хлё́стькъыи
10399,хлё́стьца
10400,хлё́стьцаыи
10401,хлё́стькаыи
10402,хлё́стьку
10403,хлё́стьцѣыи
10404,xxx
10405,xxx
10406,xxx
10407,xxx
10408,xxx
10409,xxx
10410,xxx
10411,xxx
10412,хму́р
10413,хму́ра
10414,хму́ру
10415,хму́ри
10416,хму́р
10417,xxx
10418,xxx
10419,xxx
10420,хре́стаматийнамьыи
10421,хрестаматийно́мъ
10422,хре́стаматийны
10423,хре́стаматийны
10424,хри́плъ
10425,хри́плу
10426,хри́пламьыи
10427,хри́плѣ
10428,хри́плы
10429,хри́плихъ
10430,хро́м
10431,хро́маыи
10432,хро́м
10433,хро́мамь
10434,хро́мамьыи
10435,хро́ми
10436,хро́мамъ
10437,хро́мамъии
10438,хро́мы
10439,хро́мыии
10440,хру́пька
10441,хру́пькъ
10442,хру́пькамьыи
10443,хру́пьцѣ
10444,хру́пьциии
10445,хру́пьцъии
10446,хру́пькы
10447,хру́пьцѣхъ
10448,xxx
10449,xxx
10450,худащаво́мьыи
10451,худащавѣ́
10452,худаща́ви
10453,худаща́вамъии
10454,худащавы́
10455,худащавы́ии
10456,худащавѣ́хъии
10457,xxx
10458,xxx
10459,xxx
10460,xxx
10461,xxx
10462,xxx
10463,xxx
10464,xxx
10465,xxx
10466,xxx
10467,xxx
10468,xxx
10469,xxx
10470,xxx
10471,xxx
10472,xxx
10473,xxx
10474,xxx
10475,xxx
10476,xxx
10477,xxx
10478,це́лъыи
10479,це́лу
10480,це́л
10481,це́лъыи
10482,це́лиии
10483,це́л
10484,це́ламъ
10485,це́лы
10486,це́лыии
10487,це́лѣхъ
10488,це́лѣхъии
10489,цѣ́льнъ
10490,цѣ́льну
10491,цѣ́льнъ
10492,цѣ́льнъыи
10493,цѣ́льнамь
10494,цѣ́льнъии
10495,цѣ́льнамъии
10496,цѣ́льнѣхъии
10497,xxx
10498,xxx
10499,xxx
10500,xxx
10501,xxx
10502,xxx
10503,xxx
10504,це́ннъ
10505,це́нна
10506,це́ннаыи
10507,це́ннаыи
10508,це́ннѣ
10509,це́нниии
10510,це́ннамъии
10511,це́нны
10512,це́нныии
10513,це́нтрабежнуыи
10514,це́нтрабежнъыи
10515,це́нтрабежнѣыи
10516,це́нтрабежниыи
10517,центрабежно́мъии
10518,центрабежно́мъии
10519,центрабежны́
10520,це́пьцъыи
10521,це́пькаыи
10522,це́пьцамьыи
10523,це́пьци
10524,це́пьки
10525,це́пькиии
10526,це́пьци
10527,це́пькихъии
10528,xxx
10529,xxx
10530,xxx
10531,xxx
10532,xxx
10533,xxx
10534,xxx
10535,xxx
10536,xxx
10537,xxx
10538,xxx
10539,xxx
10540,челаве́чнаыи
10541,че́лавечнамьыи
10542,че́лавечниыи
10543,че́лавечны
10544,xxx
10545,xxx
10546,xxx
10547,xxx
10548,xxx
10549,че́стнаыи
10550,че́стнаыи
10551,че́стнъ
10552,че́стнъыи
10553,че́стнамь
10554,че́стнамьыи
10555,че́стнѣыи
10556,че́стны
10557,че́стны
10558,че́стны
10559,че́стныии
10560,че́стнѣхъии
10561,xxx
10562,xxx
10563,xxx
10564,xxx
10565,xxx
10566,xxx
10567,xxx
10568,чё́тьцу
10569,чё́тьцуыи
10570,чё́тькъыи
10571,чё́тькамь
10572,чё́тькамьыи
10573,чё́тьцѣыи
10574,чё́тьциии
10575,чё́тькыии
10576,чё́тнъыи
10577,чё́тна
10578,чё́тнаыи
10579,чё́тнъыи
10580,чё́тнамь
10581,чё́тнамъии
10582,чё́тны
10583,чё́тнѣхъии
10584,чё́тнѣхъии
10585,чи́ннуыи
10586,чи́ннъ
10587,чи́ннъыи
10588,чи́ннѣ
10589,чи́нниии
10590,чи́ннъ
10591,чи́нныии
10592,xxx
10593,xxx
10594,xxx
10595,xxx
10596,xxx
10597,xxx
10598,xxx
10599,xxx
10600,xxx
10601,xxx
10602,xxx
10603,xxx
10604,xxx
10605,xxx
10606,xxx
10607,xxx
10608,xxx
10609,xxx
10610,xxx
10611,xxx
10612,xxx
10613,xxx
10614,xxx
10615,xxx
10616,xxx
10617,xxx
10618,xxx
10619,xxx
10620,xxx
10621,xxx
10622,xxx
10623,xxx
10624,xxx
10625,xxx
10626,чу́днъ
10627,чу́дна
10628,чу́дну
10629,чу́днуыи
10630,чу́дниыи
10631,чу́днамъ
10632,чу́дны
10633,чу́днѣхъ
10634,чу́днихъии
10635,xxx
10636,xxx
10637,xxx
10638,xxx
10639,xxx
10640,xxx
10641,xxx
10642,широ́к
10643,широ́ка
10644,шираку́
10645,шираку́ыи
10646,ширако́мъ
10647,ширакы́
10648,ширакѣ́хъ
10649,xxx
10650,xxx
10651,шко́льнъ
10652,шко́льнуыи
10653,шко́льнъыи
10654,шко́льнамьыи
10655,шко́льнамьыи
10656,шко́льни
10657,шко́льнѣхъии
10658,шу́мнъыи
10659,шу́мну
10660,шу́мнамь
10661,шу́мнамьыи
10662,шу́мнѣ
10663,шу́мнамъии
10664,шу́мнамъии
10665,шу́мны
10666,шу́мныии
10667,шу́мны
10668,шу́мныии
10669,xxx
10670,xxx
10671,xxx
10672,xxx
10673,xxx
10674,xxx
10675,ще́дръыи
10676,ще́дри
10677,ще́дрыии
10678,xxx
10679,xxx
10680,xxx
10681,xxx
10682,xxx
10683,xxx
10684,xxx
10685,xxx
10686,xxx
10687,э́гаистичнамь
10688,э́гаистичнамьыи
10689,э́гаистични
10690,э́гаистичниыи
10691,э́гаистичнамъ
10692,э́гаистичны
10693,э́гаистичны
10694,э́гаистичны
10695,э́гаистичнѣхъ
10696,э́гаистичнѣхъии
10697,xxx
10698,xxx
10699,xxx
10700,xxx
10701,э́квидистантна
10702,э́квидистантнаыи
10703,э́квидистантнуыи
10704,э́квидистантнъыи
10705,э́квидистантнамь
10706,э́квидистантни
10707,э́квидистантнѣыи
10708,эквидиста́нтнъ
10709,э́квидистантны
10710,э́квидистантнѣхъии
10711,экзистѣнциа́льна
10712,э́кзистинциальну
10713,э́кзистинциальнъыи
10714,экзистѣнциа́льнѣыи
10715,э́кзистѣнциальни
10716,э́кзистѣнциальни
10717,экзистѣнциа́льнъии
10718,э́кзистинциальнамъии
10719,экзистѣнциа́льныии
10720,э́кзистѣнциальнѣхъии
10721,xxx
10722,xxx
10723,xxx
10724,xxx
10725,э́ксклюзивну
10726,э́ксклюзивнамъии
10727,э́ксклюзивнѣхъ
10728,xxx
10729,xxx
10730,xxx
10731,xxx
10732,э́ксплуатацианнъыи
10733,э́ксплуатацианну
10734,э́ксплуатацианнѣ
10735,э́ксплуатацианни
10736,э́ксплуатацианнамъ
10737,э́ксплуатацианныии
10738,xxx
10739,xxx
10740,xxx
10741,xxx
10742,xxx
10743,xxx
10744,xxx
10745,xxx
10746,xxx
10747,xxx
10748,xxx
10749,xxx
10750,xxx
10751,xxx
10752,xxx
10753,xxx
10754,xxx
10755,xxx
10756,xxx
10757,xxx
10758,xxx
10759,xxx
10760,xxx
10761,xxx
10762,э́лементарнуыи
10763,элементарнѣ́
10764,э́лементарниии
10765,э́лементарнамъ
10766,э́лементарны
10767,э́лементарны
10768,xxx
10769,xxx
10770,xxx
10771,xxx
10772,xxx
10773,э́литнъыи
10774,элитна́ыи
10775,элитну́
10776,э́литнамъ
10777,э́литны
10778,э́литныии
10779,элитны́ии
10780,э́малираванна
10781,эмалирава́ннъ
10782,э́малираваннъыи
10783,э́малираваннамьыи
10784,э́малираванни
10785,эмалирава́ннъ
10786,э́малираваннамъии
10787,э́малираванны
10788,э́малираваннихъии
10789,xxx
10790,xxx
10791,xxx
10792,xxx
10793,xxx
10794,xxx
10795,xxx
10796,xxx
10797,xxx
10798,xxx
10799,xxx
10800,xxx
10801,xxx
10802,xxx
10803,xxx
10804,xxx
10805,xxx
10806,xxx
10807,xxx
10808,xxx
10809,xxx
10810,xxx
10811,xxx
10812,xxx
10813,xxx
10814,xxx
10815,xxx
10816,xxx
10817,xxx
10818,xxx
10819,xxx
10820,xxx
10821,xxx
10822,xxx
10823,xxx
10824,ю́нъыи
10825,ю́нѣ
10826,ю́н
10827,ю́нъии
10828,ю́ны
10829,ю́ныии
10830,xxx
10831,xxx
10832,xxx
10833,xxx
10834,я́внъ
10835,я́вну
10836,я́внѣ
10837,я́внѣ
10838,я́внъ
10839,я́внѣхъ
10840,я́внѣхъии
10841,xxx
10842,xxx
10843,xxx
10844,я́давиту
10845,я́давитъыи
10846,я́давитамьыи
10847,я́давитамьыи
10848,я́давитамъии
10849,я́давиты
10850,я́давиты
10851,я́давитихъ
10852,xxx
10853,xxx
10854,xxx
10855,xxx
10856,я́рьцъыи
10857,я́рьцаыи
10858,я́рькаыи
10859,я́рьцъ
10860,я́рьцамьыи
10861,я́рьци
10862,я́рьки
10863,я́рьциии
10864,я́рьцъии
10865,я́рьциии
10866,я́рьцѣхъии
10867,я́сну
10868,я́снъ
10869,я́снъ
10870,я́снъ
10871,я́сныии
10872,я́сны
10873,xxx
10874,xxx
10875,xxx
10876,xxx
10877,xxx
10878,xxx
10879,xxx
10880,xxx
10881,xxx
10882,xxx
10883,xxx
10884,xxx
10885,xxx
10886,xxx
10887,xxx
10888,xxx
10889,xxx
10890,xxx
10891,xxx
10892,xxx
10893,xxx
10894,xxx
10895,xxx
10896,xxx
10897,xxx
10898,xxx
10899,да́вна
10900,да́вна
10901,да́вну
10902,да́внамь
10903,да́внамьыи
10904,да́внамьыи
10905,да́вниии
10906,да́внъии
10907,да́вныии
10908,да́вныии
10909,да́вныии
10910,xxx
10911,xxx
10912,xxx
10913,xxx
10914,xxx
10915,xxx
10916,xxx
10917,xxx
10918,xxx
10919,xxx
10920,xxx
10921,xxx
10922,xxx
10923,xxx
10924,кра́йна
10925,кра́йна
10926,кра́йнъыи
10927,кра́йнѣхъии
10928,xxx
10929,xxx
10930,xxx
10931,xxx
10932,ли́шна
10933,ли́шнъ
10934,ли́шнъыи
10935,ли́шнамь
10936,ли́шнамъ
10937,ли́шны
10938,ли́шныии
10939,ли́шныии
10940,ли́шнѣхъии
10941,xxx
10942,xxx
10943,ни́жну
10944,ни́жнуыи
10945,ни́жнамьыи
10946,ни́жниии
10947,ни́жнъ
10948,xxx
10949,о́бетаванна
10950,о́бетаванну
10951,о́бетаваннуыи
10952,о́бетаваннуыи
10953,о́бетаваннѣ
10954,абетава́ннъ
10955,о́бетаваннамъ
10956,о́бетаванныии
10957,абетаванны́ии
10958,абетаванны́ии
10959,о́бетаваннихъ
10960,xxx
10961,xxx
10962,xxx
10963,xxx
10964,xxx
10965,xxx
10966,xxx
10967,палукру́глъ
10968,палукругли́ии
10969,палукру́глъ
10970,палукругло́мъ
10971,xxx
10972,xxx
10973,xxx
10974,xxx
10975,xxx
10976,xxx
10977,xxx
10978,xxx
10979,xxx
10980,xxx
10981,xxx
10982,xxx
10983,xxx
10984,xxx
10985,xxx
10986,xxx
10987,xxx
10988,xxx
10989,xxx
10990,xxx
10991,xxx
10992,xxx
10993,xxx
10994,xxx
10995,xxx
10996,xxx
10997,xxx
10998,xxx
10999,xxx
11000,xxx
11001,xxx
11002,xxx
11003,xxx
11004,xxx
11005,xxx
11006,xxx
11007,xxx
11008,xxx
11009,xxx
11010,xxx
11011,xxx
11012,xxx
11013,xxx
11014,xxx
11015,xxx
11016,xxx
11017,xxx
11018,чу́днаыи
11019,чу́дну
11020,чу́днамь
11021,чу́дни
11022,чу́днъии
11023,чу́дны
11024,чу́дныии
11025,xxx
11026,xxx
11027,xxx
11028,xxx
11029,xxx
11030,xxx
11031,xxx
11032,xxx
11033,xxx
11034,xxx
11035,xxx
11036,xxx
11037,xxx
11038,xxx
11039,xxx
11040,xxx
11041,xxx
11042,xxx
11043,xxx
11044,xxx
11045,xxx
11046,xxx
11047,xxx
11048,xxx
11049,xxx
11050,xxx
11051,xxx
11052,xxx
11053,xxx
11054,xxx
11055,xxx
11056,абиетино́в
11057,а́биетинавуыи
11058,а́биетинавъыи
11059,а́биетинавъыи
11060,а́биетинавиыи
11061,а́биетинави
11062,а́биетинавѣхъ
11063,а́биетинавѣхъ
11064,xxx
11065,xxx
11066,xxx
11067,xxx
11068,xxx
11069,xxx
11070,xxx
11071,xxx
11072,xxx
11073,xxx
11074,xxx
11075,абалицианистсьца́
11076,абалицианистсьцу́ыи
11077,абалицианистську́ыи
11078,абалицианистсько́мь
11079,абалицианистськѣ́
11080,а́балицианистськиыи
11081,абалициани́стськъ
11082,абалицианистсьци́ии
11083,абалицианистськы́ии
11084,абалицианистськѣ́хъ
11085,xxx
11086,xxx
11087,xxx
11088,xxx
11089,xxx
11090,xxx
11091,xxx
11092,xxx
11093,а́бсалютнийша
11094,а́бсалютнѣйшѣыи
11095,а́бсалютнѣйши
11096,абсалютнѣ́йшъ
11097,а́бсалютнѣйши
11098,а́бсалютнийшии
11099,а́бсалютнѣйшѣхъии
11100,xxx
11101,xxx
11102,xxx
11103,xxx
11104,xxx
11105,xxx
11106,xxx
11107,xxx
11108,абстракциансьца́
11109,абстракциансьцу́
11110,абстракциансьцо́мьыи
11111,абстракциани́сьцъ
11112,абстракциантсько́мъ
11113,xxx
11114,xxx
11115,xxx
11116,xxx
11117,xxx
11118,xxx
11119,xxx
11120,xxx
11121,xxx
11122,xxx
11123,xxx
11124,а́вгуставсьцъыи
11125,а́вгуставсьца
11126,а́вгуставсьциии
11127,а́вгуставсьцъии
11128,а́вгуставськихъии
11129,xxx
11130,xxx
11131,xxx
11132,а́виамаршрутнъыи
11133,авиамаршру́тнъ
11134,авиамаршру́тнъ
11135,а́виамаршрутнъыи
11136,а́виамаршрутниыи
11137,авиамаршру́тнъ
11138,а́виамаршрутнъии
11139,а́виамаршрутнамъии
11140,а́виамаршрутны
11141,а́виамаршрутныии
11142,авиапачто́в
11143,а́виапачтава
11144,авиапачто́в
11145,а́виапачтавиии
11146,а́виапачтавиии
11147,авиапачто́в
11148,а́виапачтавамъ
11149,а́виапачтавамъ
11150,а́виапачтавамъ
11151,а́виапрамавсьцуыи
11152,авиапрамо́всьцъ
11153,а́виапрамавськъыи
11154,а́виапрамавсьцамь
11155,а́виапрамавсьцамьыи
11156,а́виапрамавськамьыи
11157,а́виапрамавсьци
11158,а́виапрамавсьцъии
11159,а́виапрамавсьцамъ
11160,а́виапрамавськамъ
11161,а́виапрамавськыии
11162,авиацианна́ыи
11163,а́виацианнуыи
11164,а́виацианнамьыи
11165,а́виацианнамьыи
11166,а́виацианниии
11167,а́виацианнамъ
11168,австрали́йсьцъ
11169,а́встралийськаыи
11170,а́встралийськъыи
11171,а́встралийсьцамьыи
11172,а́встралийсьцъии
11173,а́встралийськы
11174,а́встралийсьцѣхъ
11175,xxx
11176,xxx
11177,xxx
11178,xxx
11179,xxx
11180,xxx
11181,xxx
11182,xxx
11183,автамаби́льнъ
11184,а́втамабильнъыи
11185,а́втамабильнъыи
11186,а́втамабильнамь
11187,а́втамабильнѣыи
11188,а́втамабильниыи
11189,а́втамабильнамъии
11190,а́втамабильнѣхъ
11191,xxx
11192,xxx
11193,xxx
11194,xxx
11195,xxx
11196,xxx
11197,xxx
11198,xxx
11199,xxx
11200,xxx
11201,xxx
11202,xxx
11203,xxx
11204,xxx
11205,xxx
11206,xxx
11207,xxx
11208,xxx
11209,xxx
11210,администрати́внъ
11211,а́дминистративнъыи
11212,а́дминистративнъыи
11213,а́дминистративнуыи
11214,а́дминистративни
11215,а́дминистративни
11216,а́дминистративнамъии
11217,а́дминистративныии
11218,а́дминистративныии
11219,а́дминистративныии
11220,а́дминистративнѣхъ
11221,а́дминистративнихъии
11222,xxx
11223,xxx
11224,xxx
11225,xxx
11226,xxx
11227,xxx
11228,xxx
11229,xxx
11230,а́дсьца
11231,а́дську
11232,а́дськъ
11233,а́дсьцъыи
11234,а́дсьцамьыи
11235,а́дсьциии
11236,а́дськиии
11237,а́дсьциии
11238,а́дыгейсьца
11239,а́дыгейсьцу
11240,а́дыгейськуыи
11241,адыге́йськъ
11242,а́дыгейськи
11243,адыге́йськъ
11244,а́дыгейськъии
11245,а́дыгейсьцѣхъ
11246,а́дыгейсьцѣхъии
11247,xxx
11248,xxx
11249,xxx
11250,xxx
11251,xxx
11252,xxx
11253,xxx
11254,xxx
11255,xxx
11256,xxx
11257,xxx
11258,xxx
11259,а́йнськъыи
11260,а́йнсьцамь
11261,а́йнськиии
11262,xxx
11263,xxx
11264,xxx
11265,xxx
11266,xxx
11267,xxx
11268,xxx
11269,xxx
11270,xxx
11271,xxx
11272,xxx
11273,xxx
11274,xxx
11275,xxx
11276,xxx
11277,xxx
11278,xxx
11279,xxx
11280,xxx
11281,xxx
11282,xxx
11283,xxx
11284,xxx
11285,xxx
11286,xxx
11287,xxx
11288,xxx
11289,xxx
11290,xxx
11291,а́луыи
11292,а́л
11293,а́л
11294,а́лъыи
11295,а́л
11296,а́ламъии
11297,а́лы
11298,а́лыии
11299,а́лѣхъ
11300,xxx
11301,xxx
11302,xxx
11303,xxx
11304,альтернативнъы́и
11305,альтернативну́ыи
11306,а́льтернативнъыи
11307,альтернативнъи́и
11308,альтернативно́мъ
11309,альтернативны́ии
11310,альтернативны́
11311,альтернативнѣ́хъии
11312,а́мбулатарну
11313,а́мбулатарнуыи
11314,а́мбулатарнамь
11315,а́мбулатарнамьыи
11316,а́мбулатарнѣыи
11317,амбулато́рнъ
11318,а́мбулатарныии
11319,а́мбулатарнѣхъии
11320,а́мбулатарнихъии
11321,xxx
11322,xxx
11323,xxx
11324,аминакисло́тнъ
11325,аминакислатна́ыи
11326,а́минакислатну
11327,а́минакислатнамьыи
11328,а́минакислатнѣыи
11329,а́минакислатны
11330,а́мплитудну
11331,а́мплитуднуыи
11332,а́мплитуднѣ
11333,а́мплитудниыи
11334,а́мплитудни
11335,а́мплитудны
11336,а́мплитуднихъ
11337,xxx
11338,xxx
11339,xxx
11340,xxx
11341,xxx
11342,xxx
11343,xxx
11344,xxx
11345,xxx
11346,xxx
11347,xxx
11348,xxx
11349,xxx
11350,xxx
11351,xxx
11352,xxx
11353,xxx
11354,xxx
11355,xxx
11356,xxx
11357,xxx
11358,xxx
11359,xxx
11360,xxx
11361,xxx
11362,xxx
11363,xxx
11364,xxx
11365,xxx
11366,xxx
11367,xxx
11368,xxx
11369,а́нтарктичѣсьцуыи
11370,а́нтарктичиськуыи
11371,а́нтарктичѣсьцъыи
11372,а́нтарктичѣсьцъыи
11373,а́нтарктичиськамьыи
11374,а́нтарктичѣсьци
11375,а́нтарктичѣсьци
11376,xxx
11377,xxx
11378,xxx
11379,xxx
11380,а́нтибиатичесьцаыи
11381,а́нтибиатичеськаыи
11382,антибиатиче́сьцъ
11383,а́нтибиатичесьци
11384,антибиатичесьци́ии
11385,а́нтибиатичесьцамъии
11386,а́нтибиатичеськы
11387,xxx
11388,xxx
11389,xxx
11390,xxx
11391,xxx
11392,xxx
11393,xxx
11394,xxx
11395,xxx
11396,xxx
11397,xxx
11398,xxx
11399,xxx
11400,а́нтисанитарна
11401,а́нтисанитарнаыи
11402,антисанита́рнъ
11403,а́нтисанитарнамь
11404,а́нтисанитарнѣ
11405,антисанита́рнъ
11406,а́нтисанитарны
11407,а́нтисанитарнѣхъ
11408,xxx
11409,xxx
11410,xxx
11411,xxx
11412,xxx
11413,xxx
11414,xxx
11415,антитерраристичесьца́ыи
11416,антитерраристичеська́ыи
11417,а́нтитерраристичесьцамьыи
11418,а́нтитерраристичесьцамьыи
11419,а́нтитерраристичесьцѣыи
11420,антитерраристичесьци́ии
11421,антитерраристиче́сьцъ
11422,а́нтитерраристичеськамъ
11423,антитрамбацио́тнъ
11424,а́нтитрамбациатнъыи
11425,антитрамбацитну́ыи
11426,антитрамбаци́нтамь
11427,антитрамбациатнѣ́
11428,антитрамбацианнѣ́
11429,а́нтифашистська
11430,а́нтифашистськыии
11431,а́нтифашистсьциии
11432,а́нтифашистсьцѣхъ
11433,а́нтифашистськихъ
11434,а́нтифашистськихъии
11435,а́нтифибриналистичеськъыи
11436,антифибриналистиче́ськъ
11437,антифибриналистиче́сьцамь
11438,антифибриналистичесьцѣ́
11439,а́нтифибриналичесьцѣыи
11440,а́нтифибриналистичесьцамъии
11441,а́нтифибриналистичеськы
11442,xxx
11443,xxx
11444,xxx
11445,xxx
11446,а́пельсинавъыи
11447,а́пельсинава
11448,а́пельсинавуыи
11449,а́пельсинавуыи
11450,а́пельсинавамьыи
11451,а́пельсинавиии
11452,апельсино́в
11453,апельсино́в
11454,а́пельсинавѣхъии
11455,xxx
11456,xxx
11457,xxx
11458,xxx
11459,xxx
11460,xxx
11461,xxx
11462,xxx
11463,xxx
11464,xxx
11465,xxx
11466,xxx
11467,xxx
11468,xxx
11469,xxx
11470,xxx
11471,xxx
11472,xxx
11473,xxx
11474,xxx
11475,xxx
11476,xxx
11477,xxx
11478,xxx
11479,xxx
11480,xxx
11481,xxx
11482,xxx
11483,xxx
11484,xxx
11485,xxx
11486,xxx
11487,xxx
11488,xxx
11489,xxx
11490,xxx
11491,xxx
11492,xxx
11493,xxx
11494,xxx
11495,xxx
11496,xxx
11497,аристакратиче́сьцъ
11498,а́ристакратичесьцъыи
11499,а́ристакратичеськаыи
11500,а́ристакратичеськуыи
11501,аристакратиче́сьцъ
11502,а́ристакратичесьцѣ
11503,а́ристакратичесьцъии
11504,а́ристакратичесьцѣхъии
11505,а́рифметичесьцъыи
11506,а́рифметичесьцамь
11507,а́рифметичесьцѣ
11508,а́рифметичеськи
11509,а́рифметичеськиии
11510,а́рифметичеськы
11511,а́рифметичесьци
11512,а́рифметичесьцѣхъии
11513,а́рифметичесьцѣхъии
11514,арктиче́ськъ
11515,а́рктичесьцъыи
11516,а́рктичеськъыи
11517,а́рктичесьцаыи
11518,а́рктичеськаыи
11519,а́рктичеську
11520,а́рктичесьцамьыи
11521,а́рктичеськамьыи
11522,а́рктичесьцѣ
11523,а́рктичеськи
11524,а́рктичесьцамъ
11525,а́рктичеськы
11526,а́рктичесьцѣхъ
11527,а́рктичеськихъии
11528,xxx
11529,xxx
11530,xxx
11531,xxx
11532,а́ртистичеськамь
11533,а́ртистичеськамьыи
11534,а́ртистичесьци
11535,а́ртистичеськи
11536,а́ртистичесьцамъ
11537,а́ртистичесьци
11538,а́ртистичесьцѣхъ
11539,xxx
11540,xxx
11541,xxx
11542,xxx
11543,xxx
11544,xxx
11545,xxx
11546,xxx
11547,xxx
11548,xxx
11549,xxx
11550,xxx
11551,xxx
11552,xxx
11553,xxx
11554,xxx
11555,xxx
11556,xxx
11557,xxx
11558,xxx
11559,xxx
11560,xxx
11561,xxx
11562,xxx
11563,xxx
11564,xxx
11565,xxx
11566,xxx
11567,xxx
11568,xxx
11569,xxx
11570,астранамичеську́
11571,а́странамичесьци
11572,астранамиче́сьцъ
11573,астранамичесьци́ии
11574,а́странамичеськихъ
11575,а́страфизичесьцъыи
11576,астрафизичесьца́ыи
11577,а́страфизичесьцу
11578,а́страфизичесьцѣыи
11579,а́страфизичеськамъ
11580,а́страфизичеськы
11581,астурийсьца́ыи
11582,астурийсьца́ыи
11583,астурийсьцо́мьыи
11584,астурийсько́мьыи
11585,а́стурийсьцѣыи
11586,а́стурийськъии
11587,а́стурийськы
11588,а́стурийсьцѣхъии
11589,xxx
11590,xxx
11591,xxx
11592,xxx
11593,xxx
11594,а́теистичесьцамьыи
11595,а́теистичесьцѣыи
11596,а́теистичесьци
11597,а́теистичесьцъии
11598,а́теистичесьцамъ
11599,а́теистичесьциии
11600,а́теистичеськы
11601,атлантичѣ́сьцъ
11602,атлантичѣ́сьцъ
11603,а́тлантичиську
11604,атлантичѣ́ськъ
11605,а́тлантичиськамъии
11606,а́тлантичѣсьци
11607,а́тлантичѣсьциии
11608,а́тлантичѣсьциии
11609,xxx
11610,xxx
11611,xxx
11612,xxx
11613,xxx
11614,xxx
11615,xxx
11616,аудиавизуа́льна
11617,а́удиавизуальнамьыи
11618,а́удиавизуальни
11619,а́удиавизуальнамъ
11620,а́удиавизуальны
11621,а́удиавизуальнихъии
11622,а́удитарсьцу
11623,аудито́рсьцамь
11624,аудитарськѣ́
11625,а́удитарсьцамъ
11626,xxx
11627,xxx
11628,xxx
11629,xxx
11630,xxx
11631,xxx
11632,xxx
11633,xxx
11634,xxx
11635,xxx
11636,xxx
11637,xxx
11638,xxx
11639,xxx
11640,xxx
11641,xxx
11642,xxx
11643,xxx
11644,xxx
11645,xxx
11646,xxx
11647,xxx
11648,xxx
11649,xxx
11650,xxx
11651,xxx
11652,xxx
11653,xxx
11654,xxx
11655,xxx
11656,xxx
11657,xxx
11658,xxx
11659,xxx
11660,xxx
11661,ба́б
11662,ба́бъыи
11663,ба́ба
11664,ба́ба
11665,ба́бъыи
11666,ба́быии
11667,ба́бѣхъии
11668,бабушки́н
11669,бабушки́н
11670,ба́бушкинъыи
11671,ба́бушкинъыи
11672,ба́бушкинамь
11673,ба́бушкини
11674,ба́бушкинъии
11675,ба́бушкинѣхъии
11676,xxx
11677,xxx
11678,xxx
11679,xxx
11680,xxx
11681,xxx
11682,xxx
11683,xxx
11684,xxx
11685,xxx
11686,xxx
11687,xxx
11688,xxx
11689,xxx
11690,баклажанава́ыи
11691,баклажано́в
11692,баклажано́вамь
11693,ба́клажанавамьыи
11694,ба́клажанавамьыи
11695,баклажано́в
11696,баклажано́в
11697,xxx
11698,xxx
11699,xxx
11700,xxx
11701,xxx
11702,xxx
11703,xxx
11704,баллистичѣ́ськаыи
11705,баллистичѣ́ськамь
11706,баллистичѣ́ськамьыи
11707,баллистичѣ́сьцѣыи
11708,баллистичѣ́ськиыи
11709,ба́ллистичѣсьцъии
11710,xxx
11711,xxx
11712,xxx
11713,xxx
11714,xxx
11715,xxx
11716,xxx
11717,xxx
11718,xxx
11719,xxx
11720,xxx
11721,xxx
11722,xxx
11723,xxx
11724,xxx
11725,xxx
11726,ба́нна
11727,ба́нну
11728,ба́ннъыи
11729,ба́ннамъ
11730,ба́ннамъии
11731,ба́ннамъии
11732,xxx
11733,xxx
11734,xxx
11735,xxx
11736,xxx
11737,xxx
11738,ба́рсьцъ
11739,ба́рсьцуыи
11740,ба́рсьцъ
11741,ба́рськамь
11742,ба́рськамьыи
11743,xxx
11744,xxx
11745,xxx
11746,xxx
11747,ба́ськуыи
11748,ба́сьцъыи
11749,ба́ськамь
11750,ба́сьцѣ
11751,ба́сьциии
11752,xxx
11753,xxx
11754,xxx
11755,xxx
11756,xxx
11757,xxx
11758,xxx
11759,xxx
11760,xxx
11761,xxx
11762,xxx
11763,xxx
11764,бе́гущаыи
11765,бе́гущаыи
11766,бегу́щ
11767,бегу́щ
11768,бе́гущамъ
11769,бе́гущихъ
11770,бе́днейшаыи
11771,бе́днейшуыи
11772,бедне́йшъ
11773,xxx
11774,xxx
11775,xxx
11776,xxx
11777,xxx
11778,xxx
11779,xxx
11780,xxx
11781,xxx
11782,xxx
11783,xxx
11784,xxx
11785,xxx
11786,xxx
11787,xxx
11788,xxx
11789,xxx
11790,xxx
11791,xxx
11792,xxx
11793,xxx
11794,xxx
11795,xxx
11796,xxx
11797,xxx
11798,xxx
11799,xxx
11800,xxx
11801,xxx
11802,xxx
11803,xxx
11804,xxx
11805,xxx
11806,xxx
11807,xxx
11808,xxx
11809,xxx
11810,xxx
11811,xxx
11812,xxx
11813,xxx
11814,xxx
11815,xxx
11816,xxx
11817,xxx
11818,xxx
11819,xxx
11820,xxx
11821,xxx
11822,xxx
11823,xxx
11824,xxx
11825,xxx
11826,xxx
11827,xxx
11828,xxx
11829,xxx
11830,xxx
11831,xxx
11832,xxx
11833,xxx
11834,бериллиева́
11835,бериллиева́
11836,бериллие́в
11837,бериллие́в
11838,берилливо́мь
11839,берилливо́мь
11840,бе́риллиевамьыи
11841,бериллиевѣ́
11842,бе́риллиеви
11843,бе́риллиевы
11844,xxx
11845,xxx
11846,xxx
11847,xxx
11848,xxx
11849,xxx
11850,xxx
11851,xxx
11852,xxx
11853,xxx
11854,xxx
11855,xxx
11856,бе́сфитильнъыи
11857,бе́сфитильнамьыи
11858,бе́сфитильни
11859,бесфити́льнъ
11860,бе́сфитильны
11861,бе́сфитильнѣхъ
11862,бе́сфитильнѣхъ
11863,бе́сфитильнѣхъии
11864,xxx
11865,xxx
11866,xxx
11867,xxx
11868,xxx
11869,xxx
11870,xxx
11871,xxx
11872,би́аграфичесьцуыи
11873,би́аграфичесьцамьыи
11874,биаграфиче́ськиыи
11875,би́аграфичесьци
11876,биаграфиче́ськамъ
11877,би́аграфичесьцамъии
11878,биаграфичеськы́ии
11879,биаграфиче́сьци
11880,xxx
11881,xxx
11882,xxx
11883,xxx
11884,xxx
11885,xxx
11886,xxx
11887,xxx
11888,xxx
11889,xxx
11890,xxx
11891,xxx
11892,xxx
11893,xxx
11894,xxx
11895,xxx
11896,xxx
11897,xxx
11898,xxx
11899,би́та
11900,би́тамь
11901,би́тамьыи
11902,би́тамъии
11903,би́ты
11904,xxx
11905,xxx
11906,xxx
11907,xxx
11908,xxx
11909,xxx
11910,xxx
11911,xxx
11912,xxx
11913,xxx
11914,xxx
11915,xxx
11916,xxx
11917,xxx
11918,xxx
11919,xxx
11920,xxx
11921,xxx
11922,xxx
11923,бло́хасътаыи
11924,бло́хасъту
11925,бло́хасътъыи
11926,бло́хасътамъ
11927,xxx
11928,xxx
11929,бо́гатейша
11930,бо́гатейшу
11931,багатейши́ии
11932,бо́гатырсьцуыи
11933,багаты́рсьцъ
11934,багаты́рськъ
11935,бо́гатырськамь
11936,бо́гатырськиыи
11937,бо́гатырсьцамъии
11938,бо́гатырсьци
11939,бо́гатырсьци
11940,бо́гатырсьциии
11941,xxx
11942,xxx
11943,xxx
11944,xxx
11945,xxx
11946,xxx
11947,xxx
11948,xxx
11949,xxx
11950,xxx
11951,xxx
11952,xxx
11953,xxx
11954,xxx
11955,xxx
11956,xxx
11957,xxx
11958,xxx
11959,xxx
11960,xxx
11961,xxx
11962,xxx
11963,бо́рющийсяаыи
11964,бо́рющийсяы
11965,бо́рющийсяѣ
11966,бо́рющийсяиыи
11967,бо́рющийсяаю
11968,барю́щ
11969,xxx
11970,xxx
11971,xxx
11972,xxx
11973,xxx
11974,xxx
11975,xxx
11976,xxx
11977,xxx
11978,xxx
11979,xxx
11980,бо́таничесьца
11981,бо́таничесьцаыи
11982,бо́таничесьцуыи
11983,бо́таничеськиии
11984,бо́таничесьцъии
11985,бо́таничеськы
11986,бо́таничесьци
11987,бо́таничесьцѣхъии
11988,xxx
11989,xxx
11990,xxx
11991,xxx
11992,xxx
11993,xxx
11994,бра́нѣ
11995,бра́нѣыи
11996,бра́ни
11997,бра́ниии
11998,бра́намъии
11999,бра́намъии
12000,бра́ны
12001,бра́ны
12002,бра́нѣхъии
12003,xxx
12004,бра́тська
12005,бра́тсьцу
12006,бра́тськуыи
12007,бра́тськиыи
12008,бра́тсьцамъ
12009,бра́тськыии
12010,xxx
12011,xxx
12012,xxx
12013,xxx
12014,xxx
12015,xxx
12016,xxx
12017,xxx
12018,xxx
12019,xxx
12020,xxx
12021,xxx
12022,xxx
12023,xxx
12024,xxx
12025,xxx
12026,xxx
12027,xxx
12028,xxx
12029,xxx
12030,xxx
12031,xxx
12032,xxx
12033,xxx
12034,xxx
12035,xxx
12036,xxx
12037,xxx
12038,xxx
12039,xxx
12040,xxx
12041,бря́нсьцъ
12042,бря́нськъ
12043,бря́нсьци
12044,бря́нськыии
12045,бря́нсьцѣхъии
12046,xxx
12047,xxx
12048,xxx
12049,xxx
12050,xxx
12051,xxx
12052,xxx
12053,xxx
12054,xxx
12055,буду́щ
12056,буду́щаыи
12057,буду́щамьыи
12058,буду́щыии
12059,буду́щѣхъии
12060,xxx
12061,xxx
12062,xxx
12063,xxx
12064,xxx
12065,xxx
12066,xxx
12067,xxx
12068,xxx
12069,xxx
12070,xxx
12071,xxx
12072,xxx
12073,xxx
12074,xxx
12075,xxx
12076,xxx
12077,xxx
12078,xxx
12079,xxx
12080,xxx
12081,xxx
12082,xxx
12083,xxx
12084,xxx
12085,бы́вша
12086,бы́вшу
12087,бы́вшуыи
12088,бы́вшъ
12089,бы́вшамъии
12090,бы́вшиии
12091,бы́вшѣхъ
12092,xxx
12093,xxx
12094,xxx
12095,xxx
12096,xxx
12097,xxx
12098,xxx
12099,xxx
12100,xxx
12101,xxx
12102,xxx
12103,бы́чамьыи
12104,бы́чамъ
12105,бы́чы
12106,бы́чы
12107,бы́чихъии
12108,xxx
12109,xxx
12110,xxx
12111,бюракратичѣсьцъы́и
12112,бюракратичѣ́сьцъ
12113,бюракратичѣ́ськамь
12114,бю́ракратичѣсьцамьыи
12115,бю́ракратичѣсьцѣыи
12116,бю́ракратичѣсьци
12117,бюракратичѣ́ськъ
12118,бюракратичѣ́сьцамъ
12119,бюракратичѣ́ськамъ
12120,бюракратичѣ́ськамъии
12121,бюракратичѣ́ськыии
12122,бюракратичѣ́ськы
12123,ва́вилансьцъыи
12124,ва́вилансьцамь
12125,ва́вилансьциии
12126,вавило́нсьцъ
12127,ва́вилансьци
12128,ва́виланськихъ
12129,xxx
12130,xxx
12131,xxx
12132,xxx
12133,xxx
12134,xxx
12135,xxx
12136,xxx
12137,xxx
12138,xxx
12139,xxx
12140,xxx
12141,ваку́мнъ
12142,ва́кумнуыи
12143,ва́кумнамьыи
12144,ва́кумни
12145,ва́кумнихъии
12146,xxx
12147,xxx
12148,xxx
12149,xxx
12150,xxx
12151,xxx
12152,xxx
12153,xxx
12154,xxx
12155,xxx
12156,xxx
12157,xxx
12158,xxx
12159,ва́ннаыи
12160,ва́ннаыи
12161,ва́ннуыи
12162,ва́ннъ
12163,ва́ннъыи
12164,ва́ннамь
12165,ва́нныии
12166,xxx
12167,xxx
12168,xxx
12169,xxx
12170,василье́всьцъ
12171,васильевсьцѣ́
12172,васильевськѣ́
12173,василье́всьцъ
12174,ва́сильевсьцамъии
12175,васильевськы́
12176,васильевськы́ии
12177,ва́тнъ
12178,ва́тнуыи
12179,ва́тнъии
12180,ва́тны
12181,xxx
12182,xxx
12183,xxx
12184,xxx
12185,xxx
12186,xxx
12187,xxx
12188,xxx
12189,xxx
12190,xxx
12191,xxx
12192,xxx
12193,xxx
12194,xxx
12195,xxx
12196,xxx
12197,xxx
12198,xxx
12199,xxx
12200,xxx
12201,xxx
12202,xxx
12203,xxx
12204,венгерсьцъи́и
12205,венгерсьцо́мъии
12206,венгерськы́
12207,венгерсьци́ии
12208,венгерсьци́ии
12209,ве́нськуыи
12210,ве́нськъыи
12211,ве́нсьцамь
12212,ве́нсьцѣыи
12213,ве́нсьциии
12214,ве́нсьцъии
12215,ве́нсьцамъ
12216,ве́нсьци
12217,ве́нсьциии
12218,вѣнтиляцианнъы́и
12219,вѣ́нтиляцианну
12220,винтиляцио́ннъ
12221,вѣ́нтиляцианнъыи
12222,вѣнтиляцио́ннъ
12223,вѣнтиляцио́ннъии
12224,вѣ́нтиляцианны
12225,вѣнтиляцианны́ии
12226,вѣнтиляцианны́ии
12227,xxx
12228,xxx
12229,xxx
12230,xxx
12231,xxx
12232,xxx
12233,xxx
12234,xxx
12235,xxx
12236,верхненеме́цьцъ
12237,верхненемецьца́
12238,ве́рхненемеци
12239,ве́рхненемецьцамъ
12240,ве́рхненемецькамъии
12241,xxx
12242,xxx
12243,xxx
12244,xxx
12245,xxx
12246,xxx
12247,xxx
12248,xxx
12249,xxx
12250,xxx
12251,xxx
12252,xxx
12253,xxx
12254,xxx
12255,xxx
12256,xxx
12257,xxx
12258,xxx
12259,xxx
12260,xxx
12261,xxx
12262,xxx
12263,xxx
12264,xxx
12265,xxx
12266,xxx
12267,xxx
12268,взры́внѣ
12269,взры́внъии
12270,взры́внамъ
12271,взры́внамъ
12272,взры́вны
12273,взры́внѣхъии
12274,взры́внихъии
12275,xxx
12276,xxx
12277,xxx
12278,xxx
12279,xxx
12280,ви́зуальну
12281,визуа́льнъ
12282,ви́зуальниии
12283,ви́зуальныии
12284,ви́ннъыи
12285,ви́ннъыи
12286,ви́ннѣ
12287,ви́ннъ
12288,ви́ннихъии
12289,xxx
12290,xxx
12291,xxx
12292,винадельче́ськъ
12293,винадельчеська́
12294,винадельче́сьцъ
12295,винадельче́ськамь
12296,винадельчесьци́ии
12297,винадельчеськи́ии
12298,винадельчесьцо́мъии
12299,винадельчеськы́ии
12300,винадельчесьцѣ́хъии
12301,xxx
12302,xxx
12303,xxx
12304,xxx
12305,xxx
12306,xxx
12307,виртуа́льнъ
12308,ви́ртуальна
12309,виртуа́льнъ
12310,ви́ртуальнѣыи
12311,ви́ртуальнамъ
12312,xxx
12313,xxx
12314,xxx
12315,xxx
12316,xxx
12317,xxx
12318,xxx
12319,ви́т
12320,ви́та
12321,ви́таыи
12322,ви́туыи
12323,ви́тѣ
12324,ви́тиии
12325,ви́тыии
12326,ви́ты
12327,ви́тихъ
12328,xxx
12329,xxx
12330,xxx
12331,xxx
12332,xxx
12333,xxx
12334,xxx
12335,xxx
12336,xxx
12337,xxx
12338,xxx
12339,вла́дельчесьцѣыи
12340,вла́дельчесьциии
12341,вла́дельчесьци
12342,вла́дельчесьциии
12343,вла́дельчеськыии
12344,вла́дельчесьцѣхъ
12345,вла́димирсьцаыи
12346,вла́димирськаыи
12347,вла́димирсьцу
12348,владими́рськъ
12349,вла́димирсьцъыи
12350,вла́димирсьцѣ
12351,вла́димирськи
12352,вла́димирсьцамъии
12353,вла́димирсьциии
12354,вла́димирсьциии
12355,вла́димирсьцѣхъ
12356,xxx
12357,xxx
12358,xxx
12359,xxx
12360,xxx
12361,xxx
12362,xxx
12363,xxx
12364,вне́судебна
12365,внесудебна́ыи
12366,вне́судебну
12367,внесуде́бнъ
12368,вне́судебнамь
12369,вне́судебнамь
12370,вне́судебнѣыи
12371,внесуде́бнъ
12372,вне́судебнамъии
12373,xxx
12374,xxx
12375,xxx
12376,xxx
12377,xxx
12378,xxx
12379,xxx
12380,xxx
12381,xxx
12382,xxx
12383,внутриатамна́
12384,внутриатамну́
12385,внутриатамну́ыи
12386,внутриатамно́мьыи
12387,вну́триатамни
12388,внутриато́мнъ
12389,внутриатамны́
12390,внутриатамнѣ́хъии
12391,xxx
12392,xxx
12393,xxx
12394,внутрицлетачна́ыи
12395,внутрицлето́чнъ
12396,внутрицлетачно́мь
12397,внутрицлетачнѣ́
12398,внутрицлетачнъи́и
12399,внутрицлетачно́мъ
12400,внутрицлетачны́ии
12401,внутриматачна́
12402,внутриматачна́ыи
12403,вну́триматачни
12404,внутриматачни́ии
12405,внутримато́чнъии
12406,вну́триматачнѣхъии
12407,внутрималикуяну́
12408,внутрималикурянѣ́
12409,вну́трималѣкурны
12410,внутрималѣкуряны́
12411,внутрималѣкуряны́ии
12412,вну́тримышечнуыи
12413,внутримыше́чнъыи
12414,внутримыше́чнъыи
12415,внутримышечно́мь
12416,вну́тримышечнѣыи
12417,вну́тримышечни
12418,внутримышечни́ии
12419,внутримышечны́ии
12420,внутримышечнѣ́хъ
12421,внутрипартийнъы́и
12422,внутрипарти́йнаыи
12423,внутрипарти́йнъ
12424,вну́трипартийнъыи
12425,внутрипарти́йнамь
12426,внутрипартийнѣ́
12427,внутрипарти́йнъ
12428,вну́трипартийнамъии
12429,вну́трипартийны
12430,xxx
12431,xxx
12432,xxx
12433,xxx
12434,xxx
12435,xxx
12436,xxx
12437,xxx
12438,во́дительсьцъыи
12439,во́дительськъыи
12440,во́дительсьца
12441,во́дительсьца
12442,во́дительсьци
12443,во́дительсьцамъии
12444,во́дительськихъ
12445,во́дительсьцѣхъии
12446,xxx
12447,xxx
12448,xxx
12449,xxx
12450,xxx
12451,xxx
12452,xxx
12453,во́даёмьку
12454,во́даёмьцамь
12455,во́даёмьцамь
12456,во́даёмьки
12457,во́даёмьки
12458,xxx
12459,xxx
12460,xxx
12461,xxx
12462,xxx
12463,xxx
12464,xxx
12465,xxx
12466,xxx
12467,xxx
12468,xxx
12469,xxx
12470,xxx
12471,xxx
12472,xxx
12473,xxx
12474,xxx
12475,xxx
12476,xxx
12477,xxx
12478,xxx
12479,xxx
12480,xxx
12481,xxx
12482,xxx
12483,во́енна-марсьцъыи
12484,ваенна-марсьца́ыи
12485,во́енна-марсьцуыи
12486,во́енна-марсьцуыи
12487,во́енна-марсьцамъ
12488,во́енна-марськы
12489,во́енна-марсьци
12490,ваенна-марськы́ии
12491,xxx
12492,xxx
12493,xxx
12494,xxx
12495,xxx
12496,xxx
12497,xxx
12498,xxx
12499,xxx
12500,xxx
12501,xxx
12502,ваи́нсьцъ
12503,во́инсьци
12504,во́инсьци
12505,xxx
12506,xxx
12507,во́лгаградськъыи
12508,во́лгаградсьцѣ
12509,во́лгаградсьциии
12510,во́лгаградсьцѣхъии
12511,во́лгаградсьцѣхъии
12512,xxx
12513,xxx
12514,во́лжсьцъ
12515,во́лжська
12516,во́лжсьцѣыи
12517,во́лжськъии
12518,xxx
12519,xxx
12520,вла́гадсьца
12521,влаго́дсьцамь
12522,влаго́дськамь
12523,вла́гадсьци
12524,влагадсьци́ии
12525,во́лагадсьцѣхъ
12526,вла́гадськихъии
12527,во́лчъыи
12528,во́лчамьыи
12529,во́лчамъ
12530,во́лчамъии
12531,во́лчыии
12532,во́лчихъ
12533,xxx
12534,xxx
12535,xxx
12536,xxx
12537,вра́вськъ
12538,вра́всьцъыи
12539,вра́вська
12540,вра́вськуыи
12541,вра́всьцъыи
12542,во́равсьцамъии
12543,вра́вськамъии
12544,вра́вськы
12545,вра́вськыии
12546,во́равсьцѣхъии
12547,варане́жсьцъ
12548,вранежську́ыи
12549,вранежсьцѣ́ыи
12550,во́ранежсьциии
12551,вране́жсьцъ
12552,вране́жськъ
12553,вранежськъи́и
12554,во́ранежсьцамъ
12555,вранежсько́мъии
12556,вра́нежськы
12557,вранежськы́ии
12558,xxx
12559,xxx
12560,xxx
12561,xxx
12562,xxx
12563,xxx
12564,xxx
12565,во́сьмилетна
12566,во́сьмилетна
12567,во́сьмилетнаыи
12568,во́сьмилетнуыи
12569,во́сьмилетни
12570,васьмиле́тнъ
12571,во́сьмилетнамъ
12572,во́сьмилетнамъ
12573,во́сьмилетныии
12574,во́сьмилетныии
12575,во́сьмилетнѣхъ
12576,xxx
12577,xxx
12578,xxx
12579,xxx
12580,xxx
12581,xxx
12582,xxx
12583,все́ленсьцъыи
12584,все́ленська
12585,все́ленсьцамьыи
12586,все́ленсьцамьыи
12587,все́ленсьцъии
12588,все́ленсьцъии
12589,всерасси́йсьцъ
12590,всерассийськъы́и
12591,всерассийсьцо́мь
12592,всерассийсьцо́мьыи
12593,всерассийсьцѣ́ыи
12594,всерассийськѣ́ыи
12595,всерассийсько́мъ
12596,все́рассийсьцамъии
12597,всерассийсьци́
12598,всерассийськы́ии
12599,всерассийсьцѣ́хъ
12600,xxx
12601,xxx
12602,xxx
12603,xxx
12604,xxx
12605,xxx
12606,xxx
12607,xxx
12608,xxx
12609,xxx
12610,xxx
12611,xxx
12612,xxx
12613,xxx
12614,xxx
12615,xxx
12616,xxx
12617,xxx
12618,xxx
12619,xxx
12620,xxx
12621,xxx
12622,xxx
12623,xxx
12624,xxx
12625,xxx
12626,xxx
12627,xxx
12628,xxx
12629,xxx
12630,xxx
12631,xxx
12632,xxx
12633,xxx
12634,xxx
12635,xxx
12636,xxx
12637,высакаго́рнъ
12638,вы́сакагарнъыи
12639,высакаго́рнамь
12640,высакагарнѣ́
12641,высакагарны́
12642,высакагарны́
12643,высакагарны́
12644,высакагарны́ии
12645,вы́сакагарнѣхъ
12646,высакакачественну́ыи
12647,высакакачественнѣ́
12648,высакакачественнѣ́
12649,высакакачестве́ннъ
12650,вы́сакакачественны
12651,высакакачественнѣ́хъ
12652,высакакачественнѣ́хъ
12653,xxx
12654,xxx
12655,xxx
12656,xxx
12657,xxx
12658,xxx
12659,xxx
12660,xxx
12661,xxx
12662,xxx
12663,xxx
12664,xxx
12665,xxx
12666,xxx
12667,xxx
12668,xxx
12669,xxx
12670,xxx
12671,xxx
12672,xxx
12673,xxx
12674,xxx
12675,xxx
12676,xxx
12677,xxx
12678,xxx
12679,xxx
12680,вы́числительнъыи
12681,вы́числительнамьыи
12682,вычислительни́ии
12683,вы́числительнъии
12684,вычислительны́ии
12685,вы́числительнѣхъ
12686,xxx
12687,xxx
12688,xxx
12689,xxx
12690,xxx
12691,вью́чнаыи
12692,вью́чнъыи
12693,вью́чнамь
12694,вью́чни
12695,вью́чниыи
12696,вью́чни
12697,вью́чны
12698,вью́чнихъ
12699,вяжу́ща
12700,вяжу́щу
12701,вяжу́щуыи
12702,вяжу́щ
12703,вяжу́щъыи
12704,вяжу́щамь
12705,вяжу́щамь
12706,вяжу́щи
12707,вяжу́щи
12708,вяжу́щамъии
12709,вяжу́щыии
12710,xxx
12711,xxx
12712,xxx
12713,xxx
12714,xxx
12715,xxx
12716,xxx
12717,xxx
12718,галисийсьца́ыи
12719,га́лисийсьцамьыи
12720,га́лисийсьци
12721,га́лисийськиии
12722,га́лисийськыии
12723,галисийсьци́ии
12724,галисийськы́ии
12725,xxx
12726,xxx
12727,xxx
12728,xxx
12729,xxx
12730,xxx
12731,xxx
12732,xxx
12733,xxx
12734,xxx
12735,xxx
12736,ге́йсьцъ
12737,ге́йську
12738,ге́йсьцамьыи
12739,ге́йсьциии
12740,ге́йсьцъии
12741,ге́йськыии
12742,ге́йськы
12743,ге́йсьциии
12744,xxx
12745,xxx
12746,xxx
12747,xxx
12748,xxx
12749,xxx
12750,xxx
12751,xxx
12752,xxx
12753,ге́нетичесьциии
12754,ге́нетичеськиии
12755,генетиче́сьцъ
12756,ге́нетичесьцамъии
12757,гѣ́ннъ
12758,гѣ́ннѣ
12759,гѣ́нниии
12760,гѣ́ннъ
12761,гѣ́нны
12762,гѣ́ннѣхъии
12763,геаинфармацианна́ыи
12764,геаинфармацио́ннамь
12765,ге́аинфармацианнѣ
12766,ге́аинфармацианниыи
12767,геаинфармацианни́ии
12768,ге́аинфармацианнамъ
12769,ге́аинфармацианны
12770,геаинфармацианны́ии
12771,ге́аинфармацианнихъ
12772,xxx
12773,xxx
12774,xxx
12775,xxx
12776,xxx
12777,xxx
12778,xxx
12779,xxx
12780,xxx
12781,гѣаргиѣ́всьцъ
12782,гѣ́аргиѣвсьцъыи
12783,гѣ́аргиивськъыи
12784,гѣаргиѣвсьца́ыи
12785,гѣ́аргиивськъ
12786,гѣ́аргиѣвсьцамьыи
12787,гѣаргиѣвсьцѣ́
12788,гѣаргиѣ́всьцѣыи
12789,гѣаргиѣ́всьци
12790,гѣ́аргиивськъии
12791,гѣ́аргиивськамъии
12792,гѣ́аргиивськы
12793,гѣ́аргиивськыии
12794,гѣ́аргиѣвсьцѣхъии
12795,xxx
12796,xxx
12797,xxx
12798,xxx
12799,xxx
12800,xxx
12801,xxx
12802,xxx
12803,xxx
12804,xxx
12805,xxx
12806,ге́рметичеськъыи
12807,ге́рметичеськамь
12808,ге́рметичесьцѣ
12809,ге́рметичесьци
12810,герметиче́сьцъ
12811,ге́рметичесьци
12812,ге́рметичеськы
12813,гераиче́сьцъ
12814,ге́раичеськъыи
12815,гераиче́сьцъ
12816,ге́раичесьцамьыи
12817,ге́раичесьциии
12818,гераиче́сьцъ
12819,ге́раичесьци
12820,ге́раичесьцѣхъ
12821,xxx
12822,xxx
12823,xxx
12824,xxx
12825,xxx
12826,xxx
12827,xxx
12828,xxx
12829,гидрати́пна
12830,ги́дратипнуыи
12831,гидрати́пнамь
12832,ги́дратипнамьыи
12833,ги́дратипнамъ
12834,xxx
12835,xxx
12836,xxx
12837,xxx
12838,xxx
12839,xxx
12840,xxx
12841,xxx
12842,гитлеро́всьцъ
12843,гитлеро́вськъ
12844,ги́тлеравсьцъыи
12845,ги́тлеравсьцамьыи
12846,ги́тлеравсьци
12847,ги́тлеравсьциии
12848,xxx
12849,xxx
12850,xxx
12851,xxx
12852,гла́знъ
12853,гла́зну
12854,гла́знъ
12855,гла́зни
12856,гла́зниии
12857,гла́знамъии
12858,xxx
12859,xxx
12860,xxx
12861,xxx
12862,xxx
12863,xxx
12864,xxx
12865,xxx
12866,xxx
12867,xxx
12868,xxx
12869,xxx
12870,xxx
12871,xxx
12872,xxx
12873,xxx
12874,гагале́вськамь
12875,го́галевсьциии
12876,го́галевсьцамъ
12877,го́галевськамъ
12878,го́галевськыии
12879,го́галевськихъ
12880,xxx
12881,xxx
12882,xxx
12883,xxx
12884,xxx
12885,xxx
12886,xxx
12887,xxx
12888,xxx
12889,xxx
12890,xxx
12891,xxx
12892,xxx
12893,xxx
12894,xxx
12895,xxx
12896,xxx
12897,xxx
12898,xxx
12899,xxx
12900,xxx
12901,xxx
12902,xxx
12903,xxx
12904,xxx
12905,xxx
12906,xxx
12907,xxx
12908,xxx
12909,xxx
12910,xxx
12911,xxx
12912,xxx
12913,xxx
12914,xxx
12915,xxx
12916,xxx
12917,xxx
12918,xxx
12919,xxx
12920,xxx
12921,xxx
12922,xxx
12923,xxx
12924,xxx
12925,го́стинична
12926,го́стинична
12927,гастини́чнъ
12928,го́стиничнъыи
12929,го́стиничнамьыи
12930,го́стиничнамьыи
12931,го́стиничнамъ
12932,го́стиничнамъ
12933,го́стиничны
12934,го́стиничнѣхъ
12935,xxx
12936,xxx
12937,xxx
12938,xxx
12939,xxx
12940,xxx
12941,xxx
12942,xxx
12943,xxx
12944,xxx
12945,xxx
12946,xxx
12947,xxx
12948,xxx
12949,гре́бнъ
12950,гре́бна
12951,гре́бнаыи
12952,гре́бнамь
12953,гре́бни
12954,гре́бниии
12955,xxx
12956,xxx
12957,xxx
12958,xxx
12959,гри́бнуыи
12960,гри́бнѣыи
12961,гри́бнъии
12962,xxx
12963,xxx
12964,xxx
12965,xxx
12966,xxx
12967,xxx
12968,гру́днъыи
12969,гру́днъыи
12970,гру́днаыи
12971,гру́днамь
12972,гру́дниии
12973,гру́днъ
12974,гру́днамъии
12975,гру́днихъ
12976,xxx
12977,xxx
12978,xxx
12979,xxx
12980,xxx
12981,xxx
12982,xxx
12983,xxx
12984,xxx
12985,xxx
12986,xxx
12987,xxx
12988,xxx
12989,xxx
12990,xxx
12991,xxx
12992,xxx
12993,xxx
12994,xxx
12995,xxx
12996,xxx
12997,xxx
12998,xxx
12999,xxx
13000,гу́бнъыи
13001,гу́бна
13002,гу́бна
13003,гу́бну
13004,гу́бнъ
13005,гу́бнамь
13006,гу́бнамьыи
13007,гу́бниыи
13008,гу́бныии
13009,гу́бны
13010,гу́бны
13011,гу́бнѣхъ
13012,гу́бнихъ
13013,xxx
13014,xxx
13015,xxx
13016,xxx
13017,xxx
13018,xxx
13019,xxx
13020,xxx
13021,xxx
13022,xxx
13023,да́мсьца
13024,да́мсьцъ
13025,да́мсьцамь
13026,да́мсьцѣ
13027,да́мсьци
13028,да́мськъ
13029,да́мсьцамъ
13030,да́мськы
13031,да́мськихъ
13032,да́мсьцѣхъии
13033,да́мськихъии
13034,xxx
13035,xxx
13036,xxx
13037,xxx
13038,да́чна
13039,да́чнъ
13040,да́чнамь
13041,да́чниыи
13042,да́чниии
13043,да́чнамъ
13044,да́чны
13045,xxx
13046,xxx
13047,xxx
13048,xxx
13049,xxx
13050,xxx
13051,xxx
13052,дви́жущаыи
13053,дви́жущу
13054,движу́щ
13055,дви́жущъыи
13056,движу́щамь
13057,дви́жущамьыи
13058,дви́жущи
13059,дви́жущѣхъ
13060,дви́жущѣхъ
13061,xxx
13062,xxx
13063,xxx
13064,xxx
13065,xxx
13066,xxx
13067,xxx
13068,xxx
13069,xxx
13070,xxx
13071,xxx
13072,xxx
13073,xxx
13074,xxx
13075,xxx
13076,xxx
13077,xxx
13078,xxx
13079,xxx
13080,xxx
13081,xxx
13082,xxx
13083,xxx
13084,xxx
13085,xxx
13086,xxx
13087,xxx
13088,xxx
13089,xxx
13090,xxx
13091,xxx
13092,xxx
13093,xxx
13094,xxx
13095,xxx
13096,xxx
13097,xxx
13098,двухкамнатнъы́и
13099,двухкамнатна́
13100,двухкамнатна́ыи
13101,двухкамнатну́ыи
13102,двухкамнатно́мьыи
13103,двухкамнатно́мъии
13104,двухкамнатны́
13105,двухкамнатнѣ́хъ
13106,дву́хкамнатнѣхъии
13107,xxx
13108,xxx
13109,xxx
13110,дву́хэтажнъыи
13111,дву́хэтажнамьыи
13112,дву́хэтажни
13113,дву́хэтажниии
13114,дву́хэтажнамъ
13115,дву́хэтажныии
13116,дву́хэтажныии
13117,дву́хэтажнихъ
13118,деви́ч
13119,де́вичъыи
13120,де́вича
13121,де́вичи
13122,де́вичиии
13123,деви́ч
13124,де́вичъии
13125,де́вичамъ
13126,де́вичихъ
13127,xxx
13128,xxx
13129,де́дсьцъыи
13130,де́дсьца
13131,де́дсьцаыи
13132,де́дськаыи
13133,де́дсьцъ
13134,де́дсьцъыи
13135,де́дсьцамь
13136,де́дськамьыи
13137,де́дсьцъ
13138,де́дсьциии
13139,де́дсьцѣхъ
13140,дезаксирибаванно́мь
13141,дезаксирибавленнѣ́
13142,дезаксирибавленно́мъ
13143,дезаксирибавленны́
13144,xxx
13145,xxx
13146,xxx
13147,xxx
13148,xxx
13149,xxx
13150,xxx
13151,xxx
13152,xxx
13153,xxx
13154,xxx
13155,xxx
13156,xxx
13157,дѣмаграфичѣ́сьцъ
13158,димаграфичѣ́ська
13159,дѣ́маграфичѣсьцаыи
13160,дѣ́маграфичѣсьцамъ
13161,дѣ́маграфичѣсьцамъии
13162,дѣ́маграфичѣсьцѣхъ
13163,де́макратичеська
13164,де́макратичесьцуыи
13165,де́макратичесьцуыи
13166,де́макратичесьцамьыи
13167,де́макратичесьцъии
13168,де́макратичеськамъ
13169,де́макратичесьцамъии
13170,де́макратичесьцамъии
13171,де́макратичеськамъии
13172,де́макратичесьциии
13173,де́макратичеськихъ
13174,де́маничесьцъыи
13175,де́маничеська
13176,де́маничеськаыи
13177,деманиче́сьцъ
13178,деманиче́ськъ
13179,де́маничеськамьыи
13180,де́маничесьцѣ
13181,де́маничеськиии
13182,xxx
13183,xxx
13184,xxx
13185,xxx
13186,xxx
13187,xxx
13188,xxx
13189,xxx
13190,xxx
13191,дриваабрабатываю́щ
13192,дрѣ́ваабрабатывающа
13193,дрѣ́ваабрабатывающуыи
13194,дриваабрабатываю́щ
13195,дрѣ́ваабрабатывающъии
13196,дрѣ́ваабрабатывающамъ
13197,де́реваабрабатывающамъии
13198,де́реваабрабатывающы
13199,дрѣ́ваабрабатывающыии
13200,дрѣ́ваабрабатывающы
13201,дрѣ́ваабрабатывающихъии
13202,xxx
13203,xxx
13204,xxx
13205,xxx
13206,xxx
13207,xxx
13208,де́тсьца
13209,де́тськамь
13210,де́тськиии
13211,де́тськъии
13212,де́тсьциии
13213,де́тсьци
13214,де́тсьци
13215,де́тськихъ
13216,xxx
13217,xxx
13218,xxx
13219,xxx
13220,xxx
13221,xxx
13222,xxx
13223,xxx
13224,xxx
13225,xxx
13226,xxx
13227,xxx
13228,xxx
13229,xxx
13230,xxx
13231,xxx
13232,xxx
13233,xxx
13234,xxx
13235,ди́пламатичеську
13236,ди́пламатичесьцъыи
13237,ди́пламатичеськи
13238,дипламатичесьци́ии
13239,дипламатичесьци́ии
13240,ди́пламатичесьцѣхъ
13241,xxx
13242,xxx
13243,xxx
13244,xxx
13245,xxx
13246,xxx
13247,xxx
13248,xxx
13249,xxx
13250,xxx
13251,xxx
13252,xxx
13253,xxx
13254,xxx
13255,xxx
13256,xxx
13257,xxx
13258,xxx
13259,xxx
13260,xxx
13261,xxx
13262,xxx
13263,xxx
13264,xxx
13265,до́брейшуыи
13266,до́брейшъыи
13267,до́брейшамь
13268,до́брейшамьыи
13269,до́брейшиыи
13270,дабре́йшъ
13271,до́брейшиии
13272,до́брейшиии
13273,xxx
13274,xxx
13275,xxx
13276,xxx
13277,xxx
13278,xxx
13279,xxx
13280,xxx
13281,xxx
13282,xxx
13283,xxx
13284,xxx
13285,xxx
13286,xxx
13287,xxx
13288,xxx
13289,xxx
13290,xxx
13291,xxx
13292,xxx
13293,xxx
13294,xxx
13295,xxx
13296,xxx
13297,xxx
13298,xxx
13299,xxx
13300,xxx
13301,до́нсьцъыи
13302,до́нсьца
13303,до́нсьцуыи
13304,до́нськъ
13305,до́нсьци
13306,до́нсьци
13307,до́нсьцъии
13308,до́нсьци
13309,до́нськыии
13310,до́нсьцѣхъии
13311,до́нськихъии
13312,xxx
13313,xxx
13314,xxx
13315,xxx
13316,xxx
13317,xxx
13318,xxx
13319,xxx
13320,xxx
13321,xxx
13322,xxx
13323,xxx
13324,xxx
13325,xxx
13326,xxx
13327,xxx
13328,xxx
13329,до́щата
13330,до́щатамъ
13331,до́щатѣхъ
13332,до́щатѣхъии
13333,драматичѣ́сьцъ
13334,драматичѣ́ськъ
13335,дра́матичиськъыи
13336,дра́матичѣсьцамьыи
13337,дра́матичиськамьыи
13338,дра́матичѣсьциии
13339,драматичѣ́сьцъ
13340,дра́матичѣсьцамъии
13341,дра́матичѣсьциии
13342,xxx
13343,xxx
13344,xxx
13345,xxx
13346,xxx
13347,xxx
13348,xxx
13349,дре́безжаща
13350,дре́безжащаыи
13351,дре́безжащъыи
13352,дре́безжащиии
13353,дре́безжащъии
13354,дре́безжащамъии
13355,xxx
13356,xxx
13357,xxx
13358,xxx
13359,xxx
13360,xxx
13361,xxx
13362,xxx
13363,дре́внегипетськъыи
13364,дре́внегипетсьца
13365,дре́внегипетсьцаыи
13366,древнегипе́тсьцъ
13367,дре́внегипетсьцъыи
13368,дре́внегипетсьцѣ
13369,дре́внегипетсьци
13370,дре́внегипетсьцамъии
13371,дре́внегипетськамъии
13372,дре́внегипетсьцѣхъ
13373,дре́внегипетсьцѣхъ
13374,дре́внегипетськихъии
13375,дре́внейша
13376,дре́внейшаыи
13377,дре́внейшу
13378,дре́внейшъыи
13379,дре́внейшамьыи
13380,дре́внейшѣыи
13381,дре́внейшиии
13382,дре́внейшамъ
13383,дре́внейшиии
13384,дре́внейшѣхъии
13385,xxx
13386,xxx
13387,xxx
13388,xxx
13389,xxx
13390,xxx
13391,xxx
13392,xxx
13393,xxx
13394,xxx
13395,xxx
13396,xxx
13397,xxx
13398,xxx
13399,xxx
13400,xxx
13401,xxx
13402,xxx
13403,xxx
13404,xxx
13405,xxx
13406,xxx
13407,ду́мськъ
13408,ду́мсьцу
13409,ду́мсьцуыи
13410,ду́мсьцъ
13411,ду́мсьцамъ
13412,ду́мсьци
13413,xxx
13414,xxx
13415,xxx
13416,xxx
13417,xxx
13418,xxx
13419,xxx
13420,xxx
13421,xxx
13422,xxx
13423,xxx
13424,xxx
13425,xxx
13426,xxx
13427,xxx
13428,е́банута
13429,е́банута
13430,е́банутъыи
13431,е́банутиыи
13432,е́банутъии
13433,е́бануты
13434,е́банутѣхъ
13435,xxx
13436,xxx
13437,xxx
13438,xxx
13439,xxx
13440,xxx
13441,xxx
13442,xxx
13443,xxx
13444,xxx
13445,xxx
13446,xxx
13447,е́врейсьцу
13448,е́врейськуыи
13449,е́врейськамь
13450,е́врейсьци
13451,е́врейськиии
13452,евре́йсьцъ
13453,е́врейськыии
13454,ѣврапѣйсьцу́ыи
13455,иврапийську́ыи
13456,иврапѣ́йськи
13457,ѣ́врапѣйсьциии
13458,ѣврапѣ́йсьцъ
13459,ѣврапѣйсьцо́мъии
13460,иврапийсько́мъии
13461,ѣ́врапѣйсьци
13462,иврапийськы́ии
13463,иврапийськѣ́хъии
13464,xxx
13465,xxx
13466,xxx
13467,xxx
13468,xxx
13469,xxx
13470,xxx
13471,ежеви́чнъ
13472,е́жевичнъыи
13473,ежевично́мъ
13474,е́жевичнамъии
13475,ежевичнѣ́хъ
13476,е́жевичнихъии
13477,xxx
13478,xxx
13479,xxx
13480,xxx
13481,xxx
13482,xxx
13483,xxx
13484,xxx
13485,xxx
13486,xxx
13487,xxx
13488,xxx
13489,xxx
13490,xxx
13491,xxx
13492,ельци́нсьцъ
13493,ельци́нськъ
13494,ельци́нськъ
13495,ельцинсьцѣ́
13496,ельцинсьцѣ́ыи
13497,е́льцинсьци
13498,ельцинськи́ии
13499,ельцинсько́мъ
13500,ельцинсьци́ии
13501,рѣва́нсьцъ
13502,рѣ́ванськъии
13503,е́ревансьцамъ
13504,е́ревансьци
13505,рѣ́вансьцѣхъ
13506,е́ревансьцѣхъии
13507,xxx
13508,xxx
13509,xxx
13510,xxx
13511,xxx
13512,xxx
13513,xxx
13514,xxx
13515,xxx
13516,xxx
13517,xxx
13518,xxx
13519,xxx
13520,xxx
13521,xxx
13522,xxx
13523,xxx
13524,xxx
13525,xxx
13526,xxx
13527,xxx
13528,xxx
13529,xxx
13530,xxx
13531,xxx
13532,xxx
13533,жене́всьцъ
13534,же́невсьцъыи
13535,же́невсьцамь
13536,же́невсьциии
13537,же́невсьцамъ
13538,xxx
13539,же́нсьца
13540,же́нськаыи
13541,же́нськуыи
13542,же́нськъ
13543,же́нськи
13544,же́нсьцѣыи
13545,же́нсьциии
13546,же́нсьциии
13547,xxx
13548,xxx
13549,xxx
13550,xxx
13551,xxx
13552,xxx
13553,xxx
13554,xxx
13555,xxx
13556,xxx
13557,житѣйсьцу́ыи
13558,житѣ́йськамь
13559,жи́тийськамьыи
13560,житѣйсьцѣ́
13561,житѣйсьци́ии
13562,житийськи́ии
13563,житѣйсьцо́мъ
13564,жи́тѣйсьциии
13565,житѣйсьци́ии
13566,жаке́йськъ
13567,жо́кейськъии
13568,жо́кейсьци
13569,жо́кейсьцѣхъии
13570,журналистсьца́ыи
13571,журналистська́ыи
13572,жу́рналистсьцуыи
13573,жу́рналистсьцъыи
13574,журнали́стськамь
13575,жу́рналистсьцѣыи
13576,жу́рналистсьциии
13577,журнали́стськъ
13578,жу́рналистсьцамъ
13579,жу́рналистсьци
13580,жу́рналистсьцѣхъии
13581,xxx
13582,xxx
13583,xxx
13584,xxx
13585,xxx
13586,xxx
13587,xxx
13588,xxx
13589,xxx
13590,xxx
13591,xxx
13592,xxx
13593,xxx
13594,xxx
13595,xxx
13596,xxx
13597,xxx
13598,xxx
13599,xxx
13600,xxx
13601,xxx
13602,xxx
13603,xxx
13604,xxx
13605,xxx
13606,xxx
13607,xxx
13608,xxx
13609,за́дну
13610,за́днъыи
13611,за́днамь
13612,за́днъ
13613,за́днамъии
13614,за́дныии
13615,за́днѣхъ
13616,xxx
13617,xxx
13618,xxx
13619,xxx
13620,xxx
13621,xxx
13622,xxx
13623,xxx
13624,xxx
13625,xxx
13626,xxx
13627,xxx
13628,xxx
13629,xxx
13630,xxx
13631,xxx
13632,xxx
13633,xxx
13634,xxx
13635,xxx
13636,xxx
13637,xxx
13638,xxx
13639,xxx
13640,xxx
13641,xxx
13642,xxx
13643,xxx
13644,xxx
13645,xxx
13646,xxx
13647,xxx
13648,xxx
13649,xxx
13650,xxx
13651,xxx
13652,xxx
13653,xxx
13654,xxx
13655,xxx
13656,xxx
13657,xxx
13658,xxx
13659,xxx
13660,за́стывшуыи
13661,засты́вшъ
13662,засты́вшамь
13663,засты́вшъ
13664,за́стывшамъии
13665,за́стывши
13666,xxx
13667,xxx
13668,xxx
13669,xxx
13670,xxx
13671,xxx
13672,xxx
13673,заячо́мьыи
13674,заячо́мьыи
13675,за́ячи
13676,заячо́мъ
13677,заячы́ии
13678,заячѣ́хъии
13679,заячѣ́хъии
13680,зва́н
13681,зва́на
13682,зва́наыи
13683,зва́нуыи
13684,зва́намь
13685,зва́ни
13686,зва́н
13687,зва́нъии
13688,зва́намъ
13689,зва́ныии
13690,зва́ны
13691,зва́нихъии
13692,xxx
13693,xxx
13694,xxx
13695,xxx
13696,зве́рсьцъ
13697,зве́рсьцъыи
13698,зве́рськъыи
13699,зве́рсьцуыи
13700,зве́рсьцъ
13701,зве́рсьцѣхъии
13702,xxx
13703,xxx
13704,xxx
13705,xxx
13706,xxx
13707,xxx
13708,xxx
13709,xxx
13710,xxx
13711,xxx
13712,xxx
13713,xxx
13714,здра́в
13715,здра́ваыи
13716,здра́въыи
13717,здра́в
13718,здра́въии
13719,здра́выии
13720,здра́вихъ
13721,xxx
13722,xxx
13723,xxx
13724,xxx
13725,xxx
13726,xxx
13727,xxx
13728,xxx
13729,xxx
13730,xxx
13731,xxx
13732,xxx
13733,xxx
13734,xxx
13735,xxx
13736,xxx
13737,зе́мсьцъыи
13738,зе́мськаыи
13739,зе́мсьцѣ
13740,зе́мськи
13741,зе́мськиии
13742,зе́мсьцамъ
13743,зе́мсьцамъии
13744,зе́мськыии
13745,xxx
13746,xxx
13747,xxx
13748,xxx
13749,xxx
13750,xxx
13751,xxx
13752,xxx
13753,xxx
13754,xxx
13755,xxx
13756,xxx
13757,злаве́щ
13758,злаве́щ
13759,злаве́щ
13760,зло́вещъии
13761,зло́вещамъ
13762,зло́вещыии
13763,зло́вещы
13764,зло́вещыии
13765,зло́вещихъ
13766,xxx
13767,xxx
13768,xxx
13769,знаю́щ
13770,знаю́щаыи
13771,знаю́щаыи
13772,знаю́щу
13773,знаю́щѣыи
13774,знаю́щиыи
13775,знаю́щиии
13776,знаю́щъии
13777,знаю́щамъии
13778,знаю́щыии
13779,знаю́щѣхъ
13780,xxx
13781,xxx
13782,xxx
13783,xxx
13784,xxx
13785,xxx
13786,злагиче́сьцъ
13787,зо́алагичесьцъыи
13788,злагиче́сьцамь
13789,зо́алагичесьциии
13790,злагичесьци́
13791,зла́гичеськихъии
13792,xxx
13793,xxx
13794,xxx
13795,xxx
13796,xxx
13797,xxx
13798,xxx
13799,зуба́сътъ
13800,зубасъта́
13801,зубасътъы́и
13802,зубасътъы́и
13803,зу́басъти
13804,зубасъти́ии
13805,зуба́сътъ
13806,зубасъто́мъ
13807,зубасътѣ́хъ
13808,xxx
13809,xxx
13810,xxx
13811,xxx
13812,xxx
13813,xxx
13814,xxx
13815,xxx
13816,xxx
13817,xxx
13818,xxx
13819,xxx
13820,xxx
13821,xxx
13822,xxx
13823,xxx
13824,xxx
13825,xxx
13826,иду́щ
13827,иду́ща
13828,иду́щаыи
13829,иду́щамь
13830,и́дущамьыи
13831,иду́щъии
13832,иду́щы
13833,и́дущихъ
13834,и́дущѣхъии
13835,xxx
13836,xxx
13837,xxx
13838,xxx
13839,xxx
13840,xxx
13841,и́зраильсьцуыи
13842,израи́льськъ
13843,и́зраильсьцамьыи
13844,и́зраильсьци
13845,и́зраильськи
13846,и́зраильськиии
13847,и́зраильськамъ
13848,и́зраильсьцѣхъ
13849,xxx
13850,xxx
13851,xxx
13852,xxx
13853,xxx
13854,xxx
13855,xxx
13856,xxx
13857,имперсьцъы́и
13858,имперськъы́и
13859,имперсьцъи́и
13860,имперсьци́
13861,xxx
13862,xxx
13863,xxx
13864,xxx
13865,xxx
13866,и́ндейськуыи
13867,и́ндейсьцъыи
13868,и́ндейсьцамь
13869,и́ндейсьциии
13870,инде́йськъ
13871,и́ндейсьцъии
13872,и́ндейськъии
13873,и́ндейсьцамъии
13874,xxx
13875,xxx
13876,xxx
13877,xxx
13878,xxx
13879,xxx
13880,xxx
13881,xxx
13882,xxx
13883,xxx
13884,xxx
13885,xxx
13886,xxx
13887,xxx
13888,xxx
13889,xxx
13890,и́наязычнъыи
13891,и́наязычнамьыи
13892,и́наязычни
13893,и́наязычни
13894,и́наязычниии
13895,xxx
13896,xxx
13897,xxx
13898,xxx
13899,xxx
13900,xxx
13901,интеграцио́ннъ
13902,и́нтеграцианнуыи
13903,интеграцио́ннъ
13904,и́нтеграцианнъыи
13905,и́нтеграцианниыи
13906,и́нтеграцианни
13907,и́нтеграцианниии
13908,и́нтеграцианны
13909,xxx
13910,xxx
13911,xxx
13912,xxx
13913,и́нтрѣснѣйшъыи
13914,интѣрѣснѣ́йша
13915,и́нтрѣснѣйшуыи
13916,и́нтриснийшиыи
13917,и́нтрѣснѣйшиии
13918,и́нтѣрѣснѣйшъии
13919,интриснѣ́йшамъ
13920,и́нтриснийшамъии
13921,и́нтѣрѣснѣйши
13922,и́нтриснийши
13923,и́нтанацианниыи
13924,интанацио́ннъ
13925,и́нфармацианну
13926,и́нфармацианни
13927,и́нфармацианнъии
13928,и́нфармацианны
13929,и́нфармацианны
13930,инфармацианны́ии
13931,и́нфармацианнихъ
13932,и́нфармацианнѣхъии
13933,и́нфармацианнихъии
13934,xxx
13935,xxx
13936,xxx
13937,xxx
13938,xxx
13939,xxx
13940,xxx
13941,xxx
13942,xxx
13943,xxx
13944,xxx
13945,xxx
13946,xxx
13947,xxx
13948,xxx
13949,xxx
13950,xxx
13951,xxx
13952,xxx
13953,xxx
13954,xxx
13955,xxx
13956,xxx
13957,xxx
13958,xxx
13959,xxx
13960,xxx
13961,xxx
13962,xxx
13963,xxx
13964,xxx
13965,xxx
13966,xxx
13967,xxx
13968,xxx
13969,xxx
13970,xxx
13971,xxx
13972,xxx
13973,xxx
13974,xxx
13975,xxx
13976,xxx
13977,xxx
13978,xxx
13979,xxx
13980,xxx
13981,xxx
13982,xxx
13983,xxx
13984,и́хнуыи
13985,и́хнамь
13986,и́хни
13987,и́хныии
13988,и́хнѣхъ
13989,и́хнѣхъии
13990,xxx
13991,xxx
13992,xxx
13993,xxx
13994,йо́гичесьци
13995,йо́гичесьцѣхъии
13996,йо́ркширсьца
13997,йо́ркширсьцѣыи
13998,йо́ркширсьци
13999,йаркши́рсьцъ
14000,йо́ркширськамъии
14001,йо́ркширсьци
14002,ка́бардинськаыи
14003,ка́бардинську
14004,ка́бардинсьцѣ
14005,ка́бардинсьцѣыи
14006,ка́бардинськи
14007,ка́бардинсьциии
14008,кабарди́нськъ
14009,xxx
14010,xxx
14011,xxx
14012,xxx
14013,xxx
14014,xxx
14015,xxx
14016,xxx
14017,xxx
14018,xxx
14019,xxx
14020,xxx
14021,xxx
14022,xxx
14023,xxx
14024,xxx
14025,xxx
14026,xxx
14027,xxx
14028,xxx
14029,xxx
14030,xxx
14031,xxx
14032,xxx
14033,xxx
14034,xxx
14035,xxx
14036,xxx
14037,xxx
14038,xxx
14039,xxx
14040,xxx
14041,xxx
14042,камбаджи́йсьцъ
14043,ка́мбаджийськъыи
14044,ка́мбаджийсьца
14045,ка́мбаджийськуыи
14046,ка́мбаджийсьцамьыи
14047,ка́мбаджийськи
14048,ка́мбаджийськиии
14049,ка́мбаджийсьцъии
14050,ка́мбаджийсьцамъии
14051,xxx
14052,xxx
14053,xxx
14054,xxx
14055,xxx
14056,xxx
14057,xxx
14058,xxx
14059,xxx
14060,xxx
14061,xxx
14062,xxx
14063,xxx
14064,xxx
14065,xxx
14066,xxx
14067,караи́мсьцъ
14068,караимсьцо́мьыи
14069,караимсьцѣ́
14070,xxx
14071,xxx
14072,xxx
14073,xxx
14074,xxx
14075,xxx
14076,xxx
14077,xxx
14078,xxx
14079,xxx
14080,xxx
14081,ка́рѣ
14082,ка́ри
14083,ка́риии
14084,ка́р
14085,ка́ръии
14086,ка́ръии
14087,ка́рамъ
14088,xxx
14089,xxx
14090,xxx
14091,xxx
14092,xxx
14093,xxx
14094,xxx
14095,xxx
14096,xxx
14097,xxx
14098,xxx
14099,xxx
14100,картафѣльна́
14101,картафѣльна́ыи
14102,ка́ртафѣльнъыи
14103,картафѣльнѣ́ыи
14104,картафѣльнѣ́ыи
14105,ка́ртафѣльни
14106,ка́ртафѣльнамъии
14107,картафѣльны́
14108,картафильнѣ́хъии
14109,xxx
14110,xxx
14111,xxx
14112,xxx
14113,xxx
14114,xxx
14115,xxx
14116,xxx
14117,xxx
14118,xxx
14119,каучукавъы́и
14120,каучукаву́ыи
14121,каучукави́ии
14122,каучуко́в
14123,каучукаво́мъ
14124,каучукавѣ́хъ
14125,кафедра́льнъ
14126,ка́федральна
14127,ка́федральнамьыи
14128,кафедра́льнъ
14129,ка́федральнъии
14130,ка́федральнамъии
14131,ка́федральны
14132,xxx
14133,xxx
14134,xxx
14135,xxx
14136,xxx
14137,xxx
14138,xxx
14139,xxx
14140,xxx
14141,xxx
14142,xxx
14143,xxx
14144,xxx
14145,xxx
14146,xxx
14147,xxx
14148,xxx
14149,xxx
14150,квалифицацио́ннъ
14151,квалифицацианну́
14152,квалифицацио́ннъ
14153,квалифицацианнъы́и
14154,квалифицацио́ннъ
14155,квалифицацианны́
14156,квалифицацианны́
14157,xxx
14158,xxx
14159,xxx
14160,xxx
14161,xxx
14162,xxx
14163,xxx
14164,xxx
14165,xxx
14166,xxx
14167,xxx
14168,кѣ́мѣравсьцуыи
14169,кѣ́миравськуыи
14170,кѣмѣравсьцѣ́
14171,кѣ́миравськы
14172,xxx
14173,xxx
14174,керасинаву́ыи
14175,ке́расинавъыи
14176,ке́расинавѣыи
14177,ке́расинавы
14178,ке́расинавѣхъ
14179,кесаре́въыи
14180,кесаре́въыи
14181,кесарева́
14182,кесареву́
14183,кесаре́в
14184,ке́саревъыи
14185,ке́саревамь
14186,ке́саревамьыи
14187,кесареви́ии
14188,ке́саревы
14189,кесаревы́ии
14190,xxx
14191,xxx
14192,xxx
14193,ки́прсьцъыи
14194,ки́прсьцамьыи
14195,ки́прсьцѣ
14196,ки́прсьци
14197,ки́прсьцамъии
14198,ки́прсьцамъии
14199,ки́прськыии
14200,ки́прсьцѣхъии
14201,xxx
14202,xxx
14203,xxx
14204,xxx
14205,xxx
14206,xxx
14207,xxx
14208,xxx
14209,xxx
14210,xxx
14211,xxx
14212,xxx
14213,xxx
14214,xxx
14215,xxx
14216,xxx
14217,xxx
14218,xxx
14219,xxx
14220,xxx
14221,xxx
14222,xxx
14223,xxx
14224,xxx
14225,xxx
14226,xxx
14227,xxx
14228,xxx
14229,xxx
14230,xxx
14231,xxx
14232,xxx
14233,кла́сснъыи
14234,кла́ссна
14235,кла́ссну
14236,кла́ссни
14237,кла́ссни
14238,кла́ссниии
14239,кла́сснамъии
14240,xxx
14241,xxx
14242,кле́ветничеська
14243,кле́ветничесьцу
14244,кле́ветничеську
14245,клеветниче́сьцъ
14246,кле́ветничесьцѣыи
14247,клеветниче́сьцъ
14248,кле́ветничесьцѣхъии
14249,кле́йьцъыи
14250,кле́йьца
14251,кле́йькаыи
14252,кле́йькуыи
14253,кле́йьцамь
14254,кле́йьки
14255,кле́йьцамъии
14256,кле́йькы
14257,кле́йьциии
14258,кле́йьцѣхъ
14259,xxx
14260,xxx
14261,xxx
14262,xxx
14263,xxx
14264,xxx
14265,xxx
14266,xxx
14267,xxx
14268,xxx
14269,xxx
14270,xxx
14271,xxx
14272,xxx
14273,xxx
14274,клиничесьца́ыи
14275,клиничесьцу́ыи
14276,клиничесьцѣ́
14277,кли́ничесьци
14278,клиниче́сьцъ
14279,кли́ничесьцамъии
14280,клиничесьци́ии
14281,клу́бнъ
14282,клу́бнъыи
14283,клу́бнъ
14284,клу́бнъии
14285,клу́бнамъии
14286,клу́бнамъии
14287,клу́бныии
14288,клу́бнѣхъ
14289,клу́бнихъ
14290,клу́бнихъии
14291,xxx
14292,xxx
14293,xxx
14294,кни́жнъ
14295,кни́жну
14296,кни́жнъ
14297,кни́жниии
14298,кни́жнъ
14299,кни́жнамъии
14300,кни́жныии
14301,кни́жны
14302,кни́жнихъ
14303,xxx
14304,xxx
14305,xxx
14306,xxx
14307,xxx
14308,xxx
14309,xxx
14310,xxx
14311,xxx
14312,xxx
14313,xxx
14314,xxx
14315,xxx
14316,ко́жнъыи
14317,ко́жнъыи
14318,ко́жнамьыи
14319,ко́жниии
14320,ко́жнъ
14321,ко́жны
14322,ко́жныии
14323,xxx
14324,xxx
14325,xxx
14326,xxx
14327,xxx
14328,xxx
14329,xxx
14330,xxx
14331,xxx
14332,xxx
14333,xxx
14334,xxx
14335,xxx
14336,xxx
14337,xxx
14338,xxx
14339,xxx
14340,xxx
14341,xxx
14342,xxx
14343,xxx
14344,xxx
14345,xxx
14346,xxx
14347,xxx
14348,xxx
14349,xxx
14350,xxx
14351,ко́личественну
14352,каличестве́ннъ
14353,ко́личественнамь
14354,ко́личественнѣ
14355,ко́личественниыи
14356,ко́личественни
14357,ко́личественнъии
14358,ко́личественнамъ
14359,ко́личественнамъии
14360,ко́личественнамъии
14361,ко́личественны
14362,ко́личественнѣхъии
14363,xxx
14364,xxx
14365,xxx
14366,xxx
14367,калпако́в
14368,калпакава́ыи
14369,ко́лпакавуыи
14370,калпако́в
14371,ко́лпакавамь
14372,ко́лпакавамьыи
14373,калпакавѣ́
14374,ко́лпакавѣыи
14375,ко́лпакавиии
14376,калпако́в
14377,ко́лпакавы
14378,xxx
14379,xxx
14380,xxx
14381,xxx
14382,xxx
14383,xxx
14384,xxx
14385,xxx
14386,xxx
14387,xxx
14388,xxx
14389,xxx
14390,xxx
14391,xxx
14392,xxx
14393,ко́миссианнаыи
14394,ко́миссианнаыи
14395,ко́миссианну
14396,камиссио́ннъ
14397,ко́миссианнъыи
14398,ко́миссианни
14399,камиссио́ннъ
14400,ко́миссианнамъ
14401,ко́миссианныии
14402,ко́миссианны
14403,xxx
14404,xxx
14405,ко́ммерчесьцъыи
14406,ко́ммерчесьцу
14407,каммерче́сьцъ
14408,ко́ммерчеськъыи
14409,ко́ммерчесьцамьыи
14410,ко́ммерчеськиии
14411,каммерче́сьцъ
14412,ко́ммерчеськы
14413,xxx
14414,xxx
14415,xxx
14416,xxx
14417,xxx
14418,xxx
14419,xxx
14420,xxx
14421,xxx
14422,xxx
14423,xxx
14424,xxx
14425,xxx
14426,xxx
14427,xxx
14428,xxx
14429,xxx
14430,ко́мсамальсьцу
14431,ко́мсамальськъыи
14432,ко́мсамальсьцѣ
14433,ко́мсамальськы
14434,ко́мсамальськы
14435,ко́мсамальсьциии
14436,xxx
14437,xxx
14438,xxx
14439,xxx
14440,xxx
14441,xxx
14442,xxx
14443,xxx
14444,xxx
14445,xxx
14446,xxx
14447,xxx
14448,ко́ннъ
14449,ко́ннаыи
14450,ко́ннъыи
14451,ко́ннамь
14452,ко́нниии
14453,ко́ннъии
14454,ко́ннамъ
14455,ко́ннамъии
14456,ко́нныии
14457,xxx
14458,xxx
14459,xxx
14460,xxx
14461,ко́нсьцъ
14462,ко́нсьцъ
14463,ко́нськуыи
14464,ко́нськъыи
14465,ко́нськамь
14466,ко́нсьцъ
14467,ко́нськамъ
14468,ко́нськы
14469,ко́нституцианна
14470,ко́нституцианнамь
14471,ко́нституцианнамьыи
14472,ко́нституцианнъии
14473,ко́нституцианнъии
14474,xxx
14475,xxx
14476,xxx
14477,xxx
14478,xxx
14479,xxx
14480,xxx
14481,xxx
14482,xxx
14483,xxx
14484,xxx
14485,xxx
14486,xxx
14487,xxx
14488,xxx
14489,xxx
14490,xxx
14491,xxx
14492,xxx
14493,xxx
14494,xxx
14495,xxx
14496,xxx
14497,xxx
14498,xxx
14499,xxx
14500,xxx
14501,xxx
14502,xxx
14503,xxx
14504,xxx
14505,xxx
14506,xxx
14507,xxx
14508,xxx
14509,xxx
14510,xxx
14511,xxx
14512,xxx
14513,xxx
14514,xxx
14515,xxx
14516,xxx
14517,xxx
14518,xxx
14519,xxx
14520,xxx
14521,xxx
14522,xxx
14523,кра́лѣвсьцу
14524,ко́ралѣвсьцѣ
14525,ко́ралѣвсьциии
14526,кралѣ́вськъ
14527,кра́ливськыии
14528,кра́лѣвсьциии
14529,кра́лѣвсьцѣхъ
14530,xxx
14531,xxx
14532,xxx
14533,xxx
14534,ко́ратеньцуыи
14535,кра́теньцамь
14536,кра́теньцамьыи
14537,кра́теньцамъ
14538,ко́ратеньцамъ
14539,кра́теньци
14540,ко́ратеньцѣхъии
14541,ко́рпаративну
14542,ко́рпаративнъыи
14543,ко́рпаративнамь
14544,карпарати́внъ
14545,ко́рпаративны
14546,xxx
14547,xxx
14548,xxx
14549,xxx
14550,xxx
14551,xxx
14552,xxx
14553,xxx
14554,xxx
14555,ко́сметичесьцъыи
14556,ко́сметичеську
14557,ко́сметичеськамь
14558,ко́сметичесьцамьыи
14559,ко́сметичесьциии
14560,ко́сметичеськамъ
14561,ко́сметичесьцамъии
14562,ко́сметичесьциии
14563,xxx
14564,xxx
14565,xxx
14566,xxx
14567,xxx
14568,xxx
14569,ко́стнъыи
14570,ко́стнъыи
14571,ко́стнѣ
14572,ко́стниыи
14573,ко́стни
14574,ко́стниии
14575,ко́стныии
14576,ко́стнѣхъ
14577,xxx
14578,xxx
14579,xxx
14580,xxx
14581,xxx
14582,xxx
14583,xxx
14584,xxx
14585,xxx
14586,xxx
14587,xxx
14588,xxx
14589,краниа́льна
14590,кра́ниальнуыи
14591,краниальнѣ́
14592,кра́ниальнѣыи
14593,краниа́льнъии
14594,краниа́льнъии
14595,кра́ниальнамъ
14596,xxx
14597,xxx
14598,xxx
14599,xxx
14600,xxx
14601,xxx
14602,xxx
14603,xxx
14604,xxx
14605,xxx
14606,xxx
14607,xxx
14608,xxx
14609,xxx
14610,xxx
14611,xxx
14612,xxx
14613,xxx
14614,xxx
14615,xxx
14616,xxx
14617,xxx
14618,xxx
14619,xxx
14620,xxx
14621,xxx
14622,xxx
14623,xxx
14624,xxx
14625,xxx
14626,xxx
14627,xxx
14628,xxx
14629,xxx
14630,xxx
14631,xxx
14632,xxx
14633,xxx
14634,xxx
14635,xxx
14636,кри́тичесьциии
14637,кри́тичесьцамъии
14638,кри́тичесьци
14639,критичесьци́ии
14640,критичеськѣ́хъии
14641,xxx
14642,xxx
14643,xxx
14644,xxx
14645,xxx
14646,xxx
14647,кру́жнъ
14648,кру́жнѣ
14649,кру́жни
14650,кру́жны
14651,xxx
14652,xxx
14653,кры́мсьца
14654,кры́мсьца
14655,кры́мсьцу
14656,кры́мськи
14657,кры́мськиии
14658,кры́мсьцамъии
14659,кры́мсьци
14660,кры́мськихъ
14661,xxx
14662,xxx
14663,xxx
14664,xxx
14665,xxx
14666,xxx
14667,xxx
14668,xxx
14669,кубичеська́ыи
14670,кубичесьцу́
14671,кубиче́сьцъ
14672,ку́бичесьцамьыи
14673,кубиче́сьцѣыи
14674,кубиче́сьцъ
14675,кубиче́сьцъии
14676,кубиче́ськъии
14677,ку́бичесьцѣхъии
14678,xxx
14679,xxx
14680,xxx
14681,xxx
14682,xxx
14683,xxx
14684,xxx
14685,xxx
14686,xxx
14687,купече́сьцъыи
14688,купечесьца́ыи
14689,купечесьца́ыи
14690,купечеську́ыи
14691,купече́сьцъыи
14692,купече́сьцѣыи
14693,купече́ськъ
14694,купече́ськамъ
14695,купече́ськихъ
14696,xxx
14697,xxx
14698,xxx
14699,xxx
14700,xxx
14701,xxx
14702,xxx
14703,xxx
14704,xxx
14705,ку́рдсьцъыи
14706,ку́рдськыии
14707,ку́рдськы
14708,ку́рдсьциии
14709,ку́рдсьцѣхъ
14710,ку́рдсьцѣхъии
14711,xxx
14712,xxx
14713,xxx
14714,ку́рительна
14715,курите́льнъ
14716,курите́льнамь
14717,курительнѣ́
14718,курительнъи́и
14719,ку́рительнамъ
14720,ку́рительнамъии
14721,ку́рительны
14722,xxx
14723,xxx
14724,xxx
14725,xxx
14726,xxx
14727,xxx
14728,ку́рськаыи
14729,ку́рсьцъыи
14730,ку́рськамь
14731,ку́рсьцѣ
14732,ку́рськиыи
14733,ку́рсьци
14734,ку́рськъии
14735,ку́рсьци
14736,ку́рськыии
14737,ку́рсьци
14738,xxx
14739,xxx
14740,xxx
14741,xxx
14742,xxx
14743,xxx
14744,xxx
14745,xxx
14746,кхме́рсьцѣ
14747,кхме́рсьцѣыи
14748,кхме́рськъ
14749,кхме́рсьцамъии
14750,кхме́рсьци
14751,xxx
14752,xxx
14753,xxx
14754,xxx
14755,xxx
14756,xxx
14757,xxx
14758,xxx
14759,xxx
14760,xxx
14761,xxx
14762,xxx
14763,xxx
14764,xxx
14765,xxx
14766,xxx
14767,xxx
14768,xxx
14769,xxx
14770,xxx
14771,xxx
14772,xxx
14773,xxx
14774,xxx
14775,xxx
14776,xxx
14777,xxx
14778,xxx
14779,xxx
14780,xxx
14781,xxx
14782,xxx
14783,xxx
14784,xxx
14785,xxx
14786,xxx
14787,xxx
14788,xxx
14789,xxx
14790,xxx
14791,xxx
14792,xxx
14793,xxx
14794,ледницава́ыи
14795,ледницава́ыи
14796,ле́дницавамь
14797,ле́дницавъии
14798,ле́дницавъии
14799,ле́дницавѣхъии
14800,ле́давитиии
14801,ледави́т
14802,ле́давиты
14803,xxx
14804,xxx
14805,xxx
14806,xxx
14807,xxx
14808,xxx
14809,xxx
14810,лѣксицаграфичѣ́сьцъ
14811,ликсицаграфичѣ́ськъыи
14812,ликсицаграфичѣ́ськи
14813,лѣ́ксицаграфичѣсьцѣыи
14814,лѣ́ксицаграфичѣсьцамъии
14815,лѣ́ксицаграфичиськамъии
14816,лѣ́ксицаграфичѣсьци
14817,ликсицаграфичѣ́ськыии
14818,лѣ́ксицаграфичѣсьцѣхъ
14819,ле́ксичеська
14820,лексиче́ськъ
14821,ле́ксичесьцъыи
14822,ле́ксичеськи
14823,ле́ксичесьцѣыи
14824,ле́ксичеськиии
14825,ле́ксичеськамъ
14826,ле́ксичеськы
14827,ле́ксичесьци
14828,ле́ксичесьцѣхъ
14829,ле́ксичесьцѣхъии
14830,xxx
14831,xxx
14832,xxx
14833,xxx
14834,xxx
14835,лени́нсьцъ
14836,ле́нинсьцъыи
14837,ле́нинську
14838,ле́нинсьцъыи
14839,ле́нинсьцѣ
14840,ле́нинськиии
14841,лени́нсьцъ
14842,ле́нинсьци
14843,ле́нинсьциии
14844,ле́нинсьци
14845,ле́нинсьциии
14846,xxx
14847,xxx
14848,xxx
14849,xxx
14850,xxx
14851,xxx
14852,xxx
14853,xxx
14854,xxx
14855,xxx
14856,ле́сбийсьцамъии
14857,ле́сбийськыии
14858,ле́сбийсьцѣхъ
14859,xxx
14860,xxx
14861,xxx
14862,лесавадчесьцъы́и
14863,лесавадчесьцъи́и
14864,ле́савадчесьцамъии
14865,xxx
14866,xxx
14867,xxx
14868,xxx
14869,xxx
14870,xxx
14871,лесазагатавительна́
14872,лесазагатавительну́
14873,лесазагатавительнъы́и
14874,лесазагатавительни́
14875,лесазагатавительнъи́и
14876,лесазагатавительны́
14877,лесаинженерну́
14878,лесаинжене́рнъ
14879,лесаинжерно́мъ
14880,лесаинжерны́ии
14881,лесаинженерны́ии
14882,лесамелиарава́тнъ
14883,лесамелиарати́внъ
14884,лесамелиараватнѣ́хъии
14885,лесамелиаративнѣ́хъии
14886,xxx
14887,xxx
14888,xxx
14889,xxx
14890,xxx
14891,xxx
14892,xxx
14893,xxx
14894,xxx
14895,xxx
14896,xxx
14897,xxx
14898,xxx
14899,xxx
14900,xxx
14901,xxx
14902,xxx
14903,xxx
14904,xxx
14905,xxx
14906,xxx
14907,xxx
14908,xxx
14909,xxx
14910,xxx
14911,xxx
14912,xxx
14913,xxx
14914,xxx
14915,xxx
14916,xxx
14917,xxx
14918,xxx
14919,xxx
14920,xxx
14921,xxx
14922,xxx
14923,xxx
14924,xxx
14925,xxx
14926,xxx
14927,xxx
14928,xxx
14929,xxx
14930,xxx
14931,xxx
14932,xxx
14933,xxx
14934,xxx
14935,xxx
14936,xxx
14937,xxx
14938,xxx
14939,xxx
14940,xxx
14941,xxx
14942,ли́с
14943,ли́са
14944,ли́с
14945,ли́самь
14946,ли́самьыи
14947,ли́си
14948,ли́самъии
14949,xxx
14950,xxx
14951,xxx
14952,xxx
14953,xxx
14954,xxx
14955,xxx
14956,xxx
14957,ли́таыи
14958,ли́ту
14959,ли́ту
14960,ли́т
14961,ли́тамь
14962,ли́тамъии
14963,ли́ты
14964,ли́тыии
14965,ли́тыии
14966,ли́ты
14967,xxx
14968,xxx
14969,xxx
14970,xxx
14971,xxx
14972,xxx
14973,xxx
14974,xxx
14975,xxx
14976,xxx
14977,xxx
14978,xxx
14979,xxx
14980,xxx
14981,лагистиче́сьцъ
14982,ло́гистичесьцъыи
14983,ло́гистичеськи
14984,ло́гистичесьциии
14985,лагистиче́сьцъ
14986,лагистиче́ськъ
14987,ло́гистичеськъии
14988,ло́гистичесьци
14989,ло́гистичесьциии
14990,ло́гистичесьцѣхъ
14991,ло́гичѣсьцъыи
14992,лагичѣ́ськъ
14993,ло́гичиськыии
14994,ло́гичиськихъ
14995,xxx
14996,ло́камативнъыи
14997,ло́камативну
14998,лакамати́внъ
14999,ло́камативниии
15000,ло́камативнамъии
15001,ло́камативныии
15002,ло́камативнихъии
15003,xxx
15004,xxx
15005,xxx
15006,xxx
15007,xxx
15008,xxx
15009,ло́ндансьцъыи
15010,ло́нданськъыи
15011,ло́нданськамь
15012,ло́нданськамьыи
15013,ло́ндансьцѣ
15014,ло́ндансьцѣ
15015,ло́нданськи
15016,ло́ндансьцѣыи
15017,ло́ндансьци
15018,xxx
15019,xxx
15020,xxx
15021,xxx
15022,xxx
15023,xxx
15024,xxx
15025,xxx
15026,xxx
15027,xxx
15028,xxx
15029,xxx
15030,xxx
15031,xxx
15032,xxx
15033,xxx
15034,xxx
15035,xxx
15036,xxx
15037,xxx
15038,xxx
15039,xxx
15040,xxx
15041,xxx
15042,xxx
15043,xxx
15044,xxx
15045,лы́чнъ
15046,лы́чна
15047,лы́чнаыи
15048,лы́чнуыи
15049,лы́чнъ
15050,лы́чнъ
15051,лы́чнѣ
15052,лы́чниыи
15053,лы́чнамъии
15054,лы́чны
15055,лы́чнихъии
15056,льви́н
15057,льви́нъыи
15058,льви́ны
15059,льви́ныии
15060,льви́нѣхъии
15061,xxx
15062,xxx
15063,льня́нъыи
15064,льня́наыи
15065,льня́н
15066,льня́намъ
15067,льня́ны
15068,xxx
15069,лю́дсьца
15070,лю́дсьцу
15071,лю́дсьцъ
15072,лю́дськъыи
15073,лю́дсьцѣыи
15074,лю́дсьцъии
15075,лю́дсьцамъии
15076,лю́дськыии
15077,лю́дсьциии
15078,лю́дськихъ
15079,лю́дсьцѣхъии
15080,люминѣсцѣ́нтнъ
15081,лю́минѣсцѣнтна
15082,лю́минисцинтна
15083,лю́минѣсцѣнтнаыи
15084,люминисцинтну́
15085,лю́минѣсцѣнтнъыи
15086,люминисцинтнѣ́
15087,лю́минѣсцѣнтнѣхъ
15088,лютера́нсьцъ
15089,лютера́нськъ
15090,лю́терансьцамьыи
15091,лю́терансьциии
15092,лютера́нсьцъ
15093,лю́теранськы
15094,xxx
15095,xxx
15096,магичесьца́ыи
15097,магичеськѣ́
15098,ма́гичесьциии
15099,ма́гичесьцѣхъ
15100,ма́гичесьцѣхъии
15101,магматиче́сьцъ
15102,ма́гматичесьцъыи
15103,магматичесьцѣ́
15104,ма́гматичеськи
15105,магматичесьцо́мъ
15106,магматичесько́мъ
15107,ма́гматичесьци
15108,xxx
15109,xxx
15110,xxx
15111,ма́йськъ
15112,ма́йську
15113,ма́йськамьыи
15114,ма́йськи
15115,ма́йсьциии
15116,ма́йськиии
15117,ма́йсьцъ
15118,ма́йсьцамъ
15119,ма́йськамъ
15120,ма́йськыии
15121,xxx
15122,xxx
15123,xxx
15124,xxx
15125,xxx
15126,xxx
15127,xxx
15128,македо́нсьцъ
15129,македо́нськъ
15130,македансьцъы́и
15131,македо́нсьцъ
15132,македансьцѣ́
15133,македо́нськъ
15134,македансьцъи́и
15135,македансьцо́мъии
15136,македансьци́
15137,малайзи́йсьцъ
15138,малайзи́йськъ
15139,ма́лайзийськамь
15140,ма́лайзийсьцѣыи
15141,ма́лайзийсьциии
15142,малайзи́йськъ
15143,ма́лайзийськамъии
15144,ма́лайзийсьциии
15145,ма́лайзийсьцѣхъии
15146,xxx
15147,xxx
15148,xxx
15149,xxx
15150,xxx
15151,малра́слъ
15152,ма́лараслъыи
15153,малрасло́мь
15154,малрасло́мъ
15155,малраслы́ии
15156,малраслѣ́хъ
15157,ма́льчишесьцъыи
15158,мальчишеськѣ́
15159,ма́льчишесьцѣыи
15160,мальчишесьцо́мъ
15161,ма́льчишесьцамъии
15162,мальчишесьци́ии
15163,мальчишесьци́ии
15164,xxx
15165,xxx
15166,xxx
15167,xxx
15168,xxx
15169,xxx
15170,xxx
15171,xxx
15172,xxx
15173,xxx
15174,xxx
15175,xxx
15176,xxx
15177,xxx
15178,xxx
15179,марии́нсьца
15180,марии́нськаыи
15181,марии́нськуыи
15182,марии́нсьцѣ
15183,марии́нсьцамъ
15184,марии́нськыии
15185,ма́риинськихъии
15186,xxx
15187,xxx
15188,xxx
15189,xxx
15190,xxx
15191,xxx
15192,xxx
15193,xxx
15194,xxx
15195,xxx
15196,xxx
15197,xxx
15198,xxx
15199,xxx
15200,xxx
15201,xxx
15202,xxx
15203,xxx
15204,маскулинна́ыи
15205,ма́скулиннъыи
15206,маскули́ннамь
15207,ма́скулиннамьыи
15208,маскулиннѣ́ыи
15209,маскулиннѣ́ыи
15210,ма́скулинни
15211,маскулинни́ии
15212,ма́скулиннамъии
15213,ма́скулиннихъ
15214,xxx
15215,xxx
15216,ма́сснъ
15217,ма́сснъыи
15218,ма́ссни
15219,ма́сснъ
15220,ма́сснъии
15221,ма́ссны
15222,xxx
15223,xxx
15224,xxx
15225,xxx
15226,xxx
15227,xxx
15228,xxx
15229,xxx
15230,xxx
15231,xxx
15232,xxx
15233,xxx
15234,xxx
15235,xxx
15236,xxx
15237,xxx
15238,xxx
15239,машинастраительна́
15240,машинастраите́льнъ
15241,машинастраительнѣ́ыи
15242,машинастраительни́
15243,машинастраительнъи́и
15244,xxx
15245,xxx
15246,xxx
15247,xxx
15248,xxx
15249,xxx
15250,xxx
15251,xxx
15252,xxx
15253,xxx
15254,xxx
15255,xxx
15256,межличнастна́ыи
15257,межличнастнъы́и
15258,межличнастно́мьыи
15259,межлично́стнъ
15260,межличнастны́
15261,межличнастнѣ́хъ
15262,межличнастнѣ́хъии
15263,xxx
15264,xxx
15265,xxx
15266,мѣжэтничѣ́сьцъ
15267,мижэтничѣ́ськъыи
15268,мѣжэтничѣсьцу́ыи
15269,мѣжэтничѣсьцо́мь
15270,мѣжэтничѣсьцо́мьыи
15271,мѣжэтничѣсьци́
15272,мѣжэтничѣсьци́
15273,мижэтничѣ́ськихъ
15274,xxx
15275,мелкакалибе́рнъыи
15276,ме́лкакалибернуыи
15277,мелкакалибе́рнамь
15278,мелкакалиберни́ии
15279,ме́лкакалибернамъ
15280,мелкакалибе́рны
15281,ме́лкакалиберныии
15282,мелкакалибе́рныии
15283,xxx
15284,xxx
15285,xxx
15286,xxx
15287,xxx
15288,xxx
15289,xxx
15290,метадичеськъы́и
15291,метадичесьци́ии
15292,метадиче́ськъ
15293,метадичесьцъи́и
15294,метадичесько́мъ
15295,ме́тадичесьци
15296,метадичесьци́ии
15297,ме́тадичеськихъ
15298,метадичеськѣ́хъии
15299,xxx
15300,xxx
15301,xxx
15302,xxx
15303,xxx
15304,xxx
15305,xxx
15306,xxx
15307,xxx
15308,xxx
15309,xxx
15310,xxx
15311,xxx
15312,xxx
15313,xxx
15314,xxx
15315,xxx
15316,xxx
15317,xxx
15318,xxx
15319,мицравално́ва
15320,мицравално́ваыи
15321,мицравалнавѣ́
15322,мицравалнави́ии
15323,мицравално́в
15324,мицравално́в
15325,мицравално́вамъ
15326,мицравално́вы
15327,мицравалнавы́ии
15328,xxx
15329,xxx
15330,xxx
15331,xxx
15332,ми́леньца
15333,ми́леньцаыи
15334,ми́леньцамь
15335,ми́леньцѣыи
15336,ми́леньциии
15337,ми́леньцъии
15338,ми́леньцѣхъии
15339,xxx
15340,xxx
15341,xxx
15342,xxx
15343,xxx
15344,xxx
15345,xxx
15346,xxx
15347,xxx
15348,xxx
15349,миниатю́рнъ
15350,миниатюрну́
15351,миниатю́рнъ
15352,миниатюрны́ии
15353,миниатюрны́ии
15354,миниатюрнѣ́хъ
15355,xxx
15356,xxx
15357,xxx
15358,xxx
15359,xxx
15360,xxx
15361,ми́ннаыи
15362,ми́ннѣыи
15363,ми́нни
15364,ми́ннъии
15365,ми́ннамъ
15366,ми́ннамъ
15367,ми́ннамъии
15368,ми́нныии
15369,xxx
15370,xxx
15371,xxx
15372,ми́нсьца
15373,ми́нська
15374,ми́нськъ
15375,ми́нсьцъыи
15376,ми́нсьцамьыи
15377,ми́нськамьыи
15378,ми́нсьцамъ
15379,ми́нсьци
15380,ми́нсьциии
15381,xxx
15382,xxx
15383,xxx
15384,ми́ратварчесьцъыи
15385,ми́ратварчесьцаыи
15386,ми́ратварчесьцъыи
15387,ми́ратварчеськамьыи
15388,миратварчеськи́ии
15389,миратварче́сьцъ
15390,ми́ратварчесьцамъ
15391,ми́ратварчесьцѣхъ
15392,ми́рсьцъыи
15393,ми́рсьцъ
15394,ми́рсьци
15395,ми́рсьциии
15396,xxx
15397,xxx
15398,xxx
15399,xxx
15400,xxx
15401,xxx
15402,xxx
15403,xxx
15404,xxx
15405,младенче́сьцъ
15406,мла́денчесьцъыи
15407,младенче́ськъ
15408,мла́денчесьцъыи
15409,мла́денчеськамьыи
15410,мла́денчесьцамъ
15411,мла́денчесьциии
15412,мла́денчеськихъии
15413,xxx
15414,xxx
15415,xxx
15416,xxx
15417,xxx
15418,xxx
15419,xxx
15420,xxx
15421,xxx
15422,xxx
15423,xxx
15424,xxx
15425,xxx
15426,xxx
15427,xxx
15428,xxx
15429,xxx
15430,мо́гутнъыи
15431,магу́тнамь
15432,мо́гутнамьыи
15433,мо́гутниыи
15434,мо́гутниии
15435,магу́тнъ
15436,мо́гутнъии
15437,мо́гутнамъ
15438,мо́гутнихъ
15439,xxx
15440,xxx
15441,xxx
15442,xxx
15443,xxx
15444,xxx
15445,xxx
15446,xxx
15447,xxx
15448,xxx
15449,xxx
15450,xxx
15451,xxx
15452,xxx
15453,xxx
15454,xxx
15455,xxx
15456,xxx
15457,xxx
15458,мла́деньцъыи
15459,маладе́ньцъ
15460,мла́деньцъыи
15461,мла́деньцамьыи
15462,мла́деньцамьыи
15463,мо́ладеньци
15464,xxx
15465,xxx
15466,xxx
15467,xxx
15468,xxx
15469,xxx
15470,xxx
15471,xxx
15472,xxx
15473,xxx
15474,xxx
15475,мо́рсьцъыи
15476,мо́рськъ
15477,мо́рсьци
15478,мо́рськъии
15479,мо́рсьци
15480,xxx
15481,xxx
15482,xxx
15483,xxx
15484,мо́скавсьцъыи
15485,мо́скавськамь
15486,мо́скавськиыи
15487,маско́всьцъ
15488,маско́всьцъ
15489,мо́скавсьцамъ
15490,мо́скавськамъ
15491,мо́скавсьци
15492,мо́скавсьциии
15493,мо́скавсьци
15494,мо́скавсьцѣхъ
15495,мо́скавсьцѣхъии
15496,xxx
15497,xxx
15498,xxx
15499,xxx
15500,xxx
15501,xxx
15502,xxx
15503,xxx
15504,xxx
15505,xxx
15506,xxx
15507,xxx
15508,xxx
15509,мужелажесьцъы́и
15510,мужелажесько́мьыи
15511,мужелажесьци́ии
15512,мужелажеськи́ии
15513,мужелажесьци́ии
15514,мужелажесьцѣ́хъ
15515,xxx
15516,му́жнъыи
15517,му́жнаыи
15518,му́жнуыи
15519,му́жнѣ
15520,му́жнѣыи
15521,му́жниии
15522,му́жнъии
15523,му́жнамъ
15524,мультивалю́тнъ
15525,мультивалютнъы́и
15526,мультивалютна́
15527,мультивалютну́
15528,мультивалютнъы́и
15529,мультивалютно́мь
15530,мультивалютнѣ́
15531,мультивалютни́
15532,мультивалютно́мъ
15533,мультивалютно́мъии
15534,мультивалютны́
15535,xxx
15536,xxx
15537,xxx
15538,xxx
15539,xxx
15540,xxx
15541,xxx
15542,xxx
15543,xxx
15544,xxx
15545,xxx
15546,xxx
15547,xxx
15548,мы́льнъ
15549,мы́льну
15550,мы́льнъ
15551,мы́льнамьыи
15552,мы́льниыи
15553,мы́льнамъ
15554,мы́льны
15555,мы́льнѣхъии
15556,xxx
15557,xxx
15558,на́визацианну
15559,на́визацианну
15560,навизацио́ннъ
15561,на́визацианниыи
15562,на́визацианниии
15563,на́визацианниии
15564,на́визацианнамъ
15565,на́визацианныии
15566,xxx
15567,xxx
15568,xxx
15569,xxx
15570,xxx
15571,xxx
15572,xxx
15573,xxx
15574,xxx
15575,xxx
15576,xxx
15577,xxx
15578,xxx
15579,xxx
15580,xxx
15581,xxx
15582,xxx
15583,xxx
15584,xxx
15585,xxx
15586,xxx
15587,xxx
15588,xxx
15589,xxx
15590,xxx
15591,xxx
15592,xxx
15593,xxx
15594,xxx
15595,xxx
15596,xxx
15597,xxx
15598,xxx
15599,xxx
15600,xxx
15601,xxx
15602,xxx
15603,xxx
15604,xxx
15605,xxx
15606,xxx
15607,xxx
15608,xxx
15609,xxx
15610,xxx
15611,xxx
15612,xxx
15613,xxx
15614,xxx
15615,xxx
15616,xxx
15617,xxx
15618,xxx
15619,на́лагавъыи
15620,на́лагава
15621,на́лагаву
15622,на́лагавъыи
15623,на́лагавиыи
15624,на́лагави
15625,на́лагавамъ
15626,на́лагавамъии
15627,xxx
15628,xxx
15629,xxx
15630,xxx
15631,xxx
15632,нарицате́льнъ
15633,на́рицательнъыи
15634,на́рицательна
15635,на́рицательны
15636,на́рицательны
15637,на́рицательнѣхъии
15638,xxx
15639,xxx
15640,xxx
15641,xxx
15642,xxx
15643,xxx
15644,xxx
15645,xxx
15646,xxx
15647,xxx
15648,на́рциссичесьца
15649,на́рциссичесьцъыи
15650,на́рциссичеськамьыи
15651,на́рциссичесьцѣыи
15652,на́рциссичеськи
15653,xxx
15654,xxx
15655,xxx
15656,xxx
15657,xxx
15658,xxx
15659,xxx
15660,научна-пратичесьца́ыи
15661,научна-пратиче́ськъ
15662,на́учна-пратичеськамьыи
15663,научна-пратичеськи́ии
15664,научна-пратичесьци́
15665,научна-пратичеськы́
15666,научна-техничесько́мь
15667,на́учна-техничесьцамьыи
15668,научна-техничесьци́ии
15669,научна-техничесьци́ии
15670,научна-техничесько́мъ
15671,на́учна-техничесьцамъии
15672,научна-техничесьци́
15673,научна-техничеськѣ́хъ
15674,научна-техничеськѣ́хъии
15675,нацианалистичѣ́сьцъ
15676,нацианалистичѣ́ськъ
15677,на́цианалистичѣсьцѣ
15678,на́цианалистичиськи
15679,на́цианалистичѣсьци
15680,на́цианалистичѣсьци
15681,на́цианалистичиськы
15682,нацианалистичѣсьци́ии
15683,на́цианалистичиськихъии
15684,xxx
15685,xxx
15686,xxx
15687,на́чальничаыи
15688,на́чальничамь
15689,на́чальничи
15690,на́чальничии
15691,на́чальничѣхъии
15692,xxx
15693,xxx
15694,xxx
15695,xxx
15696,xxx
15697,xxx
15698,xxx
15699,xxx
15700,xxx
15701,xxx
15702,нѣ́всьцъ
15703,нѣ́всьцаыи
15704,нѣ́вськаыи
15705,нѣ́всьцамьыи
15706,xxx
15707,xxx
15708,xxx
15709,xxx
15710,xxx
15711,xxx
15712,xxx
15713,xxx
15714,нѣ́дримлюща
15715,нѣдрѣмлюща́ыи
15716,нѣдрѣмлющу́ыи
15717,нѣ́дрѣмлющѣыи
15718,нѣ́дримлющиыи
15719,нидримлю́щ
15720,нѣ́дримлющъии
15721,нѣ́дримлющамъ
15722,нѣ́дрѣмлющы
15723,нѣдрѣмлющы́ии
15724,нѣ́дримлющихъ
15725,нѣ́дрѣмлющѣхъии
15726,нежи́ва
15727,не́живаыи
15728,не́живъыи
15729,не́живамьыи
15730,не́живъии
15731,не́живамъ
15732,нежи́вы
15733,нежи́вы
15734,не́живыии
15735,не́жилъыи
15736,не́жилу
15737,не́жилъыи
15738,нежи́ламь
15739,не́жиламьыи
15740,не́жилиыи
15741,нежи́л
15742,не́жиламъ
15743,не́жиламъии
15744,не́жиламъии
15745,не́жилыии
15746,не́жилѣхъии
15747,незаканнражде́ннъ
15748,незаканнаражде́ннъ
15749,незаканнражде́ннъ
15750,не́заканнражденна
15751,незаканнражде́ннъ
15752,не́заканнражденнамьыи
15753,не́заканнражденни
15754,не́заканнражденнамъ
15755,не́заканнражденнѣхъ
15756,не́заканнражденнихъии
15757,xxx
15758,xxx
15759,xxx
15760,xxx
15761,xxx
15762,xxx
15763,xxx
15764,xxx
15765,xxx
15766,не́каммерчеську
15767,не́каммерчесьцѣ
15768,некаммерче́ськъ
15769,не́каммерчеськыии
15770,не́каммерчесьци
15771,некаммерчесьци́ии
15772,xxx
15773,xxx
15774,xxx
15775,xxx
15776,xxx
15777,xxx
15778,xxx
15779,xxx
15780,не́нецьцъыи
15781,не́нецька
15782,нене́цькъ
15783,не́нецьци
15784,xxx
15785,xxx
15786,xxx
15787,неанацистська́ыи
15788,неанацистсьцу́ыи
15789,неанацистсьцу́ыи
15790,не́анацистсьцъыи
15791,не́анацистсьцамьыи
15792,неанаци́стсьцъ
15793,не́анацистськихъ
15794,не́анацистськихъии
15795,xxx
15796,xxx
15797,xxx
15798,xxx
15799,xxx
15800,xxx
15801,xxx
15802,не́афашистсьцуыи
15803,не́афашистськъыи
15804,не́афашистськи
15805,не́афашистсьциии
15806,не́афашистсьцамъии
15807,неафашистсьци́ии
15808,неафашистськы́ии
15809,xxx
15810,неправительственна́
15811,неправительственна́ыи
15812,неправительственну́ыи
15813,не́правительственнамьыи
15814,неправительственно́мъ
15815,не́правительственнамъии
15816,не́правительственны
15817,неправительственны́
15818,не́правительственнихъ
15819,не́правительственнѣхъии
15820,xxx
15821,xxx
15822,xxx
15823,xxx
15824,xxx
15825,xxx
15826,xxx
15827,xxx
15828,xxx
15829,xxx
15830,xxx
15831,xxx
15832,xxx
15833,нѣсистѣматичѣ́сьцъ
15834,нѣсистѣматичѣсьцъы́и
15835,нисистиматичѣ́ськуыи
15836,нѣсистѣматичѣсьцо́мьыи
15837,нѣсистѣматичѣсьцѣ́
15838,нѣсистѣматичѣсьцѣ́ыи
15839,xxx
15840,нѣсу́щ
15841,нѣсу́щамьыи
15842,нѣсу́щиии
15843,нѣсу́щамъии
15844,нетану́щ
15845,нетану́щ
15846,нетану́щъыи
15847,не́танущамъии
15848,не́танущыии
15849,не́управляему
15850,неуправляе́м
15851,неуправляеми́ии
15852,неуправляе́м
15853,неуправляемъи́и
15854,неуправляемъи́и
15855,неуправляе́мы
15856,неуправляе́мы
15857,xxx
15858,xxx
15859,xxx
15860,xxx
15861,xxx
15862,xxx
15863,нижегра́дсьцъ
15864,ни́жегарадсьцамьыи
15865,ни́жеградсьциии
15866,ни́жеградсьцамъии
15867,ни́жеградсьциии
15868,ни́зеньцу
15869,ни́зеньцуыи
15870,низе́ньцъ
15871,ни́зеньцамъии
15872,ни́зеньциии
15873,xxx
15874,xxx
15875,xxx
15876,xxx
15877,xxx
15878,xxx
15879,xxx
15880,xxx
15881,xxx
15882,нище́нсьцъ
15883,нищенсьца́ыи
15884,ни́щенсьцу
15885,ни́щенсьцамь
15886,нищенсьцѣ́
15887,ни́щенськи
15888,ни́щенсьцамъии
15889,ни́щенсьциии
15890,ни́щенсьциии
15891,нищенськы́ии
15892,но́белевсьци
15893,но́белевсьцамъии
15894,xxx
15895,навгра́дськъ
15896,навгра́дськъ
15897,но́вградськамь
15898,но́вградсьцѣыи
15899,но́вградсьциии
15900,xxx
15901,xxx
15902,xxx
15903,xxx
15904,xxx
15905,xxx
15906,xxx
15907,xxx
15908,xxx
15909,xxx
15910,xxx
15911,xxx
15912,xxx
15913,xxx
15914,xxx
15915,xxx
15916,xxx
15917,xxx
15918,xxx
15919,xxx
15920,xxx
15921,xxx
15922,xxx
15923,xxx
15924,xxx
15925,xxx
15926,xxx
15927,xxx
15928,xxx
15929,но́рильсьцъыи
15930,но́рильсьцу
15931,но́рильсьцамь
15932,нари́льсьцъ
15933,нари́льськъ
15934,но́рильськыии
15935,нармативна-параво́рнъ
15936,но́рмативна-парпавамьыи
15937,но́рмативна-паварти
15938,но́рмативна-паварты
15939,но́рмативна-павартихъ
15940,xxx
15941,xxx
15942,xxx
15943,xxx
15944,xxx
15945,xxx
15946,xxx
15947,xxx
15948,xxx
15949,xxx
15950,xxx
15951,xxx
15952,xxx
15953,xxx
15954,xxx
15955,xxx
15956,xxx
15957,xxx
15958,xxx
15959,xxx
15960,xxx
15961,xxx
15962,xxx
15963,xxx
15964,xxx
15965,нью-йо́рьцъ
15966,нью-йарксьца́
15967,нью́-йарксьци
15968,нью-йарксько́мъии
15969,нью-йаркськы́
15970,нью-йарксьци́ии
15971,xxx
15972,xxx
15973,xxx
15974,xxx
15975,xxx
15976,xxx
15977,xxx
15978,xxx
15979,xxx
15980,xxx
15981,xxx
15982,xxx
15983,xxx
15984,xxx
15985,xxx
15986,xxx
15987,xxx
15988,xxx
15989,xxx
15990,xxx
15991,xxx
15992,xxx
15993,xxx
15994,xxx
15995,xxx
15996,xxx
15997,xxx
15998,xxx
15999,xxx
16000,xxx
16001,xxx
16002,xxx
16003,xxx
16004,xxx
16005,xxx
16006,xxx
16007,xxx
16008,xxx
16009,xxx
16010,xxx
16011,xxx
16012,о́бщегасударственна
16013,абщегасударстве́ннъ
16014,о́бщегасударственнамьыи
16015,о́бщегасударственни
16016,о́бщегасударственнамъ
16017,о́бщегасударственны
16018,о́бщегасударственнихъии
16019,о́бщерассийсьцу
16020,о́бщерассийськуыи
16021,абщерасси́йськъ
16022,о́бщерассийсьцамь
16023,о́бщерассийськамьыи
16024,о́бщерассийсьци
16025,о́бщерассийсьцамъии
16026,о́бщерассийсьци
16027,о́бщерассийськы
16028,о́бщерассийсьцѣхъ
16029,о́бщественна-тичесьцѣыи
16030,о́бщественна-тичесьциии
16031,о́бщественна-палитичеськамъии
16032,о́бщественна-тичесьцѣхъии
16033,xxx
16034,xxx
16035,xxx
16036,xxx
16037,xxx
16038,xxx
16039,xxx
16040,xxx
16041,xxx
16042,xxx
16043,xxx
16044,xxx
16045,xxx
16046,xxx
16047,xxx
16048,xxx
16049,xxx
16050,xxx
16051,xxx
16052,xxx
16053,xxx
16054,xxx
16055,xxx
16056,xxx
16057,xxx
16058,xxx
16059,xxx
16060,xxx
16061,xxx
16062,xxx
16063,xxx
16064,xxx
16065,xxx
16066,xxx
16067,xxx
16068,xxx
16069,xxx
16070,xxx
16071,xxx
16072,адинако́в
16073,о́динакавѣ
16074,о́динакавѣыи
16075,о́динакавиыи
16076,о́динакавъии
16077,о́динакавыии
16078,о́динакавыии
16079,о́днагарба
16080,о́днагарбаыи
16081,о́днагарбамь
16082,о́днагарби
16083,о́днагарби
16084,о́днагарбыии
16085,о́днагарбѣхъ
16086,о́днагарбѣхъии
16087,xxx
16088,xxx
16089,xxx
16090,xxx
16091,xxx
16092,xxx
16093,xxx
16094,xxx
16095,xxx
16096,xxx
16097,xxx
16098,xxx
16099,xxx
16100,xxx
16101,xxx
16102,xxx
16103,xxx
16104,xxx
16105,xxx
16106,xxx
16107,акаймлённъы́и
16108,акаймлённъы́и
16109,акаймлённъы́и
16110,акаймлённа́ыи
16111,акаймлённу́
16112,акаймлё́ннъ
16113,о́каймлённѣыи
16114,акаймлённы́ии
16115,о́каймлённихъии
16116,xxx
16117,xxx
16118,аккупацио́ннъ
16119,о́ккупацианнамь
16120,о́ккупацианнамь
16121,о́ккупацианнѣхъ
16122,о́ккупацианнѣхъии
16123,о́каламатачнаыи
16124,о́кламатачнамьыи
16125,о́кламатачнамъ
16126,о́кламатачны
16127,о́кламатачны
16128,xxx
16129,xxx
16130,xxx
16131,xxx
16132,xxx
16133,xxx
16134,xxx
16135,xxx
16136,xxx
16137,xxx
16138,xxx
16139,xxx
16140,xxx
16141,xxx
16142,xxx
16143,xxx
16144,xxx
16145,xxx
16146,xxx
16147,xxx
16148,о́лизархичеськъыи
16149,о́лизархичесьцаыи
16150,о́лизархичесьцамъии
16151,о́лизархичеськы
16152,о́лизархичеськыии
16153,xxx
16154,xxx
16155,xxx
16156,xxx
16157,xxx
16158,xxx
16159,xxx
16160,xxx
16161,xxx
16162,xxx
16163,аперативна-зарнъы́и
16164,о́перативна-занамь
16165,аперативна-занасьцѣ́
16166,аперативна-зарсьцѣ́ыи
16167,аперативна-зарсьци́ии
16168,аперативна-зансьцъи́и
16169,аперативна-зансьци́
16170,аперативна-зарськѣ́хъ
16171,аперацио́ннъ
16172,о́перацианнамь
16173,о́перацианнѣ
16174,о́перацианнѣ
16175,о́перацианнамъии
16176,о́перацианныии
16177,о́перацианны
16178,о́перацианнихъ
16179,xxx
16180,xxx
16181,xxx
16182,xxx
16183,xxx
16184,xxx
16185,xxx
16186,xxx
16187,xxx
16188,xxx
16189,xxx
16190,xxx
16191,xxx
16192,xxx
16193,xxx
16194,xxx
16195,xxx
16196,xxx
16197,xxx
16198,xxx
16199,xxx
16200,xxx
16201,xxx
16202,xxx
16203,xxx
16204,xxx
16205,xxx
16206,о́ргиастичесьцаыи
16207,о́ргиастичеську
16208,о́ргиастичеськамьыи
16209,о́ргиастичесьци
16210,о́ргиастичесьцѣхъии
16211,аренбу́ргсьцъ
16212,о́ренбургськамъ
16213,о́ренбургсьцамъии
16214,о́ренбургськамъии
16215,xxx
16216,xxx
16217,xxx
16218,xxx
16219,о́рлинъыи
16220,о́рлинъии
16221,о́рлинамъ
16222,о́рлины
16223,о́рлиныии
16224,о́рлавсьцъыи
16225,о́рлавсьцъыи
16226,о́рлавськуыи
16227,о́рлавсьцъыи
16228,о́рлавськи
16229,о́рлавсьци
16230,арлавсьци́
16231,арлавсьци́ии
16232,о́рлавсьциии
16233,о́рлавсьцѣхъ
16234,xxx
16235,о́ружейнъыи
16236,о́ружейнъыи
16237,о́ружейнамьыи
16238,аружейнѣ́
16239,о́ружейниии
16240,аруже́йнъ
16241,о́ружейнъии
16242,о́ружейны
16243,аружейны́ии
16244,о́ружейнѣхъ
16245,о́ружейнихъии
16246,xxx
16247,xxx
16248,xxx
16249,xxx
16250,xxx
16251,xxx
16252,xxx
16253,xxx
16254,xxx
16255,xxx
16256,xxx
16257,xxx
16258,xxx
16259,xxx
16260,xxx
16261,xxx
16262,xxx
16263,xxx
16264,xxx
16265,xxx
16266,xxx
16267,xxx
16268,xxx
16269,xxx
16270,о́сматичѣсьцъыи
16271,о́сматичѣсьцъии
16272,о́сматичиськы
16273,xxx
16274,xxx
16275,xxx
16276,xxx
16277,о́ставшийсяа
16278,о́ставшийсяы
16279,аставшийся́ыи
16280,аставшийсяо́юыи
16281,о́ставшийсяѣ
16282,аставши́йсъ
16283,о́ставшийсяъии
16284,о́ставшийсяы
16285,о́ставшийсяами
16286,xxx
16287,xxx
16288,xxx
16289,xxx
16290,xxx
16291,xxx
16292,xxx
16293,xxx
16294,xxx
16295,о́твадящуыи
16296,о́твадящамьыи
16297,о́твадящѣ
16298,о́твадящѣыи
16299,атвадя́щ
16300,о́твадящамъ
16301,о́твадящамъии
16302,о́твадящѣхъ
16303,о́твадящѣхъии
16304,о́твадящѣхъии
16305,xxx
16306,xxx
16307,xxx
16308,xxx
16309,xxx
16310,xxx
16311,xxx
16312,xxx
16313,xxx
16314,xxx
16315,xxx
16316,xxx
16317,xxx
16318,xxx
16319,xxx
16320,xxx
16321,xxx
16322,xxx
16323,xxx
16324,xxx
16325,xxx
16326,xxx
16327,xxx
16328,xxx
16329,xxx
16330,атсутствую́щ
16331,о́тсутствующъыи
16332,о́тсутствующуыи
16333,о́тсутствующѣ
16334,о́тсутствующи
16335,о́тсутствующѣыи
16336,о́тсутствующиии
16337,о́тсутствующамъии
16338,о́тсутствующы
16339,о́тсутствующыии
16340,xxx
16341,xxx
16342,xxx
16343,xxx
16344,xxx
16345,xxx
16346,xxx
16347,xxx
16348,xxx
16349,о́хатничамьыи
16350,о́хатничиии
16351,о́хатничамъ
16352,о́хатничамъии
16353,о́хатничамъии
16354,о́хатничы
16355,о́хатничыии
16356,о́хатничѣхъ
16357,xxx
16358,о́чередну
16359,ачрѣ́днъыи
16360,о́чрѣднамьыи
16361,о́чриднамьыи
16362,о́чрѣднѣыи
16363,о́чрѣдни
16364,ачрѣ́днъ
16365,о́чередныии
16366,xxx
16367,о́чнъыи
16368,о́чнъыи
16369,о́чниии
16370,о́чнамъ
16371,о́чнамъии
16372,о́чнамъии
16373,о́чны
16374,xxx
16375,xxx
16376,xxx
16377,xxx
16378,xxx
16379,xxx
16380,xxx
16381,xxx
16382,xxx
16383,xxx
16384,xxx
16385,xxx
16386,xxx
16387,xxx
16388,xxx
16389,xxx
16390,палеанталагиче́сьцъ
16391,палеантлагичеськъы́и
16392,палеантлагичеська́ыи
16393,палеанталагичесьцу́
16394,палеантлагичеську́
16395,па́леантлагичеськъыи
16396,палеантлагичесько́мьыи
16397,палеантлагичесьцѣ́ыи
16398,палеантлагичесьци́ии
16399,па́леантлагичеськы
16400,палеантлагичеськѣ́хъии
16401,палестинсьца́ыи
16402,па́лестинсьцу
16403,па́лестинськуыи
16404,па́лестинсьцъыи
16405,па́лестинськъыи
16406,па́лестинськиыи
16407,па́лестинськиии
16408,па́лестинськъии
16409,па́лестинськамъии
16410,xxx
16411,xxx
16412,xxx
16413,па́ллиативнаыи
16414,па́ллиативну
16415,паллиати́внъ
16416,па́ллиативнъыи
16417,па́ллиативнѣыи
16418,па́ллиативни
16419,па́ллиативны
16420,па́ллиативны
16421,па́ллиативныии
16422,xxx
16423,xxx
16424,xxx
16425,xxx
16426,xxx
16427,xxx
16428,xxx
16429,xxx
16430,паничѣ́сьцъ
16431,паничѣсьца́ыи
16432,паничѣ́сьцъыи
16433,паничѣ́ськиыи
16434,паничѣ́ськиии
16435,паничѣ́ськъ
16436,паничѣ́сьцамъ
16437,паничѣ́ськыии
16438,паничѣ́сьци
16439,паничѣ́ськы
16440,паничѣ́сьцѣхъ
16441,xxx
16442,xxx
16443,xxx
16444,xxx
16445,па́псьцамь
16446,па́псьци
16447,па́пськы
16448,па́псьцѣхъ
16449,па́пськихъии
16450,xxx
16451,xxx
16452,xxx
16453,xxx
16454,xxx
16455,xxx
16456,xxx
16457,xxx
16458,xxx
16459,xxx
16460,xxx
16461,xxx
16462,xxx
16463,xxx
16464,xxx
16465,xxx
16466,xxx
16467,xxx
16468,патлагичесьца́ыи
16469,патлагичеська́ыи
16470,патлагичеську́ыи
16471,патлагиче́сьцъ
16472,патлагичесьцѣ́
16473,патлагичеськѣ́
16474,патлагичесьци́ии
16475,патлагиче́сьци
16476,паталагиче́сьци
16477,паталагичесьцѣ́хъ
16478,xxx
16479,xxx
16480,xxx
16481,xxx
16482,xxx
16483,педерастиче́сьцъ
16484,пе́дерастичесьцъыи
16485,пе́дерастичеськи
16486,пе́дерастичесьцъии
16487,пе́дерастичесьци
16488,пе́дерастичеськы
16489,педерастичесьци́ии
16490,педерастичеськы́ии
16491,пе́дерастичесьци
16492,пе́дерастичеськы
16493,пе́дерастичеськыии
16494,пе́дерастичеськихъ
16495,пе́дерастичеськихъии
16496,xxx
16497,xxx
16498,xxx
16499,xxx
16500,xxx
16501,xxx
16502,xxx
16503,xxx
16504,xxx
16505,xxx
16506,xxx
16507,xxx
16508,xxx
16509,xxx
16510,xxx
16511,xxx
16512,xxx
16513,xxx
16514,xxx
16515,xxx
16516,xxx
16517,xxx
16518,xxx
16519,xxx
16520,xxx
16521,xxx
16522,прѣ́рабатывающу
16523,пе́рерабатывающамьыи
16524,пе́рерабатывающѣ
16525,пе́рерабатывающѣыи
16526,прѣ́рабатывающамъ
16527,прѣ́рабатывающамъии
16528,прѣ́рабатывающыии
16529,xxx
16530,xxx
16531,xxx
16532,xxx
16533,xxx
16534,xxx
16535,xxx
16536,xxx
16537,xxx
16538,xxx
16539,перисъта́ыи
16540,перисъту́ыи
16541,перисъту́ыи
16542,пе́рисъти
16543,пери́сътъ
16544,пе́рисътъии
16545,пе́рмсьцъ
16546,пе́рмсьца
16547,пе́рмську
16548,пе́рмсьцъыи
16549,пе́рмсьцамьыи
16550,пе́рмсьцамьыи
16551,пе́рмсьцѣыи
16552,пе́рмськи
16553,пе́рмськъии
16554,пе́рмсьцѣхъии
16555,xxx
16556,xxx
16557,xxx
16558,xxx
16559,xxx
16560,xxx
16561,xxx
16562,xxx
16563,xxx
16564,xxx
16565,xxx
16566,xxx
16567,xxx
16568,xxx
16569,xxx
16570,xxx
16571,xxx
16572,xxx
16573,петрапавлавсьцу́ыи
16574,петрапавлавсько́мь
16575,петрапавлавсьцо́мьыи
16576,петрапавлавськѣ́
16577,петрапавлавсьцѣ́ыи
16578,петрапавлавсьцо́мъии
16579,петрапавлавсьци́ии
16580,пе́тушина
16581,петушина́ыи
16582,пе́тушину
16583,пе́тушиниыи
16584,пе́тушини
16585,пе́тушины
16586,пе́тушиныии
16587,петушины́ии
16588,пе́тушинихъии
16589,xxx
16590,xxx
16591,xxx
16592,xxx
16593,xxx
16594,xxx
16595,xxx
16596,xxx
16597,xxx
16598,xxx
16599,xxx
16600,xxx
16601,xxx
16602,xxx
16603,xxx
16604,xxx
16605,xxx
16606,пизда́т
16607,пи́здатъыи
16608,пи́здатъыи
16609,пиздата́ыи
16610,пиздатѣ́
16611,пи́здатыии
16612,пи́здатѣхъ
16613,пи́здатѣхъии
16614,xxx
16615,xxx
16616,xxx
16617,xxx
16618,xxx
16619,xxx
16620,xxx
16621,xxx
16622,xxx
16623,xxx
16624,xxx
16625,пишу́щу
16626,пишу́щу
16627,пишу́щъии
16628,пишу́щамъ
16629,пишу́щѣхъии
16630,xxx
16631,xxx
16632,xxx
16633,xxx
16634,xxx
16635,xxx
16636,xxx
16637,xxx
16638,xxx
16639,xxx
16640,xxx
16641,xxx
16642,xxx
16643,xxx
16644,xxx
16645,пластичесьца́ыи
16646,пла́стичеську
16647,пластиче́сьцамь
16648,пла́стичеськи
16649,пла́стичеськиыи
16650,пла́стичеськы
16651,пластичесьци́ии
16652,пла́стичеськихъ
16653,пла́стичесьцѣхъии
16654,xxx
16655,xxx
16656,xxx
16657,xxx
16658,xxx
16659,xxx
16660,xxx
16661,xxx
16662,xxx
16663,xxx
16664,xxx
16665,пла́тна
16666,пла́тна
16667,пла́тнъ
16668,пла́тнамь
16669,пла́тнѣ
16670,пла́тнамъ
16671,пла́тны
16672,пла́тныии
16673,xxx
16674,xxx
16675,xxx
16676,xxx
16677,xxx
16678,xxx
16679,xxx
16680,xxx
16681,xxx
16682,xxx
16683,xxx
16684,xxx
16685,xxx
16686,xxx
16687,xxx
16688,xxx
16689,xxx
16690,xxx
16691,xxx
16692,xxx
16693,xxx
16694,xxx
16695,пло́тськъыи
16696,пло́тсьцуыи
16697,пло́тськи
16698,пло́тськиыи
16699,пло́тсьцъии
16700,пло́тсьцамъии
16701,пло́тськихъии
16702,пля́жнъ
16703,пля́жнаыи
16704,пля́жнаыи
16705,пля́жнуыи
16706,пля́жнуыи
16707,пля́жнамьыи
16708,пля́жни
16709,пля́жны
16710,пля́жны
16711,пнѣ́вматичѣсьцъыи
16712,пнѣ́вматичѣсьцъыи
16713,пнивматичѣ́ськаыи
16714,пнивматичѣ́ськъ
16715,пнѣ́вматичѣсьци
16716,пнѣ́вматичѣсьцѣхъ
16717,xxx
16718,xxx
16719,xxx
16720,xxx
16721,xxx
16722,xxx
16723,xxx
16724,xxx
16725,xxx
16726,xxx
16727,xxx
16728,xxx
16729,xxx
16730,xxx
16731,xxx
16732,xxx
16733,xxx
16734,xxx
16735,xxx
16736,xxx
16737,xxx
16738,xxx
16739,xxx
16740,xxx
16741,xxx
16742,xxx
16743,xxx
16744,xxx
16745,xxx
16746,xxx
16747,xxx
16748,по́ддающийсяы
16749,по́ддающийсяѣ
16750,по́ддающийсяамиии
16751,по́ддающийсяахъ
16752,по́ддающийсяахъии
16753,xxx
16754,xxx
16755,xxx
16756,xxx
16757,xxx
16758,xxx
16759,xxx
16760,xxx
16761,xxx
16762,xxx
16763,xxx
16764,xxx
16765,xxx
16766,xxx
16767,xxx
16768,xxx
16769,xxx
16770,xxx
16771,xxx
16772,xxx
16773,xxx
16774,xxx
16775,xxx
16776,xxx
16777,xxx
16778,xxx
16779,xxx
16780,падхадя́щаыи
16781,падхадя́щ
16782,падхадя́щамь
16783,падхадя́щамь
16784,по́дхадящѣ
16785,по́дхадящамъ
16786,по́дхадящы
16787,по́дхадящыии
16788,по́дхадящихъ
16789,xxx
16790,xxx
16791,xxx
16792,xxx
16793,xxx
16794,xxx
16795,xxx
16796,xxx
16797,по́зднейшуыи
16798,по́зднейши
16799,пазднейши́ии
16800,по́зднейшѣхъ
16801,xxx
16802,xxx
16803,xxx
16804,xxx
16805,xxx
16806,xxx
16807,xxx
16808,xxx
16809,xxx
16810,xxx
16811,xxx
16812,по́лизрафичесьца
16813,по́лизрафичеськиыи
16814,по́лизрафичесьцъии
16815,по́лизрафичеськы
16816,пализрафичесьци́ии
16817,по́литичесьца
16818,по́литичесьцаыи
16819,по́литичеськи
16820,по́литичесьцамъии
16821,по́литичесьциии
16822,по́литичесьци
16823,по́литичеськы
16824,по́литичесьциии
16825,по́литичеськыии
16826,по́лиуретанаваыи
16827,по́лиуретанаву
16828,по́лиуретанавамь
16829,по́лиуретанавамьыи
16830,по́лиуретанавиыи
16831,палиуретано́в
16832,по́лиуретанавамъ
16833,по́лиуретанавы
16834,по́лиуретанавы
16835,по́лиуретанавыии
16836,по́лиэтиленавъыи
16837,по́лиэтиленаваыи
16838,по́лиэтиленавуыи
16839,по́лиэтиленавъыи
16840,по́лиэтиленавамьыи
16841,по́лиэтиленавы
16842,по́лиэтиленавыии
16843,xxx
16844,xxx
16845,палне́йшъ
16846,по́лнейшамь
16847,по́лнейшамьыи
16848,по́лнейшѣыи
16849,по́лнейшъии
16850,по́лнейшиии
16851,по́лнейшиии
16852,по́лнейшихъ
16853,xxx
16854,xxx
16855,xxx
16856,xxx
16857,xxx
16858,xxx
16859,xxx
16860,xxx
16861,xxx
16862,xxx
16863,xxx
16864,xxx
16865,памещи́ч
16866,памещи́ч
16867,по́мещичъии
16868,по́мещичы
16869,по́мещичыии
16870,по́мещичихъии
16871,xxx
16872,xxx
16873,xxx
16874,xxx
16875,xxx
16876,xxx
16877,xxx
16878,по́рнаграфичѣсьцъыи
16879,по́рнаграфичиськи
16880,по́рнаграфичѣсьциии
16881,парнаграфичѣ́ськъ
16882,по́рнаграфичиськамъии
16883,пра́жисътъыи
16884,по́ражисътаыи
16885,по́ражисъту
16886,по́ражисъти
16887,пра́жисъти
16888,по́ражисътъии
16889,пра́жисъты
16890,xxx
16891,xxx
16892,xxx
16893,xxx
16894,xxx
16895,xxx
16896,xxx
16897,xxx
16898,xxx
16899,xxx
16900,xxx
16901,xxx
16902,xxx
16903,xxx
16904,xxx
16905,xxx
16906,xxx
16907,xxx
16908,xxx
16909,xxx
16910,xxx
16911,xxx
16912,xxx
16913,xxx
16914,xxx
16915,xxx
16916,xxx
16917,xxx
16918,xxx
16919,xxx
16920,xxx
16921,xxx
16922,xxx
16923,xxx
16924,xxx
16925,xxx
16926,xxx
16927,xxx
16928,xxx
16929,xxx
16930,xxx
16931,xxx
16932,xxx
16933,xxx
16934,xxx
16935,xxx
16936,xxx
16937,xxx
16938,xxx
16939,xxx
16940,xxx
16941,xxx
16942,xxx
16943,xxx
16944,xxx
16945,xxx
16946,xxx
16947,xxx
16948,по́темневша
16949,по́темневшаыи
16950,по́темневшуыи
16951,по́темневшуыи
16952,патемне́вшъ
16953,патемне́вшъ
16954,по́темневшъыи
16955,по́темневшамьыи
16956,по́темневши
16957,по́темневши
16958,патемневши́ии
16959,по́требительськаыи
16960,по́требительсьцу
16961,патребите́льськамь
16962,по́требительсьцамьыи
16963,по́требительсьцѣыи
16964,по́тухъша
16965,патухъша́ыи
16966,по́тухъшу
16967,по́тухъшу
16968,пату́хъшъ
16969,пату́хъшъ
16970,по́тухъшамь
16971,по́тухъши
16972,по́тухъшъии
16973,по́тухъшамъии
16974,по́тухъши
16975,патухъши́ии
16976,xxx
16977,xxx
16978,xxx
16979,xxx
16980,xxx
16981,xxx
16982,xxx
16983,xxx
16984,xxx
16985,по́этичесьца
16986,по́этичеськи
16987,по́этичеськиыи
16988,по́этичесьциии
16989,по́этичесьцамъии
16990,по́этичесьцѣхъ
16991,по́этичесьцѣхъии
16992,по́этичеськихъии
16993,паю́щ
16994,по́ющуыи
16995,по́ющамьыи
16996,по́ющѣыи
16997,по́ющи
16998,по́ющыии
16999,по́ющыии
17000,по́ющѣхъ
17001,по́ющѣхъии
17002,xxx
17003,xxx
17004,xxx
17005,xxx
17006,xxx
17007,xxx
17008,xxx
17009,xxx
17010,xxx
17011,пра́гматичесьцъыи
17012,пра́гматичесьцамьыи
17013,пра́гматичесьцамьыи
17014,пра́гматичесьциии
17015,пра́гматичесьцъии
17016,пра́гматичеськыии
17017,пра́жсьца
17018,пра́жськаыи
17019,пра́жськи
17020,пра́жсьцѣыи
17021,пра́жськи
17022,пра́ктичесьцуыи
17023,пра́ктичесьцуыи
17024,практиче́сьцъ
17025,практиче́сьцъ
17026,пра́ктичесьцѣхъии
17027,пра́ктичеськихъии
17028,xxx
17029,xxx
17030,xxx
17031,xxx
17032,xxx
17033,xxx
17034,xxx
17035,xxx
17036,xxx
17037,xxx
17038,xxx
17039,xxx
17040,xxx
17041,xxx
17042,xxx
17043,xxx
17044,xxx
17045,xxx
17046,xxx
17047,xxx
17048,xxx
17049,xxx
17050,xxx
17051,xxx
17052,xxx
17053,пре́дставительсьцуыи
17054,пре́дставительськуыи
17055,пре́дставительсьцамьыи
17056,пре́дставительськиыи
17057,пре́дставительсьцъии
17058,пре́дставительсьци
17059,пре́дставительськихъии
17060,предстая́ща
17061,пре́дстаящуыи
17062,предстая́щамьыи
17063,предстая́щъии
17064,предстая́щъии
17065,предстая́щамъ
17066,предстая́щы
17067,пре́дстаящыии
17068,xxx
17069,xxx
17070,xxx
17071,xxx
17072,xxx
17073,предыду́щ
17074,пре́дыдущуыи
17075,предыду́щамь
17076,предыду́щи
17077,предыду́щи
17078,предыду́щиии
17079,предыду́щамъ
17080,предыду́щамъ
17081,предыду́щѣхъ
17082,пре́дыдущѣхъии
17083,xxx
17084,xxx
17085,xxx
17086,xxx
17087,xxx
17088,пре́падавательськуыи
17089,препадавательсьцѣ́
17090,препадавательсьцѣ́
17091,препадавате́льськъ
17092,препадавательсьци́ии
17093,препадавательсьци́ии
17094,пре́падавательсьцѣхъии
17095,xxx
17096,препуциальну́
17097,препуциальну́
17098,препуциальну́
17099,пре́пуциальнъыи
17100,препуциа́льнамь
17101,пре́пуциальнамьыи
17102,пре́пуциальнѣыи
17103,пре́пуциальнамъии
17104,препуциальны́ии
17105,xxx
17106,xxx
17107,xxx
17108,пре́святъыи
17109,пре́святу
17110,пресвяту́ыи
17111,пресвяту́ыи
17112,пре́святамьыи
17113,пре́святѣыи
17114,пре́святиии
17115,пре́святъии
17116,пре́святъии
17117,пре́святѣхъ
17118,пре́святѣхъии
17119,xxx
17120,xxx
17121,xxx
17122,xxx
17123,xxx
17124,xxx
17125,xxx
17126,прибалти́йськъ
17127,прибалтийська́ыи
17128,прибалтийсьцу́ыи
17129,прибалтийсьцу́ыи
17130,при́балтийськъыи
17131,прибалтийсьци́ии
17132,прибалтийськи́ии
17133,прибалти́йсьцъ
17134,прибалтийськы́ии
17135,при́балтийськихъии
17136,xxx
17137,xxx
17138,xxx
17139,xxx
17140,xxx
17141,xxx
17142,xxx
17143,xxx
17144,xxx
17145,xxx
17146,xxx
17147,при́вакзальна
17148,при́вакзальнаыи
17149,при́вакзальну
17150,при́вакзальнъыи
17151,привакза́льнамь
17152,при́вакзальнамьыи
17153,при́вакзальнъии
17154,при́вакзальны
17155,при́вакзальнѣхъ
17156,xxx
17157,xxx
17158,xxx
17159,при́выкъшаыи
17160,при́выкъшуыи
17161,привы́къшъ
17162,привы́къшъ
17163,при́выкъшамъии
17164,при́выкъшѣхъ
17165,при́выкъшихъ
17166,при́зраничнамьыи
17167,при́зраничнамъ
17168,при́зраничны
17169,при́зраничныии
17170,при́зраничнихъ
17171,xxx
17172,xxx
17173,xxx
17174,xxx
17175,xxx
17176,xxx
17177,xxx
17178,xxx
17179,xxx
17180,xxx
17181,xxx
17182,приёма-сдато́чна
17183,приёма-сдатачну́
17184,приёма-сдатачну́
17185,приёма-сдато́чнъ
17186,приёма-сдато́чны
17187,приёма-сдатачны́
17188,xxx
17189,xxx
17190,xxx
17191,xxx
17192,xxx
17193,xxx
17194,xxx
17195,xxx
17196,xxx
17197,прилагате́льнамь
17198,при́лагательнъии
17199,при́лагательныии
17200,xxx
17201,xxx
17202,xxx
17203,xxx
17204,xxx
17205,xxx
17206,xxx
17207,xxx
17208,xxx
17209,xxx
17210,xxx
17211,xxx
17212,xxx
17213,xxx
17214,xxx
17215,xxx
17216,xxx
17217,xxx
17218,присатли́в
17219,при́сатливу
17220,присатли́в
17221,при́сатливамьыи
17222,при́сатливъии
17223,при́сатливамъ
17224,при́сатливы
17225,при́сатливыии
17226,при́сатливыии
17227,xxx
17228,xxx
17229,xxx
17230,xxx
17231,xxx
17232,xxx
17233,xxx
17234,правинциа́льнъ
17235,правинциа́льнъ
17236,про́винциальна
17237,правинциальна́ыи
17238,про́винциальнамьыи
17239,про́винциальнѣыи
17240,про́винциальниии
17241,правинциа́льнъ
17242,про́винциальнамъ
17243,правинциальны́
17244,правинциальны́ии
17245,xxx
17246,xxx
17247,про́вакацианнамь
17248,про́вакацианни
17249,про́вакацианны
17250,про́вакацианныии
17251,xxx
17252,xxx
17253,xxx
17254,xxx
17255,xxx
17256,xxx
17257,xxx
17258,xxx
17259,xxx
17260,прае́зъжъ
17261,прае́зъжъ
17262,про́езъжаыи
17263,про́езъжи
17264,про́езъжиии
17265,про́езъжи
17266,про́езъжихъии
17267,xxx
17268,xxx
17269,xxx
17270,xxx
17271,xxx
17272,xxx
17273,про́заичеськъыи
17274,про́заичесьцамьыи
17275,про́заичеськи
17276,про́заичесьци
17277,про́заичеськы
17278,xxx
17279,xxx
17280,xxx
17281,xxx
17282,xxx
17283,xxx
17284,xxx
17285,xxx
17286,xxx
17287,xxx
17288,xxx
17289,xxx
17290,xxx
17291,xxx
17292,xxx
17293,xxx
17294,xxx
17295,xxx
17296,xxx
17297,про́пагандистсьца
17298,прапагандистсьца́ыи
17299,про́пагандистськамь
17300,про́пагандистськамьыи
17301,про́пагандистськъии
17302,прапагандистсьцо́мъии
17303,прапагандистсько́мъии
17304,прапагандистськы́ии
17305,про́пагандистсьцѣхъ
17306,xxx
17307,xxx
17308,прапаведниче́сьцъ
17309,про́паведничеськъыи
17310,прапаведниче́ськъ
17311,прапаведничесьци́ии
17312,xxx
17313,xxx
17314,xxx
17315,про́свититильська
17316,про́свѣтитѣльсьцаыи
17317,про́свититильськамьыи
17318,про́свѣтитѣльсьци
17319,про́свититильськи
17320,про́свѣтитѣльсьциии
17321,про́свититильськыии
17322,про́свѣтитѣльсьцѣхъ
17323,про́свититильськихъ
17324,xxx
17325,xxx
17326,xxx
17327,xxx
17328,xxx
17329,праснувшия́снъ
17330,про́снувшийсяѣыи
17331,праснувшийсяѫ́ыи
17332,праснувшийсяо́ю
17333,праснувшийсяо́ю
17334,праснувшийсяо́юыи
17335,про́снувшийсяы
17336,про́снувшийсяыии
17337,про́снувшийсяы
17338,праснувшийсяа́ми
17339,про́снувшийсяахъ
17340,про́снувшийсяахъии
17341,прасте́йшъ
17342,про́стейшъыи
17343,прастейша́ыи
17344,прастейша́ыи
17345,прасте́йшъ
17346,про́стейшамь
17347,про́стейши
17348,про́стейши
17349,прастейши́ии
17350,про́стейшихъ
17351,xxx
17352,xxx
17353,xxx
17354,xxx
17355,xxx
17356,пративаракте́ннъ
17357,пративараке́тнамь
17358,пративараке́тни
17359,про́тиваракетни
17360,пративаракетни́ии
17361,пративараке́тнъ
17362,пративараке́тны
17363,про́тиваракетны
17364,пративатанкъы́и
17365,про́тиватанкавуыи
17366,про́тиватанкавамь
17367,пративатавкнѣ́хъии
17368,пративатанкавѣ́хъии
17369,про́тухъшъыи
17370,пратухъша́ыи
17371,про́тухъшѣыи
17372,про́тухъшамъии
17373,про́тухъши
17374,про́тухъшиии
17375,xxx
17376,xxx
17377,про́филактичесьцамь
17378,про́филактичесьциии
17379,про́филактичесьци
17380,про́филактичесьцѣхъии
17381,xxx
17382,xxx
17383,xxx
17384,xxx
17385,xxx
17386,xxx
17387,xxx
17388,xxx
17389,про́шедъшъыи
17390,про́шедъшаыи
17391,про́шедъшъыи
17392,про́шедъши
17393,праше́дъшъ
17394,про́шедъшамъ
17395,про́шедъшамъ
17396,про́шедъшиии
17397,xxx
17398,xxx
17399,xxx
17400,xxx
17401,xxx
17402,xxx
17403,xxx
17404,xxx
17405,xxx
17406,пры́тькаыи
17407,пры́тьцѣ
17408,пры́тьци
17409,пры́тьциии
17410,пры́тькыии
17411,пры́тьцѣхъ
17412,xxx
17413,xxx
17414,xxx
17415,xxx
17416,xxx
17417,xxx
17418,xxx
17419,xxx
17420,псисасаматичесьцъы́и
17421,псисасаматичеськъы́и
17422,псисасаматичесьци́
17423,псисасаматичесьци́ии
17424,псисасаматиче́сьцъ
17425,псисасаматичеськы́ии
17426,xxx
17427,xxx
17428,xxx
17429,xxx
17430,xxx
17431,xxx
17432,пско́всьца
17433,пско́всьцаыи
17434,пско́всьцу
17435,пско́всьцу
17436,пско́всьцуыи
17437,пско́всьцѣ
17438,пско́вськи
17439,пско́всьци
17440,пско́всьцъии
17441,пско́всьцамъ
17442,пско́вськамъ
17443,пско́всьцамъии
17444,пско́вськыии
17445,пско́вськихъии
17446,пти́чуыи
17447,пти́чуыи
17448,пти́чамь
17449,пти́чъии
17450,пти́чъии
17451,пти́чамъии
17452,xxx
17453,xxx
17454,xxx
17455,xxx
17456,xxx
17457,xxx
17458,xxx
17459,xxx
17460,xxx
17461,xxx
17462,xxx
17463,xxx
17464,xxx
17465,xxx
17466,xxx
17467,xxx
17468,xxx
17469,xxx
17470,xxx
17471,xxx
17472,xxx
17473,xxx
17474,xxx
17475,xxx
17476,xxx
17477,xxx
17478,xxx
17479,xxx
17480,xxx
17481,xxx
17482,xxx
17483,xxx
17484,xxx
17485,xxx
17486,xxx
17487,xxx
17488,xxx
17489,xxx
17490,xxx
17491,xxx
17492,xxx
17493,xxx
17494,xxx
17495,xxx
17496,xxx
17497,xxx
17498,xxx
17499,xxx
17500,xxx
17501,xxx
17502,xxx
17503,xxx
17504,xxx
17505,ра́бсьцамь
17506,ра́бсьцѣыи
17507,ра́бсьци
17508,ра́бсьциии
17509,ра́бськы
17510,радиацианны́ии
17511,радиацианны́
17512,радиацианнѣ́хъ
17513,радиацианнѣ́хъ
17514,радиакаммѫнциана́
17515,радиакаммѫнциана́
17516,радиакаммѫнциану́ыи
17517,радиакаммицианни́
17518,радиакаммѫницанни́ии
17519,радиакаммѫнцианъи́и
17520,радилакацианну́ыи
17521,радилакацианнѣ́ыи
17522,радилакацианни́
17523,радилакацианни́
17524,радилакацио́ннъ
17525,радилакацианнѣ́хъии
17526,радиатѣхничѣсьца́ыи
17527,ра́диатихничиськуыи
17528,радиатѣхничѣ́сьцъ
17529,ра́диатѣхничѣсьцѣыи
17530,ра́диатихничиськиыи
17531,ра́диатихничиськи
17532,радиатихничѣ́ськъ
17533,радиатѣхничѣсьцъи́и
17534,радиатѣхничѣсьцо́мъ
17535,радиатѣхничѣсьци́ии
17536,радиатѣхничѣсьцѣ́хъ
17537,ра́збайничъыи
17538,ра́збайничаыи
17539,ра́збайничъыи
17540,ра́збайничи
17541,ра́збайничыии
17542,ра́зведывательна
17543,ра́зведывательнѣыи
17544,ра́зведывательни
17545,разведывательни́ии
17546,разведывательни́ии
17547,разгаво́рнъ
17548,разгаварну́
17549,разгаварну́ыи
17550,разгаварну́ыи
17551,ра́згаварнамь
17552,ра́згаварныии
17553,ра́згаварны
17554,xxx
17555,ра́здрабленнъыи
17556,раздрабле́ннъ
17557,ра́здрабленнъии
17558,ра́здрабленнамъии
17559,ра́здрабленны
17560,ра́здрабленнѣхъ
17561,xxx
17562,xxx
17563,xxx
17564,xxx
17565,xxx
17566,xxx
17567,xxx
17568,xxx
17569,xxx
17570,xxx
17571,xxx
17572,xxx
17573,ра́йсьцу
17574,ра́йсьцуыи
17575,ра́йськуыи
17576,ра́йськъ
17577,ра́йсьциии
17578,ра́йсьцамъ
17579,ра́йсьциии
17580,ра́йськихъии
17581,xxx
17582,xxx
17583,xxx
17584,xxx
17585,ра́ннаыи
17586,ра́ннамьыи
17587,ра́ннамъии
17588,ра́нныии
17589,ра́ннѣхъ
17590,xxx
17591,xxx
17592,xxx
17593,xxx
17594,xxx
17595,xxx
17596,xxx
17597,xxx
17598,xxx
17599,xxx
17600,xxx
17601,xxx
17602,xxx
17603,xxx
17604,xxx
17605,xxx
17606,xxx
17607,xxx
17608,xxx
17609,xxx
17610,рва́н
17611,рва́н
17612,рва́нуыи
17613,рва́нъыи
17614,рва́н
17615,рва́н
17616,рва́нъии
17617,рва́нъии
17618,рва́ны
17619,рва́ны
17620,xxx
17621,xxx
17622,xxx
17623,xxx
17624,xxx
17625,xxx
17626,xxx
17627,xxx
17628,xxx
17629,xxx
17630,xxx
17631,ре́гистрацианнъыи
17632,ре́гистрацианнамъии
17633,ре́гистрацианныии
17634,ре́гистрацианныии
17635,ре́гистрацианнѣхъ
17636,режиссё́рськъ
17637,режиссё́рсьцъ
17638,режиссёрсьцо́мьыи
17639,режиссёрськѣ́
17640,ре́жиссёрсьци
17641,режиссё́рськъ
17642,режиссёрсьци́
17643,режиссёрсьцѣ́хъ
17644,режиссёрськѣ́хъ
17645,ризино́в
17646,рѣ́зинаваыи
17647,рѣ́зинаваыи
17648,рѣ́зинавуыи
17649,рѣзино́в
17650,рѣ́зинавамъии
17651,рѣ́зинавѣхъии
17652,xxx
17653,xxx
17654,xxx
17655,xxx
17656,xxx
17657,xxx
17658,xxx
17659,xxx
17660,xxx
17661,xxx
17662,xxx
17663,xxx
17664,xxx
17665,xxx
17666,xxx
17667,xxx
17668,ре́нтгенавсьцъыи
17669,рентгенавсько́мьыи
17670,рентгенавсьци́ии
17671,xxx
17672,xxx
17673,xxx
17674,xxx
17675,xxx
17676,xxx
17677,xxx
17678,xxx
17679,xxx
17680,xxx
17681,xxx
17682,xxx
17683,xxx
17684,xxx
17685,xxx
17686,xxx
17687,xxx
17688,xxx
17689,xxx
17690,ржа́въыи
17691,ржа́вамь
17692,ржа́вамьыи
17693,ржа́в
17694,ржа́въии
17695,ржа́вамъ
17696,ржа́вамъ
17697,ржа́вы
17698,ржа́выии
17699,ржа́выии
17700,ржа́нъыи
17701,ржа́н
17702,ржа́н
17703,ржа́намь
17704,ржа́нѣ
17705,ржа́ни
17706,ржа́ны
17707,ржа́нихъии
17708,xxx
17709,xxx
17710,ри́жсьца
17711,ри́жсьцъ
17712,ри́жсьцамъии
17713,ри́жськамъии
17714,ри́жсьци
17715,ри́жсьцѣхъ
17716,ри́мсьцаыи
17717,ри́мсьцаыи
17718,ри́мськъыи
17719,ри́мсьцамьыи
17720,ри́мськъ
17721,ри́мсьцамъ
17722,ри́мсьциии
17723,xxx
17724,xxx
17725,xxx
17726,xxx
17727,xxx
17728,xxx
17729,xxx
17730,xxx
17731,xxx
17732,xxx
17733,ро́дильнамь
17734,ро́дильнамь
17735,ро́дильни
17736,ро́дильни
17737,ро́дильниии
17738,ро́дильнамъ
17739,ро́дильнамъии
17740,ро́дильнѣхъ
17741,ро́димаыи
17742,ро́димаыи
17743,ро́димамь
17744,ро́димамьыи
17745,ро́димъии
17746,ро́дительськъыи
17747,ро́дительсьцамьыи
17748,радите́льсьцъ
17749,ро́дительсьцъии
17750,ро́дительсьциии
17751,ро́дительськыии
17752,ро́дительсьцѣхъии
17753,xxx
17754,xxx
17755,xxx
17756,xxx
17757,xxx
17758,xxx
17759,xxx
17760,xxx
17761,xxx
17762,xxx
17763,раждѣствѣ́нсьцъ
17764,ро́ждиствинськамь
17765,ро́ждиствинськи
17766,ро́ждиствинськиыи
17767,раждѣствѣнсьци́ии
17768,раждѣствѣнсьцъи́и
17769,ро́ждѣствѣнсьцамъии
17770,раждѣствѣнсьци́
17771,ро́ждиствинськихъ
17772,ро́знична
17773,ро́зничнаыи
17774,ро́знични
17775,ро́зничнамъ
17776,ро́зничнамъии
17777,ро́зничнамъии
17778,ро́зничны
17779,ро́зничныии
17780,ро́зничны
17781,ро́зыскну
17782,ро́зыскнуыи
17783,ро́зыскнъыи
17784,ро́зыскнамь
17785,ро́зыскни
17786,ро́зыскниии
17787,ро́зыскнамъии
17788,ро́зыскны
17789,разыскны́ии
17790,ро́зыскнѣхъии
17791,ро́зыскнѣхъии
17792,xxx
17793,xxx
17794,xxx
17795,xxx
17796,xxx
17797,xxx
17798,xxx
17799,xxx
17800,xxx
17801,xxx
17802,xxx
17803,ро́ссийська
17804,рассийсьца́ыи
17805,ро́ссийсьцуыи
17806,ро́ссийськиыи
17807,ро́ссийськиии
17808,расси́йсьцъ
17809,ро́ссийсьци
17810,ро́ссийськы
17811,ро́ссийсьцѣхъии
17812,расто́всьцъ
17813,ро́ставсьцаыи
17814,ро́ставсьцуыи
17815,ро́ставськуыи
17816,ро́ставсьцамь
17817,ро́ставсьцамьыи
17818,ро́ставськи
17819,расто́всьцъ
17820,ро́ставсьци
17821,ро́ставсьци
17822,xxx
17823,xxx
17824,xxx
17825,xxx
17826,xxx
17827,xxx
17828,xxx
17829,рту́тнъ
17830,рту́тнамьыи
17831,рту́тнѣ
17832,рту́тни
17833,рту́тныии
17834,рту́тныии
17835,xxx
17836,xxx
17837,xxx
17838,xxx
17839,xxx
17840,ру́дна
17841,ру́дну
17842,ру́днъыи
17843,ру́днамь
17844,ру́днъии
17845,ру́днъии
17846,ру́днамъ
17847,ру́днамъ
17848,ру́дныии
17849,xxx
17850,xxx
17851,xxx
17852,xxx
17853,xxx
17854,xxx
17855,xxx
17856,xxx
17857,xxx
17858,xxx
17859,xxx
17860,xxx
17861,xxx
17862,xxx
17863,xxx
17864,xxx
17865,xxx
17866,ру́чнъыи
17867,ру́чну
17868,ру́чнуыи
17869,ру́чни
17870,ру́чниии
17871,ру́чнъ
17872,ру́чнамъии
17873,ры́баыи
17874,ры́бу
17875,ры́буыи
17876,ры́бъыи
17877,ры́би
17878,ры́бъии
17879,ры́бамъ
17880,ры́бамъии
17881,ры́бамъии
17882,ры́бихъ
17883,ры́бихъии
17884,ры́бнъ
17885,ры́бнъыи
17886,ры́бнамь
17887,ры́бнамь
17888,ры́бнамьыи
17889,ры́бнамьыи
17890,ры́бнѣ
17891,ры́бни
17892,ры́бнъ
17893,ры́бны
17894,ры́бнѣхъии
17895,xxx
17896,xxx
17897,xxx
17898,xxx
17899,xxx
17900,xxx
17901,xxx
17902,xxx
17903,xxx
17904,xxx
17905,xxx
17906,xxx
17907,xxx
17908,xxx
17909,xxx
17910,xxx
17911,xxx
17912,xxx
17913,xxx
17914,xxx
17915,xxx
17916,xxx
17917,xxx
17918,xxx
17919,xxx
17920,xxx
17921,xxx
17922,xxx
17923,xxx
17924,санкт-петербу́ргсьцъ
17925,санкт-петербургськъы́и
17926,санкт-петербургську́ыи
17927,санкт-петербургсьцо́мь
17928,са́нкт-петургськи
17929,санкт-петербургсьцо́мъии
17930,санкт-петербургсько́мъии
17931,xxx
17932,xxx
17933,xxx
17934,xxx
17935,xxx
17936,xxx
17937,xxx
17938,xxx
17939,xxx
17940,xxx
17941,xxx
17942,саркастичѣ́сьцъ
17943,са́ркастичѣсьцъыи
17944,са́ркастичѣсьцу
17945,саркастичѣ́сьцъ
17946,са́ркастичѣсьцѣыи
17947,са́ркастичѣсьцамъии
17948,са́тиричесьцамь
17949,са́тиричеськы
17950,са́тиричесьциии
17951,са́тиричеськыии
17952,са́тиричесьцѣхъ
17953,саудавсьцъы́и
17954,саудавсьцу́ыи
17955,саудавсьцѣ́
17956,саудавсьци́ии
17957,са́удавсьцѣхъии
17958,xxx
17959,xxx
17960,xxx
17961,xxx
17962,xxx
17963,xxx
17964,xxx
17965,xxx
17966,xxx
17967,xxx
17968,xxx
17969,сва́рнъыи
17970,сва́рни
17971,сва́рнъии
17972,сва́рнъии
17973,сва́рнамъ
17974,сва́рнамъ
17975,сва́рны
17976,сва́рны
17977,сва́рны
17978,сва́рнихъ
17979,xxx
17980,xxx
17981,сверкаю́щамь
17982,све́ркающи
17983,све́ркающиии
17984,сверкаю́щ
17985,сверкаю́щыии
17986,све́ркающихъ
17987,xxx
17988,xxx
17989,xxx
17990,xxx
17991,xxx
17992,светлавла́с
17993,све́тлавласъыи
17994,светлавало́са
17995,све́тлавласаыи
17996,све́тлавласаыи
17997,све́тлаваласу
17998,све́тлавласу
17999,све́тлавласамьыи
18000,све́тлаваласамьыи
18001,све́тлавласиии
18002,светлавла́съии
18003,све́тлаваласамъии
18004,светлавла́сы
18005,светлавало́сы
18006,све́тлавласѣхъии
18007,xxx
18008,xxx
18009,xxx
18010,xxx
18011,xxx
18012,xxx
18013,xxx
18014,све́тську
18015,све́тсьцамь
18016,све́тсьциии
18017,све́тськиии
18018,све́тськыии
18019,све́тськы
18020,све́тящийсяаыи
18021,светя́щ
18022,светя́щ
18023,светя́щамьыи
18024,све́тящийсяѣ
18025,све́тящийсяи
18026,све́тящийсяъии
18027,све́тящийсяамъ
18028,све́тящийсяамъ
18029,све́тящийсяахъ
18030,xxx
18031,xxx
18032,xxx
18033,xxx
18034,xxx
18035,xxx
18036,xxx
18037,xxx
18038,xxx
18039,xxx
18040,xxx
18041,xxx
18042,xxx
18043,xxx
18044,xxx
18045,xxx
18046,xxx
18047,xxx
18048,xxx
18049,xxx
18050,святару́ссьцъ
18051,святару́ссьцъ
18052,святарусська́ыи
18053,святаруссьцу́
18054,святаруссьцу́
18055,святаруссьцѣ́ыи
18056,святарусськъи́и
18057,святаруссьцо́мъии
18058,святаруссьци́
18059,xxx
18060,xxx
18061,xxx
18062,xxx
18063,xxx
18064,xxx
18065,xxx
18066,xxx
18067,xxx
18068,xxx
18069,xxx
18070,xxx
18071,xxx
18072,xxx
18073,се́льськъ
18074,се́льсьцамь
18075,се́льсьцѣ
18076,се́льсьцѣыи
18077,се́льсьциии
18078,се́льсьцамъ
18079,xxx
18080,xxx
18081,xxx
18082,xxx
18083,xxx
18084,xxx
18085,се́мантичесьцъыи
18086,се́мантичеська
18087,се́мантичеську
18088,се́мантичесьцъыи
18089,се́мантичеськи
18090,се́мантичеськамъ
18091,се́мантичесьцѣхъии
18092,xxx
18093,xxx
18094,xxx
18095,xxx
18096,xxx
18097,xxx
18098,xxx
18099,xxx
18100,xxx
18101,сепарати́стсьца
18102,сепарати́стська
18103,сепаратистська́ыи
18104,се́паратистськъыи
18105,се́паратистськамьыи
18106,сепарати́стсьцъ
18107,сепарати́стсьцъии
18108,сепарати́стсьцъии
18109,се́паратистсьциии
18110,се́рбсьцаыи
18111,се́рбськаыи
18112,се́рбськамь
18113,се́рбсьци
18114,се́рбсьци
18115,се́рбськыии
18116,xxx
18117,xxx
18118,xxx
18119,xxx
18120,xxx
18121,xxx
18122,xxx
18123,xxx
18124,xxx
18125,xxx
18126,xxx
18127,сера-бура-малива́нна
18128,сера-бура-маливанну́ыи
18129,сера-бура-маливанно́мьыи
18130,сера-бура-маливанно́мьыи
18131,сера-бура-маливаннѣ́
18132,се́ра-бура-маливанни
18133,сера-бура-маливанны́ии
18134,xxx
18135,xxx
18136,xxx
18137,xxx
18138,xxx
18139,xxx
18140,xxx
18141,xxx
18142,xxx
18143,xxx
18144,xxx
18145,xxx
18146,xxx
18147,xxx
18148,xxx
18149,xxx
18150,xxx
18151,xxx
18152,xxx
18153,xxx
18154,xxx
18155,xxx
18156,xxx
18157,xxx
18158,xxx
18159,xxx
18160,xxx
18161,xxx
18162,xxx
18163,xxx
18164,xxx
18165,xxx
18166,xxx
18167,xxx
18168,xxx
18169,xxx
18170,xxx
18171,xxx
18172,xxx
18173,систематичесьца́ыи
18174,систематичесьцъы́и
18175,систематичеськъы́и
18176,систематиче́ськамь
18177,систематичесьцо́мьыи
18178,систематичеськѣ́
18179,систематичесьци́ии
18180,xxx
18181,xxx
18182,xxx
18183,xxx
18184,xxx
18185,ска́льнаыи
18186,ска́льнамь
18187,ска́льнъии
18188,ска́льнамъ
18189,ска́льны
18190,xxx
18191,xxx
18192,xxx
18193,скла́днаыи
18194,скла́днуыи
18195,скла́днъ
18196,скла́дни
18197,скла́дниии
18198,скла́днъ
18199,скла́днъии
18200,скла́днамъии
18201,скла́дныии
18202,скла́днихъ
18203,скла́дськъ
18204,скла́дськъыи
18205,скла́дсьцамь
18206,скла́дсьци
18207,скла́дськы
18208,скла́дсьциии
18209,скла́дськыии
18210,скла́дсьцѣхъии
18211,ско́рейша
18212,ско́рейшъыи
18213,ско́рейшъыи
18214,ско́рейшамь
18215,ско́рейшамь
18216,ско́рейшамьыи
18217,ско́рейшѣ
18218,ско́рейши
18219,ско́рейшиии
18220,ско́рейшиии
18221,ско́рейшихъ
18222,ско́рейшихъии
18223,xxx
18224,скре́жещущамьыи
18225,скре́жещущѣ
18226,скре́жещущиии
18227,скрежещу́щ
18228,скре́жещущыии
18229,скре́жещущихъ
18230,слабаалкаго́льнъыи
18231,слабаалкаго́льнаыи
18232,сла́баалкагальнъыи
18233,слабаалкаго́льнамь
18234,сла́баалкагальни
18235,сла́баалкагальныии
18236,сла́баалкагальнѣхъ
18237,сла́баалкагальнихъии
18238,xxx
18239,xxx
18240,xxx
18241,xxx
18242,xxx
18243,xxx
18244,xxx
18245,xxx
18246,xxx
18247,xxx
18248,xxx
18249,xxx
18250,слидую́щ
18251,слидую́щъыи
18252,слидую́щу
18253,слѣ́дующуыи
18254,слѣдую́щамьыи
18255,слѣдую́щѣыи
18256,слѣдую́щи
18257,слѣдую́щ
18258,слѣдую́щамъии
18259,слидую́щамъии
18260,слѣдую́щы
18261,слѣдую́щыии
18262,слидую́щыии
18263,сле́затачивъыи
18264,сле́затачиву
18265,сле́затачивуыи
18266,сле́затачивамь
18267,сле́затачивамьыи
18268,слезатачивѣ́
18269,слезатачи́в
18270,сле́затачивамъии
18271,xxx
18272,xxx
18273,xxx
18274,xxx
18275,xxx
18276,xxx
18277,xxx
18278,xxx
18279,xxx
18280,xxx
18281,xxx
18282,xxx
18283,xxx
18284,xxx
18285,сло́жившийсяи
18286,сло́жившийсяѫыи
18287,сло́жившийсяы
18288,слажившийся́
18289,слажившъи́и
18290,сло́жившийсяами
18291,сло́жившийсяыии
18292,сло́жнейшъии
18293,сло́жнейшиии
18294,сло́жнейши
18295,xxx
18296,xxx
18297,xxx
18298,xxx
18299,xxx
18300,xxx
18301,xxx
18302,xxx
18303,сме́шавшийсяаыи
18304,сме́шавшийсяаыи
18305,сме́шавшийсяѣыи
18306,смеша́вшъ
18307,сме́шавшийсяаю
18308,смешавшийсяо́юыи
18309,сме́шавшийсяы
18310,сме́шавшийсяыии
18311,сме́шавшийсяами
18312,xxx
18313,xxx
18314,xxx
18315,xxx
18316,xxx
18317,xxx
18318,xxx
18319,xxx
18320,xxx
18321,xxx
18322,xxx
18323,xxx
18324,снегаубрачну́ыи
18325,снегаубра́чнъ
18326,снегаубрачны́ии
18327,снегаубрачнѣ́хъ
18328,xxx
18329,xxx
18330,xxx
18331,xxx
18332,xxx
18333,xxx
18334,xxx
18335,xxx
18336,xxx
18337,xxx
18338,xxx
18339,xxx
18340,xxx
18341,xxx
18342,xxx
18343,xxx
18344,xxx
18345,xxx
18346,xxx
18347,xxx
18348,xxx
18349,xxx
18350,xxx
18351,xxx
18352,xxx
18353,xxx
18354,xxx
18355,со́малийсьцъыи
18356,со́малийсьцъыи
18357,со́малийсьци
18358,со́малийсьциии
18359,xxx
18360,xxx
18361,xxx
18362,xxx
18363,xxx
18364,xxx
18365,xxx
18366,xxx
18367,xxx
18368,xxx
18369,xxx
18370,xxx
18371,xxx
18372,xxx
18373,xxx
18374,со́путствующа
18375,со́путствующуыи
18376,со́путствующамь
18377,со́путствующамьыи
18378,со́путствующѣ
18379,со́путствующи
18380,со́путствующиии
18381,со́путствующамъ
18382,со́путствующамъии
18383,со́путствующѣхъии
18384,xxx
18385,xxx
18386,xxx
18387,xxx
18388,xxx
18389,xxx
18390,xxx
18391,xxx
18392,xxx
18393,xxx
18394,xxx
18395,xxx
18396,xxx
18397,xxx
18398,xxx
18399,xxx
18400,xxx
18401,xxx
18402,xxx
18403,xxx
18404,xxx
18405,xxx
18406,xxx
18407,xxx
18408,xxx
18409,састая́щаыи
18410,со́стаящиии
18411,састая́щ
18412,састая́щъии
18413,со́стаящыии
18414,састая́щы
18415,xxx
18416,xxx
18417,xxx
18418,xxx
18419,со́таыи
18420,со́ту
18421,со́тамь
18422,со́тамьыи
18423,со́тѣыи
18424,со́ты
18425,со́тыии
18426,со́тыии
18427,со́участвующыии
18428,со́участвующихъии
18429,со́циал-дематричеськаыи
18430,со́циал-дематричеськуыи
18431,со́циал-дематричесьцѣыи
18432,со́циал-дематричесьцѣыи
18433,со́циал-дематричесьцамъии
18434,со́циал-дематричесьцѣхъии
18435,сациалистиче́ськъ
18436,со́циалистичесьцуыи
18437,сациалистиче́ськъ
18438,со́циалистичесьцамь
18439,со́циалистичесьцѣыи
18440,со́циалистичесьци
18441,со́циалистичесьцъии
18442,сациалистичесьци́ии
18443,сациалистичесьци́ии
18444,со́циалистичесьцѣхъ
18445,со́циалистичесьцѣхъии
18446,со́циальна-палитичесьцаыи
18447,со́циальна-палитичесьцамъ
18448,со́циальна-палитичесьцамъии
18449,сациальна-палитичесьци́ии
18450,со́циальна-палитичесьцѣхъии
18451,сациальна-паличе́сьцъ
18452,сациальна-паличе́сьцъ
18453,со́циальна-паличесьцъыи
18454,со́циальна-паличесьцъыи
18455,со́циальна-паличесьцамьыи
18456,со́циальна-паличесьцамьыи
18457,со́циальна-паличесьциии
18458,со́циальна-паличеськы
18459,со́циальна-эканамичесьцаыи
18460,со́циальна-эканамичесьцуыи
18461,со́циальна-эканамь
18462,со́циальна-эканамь
18463,со́циальна-эканамичесьци
18464,сациальна-эканамиче́сьцъ
18465,со́циальна-эканамъии
18466,со́циальна-эканамъии
18467,со́циальна-эканами
18468,со́циальна-эканамии
18469,со́циальна-эканамичесьцѣхъ
18470,со́циальна-эканамичесьцѣхъии
18471,xxx
18472,xxx
18473,xxx
18474,xxx
18475,xxx
18476,xxx
18477,xxx
18478,xxx
18479,спа́льна
18480,спа́льна
18481,спа́льнуыи
18482,спа́льнъыи
18483,спа́льнамь
18484,спа́льниыи
18485,спа́льни
18486,спа́льны
18487,спа́льныии
18488,xxx
18489,xxx
18490,xxx
18491,спе́лелагичесьцъыи
18492,спе́лелагичеську
18493,спе́леалагичесьцуыи
18494,спелеалагиче́сьцъ
18495,спе́лелагичеськи
18496,спе́лелагичеськи
18497,спе́лелагичесьцѣхъии
18498,специфиче́ськъ
18499,специфичесьца́
18500,специфиче́ськъ
18501,специфиче́сьцъ
18502,специфичесько́мъ
18503,специфичесько́мъии
18504,специфичесьци́ии
18505,специфичеськѣ́хъ
18506,специфичесьцѣ́хъии
18507,специфичеськѣ́хъии
18508,xxx
18509,xxx
18510,xxx
18511,xxx
18512,xxx
18513,xxx
18514,xxx
18515,xxx
18516,xxx
18517,xxx
18518,xxx
18519,xxx
18520,xxx
18521,xxx
18522,сра́на
18523,сра́нъыи
18524,сра́намьыи
18525,сра́ниии
18526,сра́н
18527,сра́ныии
18528,сра́ныии
18529,сра́ны
18530,сра́ныии
18531,сра́нѣхъ
18532,средиземнамо́рсьцъ
18533,средиземнамсьца́ыи
18534,средиземнамо́рськъ
18535,сре́диземнамарськы
18536,xxx
18537,xxx
18538,срѣднѣмѣсячна́
18539,сриднимисячна́ыи
18540,сриднимисячну́ыи
18541,срѣднѣмѣсячни́
18542,сриднимисячнъи́и
18543,сриднимисячны́ии
18544,сре́днестатичеськъыи
18545,сре́днестатичесьцу
18546,сре́днестатичеськуыи
18547,сре́днестатичесьцъыи
18548,сре́днестатичесьцамь
18549,среднестатичесьцѣ́
18550,сре́днестатичесьцѣыи
18551,среднестатиче́сьцъ
18552,среднестатиче́ськъ
18553,xxx
18554,xxx
18555,xxx
18556,xxx
18557,xxx
18558,xxx
18559,xxx
18560,xxx
18561,xxx
18562,xxx
18563,xxx
18564,ста́льна
18565,ста́льнамь
18566,ста́льнамъ
18567,ста́льнамъии
18568,ста́льнихъ
18569,xxx
18570,xxx
18571,xxx
18572,xxx
18573,xxx
18574,xxx
18575,xxx
18576,xxx
18577,xxx
18578,xxx
18579,xxx
18580,старицавсьца́
18581,старицавсьца́
18582,старицавська́
18583,старицавсьцу́
18584,старицавсьцу́ыи
18585,старицавську́ыи
18586,старицо́вськъ
18587,старицавсьцо́мьыи
18588,старицавсьци́ии
18589,старицавськѣ́хъ
18590,старицавсьцѣ́хъии
18591,xxx
18592,xxx
18593,xxx
18594,xxx
18595,xxx
18596,xxx
18597,ста́рушѣчу
18598,ста́рушѣчѣыи
18599,ста́рушѣчи
18600,ста́рушичи
18601,ста́рушѣчамъии
18602,ста́рушѣчѣхъ
18603,xxx
18604,xxx
18605,xxx
18606,xxx
18607,xxx
18608,xxx
18609,xxx
18610,xxx
18611,ста́тистичесьца
18612,ста́тистичесьцу
18613,статистиче́ськъ
18614,статистичесьци́ии
18615,ста́тистичесьцамъии
18616,статичѣ́ськъ
18617,ста́тичѣсьцу
18618,ста́тичѣсьцъыи
18619,ста́тичѣсьци
18620,ста́тичиськиии
18621,ста́тичѣсьцамъии
18622,xxx
18623,xxx
18624,xxx
18625,xxx
18626,xxx
18627,стилистиче́сьцъ
18628,сти́листичеську
18629,сти́листичесьцѣ
18630,стилистичесьци́ии
18631,xxx
18632,xxx
18633,xxx
18634,xxx
18635,xxx
18636,xxx
18637,xxx
18638,xxx
18639,xxx
18640,xxx
18641,стану́ща
18642,стану́щи
18643,сто́нущи
18644,стану́щ
18645,сто́нущыии
18646,стану́щы
18647,xxx
18648,xxx
18649,xxx
18650,xxx
18651,xxx
18652,xxx
18653,xxx
18654,страдаю́щ
18655,страдаю́щамь
18656,стра́дающамьыи
18657,стра́дающи
18658,страдаю́щ
18659,страдаю́щы
18660,страдаю́щы
18661,xxx
18662,xxx
18663,xxx
18664,xxx
18665,xxx
18666,xxx
18667,xxx
18668,xxx
18669,xxx
18670,xxx
18671,xxx
18672,xxx
18673,xxx
18674,xxx
18675,xxx
18676,xxx
18677,xxx
18678,xxx
18679,xxx
18680,xxx
18681,xxx
18682,xxx
18683,xxx
18684,xxx
18685,xxx
18686,xxx
18687,xxx
18688,xxx
18689,xxx
18690,xxx
18691,xxx
18692,xxx
18693,xxx
18694,xxx
18695,xxx
18696,xxx
18697,xxx
18698,xxx
18699,xxx
18700,xxx
18701,xxx
18702,xxx
18703,xxx
18704,xxx
18705,xxx
18706,xxx
18707,xxx
18708,xxx
18709,xxx
18710,xxx
18711,xxx
18712,xxx
18713,xxx
18714,xxx
18715,xxx
18716,xxx
18717,xxx
18718,xxx
18719,xxx
18720,xxx
18721,xxx
18722,xxx
18723,xxx
18724,xxx
18725,xxx
18726,xxx
18727,xxx
18728,xxx
18729,xxx
18730,сумасшѣ́дъшъ
18731,су́масшѣдъша
18732,су́масшѣдъшу
18733,су́масшѣдъшуыи
18734,су́масшѣдъшамьыи
18735,су́масшѣдъшамъии
18736,сумасшѣдъши́ии
18737,су́масшѣдъшѣхъ
18738,xxx
18739,xxx
18740,xxx
18741,xxx
18742,xxx
18743,xxx
18744,xxx
18745,xxx
18746,xxx
18747,xxx
18748,xxx
18749,xxx
18750,xxx
18751,xxx
18752,xxx
18753,xxx
18754,xxx
18755,xxx
18756,xxx
18757,xxx
18758,xxx
18759,xxx
18760,xxx
18761,xxx
18762,xxx
18763,xxx
18764,xxx
18765,xxx
18766,xxx
18767,xxx
18768,та́йсьциии
18769,та́йськъ
18770,та́ктичесьцуыи
18771,та́ктичеськуыи
18772,та́ктичеськамь
18773,та́ктичесьцѣыи
18774,та́ктичеськамъ
18775,та́ктичесьциии
18776,та́ктичесьциии
18777,та́ктичеськыии
18778,та́ктичесьцѣхъии
18779,та́лъыи
18780,та́лу
18781,та́лъыи
18782,та́лѣ
18783,та́ли
18784,та́л
18785,та́лыии
18786,xxx
18787,xxx
18788,xxx
18789,xxx
18790,xxx
18791,xxx
18792,xxx
18793,xxx
18794,xxx
18795,та́рнъыи
18796,та́рныии
18797,xxx
18798,твѣ́рсьцъ
18799,твѣ́рсьцаыи
18800,твѣ́рсьцуыи
18801,твѣ́рсьцъии
18802,твѣ́рськъии
18803,твѣ́рсьцамъ
18804,твирськы́
18805,xxx
18806,xxx
18807,xxx
18808,xxx
18809,xxx
18810,теистичесьца́ыи
18811,те́истичеську
18812,теистиче́сьцъ
18813,те́истичеськамьыи
18814,теистичесьцѣ́
18815,теистичесьцѣ́
18816,те́истичеськиыи
18817,те́истичесьциии
18818,те́истичесьци
18819,те́истичеськихъии
18820,xxx
18821,xxx
18822,xxx
18823,те́ктаничесьцъыи
18824,те́ктаничесьцуыи
18825,те́ктаничесьцъыи
18826,те́ктаничесьцамьыи
18827,те́ктаничесьцѣ
18828,те́ктаничесьциии
18829,те́ктаничеськъии
18830,те́ктаничесьци
18831,те́ктаничесьцѣхъии
18832,теку́щъыи
18833,теку́щ
18834,теку́щиыи
18835,те́кущи
18836,теку́щы
18837,теку́щы
18838,xxx
18839,xxx
18840,телекаммѫницана́ыи
18841,телекаммѫницанну́ыи
18842,телекаммѫницаннъы́и
18843,телекаммѫницаннъи́и
18844,телекаммѫницано́мъ
18845,телекаммѫницанны́
18846,телерадиавательну́
18847,телерадиавете́льнъ
18848,те́лерадиаветельнъыи
18849,телерадиавете́льнамь
18850,телерадиавательнѣ́
18851,те́лерадиаветельни
18852,телерадиавательни́ии
18853,телерадиавательнѣ́хъ
18854,телерадиавательнѣ́хъ
18855,те́ллуричеськъыи
18856,теллуричесьцѣ́
18857,те́ллуричесьци
18858,те́ллуричеськи
18859,теллуриче́ськъ
18860,те́ллуричесьцамъ
18861,теллуричеськы́
18862,те́матичесьца
18863,те́матичесьцуыи
18864,те́матичесьцъыи
18865,те́матичесьцѣ
18866,тематиче́сьцъ
18867,те́матичесьциии
18868,те́матичесьциии
18869,xxx
18870,xxx
18871,xxx
18872,xxx
18873,xxx
18874,xxx
18875,xxx
18876,xxx
18877,xxx
18878,xxx
18879,xxx
18880,xxx
18881,телагиче́сьцъ
18882,телагиче́ськъ
18883,те́алагичесьцъыи
18884,телагиче́ськамь
18885,те́алагичесьцамьыи
18886,телагичеськѣ́
18887,телагичесько́мъ
18888,телагичесьци́ии
18889,телагичеськы́
18890,теаретиче́сьцъ
18891,те́аретичесьцуыи
18892,те́аретичесьцъыи
18893,те́аретичеськамь
18894,те́аретичеськамъ
18895,те́аретичесьци
18896,те́аретичесьци
18897,xxx
18898,xxx
18899,xxx
18900,xxx
18901,xxx
18902,xxx
18903,xxx
18904,xxx
18905,xxx
18906,xxx
18907,xxx
18908,xxx
18909,xxx
18910,xxx
18911,xxx
18912,xxx
18913,xxx
18914,xxx
18915,xxx
18916,xxx
18917,те́рритариальнаыи
18918,те́рритариальнуыи
18919,те́рритариальнѣ
18920,те́рритариальнѣыи
18921,территариа́льнъ
18922,те́рритариальнъии
18923,те́рритариальнамъ
18924,те́рритариальныии
18925,те́рритариальны
18926,те́рраристичесьцаыи
18927,те́рраристичесьцъыи
18928,те́рраристичесьци
18929,терраристиче́сьцъ
18930,терраристиче́ськъ
18931,терраристичесьци́ии
18932,xxx
18933,xxx
18934,xxx
18935,xxx
18936,xxx
18937,xxx
18938,xxx
18939,xxx
18940,xxx
18941,xxx
18942,xxx
18943,xxx
18944,xxx
18945,xxx
18946,xxx
18947,xxx
18948,xxx
18949,xxx
18950,xxx
18951,xxx
18952,те́хнлагичесьцъыи
18953,те́хнлагичесьцуыи
18954,те́хнлагичеськи
18955,те́хнлагичеськыии
18956,xxx
18957,xxx
18958,xxx
18959,xxx
18960,xxx
18961,xxx
18962,xxx
18963,xxx
18964,то́варищесьца
18965,то́варищеськамьыи
18966,то́варищесьци
18967,то́варищесьцамъии
18968,то́варищеськамъии
18969,то́варищесьциии
18970,то́варищеськыии
18971,xxx
18972,xxx
18973,xxx
18974,xxx
18975,xxx
18976,xxx
18977,xxx
18978,xxx
18979,xxx
18980,xxx
18981,xxx
18982,xxx
18983,xxx
18984,xxx
18985,xxx
18986,xxx
18987,xxx
18988,xxx
18989,xxx
18990,xxx
18991,xxx
18992,то́мсьцаыи
18993,тамсьцу́
18994,тамську́
18995,то́мсьцамь
18996,то́мсьцѣыи
18997,то́мсьциии
18998,то́мськъ
18999,то́мсьцѣхъ
19000,xxx
19001,xxx
19002,xxx
19003,xxx
19004,xxx
19005,xxx
19006,то́паграфичеська
19007,то́паграфичесьцаыи
19008,то́паграфичеськуыи
19009,то́паграфичеськи
19010,то́паграфичесьци
19011,xxx
19012,xxx
19013,xxx
19014,xxx
19015,xxx
19016,то́ргава-эканамичесьца
19017,таргава-эканамиче́сьцъ
19018,то́ргава-эканамичеськамьыи
19019,то́ргава-эканамичеськъии
19020,то́ргава-эканамичеськы
19021,то́ргава-эканамичесьцѣхъ
19022,то́ргава-эканамичеськихъ
19023,xxx
19024,xxx
19025,xxx
19026,xxx
19027,xxx
19028,xxx
19029,xxx
19030,xxx
19031,xxx
19032,xxx
19033,xxx
19034,xxx
19035,таскую́щ
19036,то́скующи
19037,то́скующи
19038,то́скующъии
19039,то́скующамъ
19040,то́скующы
19041,xxx
19042,xxx
19043,xxx
19044,xxx
19045,xxx
19046,травяни́сътъ
19047,травяни́сътъ
19048,тра́вянисътамь
19049,тра́вянисътъии
19050,тра́вянисътамъии
19051,тра́вянисъты
19052,xxx
19053,xxx
19054,xxx
19055,xxx
19056,тра́гичѣсьцамьыи
19057,тра́гичѣсьцамъ
19058,тра́гичѣсьциии
19059,xxx
19060,xxx
19061,xxx
19062,xxx
19063,xxx
19064,xxx
19065,xxx
19066,xxx
19067,xxx
19068,xxx
19069,xxx
19070,xxx
19071,xxx
19072,xxx
19073,xxx
19074,xxx
19075,xxx
19076,xxx
19077,xxx
19078,xxx
19079,xxx
19080,xxx
19081,xxx
19082,xxx
19083,xxx
19084,xxx
19085,xxx
19086,третьяко́всьцъ
19087,тре́тьякавсьцъыи
19088,тре́тьякавсьцамьыи
19089,тре́тьякавсьциии
19090,тре́тьякавськъии
19091,тре́тьякавсьцамъ
19092,тре́тьякавськыии
19093,xxx
19094,xxx
19095,xxx
19096,xxx
19097,xxx
19098,xxx
19099,xxx
19100,xxx
19101,xxx
19102,xxx
19103,xxx
19104,xxx
19105,xxx
19106,xxx
19107,xxx
19108,xxx
19109,xxx
19110,xxx
19111,xxx
19112,xxx
19113,xxx
19114,xxx
19115,xxx
19116,xxx
19117,xxx
19118,xxx
19119,xxx
19120,xxx
19121,xxx
19122,xxx
19123,тря́ськъыи
19124,тря́сьца
19125,тря́ськаыи
19126,тря́сьцуыи
19127,тря́сьци
19128,тря́сьциии
19129,тря́ськъии
19130,тря́сьци
19131,тря́ськыии
19132,тря́сьцѣхъ
19133,xxx
19134,xxx
19135,xxx
19136,xxx
19137,xxx
19138,xxx
19139,xxx
19140,ту́льсьцаыи
19141,ту́льсьцѣыи
19142,ту́льсьцъ
19143,ту́льськамъ
19144,ту́льсьцамъии
19145,ту́льсьци
19146,ту́льсьциии
19147,xxx
19148,xxx
19149,xxx
19150,ту́ристичесьцамьыи
19151,ту́ристичесьцамъ
19152,ту́ристичесьцамъии
19153,xxx
19154,xxx
19155,xxx
19156,xxx
19157,xxx
19158,xxx
19159,xxx
19160,xxx
19161,xxx
19162,xxx
19163,xxx
19164,xxx
19165,xxx
19166,xxx
19167,xxx
19168,xxx
19169,xxx
19170,xxx
19171,xxx
19172,xxx
19173,xxx
19174,xxx
19175,xxx
19176,xxx
19177,xxx
19178,xxx
19179,xxx
19180,xxx
19181,xxx
19182,xxx
19183,xxx
19184,xxx
19185,xxx
19186,xxx
19187,xxx
19188,xxx
19189,xxx
19190,xxx
19191,xxx
19192,тяжеле́йшъ
19193,тя́желейшуыи
19194,тя́желейшамьыи
19195,тяжелейшѣ́
19196,тя́желейшъии
19197,xxx
19198,xxx
19199,xxx
19200,xxx
19201,xxx
19202,xxx
19203,xxx
19204,xxx
19205,xxx
19206,xxx
19207,xxx
19208,xxx
19209,xxx
19210,xxx
19211,xxx
19212,xxx
19213,xxx
19214,xxx
19215,xxx
19216,xxx
19217,xxx
19218,xxx
19219,у́глѣкислъыи
19220,у́гликисламь
19221,у́глѣкислѣ
19222,у́гликисламъ
19223,у́глѣкисламъии
19224,у́глѣкислѣхъ
19225,xxx
19226,xxx
19227,xxx
19228,xxx
19229,xxx
19230,xxx
19231,xxx
19232,xxx
19233,xxx
19234,xxx
19235,xxx
19236,xxx
19237,xxx
19238,удабнейшу́
19239,удабне́йшъ
19240,удабнейши́
19241,удабнейшѣ́хъии
19242,xxx
19243,xxx
19244,xxx
19245,xxx
19246,xxx
19247,xxx
19248,xxx
19249,xxx
19250,xxx
19251,xxx
19252,xxx
19253,xxx
19254,xxx
19255,xxx
19256,xxx
19257,xxx
19258,xxx
19259,xxx
19260,xxx
19261,xxx
19262,xxx
19263,xxx
19264,xxx
19265,xxx
19266,у́меньшительнасьцу
19267,у́меньшительнасьцу
19268,уменьшительно́сьцъ
19269,у́меньшительнамь
19270,у́меньшительнасьцѣыи
19271,уменьшительнаськи́
19272,уменьшительнасьци́ии
19273,уменьшительно́сьцъ
19274,у́меньшительнамъ
19275,уменьшительнасьци́
19276,уменьшительнасьци́ии
19277,у́меньшительнаськихъ
19278,xxx
19279,xxx
19280,xxx
19281,xxx
19282,xxx
19283,xxx
19284,у́нитарна
19285,унитарна́ыи
19286,унита́рнъ
19287,xxx
19288,xxx
19289,xxx
19290,xxx
19291,xxx
19292,xxx
19293,xxx
19294,xxx
19295,xxx
19296,xxx
19297,xxx
19298,xxx
19299,xxx
19300,xxx
19301,xxx
19302,xxx
19303,xxx
19304,устаревша́ыи
19305,устаре́вшъ
19306,устаре́вшъии
19307,устаре́вшъии
19308,xxx
19309,xxx
19310,xxx
19311,xxx
19312,xxx
19313,xxx
19314,xxx
19315,xxx
19316,xxx
19317,xxx
19318,xxx
19319,xxx
19320,xxx
19321,xxx
19322,xxx
19323,xxx
19324,xxx
19325,xxx
19326,у́шни
19327,у́шнамъии
19328,у́шнѣхъ
19329,у́шнѣхъии
19330,уэ́льсьцъ
19331,уэ́льськъ
19332,уэ́льськамьыи
19333,уэ́льськиыи
19334,уэ́льсьцъ
19335,уэ́льськъии
19336,уэ́льсьцамъии
19337,уэ́льсьцамъии
19338,уэ́льсьцѣхъии
19339,xxx
19340,xxx
19341,xxx
19342,xxx
19343,xxx
19344,xxx
19345,фа́ктичесьцъыи
19346,фактиче́сьцамь
19347,фа́ктичеськиии
19348,фактиче́сьцъ
19349,фактичесьцъи́и
19350,фактичесьцо́мъ
19351,фа́ктичесьцамъии
19352,фактичеськѣ́хъии
19353,фа́лличѣсьцъыи
19354,фа́лличѣсьцуыи
19355,фалличѣ́ськи
19356,фалличѣ́сьцамъ
19357,фалличѣ́сьцамъ
19358,фалличѣ́ськамъ
19359,фа́лличѣсьцамъии
19360,фа́лличѣсьциии
19361,xxx
19362,xxx
19363,xxx
19364,xxx
19365,фантастичесьцъы́и
19366,фантастичесьцъы́и
19367,фантастичеськъы́и
19368,фа́нтастичесьцѣыи
19369,фа́нтастичесьцамъ
19370,фа́нтастичесьцѣхъ
19371,xxx
19372,xxx
19373,xxx
19374,xxx
19375,xxx
19376,xxx
19377,xxx
19378,xxx
19379,xxx
19380,xxx
19381,xxx
19382,xxx
19383,xxx
19384,xxx
19385,xxx
19386,xxx
19387,xxx
19388,xxx
19389,xxx
19390,xxx
19391,xxx
19392,xxx
19393,xxx
19394,xxx
19395,xxx
19396,xxx
19397,xxx
19398,xxx
19399,xxx
19400,xxx
19401,xxx
19402,xxx
19403,xxx
19404,xxx
19405,xxx
19406,xxx
19407,xxx
19408,xxx
19409,физица-химичесьцу́
19410,физица-химиче́сьцъ
19411,физица-химичеськѣ́ыи
19412,фи́зица-химичесьци
19413,физица-химичесьци́ии
19414,физица-химичеськи́ии
19415,физица-химиче́сьцъ
19416,физица-химичесьцъи́и
19417,фи́зица-химичесьцѣхъии
19418,физилагичиськъы́и
19419,физиалагичѣсьца́ыи
19420,физиалагичѣ́сьцъ
19421,физилагичѣсьцѣ́хъ
19422,xxx
19423,xxx
19424,xxx
19425,xxx
19426,xxx
19427,xxx
19428,фи́липпинська
19429,фи́липпинсьцу
19430,фи́липпинсьцѣыи
19431,фи́липпинськиыи
19432,xxx
19433,xxx
19434,xxx
19435,xxx
19436,xxx
19437,xxx
19438,фи́нансава-прамышленну
19439,фи́нансава-прамышленнъыи
19440,фи́нансава-прамышленнамьыи
19441,финансава-прамышленнъи́и
19442,фи́нансава-прамышленнамъ
19443,xxx
19444,xxx
19445,xxx
19446,xxx
19447,xxx
19448,xxx
19449,xxx
19450,xxx
19451,xxx
19452,xxx
19453,xxx
19454,xxx
19455,xxx
19456,фанитичѣ́ськъ
19457,фанѣтичѣ́сьцъ
19458,фо́нѣтичѣсьцамъ
19459,фо́нѣтичѣсьци
19460,фо́нѣтичѣсьциии
19461,фо́нѣтичѣсьцѣхъ
19462,фо́нлагичеська
19463,фо́нлагичесьцѣ
19464,фо́налагичесьци
19465,фо́нлагичесьцамъии
19466,фо́нлагичесьцѣхъии
19467,xxx
19468,xxx
19469,xxx
19470,xxx
19471,фо́таграфичеська
19472,фо́таграфичеськуыи
19473,фо́таграфичесьци
19474,фо́таграфичеськыии
19475,фо́таграфичесьцѣхъии
19476,xxx
19477,xxx
19478,xxx
19479,xxx
19480,xxx
19481,xxx
19482,xxx
19483,xxx
19484,xxx
19485,xxx
19486,xxx
19487,xxx
19488,xxx
19489,xxx
19490,xxx
19491,xxx
19492,xxx
19493,xxx
19494,xxx
19495,xxx
19496,xxx
19497,xxx
19498,ха́ньсьцамьыи
19499,ха́ньсьцамъ
19500,ха́ньсьци
19501,xxx
19502,хво́йна
19503,хво́йнамь
19504,хво́йнѣыи
19505,хво́йнъ
19506,хво́йнъ
19507,хво́йны
19508,хво́йнихъ
19509,xxx
19510,xxx
19511,xxx
19512,xxx
19513,xxx
19514,xxx
19515,xxx
19516,xxx
19517,xxx
19518,xxx
19519,xxx
19520,химичесьцъы́и
19521,химичеськъы́и
19522,химичесьца́
19523,химичеська́
19524,химичесьцу́ыи
19525,химичеську́ыи
19526,хи́мичеськи
19527,хи́мичеськиии
19528,хи́мичесьцамъ
19529,хи́мичесьцамъии
19530,хи́мичеськыии
19531,хи́мичеськихъ
19532,xxx
19533,xxx
19534,хлѣ́бнѣыи
19535,хлѣ́бни
19536,хлѣ́бни
19537,хме́льну
19538,хме́льниии
19539,хме́льны
19540,хме́льныии
19541,хме́льныии
19542,хме́льнихъии
19543,xxx
19544,xxx
19545,xxx
19546,xxx
19547,xxx
19548,xxx
19549,xxx
19550,xxx
19551,xxx
19552,xxx
19553,xxx
19554,xxx
19555,xxx
19556,xxx
19557,xxx
19558,xxx
19559,xxx
19560,xxx
19561,xxx
19562,xxx
19563,xxx
19564,xxx
19565,xxx
19566,xxx
19567,xxx
19568,xxx
19569,xxx
19570,xxx
19571,xxx
19572,xxx
19573,xxx
19574,хра́шеньца
19575,хра́шеньцамьыи
19576,хра́шеньцѣ
19577,хра́шеньцѣыи
19578,хра́шеньци
19579,хо́рашеньцѣхъии
19580,xxx
19581,xxx
19582,xxx
19583,xxx
19584,xxx
19585,xxx
19586,xxx
19587,xxx
19588,xxx
19589,xxx
19590,xxx
19591,xxx
19592,xxx
19593,xxx
19594,xxx
19595,xxx
19596,xxx
19597,xxx
19598,xxx
19599,xxx
19600,xxx
19601,цейло́нсьцъ
19602,цейло́нсьцъ
19603,це́йлансьцъыи
19604,це́йланськаыи
19605,це́йлансьцамь
19606,це́йлансьцамьыи
19607,це́йлансьцамъ
19608,це́йлансьцамъ
19609,це́йлансьциии
19610,xxx
19611,xxx
19612,xxx
19613,xxx
19614,xxx
19615,xxx
19616,xxx
19617,xxx
19618,xxx
19619,xxx
19620,xxx
19621,це́пнъ
19622,це́пнъ
19623,це́пнъыи
19624,це́пнамь
19625,це́пнѣыи
19626,це́пнъии
19627,це́пнамъ
19628,це́пны
19629,це́пнѣхъ
19630,xxx
19631,xxx
19632,xxx
19633,xxx
19634,xxx
19635,xxx
19636,xxx
19637,xxx
19638,xxx
19639,xxx
19640,xxx
19641,xxx
19642,xxx
19643,xxx
19644,xxx
19645,xxx
19646,xxx
19647,xxx
19648,xxx
19649,xxx
19650,xxx
19651,xxx
19652,xxx
19653,xxx
19654,xxx
19655,xxx
19656,xxx
19657,xxx
19658,xxx
19659,цюри́ссьцъ
19660,цюри́сськъ
19661,цюриссьцо́мь
19662,цюриссьци́ии
19663,цюри́ссьцъ
19664,цюриссько́мъии
19665,цюриссьци́ии
19666,цюриссьци́
19667,xxx
19668,xxx
19669,xxx
19670,xxx
19671,xxx
19672,xxx
19673,xxx
19674,xxx
19675,xxx
19676,xxx
19677,xxx
19678,xxx
19679,xxx
19680,xxx
19681,xxx
19682,xxx
19683,xxx
19684,xxx
19685,xxx
19686,xxx
19687,xxx
19688,xxx
19689,xxx
19690,xxx
19691,xxx
19692,xxx
19693,xxx
19694,xxx
19695,xxx
19696,xxx
19697,xxx
19698,xxx
19699,xxx
19700,xxx
19701,xxx
19702,xxx
19703,xxx
19704,xxx
19705,xxx
19706,xxx
19707,xxx
19708,xxx
19709,xxx
19710,xxx
19711,xxx
19712,xxx
19713,xxx
19714,xxx
19715,xxx
19716,xxx
19717,xxx
19718,xxx
19719,xxx
19720,xxx
19721,xxx
19722,xxx
19723,xxx
19724,xxx
19725,чехо́вськъ
19726,че́хавсьца
19727,че́хавсьцѣ
19728,чехо́всьцъ
19729,че́хавсьцъии
19730,че́хавськамъии
19731,че́хавсьци
19732,че́хавськыии
19733,че́хавсьцѣхъии
19734,че́ченсьцуыи
19735,чече́нськъ
19736,че́ченсьцамьыи
19737,че́ченсьци
19738,че́ченськиии
19739,чёрненьца́ыи
19740,чёрненьцу́
19741,чёрненьцу́ыи
19742,чёрненьци́ии
19743,чёрненьци́
19744,чёрна-бе́л
19745,чёрна-бела́ыи
19746,чёрна-белу́ыи
19747,чёрна-белу́ыи
19748,чёрна-белу́ыи
19749,чёрна-бе́лъыи
19750,чёрна-бе́лъыи
19751,чё́рна-бели
19752,чёрна-бе́л
19753,чё́рна-беламъии
19754,чёрна-белы́
19755,чёрна-белы́ии
19756,xxx
19757,xxx
19758,xxx
19759,xxx
19760,xxx
19761,xxx
19762,xxx
19763,xxx
19764,xxx
19765,чи́стеньцъыи
19766,чисте́ньцъ
19767,чи́стеньцъыи
19768,чисте́ньцамь
19769,чи́стеньцамьыи
19770,чи́стеньцихъии
19771,xxx
19772,xxx
19773,xxx
19774,xxx
19775,xxx
19776,чудатво́рнъ
19777,чудатво́рнъ
19778,чудатво́рнамь
19779,чудатварно́мьыи
19780,чудатварны́
19781,чудатварны́
19782,чудатварны́ии
19783,чудатварны́ии
19784,чудатварны́ии
19785,xxx
19786,xxx
19787,xxx
19788,xxx
19789,xxx
19790,xxx
19791,чу́катсьцъыи
19792,чукатсьца́ыи
19793,чуко́тськъ
19794,чукатськѣ́
19795,чукатськи́ии
19796,чу́катськамъии
19797,чукатсьци́ии
19798,чукатсьци́ии
19799,чукатсьци́
19800,xxx
19801,xxx
19802,xxx
19803,xxx
19804,xxx
19805,xxx
19806,xxx
19807,xxx
19808,xxx
19809,ша́хматнъыи
19810,ша́хматнаыи
19811,ша́хматнѣ
19812,ша́хматниии
19813,ша́хматнамъ
19814,ша́хматнамъ
19815,ша́хматнамъии
19816,ша́хматныии
19817,ша́хматныии
19818,шве́йнуыи
19819,шве́йнъ
19820,шве́йнѣыи
19821,шве́йнѣхъ
19822,xxx
19823,xxx
19824,xxx
19825,xxx
19826,xxx
19827,ше́йна
19828,ше́йнаыи
19829,ше́йнамь
19830,ше́йнихъии
19831,xxx
19832,xxx
19833,xxx
19834,xxx
19835,xxx
19836,xxx
19837,xxx
19838,xxx
19839,xxx
19840,xxx
19841,xxx
19842,xxx
19843,xxx
19844,xxx
19845,xxx
19846,xxx
19847,xxx
19848,xxx
19849,шираче́ннъ
19850,шираче́ннъыи
19851,шираче́ннъ
19852,шираче́ннъыи
19853,шираче́ннѣыи
19854,шираче́нни
19855,шираче́ннамъ
19856,шираче́ннѣхъ
19857,xxx
19858,xxx
19859,xxx
19860,xxx
19861,xxx
19862,xxx
19863,xxx
19864,шо́рсьцъыи
19865,шо́рсьцъыи
19866,шо́рську
19867,шо́рськамьыи
19868,шо́рсьцѣыи
19869,шо́рськи
19870,шо́рськамъ
19871,шо́рсьци
19872,шо́рсьцѣхъии
19873,xxx
19874,xxx
19875,xxx
19876,шпио́нсьцъ
19877,шпиансьца́ыи
19878,шпиансьцо́мьыи
19879,шпиансьци́
19880,шпио́нсьцъ
19881,шпианськѣ́хъии
19882,шри-ланки́йсьцъ
19883,шри-ланки́йсьцъ
19884,шри-ланки́йськъ
19885,шри-ланкийсьцѣ́ыи
19886,шри-ланкийсьцо́мъии
19887,шри-ланкийсьцѣ́хъ
19888,шри-ланкийськѣ́хъ
19889,xxx
19890,xxx
19891,xxx
19892,xxx
19893,xxx
19894,xxx
19895,xxx
19896,xxx
19897,шуто́всьцъ
19898,шуто́всьца
19899,шутавсьцу́ыи
19900,шуто́всьцъ
19901,шуто́всьцъ
19902,шуто́всьцъ
19903,шуто́вськъ
19904,шутавсьци́
19905,шутавськы́
19906,xxx
19907,xxx
19908,xxx
19909,xxx
19910,xxx
19911,xxx
19912,xxx
19913,xxx
19914,xxx
19915,xxx
19916,э́затеричесьца
19917,э́затеричесьцу
19918,э́затеричесьцуыи
19919,э́затеричесьцѣыи
19920,э́затеричесьцѣыи
19921,э́затеричесьциии
19922,эзатериче́ськъ
19923,э́затеричеськамъии
19924,экзатиче́сьцъ
19925,э́кзатичеськъыи
19926,э́кзатичесьцу
19927,э́кзатичеськуыи
19928,э́кзатичесьцамь
19929,э́кзатичесьцѣ
19930,э́кзатичесьци
19931,э́кзатичесьциии
19932,э́кзатичеськыии
19933,э́кзатичесьцѣхъии
19934,э́къыи
19935,э́ка
19936,э́ку
19937,э́камьыи
19938,э́ки
19939,э́кы
19940,э́кыии
19941,э́кихъ
19942,xxx
19943,xxx
19944,xxx
19945,xxx
19946,xxx
19947,xxx
19948,э́канамичнуыи
19949,э́канамичнѣ
19950,э́канамични
19951,э́канамичнъии
19952,э́канамичнамъ
19953,э́канамичныии
19954,э́канамичныии
19955,xxx
19956,xxx
19957,xxx
19958,xxx
19959,xxx
19960,xxx
19961,xxx
19962,э́кстремистськъыи
19963,э́кстремистсьца
19964,э́кстремистсьцаыи
19965,э́кстремистськуыи
19966,э́кстремистсьцѣыи
19967,э́кстремистськиии
19968,экстреми́стсьцъ
19969,э́кстремистсьцъии
19970,э́кстремистсьцѣхъии
19971,электара́льна
19972,э́лектаральну
19973,э́лектаральнуыи
19974,э́лектаральни
19975,э́лектаральнъии
19976,э́лектаральныии
19977,э́лектаральны
19978,э́лектаральнихъ
19979,э́лектричесьцамьыи
19980,э́лектричесьцамьыи
19981,э́лектричесьци
19982,э́лектричесьци
19983,э́лектричесьци
19984,электричесьци́ии
19985,xxx
19986,xxx
19987,xxx
19988,xxx
19989,xxx
19990,xxx
19991,xxx
19992,xxx
19993,xxx
19994,xxx
19995,xxx
19996,эмпиричесьцъы́и
19997,эмпиричесьцу́
19998,эмпириче́ськъ
19999,эмпиричесьцѣ́
20000,э́мпиричесьци
20001,э́мпиричеськыии
20002,э́ндемичесьцаыи
20003,эндемиче́сьцъ
20004,эндемиче́ськъ
20005,э́ндемичеськи
20006,э́ндемичесьциии
20007,э́ндемичесьцамъии
20008,xxx
20009,xxx
20010,xxx
20011,xxx
20012,xxx
20013,xxx
20014,xxx
20015,xxx
20016,xxx
20017,xxx
20018,xxx
20019,xxx
20020,эратиче́сьцъ
20021,э́ратичеськъыи
20022,э́ратичесьцамьыи
20023,эратиче́ськъ
20024,э́ратичеськамъ
20025,э́ратичеськамъии
20026,э́ратичесьци
20027,э́ратичесьци
20028,э́стетичесьцу
20029,эстетиче́сьцъ
20030,эстетиче́ськъ
20031,э́стетичесьци
20032,э́стетичесьцѣхъии
20033,xxx
20034,xxx
20035,xxx
20036,xxx
20037,xxx
20038,xxx
20039,xxx
20040,xxx
20041,xxx
20042,xxx
20043,xxx
20044,xxx
20045,xxx
20046,xxx
20047,xxx
20048,xxx
20049,xxx
20050,xxx
20051,xxx
20052,xxx
20053,xxx
20054,xxx
20055,xxx
20056,xxx
20057,xxx
20058,xxx
20059,xxx
20060,ю́жну
20061,ю́жнѣыи
20062,ю́жни
20063,ю́жнамъ
20064,ю́жнамъ
20065,ю́жныии
20066,ю́жнѣхъии
20067,ю́жнихъии
20068,xxx
20069,xxx
20070,ю́нашѣсьциии
20071,ю́нашѣсьциии
20072,юнашѣсьци́ии
20073,ю́нашѣсьцѣхъии
20074,xxx
20075,xxx
20076,xxx
20077,xxx
20078,xxx
20079,языкавидчѣ́ськъ
20080,я́зыкавѣдчѣсьцъии
20081,я́зыкавидчиськамъии
20082,я́зыкавѣдчѣсьциии
20083,xxx
20084,xxx
20085,xxx
20086,xxx
20087,языче́ськъ
20088,я́зычесьцамъии
20089,я́зычесьци
20090,xxx
20091,xxx
20092,xxx
20093,я́мсьцаыи
20094,я́мсьцуыи
20095,я́мсьцъ
20096,я́мсьцамь
20097,я́мськамь
20098,я́мсьцѣыи
20099,я́мськиыи
20100,я́мсьци
20101,я́мсьцъии
20102,я́мськамъ
20103,я́мсьци
20104,я́мсьци
20105,я́мськы
20106,xxx
20107,xxx
20108,xxx
20109,xxx
20110,xxx
20111,ярасла́всьцъ
20112,я́раславськъыи
20113,я́раславсьцуыи
20114,я́раславсьцѣ
20115,я́раславсьцѣ
20116,я́раславськиии
20117,ярасла́всьцъ
20118,я́раславсьцѣхъии
20119,я́р
20120,я́р
20121,я́р
20122,я́ра
20123,я́ръыи
20124,я́ръии
20125,я́рѣхъии
20126,xxx
20127,xxx
20128,xxx
20129,xxx
20130,xxx
20131,xxx
20132,xxx
20133,xxx
20134,xxx
20135,xxx
20136,xxx
20137,xxx
20138,xxx
20139,xxx
20140,xxx
20141,xxx
20142,xxx
20143,xxx
20144,xxx
20145,xxx
20146,xxx
20147,xxx
20148,xxx
20149,xxx
20150,xxx
20151,xxx
20152,xxx
20153,xxx
20154,xxx
20155,xxx
20156,xxx
20157,xxx
20158,xxx
20159,xxx
20160,xxx
20161,xxx
20162,xxx
20163,xxx
20164,xxx
20165,xxx
20166,xxx
20167,xxx
20168,xxx
20169,xxx
20170,xxx
20171,xxx
20172,xxx
20173,xxx
20174,xxx
20175,xxx
20176,xxx
20177,xxx
20178,xxx
20179,xxx
20180,xxx
20181,xxx
20182,xxx
20183,xxx
20184,xxx
20185,xxx
20186,xxx
20187,xxx
20188,xxx
20189,xxx
20190,xxx
20191,xxx
20192,xxx
20193,xxx
20194,xxx
20195,xxx
20196,xxx
20197,xxx
20198,xxx
20199,xxx
20200,xxx
20201,xxx
20202,xxx
20203,xxx
20204,xxx
20205,xxx
20206,xxx
20207,xxx
20208,xxx
20209,xxx
20210,xxx
20211,xxx
20212,xxx
20213,xxx
20214,xxx
20215,xxx
20216,xxx
20217,xxx
20218,xxx
20219,xxx
20220,xxx
20221,xxx
20222,xxx
20223,xxx
20224,xxx
20225,xxx
20226,xxx
20227,xxx
20228,xxx
20229,xxx
20230,xxx
20231,xxx
20232,xxx
20233,xxx
20234,xxx
20235,xxx
20236,xxx
20237,xxx
20238,xxx
20239,xxx
20240,xxx
20241,xxx
20242,xxx
20243,xxx
20244,xxx
20245,xxx
20246,xxx
20247,xxx
20248,xxx
20249,xxx
20250,xxx
20251,xxx
20252,xxx
20253,xxx
20254,xxx
20255,xxx
20256,xxx
20257,xxx
20258,xxx
20259,xxx
20260,xxx
20261,xxx
20262,xxx
20263,xxx
20264,xxx
20265,xxx
20266,xxx
20267,xxx
20268,xxx
20269,xxx
20270,xxx
20271,xxx
20272,xxx
20273,xxx
20274,xxx
20275,xxx
20276,xxx
20277,xxx
20278,xxx
20279,xxx
20280,xxx
20281,xxx
20282,xxx
20283,xxx
20284,xxx
20285,xxx
20286,xxx
20287,xxx
20288,xxx
20289,xxx
20290,xxx
20291,xxx
20292,xxx
20293,xxx
20294,xxx
20295,xxx
20296,xxx
20297,xxx
20298,xxx
20299,xxx
20300,xxx
20301,xxx
20302,xxx
20303,xxx
20304,xxx
20305,xxx
20306,xxx
20307,xxx
20308,xxx
20309,xxx
20310,xxx
20311,xxx
20312,xxx
20313,xxx
20314,xxx
20315,xxx
20316,xxx
20317,xxx
20318,xxx
20319,xxx
20320,xxx
20321,xxx
20322,xxx
20323,xxx
20324,xxx
20325,xxx
20326,xxx
20327,xxx
20328,xxx
20329,xxx
20330,xxx
20331,xxx
20332,xxx
20333,xxx
20334,xxx
20335,xxx
20336,xxx
20337,xxx
20338,xxx
20339,xxx
20340,xxx
20341,xxx
20342,xxx
20343,xxx
20344,xxx
20345,xxx
20346,xxx
20347,xxx
20348,xxx
20349,xxx
20350,xxx
20351,xxx
20352,xxx
20353,xxx
20354,xxx
20355,xxx
20356,xxx
20357,xxx
20358,xxx
20359,xxx
20360,xxx
20361,xxx
20362,xxx
20363,xxx
20364,xxx
20365,xxx
20366,xxx
20367,xxx
20368,xxx
20369,xxx
20370,xxx
20371,xxx
20372,xxx
20373,xxx
20374,xxx
20375,xxx
20376,xxx
20377,xxx
20378,xxx
20379,xxx
20380,xxx
20381,xxx
20382,xxx
20383,xxx
20384,xxx
20385,xxx
20386,xxx
20387,xxx
20388,xxx
20389,xxx
20390,xxx
20391,xxx
20392,xxx
20393,xxx
20394,xxx
20395,xxx
20396,xxx
20397,xxx
20398,xxx
20399,xxx
20400,xxx
20401,xxx
20402,xxx
20403,xxx
20404,xxx
20405,xxx
20406,xxx
20407,xxx
20408,xxx
20409,xxx
20410,xxx
20411,xxx
20412,xxx
20413,xxx
20414,xxx
20415,xxx
20416,xxx
20417,xxx
20418,xxx
20419,xxx
20420,xxx
20421,xxx
20422,xxx
20423,xxx
20424,xxx
20425,xxx
20426,xxx
20427,xxx
20428,xxx
20429,xxx
20430,xxx
20431,xxx
20432,xxx
20433,xxx
20434,xxx
20435,xxx
20436,xxx
20437,xxx
20438,xxx
20439,xxx
20440,xxx
20441,xxx
20442,xxx
20443,xxx
20444,xxx
20445,xxx
20446,xxx
20447,xxx
20448,xxx
20449,xxx
20450,xxx
20451,xxx
20452,xxx
20453,xxx
20454,xxx
20455,xxx
20456,xxx
20457,xxx
20458,xxx
20459,xxx
20460,xxx
20461,xxx
20462,xxx
20463,xxx
20464,xxx
20465,xxx
20466,xxx
20467,xxx
20468,xxx
20469,xxx
20470,xxx
20471,xxx
20472,xxx
20473,xxx
20474,xxx
20475,xxx
20476,xxx
20477,xxx
20478,xxx
20479,xxx
20480,xxx
20481,xxx
20482,xxx
20483,xxx
20484,xxx
20485,xxx
20486,xxx
20487,xxx
20488,xxx
20489,xxx
20490,xxx
20491,xxx
20492,xxx
20493,xxx
20494,xxx
20495,xxx
20496,xxx
20497,xxx
20498,xxx
20499,xxx
20500,xxx
20501,xxx
20502,xxx
20503,xxx
20504,xxx
20505,xxx
20506,xxx
20507,xxx
20508,xxx
20509,xxx
20510,xxx
20511,xxx
20512,xxx
20513,xxx
20514,xxx
20515,xxx
20516,xxx
20517,xxx
20518,xxx
20519,xxx
20520,xxx
20521,xxx
20522,xxx
20523,xxx
20524,xxx
20525,xxx
20526,xxx
20527,xxx
20528,xxx
20529,xxx
20530,xxx
20531,xxx
20532,xxx
20533,xxx
20534,xxx
20535,xxx
20536,xxx
20537,xxx
20538,xxx
20539,xxx
20540,xxx
20541,xxx
20542,xxx
20543,xxx
20544,xxx
20545,xxx
20546,xxx
20547,xxx
20548,xxx
20549,xxx
20550,xxx
20551,xxx
20552,xxx
20553,xxx
20554,xxx
20555,xxx
20556,xxx
20557,xxx
20558,xxx
20559,xxx
20560,xxx
20561,xxx
20562,xxx
20563,xxx
20564,xxx
20565,xxx
20566,xxx
20567,xxx
20568,xxx
20569,xxx
20570,xxx
20571,xxx
20572,xxx
20573,xxx
20574,xxx
20575,xxx
20576,xxx
20577,xxx
20578,xxx
20579,xxx
20580,xxx
20581,xxx
20582,xxx
20583,xxx
20584,xxx
20585,xxx
20586,xxx
20587,xxx
20588,xxx
20589,xxx
20590,xxx
20591,xxx
20592,xxx
20593,xxx
20594,xxx
20595,xxx
20596,xxx
20597,xxx
20598,xxx
20599,xxx
20600,xxx
20601,xxx
20602,xxx
20603,xxx
20604,xxx
20605,xxx
20606,xxx
20607,xxx
20608,xxx
20609,xxx
20610,xxx
20611,xxx
20612,xxx
20613,xxx
20614,xxx
20615,xxx
20616,xxx
20617,xxx
20618,xxx
20619,xxx
20620,xxx
20621,xxx
20622,xxx
20623,xxx
20624,xxx
20625,xxx
20626,xxx
20627,xxx
20628,xxx
20629,xxx
20630,xxx
20631,xxx
20632,xxx
20633,xxx
20634,xxx
20635,xxx
20636,xxx
20637,xxx
20638,xxx
20639,xxx
20640,xxx
20641,xxx
20642,xxx
20643,xxx
20644,xxx
20645,xxx
20646,xxx
20647,xxx
20648,xxx
20649,xxx
20650,xxx
20651,xxx
20652,xxx
20653,xxx
20654,xxx
20655,xxx
20656,xxx
20657,xxx
20658,xxx
20659,xxx
20660,xxx
20661,xxx
20662,xxx
20663,xxx
20664,xxx
20665,xxx
20666,xxx
20667,xxx
20668,xxx
20669,xxx
20670,xxx
20671,xxx
20672,xxx
20673,xxx
20674,xxx
20675,xxx
20676,xxx
20677,xxx
20678,xxx
20679,xxx
20680,xxx
20681,xxx
20682,xxx
20683,xxx
20684,xxx
20685,xxx
20686,xxx
20687,xxx
20688,xxx
20689,xxx
20690,xxx
20691,xxx
20692,xxx
20693,xxx
20694,xxx
20695,xxx
20696,xxx
20697,xxx
20698,xxx
20699,xxx
20700,xxx
20701,xxx
20702,xxx
20703,xxx
20704,xxx
20705,xxx
20706,xxx
20707,xxx
20708,xxx
20709,xxx
20710,xxx
20711,xxx
20712,xxx
20713,xxx
20714,xxx
20715,xxx
20716,xxx
20717,xxx
20718,xxx
20719,xxx
20720,xxx
20721,xxx
20722,xxx
20723,xxx
20724,xxx
20725,xxx
20726,xxx
20727,xxx
20728,xxx
20729,xxx
20730,xxx
20731,xxx
20732,xxx
20733,xxx
20734,xxx
20735,xxx
20736,xxx
20737,xxx
20738,xxx
20739,xxx
20740,xxx
20741,xxx
20742,xxx
20743,xxx
20744,xxx
20745,xxx
20746,xxx
20747,xxx
20748,xxx
20749,xxx
20750,xxx
20751,xxx
20752,xxx
20753,xxx
20754,xxx
20755,xxx
20756,xxx
20757,xxx
20758,xxx
20759,xxx
20760,xxx
20761,xxx
20762,xxx
20763,xxx
20764,xxx
20765,xxx
20766,xxx
20767,xxx
20768,xxx
20769,xxx
20770,xxx
20771,xxx
20772,xxx
20773,xxx
20774,xxx
20775,xxx
20776,xxx
20777,xxx
20778,xxx
20779,xxx
20780,xxx
20781,xxx
20782,xxx
20783,xxx
20784,xxx
20785,xxx
20786,xxx
20787,xxx
20788,xxx
20789,xxx
20790,xxx
20791,xxx
20792,xxx
20793,xxx
20794,xxx
20795,xxx
20796,xxx
20797,xxx
20798,xxx
20799,xxx
20800,xxx
20801,xxx
20802,xxx
20803,xxx
20804,xxx
20805,xxx
20806,xxx
20807,xxx
20808,xxx
20809,xxx
20810,xxx
20811,xxx
20812,xxx
20813,xxx
20814,xxx
20815,xxx
20816,xxx
20817,xxx
20818,xxx
20819,xxx
20820,xxx
20821,xxx
20822,xxx
20823,xxx
20824,xxx
20825,xxx
20826,xxx
20827,xxx
20828,xxx
20829,xxx
20830,xxx
20831,xxx
20832,xxx
20833,xxx
20834,xxx
20835,xxx
20836,xxx
20837,xxx
20838,xxx
20839,xxx
20840,xxx
20841,xxx
20842,xxx
20843,xxx
20844,xxx
20845,xxx
20846,xxx
20847,xxx
20848,xxx
20849,xxx
20850,xxx
20851,xxx
20852,xxx
20853,xxx
20854,xxx
20855,xxx
20856,xxx
20857,xxx
20858,xxx
20859,xxx
20860,xxx
20861,xxx
20862,xxx
20863,xxx
20864,xxx
20865,xxx
20866,xxx
20867,xxx
20868,xxx
20869,xxx
20870,xxx
20871,xxx
20872,xxx
20873,xxx
20874,xxx
20875,xxx
20876,xxx
20877,xxx
20878,xxx
20879,xxx
20880,xxx
20881,xxx
20882,xxx
20883,xxx
20884,xxx
20885,xxx
20886,xxx
20887,xxx
20888,xxx
20889,xxx
20890,xxx
20891,xxx
20892,xxx
20893,xxx
20894,xxx
20895,xxx
20896,xxx
20897,xxx
20898,xxx
20899,xxx
20900,xxx
20901,xxx
20902,xxx
20903,xxx
20904,xxx
20905,xxx
20906,xxx
20907,xxx
20908,xxx
20909,xxx
20910,xxx
20911,xxx
20912,xxx
20913,xxx
20914,xxx
20915,xxx
20916,xxx
20917,xxx
20918,xxx
20919,xxx
20920,xxx
20921,xxx
20922,xxx
20923,xxx
20924,xxx
20925,xxx
20926,xxx
20927,xxx
20928,xxx
20929,xxx
20930,xxx
20931,xxx
20932,xxx
20933,xxx
20934,xxx
20935,xxx
20936,xxx
20937,xxx
20938,xxx
20939,xxx
20940,xxx
20941,xxx
20942,xxx
20943,xxx
20944,xxx
20945,xxx
20946,xxx
20947,xxx
20948,xxx
20949,xxx
20950,xxx
20951,xxx
20952,xxx
20953,xxx
20954,xxx
20955,xxx
20956,xxx
20957,xxx
20958,xxx
20959,xxx
20960,xxx
20961,xxx
20962,xxx
20963,xxx
20964,xxx
20965,xxx
20966,xxx
20967,xxx
20968,xxx
20969,xxx
20970,xxx
20971,xxx
20972,xxx
20973,xxx
20974,xxx
20975,xxx
20976,xxx
20977,xxx
20978,xxx
20979,xxx
20980,xxx
20981,xxx
20982,xxx
20983,xxx
20984,xxx
20985,xxx
20986,xxx
20987,xxx
20988,xxx
20989,xxx
20990,xxx
20991,xxx
20992,xxx
20993,xxx
20994,xxx
20995,xxx
20996,xxx
20997,xxx
20998,xxx
20999,xxx
21000,xxx
21001,xxx
21002,xxx
21003,xxx
21004,xxx
21005,xxx
21006,xxx
21007,xxx
21008,xxx
21009,xxx
21010,xxx
21011,xxx
21012,xxx
21013,xxx
21014,xxx
21015,xxx
21016,xxx
21017,xxx
21018,xxx
21019,xxx
21020,xxx
21021,xxx
21022,xxx
21023,xxx
21024,xxx
21025,xxx
21026,xxx
21027,xxx
21028,xxx
21029,xxx
21030,xxx
21031,xxx
21032,xxx
21033,xxx
21034,xxx
21035,xxx
21036,xxx
21037,xxx
21038,xxx
21039,xxx
21040,xxx
21041,xxx
21042,xxx
21043,xxx
21044,xxx
21045,xxx
21046,xxx
21047,xxx
21048,xxx
21049,xxx
21050,xxx
21051,xxx
21052,xxx
21053,xxx
21054,xxx
21055,xxx
21056,xxx
21057,xxx
21058,xxx
21059,xxx
21060,xxx
21061,xxx
21062,xxx
21063,xxx
21064,xxx
21065,xxx
21066,xxx
21067,xxx
21068,xxx
21069,xxx
21070,xxx
21071,xxx
21072,xxx
21073,xxx
21074,xxx
21075,xxx
21076,xxx
21077,xxx
21078,xxx
21079,xxx
21080,xxx
21081,xxx
21082,xxx
21083,xxx
21084,xxx
21085,xxx
21086,xxx
21087,xxx
21088,xxx
21089,xxx
21090,xxx
21091,xxx
21092,xxx
21093,xxx
21094,xxx
21095,xxx
21096,xxx
21097,xxx
21098,xxx
21099,xxx
21100,xxx
21101,xxx
21102,xxx
21103,xxx
21104,xxx
21105,xxx
21106,xxx
21107,xxx
21108,xxx
21109,xxx
21110,xxx
21111,xxx
21112,xxx
21113,xxx
21114,xxx
21115,xxx
21116,xxx
21117,xxx
21118,xxx
21119,xxx
21120,xxx
21121,xxx
21122,xxx
21123,xxx
21124,xxx
21125,xxx
21126,xxx
21127,xxx
21128,xxx
21129,xxx
21130,xxx
21131,xxx
21132,xxx
21133,xxx
21134,xxx
21135,xxx
21136,xxx
21137,xxx
21138,xxx
21139,xxx
21140,xxx
21141,xxx
21142,xxx
21143,xxx
21144,xxx
21145,xxx
21146,xxx
21147,xxx
21148,xxx
21149,xxx
21150,xxx
21151,xxx
21152,xxx
21153,xxx
21154,xxx
21155,xxx
21156,xxx
21157,xxx
21158,xxx
21159,xxx
21160,xxx
21161,xxx
21162,xxx
21163,xxx
21164,xxx
21165,xxx
21166,xxx
21167,xxx
21168,xxx
21169,xxx
21170,xxx
21171,xxx
21172,xxx
21173,xxx
21174,xxx
21175,xxx
21176,xxx
21177,xxx
21178,xxx
21179,xxx
21180,xxx
21181,xxx
21182,xxx
21183,xxx
21184,xxx
21185,xxx
21186,xxx
21187,xxx
21188,xxx
21189,xxx
21190,xxx
21191,xxx
21192,xxx
21193,xxx
21194,xxx
21195,xxx
21196,xxx
21197,xxx
21198,xxx
21199,xxx
21200,xxx
21201,xxx
21202,xxx
21203,xxx
21204,xxx
21205,xxx
21206,xxx
21207,xxx
21208,xxx
21209,xxx
21210,xxx
21211,xxx
21212,xxx
21213,xxx
21214,xxx
21215,xxx
21216,xxx
21217,xxx
21218,xxx
21219,xxx
21220,xxx
21221,xxx
21222,xxx
21223,xxx
21224,xxx
21225,xxx
21226,xxx
21227,xxx
21228,xxx
21229,xxx
21230,xxx
21231,xxx
21232,xxx
21233,xxx
21234,xxx
21235,xxx
21236,xxx
21237,xxx
21238,xxx
21239,xxx
21240,xxx
21241,xxx
21242,xxx
21243,xxx
21244,xxx
21245,xxx
21246,xxx
21247,xxx
21248,xxx
21249,xxx
21250,xxx
21251,xxx
21252,xxx
21253,xxx
21254,xxx
21255,xxx
21256,xxx
21257,xxx
21258,xxx
21259,xxx
21260,xxx
21261,xxx
21262,xxx
21263,xxx
21264,xxx
21265,xxx
21266,xxx
21267,xxx
21268,xxx
21269,xxx
21270,xxx
21271,xxx
21272,xxx
21273,xxx
21274,xxx
21275,xxx
21276,xxx
21277,xxx
21278,xxx
21279,xxx
21280,xxx
21281,xxx
21282,xxx
21283,xxx
21284,xxx
21285,xxx
21286,xxx
21287,xxx
21288,xxx
21289,xxx
21290,xxx
21291,xxx
21292,xxx
21293,xxx
21294,xxx
21295,xxx
21296,xxx
21297,xxx
21298,xxx
21299,xxx
21300,xxx
21301,xxx
21302,xxx
21303,xxx
21304,xxx
21305,xxx
21306,xxx
21307,xxx
21308,xxx
21309,xxx
21310,xxx
21311,xxx
21312,xxx
21313,xxx
21314,xxx
21315,xxx
21316,xxx
21317,xxx
21318,xxx
21319,xxx
21320,xxx
21321,xxx
21322,xxx
21323,xxx
21324,xxx
21325,xxx
21326,xxx
21327,xxx
21328,xxx
21329,xxx
21330,xxx
21331,xxx
21332,xxx
21333,xxx
21334,xxx
21335,xxx
21336,xxx
21337,xxx
21338,xxx
21339,xxx
21340,xxx
21341,xxx
21342,xxx
21343,xxx
21344,xxx
21345,xxx
21346,xxx
21347,xxx
21348,xxx
21349,xxx
21350,xxx
21351,xxx
21352,xxx
21353,xxx
21354,xxx
21355,xxx
21356,xxx
21357,xxx
21358,xxx
21359,xxx
21360,xxx
21361,xxx
21362,xxx
21363,xxx
21364,xxx
21365,xxx
21366,xxx
21367,xxx
21368,xxx
21369,xxx
21370,xxx
21371,xxx
21372,xxx
21373,xxx
21374,xxx
21375,xxx
21376,xxx
21377,xxx
21378,xxx
21379,xxx
21380,xxx
21381,xxx
21382,xxx
21383,xxx
21384,xxx
21385,xxx
21386,xxx
21387,xxx
21388,xxx
21389,xxx
21390,xxx
21391,xxx
21392,xxx
21393,xxx
21394,xxx
21395,xxx
21396,xxx
21397,xxx
21398,xxx
21399,xxx
21400,xxx
21401,xxx
21402,xxx
21403,xxx
21404,xxx
21405,xxx
21406,xxx
21407,xxx
21408,xxx
21409,xxx
21410,xxx
21411,xxx
21412,xxx
21413,xxx
21414,xxx
21415,xxx
21416,xxx
21417,xxx
21418,xxx
21419,xxx
21420,xxx
21421,xxx
21422,xxx
21423,xxx
21424,xxx
21425,xxx
21426,xxx
21427,xxx
21428,xxx
21429,xxx
21430,xxx
21431,xxx
21432,xxx
21433,xxx
21434,xxx
21435,xxx
21436,xxx
21437,xxx
21438,xxx
21439,xxx
21440,xxx
21441,xxx
21442,xxx
21443,xxx
21444,xxx
21445,xxx
21446,xxx
21447,xxx
21448,xxx
21449,xxx
21450,xxx
21451,xxx
21452,xxx
21453,xxx
21454,xxx
21455,xxx
21456,xxx
21457,xxx
21458,xxx
21459,xxx
21460,xxx
21461,xxx
21462,xxx
21463,xxx
21464,xxx
21465,xxx
21466,xxx
21467,xxx
21468,xxx
21469,xxx
21470,xxx
21471,xxx
21472,xxx
21473,xxx
21474,xxx
21475,xxx
21476,xxx
21477,xxx
21478,xxx
21479,xxx
21480,xxx
21481,xxx
21482,xxx
21483,xxx
21484,xxx
21485,xxx
21486,xxx
21487,xxx
21488,xxx
21489,xxx
21490,xxx
21491,xxx
21492,xxx
21493,xxx
21494,xxx
21495,xxx
21496,xxx
21497,xxx
21498,xxx
21499,xxx
21500,xxx
21501,xxx
21502,xxx
21503,xxx
21504,xxx
21505,xxx
21506,xxx
21507,xxx
21508,xxx
21509,xxx
21510,xxx
21511,xxx
21512,xxx
21513,xxx
21514,xxx
21515,xxx
21516,xxx
21517,xxx
21518,xxx
21519,xxx
21520,xxx
21521,xxx
21522,xxx
21523,xxx
21524,xxx
21525,xxx
21526,xxx
21527,xxx
21528,xxx
21529,xxx
21530,xxx
21531,xxx
21532,xxx
21533,xxx
21534,xxx
21535,xxx
21536,xxx
21537,xxx
21538,xxx
21539,xxx
21540,xxx
21541,xxx
21542,xxx
21543,xxx
21544,xxx
21545,xxx
21546,xxx
21547,xxx
21548,xxx
21549,xxx
21550,xxx
21551,xxx
21552,xxx
21553,xxx
21554,xxx
21555,xxx
21556,xxx
21557,xxx
21558,xxx
21559,xxx
21560,xxx
21561,xxx
21562,xxx
21563,xxx
21564,xxx
21565,xxx
21566,xxx
21567,xxx
21568,xxx
21569,xxx
21570,xxx
21571,xxx
21572,xxx
21573,xxx
21574,xxx
21575,xxx
21576,xxx
21577,xxx
21578,xxx
21579,xxx
21580,xxx
21581,xxx
21582,xxx
21583,xxx
21584,xxx
21585,xxx
21586,xxx
21587,xxx
21588,xxx
21589,xxx
21590,xxx
21591,xxx
21592,xxx
21593,xxx
21594,xxx
21595,xxx
21596,xxx
21597,xxx
21598,xxx
21599,xxx
21600,xxx
21601,xxx
21602,xxx
21603,xxx
21604,xxx
21605,xxx
21606,xxx
21607,xxx
21608,xxx
21609,xxx
21610,xxx
21611,xxx
21612,xxx
21613,xxx
21614,xxx
21615,xxx
21616,xxx
21617,xxx
21618,xxx
21619,xxx
21620,xxx
21621,xxx
21622,xxx
21623,xxx
21624,xxx
21625,xxx
21626,xxx
21627,xxx
21628,xxx
21629,xxx
21630,xxx
21631,xxx
21632,xxx
21633,xxx
21634,xxx
21635,xxx
21636,xxx
21637,xxx
21638,xxx
21639,xxx
21640,xxx
21641,xxx
21642,xxx
21643,xxx
21644,xxx
21645,xxx
21646,xxx
21647,xxx
21648,xxx
21649,xxx
21650,xxx
21651,xxx
21652,xxx
21653,xxx
21654,xxx
21655,xxx
21656,xxx
21657,xxx
21658,xxx
21659,xxx
21660,xxx
21661,xxx
21662,xxx
21663,xxx
21664,xxx
21665,xxx
21666,xxx
21667,xxx
21668,xxx
21669,xxx
21670,xxx
21671,xxx
21672,xxx
21673,xxx
21674,xxx
21675,xxx
21676,xxx
21677,xxx
21678,xxx
21679,xxx
21680,xxx
21681,xxx
21682,xxx
21683,xxx
21684,xxx
21685,xxx
21686,xxx
21687,xxx
21688,xxx
21689,xxx
21690,xxx
21691,xxx
21692,xxx
21693,xxx
21694,xxx
21695,xxx
21696,xxx
21697,xxx
21698,xxx
21699,xxx
21700,xxx
21701,xxx
21702,xxx
21703,xxx
21704,xxx
21705,xxx
21706,xxx
21707,xxx
21708,xxx
21709,xxx
21710,xxx
21711,xxx
21712,xxx
21713,xxx
21714,xxx
21715,xxx
21716,xxx
21717,xxx
21718,xxx
21719,xxx
21720,xxx
21721,xxx
21722,xxx
21723,xxx
21724,xxx
21725,xxx
21726,xxx
21727,xxx
21728,xxx
21729,xxx
21730,xxx
21731,xxx
21732,xxx
21733,xxx
21734,xxx
21735,xxx
21736,xxx
21737,xxx
21738,xxx
21739,xxx
21740,xxx
21741,xxx
21742,xxx
21743,xxx
21744,xxx
21745,xxx
21746,xxx
21747,xxx
21748,xxx
21749,xxx
21750,xxx
21751,xxx
21752,xxx
21753,xxx
21754,xxx
21755,xxx
21756,xxx
21757,xxx
21758,xxx
21759,xxx
21760,xxx
21761,xxx
21762,xxx
21763,xxx
21764,xxx
21765,xxx
21766,xxx
21767,xxx
21768,xxx
21769,xxx
21770,xxx
21771,xxx
21772,xxx
21773,xxx
21774,xxx
21775,xxx
21776,xxx
21777,xxx
21778,xxx
21779,xxx
21780,xxx
21781,xxx
21782,xxx
21783,xxx
21784,xxx
21785,xxx
21786,xxx
21787,xxx
21788,xxx
21789,xxx
21790,xxx
21791,xxx
21792,xxx
21793,xxx
21794,xxx
21795,xxx
21796,xxx
21797,xxx
21798,xxx
21799,xxx
21800,xxx
21801,xxx
21802,xxx
21803,xxx
21804,xxx
21805,xxx
21806,xxx
21807,xxx
21808,xxx
21809,xxx
21810,xxx
21811,xxx
21812,xxx
21813,xxx
21814,xxx
21815,xxx
21816,xxx
21817,xxx
21818,xxx
21819,xxx
21820,xxx
21821,xxx
21822,xxx
21823,xxx
21824,xxx
21825,xxx
21826,xxx
21827,xxx
21828,xxx
21829,xxx
21830,xxx
21831,xxx
21832,xxx
21833,xxx
21834,xxx
21835,xxx
21836,xxx
21837,xxx
21838,xxx
21839,xxx
21840,xxx
21841,xxx
21842,xxx
21843,xxx
21844,xxx
21845,xxx
21846,xxx
21847,xxx
21848,xxx
21849,xxx
21850,xxx
21851,xxx
21852,xxx
21853,xxx
21854,xxx
21855,xxx
21856,xxx
21857,xxx
21858,xxx
21859,xxx
21860,xxx
21861,xxx
21862,xxx
21863,xxx
21864,xxx
21865,xxx
21866,xxx
21867,xxx
21868,xxx
21869,xxx
21870,xxx
21871,xxx
21872,xxx
21873,xxx
21874,xxx
21875,xxx
21876,xxx
21877,xxx
21878,xxx
21879,xxx
21880,xxx
21881,xxx
21882,xxx
21883,xxx
21884,xxx
21885,xxx
21886,xxx
21887,xxx
21888,xxx
21889,xxx
21890,xxx
21891,xxx
21892,xxx
21893,xxx
21894,xxx
21895,xxx
21896,xxx
21897,xxx
21898,xxx
21899,xxx
21900,xxx
21901,xxx
21902,xxx
21903,xxx
21904,xxx
21905,xxx
21906,xxx
21907,xxx
21908,xxx
21909,xxx
21910,xxx
21911,xxx
21912,xxx
21913,xxx
21914,xxx
21915,xxx
21916,xxx
21917,xxx
21918,xxx
21919,xxx
21920,xxx
21921,xxx
21922,xxx
21923,xxx
21924,xxx
21925,xxx
21926,xxx
21927,xxx
21928,xxx
21929,xxx
21930,xxx
21931,xxx
21932,xxx
21933,xxx
21934,xxx
21935,xxx
21936,xxx
21937,xxx
21938,xxx
21939,xxx
21940,xxx
21941,xxx
21942,xxx
21943,xxx
21944,xxx
21945,xxx
21946,xxx
21947,xxx
21948,xxx
21949,xxx
21950,xxx
21951,xxx
21952,xxx
21953,xxx
21954,xxx
21955,xxx
21956,xxx
21957,xxx
21958,xxx
21959,xxx
21960,xxx
21961,xxx
21962,xxx
21963,xxx
21964,xxx
21965,xxx
21966,xxx
21967,xxx
21968,xxx
21969,xxx
21970,xxx
21971,xxx
21972,xxx
21973,xxx
21974,xxx
21975,xxx
21976,xxx
21977,xxx
21978,xxx
21979,xxx
21980,xxx
21981,xxx
21982,xxx
21983,xxx
21984,xxx
21985,xxx
21986,xxx
21987,xxx
21988,xxx
21989,xxx
21990,xxx
21991,xxx
21992,xxx
21993,xxx
21994,xxx
21995,xxx
21996,xxx
21997,xxx
21998,xxx
21999,xxx
22000,xxx
22001,xxx
22002,xxx
22003,xxx
22004,xxx
22005,xxx
22006,xxx
22007,xxx
22008,xxx
22009,xxx
22010,xxx
22011,xxx
22012,xxx
22013,xxx
22014,xxx
22015,xxx
22016,xxx
22017,xxx
22018,xxx
22019,xxx
22020,xxx
22021,xxx
22022,xxx
22023,xxx
22024,xxx
22025,xxx
22026,xxx
22027,xxx
22028,xxx
22029,xxx
22030,xxx
22031,xxx
22032,xxx
22033,xxx
22034,xxx
22035,xxx
22036,xxx
22037,xxx
22038,xxx
22039,xxx
22040,xxx
22041,xxx
22042,xxx
22043,xxx
22044,xxx
22045,xxx
22046,xxx
22047,xxx
22048,xxx
22049,xxx
22050,xxx
22051,xxx
22052,xxx
22053,xxx
22054,xxx
22055,xxx
22056,xxx
22057,xxx
22058,xxx
22059,xxx
22060,xxx
22061,xxx
22062,xxx
22063,xxx
22064,xxx
22065,xxx
22066,xxx
22067,xxx
22068,xxx
22069,xxx
22070,xxx
22071,xxx
22072,xxx
22073,xxx
22074,xxx
22075,xxx
22076,xxx
22077,xxx
22078,xxx
22079,xxx
22080,xxx
22081,xxx
22082,xxx
22083,xxx
22084,xxx
22085,xxx
22086,xxx
22087,xxx
22088,xxx
22089,xxx
22090,xxx
22091,xxx
22092,xxx
22093,xxx
22094,xxx
22095,xxx
22096,xxx
22097,xxx
22098,xxx
22099,xxx
22100,xxx
22101,xxx
22102,xxx
22103,xxx
22104,xxx
22105,xxx
22106,xxx
22107,xxx
22108,xxx
22109,xxx
22110,xxx
22111,xxx
22112,xxx
22113,xxx
22114,xxx
22115,xxx
22116,xxx
22117,xxx
22118,xxx
22119,xxx
22120,xxx
22121,xxx
22122,xxx
22123,xxx
22124,xxx
22125,xxx
22126,xxx
22127,xxx
22128,xxx
22129,xxx
22130,xxx
22131,xxx
22132,xxx
22133,xxx
22134,xxx
22135,xxx
22136,xxx
22137,xxx
22138,xxx
22139,xxx
22140,xxx
22141,xxx
22142,xxx
22143,xxx
22144,xxx
22145,xxx
22146,xxx
22147,xxx
22148,xxx
22149,xxx
22150,xxx
22151,xxx
22152,xxx
22153,xxx
22154,xxx
22155,xxx
22156,xxx
22157,xxx
22158,xxx
22159,xxx
22160,xxx
22161,xxx
22162,xxx
22163,xxx
22164,xxx
22165,xxx
22166,xxx
22167,xxx
22168,xxx
22169,xxx
22170,xxx
22171,xxx
22172,xxx
22173,xxx
22174,xxx
22175,xxx
22176,xxx
22177,xxx
22178,xxx
22179,xxx
22180,xxx
22181,xxx
22182,xxx
22183,xxx
22184,xxx
22185,xxx
22186,xxx
22187,xxx
22188,xxx
22189,xxx
22190,xxx
22191,xxx
22192,xxx
22193,xxx
22194,xxx
22195,xxx
22196,xxx
22197,xxx
22198,xxx
22199,xxx
22200,xxx
22201,xxx
22202,xxx
22203,xxx
22204,xxx
22205,xxx
22206,xxx
22207,xxx
22208,xxx
22209,xxx
22210,xxx
22211,xxx
22212,xxx
22213,xxx
22214,xxx
22215,xxx
22216,xxx
22217,xxx
22218,xxx
22219,xxx
22220,xxx
22221,xxx
22222,xxx
22223,xxx
22224,xxx
22225,xxx
22226,xxx
22227,xxx
22228,xxx
22229,xxx
22230,xxx
22231,xxx
22232,xxx
22233,xxx
22234,xxx
22235,xxx
22236,xxx
22237,xxx
22238,xxx
22239,xxx
22240,xxx
22241,xxx
22242,xxx
22243,xxx
22244,xxx
22245,xxx
22246,xxx
22247,xxx
22248,xxx
22249,xxx
22250,xxx
22251,xxx
22252,xxx
22253,xxx
22254,xxx
22255,xxx
22256,xxx
22257,xxx
22258,xxx
22259,xxx
22260,xxx
22261,xxx
22262,xxx
22263,xxx
22264,xxx
22265,xxx
22266,xxx
22267,xxx
22268,xxx
22269,xxx
22270,xxx
22271,xxx
22272,xxx
22273,xxx
22274,xxx
22275,xxx
22276,xxx
22277,xxx
22278,xxx
22279,xxx
22280,xxx
22281,xxx
22282,xxx
22283,xxx
22284,xxx
22285,xxx
22286,xxx
22287,xxx
22288,xxx
22289,xxx
22290,xxx
22291,xxx
22292,xxx
22293,xxx
22294,xxx
22295,xxx
22296,xxx
22297,xxx
22298,xxx
22299,xxx
22300,xxx
22301,xxx
22302,xxx
22303,xxx
22304,xxx
22305,xxx
22306,xxx
22307,xxx
22308,xxx
22309,xxx
22310,xxx
22311,xxx
22312,xxx
22313,xxx
22314,xxx
22315,xxx
22316,xxx
22317,xxx
22318,xxx
22319,xxx
22320,xxx
22321,xxx
22322,xxx
22323,xxx
22324,xxx
22325,xxx
22326,xxx
22327,xxx
22328,xxx
22329,xxx
22330,xxx
22331,xxx
22332,xxx
22333,xxx
22334,xxx
22335,xxx
22336,xxx
22337,xxx
22338,xxx
22339,xxx
22340,xxx
22341,xxx
22342,xxx
22343,xxx
22344,xxx
22345,xxx
22346,xxx
22347,xxx
22348,xxx
22349,xxx
22350,xxx
22351,xxx
22352,xxx
22353,xxx
22354,xxx
22355,xxx
22356,xxx
22357,xxx
22358,xxx
22359,xxx
22360,xxx
22361,xxx
22362,xxx
22363,xxx
22364,xxx
22365,xxx
22366,xxx
22367,xxx
22368,xxx
22369,xxx
22370,xxx
22371,xxx
22372,xxx
22373,xxx
22374,xxx
22375,xxx
22376,xxx
22377,xxx
22378,xxx
22379,xxx
22380,xxx
22381,xxx
22382,xxx
22383,xxx
22384,xxx
22385,xxx
22386,xxx
22387,xxx
22388,xxx
22389,xxx
22390,xxx
22391,xxx
22392,xxx
22393,xxx
22394,xxx
22395,xxx
22396,xxx
22397,xxx
22398,xxx
22399,xxx
22400,xxx
22401,xxx
22402,xxx
22403,xxx
22404,xxx
22405,xxx
22406,xxx
22407,xxx
22408,xxx
22409,xxx
22410,xxx
22411,xxx
22412,xxx
22413,xxx
22414,xxx
22415,xxx
22416,xxx
22417,xxx
22418,xxx
22419,xxx
22420,xxx
22421,xxx
22422,xxx
22423,xxx
22424,xxx
22425,xxx
22426,xxx
22427,xxx
22428,xxx
22429,xxx
22430,xxx
22431,xxx
22432,xxx
22433,xxx
22434,xxx
22435,xxx
22436,xxx
22437,xxx
22438,xxx
22439,xxx
22440,xxx
22441,xxx
22442,xxx
22443,xxx
22444,xxx
22445,xxx
22446,xxx
22447,xxx
22448,xxx
22449,xxx
22450,xxx
22451,xxx
22452,xxx
22453,xxx
22454,xxx
22455,xxx
22456,xxx
22457,xxx
22458,xxx
22459,xxx
22460,xxx
22461,xxx
22462,xxx
22463,xxx
22464,xxx
22465,xxx
22466,xxx
22467,xxx
22468,xxx
22469,xxx
22470,xxx
22471,xxx
22472,xxx
22473,xxx
22474,xxx
22475,xxx
22476,xxx
22477,xxx
22478,xxx
22479,xxx
22480,xxx
22481,xxx
22482,xxx
22483,xxx
22484,xxx
22485,xxx
22486,xxx
22487,xxx
22488,xxx
22489,xxx
22490,xxx
22491,xxx
22492,xxx
22493,xxx
22494,xxx
22495,xxx
22496,xxx
22497,xxx
22498,xxx
22499,xxx
22500,xxx
22501,xxx
22502,xxx
22503,xxx
22504,xxx
22505,xxx
22506,xxx
22507,xxx
22508,xxx
22509,xxx
22510,xxx
22511,xxx
22512,xxx
22513,xxx
22514,xxx
22515,xxx
22516,xxx
22517,xxx
22518,xxx
22519,xxx
22520,xxx
22521,xxx
22522,xxx
22523,xxx
22524,xxx
22525,xxx
22526,xxx
22527,xxx
22528,xxx
22529,xxx
22530,xxx
22531,xxx
22532,xxx
22533,xxx
22534,xxx
22535,xxx
22536,xxx
22537,xxx
22538,xxx
22539,xxx
22540,xxx
22541,xxx
22542,xxx
22543,xxx
22544,xxx
22545,xxx
22546,xxx
22547,xxx
22548,xxx
22549,xxx
22550,xxx
22551,xxx
22552,xxx
22553,xxx
22554,xxx
22555,xxx
22556,xxx
22557,xxx
22558,xxx
22559,xxx
22560,xxx
22561,xxx
22562,xxx
22563,xxx
22564,xxx
22565,xxx
22566,xxx
22567,xxx
22568,xxx
22569,xxx
22570,xxx
22571,xxx
22572,xxx
22573,xxx
22574,xxx
22575,xxx
22576,xxx
22577,xxx
22578,xxx
22579,xxx
22580,xxx
22581,xxx
22582,xxx
22583,xxx
22584,xxx
22585,xxx
22586,xxx
22587,xxx
22588,xxx
22589,xxx
22590,xxx
22591,xxx
22592,xxx
22593,xxx
22594,xxx
22595,xxx
22596,xxx
22597,xxx
22598,xxx
22599,xxx
22600,xxx
22601,xxx
22602,xxx
22603,xxx
22604,xxx
22605,xxx
22606,xxx
22607,xxx
22608,xxx
22609,xxx
22610,xxx
22611,xxx
22612,xxx
22613,xxx
22614,xxx
22615,xxx
22616,xxx
22617,xxx
22618,xxx
22619,xxx
22620,xxx
22621,xxx
22622,xxx
22623,xxx
22624,xxx
22625,xxx
22626,xxx
22627,xxx
22628,xxx
22629,xxx
22630,xxx
22631,xxx
22632,xxx
22633,xxx
22634,xxx
22635,xxx
22636,xxx
22637,xxx
22638,xxx
22639,xxx
22640,xxx
22641,xxx
22642,xxx
22643,xxx
22644,xxx
22645,xxx
22646,xxx
22647,xxx
22648,xxx
22649,xxx
22650,xxx
22651,xxx
22652,xxx
22653,xxx
22654,xxx
22655,xxx
22656,xxx
22657,xxx
22658,xxx
22659,xxx
22660,xxx
22661,xxx
22662,xxx
22663,xxx
22664,xxx
22665,xxx
22666,xxx
22667,xxx
22668,xxx
22669,xxx
22670,xxx
22671,xxx
22672,xxx
22673,xxx
22674,xxx
22675,xxx
22676,xxx
22677,xxx
22678,xxx
22679,xxx
22680,xxx
22681,xxx
22682,xxx
22683,xxx
22684,xxx
22685,xxx
22686,xxx
22687,xxx
22688,xxx
22689,xxx
22690,xxx
22691,xxx
22692,xxx
22693,xxx
22694,xxx
22695,xxx
22696,xxx
22697,xxx
22698,xxx
22699,xxx
22700,xxx
22701,xxx
22702,xxx
22703,xxx
22704,xxx
22705,xxx
22706,xxx
22707,xxx
22708,xxx
22709,xxx
22710,xxx
22711,xxx
22712,xxx
22713,xxx
22714,xxx
22715,xxx
22716,xxx
22717,xxx
22718,xxx
22719,xxx
22720,xxx
22721,xxx
22722,xxx
22723,xxx
22724,xxx
22725,xxx
22726,xxx
22727,xxx
22728,xxx
22729,xxx
22730,xxx
22731,xxx
22732,xxx
22733,xxx
22734,xxx
22735,xxx
22736,xxx
22737,xxx
22738,xxx
22739,xxx
22740,xxx
22741,xxx
22742,xxx
22743,xxx
22744,xxx
22745,xxx
22746,xxx
22747,xxx
22748,xxx
22749,xxx
22750,xxx
22751,xxx
22752,xxx
22753,xxx
22754,xxx
22755,xxx
22756,xxx
22757,xxx
22758,xxx
22759,xxx
22760,xxx
22761,xxx
22762,xxx
22763,xxx
22764,xxx
22765,xxx
22766,xxx
22767,xxx
22768,xxx
22769,xxx
22770,xxx
22771,xxx
22772,xxx
22773,xxx
22774,xxx
22775,xxx
22776,xxx
22777,xxx
22778,xxx
22779,xxx
22780,xxx
22781,xxx
22782,xxx
22783,xxx
22784,xxx
22785,xxx
22786,xxx
22787,xxx
22788,xxx
22789,xxx
22790,xxx
22791,xxx
22792,xxx
22793,xxx
22794,xxx
22795,xxx
22796,xxx
22797,xxx
22798,xxx
22799,xxx
22800,xxx
22801,xxx
22802,xxx
22803,xxx
22804,xxx
22805,xxx
22806,xxx
22807,xxx
22808,xxx
22809,xxx
22810,xxx
22811,xxx
22812,xxx
22813,xxx
22814,xxx
22815,xxx
22816,xxx
22817,xxx
22818,xxx
22819,xxx
22820,xxx
22821,xxx
22822,xxx
22823,xxx
22824,xxx
22825,xxx
22826,xxx
22827,xxx
22828,xxx
22829,xxx
22830,xxx
22831,xxx
22832,xxx
22833,xxx
22834,xxx
22835,xxx
22836,xxx
22837,xxx
22838,xxx
22839,xxx
22840,xxx
22841,xxx
22842,xxx
22843,xxx
22844,xxx
22845,xxx
22846,xxx
22847,xxx
22848,xxx
22849,xxx
22850,xxx
22851,xxx
22852,xxx
22853,xxx
22854,xxx
22855,xxx
22856,xxx
22857,xxx
22858,xxx
22859,xxx
22860,xxx
22861,xxx
22862,xxx
22863,xxx
22864,xxx
22865,xxx
22866,xxx
22867,xxx
22868,xxx
22869,xxx
22870,xxx
22871,xxx
22872,xxx
22873,xxx
22874,xxx
22875,xxx
22876,xxx
22877,xxx
22878,xxx
22879,xxx
22880,xxx
22881,xxx
22882,xxx
22883,xxx
22884,xxx
22885,xxx
22886,xxx
22887,xxx
22888,xxx
22889,xxx
22890,xxx
22891,xxx
22892,xxx
22893,xxx
22894,xxx
22895,xxx
22896,xxx
22897,xxx
22898,xxx
22899,xxx
22900,xxx
22901,xxx
22902,xxx
22903,xxx
22904,xxx
22905,xxx
22906,xxx
22907,xxx
22908,xxx
22909,xxx
22910,xxx
22911,xxx
22912,xxx
22913,xxx
22914,xxx
22915,xxx
22916,xxx
22917,xxx
22918,xxx
22919,xxx
22920,xxx
22921,xxx
22922,xxx
22923,xxx
22924,xxx
22925,xxx
22926,xxx
22927,xxx
22928,xxx
22929,xxx
22930,xxx
22931,xxx
22932,xxx
22933,xxx
22934,xxx
22935,xxx
22936,xxx
22937,xxx
22938,xxx
22939,xxx
22940,xxx
22941,xxx
22942,xxx
22943,xxx
22944,xxx
22945,xxx
22946,xxx
22947,xxx
22948,xxx
22949,xxx
22950,xxx
22951,xxx
22952,xxx
22953,xxx
22954,xxx
22955,xxx
22956,xxx
22957,xxx
22958,xxx
22959,xxx
22960,xxx
22961,xxx
22962,xxx
22963,xxx
22964,xxx
22965,xxx
22966,xxx
22967,xxx
22968,xxx
22969,xxx
22970,xxx
22971,xxx
22972,xxx
22973,xxx
22974,xxx
22975,xxx
22976,xxx
22977,xxx
22978,xxx
22979,xxx
22980,xxx
22981,xxx
22982,xxx
22983,xxx
22984,xxx
22985,xxx
22986,xxx
22987,xxx
22988,xxx
22989,xxx
22990,xxx
22991,xxx
22992,xxx
22993,xxx
22994,xxx
22995,xxx
22996,xxx
22997,xxx
22998,xxx
22999,xxx
23000,xxx
23001,xxx
23002,xxx
23003,xxx
23004,xxx
23005,xxx
23006,xxx
23007,xxx
23008,xxx
23009,xxx
23010,xxx
23011,xxx
23012,xxx
23013,xxx
23014,xxx
23015,xxx
23016,xxx
23017,xxx
23018,xxx
23019,xxx
23020,xxx
23021,xxx
23022,xxx
23023,xxx
23024,xxx
23025,xxx
23026,xxx
23027,xxx
23028,xxx
23029,xxx
23030,xxx
23031,xxx
23032,xxx
23033,xxx
23034,xxx
23035,xxx
23036,xxx
23037,xxx
23038,xxx
23039,xxx
23040,xxx
23041,xxx
23042,xxx
23043,xxx
23044,xxx
23045,xxx
23046,xxx
23047,xxx
23048,xxx
23049,xxx
23050,xxx
23051,xxx
23052,xxx
23053,xxx
23054,xxx
23055,xxx
23056,xxx
23057,xxx
23058,xxx
23059,xxx
23060,xxx
23061,xxx
23062,xxx
23063,xxx
23064,xxx
23065,xxx
23066,xxx
23067,xxx
23068,xxx
23069,xxx
23070,xxx
23071,xxx
23072,xxx
23073,xxx
23074,xxx
23075,xxx
23076,xxx
23077,xxx
23078,xxx
23079,xxx
23080,xxx
23081,xxx
23082,xxx
23083,xxx
23084,xxx
23085,xxx
23086,xxx
23087,xxx
23088,xxx
23089,xxx
23090,xxx
23091,xxx
23092,xxx
23093,xxx
23094,xxx
23095,xxx
23096,xxx
23097,xxx
23098,xxx
23099,xxx
23100,xxx
23101,xxx
23102,xxx
23103,xxx
23104,xxx
23105,xxx
23106,xxx
23107,xxx
23108,xxx
23109,xxx
23110,xxx
23111,xxx
23112,xxx
23113,xxx
23114,xxx
23115,xxx
23116,xxx
23117,xxx
23118,xxx
23119,xxx
23120,xxx
23121,xxx
23122,xxx
23123,xxx
23124,xxx
23125,xxx
23126,xxx
23127,xxx
23128,xxx
23129,xxx
23130,xxx
23131,xxx
23132,xxx
23133,xxx
23134,xxx
23135,xxx
23136,xxx
23137,xxx
23138,xxx
23139,xxx
23140,xxx
23141,xxx
23142,xxx
23143,xxx
23144,xxx
23145,xxx
23146,xxx
23147,xxx
23148,xxx
23149,xxx
23150,xxx
23151,xxx
23152,xxx
23153,xxx
23154,xxx
23155,xxx
23156,xxx
23157,xxx
23158,xxx
23159,xxx
23160,xxx
23161,xxx
23162,xxx
23163,xxx
23164,xxx
23165,xxx
23166,xxx
23167,xxx
23168,xxx
23169,xxx
23170,xxx
23171,xxx
23172,xxx
23173,xxx
23174,xxx
23175,xxx
23176,xxx
23177,xxx
23178,xxx
23179,xxx
23180,xxx
23181,xxx
23182,xxx
23183,xxx
23184,xxx
23185,xxx
23186,xxx
23187,xxx
23188,xxx
23189,xxx
23190,xxx
23191,xxx
23192,xxx
23193,xxx
23194,xxx
23195,xxx
23196,xxx
23197,xxx
23198,xxx
23199,xxx
23200,xxx
23201,xxx
23202,xxx
23203,xxx
23204,xxx
23205,xxx
23206,xxx
23207,xxx
23208,xxx
23209,xxx
23210,xxx
23211,xxx
23212,xxx
23213,xxx
23214,xxx
23215,xxx
23216,xxx
23217,xxx
23218,xxx
23219,xxx
23220,xxx
23221,xxx
23222,xxx
23223,xxx
23224,xxx
23225,xxx
23226,xxx
23227,xxx
23228,xxx
23229,xxx
23230,xxx
23231,xxx
23232,xxx
23233,xxx
23234,xxx
23235,xxx
23236,xxx
23237,xxx
23238,xxx
23239,xxx
23240,xxx
23241,xxx
23242,xxx
23243,xxx
23244,xxx
23245,xxx
23246,xxx
23247,xxx
23248,xxx
23249,xxx
23250,xxx
23251,xxx
23252,xxx
23253,xxx
23254,xxx
23255,xxx
23256,xxx
23257,xxx
23258,xxx
23259,xxx
23260,xxx
23261,xxx
23262,xxx
23263,xxx
23264,xxx
23265,xxx
23266,xxx
23267,xxx
23268,xxx
23269,xxx
23270,xxx
23271,xxx
23272,xxx
23273,xxx
23274,xxx
23275,xxx
23276,xxx
23277,xxx
23278,xxx
23279,xxx
23280,xxx
23281,xxx
23282,xxx
23283,xxx
23284,xxx
23285,xxx
23286,xxx
23287,xxx
23288,xxx
23289,xxx
23290,xxx
23291,xxx
23292,xxx
23293,xxx
23294,xxx
23295,xxx
23296,xxx
23297,xxx
23298,xxx
23299,xxx
23300,xxx
23301,xxx
23302,xxx
23303,xxx
23304,xxx
23305,xxx
23306,xxx
23307,xxx
23308,xxx
23309,xxx
23310,xxx
23311,xxx
23312,xxx
23313,xxx
23314,xxx
23315,xxx
23316,xxx
23317,xxx
23318,xxx
23319,xxx
23320,xxx
23321,xxx
23322,xxx
23323,xxx
23324,xxx
23325,xxx
23326,xxx
23327,xxx
23328,xxx
23329,xxx
23330,xxx
23331,xxx
23332,xxx
23333,xxx
23334,xxx
23335,xxx
23336,xxx
23337,xxx
23338,xxx
23339,xxx
23340,xxx
23341,xxx
23342,xxx
23343,xxx
23344,xxx
23345,xxx
23346,xxx
23347,xxx
23348,xxx
23349,xxx
23350,xxx
23351,xxx
23352,xxx
23353,xxx
23354,xxx
23355,xxx
23356,xxx
23357,xxx
23358,xxx
23359,xxx
23360,xxx
23361,xxx
23362,xxx
23363,xxx
23364,xxx
23365,xxx
23366,xxx
23367,xxx
23368,xxx
23369,xxx
23370,xxx
23371,xxx
23372,xxx
23373,xxx
23374,xxx
23375,xxx
23376,xxx
23377,xxx
23378,xxx
23379,xxx
23380,xxx
23381,xxx
23382,xxx
23383,xxx
23384,xxx
23385,xxx
23386,xxx
23387,xxx
23388,xxx
23389,xxx
23390,xxx
23391,xxx
23392,xxx
23393,xxx
23394,xxx
23395,xxx
23396,xxx
23397,xxx
23398,xxx
23399,xxx
23400,xxx
23401,xxx
23402,xxx
23403,xxx
23404,xxx
23405,xxx
23406,xxx
23407,xxx
23408,xxx
23409,xxx
23410,xxx
23411,xxx
23412,xxx
23413,xxx
23414,xxx
23415,xxx
23416,xxx
23417,xxx
23418,xxx
23419,xxx
23420,xxx
23421,xxx
23422,xxx
23423,xxx
23424,xxx
23425,xxx
23426,xxx
23427,xxx
23428,xxx
23429,xxx
23430,xxx
23431,xxx
23432,xxx
23433,xxx
23434,xxx
23435,xxx
23436,xxx
23437,xxx
23438,xxx
23439,xxx
23440,xxx
23441,xxx
23442,xxx
23443,xxx
23444,xxx
23445,xxx
23446,xxx
23447,xxx
23448,xxx
23449,xxx
23450,xxx
23451,xxx
23452,xxx
23453,xxx
23454,xxx
23455,xxx
23456,xxx
23457,xxx
23458,xxx
23459,xxx
23460,xxx
23461,xxx
23462,xxx
23463,xxx
23464,xxx
23465,xxx
23466,xxx
23467,xxx
23468,xxx
23469,xxx
23470,xxx
23471,xxx
23472,xxx
23473,xxx
23474,xxx
23475,xxx
23476,xxx
23477,xxx
23478,xxx
23479,xxx
23480,xxx
23481,xxx
23482,xxx
23483,xxx
23484,xxx
23485,xxx
23486,xxx
23487,xxx
23488,xxx
23489,xxx
23490,xxx
23491,xxx
23492,xxx
23493,xxx
23494,xxx
23495,xxx
23496,xxx
23497,xxx
23498,xxx
23499,xxx
23500,xxx
23501,xxx
23502,xxx
23503,xxx
23504,xxx
23505,xxx
23506,xxx
23507,xxx
23508,xxx
23509,xxx
23510,xxx
23511,xxx
23512,xxx
23513,xxx
23514,xxx
23515,xxx
23516,xxx
23517,xxx
23518,xxx
23519,xxx
23520,xxx
23521,xxx
23522,xxx
23523,xxx
23524,xxx
23525,xxx
23526,xxx
23527,xxx
23528,xxx
23529,xxx
23530,xxx
23531,xxx
23532,xxx
23533,xxx
23534,xxx
23535,xxx
23536,xxx
23537,xxx
23538,xxx
23539,xxx
23540,xxx
23541,xxx
23542,xxx
23543,xxx
23544,xxx
23545,xxx
23546,xxx
23547,xxx
23548,xxx
23549,xxx
23550,xxx
23551,xxx
23552,xxx
23553,xxx
23554,xxx
23555,xxx
23556,xxx
23557,xxx
23558,xxx
23559,xxx
23560,xxx
23561,xxx
23562,xxx
23563,xxx
23564,xxx
23565,xxx
23566,xxx
23567,xxx
23568,xxx
23569,xxx
23570,xxx
23571,xxx
23572,xxx
23573,xxx
23574,xxx
23575,xxx
23576,xxx
23577,xxx
23578,xxx
23579,xxx
23580,xxx
23581,xxx
23582,xxx
23583,xxx
23584,xxx
23585,xxx
23586,xxx
23587,xxx
23588,xxx
23589,xxx
23590,xxx
23591,xxx
23592,xxx
23593,xxx
23594,xxx
23595,xxx
23596,xxx
23597,xxx
23598,xxx
23599,xxx
23600,xxx
23601,xxx
23602,xxx
23603,xxx
23604,xxx
23605,xxx
23606,xxx
23607,xxx
23608,xxx
23609,xxx
23610,xxx
23611,xxx
23612,xxx
23613,xxx
23614,xxx
23615,xxx
23616,xxx
23617,xxx
23618,xxx
23619,xxx
23620,xxx
23621,xxx
23622,xxx
23623,xxx
23624,xxx
23625,xxx
23626,xxx
23627,xxx
23628,xxx
23629,xxx
23630,xxx
23631,xxx
23632,xxx
23633,xxx
23634,xxx
23635,xxx
23636,xxx
23637,xxx
23638,xxx
23639,xxx
23640,xxx
23641,xxx
23642,xxx
23643,xxx
23644,xxx
23645,xxx
23646,xxx
23647,xxx
23648,xxx
23649,xxx
23650,xxx
23651,xxx
23652,xxx
23653,xxx
23654,xxx
23655,xxx
23656,xxx
23657,xxx
23658,xxx
23659,xxx
23660,xxx
23661,xxx
23662,xxx
23663,xxx
23664,xxx
23665,xxx
23666,xxx
23667,xxx
23668,xxx
23669,xxx
23670,xxx
23671,xxx
23672,xxx
23673,xxx
23674,xxx
23675,xxx
23676,xxx
23677,xxx
23678,xxx
23679,xxx
23680,xxx
23681,xxx
23682,xxx
23683,xxx
23684,xxx
23685,xxx
23686,xxx
23687,xxx
23688,xxx
23689,xxx
23690,xxx
23691,xxx
23692,xxx
23693,xxx
23694,xxx
23695,xxx
23696,xxx
23697,xxx
23698,xxx
23699,xxx
23700,xxx
23701,xxx
23702,xxx
23703,xxx
23704,xxx
23705,xxx
23706,xxx
23707,xxx
23708,xxx
23709,xxx
23710,xxx
23711,xxx
23712,xxx
23713,xxx
23714,xxx
23715,xxx
23716,xxx
23717,xxx
23718,xxx
23719,xxx
23720,xxx
23721,xxx
23722,xxx
23723,xxx
23724,xxx
23725,xxx
23726,xxx
23727,xxx
23728,xxx
23729,xxx
23730,xxx
23731,xxx
23732,xxx
23733,xxx
23734,xxx
23735,xxx
23736,xxx
23737,xxx
23738,xxx
23739,xxx
23740,xxx
23741,xxx
23742,xxx
23743,xxx
23744,xxx
23745,xxx
23746,xxx
23747,xxx
23748,xxx
23749,xxx
23750,xxx
23751,xxx
23752,xxx
23753,xxx
23754,xxx
23755,xxx
23756,xxx
23757,xxx
23758,xxx
23759,xxx
23760,xxx
23761,xxx
23762,xxx
23763,xxx
23764,xxx
23765,xxx
23766,xxx
23767,xxx
23768,xxx
23769,xxx
23770,xxx
23771,xxx
23772,xxx
23773,xxx
23774,xxx
23775,xxx
23776,xxx
23777,xxx
23778,xxx
23779,xxx
23780,xxx
23781,xxx
23782,xxx
23783,xxx
23784,xxx
23785,xxx
23786,xxx
23787,xxx
23788,xxx
23789,xxx
23790,xxx
23791,xxx
23792,xxx
23793,xxx
23794,xxx
23795,xxx
23796,xxx
23797,xxx
23798,xxx
23799,xxx
23800,xxx
23801,xxx
23802,xxx
23803,xxx
23804,xxx
23805,xxx
23806,xxx
23807,xxx
23808,xxx
23809,xxx
23810,xxx
23811,xxx
23812,xxx
23813,xxx
23814,xxx
23815,xxx
23816,xxx
23817,xxx
23818,xxx
23819,xxx
23820,xxx
23821,xxx
23822,xxx
23823,xxx
23824,xxx
23825,xxx
23826,xxx
23827,xxx
23828,xxx
23829,xxx
23830,xxx
23831,xxx
23832,xxx
23833,xxx
23834,xxx
23835,xxx
23836,xxx
23837,xxx
23838,xxx
23839,xxx
23840,xxx
23841,xxx
23842,xxx
23843,xxx
23844,xxx
23845,xxx
23846,xxx
23847,xxx
23848,xxx
23849,xxx
23850,xxx
23851,xxx
23852,xxx
23853,xxx
23854,xxx
23855,xxx
23856,xxx
23857,xxx
23858,xxx
23859,xxx
23860,xxx
23861,xxx
23862,xxx
23863,xxx
23864,xxx
23865,xxx
23866,xxx
23867,xxx
23868,xxx
23869,xxx
23870,xxx
23871,xxx
23872,xxx
23873,xxx
23874,xxx
23875,xxx
23876,xxx
23877,xxx
23878,xxx
23879,xxx
23880,xxx
23881,xxx
23882,xxx
23883,xxx
23884,xxx
23885,xxx
23886,xxx
23887,xxx
23888,xxx
23889,xxx
23890,xxx
23891,xxx
23892,xxx
23893,xxx
23894,xxx
23895,xxx
23896,xxx
23897,xxx
23898,xxx
23899,xxx
23900,xxx
23901,xxx
23902,xxx
23903,xxx
23904,xxx
23905,xxx
23906,xxx
23907,xxx
23908,xxx
23909,xxx
23910,xxx
23911,xxx
23912,xxx
23913,xxx
23914,xxx
23915,xxx
23916,xxx
23917,xxx
23918,xxx
23919,xxx
23920,xxx
23921,xxx
23922,xxx
23923,xxx
23924,xxx
23925,xxx
23926,xxx
23927,xxx
23928,xxx
23929,xxx
23930,xxx
23931,xxx
23932,xxx
23933,xxx
23934,xxx
23935,xxx
23936,xxx
23937,xxx
23938,xxx
23939,xxx
23940,xxx
23941,xxx
23942,xxx
23943,xxx
23944,xxx
23945,xxx
23946,xxx
23947,xxx
23948,xxx
23949,xxx
23950,xxx
23951,xxx
23952,xxx
23953,xxx
23954,xxx
23955,xxx
23956,xxx
23957,xxx
23958,xxx
23959,xxx
23960,xxx
23961,xxx
23962,xxx
23963,xxx
23964,xxx
23965,xxx
23966,xxx
23967,xxx
23968,xxx
23969,xxx
23970,xxx
23971,xxx
23972,xxx
23973,xxx
23974,xxx
23975,xxx
23976,xxx
23977,xxx
23978,xxx
23979,xxx
23980,xxx
23981,xxx
23982,xxx
23983,xxx
23984,xxx
23985,xxx
23986,xxx
23987,xxx
23988,xxx
23989,xxx
23990,xxx
23991,xxx
23992,xxx
23993,xxx
23994,xxx
23995,xxx
23996,xxx
23997,xxx
23998,xxx
23999,xxx
24000,xxx
24001,xxx
24002,xxx
24003,xxx
24004,xxx
24005,xxx
24006,xxx
24007,xxx
24008,xxx
24009,xxx
24010,xxx
24011,xxx
24012,xxx
24013,xxx
24014,xxx
24015,xxx
24016,xxx
24017,xxx
24018,xxx
24019,xxx
24020,xxx
24021,xxx
24022,xxx
24023,xxx
24024,xxx
24025,xxx
24026,xxx
24027,xxx
24028,xxx
24029,xxx
24030,xxx
24031,xxx
24032,xxx
24033,xxx
24034,xxx
24035,xxx
24036,xxx
24037,xxx
24038,xxx
24039,xxx
24040,xxx
24041,xxx
24042,xxx
24043,xxx
24044,xxx
24045,xxx
24046,xxx
24047,xxx
24048,xxx
24049,xxx
24050,xxx
24051,xxx
24052,xxx
24053,xxx
24054,xxx
24055,xxx
24056,xxx
24057,xxx
24058,xxx
24059,xxx
24060,xxx
24061,xxx
24062,xxx
24063,xxx
24064,xxx
24065,xxx
24066,xxx
24067,xxx
24068,xxx
24069,xxx
24070,xxx
24071,xxx
24072,xxx
24073,xxx
24074,xxx
24075,xxx
24076,xxx
24077,xxx
24078,xxx
24079,xxx
24080,xxx
24081,xxx
24082,xxx
24083,xxx
24084,xxx
24085,xxx
24086,xxx
24087,xxx
24088,xxx
24089,xxx
24090,xxx
24091,xxx
24092,xxx
24093,xxx
24094,xxx
24095,xxx
24096,xxx
24097,xxx
24098,xxx
24099,xxx
24100,xxx
24101,xxx
24102,xxx
24103,xxx
24104,xxx
24105,xxx
24106,xxx
24107,xxx
24108,xxx
24109,xxx
24110,xxx
24111,xxx
24112,xxx
24113,xxx
24114,xxx
24115,xxx
24116,xxx
24117,xxx
24118,xxx
24119,xxx
24120,xxx
24121,xxx
24122,xxx
24123,xxx
24124,xxx
24125,xxx
24126,xxx
24127,xxx
24128,xxx
24129,xxx
24130,xxx
24131,xxx
24132,xxx
24133,xxx
24134,xxx
24135,xxx
24136,xxx
24137,xxx
24138,xxx
24139,xxx
24140,xxx
24141,xxx
24142,xxx
24143,xxx
24144,xxx
24145,xxx
24146,xxx
24147,xxx
24148,xxx
24149,xxx
24150,xxx
24151,xxx
24152,xxx
24153,xxx
24154,xxx
24155,xxx
24156,xxx
24157,xxx
24158,xxx
24159,xxx
24160,xxx
24161,xxx
24162,xxx
24163,xxx
24164,xxx
24165,xxx
24166,xxx
24167,xxx
24168,xxx
24169,xxx
24170,xxx
24171,xxx
24172,xxx
24173,xxx
24174,xxx
24175,xxx
24176,xxx
24177,xxx
24178,xxx
24179,xxx
24180,xxx
24181,xxx
24182,xxx
24183,xxx
24184,xxx
24185,xxx
24186,xxx
24187,xxx
24188,xxx
24189,xxx
24190,xxx
24191,xxx
24192,xxx
24193,xxx
24194,xxx
24195,xxx
24196,xxx
24197,xxx
24198,xxx
24199,xxx
24200,xxx
24201,xxx
24202,xxx
24203,xxx
24204,xxx
24205,xxx
24206,xxx
24207,xxx
24208,xxx
24209,xxx
24210,xxx
24211,xxx
24212,xxx
24213,xxx
24214,xxx
24215,xxx
24216,xxx
24217,xxx
24218,xxx
24219,xxx
24220,xxx
24221,xxx
24222,xxx
24223,xxx
24224,xxx
24225,xxx
24226,xxx
24227,xxx
24228,xxx
24229,xxx
24230,xxx
24231,xxx
24232,xxx
24233,xxx
24234,xxx
24235,xxx
24236,xxx
24237,xxx
24238,xxx
24239,xxx
24240,xxx
24241,xxx
24242,xxx
24243,xxx
24244,xxx
24245,xxx
24246,xxx
24247,xxx
24248,xxx
24249,xxx
24250,xxx
24251,xxx
24252,xxx
24253,xxx
24254,xxx
24255,xxx
24256,xxx
24257,xxx
24258,xxx
24259,xxx
24260,xxx
24261,xxx
24262,xxx
24263,xxx
24264,xxx
24265,xxx
24266,xxx
24267,xxx
24268,xxx
24269,xxx
24270,xxx
24271,xxx
24272,xxx
24273,xxx
24274,xxx
24275,xxx
24276,xxx
24277,xxx
24278,xxx
24279,xxx
24280,xxx
24281,xxx
24282,xxx
24283,xxx
24284,xxx
24285,xxx
24286,xxx
24287,xxx
24288,xxx
24289,xxx
24290,xxx
24291,xxx
24292,xxx
24293,xxx
24294,xxx
24295,xxx
24296,xxx
24297,xxx
24298,xxx
24299,xxx
24300,xxx
24301,xxx
24302,xxx
24303,xxx
24304,xxx
24305,xxx
24306,xxx
24307,xxx
24308,xxx
24309,xxx
24310,xxx
24311,xxx
24312,xxx
24313,xxx
24314,xxx
24315,xxx
24316,xxx
24317,xxx
24318,xxx
24319,xxx
24320,xxx
24321,xxx
24322,xxx
24323,xxx
24324,xxx
24325,xxx
24326,xxx
24327,xxx
24328,xxx
24329,xxx
24330,xxx
24331,xxx
24332,xxx
24333,xxx
24334,xxx
24335,xxx
24336,xxx
24337,xxx
24338,xxx
24339,xxx
24340,xxx
24341,xxx
24342,xxx
24343,xxx
24344,xxx
24345,xxx
24346,xxx
24347,xxx
24348,xxx
24349,xxx
24350,xxx
24351,xxx
24352,xxx
24353,xxx
24354,xxx
24355,xxx
24356,xxx
24357,xxx
24358,xxx
24359,xxx
24360,xxx
24361,xxx
24362,xxx
24363,xxx
24364,xxx
24365,xxx
24366,xxx
24367,xxx
24368,xxx
24369,xxx
24370,xxx
24371,xxx
24372,xxx
24373,xxx
24374,xxx
24375,xxx
24376,xxx
24377,xxx
24378,xxx
24379,xxx
24380,xxx
24381,xxx
24382,xxx
24383,xxx
24384,xxx
24385,xxx
24386,xxx
24387,xxx
24388,xxx
24389,xxx
24390,xxx
24391,xxx
24392,xxx
24393,xxx
24394,xxx
24395,xxx
24396,xxx
24397,xxx
24398,xxx
24399,xxx
24400,xxx
24401,xxx
24402,xxx
24403,xxx
24404,xxx
24405,xxx
24406,xxx
24407,xxx
24408,xxx
24409,xxx
24410,xxx
24411,xxx
24412,xxx
24413,xxx
24414,xxx
24415,xxx
24416,xxx
24417,xxx
24418,xxx
24419,xxx
24420,xxx
24421,xxx
24422,xxx
24423,xxx
24424,xxx
24425,xxx
24426,xxx
24427,xxx
24428,xxx
24429,xxx
24430,xxx
24431,xxx
24432,xxx
24433,xxx
24434,xxx
24435,xxx
24436,xxx
24437,xxx
24438,xxx
24439,xxx
24440,xxx
24441,xxx
24442,xxx
24443,xxx
24444,xxx
24445,xxx
24446,xxx
24447,xxx
24448,xxx
24449,xxx
24450,xxx
24451,xxx
24452,xxx
24453,xxx
24454,xxx
24455,xxx
24456,xxx
24457,xxx
24458,xxx
24459,xxx
24460,xxx
24461,xxx
24462,xxx
24463,xxx
24464,xxx
24465,xxx
24466,xxx
24467,xxx
24468,xxx
24469,xxx
24470,xxx
24471,xxx
24472,xxx
24473,xxx
24474,xxx
24475,xxx
24476,xxx
24477,xxx
24478,xxx
24479,xxx
24480,xxx
24481,xxx
24482,xxx
24483,xxx
24484,xxx
24485,xxx
24486,xxx
24487,xxx
24488,xxx
24489,xxx
24490,xxx
24491,xxx
24492,xxx
24493,xxx
24494,xxx
24495,xxx
24496,xxx
24497,xxx
24498,xxx
24499,xxx
24500,xxx
24501,xxx
24502,xxx
24503,xxx
24504,xxx
24505,xxx
24506,xxx
24507,xxx
24508,xxx
24509,xxx
24510,xxx
24511,xxx
24512,xxx
24513,xxx
24514,xxx
24515,xxx
24516,xxx
24517,xxx
24518,xxx
24519,xxx
24520,xxx
24521,xxx
24522,xxx
24523,xxx
24524,xxx
24525,xxx
24526,xxx
24527,xxx
24528,xxx
24529,xxx
24530,xxx
24531,xxx
24532,xxx
24533,xxx
24534,xxx
24535,xxx
24536,xxx
24537,xxx
24538,xxx
24539,xxx
24540,xxx
24541,xxx
24542,xxx
24543,xxx
24544,xxx
24545,xxx
24546,xxx
24547,xxx
24548,xxx
24549,xxx
24550,xxx
24551,xxx
24552,xxx
24553,xxx
24554,xxx
24555,xxx
24556,xxx
24557,xxx
24558,xxx
24559,xxx
24560,xxx
24561,xxx
24562,xxx
24563,xxx
24564,xxx
24565,xxx
24566,xxx
24567,xxx
24568,xxx
24569,xxx
24570,xxx
24571,xxx
24572,xxx
24573,xxx
24574,xxx
24575,xxx
24576,xxx
24577,xxx
24578,xxx
24579,xxx
24580,xxx
24581,xxx
24582,xxx
24583,xxx
24584,xxx
24585,xxx
24586,xxx
24587,xxx
24588,xxx
24589,xxx
24590,xxx
24591,xxx
24592,xxx
24593,xxx
24594,xxx
24595,xxx
24596,xxx
24597,xxx
24598,xxx
24599,xxx
24600,xxx
24601,xxx
24602,xxx
24603,xxx
24604,xxx
24605,xxx
24606,xxx
24607,xxx
24608,xxx
24609,xxx
24610,xxx
24611,xxx
24612,xxx
24613,xxx
24614,xxx
24615,xxx
24616,xxx
24617,xxx
24618,xxx
24619,xxx
24620,xxx
24621,xxx
24622,xxx
24623,xxx
24624,xxx
24625,xxx
24626,xxx
24627,xxx
24628,xxx
24629,xxx
24630,xxx
24631,xxx
24632,xxx
24633,xxx
24634,xxx
24635,xxx
24636,xxx
24637,xxx
24638,xxx
24639,xxx
24640,xxx
24641,xxx
24642,xxx
24643,xxx
24644,xxx
24645,xxx
24646,xxx
24647,xxx
24648,xxx
24649,xxx
24650,xxx
24651,xxx
24652,xxx
24653,xxx
24654,xxx
24655,xxx
24656,xxx
24657,xxx
24658,xxx
24659,xxx
24660,xxx
24661,xxx
24662,xxx
24663,xxx
24664,xxx
24665,xxx
24666,xxx
24667,xxx
24668,xxx
24669,xxx
24670,xxx
24671,xxx
24672,xxx
24673,xxx
24674,xxx
24675,xxx
24676,xxx
24677,xxx
24678,xxx
24679,xxx
24680,xxx
24681,xxx
24682,xxx
24683,xxx
24684,xxx
24685,xxx
24686,xxx
24687,xxx
24688,xxx
24689,xxx
24690,xxx
24691,xxx
24692,xxx
24693,xxx
24694,xxx
24695,xxx
24696,xxx
24697,xxx
24698,xxx
24699,xxx
24700,xxx
24701,xxx
24702,xxx
24703,xxx
24704,xxx
24705,xxx
24706,xxx
24707,xxx
24708,xxx
24709,xxx
24710,xxx
24711,xxx
24712,xxx
24713,xxx
24714,xxx
24715,xxx
24716,xxx
24717,xxx
24718,xxx
24719,xxx
24720,xxx
24721,xxx
24722,xxx
24723,xxx
24724,xxx
24725,xxx
24726,xxx
24727,xxx
24728,xxx
24729,xxx
24730,xxx
24731,xxx
24732,xxx
24733,xxx
24734,xxx
24735,xxx
24736,xxx
24737,xxx
24738,xxx
24739,xxx
24740,xxx
24741,xxx
24742,xxx
24743,xxx
24744,xxx
24745,xxx
24746,xxx
24747,xxx
24748,xxx
24749,xxx
24750,xxx
24751,xxx
24752,xxx
24753,xxx
24754,xxx
24755,xxx
24756,xxx
24757,xxx
24758,xxx
24759,xxx
24760,xxx
24761,xxx
24762,xxx
24763,xxx
24764,xxx
24765,xxx
24766,xxx
24767,xxx
24768,xxx
24769,xxx
24770,xxx
24771,xxx
24772,xxx
24773,xxx
24774,xxx
24775,xxx
24776,xxx
24777,xxx
24778,xxx
24779,xxx
24780,xxx
24781,xxx
24782,xxx
24783,xxx
24784,xxx
24785,xxx
24786,xxx
24787,xxx
24788,xxx
24789,xxx
24790,xxx
24791,xxx
24792,xxx
24793,xxx
24794,xxx
24795,xxx
24796,xxx
24797,xxx
24798,xxx
24799,xxx
24800,xxx
24801,xxx
24802,xxx
24803,xxx
24804,xxx
24805,xxx
24806,xxx
24807,xxx
24808,xxx
24809,xxx
24810,xxx
24811,xxx
24812,xxx
24813,xxx
24814,xxx
24815,xxx
24816,xxx
24817,xxx
24818,xxx
24819,xxx
24820,xxx
24821,xxx
24822,xxx
24823,xxx
24824,xxx
24825,xxx
24826,xxx
24827,xxx
24828,xxx
24829,xxx
24830,xxx
24831,xxx
24832,xxx
24833,xxx
24834,xxx
24835,xxx
24836,xxx
24837,xxx
24838,xxx
24839,xxx
24840,xxx
24841,xxx
24842,xxx
24843,xxx
24844,xxx
24845,xxx
24846,xxx
24847,xxx
24848,xxx
24849,xxx
24850,xxx
24851,xxx
24852,xxx
24853,xxx
24854,xxx
24855,xxx
24856,xxx
24857,xxx
24858,xxx
24859,xxx
24860,xxx
24861,xxx
24862,xxx
24863,xxx
24864,xxx
24865,xxx
24866,xxx
24867,xxx
24868,xxx
24869,xxx
24870,xxx
24871,xxx
24872,xxx
24873,xxx
24874,xxx
24875,xxx
24876,xxx
24877,xxx
24878,xxx
24879,xxx
24880,xxx
24881,xxx
24882,xxx
24883,xxx
24884,xxx
24885,xxx
24886,xxx
24887,xxx
24888,xxx
24889,xxx
24890,xxx
24891,xxx
24892,xxx
24893,xxx
24894,xxx
24895,xxx
24896,xxx
24897,xxx
24898,xxx
24899,xxx
24900,xxx
24901,xxx
24902,xxx
24903,xxx
24904,xxx
24905,xxx
24906,xxx
24907,xxx
24908,xxx
24909,xxx
24910,xxx
24911,xxx
24912,xxx
24913,xxx
24914,xxx
24915,xxx
24916,xxx
24917,xxx
24918,xxx
24919,xxx
24920,xxx
24921,xxx
24922,xxx
24923,xxx
24924,xxx
24925,xxx
24926,xxx
24927,xxx
24928,xxx
24929,xxx
24930,xxx
24931,xxx
24932,xxx
24933,xxx
24934,xxx
24935,xxx
24936,xxx
24937,xxx
24938,xxx
24939,xxx
24940,xxx
24941,xxx
24942,xxx
24943,xxx
24944,xxx
24945,xxx
24946,xxx
24947,xxx
24948,xxx
24949,xxx
24950,xxx
24951,xxx
24952,xxx
24953,xxx
24954,xxx
24955,xxx
24956,xxx
24957,xxx
24958,xxx
24959,xxx
24960,xxx
24961,xxx
24962,xxx
24963,xxx
24964,xxx
24965,xxx
24966,xxx
24967,xxx
24968,xxx
24969,xxx
24970,xxx
24971,xxx
24972,xxx
24973,xxx
24974,xxx
24975,xxx
24976,xxx
24977,xxx
24978,xxx
24979,xxx
24980,xxx
24981,xxx
24982,xxx
24983,xxx
24984,xxx
24985,xxx
24986,xxx
24987,xxx
24988,xxx
24989,xxx
24990,xxx
24991,xxx
24992,xxx
24993,xxx
24994,xxx
24995,xxx
24996,xxx
24997,xxx
24998,xxx
24999,xxx
25000,xxx
25001,xxx
25002,xxx
25003,xxx
25004,xxx
25005,xxx
25006,xxx
25007,xxx
25008,xxx
25009,xxx
25010,xxx
25011,xxx
25012,xxx
25013,xxx
25014,xxx
25015,xxx
25016,xxx
25017,xxx
25018,xxx
25019,xxx
25020,xxx
25021,xxx
25022,xxx
25023,xxx
25024,xxx
25025,xxx
25026,xxx
25027,xxx
25028,xxx
25029,xxx
25030,xxx
25031,xxx
25032,xxx
25033,xxx
25034,xxx
25035,xxx
25036,xxx
25037,xxx
25038,xxx
25039,xxx
25040,xxx
25041,xxx
25042,xxx
25043,xxx
25044,xxx
25045,xxx
25046,xxx
25047,xxx
25048,xxx
25049,xxx
25050,xxx
25051,xxx
25052,xxx
25053,xxx
25054,xxx
25055,xxx
25056,xxx
25057,xxx
25058,xxx
25059,xxx
25060,xxx
25061,xxx
25062,xxx
25063,xxx
25064,xxx
25065,xxx
25066,xxx
25067,xxx
25068,xxx
25069,xxx
25070,xxx
25071,xxx
25072,xxx
25073,xxx
25074,xxx
25075,xxx
25076,xxx
25077,xxx
25078,xxx
25079,xxx
25080,xxx
25081,xxx
25082,xxx
25083,xxx
25084,xxx
25085,xxx
25086,xxx
25087,xxx
25088,xxx
25089,xxx
25090,xxx
25091,xxx
25092,xxx
25093,xxx
25094,xxx
25095,xxx
25096,xxx
25097,xxx
25098,xxx
25099,xxx
25100,xxx
25101,xxx
25102,xxx
25103,xxx
25104,xxx
25105,xxx
25106,xxx
25107,xxx
25108,xxx
25109,xxx
25110,xxx
25111,xxx
25112,xxx
25113,xxx
25114,xxx
25115,xxx
25116,xxx
25117,xxx
25118,xxx
25119,xxx
25120,xxx
25121,xxx
25122,xxx
25123,xxx
25124,xxx
25125,xxx
25126,xxx
25127,xxx
25128,xxx
25129,xxx
25130,xxx
25131,xxx
25132,xxx
25133,xxx
25134,xxx
25135,xxx
25136,xxx
25137,xxx
25138,xxx
25139,xxx
25140,xxx
25141,xxx
25142,xxx
25143,xxx
25144,xxx
25145,xxx
25146,xxx
25147,xxx
25148,xxx
25149,xxx
25150,xxx
25151,xxx
25152,xxx
25153,xxx
25154,xxx
25155,xxx
25156,xxx
25157,xxx
25158,xxx
25159,xxx
25160,xxx
25161,xxx
25162,xxx
25163,xxx
25164,xxx
25165,xxx
25166,xxx
25167,xxx
25168,xxx
25169,xxx
25170,xxx
25171,xxx
25172,xxx
25173,xxx
25174,xxx
25175,xxx
25176,xxx
25177,xxx
25178,xxx
25179,xxx
25180,xxx
25181,xxx
25182,xxx
25183,xxx
25184,xxx
25185,xxx
25186,xxx
25187,xxx
25188,xxx
25189,xxx
25190,xxx
25191,xxx
25192,xxx
25193,xxx
25194,xxx
25195,xxx
25196,xxx
25197,xxx
25198,xxx
25199,xxx
25200,xxx
25201,xxx
25202,xxx
25203,xxx
25204,xxx
25205,xxx
25206,xxx
25207,xxx
25208,xxx
25209,xxx
25210,xxx
25211,xxx
25212,xxx
25213,xxx
25214,xxx
25215,xxx
25216,xxx
25217,xxx
25218,xxx
25219,xxx
25220,xxx
25221,xxx
25222,xxx
25223,xxx
25224,xxx
25225,xxx
25226,xxx
25227,xxx
25228,xxx
25229,xxx
25230,xxx
25231,xxx
25232,xxx
25233,xxx
25234,xxx
25235,xxx
25236,xxx
25237,xxx
25238,xxx
25239,xxx
25240,xxx
25241,xxx
25242,xxx
25243,xxx
25244,xxx
25245,xxx
25246,xxx
25247,xxx
25248,xxx
25249,xxx
25250,xxx
25251,xxx
25252,xxx
25253,xxx
25254,xxx
25255,xxx
25256,xxx
25257,xxx
25258,xxx
25259,xxx
25260,xxx
25261,xxx
25262,xxx
25263,xxx
25264,xxx
25265,xxx
25266,xxx
25267,xxx
25268,xxx
25269,xxx
25270,xxx
25271,xxx
25272,xxx
25273,xxx
25274,xxx
25275,xxx
25276,xxx
25277,xxx
25278,xxx
25279,xxx
25280,xxx
25281,xxx
25282,xxx
25283,xxx
25284,xxx
25285,xxx
25286,xxx
25287,xxx
25288,xxx
25289,xxx
25290,xxx
25291,xxx
25292,xxx
25293,xxx
25294,xxx
25295,xxx
25296,xxx
25297,xxx
25298,xxx
25299,xxx
25300,xxx
25301,xxx
25302,xxx
25303,xxx
25304,xxx
25305,xxx
25306,xxx
25307,xxx
25308,xxx
25309,xxx
25310,xxx
25311,xxx
25312,xxx
25313,xxx
25314,xxx
25315,xxx
25316,xxx
25317,xxx
25318,xxx
25319,xxx
25320,xxx
25321,xxx
25322,xxx
25323,xxx
25324,xxx
25325,xxx
25326,xxx
25327,xxx
25328,xxx
25329,xxx
25330,xxx
25331,xxx
25332,xxx
25333,xxx
25334,xxx
25335,xxx
25336,xxx
25337,xxx
25338,xxx
25339,xxx
25340,xxx
25341,xxx
25342,xxx
25343,xxx
25344,xxx
25345,xxx
25346,xxx
25347,xxx
25348,xxx
25349,xxx
25350,xxx
25351,xxx
25352,xxx
25353,xxx
25354,xxx
25355,xxx
25356,xxx
25357,xxx
25358,xxx
25359,xxx
25360,xxx
25361,xxx
25362,xxx
25363,xxx
25364,xxx
25365,xxx
25366,xxx
25367,xxx
25368,xxx
25369,xxx
25370,xxx
25371,xxx
25372,xxx
25373,xxx
25374,xxx
25375,xxx
25376,xxx
25377,xxx
25378,xxx
25379,xxx
25380,xxx
25381,xxx
25382,xxx
25383,xxx
25384,xxx
25385,xxx
25386,xxx
25387,xxx
25388,xxx
25389,xxx
25390,xxx
25391,xxx
25392,xxx
25393,xxx
25394,xxx
25395,xxx
25396,xxx
25397,xxx
25398,xxx
25399,xxx
25400,xxx
25401,xxx
25402,xxx
25403,xxx
25404,xxx
25405,xxx
25406,xxx
25407,xxx
25408,xxx
25409,xxx
25410,xxx
25411,xxx
25412,xxx
25413,xxx
25414,xxx
25415,xxx
25416,xxx
25417,xxx
25418,xxx
25419,xxx
25420,xxx
25421,xxx
25422,xxx
25423,xxx
25424,xxx
25425,xxx
25426,xxx
25427,xxx
25428,xxx
25429,xxx
25430,xxx
25431,xxx
25432,xxx
25433,xxx
25434,xxx
25435,xxx
25436,xxx
25437,xxx
25438,xxx
25439,xxx
25440,xxx
25441,xxx
25442,xxx
25443,xxx
25444,xxx
25445,xxx
25446,xxx
25447,xxx
25448,xxx
25449,xxx
25450,xxx
25451,xxx
25452,xxx
25453,xxx
25454,xxx
25455,xxx
25456,xxx
25457,xxx
25458,xxx
25459,xxx
25460,xxx
25461,xxx
25462,xxx
25463,xxx
25464,xxx
25465,xxx
25466,xxx
25467,xxx
25468,xxx
25469,xxx
25470,xxx
25471,xxx
25472,xxx
25473,xxx
25474,xxx
25475,xxx
25476,xxx
25477,xxx
25478,xxx
25479,xxx
25480,xxx
25481,xxx
25482,xxx
25483,xxx
25484,xxx
25485,xxx
25486,xxx
25487,xxx
25488,xxx
25489,xxx
25490,xxx
25491,xxx
25492,xxx
25493,xxx
25494,xxx
25495,xxx
25496,xxx
25497,xxx
25498,xxx
25499,xxx
25500,xxx
25501,xxx
25502,xxx
25503,xxx
25504,xxx
25505,xxx
25506,xxx
25507,xxx
25508,xxx
25509,xxx
25510,xxx
25511,xxx
25512,xxx
25513,xxx
25514,xxx
25515,xxx
25516,xxx
25517,xxx
25518,xxx
25519,xxx
25520,xxx
25521,xxx
25522,xxx
25523,xxx
25524,xxx
25525,xxx
25526,xxx
25527,xxx
25528,xxx
25529,xxx
25530,xxx
25531,xxx
25532,xxx
25533,xxx
25534,xxx
25535,xxx
25536,xxx
25537,xxx
25538,xxx
25539,xxx
25540,xxx
25541,xxx
25542,xxx
25543,xxx
25544,xxx
25545,xxx
25546,xxx
25547,xxx
25548,xxx
25549,xxx
25550,xxx
25551,xxx
25552,xxx
25553,xxx
25554,xxx
25555,xxx
25556,xxx
25557,xxx
25558,xxx
25559,xxx
25560,xxx
25561,xxx
25562,xxx
25563,xxx
25564,xxx
25565,xxx
25566,xxx
25567,xxx
25568,xxx
25569,xxx
25570,xxx
25571,xxx
25572,xxx
25573,xxx
25574,xxx
25575,xxx
25576,xxx
25577,xxx
25578,xxx
25579,xxx
25580,xxx
25581,xxx
25582,xxx
25583,xxx
25584,xxx
25585,xxx
25586,xxx
25587,xxx
25588,xxx
25589,xxx
25590,xxx
25591,xxx
25592,xxx
25593,xxx
25594,xxx
25595,xxx
25596,xxx
25597,xxx
25598,xxx
25599,xxx
25600,xxx
25601,xxx
25602,xxx
25603,xxx
25604,xxx
25605,xxx
25606,xxx
25607,xxx
25608,xxx
25609,xxx
25610,xxx
25611,xxx
25612,xxx
25613,xxx
25614,xxx
25615,xxx
25616,xxx
25617,xxx
25618,xxx
25619,xxx
25620,xxx
25621,xxx
25622,xxx
25623,xxx
25624,xxx
25625,xxx
25626,xxx
25627,xxx
25628,xxx
25629,xxx
25630,xxx
25631,xxx
25632,xxx
25633,xxx
25634,xxx
25635,xxx
25636,xxx
25637,xxx
25638,xxx
25639,xxx
25640,xxx
25641,xxx
25642,xxx
25643,xxx
25644,xxx
25645,xxx
25646,xxx
25647,xxx
25648,xxx
25649,xxx
25650,xxx
25651,xxx
25652,xxx
25653,xxx
25654,xxx
25655,xxx
25656,xxx
25657,xxx
25658,xxx
25659,xxx
25660,xxx
25661,xxx
25662,xxx
25663,xxx
25664,xxx
25665,xxx
25666,xxx
25667,xxx
25668,xxx
25669,xxx
25670,xxx
25671,xxx
25672,xxx
25673,xxx
25674,xxx
25675,xxx
25676,xxx
25677,xxx
25678,xxx
25679,xxx
25680,xxx
25681,xxx
25682,xxx
25683,xxx
25684,xxx
25685,xxx
25686,xxx
25687,xxx
25688,xxx
25689,xxx
25690,xxx
25691,xxx
25692,xxx
25693,xxx
25694,xxx
25695,xxx
25696,xxx
25697,xxx
25698,xxx
25699,xxx
25700,xxx
25701,xxx
25702,xxx
25703,xxx
25704,xxx
25705,xxx
25706,xxx
25707,xxx
25708,xxx
25709,xxx
25710,xxx
25711,xxx
25712,xxx
25713,xxx
25714,xxx
25715,xxx
25716,xxx
25717,xxx
25718,xxx
25719,xxx
25720,xxx
25721,xxx
25722,xxx
25723,xxx
25724,xxx
25725,xxx
25726,xxx
25727,xxx
25728,xxx
25729,xxx
25730,xxx
25731,xxx
25732,xxx
25733,xxx
25734,xxx
25735,xxx
25736,xxx
25737,xxx
25738,xxx
25739,xxx
25740,xxx
25741,xxx
25742,xxx
25743,xxx
25744,xxx
25745,xxx
25746,xxx
25747,xxx
25748,xxx
25749,xxx
25750,xxx
25751,xxx
25752,xxx
25753,xxx
25754,xxx
25755,xxx
25756,xxx
25757,xxx
25758,xxx
25759,xxx
25760,xxx
25761,xxx
25762,xxx
25763,xxx
25764,xxx
25765,xxx
25766,xxx
25767,xxx
25768,xxx
25769,xxx
25770,xxx
25771,xxx
25772,xxx
25773,xxx
25774,xxx
25775,xxx
25776,xxx
25777,xxx
25778,xxx
25779,xxx
25780,xxx
25781,xxx
25782,xxx
25783,xxx
25784,xxx
25785,xxx
25786,xxx
25787,xxx
25788,xxx
25789,xxx
25790,xxx
25791,xxx
25792,xxx
25793,xxx
25794,xxx
25795,xxx
25796,xxx
25797,xxx
25798,xxx
25799,xxx
25800,xxx
25801,xxx
25802,xxx
25803,xxx
25804,xxx
25805,xxx
25806,xxx
25807,xxx
25808,xxx
25809,xxx
25810,xxx
25811,xxx
25812,xxx
25813,xxx
25814,xxx
25815,xxx
25816,xxx
25817,xxx
25818,xxx
25819,xxx
25820,xxx
25821,xxx
25822,xxx
25823,xxx
25824,xxx
25825,xxx
25826,xxx
25827,xxx
25828,xxx
25829,xxx
25830,xxx
25831,xxx
25832,xxx
25833,xxx
25834,xxx
25835,xxx
25836,xxx
25837,xxx
25838,xxx
25839,xxx
25840,xxx
25841,xxx
25842,xxx
25843,xxx
25844,xxx
25845,xxx
25846,xxx
25847,xxx
25848,xxx
25849,xxx
25850,xxx
25851,xxx
25852,xxx
25853,xxx
25854,xxx
25855,xxx
25856,xxx
25857,xxx
25858,xxx
25859,xxx
25860,xxx
25861,xxx
25862,xxx
25863,xxx
25864,xxx
25865,xxx
25866,xxx
25867,xxx
25868,xxx
25869,xxx
25870,xxx
25871,xxx
25872,xxx
25873,xxx
25874,xxx
25875,xxx
25876,xxx
25877,xxx
25878,xxx
25879,xxx
25880,xxx
25881,xxx
25882,xxx
25883,xxx
25884,xxx
25885,xxx
25886,xxx
25887,xxx
25888,xxx
25889,xxx
25890,xxx
25891,xxx
25892,xxx
25893,xxx
25894,xxx
25895,xxx
25896,xxx
25897,xxx
25898,xxx
25899,xxx
25900,xxx
25901,xxx
25902,xxx
25903,xxx
25904,xxx
25905,xxx
25906,xxx
25907,xxx
25908,xxx
25909,xxx
25910,xxx
25911,xxx
25912,xxx
25913,xxx
25914,xxx
25915,xxx
25916,xxx
25917,xxx
25918,xxx
25919,xxx
25920,xxx
25921,xxx
25922,xxx
25923,xxx
25924,xxx
25925,xxx
25926,xxx
25927,xxx
25928,xxx
25929,xxx
25930,xxx
25931,xxx
25932,xxx
25933,xxx
25934,xxx
25935,xxx
25936,xxx
25937,xxx
25938,xxx
25939,xxx
25940,xxx
25941,xxx
25942,xxx
25943,xxx
25944,xxx
25945,xxx
25946,xxx
25947,xxx
25948,xxx
25949,xxx
25950,xxx
25951,xxx
25952,xxx
25953,xxx
25954,xxx
25955,xxx
25956,xxx
25957,xxx
25958,xxx
25959,xxx
25960,xxx
25961,xxx
25962,xxx
25963,xxx
25964,xxx
25965,xxx
25966,xxx
25967,xxx
25968,xxx
25969,xxx
25970,xxx
25971,xxx
25972,xxx
25973,xxx
25974,xxx
25975,xxx
25976,xxx
25977,xxx
25978,xxx
25979,xxx
25980,xxx
25981,xxx
25982,xxx
25983,xxx
25984,xxx
25985,xxx
25986,xxx
25987,xxx
25988,xxx
25989,xxx
25990,xxx
25991,xxx
25992,xxx
25993,xxx
25994,xxx
25995,xxx
25996,xxx
25997,xxx
25998,xxx
25999,xxx
26000,xxx
26001,xxx
26002,xxx
26003,xxx
26004,xxx
26005,xxx
26006,xxx
26007,xxx
26008,xxx
26009,xxx
26010,xxx
26011,xxx
26012,xxx
26013,xxx
26014,xxx
26015,xxx
26016,xxx
26017,xxx
26018,xxx
26019,xxx
26020,xxx
26021,xxx
26022,xxx
26023,xxx
26024,xxx
26025,xxx
26026,xxx
26027,xxx
26028,xxx
26029,xxx
26030,xxx
26031,xxx
26032,xxx
26033,xxx
26034,xxx
26035,xxx
26036,xxx
26037,xxx
26038,xxx
26039,xxx
26040,xxx
26041,xxx
26042,xxx
26043,xxx
26044,xxx
26045,xxx
26046,xxx
26047,xxx
26048,xxx
26049,xxx
26050,xxx
26051,xxx
26052,xxx
26053,xxx
26054,xxx
26055,xxx
26056,xxx
26057,xxx
26058,xxx
26059,xxx
26060,xxx
26061,xxx
26062,xxx
26063,xxx
26064,xxx
26065,xxx
26066,xxx
26067,xxx
26068,xxx
26069,xxx
26070,xxx
26071,xxx
26072,xxx
26073,xxx
26074,xxx
26075,xxx
26076,xxx
26077,xxx
26078,xxx
26079,xxx
26080,xxx
26081,xxx
26082,xxx
26083,xxx
26084,xxx
26085,xxx
26086,xxx
26087,xxx
26088,xxx
26089,xxx
26090,xxx
26091,xxx
26092,xxx
26093,xxx
26094,xxx
26095,xxx
26096,xxx
26097,xxx
26098,xxx
26099,xxx
26100,xxx
26101,xxx
26102,xxx
26103,xxx
26104,xxx
26105,xxx
26106,xxx
26107,xxx
26108,xxx
26109,xxx
26110,xxx
26111,xxx
26112,xxx
26113,xxx
26114,xxx
26115,xxx
26116,xxx
26117,xxx
26118,xxx
26119,xxx
26120,xxx
26121,xxx
26122,xxx
26123,xxx
26124,xxx
26125,xxx
26126,xxx
26127,xxx
26128,xxx
26129,xxx
26130,xxx
26131,xxx
26132,xxx
26133,xxx
26134,xxx
26135,xxx
26136,xxx
26137,xxx
26138,xxx
26139,xxx
26140,xxx
26141,xxx
26142,xxx
26143,xxx
26144,xxx
26145,xxx
26146,xxx
26147,xxx
26148,xxx
26149,xxx
26150,xxx
26151,xxx
26152,xxx
26153,xxx
26154,xxx
26155,xxx
26156,xxx
26157,xxx
26158,xxx
26159,xxx
26160,xxx
26161,xxx
26162,xxx
26163,xxx
26164,xxx
26165,xxx
26166,xxx
26167,xxx
26168,xxx
26169,xxx
26170,xxx
26171,xxx
26172,xxx
26173,xxx
26174,xxx
26175,xxx
26176,xxx
26177,xxx
26178,xxx
26179,xxx
26180,xxx
26181,xxx
26182,xxx
26183,xxx
26184,xxx
26185,xxx
26186,xxx
26187,xxx
26188,xxx
26189,xxx
26190,xxx
26191,xxx
26192,xxx
26193,xxx
26194,xxx
26195,xxx
26196,xxx
26197,xxx
26198,xxx
26199,xxx
26200,xxx
26201,xxx
26202,xxx
26203,xxx
26204,xxx
26205,xxx
26206,xxx
26207,xxx
26208,xxx
26209,xxx
26210,xxx
26211,xxx
26212,xxx
26213,xxx
26214,xxx
26215,xxx
26216,xxx
26217,xxx
26218,xxx
26219,xxx
26220,xxx
26221,xxx
26222,xxx
26223,xxx
26224,xxx
26225,xxx
26226,xxx
26227,xxx
26228,xxx
26229,xxx
26230,xxx
26231,xxx
26232,xxx
26233,xxx
26234,xxx
26235,xxx
26236,xxx
26237,xxx
26238,xxx
26239,xxx
26240,xxx
26241,xxx
26242,xxx
26243,xxx
26244,xxx
26245,xxx
26246,xxx
26247,xxx
26248,xxx
26249,xxx
26250,xxx
26251,xxx
26252,xxx
26253,xxx
26254,xxx
26255,xxx
26256,xxx
26257,xxx
26258,xxx
26259,xxx
26260,xxx
26261,xxx
26262,xxx
26263,xxx
26264,xxx
26265,xxx
26266,xxx
26267,xxx
26268,xxx
26269,xxx
26270,xxx
26271,xxx
26272,xxx
26273,xxx
26274,xxx
26275,xxx
26276,xxx
26277,xxx
26278,xxx
26279,xxx
26280,xxx
26281,xxx
26282,xxx
26283,xxx
26284,xxx
26285,xxx
26286,xxx
26287,xxx
26288,xxx
26289,xxx
26290,xxx
26291,xxx
26292,xxx
26293,xxx
26294,xxx
26295,xxx
26296,xxx
26297,xxx
26298,xxx
26299,xxx
26300,xxx
26301,xxx
26302,xxx
26303,xxx
26304,xxx
26305,xxx
26306,xxx
26307,xxx
26308,xxx
26309,xxx
26310,xxx
26311,xxx
26312,xxx
26313,xxx
26314,xxx
26315,xxx
26316,xxx
26317,xxx
26318,xxx
26319,xxx
26320,xxx
26321,xxx
26322,xxx
26323,xxx
26324,xxx
26325,xxx
26326,xxx
26327,xxx
26328,xxx
26329,xxx
26330,xxx
26331,xxx
26332,xxx
26333,xxx
26334,xxx
26335,xxx
26336,xxx
26337,xxx
26338,xxx
26339,xxx
26340,xxx
26341,xxx
26342,xxx
26343,xxx
26344,xxx
26345,xxx
26346,xxx
26347,xxx
26348,xxx
26349,xxx
26350,xxx
26351,xxx
26352,xxx
26353,xxx
26354,xxx
26355,xxx
26356,xxx
26357,xxx
26358,xxx
26359,xxx
26360,xxx
26361,xxx
26362,xxx
26363,xxx
26364,xxx
26365,xxx
26366,xxx
26367,xxx
26368,xxx
26369,xxx
26370,xxx
26371,xxx
26372,xxx
26373,xxx
26374,xxx
26375,xxx
26376,xxx
26377,xxx
26378,xxx
26379,xxx
26380,xxx
26381,xxx
26382,xxx
26383,xxx
26384,xxx
26385,xxx
26386,xxx
26387,xxx
26388,xxx
26389,xxx
26390,xxx
26391,xxx
26392,xxx
26393,xxx
26394,xxx
26395,xxx
26396,xxx
26397,xxx
26398,xxx
26399,xxx
26400,xxx
26401,xxx
26402,xxx
26403,xxx
26404,xxx
26405,xxx
26406,xxx
26407,xxx
26408,xxx
26409,xxx
26410,xxx
26411,xxx
26412,xxx
26413,xxx
26414,xxx
26415,xxx
26416,xxx
26417,xxx
26418,xxx
26419,xxx
26420,xxx
26421,xxx
26422,xxx
26423,xxx
26424,xxx
26425,xxx
26426,xxx
26427,xxx
26428,xxx
26429,xxx
26430,xxx
26431,xxx
26432,xxx
26433,xxx
26434,xxx
26435,xxx
26436,xxx
26437,xxx
26438,xxx
26439,xxx
26440,xxx
26441,xxx
26442,xxx
26443,xxx
26444,xxx
26445,xxx
26446,xxx
26447,xxx
26448,xxx
26449,xxx
26450,xxx
26451,xxx
26452,xxx
26453,xxx
26454,xxx
26455,xxx
26456,xxx
26457,xxx
26458,xxx
26459,xxx
26460,xxx
26461,xxx
26462,xxx
26463,xxx
26464,xxx
26465,xxx
26466,xxx
26467,xxx
26468,xxx
26469,xxx
26470,xxx
26471,xxx
26472,xxx
26473,xxx
26474,xxx
26475,xxx
26476,xxx
26477,xxx
26478,xxx
26479,xxx
26480,xxx
26481,xxx
26482,xxx
26483,xxx
26484,xxx
26485,xxx
26486,xxx
26487,xxx
26488,xxx
26489,xxx
26490,xxx
26491,xxx
26492,xxx
26493,xxx
26494,xxx
26495,xxx
26496,xxx
26497,xxx
26498,xxx
26499,xxx
26500,xxx
26501,xxx
26502,xxx
26503,xxx
26504,xxx
26505,xxx
26506,xxx
26507,xxx
26508,xxx
26509,xxx
26510,xxx
26511,xxx
26512,xxx
26513,xxx
26514,xxx
26515,xxx
26516,xxx
26517,xxx
26518,xxx
26519,xxx
26520,xxx
26521,xxx
26522,xxx
26523,xxx
26524,xxx
26525,xxx
26526,xxx
26527,xxx
26528,xxx
26529,xxx
26530,xxx
26531,xxx
26532,xxx
26533,xxx
26534,xxx
26535,xxx
26536,xxx
26537,xxx
26538,xxx
26539,xxx
26540,xxx
26541,xxx
26542,xxx
26543,xxx
26544,xxx
26545,xxx
26546,xxx
26547,xxx
26548,xxx
26549,xxx
26550,xxx
26551,xxx
26552,xxx
26553,xxx
26554,xxx
26555,xxx
26556,xxx
26557,xxx
26558,xxx
26559,xxx
26560,xxx
26561,xxx
26562,xxx
26563,xxx
26564,xxx
26565,xxx
26566,xxx
26567,xxx
26568,xxx
26569,xxx
26570,xxx
26571,xxx
26572,xxx
26573,xxx
26574,xxx
26575,xxx
26576,xxx
26577,xxx
26578,xxx
26579,xxx
26580,xxx
26581,xxx
26582,xxx
26583,xxx
26584,xxx
26585,xxx
26586,xxx
26587,xxx
26588,xxx
26589,xxx
26590,xxx
26591,xxx
26592,xxx
26593,xxx
26594,xxx
26595,xxx
26596,xxx
26597,xxx
26598,xxx
26599,xxx
26600,xxx
26601,xxx
26602,xxx
26603,xxx
26604,xxx
26605,xxx
26606,xxx
26607,xxx
26608,xxx
26609,xxx
26610,xxx
26611,xxx
26612,xxx
26613,xxx
26614,xxx
26615,xxx
26616,xxx
26617,xxx
26618,xxx
26619,xxx
26620,xxx
26621,xxx
26622,xxx
26623,xxx
26624,xxx
26625,xxx
26626,xxx
26627,xxx
26628,xxx
26629,xxx
26630,xxx
26631,xxx
26632,xxx
26633,xxx
26634,xxx
26635,xxx
26636,xxx
26637,xxx
26638,xxx
26639,xxx
26640,xxx
26641,xxx
26642,xxx
26643,xxx
26644,xxx
26645,xxx
26646,xxx
26647,xxx
26648,xxx
26649,xxx
26650,xxx
26651,xxx
26652,xxx
26653,xxx
26654,xxx
26655,xxx
26656,xxx
26657,xxx
26658,xxx
26659,xxx
26660,xxx
26661,xxx
26662,xxx
26663,xxx
26664,xxx
26665,xxx
26666,xxx
26667,xxx
26668,xxx
26669,xxx
26670,xxx
26671,xxx
26672,xxx
26673,xxx
26674,xxx
26675,xxx
26676,xxx
26677,xxx
26678,xxx
26679,xxx
26680,xxx
26681,xxx
26682,xxx
26683,xxx
26684,xxx
26685,xxx
26686,xxx
26687,xxx
26688,xxx
26689,xxx
26690,xxx
26691,xxx
26692,xxx
26693,xxx
26694,xxx
26695,xxx
26696,xxx
26697,xxx
26698,xxx
26699,xxx
26700,xxx
26701,xxx
26702,xxx
26703,xxx
26704,xxx
26705,xxx
26706,xxx
26707,xxx
26708,xxx
26709,xxx
26710,xxx
26711,xxx
26712,xxx
26713,xxx
26714,xxx
26715,xxx
26716,xxx
26717,xxx
26718,xxx
26719,xxx
26720,xxx
26721,xxx
26722,xxx
26723,xxx
26724,xxx
26725,xxx
26726,xxx
26727,xxx
26728,xxx
26729,xxx
26730,xxx
26731,xxx
26732,xxx
26733,xxx
26734,xxx
26735,xxx
26736,xxx
26737,xxx
26738,xxx
26739,xxx
26740,xxx
26741,xxx
26742,xxx
26743,xxx
26744,xxx
26745,xxx
26746,xxx
26747,xxx
26748,xxx
26749,xxx
26750,xxx
26751,xxx
26752,xxx
26753,xxx
26754,xxx
26755,xxx
26756,xxx
26757,xxx
26758,xxx
26759,xxx
26760,xxx
26761,xxx
26762,xxx
26763,xxx
26764,xxx
26765,xxx
26766,xxx
26767,xxx
26768,xxx
26769,xxx
26770,xxx
26771,xxx
26772,xxx
26773,xxx
26774,xxx
26775,xxx
26776,xxx
26777,xxx
26778,xxx
26779,xxx
26780,xxx
26781,xxx
26782,xxx
26783,xxx
26784,xxx
26785,xxx
26786,xxx
26787,xxx
26788,xxx
26789,xxx
26790,xxx
26791,xxx
26792,xxx
26793,xxx
26794,xxx
26795,xxx
26796,xxx
26797,xxx
26798,xxx
26799,xxx
26800,xxx
26801,xxx
26802,xxx
26803,xxx
26804,xxx
26805,xxx
26806,xxx
26807,xxx
26808,xxx
26809,xxx
26810,xxx
26811,xxx
26812,xxx
26813,xxx
26814,xxx
26815,xxx
26816,xxx
26817,xxx
26818,xxx
26819,xxx
26820,xxx
26821,xxx
26822,xxx
26823,xxx
26824,xxx
26825,xxx
26826,xxx
26827,xxx
26828,xxx
26829,xxx
26830,xxx
26831,xxx
26832,xxx
26833,xxx
26834,xxx
26835,xxx
26836,xxx
26837,xxx
26838,xxx
26839,xxx
26840,xxx
26841,xxx
26842,xxx
26843,xxx
26844,xxx
26845,xxx
26846,xxx
26847,xxx
26848,xxx
26849,xxx
26850,xxx
26851,xxx
26852,xxx
26853,xxx
26854,xxx
26855,xxx
26856,xxx
26857,xxx
26858,xxx
26859,xxx
26860,xxx
26861,xxx
26862,xxx
26863,xxx
26864,xxx
26865,xxx
26866,xxx
26867,xxx
26868,xxx
26869,xxx
26870,xxx
26871,xxx
26872,xxx
26873,xxx
26874,xxx
26875,xxx
26876,xxx
26877,xxx
26878,xxx
26879,xxx
26880,xxx
26881,xxx
26882,xxx
26883,xxx
26884,xxx
26885,xxx
26886,xxx
26887,xxx
26888,xxx
26889,xxx
26890,xxx
26891,xxx
26892,xxx
26893,xxx
26894,xxx
26895,xxx
26896,xxx
26897,xxx
26898,xxx
26899,xxx
26900,xxx
26901,xxx
26902,xxx
26903,xxx
26904,xxx
26905,xxx
26906,xxx
26907,xxx
26908,xxx
26909,xxx
26910,xxx
26911,xxx
26912,xxx
26913,xxx
26914,xxx
26915,xxx
26916,xxx
26917,xxx
26918,xxx
26919,xxx
26920,xxx
26921,xxx
26922,xxx
26923,xxx
26924,xxx
26925,xxx
26926,xxx
26927,xxx
26928,xxx
26929,xxx
26930,xxx
26931,xxx
26932,xxx
26933,xxx
26934,xxx
26935,xxx
26936,xxx
26937,xxx
26938,xxx
26939,xxx
26940,xxx
26941,xxx
26942,xxx
26943,xxx
26944,xxx
26945,xxx
26946,xxx
26947,xxx
26948,xxx
26949,xxx
26950,xxx
26951,xxx
26952,xxx
26953,xxx
26954,xxx
26955,xxx
26956,xxx
26957,xxx
26958,xxx
26959,xxx
26960,xxx
26961,xxx
26962,xxx
26963,xxx
26964,xxx
26965,xxx
26966,xxx
26967,xxx
26968,xxx
26969,xxx
26970,xxx
26971,xxx
26972,xxx
26973,xxx
26974,xxx
26975,xxx
26976,xxx
26977,xxx
26978,xxx
26979,xxx
26980,xxx
26981,xxx
26982,xxx
26983,xxx
26984,xxx
26985,xxx
26986,xxx
26987,xxx
26988,xxx
26989,xxx
26990,xxx
26991,xxx
26992,xxx
26993,xxx
26994,xxx
26995,xxx
26996,xxx
26997,xxx
26998,xxx
26999,xxx
27000,xxx
27001,xxx
27002,xxx
27003,xxx
27004,xxx
27005,xxx
27006,xxx
27007,xxx
27008,xxx
27009,xxx
27010,xxx
27011,xxx
27012,xxx
27013,xxx
27014,xxx
27015,xxx
27016,xxx
27017,xxx
27018,xxx
27019,xxx
27020,xxx
27021,xxx
27022,xxx
27023,xxx
27024,xxx
27025,xxx
27026,xxx
27027,xxx
27028,xxx
27029,xxx
27030,xxx
27031,xxx
27032,xxx
27033,xxx
27034,xxx
27035,xxx
27036,xxx
27037,xxx
27038,xxx
27039,xxx
27040,xxx
27041,xxx
27042,xxx
27043,xxx
27044,xxx
27045,xxx
27046,xxx
27047,xxx
27048,xxx
27049,xxx
27050,xxx
27051,xxx
27052,xxx
27053,xxx
27054,xxx
27055,xxx
27056,xxx
27057,xxx
27058,xxx
27059,xxx
27060,xxx
27061,xxx
27062,xxx
27063,xxx
27064,xxx
27065,xxx
27066,xxx
27067,xxx
27068,xxx
27069,xxx
27070,xxx
27071,xxx
27072,xxx
27073,xxx
27074,xxx
27075,xxx
27076,xxx
27077,xxx
27078,xxx
27079,xxx
27080,xxx
27081,xxx
27082,xxx
27083,xxx
27084,xxx
27085,xxx
27086,xxx
27087,xxx
27088,xxx
27089,xxx
27090,xxx
27091,xxx
27092,xxx
27093,xxx
27094,xxx
27095,xxx
27096,xxx
27097,xxx
27098,xxx
27099,xxx
27100,xxx
27101,xxx
27102,xxx
27103,xxx
27104,xxx
27105,xxx
27106,xxx
27107,xxx
27108,xxx
27109,xxx
27110,xxx
27111,xxx
27112,xxx
27113,xxx
27114,xxx
27115,xxx
27116,xxx
27117,xxx
27118,xxx
27119,xxx
27120,xxx
27121,xxx
27122,xxx
27123,xxx
27124,xxx
27125,xxx
27126,xxx
27127,xxx
27128,xxx
27129,xxx
27130,xxx
27131,xxx
27132,xxx
27133,xxx
27134,xxx
27135,xxx
27136,xxx
27137,xxx
27138,xxx
27139,xxx
27140,xxx
27141,xxx
27142,xxx
27143,xxx
27144,xxx
27145,xxx
27146,xxx
27147,xxx
27148,xxx
27149,xxx
27150,xxx
27151,xxx
27152,xxx
27153,xxx
27154,xxx
27155,xxx
27156,xxx
27157,xxx
27158,xxx
27159,xxx
27160,xxx
27161,xxx
27162,xxx
27163,xxx
27164,xxx
27165,xxx
27166,xxx
27167,xxx
27168,xxx
27169,xxx
27170,xxx
27171,xxx
27172,xxx
27173,xxx
27174,xxx
27175,xxx
27176,xxx
27177,xxx
27178,xxx
27179,xxx
27180,xxx
27181,xxx
27182,xxx
27183,xxx
27184,xxx
27185,xxx
27186,xxx
27187,xxx
27188,xxx
27189,xxx
27190,xxx
27191,xxx
27192,xxx
27193,xxx
27194,xxx
27195,xxx
27196,xxx
27197,xxx
27198,xxx
27199,xxx
27200,xxx
27201,xxx
27202,xxx
27203,xxx
27204,xxx
27205,xxx
27206,xxx
27207,xxx
27208,xxx
27209,xxx
27210,xxx
27211,xxx
27212,xxx
27213,xxx
27214,xxx
27215,xxx
27216,xxx
27217,xxx
27218,xxx
27219,xxx
27220,xxx
27221,xxx
27222,xxx
27223,xxx
27224,xxx
27225,xxx
27226,xxx
27227,xxx
27228,xxx
27229,xxx
27230,xxx
27231,xxx
27232,xxx
27233,xxx
27234,xxx
27235,xxx
27236,xxx
27237,xxx
27238,xxx
27239,xxx
27240,xxx
27241,xxx
27242,xxx
27243,xxx
27244,xxx
27245,xxx
27246,xxx
27247,xxx
27248,xxx
27249,xxx
27250,xxx
27251,xxx
27252,xxx
27253,xxx
27254,xxx
27255,xxx
27256,xxx
27257,xxx
27258,xxx
27259,xxx
27260,xxx
27261,xxx
27262,xxx
27263,xxx
27264,xxx
27265,xxx
27266,xxx
27267,xxx
27268,xxx
27269,xxx
27270,xxx
27271,xxx
27272,xxx
27273,xxx
27274,xxx
27275,xxx
27276,xxx
27277,xxx
27278,xxx
27279,xxx
27280,xxx
27281,xxx
27282,xxx
27283,xxx
27284,xxx
27285,xxx
27286,xxx
27287,xxx
27288,xxx
27289,xxx
27290,xxx
27291,xxx
27292,xxx
27293,xxx
27294,xxx
27295,xxx
27296,xxx
27297,xxx
27298,xxx
27299,xxx
27300,xxx
27301,xxx
27302,xxx
27303,xxx
27304,xxx
27305,xxx
27306,xxx
27307,xxx
27308,xxx
27309,xxx
27310,xxx
27311,xxx
27312,xxx
27313,xxx
27314,xxx
27315,xxx
27316,xxx
27317,xxx
27318,xxx
27319,xxx
27320,xxx
27321,xxx
27322,xxx
27323,xxx
27324,xxx
27325,xxx
27326,xxx
27327,xxx
27328,xxx
27329,xxx
27330,xxx
27331,xxx
27332,xxx
27333,xxx
27334,xxx
27335,xxx
27336,xxx
27337,xxx
27338,xxx
27339,xxx
27340,xxx
27341,xxx
27342,xxx
27343,xxx
27344,xxx
27345,xxx
27346,xxx
27347,xxx
27348,xxx
27349,xxx
27350,xxx
27351,xxx
27352,xxx
27353,xxx
27354,xxx
27355,xxx
27356,xxx
27357,xxx
27358,xxx
27359,xxx
27360,xxx
27361,xxx
27362,xxx
27363,xxx
27364,xxx
27365,xxx
27366,xxx
27367,xxx
27368,xxx
27369,xxx
27370,xxx
27371,xxx
27372,xxx
27373,xxx
27374,xxx
27375,xxx
27376,xxx
27377,xxx
27378,xxx
27379,xxx
27380,xxx
27381,xxx
27382,xxx
27383,xxx
27384,xxx
27385,xxx
27386,xxx
27387,xxx
27388,xxx
27389,xxx
27390,xxx
27391,xxx
27392,xxx
27393,xxx
27394,xxx
27395,xxx
27396,xxx
27397,xxx
27398,xxx
27399,xxx
27400,xxx
27401,xxx
27402,xxx
27403,xxx
27404,xxx
27405,xxx
27406,xxx
27407,xxx
27408,xxx
27409,xxx
27410,xxx
27411,xxx
27412,xxx
27413,xxx
27414,xxx
27415,xxx
27416,xxx
27417,xxx
27418,xxx
27419,xxx
27420,xxx
27421,xxx
27422,xxx
27423,xxx
27424,xxx
27425,xxx
27426,xxx
27427,xxx
27428,xxx
27429,xxx
27430,xxx
27431,xxx
27432,xxx
27433,xxx
27434,xxx
27435,xxx
27436,xxx
27437,xxx
27438,xxx
27439,xxx
27440,xxx
27441,xxx
27442,xxx
27443,xxx
27444,xxx
27445,xxx
27446,xxx
27447,xxx
27448,xxx
27449,xxx
27450,xxx
27451,xxx
27452,xxx
27453,xxx
27454,xxx
27455,xxx
27456,xxx
27457,xxx
27458,xxx
27459,xxx
27460,xxx
27461,xxx
27462,xxx
27463,xxx
27464,xxx
27465,xxx
27466,xxx
27467,xxx
27468,xxx
27469,xxx
27470,xxx
27471,xxx
27472,xxx
27473,xxx
27474,xxx
27475,xxx
27476,xxx
27477,xxx
27478,xxx
27479,xxx
27480,xxx
27481,xxx
27482,xxx
27483,xxx
27484,xxx
27485,xxx
27486,xxx
27487,xxx
27488,xxx
27489,xxx
27490,xxx
27491,xxx
27492,xxx
27493,xxx
27494,xxx
27495,xxx
27496,xxx
27497,xxx
27498,xxx
27499,xxx
27500,xxx
27501,xxx
27502,xxx
27503,xxx
27504,xxx
27505,xxx
27506,xxx
27507,xxx
27508,xxx
27509,xxx
27510,xxx
27511,xxx
27512,xxx
27513,xxx
27514,xxx
27515,xxx
27516,xxx
27517,xxx
27518,xxx
27519,xxx
27520,xxx
27521,xxx
27522,xxx
27523,xxx
27524,xxx
27525,xxx
27526,xxx
27527,xxx
27528,xxx
27529,xxx
27530,xxx
27531,xxx
27532,xxx
27533,xxx
27534,xxx
27535,xxx
27536,xxx
27537,xxx
27538,xxx
27539,xxx
27540,xxx
27541,xxx
27542,xxx
27543,xxx
27544,xxx
27545,xxx
27546,xxx
27547,xxx
27548,xxx
27549,xxx
27550,xxx
27551,xxx
27552,xxx
27553,xxx
27554,xxx
27555,xxx
27556,xxx
27557,xxx
27558,xxx
27559,xxx
27560,xxx
27561,xxx
27562,xxx
27563,xxx
27564,xxx
27565,xxx
27566,xxx
27567,xxx
27568,xxx
27569,xxx
27570,xxx
27571,xxx
27572,xxx
27573,xxx
27574,xxx
27575,xxx
27576,xxx
27577,xxx
27578,xxx
27579,xxx
27580,xxx
27581,xxx
27582,xxx
27583,xxx
27584,xxx
27585,xxx
27586,xxx
27587,xxx
27588,xxx
27589,xxx
27590,xxx
27591,xxx
27592,xxx
27593,xxx
27594,xxx
27595,xxx
27596,xxx
27597,xxx
27598,xxx
27599,xxx
27600,xxx
27601,xxx
27602,xxx
27603,xxx
27604,xxx
27605,xxx
27606,xxx
27607,xxx
27608,xxx
27609,xxx
27610,xxx
27611,xxx
27612,xxx
27613,xxx
27614,xxx
27615,xxx
27616,xxx
27617,xxx
27618,xxx
27619,xxx
27620,xxx
27621,xxx
27622,xxx
27623,xxx
27624,xxx
27625,xxx
27626,xxx
27627,xxx
27628,xxx
27629,xxx
27630,xxx
27631,xxx
27632,xxx
27633,xxx
27634,xxx
27635,xxx
27636,xxx
27637,xxx
27638,xxx
27639,xxx
27640,xxx
27641,xxx
27642,xxx
27643,xxx
27644,xxx
27645,xxx
27646,xxx
27647,xxx
27648,xxx
27649,xxx
27650,xxx
27651,xxx
27652,xxx
27653,xxx
27654,xxx
27655,xxx
27656,xxx
27657,xxx
27658,xxx
27659,xxx
27660,xxx
27661,xxx
27662,xxx
27663,xxx
27664,xxx
27665,xxx
27666,xxx
27667,xxx
27668,xxx
27669,xxx
27670,xxx
27671,xxx
27672,xxx
27673,xxx
27674,xxx
27675,xxx
27676,xxx
27677,xxx
27678,xxx
27679,xxx
27680,xxx
27681,xxx
27682,xxx
27683,xxx
27684,xxx
27685,xxx
27686,xxx
27687,xxx
27688,xxx
27689,xxx
27690,xxx
27691,xxx
27692,xxx
27693,xxx
27694,xxx
27695,xxx
27696,xxx
27697,xxx
27698,xxx
27699,xxx
27700,xxx
27701,xxx
27702,xxx
27703,xxx
27704,xxx
27705,xxx
27706,xxx
27707,xxx
27708,xxx
27709,xxx
27710,xxx
27711,xxx
27712,xxx
27713,xxx
27714,xxx
27715,xxx
27716,xxx
27717,xxx
27718,xxx
27719,xxx
27720,xxx
27721,xxx
27722,xxx
27723,xxx
27724,xxx
27725,xxx
27726,xxx
27727,xxx
27728,xxx
27729,xxx
27730,xxx
27731,xxx
27732,xxx
27733,xxx
27734,xxx
27735,xxx
27736,xxx
27737,xxx
27738,xxx
27739,xxx
27740,xxx
27741,xxx
27742,xxx
27743,xxx
27744,xxx
27745,xxx
27746,xxx
27747,xxx
27748,xxx
27749,xxx
27750,xxx
27751,xxx
27752,xxx
27753,xxx
27754,xxx
27755,xxx
27756,xxx
27757,xxx
27758,xxx
27759,xxx
27760,xxx
27761,xxx
27762,xxx
27763,xxx
27764,xxx
27765,xxx
27766,xxx
27767,xxx
27768,xxx
27769,xxx
27770,xxx
27771,xxx
27772,xxx
27773,xxx
27774,xxx
27775,xxx
27776,xxx
27777,xxx
27778,xxx
27779,xxx
27780,xxx
27781,xxx
27782,xxx
27783,xxx
27784,xxx
27785,xxx
27786,xxx
27787,xxx
27788,xxx
27789,xxx
27790,xxx
27791,xxx
27792,xxx
27793,xxx
27794,xxx
27795,xxx
27796,xxx
27797,xxx
27798,xxx
27799,xxx
27800,xxx
27801,xxx
27802,xxx
27803,xxx
27804,xxx
27805,xxx
27806,xxx
27807,xxx
27808,xxx
27809,xxx
27810,xxx
27811,xxx
27812,xxx
27813,xxx
27814,xxx
27815,xxx
27816,xxx
27817,xxx
27818,xxx
27819,xxx
27820,xxx
27821,xxx
27822,xxx
27823,xxx
27824,xxx
27825,xxx
27826,xxx
27827,xxx
27828,xxx
27829,xxx
27830,xxx
27831,xxx
27832,xxx
27833,xxx
27834,xxx
27835,xxx
27836,xxx
27837,xxx
27838,xxx
27839,xxx
27840,xxx
27841,xxx
27842,xxx
27843,xxx
27844,xxx
27845,xxx
27846,xxx
27847,xxx
27848,xxx
27849,xxx
27850,xxx
27851,xxx
27852,xxx
27853,xxx
27854,xxx
27855,xxx
27856,xxx
27857,xxx
27858,xxx
27859,xxx
27860,xxx
27861,xxx
27862,xxx
27863,xxx
27864,xxx
27865,xxx
27866,xxx
27867,xxx
27868,xxx
27869,xxx
27870,xxx
27871,xxx
27872,xxx
27873,xxx
27874,xxx
27875,xxx
27876,xxx
27877,xxx
27878,xxx
27879,xxx
27880,xxx
27881,xxx
27882,xxx
27883,xxx
27884,xxx
27885,xxx
27886,xxx
27887,xxx
27888,xxx
27889,xxx
27890,xxx
27891,xxx
27892,xxx
27893,xxx
27894,xxx
27895,xxx
27896,xxx
27897,xxx
27898,xxx
27899,xxx
27900,xxx
27901,xxx
27902,xxx
27903,xxx
27904,xxx
27905,xxx
27906,xxx
27907,xxx
27908,xxx
27909,xxx
27910,xxx
27911,xxx
27912,xxx
27913,xxx
27914,xxx
27915,xxx
27916,xxx
27917,xxx
27918,xxx
27919,xxx
27920,xxx
27921,xxx
27922,xxx
27923,xxx
27924,xxx
27925,xxx
27926,xxx
27927,xxx
27928,xxx
27929,xxx
27930,xxx
27931,xxx
27932,xxx
27933,xxx
27934,xxx
27935,xxx
27936,xxx
27937,xxx
27938,xxx
27939,xxx
27940,xxx
27941,xxx
27942,xxx
27943,xxx
27944,xxx
27945,xxx
27946,xxx
27947,xxx
27948,xxx
27949,xxx
27950,xxx
27951,xxx
27952,xxx
27953,xxx
27954,xxx
27955,xxx
27956,xxx
27957,xxx
27958,xxx
27959,xxx
27960,xxx
27961,xxx
27962,xxx
27963,xxx
27964,xxx
27965,xxx
27966,xxx
27967,xxx
27968,xxx
27969,xxx
27970,xxx
27971,xxx
27972,xxx
27973,xxx
27974,xxx
27975,xxx
27976,xxx
27977,xxx
27978,xxx
27979,xxx
27980,xxx
27981,xxx
27982,xxx
27983,xxx
27984,xxx
27985,xxx
27986,xxx
27987,xxx
27988,xxx
27989,xxx
27990,xxx
27991,xxx
27992,xxx
27993,xxx
27994,xxx
27995,xxx
27996,xxx
27997,xxx
27998,xxx
27999,xxx
28000,xxx
28001,xxx
28002,xxx
28003,xxx
28004,xxx
28005,xxx
28006,xxx
28007,xxx
28008,xxx
28009,xxx
28010,xxx
28011,xxx
28012,xxx
28013,xxx
28014,xxx
28015,xxx
28016,xxx
28017,xxx
28018,xxx
28019,xxx
28020,xxx
28021,xxx
28022,xxx
28023,xxx
28024,xxx
28025,xxx
28026,xxx
28027,xxx
28028,xxx
28029,xxx
28030,xxx
28031,xxx
28032,xxx
28033,xxx
28034,xxx
28035,xxx
28036,xxx
28037,xxx
28038,xxx
28039,xxx
28040,xxx
28041,xxx
28042,xxx
28043,xxx
28044,xxx
28045,xxx
28046,xxx
28047,xxx
28048,xxx
28049,xxx
28050,xxx
28051,xxx
28052,xxx
28053,xxx
28054,xxx
28055,xxx
28056,xxx
28057,xxx
28058,xxx
28059,xxx
28060,xxx
28061,xxx
28062,xxx
28063,xxx
28064,xxx
28065,xxx
28066,xxx
28067,xxx
28068,xxx
28069,xxx
28070,xxx
28071,xxx
28072,xxx
28073,xxx
28074,xxx
28075,xxx
28076,xxx
28077,xxx
28078,xxx
28079,xxx
28080,xxx
28081,xxx
28082,xxx
28083,xxx
28084,xxx
28085,xxx
28086,xxx
28087,xxx
28088,xxx
28089,xxx
28090,xxx
28091,xxx
28092,xxx
28093,xxx
28094,xxx
28095,xxx
28096,xxx
28097,xxx
28098,xxx
28099,xxx
28100,xxx
28101,xxx
28102,xxx
28103,xxx
28104,xxx
28105,xxx
28106,xxx
28107,xxx
28108,xxx
28109,xxx
28110,xxx
28111,xxx
28112,xxx
28113,xxx
28114,xxx
28115,xxx
28116,xxx
28117,xxx
28118,xxx
28119,xxx
28120,xxx
28121,xxx
28122,xxx
28123,xxx
28124,xxx
28125,xxx
28126,xxx
28127,xxx
28128,xxx
28129,xxx
28130,xxx
28131,xxx
28132,xxx
28133,xxx
28134,xxx
28135,xxx
28136,xxx
28137,xxx
28138,xxx
28139,xxx
28140,xxx
28141,xxx
28142,xxx
28143,xxx
28144,xxx
28145,xxx
28146,xxx
28147,xxx
28148,xxx
28149,xxx
28150,xxx
28151,xxx
28152,xxx
28153,xxx
28154,xxx
28155,xxx
28156,xxx
28157,xxx
28158,xxx
28159,xxx
28160,xxx
28161,xxx
28162,xxx
28163,xxx
28164,xxx
28165,xxx
28166,xxx
28167,xxx
28168,xxx
28169,xxx
28170,xxx
28171,xxx
28172,xxx
28173,xxx
28174,xxx
28175,xxx
28176,xxx
28177,xxx
28178,xxx
28179,xxx
28180,xxx
28181,xxx
28182,xxx
28183,xxx
28184,xxx
28185,xxx
28186,xxx
28187,xxx
28188,xxx
28189,xxx
28190,xxx
28191,xxx
28192,xxx
28193,xxx
28194,xxx
28195,xxx
28196,xxx
28197,xxx
28198,xxx
28199,xxx
28200,xxx
28201,xxx
28202,xxx
28203,xxx
28204,xxx
28205,xxx
28206,xxx
28207,xxx
28208,xxx
28209,xxx
28210,xxx
28211,xxx
28212,xxx
28213,xxx
28214,xxx
28215,xxx
28216,xxx
28217,xxx
28218,xxx
28219,xxx
28220,xxx
28221,xxx
28222,xxx
28223,xxx
28224,xxx
28225,xxx
28226,xxx
28227,xxx
28228,xxx
28229,xxx
28230,xxx
28231,xxx
28232,xxx
28233,xxx
28234,xxx
28235,xxx
28236,xxx
28237,xxx
28238,xxx
28239,xxx
28240,xxx
28241,xxx
28242,xxx
28243,xxx
28244,xxx
28245,xxx
28246,xxx
28247,xxx
28248,xxx
28249,xxx
28250,xxx
28251,xxx
28252,xxx
28253,xxx
28254,xxx
28255,xxx
28256,xxx
28257,xxx
28258,xxx
28259,xxx
28260,xxx
28261,xxx
28262,xxx
28263,xxx
28264,xxx
28265,xxx
28266,xxx
28267,xxx
28268,xxx
28269,xxx
28270,xxx
28271,xxx
28272,xxx
28273,xxx
28274,xxx
28275,xxx
28276,xxx
28277,xxx
28278,xxx
28279,xxx
28280,xxx
28281,xxx
28282,xxx
28283,xxx
28284,xxx
28285,xxx
28286,xxx
28287,xxx
28288,xxx
28289,xxx
28290,xxx
28291,xxx
28292,xxx
28293,xxx
28294,xxx
28295,xxx
28296,xxx
28297,xxx
28298,xxx
28299,xxx
28300,xxx
28301,xxx
28302,xxx
28303,xxx
28304,xxx
28305,xxx
28306,xxx
28307,xxx
28308,xxx
28309,xxx
28310,xxx
28311,xxx
28312,xxx
28313,xxx
28314,xxx
28315,xxx
28316,xxx
28317,xxx
28318,xxx
28319,xxx
28320,xxx
28321,xxx
28322,xxx
28323,xxx
28324,xxx
28325,xxx
28326,xxx
28327,xxx
28328,xxx
28329,xxx
28330,xxx
28331,xxx
28332,xxx
28333,xxx
28334,xxx
28335,xxx
28336,xxx
28337,xxx
28338,xxx
28339,xxx
28340,xxx
28341,xxx
28342,xxx
28343,xxx
28344,xxx
28345,xxx
28346,xxx
28347,xxx
28348,xxx
28349,xxx
28350,xxx
28351,xxx
28352,xxx
28353,xxx
28354,xxx
28355,xxx
28356,xxx
28357,xxx
28358,xxx
28359,xxx
28360,xxx
28361,xxx
28362,xxx
28363,xxx
28364,xxx
28365,xxx
28366,xxx
28367,xxx
28368,xxx
28369,xxx
28370,xxx
28371,xxx
28372,xxx
28373,xxx
28374,xxx
28375,xxx
28376,xxx
28377,xxx
28378,xxx
28379,xxx
28380,xxx
28381,xxx
28382,xxx
28383,xxx
28384,xxx
28385,xxx
28386,xxx
28387,xxx
28388,xxx
28389,xxx
28390,xxx
28391,xxx
28392,xxx
28393,xxx
28394,xxx
28395,xxx
28396,xxx
28397,xxx
28398,xxx
28399,xxx
28400,xxx
28401,xxx
28402,xxx
28403,xxx
28404,xxx
28405,xxx
28406,xxx
28407,xxx
28408,xxx
28409,xxx
28410,xxx
28411,xxx
28412,xxx
28413,xxx
28414,xxx
28415,xxx
28416,xxx
28417,xxx
28418,xxx
28419,xxx
28420,xxx
28421,xxx
28422,xxx
28423,xxx
28424,xxx
28425,xxx
28426,xxx
28427,xxx
28428,xxx
28429,xxx
28430,xxx
28431,xxx
28432,xxx
28433,xxx
28434,xxx
28435,xxx
28436,xxx
28437,xxx
28438,xxx
28439,xxx
28440,xxx
28441,xxx
28442,xxx
28443,xxx
28444,xxx
28445,xxx
28446,xxx
28447,xxx
28448,xxx
28449,xxx
28450,xxx
28451,xxx
28452,xxx
28453,xxx
28454,xxx
28455,xxx
28456,xxx
28457,xxx
28458,xxx
28459,xxx
28460,xxx
28461,xxx
28462,xxx
28463,xxx
28464,xxx
28465,xxx
28466,xxx
28467,xxx
28468,xxx
28469,xxx
28470,xxx
28471,xxx
28472,xxx
28473,xxx
28474,xxx
28475,xxx
28476,xxx
28477,xxx
28478,xxx
28479,xxx
28480,xxx
28481,xxx
28482,xxx
28483,xxx
28484,xxx
28485,xxx
28486,xxx
28487,xxx
28488,xxx
28489,xxx
28490,xxx
28491,xxx
28492,xxx
28493,xxx
28494,xxx
28495,xxx
28496,xxx
28497,xxx
28498,xxx
28499,xxx
28500,xxx
28501,xxx
28502,xxx
28503,xxx
28504,xxx
28505,xxx
28506,xxx
28507,xxx
28508,xxx
28509,xxx
28510,xxx
28511,xxx
28512,xxx
28513,xxx
28514,xxx
28515,xxx
28516,xxx
28517,xxx
28518,xxx
28519,xxx
28520,xxx
28521,xxx
28522,xxx
28523,xxx
28524,xxx
28525,xxx
28526,xxx
28527,xxx
28528,xxx
28529,xxx
28530,xxx
28531,xxx
28532,xxx
28533,xxx
28534,xxx
28535,xxx
28536,xxx
28537,xxx
28538,xxx
28539,xxx
28540,xxx
28541,xxx
28542,xxx
28543,xxx
28544,xxx
28545,xxx
28546,xxx
28547,xxx
28548,xxx
28549,xxx
28550,xxx
28551,xxx
28552,xxx
28553,xxx
28554,xxx
28555,xxx
28556,xxx
28557,xxx
28558,xxx
28559,xxx
28560,xxx
28561,xxx
28562,xxx
28563,xxx
28564,xxx
28565,xxx
28566,xxx
28567,xxx
28568,xxx
28569,xxx
28570,xxx
28571,xxx
28572,xxx
28573,xxx
28574,xxx
28575,xxx
28576,xxx
28577,xxx
28578,xxx
28579,xxx
28580,xxx
28581,xxx
28582,xxx
28583,xxx
28584,xxx
28585,xxx
28586,xxx
28587,xxx
28588,xxx
28589,xxx
28590,xxx
28591,xxx
28592,xxx
28593,xxx
28594,xxx
28595,xxx
28596,xxx
28597,xxx
28598,xxx
28599,xxx
28600,xxx
28601,xxx
28602,xxx
28603,xxx
28604,xxx
28605,xxx
28606,xxx
28607,xxx
28608,xxx
28609,xxx
28610,xxx
28611,xxx
28612,xxx
28613,xxx
28614,xxx
28615,xxx
28616,xxx
28617,xxx
28618,xxx
28619,xxx
28620,xxx
28621,xxx
28622,xxx
28623,xxx
28624,xxx
28625,xxx
28626,xxx
28627,xxx
28628,xxx
28629,xxx
28630,xxx
28631,xxx
28632,xxx
28633,xxx
28634,xxx
28635,xxx
28636,xxx
28637,xxx
28638,xxx
28639,xxx
28640,xxx
28641,xxx
28642,xxx
28643,xxx
28644,xxx
28645,xxx
28646,xxx
28647,xxx
28648,xxx
28649,xxx
28650,xxx
28651,xxx
28652,xxx
28653,xxx
28654,xxx
28655,xxx
28656,xxx
28657,xxx
28658,xxx
28659,xxx
28660,xxx
28661,xxx
28662,xxx
28663,xxx
28664,xxx
28665,xxx
28666,xxx
28667,xxx
28668,xxx
28669,xxx
28670,xxx
28671,xxx
28672,xxx
28673,xxx
28674,xxx
28675,xxx
28676,xxx
28677,xxx
28678,xxx
28679,xxx
28680,xxx
28681,xxx
28682,xxx
28683,xxx
28684,xxx
28685,xxx
28686,xxx
28687,xxx
28688,xxx
28689,xxx
28690,xxx
28691,xxx
28692,xxx
28693,xxx
28694,xxx
28695,xxx
28696,xxx
28697,xxx
28698,xxx
28699,xxx
28700,xxx
28701,xxx
28702,xxx
28703,xxx
28704,xxx
28705,xxx
28706,xxx
28707,xxx
28708,xxx
28709,xxx
28710,xxx
28711,xxx
28712,xxx
28713,xxx
28714,xxx
28715,xxx
28716,xxx
28717,xxx
28718,xxx
28719,xxx
28720,xxx
28721,xxx
28722,xxx
28723,xxx
28724,xxx
28725,xxx
28726,xxx
28727,xxx
28728,xxx
28729,xxx
28730,xxx
28731,xxx
28732,xxx
28733,xxx
28734,xxx
28735,xxx
28736,xxx
28737,xxx
28738,xxx
28739,xxx
28740,xxx
28741,xxx
28742,xxx
28743,xxx
28744,xxx
28745,xxx
28746,xxx
28747,xxx
28748,xxx
28749,xxx
28750,xxx
28751,xxx
28752,xxx
28753,xxx
28754,xxx
28755,xxx
28756,xxx
28757,xxx
28758,xxx
28759,xxx
28760,xxx
28761,xxx
28762,xxx
28763,xxx
28764,xxx
28765,xxx
28766,xxx
28767,xxx
28768,xxx
28769,xxx
28770,xxx
28771,xxx
28772,xxx
28773,xxx
28774,xxx
28775,xxx
28776,xxx
28777,xxx
28778,xxx
28779,xxx
28780,xxx
28781,xxx
28782,xxx
28783,xxx
28784,xxx
28785,xxx
28786,xxx
28787,xxx
28788,xxx
28789,xxx
28790,xxx
28791,xxx
28792,xxx
28793,xxx
28794,xxx
28795,xxx
28796,xxx
28797,xxx
28798,xxx
28799,xxx
28800,xxx
28801,xxx
28802,xxx
28803,xxx
28804,xxx
28805,xxx
28806,xxx
28807,xxx
28808,xxx
28809,xxx
28810,xxx
28811,xxx
28812,xxx
28813,xxx
28814,xxx
28815,xxx
28816,xxx
28817,xxx
28818,xxx
28819,xxx
28820,xxx
28821,xxx
28822,xxx
28823,xxx
28824,xxx
28825,xxx
28826,xxx
28827,xxx
28828,xxx
28829,xxx
28830,xxx
28831,xxx
28832,xxx
28833,xxx
28834,xxx
28835,xxx
28836,xxx
28837,xxx
28838,xxx
28839,xxx
28840,xxx
28841,xxx
28842,xxx
28843,xxx
28844,xxx
28845,xxx
28846,xxx
28847,xxx
28848,xxx
28849,xxx
28850,xxx
28851,xxx
28852,xxx
28853,xxx
28854,xxx
28855,xxx
28856,xxx
28857,xxx
28858,xxx
28859,xxx
28860,xxx
28861,xxx
28862,xxx
28863,xxx
28864,xxx
28865,xxx
28866,xxx
28867,xxx
28868,xxx
28869,xxx
28870,xxx
28871,xxx
28872,xxx
28873,xxx
28874,xxx
28875,xxx
28876,xxx
28877,xxx
28878,xxx
28879,xxx
28880,xxx
28881,xxx
28882,xxx
28883,xxx
28884,xxx
28885,xxx
28886,xxx
28887,xxx
28888,xxx
28889,xxx
28890,xxx
28891,xxx
28892,xxx
28893,xxx
28894,xxx
28895,xxx
28896,xxx
28897,xxx
28898,xxx
28899,xxx
28900,xxx
28901,xxx
28902,xxx
28903,xxx
28904,xxx
28905,xxx
28906,xxx
28907,xxx
28908,xxx
28909,xxx
28910,xxx
28911,xxx
28912,xxx
28913,xxx
28914,xxx
28915,xxx
28916,xxx
28917,xxx
28918,xxx
28919,xxx
28920,xxx
28921,xxx
28922,xxx
28923,xxx
28924,xxx
28925,xxx
28926,xxx
28927,xxx
28928,xxx
28929,xxx
28930,xxx
28931,xxx
28932,xxx
28933,xxx
28934,xxx
28935,xxx
28936,xxx
28937,xxx
28938,xxx
28939,xxx
28940,xxx
28941,xxx
28942,xxx
28943,xxx
28944,xxx
28945,xxx
28946,xxx
28947,xxx
28948,xxx
28949,xxx
28950,xxx
28951,xxx
28952,xxx
28953,xxx
28954,xxx
28955,xxx
28956,xxx
28957,xxx
28958,xxx
28959,xxx
28960,xxx
28961,xxx
28962,xxx
28963,xxx
28964,xxx
28965,xxx
28966,xxx
28967,xxx
28968,xxx
28969,xxx
28970,xxx
28971,xxx
28972,xxx
28973,xxx
28974,xxx
28975,xxx
28976,xxx
28977,xxx
28978,xxx
28979,xxx
28980,xxx
28981,xxx
28982,xxx
28983,xxx
28984,xxx
28985,xxx
28986,xxx
28987,xxx
28988,xxx
28989,xxx
28990,xxx
28991,xxx
28992,xxx
28993,xxx
28994,xxx
28995,xxx
28996,xxx
28997,xxx
28998,xxx
28999,xxx
29000,xxx
29001,xxx
29002,xxx
29003,xxx
29004,xxx
29005,xxx
29006,xxx
29007,xxx
29008,xxx
29009,xxx
29010,xxx
29011,xxx
29012,xxx
29013,xxx
29014,xxx
29015,xxx
29016,xxx
29017,xxx
29018,xxx
29019,xxx
29020,xxx
29021,xxx
29022,xxx
29023,xxx
29024,xxx
29025,xxx
29026,xxx
29027,xxx
29028,xxx
29029,xxx
29030,xxx
29031,xxx
29032,xxx
29033,xxx
29034,xxx
29035,xxx
29036,xxx
29037,xxx
29038,xxx
29039,xxx
29040,xxx
29041,xxx
29042,xxx
29043,xxx
29044,xxx
29045,xxx
29046,xxx
29047,xxx
29048,xxx
29049,xxx
29050,xxx
29051,xxx
29052,xxx
29053,xxx
29054,xxx
29055,xxx
29056,xxx
29057,xxx
29058,xxx
29059,xxx
29060,xxx
29061,xxx
29062,xxx
29063,xxx
29064,xxx
29065,xxx
29066,xxx
29067,xxx
29068,xxx
29069,xxx
29070,xxx
29071,xxx
29072,xxx
29073,xxx
29074,xxx
29075,xxx
29076,xxx
29077,xxx
29078,xxx
29079,xxx
29080,xxx
29081,xxx
29082,xxx
29083,xxx
29084,xxx
29085,xxx
29086,xxx
29087,xxx
29088,xxx
29089,xxx
29090,xxx
29091,xxx
29092,xxx
29093,xxx
29094,xxx
29095,xxx
29096,xxx
29097,xxx
29098,xxx
29099,xxx
29100,xxx
29101,xxx
29102,xxx
29103,xxx
29104,xxx
29105,xxx
29106,xxx
29107,xxx
29108,xxx
29109,xxx
29110,xxx
29111,xxx
29112,xxx
29113,xxx
29114,xxx
29115,xxx
29116,xxx
29117,xxx
29118,xxx
29119,xxx
29120,xxx
29121,xxx
29122,xxx
29123,xxx
29124,xxx
29125,xxx
29126,xxx
29127,xxx
29128,xxx
29129,xxx
29130,xxx
29131,xxx
29132,xxx
29133,xxx
29134,xxx
29135,xxx
29136,xxx
29137,xxx
29138,xxx
29139,xxx
29140,xxx
29141,xxx
29142,xxx
29143,xxx
29144,xxx
29145,xxx
29146,xxx
29147,xxx
29148,xxx
29149,xxx
29150,xxx
29151,xxx
29152,xxx
29153,xxx
29154,xxx
29155,xxx
29156,xxx
29157,xxx
29158,xxx
29159,xxx
29160,xxx
29161,xxx
29162,xxx
29163,xxx
29164,xxx
29165,xxx
29166,xxx
29167,xxx
29168,xxx
29169,xxx
29170,xxx
29171,xxx
29172,xxx
29173,xxx
29174,xxx
29175,xxx
29176,xxx
29177,xxx
29178,xxx
29179,xxx
29180,xxx
29181,xxx
29182,xxx
29183,xxx
29184,xxx
29185,xxx
29186,xxx
29187,xxx
29188,xxx
29189,xxx
29190,xxx
29191,xxx
29192,xxx
29193,xxx
29194,xxx
29195,xxx
29196,xxx
29197,xxx
29198,xxx
29199,xxx
29200,xxx
29201,xxx
29202,xxx
29203,xxx
29204,xxx
29205,xxx
29206,xxx
29207,xxx
29208,xxx
29209,xxx
29210,xxx
29211,xxx
29212,xxx
29213,xxx
29214,xxx
29215,xxx
29216,xxx
29217,xxx
29218,xxx
29219,xxx
29220,xxx
29221,xxx
29222,xxx
29223,xxx
29224,xxx
29225,xxx
29226,xxx
29227,xxx
29228,xxx
29229,xxx
29230,xxx
29231,xxx
29232,xxx
29233,xxx
29234,xxx
29235,xxx
29236,xxx
29237,xxx
29238,xxx
29239,xxx
29240,xxx
29241,xxx
29242,xxx
29243,xxx
29244,xxx
29245,xxx
29246,xxx
29247,xxx
29248,xxx
29249,xxx
29250,xxx
29251,xxx
29252,xxx
29253,xxx
29254,xxx
29255,xxx
29256,xxx
29257,xxx
29258,xxx
29259,xxx
29260,xxx
29261,xxx
29262,xxx
29263,xxx
29264,xxx
29265,xxx
29266,xxx
29267,xxx
29268,xxx
29269,xxx
29270,xxx
29271,xxx
29272,xxx
29273,xxx
29274,xxx
29275,xxx
29276,xxx
29277,xxx
29278,xxx
29279,xxx
29280,xxx
29281,xxx
29282,xxx
29283,xxx
29284,xxx
29285,xxx
29286,xxx
29287,xxx
29288,xxx
29289,xxx
29290,xxx
29291,xxx
29292,xxx
29293,xxx
29294,xxx
29295,xxx
29296,xxx
29297,xxx
29298,xxx
29299,xxx
29300,xxx
29301,xxx
29302,xxx
29303,xxx
29304,xxx
29305,xxx
29306,xxx
29307,xxx
29308,xxx
29309,xxx
29310,xxx
29311,xxx
29312,xxx
29313,xxx
29314,xxx
29315,xxx
29316,xxx
29317,xxx
29318,xxx
29319,xxx
29320,xxx
29321,xxx
29322,xxx
29323,xxx
29324,xxx
29325,xxx
29326,xxx
29327,xxx
29328,xxx
29329,xxx
29330,xxx
29331,xxx
29332,xxx
29333,xxx
29334,xxx
29335,xxx
29336,xxx
29337,xxx
29338,xxx
29339,xxx
29340,xxx
29341,xxx
29342,xxx
29343,xxx
29344,xxx
29345,xxx
29346,xxx
29347,xxx
29348,xxx
29349,xxx
29350,xxx
29351,xxx
29352,xxx
29353,xxx
29354,xxx
29355,xxx
29356,xxx
29357,xxx
29358,xxx
29359,xxx
29360,xxx
29361,xxx
29362,xxx
29363,xxx
29364,xxx
29365,xxx
29366,xxx
29367,xxx
29368,xxx
29369,xxx
29370,xxx
29371,xxx
29372,xxx
29373,xxx
29374,xxx
29375,xxx
29376,xxx
29377,xxx
29378,xxx
29379,xxx
29380,xxx
29381,xxx
29382,xxx
29383,xxx
29384,xxx
29385,xxx
29386,xxx
29387,xxx
29388,xxx
29389,xxx
29390,xxx
29391,xxx
29392,xxx
29393,xxx
29394,xxx
29395,xxx
29396,xxx
29397,xxx
29398,xxx
29399,xxx
29400,xxx
29401,xxx
29402,xxx
29403,xxx
29404,xxx
29405,xxx
29406,xxx
29407,xxx
29408,xxx
29409,xxx
29410,xxx
29411,xxx
29412,xxx
29413,xxx
29414,xxx
29415,xxx
29416,xxx
29417,xxx
29418,xxx
29419,xxx
29420,xxx
29421,xxx
29422,xxx
29423,xxx
29424,xxx
29425,xxx
29426,xxx
29427,xxx
29428,xxx
29429,xxx
29430,xxx
29431,xxx
29432,xxx
29433,xxx
29434,xxx
29435,xxx
29436,xxx
29437,xxx
29438,xxx
29439,xxx
29440,xxx
29441,xxx
29442,xxx
29443,xxx
29444,xxx
29445,xxx
29446,xxx
29447,xxx
29448,xxx
29449,xxx
29450,xxx
29451,xxx
29452,xxx
29453,xxx
29454,xxx
29455,xxx
29456,xxx
29457,xxx
29458,xxx
29459,xxx
29460,xxx
29461,xxx
29462,xxx
29463,xxx
29464,xxx
29465,xxx
29466,xxx
29467,xxx
29468,xxx
29469,xxx
29470,xxx
29471,xxx
29472,xxx
29473,xxx
29474,xxx
29475,xxx
29476,xxx
29477,xxx
29478,xxx
29479,xxx
29480,xxx
29481,xxx
29482,xxx
29483,xxx
29484,xxx
29485,xxx
29486,xxx
29487,xxx
29488,xxx
29489,xxx
29490,xxx
29491,xxx
29492,xxx
29493,xxx
29494,xxx
29495,xxx
29496,xxx
29497,xxx
29498,xxx
29499,xxx
29500,xxx
29501,xxx
29502,xxx
29503,xxx
29504,xxx
29505,xxx
29506,xxx
29507,xxx
29508,xxx
29509,xxx
29510,xxx
29511,xxx
29512,xxx
29513,xxx
29514,xxx
29515,xxx
29516,xxx
29517,xxx
29518,xxx
29519,xxx
29520,xxx
29521,xxx
29522,xxx
29523,xxx
29524,xxx
29525,xxx
29526,xxx
29527,xxx
29528,xxx
29529,xxx
29530,xxx
29531,xxx
29532,xxx
29533,xxx
29534,xxx
29535,xxx
29536,xxx
29537,xxx
29538,xxx
29539,xxx
29540,xxx
29541,xxx
29542,xxx
29543,xxx
29544,xxx
29545,xxx
29546,xxx
29547,xxx
29548,xxx
29549,xxx
29550,xxx
29551,xxx
29552,xxx
29553,xxx
29554,xxx
29555,xxx
29556,xxx
29557,xxx
29558,xxx
29559,xxx
29560,xxx
29561,xxx
29562,xxx
29563,xxx
29564,xxx
29565,xxx
29566,xxx
29567,xxx
29568,xxx
29569,xxx
29570,xxx
29571,xxx
29572,xxx
29573,xxx
29574,xxx
29575,xxx
29576,xxx
29577,xxx
29578,xxx
29579,xxx
29580,xxx
29581,xxx
29582,xxx
29583,xxx
29584,xxx
29585,xxx
29586,xxx
29587,xxx
29588,xxx
29589,xxx
29590,xxx
29591,xxx
29592,xxx
29593,xxx
29594,xxx
29595,xxx
29596,xxx
29597,xxx
29598,xxx
29599,xxx
29600,xxx
29601,xxx
29602,xxx
29603,xxx
29604,xxx
29605,xxx
29606,xxx
29607,xxx
29608,xxx
29609,xxx
29610,xxx
29611,xxx
29612,xxx
29613,xxx
29614,xxx
29615,xxx
29616,xxx
29617,xxx
29618,xxx
29619,xxx
29620,xxx
29621,xxx
29622,xxx
29623,xxx
29624,xxx
29625,xxx
29626,xxx
29627,xxx
29628,xxx
29629,xxx
29630,xxx
29631,xxx
29632,xxx
29633,xxx
29634,xxx
29635,xxx
29636,xxx
29637,xxx
29638,xxx
29639,xxx
29640,xxx
29641,xxx
29642,xxx
29643,xxx
29644,xxx
29645,xxx
29646,xxx
29647,xxx
29648,xxx
29649,xxx
29650,xxx
29651,xxx
29652,xxx
29653,xxx
29654,xxx
29655,xxx
29656,xxx
29657,xxx
29658,xxx
29659,xxx
29660,xxx
29661,xxx
29662,xxx
29663,xxx
29664,xxx
29665,xxx
29666,xxx
29667,xxx
29668,xxx
29669,xxx
29670,xxx
29671,xxx
29672,xxx
29673,xxx
29674,xxx
29675,xxx
29676,xxx
29677,xxx
29678,xxx
29679,xxx
29680,xxx
29681,xxx
29682,xxx
29683,xxx
29684,xxx
29685,xxx
29686,xxx
29687,xxx
29688,xxx
29689,xxx
29690,xxx
29691,xxx
29692,xxx
29693,xxx
29694,xxx
29695,xxx
29696,xxx
29697,xxx
29698,xxx
29699,xxx
29700,xxx
29701,xxx
29702,xxx
29703,xxx
29704,xxx
29705,xxx
29706,xxx
29707,xxx
29708,xxx
29709,xxx
29710,xxx
29711,xxx
29712,xxx
29713,xxx
29714,xxx
29715,xxx
29716,xxx
29717,xxx
29718,xxx
29719,xxx
29720,xxx
29721,xxx
29722,xxx
29723,xxx
29724,xxx
29725,xxx
29726,xxx
29727,xxx
29728,xxx
29729,xxx
29730,xxx
29731,xxx
29732,xxx
29733,xxx
29734,xxx
29735,xxx
29736,xxx
29737,xxx
29738,xxx
29739,xxx
29740,xxx
29741,xxx
29742,xxx
29743,xxx
29744,xxx
29745,xxx
29746,xxx
29747,xxx
29748,xxx
29749,xxx
29750,xxx
29751,xxx
29752,xxx
29753,xxx
29754,xxx
29755,xxx
29756,xxx
29757,xxx
29758,xxx
29759,xxx
29760,xxx
29761,xxx
29762,xxx
29763,xxx
29764,xxx
29765,xxx
29766,xxx
29767,xxx
29768,xxx
29769,xxx
29770,xxx
29771,xxx
29772,xxx
29773,xxx
29774,xxx
29775,xxx
29776,xxx
29777,xxx
29778,xxx
29779,xxx
29780,xxx
29781,xxx
29782,xxx
29783,xxx
29784,xxx
29785,xxx
29786,xxx
29787,xxx
29788,xxx
29789,xxx
29790,xxx
29791,xxx
29792,xxx
29793,xxx
29794,xxx
29795,xxx
29796,xxx
29797,xxx
29798,xxx
29799,xxx
29800,xxx
29801,xxx
29802,xxx
29803,xxx
29804,xxx
29805,xxx
29806,xxx
29807,xxx
29808,xxx
29809,xxx
29810,xxx
29811,xxx
29812,xxx
29813,xxx
29814,xxx
29815,xxx
29816,xxx
29817,xxx
29818,xxx
29819,xxx
29820,xxx
29821,xxx
29822,xxx
29823,xxx
29824,xxx
29825,xxx
29826,xxx
29827,xxx
29828,xxx
29829,xxx
29830,xxx
29831,xxx
29832,xxx
29833,xxx
29834,xxx
29835,xxx
29836,xxx
29837,xxx
29838,xxx
29839,xxx
29840,xxx
29841,xxx
29842,xxx
29843,xxx
29844,xxx
29845,xxx
29846,xxx
29847,xxx
29848,xxx
29849,xxx
29850,xxx
29851,xxx
29852,xxx
29853,xxx
29854,xxx
29855,xxx
29856,xxx
29857,xxx
29858,xxx
29859,xxx
29860,xxx
29861,xxx
29862,xxx
29863,xxx
29864,xxx
29865,xxx
29866,xxx
29867,xxx
29868,xxx
29869,xxx
29870,xxx
29871,xxx
29872,xxx
29873,xxx
29874,xxx
29875,xxx
29876,xxx
29877,xxx
29878,xxx
29879,xxx
29880,xxx
29881,xxx
29882,xxx
29883,xxx
29884,xxx
29885,xxx
29886,xxx
29887,xxx
29888,xxx
29889,xxx
29890,xxx
29891,xxx
29892,xxx
29893,xxx
29894,xxx
29895,xxx
29896,xxx
29897,xxx
29898,xxx
29899,xxx
29900,xxx
29901,xxx
29902,xxx
29903,xxx
29904,xxx
29905,xxx
29906,xxx
29907,xxx
29908,xxx
29909,xxx
29910,xxx
29911,xxx
29912,xxx
29913,xxx
29914,xxx
29915,xxx
29916,xxx
29917,xxx
29918,xxx
29919,xxx
29920,xxx
29921,xxx
29922,xxx
29923,xxx
29924,xxx
29925,xxx
29926,xxx
29927,xxx
29928,xxx
29929,xxx
29930,xxx
29931,xxx
29932,xxx
29933,xxx
29934,xxx
29935,xxx
29936,xxx
29937,xxx
29938,xxx
29939,xxx
29940,xxx
29941,xxx
29942,xxx
29943,xxx
29944,xxx
29945,xxx
29946,xxx
29947,xxx
29948,xxx
29949,xxx
29950,xxx
29951,xxx
29952,xxx
29953,xxx
29954,xxx
29955,xxx
29956,xxx
29957,xxx
29958,xxx
29959,xxx
29960,xxx
29961,xxx
29962,xxx
29963,xxx
29964,xxx
29965,xxx
29966,xxx
29967,xxx
29968,xxx
29969,xxx
29970,xxx
29971,xxx
29972,xxx
29973,xxx
29974,xxx
29975,xxx
29976,xxx
29977,xxx
29978,xxx
29979,xxx
29980,xxx
29981,xxx
29982,xxx
29983,xxx
29984,xxx
29985,xxx
29986,xxx
29987,xxx
29988,xxx
29989,xxx
29990,xxx
29991,xxx
29992,xxx
29993,xxx
29994,xxx
29995,xxx
29996,xxx
29997,xxx
29998,xxx
29999,xxx
30000,xxx
30001,xxx
30002,xxx
30003,xxx
30004,xxx
30005,xxx
30006,xxx
30007,xxx
30008,xxx
30009,xxx
30010,xxx
30011,xxx
30012,xxx
30013,xxx
30014,xxx
30015,xxx
30016,xxx
30017,xxx
30018,xxx
30019,xxx
30020,xxx
30021,xxx
30022,xxx
30023,xxx
30024,xxx
30025,xxx
30026,xxx
30027,xxx
30028,xxx
30029,xxx
30030,xxx
30031,xxx
30032,xxx
30033,xxx
30034,xxx
30035,xxx
30036,xxx
30037,xxx
30038,xxx
30039,xxx
30040,xxx
30041,xxx
30042,xxx
30043,xxx
30044,xxx
30045,xxx
30046,xxx
30047,xxx
30048,xxx
30049,xxx
30050,xxx
30051,xxx
30052,xxx
30053,xxx
30054,xxx
30055,xxx
30056,xxx
30057,xxx
30058,xxx
30059,xxx
30060,xxx
30061,xxx
30062,xxx
30063,xxx
30064,xxx
30065,xxx
30066,xxx
30067,xxx
30068,xxx
30069,xxx
30070,xxx
30071,xxx
30072,xxx
30073,xxx
30074,xxx
30075,xxx
30076,xxx
30077,xxx
30078,xxx
30079,xxx
30080,xxx
30081,xxx
30082,xxx
30083,xxx
30084,xxx
30085,xxx
30086,xxx
30087,xxx
30088,xxx
30089,xxx
30090,xxx
30091,xxx
30092,xxx
30093,xxx
30094,xxx
30095,xxx
30096,xxx
30097,xxx
30098,xxx
30099,xxx
30100,xxx
30101,xxx
30102,xxx
30103,xxx
30104,xxx
30105,xxx
30106,xxx
30107,xxx
30108,xxx
30109,xxx
30110,xxx
30111,xxx
30112,xxx
30113,xxx
30114,xxx
30115,xxx
30116,xxx
30117,xxx
30118,xxx
30119,xxx
30120,xxx
30121,xxx
30122,xxx
30123,xxx
30124,xxx
30125,xxx
30126,xxx
30127,xxx
30128,xxx
30129,xxx
30130,xxx
30131,xxx
30132,xxx
30133,xxx
30134,xxx
30135,xxx
30136,xxx
30137,xxx
30138,xxx
30139,xxx
30140,xxx
30141,xxx
30142,xxx
30143,xxx
30144,xxx
30145,xxx
30146,xxx
30147,xxx
30148,xxx
30149,xxx
30150,xxx
30151,xxx
30152,xxx
30153,xxx
30154,xxx
30155,xxx
30156,xxx
30157,xxx
30158,xxx
30159,xxx
30160,xxx
30161,xxx
30162,xxx
30163,xxx
30164,xxx
30165,xxx
30166,xxx
30167,xxx
30168,xxx
30169,xxx
30170,xxx
30171,xxx
30172,xxx
30173,xxx
30174,xxx
30175,xxx
30176,xxx
30177,xxx
30178,xxx
30179,xxx
30180,xxx
30181,xxx
30182,xxx
30183,xxx
30184,xxx
30185,xxx
30186,xxx
30187,xxx
30188,xxx
30189,xxx
30190,xxx
30191,xxx
30192,xxx
30193,xxx
30194,xxx
30195,xxx
30196,xxx
30197,xxx
30198,xxx
30199,xxx
30200,xxx
30201,xxx
30202,xxx
30203,xxx
30204,xxx
30205,xxx
30206,xxx
30207,xxx
30208,xxx
30209,xxx
30210,xxx
30211,xxx
30212,xxx
30213,xxx
30214,xxx
30215,xxx
30216,xxx
30217,xxx
30218,xxx
30219,xxx
30220,xxx
30221,xxx
30222,xxx
30223,xxx
30224,xxx
30225,xxx
30226,xxx
30227,xxx
30228,xxx
30229,xxx
30230,xxx
30231,xxx
30232,xxx
30233,xxx
30234,xxx
30235,xxx
30236,xxx
30237,xxx
30238,xxx
30239,xxx
30240,xxx
30241,xxx
30242,xxx
30243,xxx
30244,xxx
30245,xxx
30246,xxx
30247,xxx
30248,xxx
30249,xxx
30250,xxx
30251,xxx
30252,xxx
30253,xxx
30254,xxx
30255,xxx
30256,xxx
30257,xxx
30258,xxx
30259,xxx
30260,xxx
30261,xxx
30262,xxx
30263,xxx
30264,xxx
30265,xxx
30266,xxx
30267,xxx
30268,xxx
30269,xxx
30270,xxx
30271,xxx
30272,xxx
30273,xxx
30274,xxx
30275,xxx
30276,xxx
30277,xxx
30278,xxx
30279,xxx
30280,xxx
30281,xxx
30282,xxx
30283,xxx
30284,xxx
30285,xxx
30286,xxx
30287,xxx
30288,xxx
30289,xxx
30290,xxx
30291,xxx
30292,xxx
30293,xxx
30294,xxx
30295,xxx
30296,xxx
30297,xxx
30298,xxx
30299,xxx
30300,xxx
30301,xxx
30302,xxx
30303,xxx
30304,xxx
30305,xxx
30306,xxx
30307,xxx
30308,xxx
30309,xxx
30310,xxx
30311,xxx
30312,xxx
30313,xxx
30314,xxx
30315,xxx
30316,xxx
30317,xxx
30318,xxx
30319,xxx
30320,xxx
30321,xxx
30322,xxx
30323,xxx
30324,xxx
30325,xxx
30326,xxx
30327,xxx
30328,xxx
30329,xxx
30330,xxx
30331,xxx
30332,xxx
30333,xxx
30334,xxx
30335,xxx
30336,xxx
30337,xxx
30338,xxx
30339,xxx
30340,xxx
30341,xxx
30342,xxx
30343,xxx
30344,xxx
30345,xxx
30346,xxx
30347,xxx
30348,xxx
30349,xxx
30350,xxx
30351,xxx
30352,xxx
30353,xxx
30354,xxx
30355,xxx
30356,xxx
30357,xxx
30358,xxx
30359,xxx
30360,xxx
30361,xxx
30362,xxx
30363,xxx
30364,xxx
30365,xxx
30366,xxx
30367,xxx
30368,xxx
30369,xxx
30370,xxx
30371,xxx
30372,xxx
30373,xxx
30374,xxx
30375,xxx
30376,xxx
30377,xxx
30378,xxx
30379,xxx
30380,xxx
30381,xxx
30382,xxx
30383,xxx
30384,xxx
30385,xxx
30386,xxx
30387,xxx
30388,xxx
30389,xxx
30390,xxx
30391,xxx
30392,xxx
30393,xxx
30394,xxx
30395,xxx
30396,xxx
30397,xxx
30398,xxx
30399,xxx
30400,xxx
30401,xxx
30402,xxx
30403,xxx
30404,xxx
30405,xxx
30406,xxx
30407,xxx
30408,xxx
30409,xxx
30410,xxx
30411,xxx
30412,xxx
30413,xxx
30414,xxx
30415,xxx
30416,xxx
30417,xxx
30418,xxx
30419,xxx
30420,xxx
30421,xxx
30422,xxx
30423,xxx
30424,xxx
30425,xxx
30426,xxx
30427,xxx
30428,xxx
30429,xxx
30430,xxx
30431,xxx
30432,xxx
30433,xxx
30434,xxx
30435,xxx
30436,xxx
30437,xxx
30438,xxx
30439,xxx
30440,xxx
30441,xxx
30442,xxx
30443,xxx
30444,xxx
30445,xxx
30446,xxx
30447,xxx
30448,xxx
30449,xxx
30450,xxx
30451,xxx
30452,xxx
30453,xxx
30454,xxx
30455,xxx
30456,xxx
30457,xxx
30458,xxx
30459,xxx
30460,xxx
30461,xxx
30462,xxx
30463,xxx
30464,xxx
30465,xxx
30466,xxx
30467,xxx
30468,xxx
30469,xxx
30470,xxx
30471,xxx
30472,xxx
30473,xxx
30474,xxx
30475,xxx
30476,xxx
30477,xxx
30478,xxx
30479,xxx
30480,xxx
30481,xxx
30482,xxx
30483,xxx
30484,xxx
30485,xxx
30486,xxx
30487,xxx
30488,xxx
30489,xxx
30490,xxx
30491,xxx
30492,xxx
30493,xxx
30494,xxx
30495,xxx
30496,xxx
30497,xxx
30498,xxx
30499,xxx
30500,xxx
30501,xxx
30502,xxx
30503,xxx
30504,xxx
30505,xxx
30506,xxx
30507,xxx
30508,xxx
30509,xxx
30510,xxx
30511,xxx
30512,xxx
30513,xxx
30514,xxx
30515,xxx
30516,xxx
30517,xxx
30518,xxx
30519,xxx
30520,xxx
30521,xxx
30522,xxx
30523,xxx
30524,xxx
30525,xxx
30526,xxx
30527,xxx
30528,xxx
30529,xxx
30530,xxx
30531,xxx
30532,xxx
30533,xxx
30534,xxx
30535,xxx
30536,xxx
30537,xxx
30538,xxx
30539,xxx
30540,xxx
30541,xxx
30542,xxx
30543,xxx
30544,xxx
30545,xxx
30546,xxx
30547,xxx
30548,xxx
30549,xxx
30550,xxx
30551,xxx
30552,xxx
30553,xxx
30554,xxx
30555,xxx
30556,xxx
30557,xxx
30558,xxx
30559,xxx
30560,xxx
30561,xxx
30562,xxx
30563,xxx
30564,xxx
30565,xxx
30566,xxx
30567,xxx
30568,xxx
30569,xxx
30570,xxx
30571,xxx
30572,xxx
30573,xxx
30574,xxx
30575,xxx
30576,xxx
30577,xxx
30578,xxx
30579,xxx
30580,xxx
30581,xxx
30582,xxx
30583,xxx
30584,xxx
30585,xxx
30586,xxx
30587,xxx
30588,xxx
30589,xxx
30590,xxx
30591,xxx
30592,xxx
30593,xxx
30594,xxx
30595,xxx
30596,xxx
30597,xxx
30598,xxx
30599,xxx
30600,xxx
30601,xxx
30602,xxx
30603,xxx
30604,xxx
30605,xxx
30606,xxx
30607,xxx
30608,xxx
30609,xxx
30610,xxx
30611,xxx
30612,xxx
30613,xxx
30614,xxx
30615,xxx
30616,xxx
30617,xxx
30618,xxx
30619,xxx
30620,xxx
30621,xxx
30622,xxx
30623,xxx
30624,xxx
30625,xxx
30626,xxx
30627,xxx
30628,xxx
30629,xxx
30630,xxx
30631,xxx
30632,xxx
30633,xxx
30634,xxx
30635,xxx
30636,xxx
30637,xxx
30638,xxx
30639,xxx
30640,xxx
30641,xxx
30642,xxx
30643,xxx
30644,xxx
30645,xxx
30646,xxx
30647,xxx
30648,xxx
30649,xxx
30650,xxx
30651,xxx
30652,xxx
30653,xxx
30654,xxx
30655,xxx
30656,xxx
30657,xxx
30658,xxx
30659,xxx
30660,xxx
30661,xxx
30662,xxx
30663,xxx
30664,xxx
30665,xxx
30666,xxx
30667,xxx
30668,xxx
30669,xxx
30670,xxx
30671,xxx
30672,xxx
30673,xxx
30674,xxx
30675,xxx
30676,xxx
30677,xxx
30678,xxx
30679,xxx
30680,xxx
30681,xxx
30682,xxx
30683,xxx
30684,xxx
30685,xxx
30686,xxx
30687,xxx
30688,xxx
30689,xxx
30690,xxx
30691,xxx
30692,xxx
30693,xxx
30694,xxx
30695,xxx
30696,xxx
30697,xxx
30698,xxx
30699,xxx
30700,xxx
30701,xxx
30702,xxx
30703,xxx
30704,xxx
30705,xxx
30706,xxx
30707,xxx
30708,xxx
30709,xxx
30710,xxx
30711,xxx
30712,xxx
30713,xxx
30714,xxx
30715,xxx
30716,xxx
30717,xxx
30718,xxx
30719,xxx
30720,xxx
30721,xxx
30722,xxx
30723,xxx
30724,xxx
30725,xxx
30726,xxx
30727,xxx
30728,xxx
30729,xxx
30730,xxx
30731,xxx
30732,xxx
30733,xxx
30734,xxx
30735,xxx
30736,xxx
30737,xxx
30738,xxx
30739,xxx
30740,xxx
30741,xxx
30742,xxx
30743,xxx
30744,xxx
30745,xxx
30746,xxx
30747,xxx
30748,xxx
30749,xxx
30750,xxx
30751,xxx
30752,xxx
30753,xxx
30754,xxx
30755,xxx
30756,xxx
30757,xxx
30758,xxx
30759,xxx
30760,xxx
30761,xxx
30762,xxx
30763,xxx
30764,xxx
30765,xxx
30766,xxx
30767,xxx
30768,xxx
30769,xxx
30770,xxx
30771,xxx
30772,xxx
30773,xxx
30774,xxx
30775,xxx
30776,xxx
30777,xxx
30778,xxx
30779,xxx
30780,xxx
30781,xxx
30782,xxx
30783,xxx
30784,xxx
30785,xxx
30786,xxx
30787,xxx
30788,xxx
30789,xxx
30790,xxx
30791,xxx
30792,xxx
30793,xxx
30794,xxx
30795,xxx
30796,xxx
30797,xxx
30798,xxx
30799,xxx
30800,xxx
30801,xxx
30802,xxx
30803,xxx
30804,xxx
30805,xxx
30806,xxx
30807,xxx
30808,xxx
30809,xxx
30810,xxx
30811,xxx
30812,xxx
30813,xxx
30814,xxx
30815,xxx
30816,xxx
30817,xxx
30818,xxx
30819,xxx
30820,xxx
30821,xxx
30822,xxx
30823,xxx
30824,xxx
30825,xxx
30826,xxx
30827,xxx
30828,xxx
30829,xxx
30830,xxx
30831,xxx
30832,xxx
30833,xxx
30834,xxx
30835,xxx
30836,xxx
30837,xxx
30838,xxx
30839,xxx
30840,xxx
30841,xxx
30842,xxx
30843,xxx
30844,xxx
30845,xxx
30846,xxx
30847,xxx
30848,xxx
30849,xxx
30850,xxx
30851,xxx
30852,xxx
30853,xxx
30854,xxx
30855,xxx
30856,xxx
30857,xxx
30858,xxx
30859,xxx
30860,xxx
30861,xxx
30862,xxx
30863,xxx
30864,xxx
30865,xxx
30866,xxx
30867,xxx
30868,xxx
30869,xxx
30870,xxx
30871,xxx
30872,xxx
30873,xxx
30874,xxx
30875,xxx
30876,xxx
30877,xxx
30878,xxx
30879,xxx
30880,xxx
30881,xxx
30882,xxx
30883,xxx
30884,xxx
30885,xxx
30886,xxx
30887,xxx
30888,xxx
30889,xxx
30890,xxx
30891,xxx
30892,xxx
30893,xxx
30894,xxx
30895,xxx
30896,xxx
30897,xxx
30898,xxx
30899,xxx
30900,xxx
30901,xxx
30902,xxx
30903,xxx
30904,xxx
30905,xxx
30906,xxx
30907,xxx
30908,xxx
30909,xxx
30910,xxx
30911,xxx
30912,xxx
30913,xxx
30914,xxx
30915,xxx
30916,xxx
30917,xxx
30918,xxx
30919,xxx
30920,xxx
30921,xxx
30922,xxx
30923,xxx
30924,xxx
30925,xxx
30926,xxx
30927,xxx
30928,xxx
30929,xxx
30930,xxx
30931,xxx
30932,xxx
30933,xxx
30934,xxx
30935,xxx
30936,xxx
30937,xxx
30938,xxx
30939,xxx
30940,xxx
30941,xxx
30942,xxx
30943,xxx
30944,xxx
30945,xxx
30946,xxx
30947,xxx
30948,xxx
30949,xxx
30950,xxx
30951,xxx
30952,xxx
30953,xxx
30954,xxx
30955,xxx
30956,xxx
30957,xxx
30958,xxx
30959,xxx
30960,xxx
30961,xxx
30962,xxx
30963,xxx
30964,xxx
30965,xxx
30966,xxx
30967,xxx
30968,xxx
30969,xxx
30970,xxx
30971,xxx
30972,xxx
30973,xxx
30974,xxx
30975,xxx
30976,xxx
30977,xxx
30978,xxx
30979,xxx
30980,xxx
30981,xxx
30982,xxx
30983,xxx
30984,xxx
30985,xxx
30986,xxx
30987,xxx
30988,xxx
30989,xxx
30990,xxx
30991,xxx
30992,xxx
30993,xxx
30994,xxx
30995,xxx
30996,xxx
30997,xxx
30998,xxx
30999,xxx
31000,xxx
31001,xxx
31002,xxx
31003,xxx
31004,xxx
31005,xxx
31006,xxx
31007,xxx
31008,xxx
31009,xxx
31010,xxx
31011,xxx
31012,xxx
31013,xxx
31014,xxx
31015,xxx
31016,xxx
31017,xxx
31018,xxx
31019,xxx
31020,xxx
31021,xxx
31022,xxx
31023,xxx
31024,xxx
31025,xxx
31026,xxx
31027,xxx
31028,xxx
31029,xxx
31030,xxx
31031,xxx
31032,xxx
31033,xxx
31034,xxx
31035,xxx
31036,xxx
31037,xxx
31038,xxx
31039,xxx
31040,xxx
31041,xxx
31042,xxx
31043,xxx
31044,xxx
31045,xxx
31046,xxx
31047,xxx
31048,xxx
31049,xxx
31050,xxx
31051,xxx
31052,xxx
31053,xxx
31054,xxx
31055,xxx
31056,xxx
31057,xxx
31058,xxx
31059,xxx
31060,xxx
31061,xxx
31062,xxx
31063,xxx
31064,xxx
31065,xxx
31066,xxx
31067,xxx
31068,xxx
31069,xxx
31070,xxx
31071,xxx
31072,xxx
31073,xxx
31074,xxx
31075,xxx
31076,xxx
31077,xxx
31078,xxx
31079,xxx
31080,xxx
31081,xxx
31082,xxx
31083,xxx
31084,xxx
31085,xxx
31086,xxx
31087,xxx
31088,xxx
31089,xxx
31090,xxx
31091,xxx
31092,xxx
31093,xxx
31094,xxx
31095,xxx
31096,xxx
31097,xxx
31098,xxx
31099,xxx
31100,xxx
31101,xxx
31102,xxx
31103,xxx
31104,xxx
31105,xxx
31106,xxx
31107,xxx
31108,xxx
31109,xxx
31110,xxx
31111,xxx
31112,xxx
31113,xxx
31114,xxx
31115,xxx
31116,xxx
31117,xxx
31118,xxx
31119,xxx
31120,xxx
31121,xxx
31122,xxx
31123,xxx
31124,xxx
31125,xxx
31126,xxx
31127,xxx
31128,xxx
31129,xxx
31130,xxx
31131,xxx
31132,xxx
31133,xxx
31134,xxx
31135,xxx
31136,xxx
31137,xxx
31138,xxx
31139,xxx
31140,xxx
31141,xxx
31142,xxx
31143,xxx
31144,xxx
31145,xxx
31146,xxx
31147,xxx
31148,xxx
31149,xxx
31150,xxx
31151,xxx
31152,xxx
31153,xxx
31154,xxx
31155,xxx
31156,xxx
31157,xxx
31158,xxx
31159,xxx
31160,xxx
31161,xxx
31162,xxx
31163,xxx
31164,xxx
31165,xxx
31166,xxx
31167,xxx
31168,xxx
31169,xxx
31170,xxx
31171,xxx
31172,xxx
31173,xxx
31174,xxx
31175,xxx
31176,xxx
31177,xxx
31178,xxx
31179,xxx
31180,xxx
31181,xxx
31182,xxx
31183,xxx
31184,xxx
31185,xxx
31186,xxx
31187,xxx
31188,xxx
31189,xxx
31190,xxx
31191,xxx
31192,xxx
31193,xxx
31194,xxx
31195,xxx
31196,xxx
31197,xxx
31198,xxx
31199,xxx
31200,xxx
31201,xxx
31202,xxx
31203,xxx
31204,xxx
31205,xxx
31206,xxx
31207,xxx
31208,xxx
31209,xxx
31210,xxx
31211,xxx
31212,xxx
31213,xxx
31214,xxx
31215,xxx
31216,xxx
31217,xxx
31218,xxx
31219,xxx
31220,xxx
31221,xxx
31222,xxx
31223,xxx
31224,xxx
31225,xxx
31226,xxx
31227,xxx
31228,xxx
31229,xxx
31230,xxx
31231,xxx
31232,xxx
31233,xxx
31234,xxx
31235,xxx
31236,xxx
31237,xxx
31238,xxx
31239,xxx
31240,xxx
31241,xxx
31242,xxx
31243,xxx
31244,xxx
31245,xxx
31246,xxx
31247,xxx
31248,xxx
31249,xxx
31250,xxx
31251,xxx
31252,xxx
31253,xxx
31254,xxx
31255,xxx
31256,xxx
31257,xxx
31258,xxx
31259,xxx
31260,xxx
31261,xxx
31262,xxx
31263,xxx
31264,xxx
31265,xxx
31266,xxx
31267,xxx
31268,xxx
31269,xxx
31270,xxx
31271,xxx
31272,xxx
31273,xxx
31274,xxx
31275,xxx
31276,xxx
31277,xxx
31278,xxx
31279,xxx
31280,xxx
31281,xxx
31282,xxx
31283,xxx
31284,xxx
31285,xxx
31286,xxx
31287,xxx
31288,xxx
31289,xxx
31290,xxx
31291,xxx
31292,xxx
31293,xxx
31294,xxx
31295,xxx
31296,xxx
31297,xxx
31298,xxx
31299,xxx
31300,xxx
31301,xxx
31302,xxx
31303,xxx
31304,xxx
31305,xxx
31306,xxx
31307,xxx
31308,xxx
31309,xxx
31310,xxx
31311,xxx
31312,xxx
31313,xxx
31314,xxx
31315,xxx
31316,xxx
31317,xxx
31318,xxx
31319,xxx
31320,xxx
31321,xxx
31322,xxx
31323,xxx
31324,xxx
31325,xxx
31326,xxx
31327,xxx
31328,xxx
31329,xxx
31330,xxx
31331,xxx
31332,xxx
31333,xxx
31334,xxx
31335,xxx
31336,xxx
31337,xxx
31338,xxx
31339,xxx
31340,xxx
31341,xxx
31342,xxx
31343,xxx
31344,xxx
31345,xxx
31346,xxx
31347,xxx
31348,xxx
31349,xxx
31350,xxx
31351,xxx
31352,xxx
31353,xxx
31354,xxx
31355,xxx
31356,xxx
31357,xxx
31358,xxx
31359,xxx
31360,xxx
31361,xxx
31362,xxx
31363,xxx
31364,xxx
31365,xxx
31366,xxx
31367,xxx
31368,xxx
31369,xxx
31370,xxx
31371,xxx
31372,xxx
31373,xxx
31374,xxx
31375,xxx
31376,xxx
31377,xxx
31378,xxx
31379,xxx
31380,xxx
31381,xxx
31382,xxx
31383,xxx
31384,xxx
31385,xxx
31386,xxx
31387,xxx
31388,xxx
31389,xxx
31390,xxx
31391,xxx
31392,xxx
31393,xxx
31394,xxx
31395,xxx
31396,xxx
31397,xxx
31398,xxx
31399,xxx
31400,xxx
31401,xxx
31402,xxx
31403,xxx
31404,xxx
31405,xxx
31406,xxx
31407,xxx
31408,xxx
31409,xxx
31410,xxx
31411,xxx
31412,xxx
31413,xxx
31414,xxx
31415,xxx
31416,xxx
31417,xxx
31418,xxx
31419,xxx
31420,xxx
31421,xxx
31422,xxx
31423,xxx
31424,xxx
31425,xxx
31426,xxx
31427,xxx
31428,xxx
31429,xxx
31430,xxx
31431,xxx
31432,xxx
31433,xxx
31434,xxx
31435,xxx
31436,xxx
31437,xxx
31438,xxx
31439,xxx
31440,xxx
31441,xxx
31442,xxx
31443,xxx
31444,xxx
31445,xxx
31446,xxx
31447,xxx
31448,xxx
31449,xxx
31450,xxx
31451,xxx
31452,xxx
31453,xxx
31454,xxx
31455,xxx
31456,xxx
31457,xxx
31458,xxx
31459,xxx
31460,xxx
31461,xxx
31462,xxx
31463,xxx
31464,xxx
31465,xxx
31466,xxx
31467,xxx
31468,xxx
31469,xxx
31470,xxx
31471,xxx
31472,xxx
31473,xxx
31474,xxx
31475,xxx
31476,xxx
31477,xxx
31478,xxx
31479,xxx
31480,xxx
31481,xxx
31482,xxx
31483,xxx
31484,xxx
31485,xxx
31486,xxx
31487,xxx
31488,xxx
31489,xxx
31490,xxx
31491,xxx
31492,xxx
31493,xxx
31494,xxx
31495,xxx
31496,xxx
31497,xxx
31498,xxx
31499,xxx
31500,xxx
31501,xxx
31502,xxx
31503,xxx
31504,xxx
31505,xxx
31506,xxx
31507,xxx
31508,xxx
31509,xxx
31510,xxx
31511,xxx
31512,xxx
31513,xxx
31514,xxx
31515,xxx
31516,xxx
31517,xxx
31518,xxx
31519,xxx
31520,xxx
31521,xxx
31522,xxx
31523,xxx
31524,xxx
31525,xxx
31526,xxx
31527,xxx
31528,xxx
31529,xxx
31530,xxx
31531,xxx
31532,xxx
31533,xxx
31534,xxx
31535,xxx
31536,xxx
31537,xxx
31538,xxx
31539,xxx
31540,xxx
31541,xxx
31542,xxx
31543,xxx
31544,xxx
31545,xxx
31546,xxx
31547,xxx
31548,xxx
31549,xxx
31550,xxx
31551,xxx
31552,xxx
31553,xxx
31554,xxx
31555,xxx
31556,xxx
31557,xxx
31558,xxx
31559,xxx
31560,xxx
31561,xxx
31562,xxx
31563,xxx
31564,xxx
31565,xxx
31566,xxx
31567,xxx
31568,xxx
31569,xxx
31570,xxx
31571,xxx
31572,xxx
31573,xxx
31574,xxx
31575,xxx
31576,xxx
31577,xxx
31578,xxx
31579,xxx
31580,xxx
31581,xxx
31582,xxx
31583,xxx
31584,xxx
31585,xxx
31586,xxx
31587,xxx
31588,xxx
31589,xxx
31590,xxx
31591,xxx
31592,xxx
31593,xxx
31594,xxx
31595,xxx
31596,xxx
31597,xxx
31598,xxx
31599,xxx
31600,xxx
31601,xxx
31602,xxx
31603,xxx
31604,xxx
31605,xxx
31606,xxx
31607,xxx
31608,xxx
31609,xxx
31610,xxx
31611,xxx
31612,xxx
31613,xxx
31614,xxx
31615,xxx
31616,xxx
31617,xxx
31618,xxx
31619,xxx
31620,xxx
31621,xxx
31622,xxx
31623,xxx
31624,xxx
31625,xxx
31626,xxx
31627,xxx
31628,xxx
31629,xxx
31630,xxx
31631,xxx
31632,xxx
31633,xxx
31634,xxx
31635,xxx
31636,xxx
31637,xxx
31638,xxx
31639,xxx
31640,xxx
31641,xxx
31642,xxx
31643,xxx
31644,xxx
31645,xxx
31646,xxx
31647,xxx
31648,xxx
31649,xxx
31650,xxx
31651,xxx
31652,xxx
31653,xxx
31654,xxx
31655,xxx
31656,xxx
31657,xxx
31658,xxx
31659,xxx
31660,xxx
31661,xxx
31662,xxx
31663,xxx
31664,xxx
31665,xxx
31666,xxx
31667,xxx
31668,xxx
31669,xxx
31670,xxx
31671,xxx
31672,xxx
31673,xxx
31674,xxx
31675,xxx
31676,xxx
31677,xxx
31678,xxx
31679,xxx
31680,xxx
31681,xxx
31682,xxx
31683,xxx
31684,xxx
31685,xxx
31686,xxx
31687,xxx
31688,xxx
31689,xxx
31690,xxx
31691,xxx
31692,xxx
31693,xxx
31694,xxx
31695,xxx
31696,xxx
31697,xxx
31698,xxx
31699,xxx
31700,xxx
31701,xxx
31702,xxx
31703,xxx
31704,xxx
31705,xxx
31706,xxx
31707,xxx
31708,xxx
31709,xxx
31710,xxx
31711,xxx
31712,xxx
31713,xxx
31714,xxx
31715,xxx
31716,xxx
31717,xxx
31718,xxx
31719,xxx
31720,xxx
31721,xxx
31722,xxx
31723,xxx
31724,xxx
31725,xxx
31726,xxx
31727,xxx
31728,xxx
31729,xxx
31730,xxx
31731,xxx
31732,xxx
31733,xxx
31734,xxx
31735,xxx
31736,xxx
31737,xxx
31738,xxx
31739,xxx
31740,xxx
31741,xxx
31742,xxx
31743,xxx
31744,xxx
31745,xxx
31746,xxx
31747,xxx
31748,xxx
31749,xxx
31750,xxx
31751,xxx
31752,xxx
31753,xxx
31754,xxx
31755,xxx
31756,xxx
31757,xxx
31758,xxx
31759,xxx
31760,xxx
31761,xxx
31762,xxx
31763,xxx
31764,xxx
31765,xxx
31766,xxx
31767,xxx
31768,xxx
31769,xxx
31770,xxx
31771,xxx
31772,xxx
31773,xxx
31774,xxx
31775,xxx
31776,xxx
31777,xxx
31778,xxx
31779,xxx
31780,xxx
31781,xxx
31782,xxx
31783,xxx
31784,xxx
31785,xxx
31786,xxx
31787,xxx
31788,xxx
31789,xxx
31790,xxx
31791,xxx
31792,xxx
31793,xxx
31794,xxx
31795,xxx
31796,xxx
31797,xxx
31798,xxx
31799,xxx
31800,xxx
31801,xxx
31802,xxx
31803,xxx
31804,xxx
31805,xxx
31806,xxx
31807,xxx
31808,xxx
31809,xxx
31810,xxx
31811,xxx
31812,xxx
31813,xxx
31814,xxx
31815,xxx
31816,xxx
31817,xxx
31818,xxx
31819,xxx
31820,xxx
31821,xxx
31822,xxx
31823,xxx
31824,xxx
31825,xxx
31826,xxx
31827,xxx
31828,xxx
31829,xxx
31830,xxx
31831,xxx
31832,xxx
31833,xxx
31834,xxx
31835,xxx
31836,xxx
31837,xxx
31838,xxx
31839,xxx
31840,xxx
31841,xxx
31842,xxx
31843,xxx
31844,xxx
31845,xxx
31846,xxx
31847,xxx
31848,xxx
31849,xxx
31850,xxx
31851,xxx
31852,xxx
31853,xxx
31854,xxx
31855,xxx
31856,xxx
31857,xxx
31858,xxx
31859,xxx
31860,xxx
31861,xxx
31862,xxx
31863,xxx
31864,xxx
31865,xxx
31866,xxx
31867,xxx
31868,xxx
31869,xxx
31870,xxx
31871,xxx
31872,xxx
31873,xxx
31874,xxx
31875,xxx
31876,xxx
31877,xxx
31878,xxx
31879,xxx
31880,xxx
31881,xxx
31882,xxx
31883,xxx
31884,xxx
31885,xxx
31886,xxx
31887,xxx
31888,xxx
31889,xxx
31890,xxx
31891,xxx
31892,xxx
31893,xxx
31894,xxx
31895,xxx
31896,xxx
31897,xxx
31898,xxx
31899,xxx
31900,xxx
31901,xxx
31902,xxx
31903,xxx
31904,xxx
31905,xxx
31906,xxx
31907,xxx
31908,xxx
31909,xxx
31910,xxx
31911,xxx
31912,xxx
31913,xxx
31914,xxx
31915,xxx
31916,xxx
31917,xxx
31918,xxx
31919,xxx
31920,xxx
31921,xxx
31922,xxx
31923,xxx
31924,xxx
31925,xxx
31926,xxx
31927,xxx
31928,xxx
31929,xxx
31930,xxx
31931,xxx
31932,xxx
31933,xxx
31934,xxx
31935,xxx
31936,xxx
31937,xxx
31938,xxx
31939,xxx
31940,xxx
31941,xxx
31942,xxx
31943,xxx
31944,xxx
31945,xxx
31946,xxx
31947,xxx
31948,xxx
31949,xxx
31950,xxx
31951,xxx
31952,xxx
31953,xxx
31954,xxx
31955,xxx
31956,xxx
31957,xxx
31958,xxx
31959,xxx
31960,xxx
31961,xxx
31962,xxx
31963,xxx
31964,xxx
31965,xxx
31966,xxx
31967,xxx
31968,xxx
31969,xxx
31970,xxx
31971,xxx
31972,xxx
31973,xxx
31974,xxx
31975,xxx
31976,xxx
31977,xxx
31978,xxx
31979,xxx
31980,xxx
31981,xxx
31982,xxx
31983,xxx
31984,xxx
31985,xxx
31986,xxx
31987,xxx
31988,xxx
31989,xxx
31990,xxx
31991,xxx
31992,xxx
31993,xxx
31994,xxx
31995,xxx
31996,xxx
31997,xxx
31998,xxx
31999,xxx
32000,xxx
32001,xxx
32002,xxx
32003,xxx
32004,xxx
32005,xxx
32006,xxx
32007,xxx
32008,xxx
32009,xxx
32010,xxx
32011,xxx
32012,xxx
32013,xxx
32014,xxx
32015,xxx
32016,xxx
32017,xxx
32018,xxx
32019,xxx
32020,xxx
32021,xxx
32022,xxx
32023,xxx
32024,xxx
32025,xxx
32026,xxx
32027,xxx
32028,xxx
32029,xxx
32030,xxx
32031,xxx
32032,xxx
32033,xxx
32034,xxx
32035,xxx
32036,xxx
32037,xxx
32038,xxx
32039,xxx
32040,xxx
32041,xxx
32042,xxx
32043,xxx
32044,xxx
32045,xxx
32046,xxx
32047,xxx
32048,xxx
32049,xxx
32050,xxx
32051,xxx
32052,xxx
32053,xxx
32054,xxx
32055,xxx
32056,xxx
32057,xxx
32058,xxx
32059,xxx
32060,xxx
32061,xxx
32062,xxx
32063,xxx
32064,xxx
32065,xxx
32066,xxx
32067,xxx
32068,xxx
32069,xxx
32070,xxx
32071,xxx
32072,xxx
32073,xxx
32074,xxx
32075,xxx
32076,xxx
32077,xxx
32078,xxx
32079,xxx
32080,xxx
32081,xxx
32082,xxx
32083,xxx
32084,xxx
32085,xxx
32086,xxx
32087,xxx
32088,xxx
32089,xxx
32090,xxx
32091,xxx
32092,xxx
32093,xxx
32094,xxx
32095,xxx
32096,xxx
32097,xxx
32098,xxx
32099,xxx
32100,xxx
32101,xxx
32102,xxx
32103,xxx
32104,xxx
32105,xxx
32106,xxx
32107,xxx
32108,xxx
32109,xxx
32110,xxx
32111,xxx
32112,xxx
32113,xxx
32114,xxx
32115,xxx
32116,xxx
32117,xxx
32118,xxx
32119,xxx
32120,xxx
32121,xxx
32122,xxx
32123,xxx
32124,xxx
32125,xxx
32126,xxx
32127,xxx
32128,xxx
32129,xxx
32130,xxx
32131,xxx
32132,xxx
32133,xxx
32134,xxx
32135,xxx
32136,xxx
32137,xxx
32138,xxx
32139,xxx
32140,xxx
32141,xxx
32142,xxx
32143,xxx
32144,xxx
32145,xxx
32146,xxx
32147,xxx
32148,xxx
32149,xxx
32150,xxx
32151,xxx
32152,xxx
32153,xxx
32154,xxx
32155,xxx
32156,xxx
32157,xxx
32158,xxx
32159,xxx
32160,xxx
32161,xxx
32162,xxx
32163,xxx
32164,xxx
32165,xxx
32166,xxx
32167,xxx
32168,xxx
32169,xxx
32170,xxx
32171,xxx
32172,xxx
32173,xxx
32174,xxx
32175,xxx
32176,xxx
32177,xxx
32178,xxx
32179,xxx
32180,xxx
32181,xxx
32182,xxx
32183,xxx
32184,xxx
32185,xxx
32186,xxx
32187,xxx
32188,xxx
32189,xxx
32190,xxx
32191,xxx
32192,xxx
32193,xxx
32194,xxx
32195,xxx
32196,xxx
32197,xxx
32198,xxx
32199,xxx
32200,xxx
32201,xxx
32202,xxx
32203,xxx
32204,xxx
32205,xxx
32206,xxx
32207,xxx
32208,xxx
32209,xxx
32210,xxx
32211,xxx
32212,xxx
32213,xxx
32214,xxx
32215,xxx
32216,xxx
32217,xxx
32218,xxx
32219,xxx
32220,xxx
32221,xxx
32222,xxx
32223,xxx
32224,xxx
32225,xxx
32226,xxx
32227,xxx
32228,xxx
32229,xxx
32230,xxx
32231,xxx
32232,xxx
32233,xxx
32234,xxx
32235,xxx
32236,xxx
32237,xxx
32238,xxx
32239,xxx
32240,xxx
32241,xxx
32242,xxx
32243,xxx
32244,xxx
32245,xxx
32246,xxx
32247,xxx
32248,xxx
32249,xxx
32250,xxx
32251,xxx
32252,xxx
32253,xxx
32254,xxx
32255,xxx
32256,xxx
32257,xxx
32258,xxx
32259,xxx
32260,xxx
32261,xxx
32262,xxx
32263,xxx
32264,xxx
32265,xxx
32266,xxx
32267,xxx
32268,xxx
32269,xxx
32270,xxx
32271,xxx
32272,xxx
32273,xxx
32274,xxx
32275,xxx
32276,xxx
32277,xxx
32278,xxx
32279,xxx
32280,xxx
32281,xxx
32282,xxx
32283,xxx
32284,xxx
32285,xxx
32286,xxx
32287,xxx
32288,xxx
32289,xxx
32290,xxx
32291,xxx
32292,xxx
32293,xxx
32294,xxx
32295,xxx
32296,xxx
32297,xxx
32298,xxx
32299,xxx
32300,xxx
32301,xxx
32302,xxx
32303,xxx
32304,xxx
32305,xxx
32306,xxx
32307,xxx
32308,xxx
32309,xxx
32310,xxx
32311,xxx
32312,xxx
32313,xxx
32314,xxx
32315,xxx
32316,xxx
32317,xxx
32318,xxx
32319,xxx
32320,xxx
32321,xxx
32322,xxx
32323,xxx
32324,xxx
32325,xxx
32326,xxx
32327,xxx
32328,xxx
32329,xxx
32330,xxx
32331,xxx
32332,xxx
32333,xxx
32334,xxx
32335,xxx
32336,xxx
32337,xxx
32338,xxx
32339,xxx
32340,xxx
32341,xxx
32342,xxx
32343,xxx
32344,xxx
32345,xxx
32346,xxx
32347,xxx
32348,xxx
32349,xxx
32350,xxx
32351,xxx
32352,xxx
32353,xxx
32354,xxx
32355,xxx
32356,xxx
32357,xxx
32358,xxx
32359,xxx
32360,xxx
32361,xxx
32362,xxx
32363,xxx
32364,xxx
32365,xxx
32366,xxx
32367,xxx
32368,xxx
32369,xxx
32370,xxx
32371,xxx
32372,xxx
32373,xxx
32374,xxx
32375,xxx
32376,xxx
32377,xxx
32378,xxx
32379,xxx
32380,xxx
32381,xxx
32382,xxx
32383,xxx
32384,xxx
32385,xxx
32386,xxx
32387,xxx
32388,xxx
32389,xxx
32390,xxx
32391,xxx
32392,xxx
32393,xxx
32394,xxx
32395,xxx
32396,xxx
32397,xxx
32398,xxx
32399,xxx
32400,xxx
32401,xxx
32402,xxx
32403,xxx
32404,xxx
32405,xxx
32406,xxx
32407,xxx
32408,xxx
32409,xxx
32410,xxx
32411,xxx
32412,xxx
32413,xxx
32414,xxx
32415,xxx
32416,xxx
32417,xxx
32418,xxx
32419,xxx
32420,xxx
32421,xxx
32422,xxx
32423,xxx
32424,xxx
32425,xxx
32426,xxx
32427,xxx
32428,xxx
32429,xxx
32430,xxx
32431,xxx
32432,xxx
32433,xxx
32434,xxx
32435,xxx
32436,xxx
32437,xxx
32438,xxx
32439,xxx
32440,xxx
32441,xxx
32442,xxx
32443,xxx
32444,xxx
32445,xxx
32446,xxx
32447,xxx
32448,xxx
32449,xxx
32450,xxx
32451,xxx
32452,xxx
32453,xxx
32454,xxx
32455,xxx
32456,xxx
32457,xxx
32458,xxx
32459,xxx
32460,xxx
32461,xxx
32462,xxx
32463,xxx
32464,xxx
32465,xxx
32466,xxx
32467,xxx
32468,xxx
32469,xxx
32470,xxx
32471,xxx
32472,xxx
32473,xxx
32474,xxx
32475,xxx
32476,xxx
32477,xxx
32478,xxx
32479,xxx
32480,xxx
32481,xxx
32482,xxx
32483,xxx
32484,xxx
32485,xxx
32486,xxx
32487,xxx
32488,xxx
32489,xxx
32490,xxx
32491,xxx
32492,xxx
32493,xxx
32494,xxx
32495,xxx
32496,xxx
32497,xxx
32498,xxx
32499,xxx
32500,xxx
32501,xxx
32502,xxx
32503,xxx
32504,xxx
32505,xxx
32506,xxx
32507,xxx
32508,xxx
32509,xxx
32510,xxx
32511,xxx
32512,xxx
32513,xxx
32514,xxx
32515,xxx
32516,xxx
32517,xxx
32518,xxx
32519,xxx
32520,xxx
32521,xxx
32522,xxx
32523,xxx
32524,xxx
32525,xxx
32526,xxx
32527,xxx
32528,xxx
32529,xxx
32530,xxx
32531,xxx
32532,xxx
32533,xxx
32534,xxx
32535,xxx
32536,xxx
32537,xxx
32538,xxx
32539,xxx
32540,xxx
32541,xxx
32542,xxx
32543,xxx
32544,xxx
32545,xxx
32546,xxx
32547,xxx
32548,xxx
32549,xxx
32550,xxx
32551,xxx
32552,xxx
32553,xxx
32554,xxx
32555,xxx
32556,xxx
32557,xxx
32558,xxx
32559,xxx
32560,xxx
32561,xxx
32562,xxx
32563,xxx
32564,xxx
32565,xxx
32566,xxx
32567,xxx
32568,xxx
32569,xxx
32570,xxx
32571,xxx
32572,xxx
32573,xxx
32574,xxx
32575,xxx
32576,xxx
32577,xxx
32578,xxx
32579,xxx
32580,xxx
32581,xxx
32582,xxx
32583,xxx
32584,xxx
32585,xxx
32586,xxx
32587,xxx
32588,xxx
32589,xxx
32590,xxx
32591,xxx
32592,xxx
32593,xxx
32594,xxx
32595,xxx
32596,xxx
32597,xxx
32598,xxx
32599,xxx
32600,xxx
32601,xxx
32602,xxx
32603,xxx
32604,xxx
32605,xxx
32606,xxx
32607,xxx
32608,xxx
32609,xxx
32610,xxx
32611,xxx
32612,xxx
32613,xxx
32614,xxx
32615,xxx
32616,xxx
32617,xxx
32618,xxx
32619,xxx
32620,xxx
32621,xxx
32622,xxx
32623,xxx
32624,xxx
32625,xxx
32626,xxx
32627,xxx
32628,xxx
32629,xxx
32630,xxx
32631,xxx
32632,xxx
32633,xxx
32634,xxx
32635,xxx
32636,xxx
32637,xxx
32638,xxx
32639,xxx
32640,xxx
32641,xxx
32642,xxx
32643,xxx
32644,xxx
32645,xxx
32646,xxx
32647,xxx
32648,xxx
32649,xxx
32650,xxx
32651,xxx
32652,xxx
32653,xxx
32654,xxx
32655,xxx
32656,xxx
32657,xxx
32658,xxx
32659,xxx
32660,xxx
32661,xxx
32662,xxx
32663,xxx
32664,xxx
32665,xxx
32666,xxx
32667,xxx
32668,xxx
32669,xxx
32670,xxx
32671,xxx
32672,xxx
32673,xxx
32674,xxx
32675,xxx
32676,xxx
32677,xxx
32678,xxx
32679,xxx
32680,xxx
32681,xxx
32682,xxx
32683,xxx
32684,xxx
32685,xxx
32686,xxx
32687,xxx
32688,xxx
32689,xxx
32690,xxx
32691,xxx
32692,xxx
32693,xxx
32694,xxx
32695,xxx
32696,xxx
32697,xxx
32698,xxx
32699,xxx
32700,xxx
32701,xxx
32702,xxx
32703,xxx
32704,xxx
32705,xxx
32706,xxx
32707,xxx
32708,xxx
32709,xxx
32710,xxx
32711,xxx
32712,xxx
32713,xxx
32714,xxx
32715,xxx
32716,xxx
32717,xxx
32718,xxx
32719,xxx
32720,xxx
32721,xxx
32722,xxx
32723,xxx
32724,xxx
32725,xxx
32726,xxx
32727,xxx
32728,xxx
32729,xxx
32730,xxx
32731,xxx
32732,xxx
32733,xxx
32734,xxx
32735,xxx
32736,xxx
32737,xxx
32738,xxx
32739,xxx
32740,xxx
32741,xxx
32742,xxx
32743,xxx
32744,xxx
32745,xxx
32746,xxx
32747,xxx
32748,xxx
32749,xxx
32750,xxx
32751,xxx
32752,xxx
32753,xxx
32754,xxx
32755,xxx
32756,xxx
32757,xxx
32758,xxx
32759,xxx
32760,xxx
32761,xxx
32762,xxx
32763,xxx
32764,xxx
32765,xxx
32766,xxx
32767,xxx
32768,xxx
32769,xxx
32770,xxx
32771,xxx
32772,xxx
32773,xxx
32774,xxx
32775,xxx
32776,xxx
32777,xxx
32778,xxx
32779,xxx
32780,xxx
32781,xxx
32782,xxx
32783,xxx
32784,xxx
32785,xxx
32786,xxx
32787,xxx
32788,xxx
32789,xxx
32790,xxx
32791,xxx
32792,xxx
32793,xxx
32794,xxx
32795,xxx
32796,xxx
32797,xxx
32798,xxx
32799,xxx
32800,xxx
32801,xxx
32802,xxx
32803,xxx
32804,xxx
32805,xxx
32806,xxx
32807,xxx
32808,xxx
32809,xxx
32810,xxx
32811,xxx
32812,xxx
32813,xxx
32814,xxx
32815,xxx
32816,xxx
32817,xxx
32818,xxx
32819,xxx
32820,xxx
32821,xxx
32822,xxx
32823,xxx
32824,xxx
32825,xxx
32826,xxx
32827,xxx
32828,xxx
32829,xxx
32830,xxx
32831,xxx
32832,xxx
32833,xxx
32834,xxx
32835,xxx
32836,xxx
32837,xxx
32838,xxx
32839,xxx
32840,xxx
32841,xxx
32842,xxx
32843,xxx
32844,xxx
32845,xxx
32846,xxx
32847,xxx
32848,xxx
32849,xxx
32850,xxx
32851,xxx
32852,xxx
32853,xxx
32854,xxx
32855,xxx
32856,xxx
32857,xxx
32858,xxx
32859,xxx
32860,xxx
32861,xxx
32862,xxx
32863,xxx
32864,xxx
32865,xxx
32866,xxx
32867,xxx
32868,xxx
32869,xxx
32870,xxx
32871,xxx
32872,xxx
32873,xxx
32874,xxx
32875,xxx
32876,xxx
32877,xxx
32878,xxx
32879,xxx
32880,xxx
32881,xxx
32882,xxx
32883,xxx
32884,xxx
32885,xxx
32886,xxx
32887,xxx
32888,xxx
32889,xxx
32890,xxx
32891,xxx
32892,xxx
32893,xxx
32894,xxx
32895,xxx
32896,xxx
32897,xxx
32898,xxx
32899,xxx
32900,xxx
32901,xxx
32902,xxx
32903,xxx
32904,xxx
32905,xxx
32906,xxx
32907,xxx
32908,xxx
32909,xxx
32910,xxx
32911,xxx
32912,xxx
32913,xxx
32914,xxx
32915,xxx
32916,xxx
32917,xxx
32918,xxx
32919,xxx
32920,xxx
32921,xxx
32922,xxx
32923,xxx
32924,xxx
32925,xxx
32926,xxx
32927,xxx
32928,xxx
32929,xxx
32930,xxx
32931,xxx
32932,xxx
32933,xxx
32934,xxx
32935,xxx
32936,xxx
32937,xxx
32938,xxx
32939,xxx
32940,xxx
32941,xxx
32942,xxx
32943,xxx
32944,xxx
32945,xxx
32946,xxx
32947,xxx
32948,xxx
32949,xxx
32950,xxx
32951,xxx
32952,xxx
32953,xxx
32954,xxx
32955,xxx
32956,xxx
32957,xxx
32958,xxx
32959,xxx
32960,xxx
32961,xxx
32962,xxx
32963,xxx
32964,xxx
32965,xxx
32966,xxx
32967,xxx
32968,xxx
32969,xxx
32970,xxx
32971,xxx
32972,xxx
32973,xxx
32974,xxx
32975,xxx
32976,xxx
32977,xxx
32978,xxx
32979,xxx
32980,xxx
32981,xxx
32982,xxx
32983,xxx
32984,xxx
32985,xxx
32986,xxx
32987,xxx
32988,xxx
32989,xxx
32990,xxx
32991,xxx
32992,xxx
32993,xxx
32994,xxx
32995,xxx
32996,xxx
32997,xxx
32998,xxx
32999,xxx
33000,xxx
33001,xxx
33002,xxx
33003,xxx
33004,xxx
33005,xxx
33006,xxx
33007,xxx
33008,xxx
33009,xxx
33010,xxx
33011,xxx
33012,xxx
33013,xxx
33014,xxx
33015,xxx
33016,xxx
33017,xxx
33018,xxx
33019,xxx
33020,xxx
33021,xxx
33022,xxx
33023,xxx
33024,xxx
33025,xxx
33026,xxx
33027,xxx
33028,xxx
33029,xxx
33030,xxx
33031,xxx
33032,xxx
33033,xxx
33034,xxx
33035,xxx
33036,xxx
33037,xxx
33038,xxx
33039,xxx
33040,xxx
33041,xxx
33042,xxx
33043,xxx
33044,xxx
33045,xxx
33046,xxx
33047,xxx
33048,xxx
33049,xxx
33050,xxx
33051,xxx
33052,xxx
33053,xxx
33054,xxx
33055,xxx
33056,xxx
33057,xxx
33058,xxx
33059,xxx
33060,xxx
33061,xxx
33062,xxx
33063,xxx
33064,xxx
33065,xxx
33066,xxx
33067,xxx
33068,xxx
33069,xxx
33070,xxx
33071,xxx
33072,xxx
33073,xxx
33074,xxx
33075,xxx
33076,xxx
33077,xxx
33078,xxx
33079,xxx
33080,xxx
33081,xxx
33082,xxx
33083,xxx
33084,xxx
33085,xxx
33086,xxx
33087,xxx
33088,xxx
33089,xxx
33090,xxx
33091,xxx
33092,xxx
33093,xxx
33094,xxx
33095,xxx
33096,xxx
33097,xxx
33098,xxx
33099,xxx
33100,xxx
33101,xxx
33102,xxx
33103,xxx
33104,xxx
33105,xxx
33106,xxx
33107,xxx
33108,xxx
33109,xxx
33110,xxx
33111,xxx
33112,xxx
33113,xxx
33114,xxx
33115,xxx
33116,xxx
33117,xxx
33118,xxx
33119,xxx
33120,xxx
33121,xxx
33122,xxx
33123,xxx
33124,xxx
33125,xxx
33126,xxx
33127,xxx
33128,xxx
33129,xxx
33130,xxx
33131,xxx
33132,xxx
33133,xxx
33134,xxx
33135,xxx
33136,xxx
33137,xxx
33138,xxx
33139,xxx
33140,xxx
33141,xxx
33142,xxx
33143,xxx
33144,xxx
33145,xxx
33146,xxx
33147,xxx
33148,xxx
33149,xxx
33150,xxx
33151,xxx
33152,xxx
33153,xxx
33154,xxx
33155,xxx
33156,xxx
33157,xxx
33158,xxx
33159,xxx
33160,xxx
33161,xxx
33162,xxx
33163,xxx
33164,xxx
33165,xxx
33166,xxx
33167,xxx
33168,xxx
33169,xxx
33170,xxx
33171,xxx
33172,xxx
33173,xxx
33174,xxx
33175,xxx
33176,xxx
33177,xxx
33178,xxx
33179,xxx
33180,xxx
33181,xxx
33182,xxx
33183,xxx
33184,xxx
33185,xxx
33186,xxx
33187,xxx
33188,xxx
33189,xxx
33190,xxx
33191,xxx
33192,xxx
33193,xxx
33194,xxx
33195,xxx
33196,xxx
33197,xxx
33198,xxx
33199,xxx
33200,xxx
33201,xxx
33202,xxx
33203,xxx
33204,xxx
33205,xxx
33206,xxx
33207,xxx
33208,xxx
33209,xxx
33210,xxx
33211,xxx
33212,xxx
33213,xxx
33214,xxx
33215,xxx
33216,xxx
33217,xxx
33218,xxx
33219,xxx
33220,xxx
33221,xxx
33222,xxx
33223,xxx
33224,xxx
33225,xxx
33226,xxx
33227,xxx
33228,xxx
33229,xxx
33230,xxx
33231,xxx
33232,xxx
33233,xxx
33234,xxx
33235,xxx
33236,xxx
33237,xxx
33238,xxx
33239,xxx
33240,xxx
33241,xxx
33242,xxx
33243,xxx
33244,xxx
33245,xxx
33246,xxx
33247,xxx
33248,xxx
33249,xxx
33250,xxx
33251,xxx
33252,xxx
33253,xxx
33254,xxx
33255,xxx
33256,xxx
33257,xxx
33258,xxx
33259,xxx
33260,xxx
33261,xxx
33262,xxx
33263,xxx
33264,xxx
33265,xxx
33266,xxx
33267,xxx
33268,xxx
33269,xxx
33270,xxx
33271,xxx
33272,xxx
33273,xxx
33274,xxx
33275,xxx
33276,xxx
33277,xxx
33278,xxx
33279,xxx
33280,xxx
33281,xxx
33282,xxx
33283,xxx
33284,xxx
33285,xxx
33286,xxx
33287,xxx
33288,xxx
33289,xxx
33290,xxx
33291,xxx
33292,xxx
33293,xxx
33294,xxx
33295,xxx
33296,xxx
33297,xxx
33298,xxx
33299,xxx
33300,xxx
33301,xxx
33302,xxx
33303,xxx
33304,xxx
33305,xxx
33306,xxx
33307,xxx
33308,xxx
33309,xxx
33310,xxx
33311,xxx
33312,xxx
33313,xxx
33314,xxx
33315,xxx
33316,xxx
33317,xxx
33318,xxx
33319,xxx
33320,xxx
33321,xxx
33322,xxx
33323,xxx
33324,xxx
33325,xxx
33326,xxx
33327,xxx
33328,xxx
33329,xxx
33330,xxx
33331,xxx
33332,xxx
33333,xxx
33334,xxx
33335,xxx
33336,xxx
33337,xxx
33338,xxx
33339,xxx
33340,xxx
33341,xxx
33342,xxx
33343,xxx
33344,xxx
33345,xxx
33346,xxx
33347,xxx
33348,xxx
33349,xxx
33350,xxx
33351,xxx
33352,xxx
33353,xxx
33354,xxx
33355,xxx
33356,xxx
33357,xxx
33358,xxx
33359,xxx
33360,xxx
33361,xxx
33362,xxx
33363,xxx
33364,xxx
33365,xxx
33366,xxx
33367,xxx
33368,xxx
33369,xxx
33370,xxx
33371,xxx
33372,xxx
33373,xxx
33374,xxx
33375,xxx
33376,xxx
33377,xxx
33378,xxx
33379,xxx
33380,xxx
33381,xxx
33382,xxx
33383,xxx
33384,xxx
33385,xxx
33386,xxx
33387,xxx
33388,xxx
33389,xxx
33390,xxx
33391,xxx
33392,xxx
33393,xxx
33394,xxx
33395,xxx
33396,xxx
33397,xxx
33398,xxx
33399,xxx
33400,xxx
33401,xxx
33402,xxx
33403,xxx
33404,xxx
33405,xxx
33406,xxx
33407,xxx
33408,xxx
33409,xxx
33410,xxx
33411,xxx
33412,xxx
33413,xxx
33414,xxx
33415,xxx
33416,xxx
33417,xxx
33418,xxx
33419,xxx
33420,xxx
33421,xxx
33422,xxx
33423,xxx
33424,xxx
33425,xxx
33426,xxx
33427,xxx
33428,xxx
33429,xxx
33430,xxx
33431,xxx
33432,xxx
33433,xxx
33434,xxx
33435,xxx
33436,xxx
33437,xxx
33438,xxx
33439,xxx
33440,xxx
33441,xxx
33442,xxx
33443,xxx
33444,xxx
33445,xxx
33446,xxx
33447,xxx
33448,xxx
33449,xxx
33450,xxx
33451,xxx
33452,xxx
33453,xxx
33454,xxx
33455,xxx
33456,xxx
33457,xxx
33458,xxx
33459,xxx
33460,xxx
33461,xxx
33462,xxx
33463,xxx
33464,xxx
33465,xxx
33466,xxx
33467,xxx
33468,xxx
33469,xxx
33470,xxx
33471,xxx
33472,xxx
33473,xxx
33474,xxx
33475,xxx
33476,xxx
33477,xxx
33478,xxx
33479,xxx
33480,xxx
33481,xxx
33482,xxx
33483,xxx
33484,xxx
33485,xxx
33486,xxx
33487,xxx
33488,xxx
33489,xxx
33490,xxx
33491,xxx
33492,xxx
33493,xxx
33494,xxx
33495,xxx
33496,xxx
33497,xxx
33498,xxx
33499,xxx
33500,xxx
33501,xxx
33502,xxx
33503,xxx
33504,xxx
33505,xxx
33506,xxx
33507,xxx
33508,xxx
33509,xxx
33510,xxx
33511,xxx
33512,xxx
33513,xxx
33514,xxx
33515,xxx
33516,xxx
33517,xxx
33518,xxx
33519,xxx
33520,xxx
33521,xxx
33522,xxx
33523,xxx
33524,xxx
33525,xxx
33526,xxx
33527,xxx
33528,xxx
33529,xxx
33530,xxx
33531,xxx
33532,xxx
33533,xxx
33534,xxx
33535,xxx
33536,xxx
33537,xxx
33538,xxx
33539,xxx
33540,xxx
33541,xxx
33542,xxx
33543,xxx
33544,xxx
33545,xxx
33546,xxx
33547,xxx
33548,xxx
33549,xxx
33550,xxx
33551,xxx
33552,xxx
33553,xxx
33554,xxx
33555,xxx
33556,xxx
33557,xxx
33558,xxx
33559,xxx
33560,xxx
33561,xxx
33562,xxx
33563,xxx
33564,xxx
33565,xxx
33566,xxx
33567,xxx
33568,xxx
33569,xxx
33570,xxx
33571,xxx
33572,xxx
33573,xxx
33574,xxx
33575,xxx
33576,xxx
33577,xxx
33578,xxx
33579,xxx
33580,xxx
33581,xxx
33582,xxx
33583,xxx
33584,xxx
33585,xxx
33586,xxx
33587,xxx
33588,xxx
33589,xxx
33590,xxx
33591,xxx
33592,xxx
33593,xxx
33594,xxx
33595,xxx
33596,xxx
33597,xxx
33598,xxx
33599,xxx
33600,xxx
33601,xxx
33602,xxx
33603,xxx
33604,xxx
33605,xxx
33606,xxx
33607,xxx
33608,xxx
33609,xxx
33610,xxx
33611,xxx
33612,xxx
33613,xxx
33614,xxx
33615,xxx
33616,xxx
33617,xxx
33618,xxx
33619,xxx
33620,xxx
33621,xxx
33622,xxx
33623,xxx
33624,xxx
33625,xxx
33626,xxx
33627,xxx
33628,xxx
33629,xxx
33630,xxx
33631,xxx
33632,xxx
33633,xxx
33634,xxx
33635,xxx
33636,xxx
33637,xxx
33638,xxx
33639,xxx
33640,xxx
33641,xxx
33642,xxx
33643,xxx
33644,xxx
33645,xxx
33646,xxx
33647,xxx
33648,xxx
33649,xxx
33650,xxx
33651,xxx
33652,xxx
33653,xxx
33654,xxx
33655,xxx
33656,xxx
33657,xxx
33658,xxx
33659,xxx
33660,xxx
33661,xxx
33662,xxx
33663,xxx
33664,xxx
33665,xxx
33666,xxx
33667,xxx
33668,xxx
33669,xxx
33670,xxx
33671,xxx
33672,xxx
33673,xxx
33674,xxx
33675,xxx
33676,xxx
33677,xxx
33678,xxx
33679,xxx
33680,xxx
33681,xxx
33682,xxx
33683,xxx
33684,xxx
33685,xxx
33686,xxx
33687,xxx
33688,xxx
33689,xxx
33690,xxx
33691,xxx
33692,xxx
33693,xxx
33694,xxx
33695,xxx
33696,xxx
33697,xxx
33698,xxx
33699,xxx
33700,xxx
33701,xxx
33702,xxx
33703,xxx
33704,xxx
33705,xxx
33706,xxx
33707,xxx
33708,xxx
33709,xxx
33710,xxx
33711,xxx
33712,xxx
33713,xxx
33714,xxx
33715,xxx
33716,xxx
33717,xxx
33718,xxx
33719,xxx
33720,xxx
33721,xxx
33722,xxx
33723,xxx
33724,xxx
33725,xxx
33726,xxx
33727,xxx
33728,xxx
33729,xxx
33730,xxx
33731,xxx
33732,xxx
33733,xxx
33734,xxx
33735,xxx
33736,xxx
33737,xxx
33738,xxx
33739,xxx
33740,xxx
33741,xxx
33742,xxx
33743,xxx
33744,xxx
33745,xxx
33746,xxx
33747,xxx
33748,xxx
33749,xxx
33750,xxx
33751,xxx
33752,xxx
33753,xxx
33754,xxx
33755,xxx
33756,xxx
33757,xxx
33758,xxx
33759,xxx
33760,xxx
33761,xxx
33762,xxx
33763,xxx
33764,xxx
33765,xxx
33766,xxx
33767,xxx
33768,xxx
33769,xxx
33770,xxx
33771,xxx
33772,xxx
33773,xxx
33774,xxx
33775,xxx
33776,xxx
33777,xxx
33778,xxx
33779,xxx
33780,xxx
33781,xxx
33782,xxx
33783,xxx
33784,xxx
33785,xxx
33786,xxx
33787,xxx
33788,xxx
33789,xxx
33790,xxx
33791,xxx
33792,xxx
33793,xxx
33794,xxx
33795,xxx
33796,xxx
33797,xxx
33798,xxx
33799,xxx
33800,xxx
33801,xxx
33802,xxx
33803,xxx
33804,xxx
33805,xxx
33806,xxx
33807,xxx
33808,xxx
33809,xxx
33810,xxx
33811,xxx
33812,xxx
33813,xxx
33814,xxx
33815,xxx
33816,xxx
33817,xxx
33818,xxx
33819,xxx
33820,xxx
33821,xxx
33822,xxx
33823,xxx
33824,xxx
33825,xxx
33826,xxx
33827,xxx
33828,xxx
33829,xxx
33830,xxx
33831,xxx
33832,xxx
33833,xxx
33834,xxx
33835,xxx
33836,xxx
33837,xxx
33838,xxx
33839,xxx
33840,xxx
33841,xxx
33842,xxx
33843,xxx
33844,xxx
33845,xxx
33846,xxx
33847,xxx
33848,xxx
33849,xxx
33850,xxx
33851,xxx
33852,xxx
33853,xxx
33854,xxx
33855,xxx
33856,xxx
33857,xxx
33858,xxx
33859,xxx
33860,xxx
33861,xxx
33862,xxx
33863,xxx
33864,xxx
33865,xxx
33866,xxx
33867,xxx
33868,xxx
33869,xxx
33870,xxx
33871,xxx
33872,xxx
33873,xxx
33874,xxx
33875,xxx
33876,xxx
33877,xxx
33878,xxx
33879,xxx
33880,xxx
33881,xxx
33882,xxx
33883,xxx
33884,xxx
33885,xxx
33886,xxx
33887,xxx
33888,xxx
33889,xxx
33890,xxx
33891,xxx
33892,xxx
33893,xxx
33894,xxx
33895,xxx
33896,xxx
33897,xxx
33898,xxx
33899,xxx
33900,xxx
33901,xxx
33902,xxx
33903,xxx
33904,xxx
33905,xxx
33906,xxx
33907,xxx
33908,xxx
33909,xxx
33910,xxx
33911,xxx
33912,xxx
33913,xxx
33914,xxx
33915,xxx
33916,xxx
33917,xxx
33918,xxx
33919,xxx
33920,xxx
33921,xxx
33922,xxx
33923,xxx
33924,xxx
33925,xxx
33926,xxx
33927,xxx
33928,xxx
33929,xxx
33930,xxx
33931,xxx
33932,xxx
33933,xxx
33934,xxx
33935,xxx
33936,xxx
33937,xxx
33938,xxx
33939,xxx
33940,xxx
33941,xxx
33942,xxx
33943,xxx
33944,xxx
33945,xxx
33946,xxx
33947,xxx
33948,xxx
33949,xxx
33950,xxx
33951,xxx
33952,xxx
33953,xxx
33954,xxx
33955,xxx
33956,xxx
33957,xxx
33958,xxx
33959,xxx
33960,xxx
33961,xxx
33962,xxx
33963,xxx
33964,xxx
33965,xxx
33966,xxx
33967,xxx
33968,xxx
33969,xxx
33970,xxx
33971,xxx
33972,xxx
33973,xxx
33974,xxx
33975,xxx
33976,xxx
33977,xxx
33978,xxx
33979,xxx
33980,xxx
33981,xxx
33982,xxx
33983,xxx
33984,xxx
33985,xxx
33986,xxx
33987,xxx
33988,xxx
33989,xxx
33990,xxx
33991,xxx
33992,xxx
33993,xxx
33994,xxx
33995,xxx
33996,xxx
33997,xxx
33998,xxx
33999,xxx
34000,xxx
34001,xxx
34002,xxx
34003,xxx
34004,xxx
34005,xxx
34006,xxx
34007,xxx
34008,xxx
34009,xxx
34010,xxx
34011,xxx
34012,xxx
34013,xxx
34014,xxx
34015,xxx
34016,xxx
34017,xxx
34018,xxx
34019,xxx
34020,xxx
34021,xxx
34022,xxx
34023,xxx
34024,xxx
34025,xxx
34026,xxx
34027,xxx
34028,xxx
34029,xxx
34030,xxx
34031,xxx
34032,xxx
34033,xxx
34034,xxx
34035,xxx
34036,xxx
34037,xxx
34038,xxx
34039,xxx
34040,xxx
34041,xxx
34042,xxx
34043,xxx
34044,xxx
34045,xxx
34046,xxx
34047,xxx
34048,xxx
34049,xxx
34050,xxx
34051,xxx
34052,xxx
34053,xxx
34054,xxx
34055,xxx
34056,xxx
34057,xxx
34058,xxx
34059,xxx
34060,xxx
34061,xxx
34062,xxx
34063,xxx
34064,xxx
34065,xxx
34066,xxx
34067,xxx
34068,xxx
34069,xxx
34070,xxx
34071,xxx
34072,xxx
34073,xxx
34074,xxx
34075,xxx
34076,xxx
34077,xxx
34078,xxx
34079,xxx
34080,xxx
34081,xxx
34082,xxx
34083,xxx
34084,xxx
34085,xxx
34086,xxx
34087,xxx
34088,xxx
34089,xxx
34090,xxx
34091,xxx
34092,xxx
34093,xxx
34094,xxx
34095,xxx
34096,xxx
34097,xxx
34098,xxx
34099,xxx
34100,xxx
34101,xxx
34102,xxx
34103,xxx
34104,xxx
34105,xxx
34106,xxx
34107,xxx
34108,xxx
34109,xxx
34110,xxx
34111,xxx
34112,xxx
34113,xxx
34114,xxx
34115,xxx
34116,xxx
34117,xxx
34118,xxx
34119,xxx
34120,xxx
34121,xxx
34122,xxx
34123,xxx
34124,xxx
34125,xxx
34126,xxx
34127,xxx
34128,xxx
34129,xxx
34130,xxx
34131,xxx
34132,xxx
34133,xxx
34134,xxx
34135,xxx
34136,xxx
34137,xxx
34138,xxx
34139,xxx
34140,xxx
34141,xxx
34142,xxx
34143,xxx
34144,xxx
34145,xxx
34146,xxx
34147,xxx
34148,xxx
34149,xxx
34150,xxx
34151,xxx
34152,xxx
34153,xxx
34154,xxx
34155,xxx
34156,xxx
34157,xxx
34158,xxx
34159,xxx
34160,xxx
34161,xxx
34162,xxx
34163,xxx
34164,xxx
34165,xxx
34166,xxx
34167,xxx
34168,xxx
34169,xxx
34170,xxx
34171,xxx
34172,xxx
34173,xxx
34174,xxx
34175,xxx
34176,xxx
34177,xxx
34178,xxx
34179,xxx
34180,xxx
34181,xxx
34182,xxx
34183,xxx
34184,xxx
34185,xxx
34186,xxx
34187,xxx
34188,xxx
34189,xxx
34190,xxx
34191,xxx
34192,xxx
34193,xxx
34194,xxx
34195,xxx
34196,xxx
34197,xxx
34198,xxx
34199,xxx
34200,xxx
34201,xxx
34202,xxx
34203,xxx
34204,xxx
34205,xxx
34206,xxx
34207,xxx
34208,xxx
34209,xxx
34210,xxx
34211,xxx
34212,xxx
34213,xxx
34214,xxx
34215,xxx
34216,xxx
34217,xxx
34218,xxx
34219,xxx
34220,xxx
34221,xxx
34222,xxx
34223,xxx
34224,xxx
34225,xxx
34226,xxx
34227,xxx
34228,xxx
34229,xxx
34230,xxx
34231,xxx
34232,xxx
34233,xxx
34234,xxx
34235,xxx
34236,xxx
34237,xxx
34238,xxx
34239,xxx
34240,xxx
34241,xxx
34242,xxx
34243,xxx
34244,xxx
34245,xxx
34246,xxx
34247,xxx
34248,xxx
34249,xxx
34250,xxx
34251,xxx
34252,xxx
34253,xxx
34254,xxx
34255,xxx
34256,xxx
34257,xxx
34258,xxx
34259,xxx
34260,xxx
34261,xxx
34262,xxx
34263,xxx
34264,xxx
34265,xxx
34266,xxx
34267,xxx
34268,xxx
34269,xxx
34270,xxx
34271,xxx
34272,xxx
34273,xxx
34274,xxx
34275,xxx
34276,xxx
34277,xxx
34278,xxx
34279,xxx
34280,xxx
34281,xxx
34282,xxx
34283,xxx
34284,xxx
34285,xxx
34286,xxx
34287,xxx
34288,xxx
34289,xxx
34290,xxx
34291,xxx
34292,xxx
34293,xxx
34294,xxx
34295,xxx
34296,xxx
34297,xxx
34298,xxx
34299,xxx
34300,xxx
34301,xxx
34302,xxx
34303,xxx
34304,xxx
34305,xxx
34306,xxx
34307,xxx
34308,xxx
34309,xxx
34310,xxx
34311,xxx
34312,xxx
34313,xxx
34314,xxx
34315,xxx
34316,xxx
34317,xxx
34318,xxx
34319,xxx
34320,xxx
34321,xxx
34322,xxx
34323,xxx
34324,xxx
34325,xxx
34326,xxx
34327,xxx
34328,xxx
34329,xxx
34330,xxx
34331,xxx
34332,xxx
34333,xxx
34334,xxx
34335,xxx
34336,xxx
34337,xxx
34338,xxx
34339,xxx
34340,xxx
34341,xxx
34342,xxx
34343,xxx
34344,xxx
34345,xxx
34346,xxx
34347,xxx
34348,xxx
34349,xxx
34350,xxx
34351,xxx
34352,xxx
34353,xxx
34354,xxx
34355,xxx
34356,xxx
34357,xxx
34358,xxx
34359,xxx
34360,xxx
34361,xxx
34362,xxx
34363,xxx
34364,xxx
34365,xxx
34366,xxx
34367,xxx
34368,xxx
34369,xxx
34370,xxx
34371,xxx
34372,xxx
34373,xxx
34374,xxx
34375,xxx
34376,xxx
34377,xxx
34378,xxx
34379,xxx
34380,xxx
34381,xxx
34382,xxx
34383,xxx
34384,xxx
34385,xxx
34386,xxx
34387,xxx
34388,xxx
34389,xxx
34390,xxx
34391,xxx
34392,xxx
34393,xxx
34394,xxx
34395,xxx
34396,xxx
34397,xxx
34398,xxx
34399,xxx
34400,xxx
34401,xxx
34402,xxx
34403,xxx
34404,xxx
34405,xxx
34406,xxx
34407,xxx
34408,xxx
34409,xxx
34410,xxx
34411,xxx
34412,xxx
34413,xxx
34414,xxx
34415,xxx
34416,xxx
34417,xxx
34418,xxx
34419,xxx
34420,xxx
34421,xxx
34422,xxx
34423,xxx
34424,xxx
34425,xxx
34426,xxx
34427,xxx
34428,xxx
34429,xxx
34430,xxx
34431,xxx
34432,xxx
34433,xxx
34434,xxx
34435,xxx
34436,xxx
34437,xxx
34438,xxx
34439,xxx
34440,xxx
34441,xxx
34442,xxx
34443,xxx
34444,xxx
34445,xxx
34446,xxx
34447,xxx
34448,xxx
34449,xxx
34450,xxx
34451,xxx
34452,xxx
34453,xxx
34454,xxx
34455,xxx
34456,xxx
34457,xxx
34458,xxx
34459,xxx
34460,xxx
34461,xxx
34462,xxx
34463,xxx
34464,xxx
34465,xxx
34466,xxx
34467,xxx
34468,xxx
34469,xxx
34470,xxx
34471,xxx
34472,xxx
34473,xxx
34474,xxx
34475,xxx
34476,xxx
34477,xxx
34478,xxx
34479,xxx
34480,xxx
34481,xxx
34482,xxx
34483,xxx
34484,xxx
34485,xxx
34486,xxx
34487,xxx
34488,xxx
34489,xxx
34490,xxx
34491,xxx
34492,xxx
34493,xxx
34494,xxx
34495,xxx
34496,xxx
34497,xxx
34498,xxx
34499,xxx
34500,xxx
34501,xxx
34502,xxx
34503,xxx
34504,xxx
34505,xxx
34506,xxx
34507,xxx
34508,xxx
34509,xxx
34510,xxx
34511,xxx
34512,xxx
34513,xxx
34514,xxx
34515,xxx
34516,xxx
34517,xxx
34518,xxx
34519,xxx
34520,xxx
34521,xxx
34522,xxx
34523,xxx
34524,xxx
34525,xxx
34526,xxx
34527,xxx
34528,xxx
34529,xxx
34530,xxx
34531,xxx
34532,xxx
34533,xxx
34534,xxx
34535,xxx
34536,xxx
34537,xxx
34538,xxx
34539,xxx
34540,xxx
34541,xxx
34542,xxx
34543,xxx
34544,xxx
34545,xxx
34546,xxx
34547,xxx
34548,xxx
34549,xxx
34550,xxx
34551,xxx
34552,xxx
34553,xxx
34554,xxx
34555,xxx
34556,xxx
34557,xxx
34558,xxx
34559,xxx
34560,xxx
34561,xxx
34562,xxx
34563,xxx
34564,xxx
34565,xxx
34566,xxx
34567,xxx
34568,xxx
34569,xxx
34570,xxx
34571,xxx
34572,xxx
34573,xxx
34574,xxx
34575,xxx
34576,xxx
34577,xxx
34578,xxx
34579,xxx
34580,xxx
34581,xxx
34582,xxx
34583,xxx
34584,xxx
34585,xxx
34586,xxx
34587,xxx
34588,xxx
34589,xxx
34590,xxx
34591,xxx
34592,xxx
34593,xxx
34594,xxx
34595,xxx
34596,xxx
34597,xxx
34598,xxx
34599,xxx
34600,xxx
34601,xxx
34602,xxx
34603,xxx
34604,xxx
34605,xxx
34606,xxx
34607,xxx
34608,xxx
34609,xxx
34610,xxx
34611,xxx
34612,xxx
34613,xxx
34614,xxx
34615,xxx
34616,xxx
34617,xxx
34618,xxx
34619,xxx
34620,xxx
34621,xxx
34622,xxx
34623,xxx
34624,xxx
34625,xxx
34626,xxx
34627,xxx
34628,xxx
34629,xxx
34630,xxx
34631,xxx
34632,xxx
34633,xxx
34634,xxx
34635,xxx
34636,xxx
34637,xxx
34638,xxx
34639,xxx
34640,xxx
34641,xxx
34642,xxx
34643,xxx
34644,xxx
34645,xxx
34646,xxx
34647,xxx
34648,xxx
34649,xxx
34650,xxx
34651,xxx
34652,xxx
34653,xxx
34654,xxx
34655,xxx
34656,xxx
34657,xxx
34658,xxx
34659,xxx
34660,xxx
34661,xxx
34662,xxx
34663,xxx
34664,xxx
34665,xxx
34666,xxx
34667,xxx
34668,xxx
34669,xxx
34670,xxx
34671,xxx
34672,xxx
34673,xxx
34674,xxx
34675,xxx
34676,xxx
34677,xxx
34678,xxx
34679,xxx
34680,xxx
34681,xxx
34682,xxx
34683,xxx
34684,xxx
34685,xxx
34686,xxx
34687,xxx
34688,xxx
34689,xxx
34690,xxx
34691,xxx
34692,xxx
34693,xxx
34694,xxx
34695,xxx
34696,xxx
34697,xxx
34698,xxx
34699,xxx
34700,xxx
34701,xxx
34702,xxx
34703,xxx
34704,xxx
34705,xxx
34706,xxx
34707,xxx
34708,xxx
34709,xxx
34710,xxx
34711,xxx
34712,xxx
34713,xxx
34714,xxx
34715,xxx
34716,xxx
34717,xxx
34718,xxx
34719,xxx
34720,xxx
34721,xxx
34722,xxx
34723,xxx
34724,xxx
34725,xxx
34726,xxx
34727,xxx
34728,xxx
34729,xxx
34730,xxx
34731,xxx
34732,xxx
34733,xxx
34734,xxx
34735,xxx
34736,xxx
34737,xxx
34738,xxx
34739,xxx
34740,xxx
34741,xxx
34742,xxx
34743,xxx
34744,xxx
34745,xxx
34746,xxx
34747,xxx
34748,xxx
34749,xxx
34750,xxx
34751,xxx
34752,xxx
34753,xxx
34754,xxx
34755,xxx
34756,xxx
34757,xxx
34758,xxx
34759,xxx
34760,xxx
34761,xxx
34762,xxx
34763,xxx
34764,xxx
34765,xxx
34766,xxx
34767,xxx
34768,xxx
34769,xxx
34770,xxx
34771,xxx
34772,xxx
34773,xxx
34774,xxx
34775,xxx
34776,xxx
34777,xxx
34778,xxx
34779,xxx
34780,xxx
34781,xxx
34782,xxx
34783,xxx
34784,xxx
34785,xxx
34786,xxx
34787,xxx
34788,xxx
34789,xxx
34790,xxx
34791,xxx
34792,xxx
34793,xxx
34794,xxx
34795,xxx
34796,xxx
34797,xxx
34798,xxx
34799,xxx
34800,xxx
34801,xxx
34802,xxx
34803,xxx
34804,xxx
34805,xxx
34806,xxx
34807,xxx
34808,xxx
34809,xxx
34810,xxx
34811,xxx
34812,xxx
34813,xxx
34814,xxx
34815,xxx
34816,xxx
34817,xxx
34818,xxx
34819,xxx
34820,xxx
34821,xxx
34822,xxx
34823,xxx
34824,xxx
34825,xxx
34826,xxx
34827,xxx
34828,xxx
34829,xxx
34830,xxx
34831,xxx
34832,xxx
34833,xxx
34834,xxx
34835,xxx
34836,xxx
34837,xxx
34838,xxx
34839,xxx
34840,xxx
34841,xxx
34842,xxx
34843,xxx
34844,xxx
34845,xxx
34846,xxx
34847,xxx
34848,xxx
34849,xxx
34850,xxx
34851,xxx
34852,xxx
34853,xxx
34854,xxx
34855,xxx
34856,xxx
34857,xxx
34858,xxx
34859,xxx
34860,xxx
34861,xxx
34862,xxx
34863,xxx
34864,xxx
34865,xxx
34866,xxx
34867,xxx
34868,xxx
34869,xxx
34870,xxx
34871,xxx
34872,xxx
34873,xxx
34874,xxx
34875,xxx
34876,xxx
34877,xxx
34878,xxx
34879,xxx
34880,xxx
34881,xxx
34882,xxx
34883,xxx
34884,xxx
34885,xxx
34886,xxx
34887,xxx
34888,xxx
34889,xxx
34890,xxx
34891,xxx
34892,xxx
34893,xxx
34894,xxx
34895,xxx
34896,xxx
34897,xxx
34898,xxx
34899,xxx
34900,xxx
34901,xxx
34902,xxx
34903,xxx
34904,xxx
34905,xxx
34906,xxx
34907,xxx
34908,xxx
34909,xxx
34910,xxx
34911,xxx
34912,xxx
34913,xxx
34914,xxx
34915,xxx
34916,xxx
34917,xxx
34918,xxx
34919,xxx
34920,xxx
34921,xxx
34922,xxx
34923,xxx
34924,xxx
34925,xxx
34926,xxx
34927,xxx
34928,xxx
34929,xxx
34930,xxx
34931,xxx
34932,xxx
34933,xxx
34934,xxx
34935,xxx
34936,xxx
34937,xxx
34938,xxx
34939,xxx
34940,xxx
34941,xxx
34942,xxx
34943,xxx
34944,xxx
34945,xxx
34946,xxx
34947,xxx
34948,xxx
34949,xxx
34950,xxx
34951,xxx
34952,xxx
34953,xxx
34954,xxx
34955,xxx
34956,xxx
34957,xxx
34958,xxx
34959,xxx
34960,xxx
34961,xxx
34962,xxx
34963,xxx
34964,xxx
34965,xxx
34966,xxx
34967,xxx
34968,xxx
34969,xxx
34970,xxx
34971,xxx
34972,xxx
34973,xxx
34974,xxx
34975,xxx
34976,xxx
34977,xxx
34978,xxx
34979,xxx
34980,xxx
34981,xxx
34982,xxx
34983,xxx
34984,xxx
34985,xxx
34986,xxx
34987,xxx
34988,xxx
34989,xxx
34990,xxx
34991,xxx
34992,xxx
34993,xxx
34994,xxx
34995,xxx
34996,xxx
34997,xxx
34998,xxx
34999,xxx
35000,xxx
35001,xxx
35002,xxx
35003,xxx
35004,xxx
35005,xxx
35006,xxx
35007,xxx
35008,xxx
35009,xxx
35010,xxx
35011,xxx
35012,xxx
35013,xxx
35014,xxx
35015,xxx
35016,xxx
35017,xxx
35018,xxx
35019,xxx
35020,xxx
35021,xxx
35022,xxx
35023,xxx
35024,xxx
35025,xxx
35026,xxx
35027,xxx
35028,xxx
35029,xxx
35030,xxx
35031,xxx
35032,xxx
35033,xxx
35034,xxx
35035,xxx
35036,xxx
35037,xxx
35038,xxx
35039,xxx
35040,xxx
35041,xxx
35042,xxx
35043,xxx
35044,xxx
35045,xxx
35046,xxx
35047,xxx
35048,xxx
35049,xxx
35050,xxx
35051,xxx
35052,xxx
35053,xxx
35054,xxx
35055,xxx
35056,xxx
35057,xxx
35058,xxx
35059,xxx
35060,xxx
35061,xxx
35062,xxx
35063,xxx
35064,xxx
35065,xxx
35066,xxx
35067,xxx
35068,xxx
35069,xxx
35070,xxx
35071,xxx
35072,xxx
35073,xxx
35074,xxx
35075,xxx
35076,xxx
35077,xxx
35078,xxx
35079,xxx
35080,xxx
35081,xxx
35082,xxx
35083,xxx
35084,xxx
35085,xxx
35086,xxx
35087,xxx
35088,xxx
35089,xxx
35090,xxx
35091,xxx
35092,xxx
35093,xxx
35094,xxx
35095,xxx
35096,xxx
35097,xxx
35098,xxx
35099,xxx
35100,xxx
35101,xxx
35102,xxx
35103,xxx
35104,xxx
35105,xxx
35106,xxx
35107,xxx
35108,xxx
35109,xxx
35110,xxx
35111,xxx
35112,xxx
35113,xxx
35114,xxx
35115,xxx
35116,xxx
35117,xxx
35118,xxx
35119,xxx
35120,xxx
35121,xxx
35122,xxx
35123,xxx
35124,xxx
35125,xxx
35126,xxx
35127,xxx
35128,xxx
35129,xxx
35130,xxx
35131,xxx
35132,xxx
35133,xxx
35134,xxx
35135,xxx
35136,xxx
35137,xxx
35138,xxx
35139,xxx
35140,xxx
35141,xxx
35142,xxx
35143,xxx
35144,xxx
35145,xxx
35146,xxx
35147,xxx
35148,xxx
35149,xxx
35150,xxx
35151,xxx
35152,xxx
35153,xxx
35154,xxx
35155,xxx
35156,xxx
35157,xxx
35158,xxx
35159,xxx
35160,xxx
35161,xxx
35162,xxx
35163,xxx
35164,xxx
35165,xxx
35166,xxx
35167,xxx
35168,xxx
35169,xxx
35170,xxx
35171,xxx
35172,xxx
35173,xxx
35174,xxx
35175,xxx
35176,xxx
35177,xxx
35178,xxx
35179,xxx
35180,xxx
35181,xxx
35182,xxx
35183,xxx
35184,xxx
35185,xxx
35186,xxx
35187,xxx
35188,xxx
35189,xxx
35190,xxx
35191,xxx
35192,xxx
35193,xxx
35194,xxx
35195,xxx
35196,xxx
35197,xxx
35198,xxx
35199,xxx
35200,xxx
35201,xxx
35202,xxx
35203,xxx
35204,xxx
35205,xxx
35206,xxx
35207,xxx
35208,xxx
35209,xxx
35210,xxx
35211,xxx
35212,xxx
35213,xxx
35214,xxx
35215,xxx
35216,xxx
35217,xxx
35218,xxx
35219,xxx
35220,xxx
35221,xxx
35222,xxx
35223,xxx
35224,xxx
35225,xxx
35226,xxx
35227,xxx
35228,xxx
35229,xxx
35230,xxx
35231,xxx
35232,xxx
35233,xxx
35234,xxx
35235,xxx
35236,xxx
35237,xxx
35238,xxx
35239,xxx
35240,xxx
35241,xxx
35242,xxx
35243,xxx
35244,xxx
35245,xxx
35246,xxx
35247,xxx
35248,xxx
35249,xxx
35250,xxx
35251,xxx
35252,xxx
35253,xxx
35254,xxx
35255,xxx
35256,xxx
35257,xxx
35258,xxx
35259,xxx
35260,xxx
35261,xxx
35262,xxx
35263,xxx
35264,xxx
35265,xxx
35266,xxx
35267,xxx
35268,xxx
35269,xxx
35270,xxx
35271,xxx
35272,xxx
35273,xxx
35274,xxx
35275,xxx
35276,xxx
35277,xxx
35278,xxx
35279,xxx
35280,xxx
35281,xxx
35282,xxx
35283,xxx
35284,xxx
35285,xxx
35286,xxx
35287,xxx
35288,xxx
35289,xxx
35290,xxx
35291,xxx
35292,xxx
35293,xxx
35294,xxx
35295,xxx
35296,xxx
35297,xxx
35298,xxx
35299,xxx
35300,xxx
35301,xxx
35302,xxx
35303,xxx
35304,xxx
35305,xxx
35306,xxx
35307,xxx
35308,xxx
35309,xxx
35310,xxx
35311,xxx
35312,xxx
35313,xxx
35314,xxx
35315,xxx
35316,xxx
35317,xxx
35318,xxx
35319,xxx
35320,xxx
35321,xxx
35322,xxx
35323,xxx
35324,xxx
35325,xxx
35326,xxx
35327,xxx
35328,xxx
35329,xxx
35330,xxx
35331,xxx
35332,xxx
35333,xxx
35334,xxx
35335,xxx
35336,xxx
35337,xxx
35338,xxx
35339,xxx
35340,xxx
35341,xxx
35342,xxx
35343,xxx
35344,xxx
35345,xxx
35346,xxx
35347,xxx
35348,xxx
35349,xxx
35350,xxx
35351,xxx
35352,xxx
35353,xxx
35354,xxx
35355,xxx
35356,xxx
35357,xxx
35358,xxx
35359,xxx
35360,xxx
35361,xxx
35362,xxx
35363,xxx
35364,xxx
35365,xxx
35366,xxx
35367,xxx
35368,xxx
35369,xxx
35370,xxx
35371,xxx
35372,xxx
35373,xxx
35374,xxx
35375,xxx
35376,xxx
35377,xxx
35378,xxx
35379,xxx
35380,xxx
35381,xxx
35382,xxx
35383,xxx
35384,xxx
35385,xxx
35386,xxx
35387,xxx
35388,xxx
35389,xxx
35390,xxx
35391,xxx
35392,xxx
35393,xxx
35394,xxx
35395,xxx
35396,xxx
35397,xxx
35398,xxx
35399,xxx
35400,xxx
35401,xxx
35402,xxx
35403,xxx
35404,xxx
35405,xxx
35406,xxx
35407,xxx
35408,xxx
35409,xxx
35410,xxx
35411,xxx
35412,xxx
35413,xxx
35414,xxx
35415,xxx
35416,xxx
35417,xxx
35418,xxx
35419,xxx
35420,xxx
35421,xxx
35422,xxx
35423,xxx
35424,xxx
35425,xxx
35426,xxx
35427,xxx
35428,xxx
35429,xxx
35430,xxx
35431,xxx
35432,xxx
35433,xxx
35434,xxx
35435,xxx
35436,xxx
35437,xxx
35438,xxx
35439,xxx
35440,xxx
35441,xxx
35442,xxx
35443,xxx
35444,xxx
35445,xxx
35446,xxx
35447,xxx
35448,xxx
35449,xxx
35450,xxx
35451,xxx
35452,xxx
35453,xxx
35454,xxx
35455,xxx
35456,xxx
35457,xxx
35458,xxx
35459,xxx
35460,xxx
35461,xxx
35462,xxx
35463,xxx
35464,xxx
35465,xxx
35466,xxx
35467,xxx
35468,xxx
35469,xxx
35470,xxx
35471,xxx
35472,xxx
35473,xxx
35474,xxx
35475,xxx
35476,xxx
35477,xxx
35478,xxx
35479,xxx
35480,xxx
35481,xxx
35482,xxx
35483,xxx
35484,xxx
35485,xxx
35486,xxx
35487,xxx
35488,xxx
35489,xxx
35490,xxx
35491,xxx
35492,xxx
35493,xxx
35494,xxx
35495,xxx
35496,xxx
35497,xxx
35498,xxx
35499,xxx
35500,xxx
35501,xxx
35502,xxx
35503,xxx
35504,xxx
35505,xxx
35506,xxx
35507,xxx
35508,xxx
35509,xxx
35510,xxx
35511,xxx
35512,xxx
35513,xxx
35514,xxx
35515,xxx
35516,xxx
35517,xxx
35518,xxx
35519,xxx
35520,xxx
35521,xxx
35522,xxx
35523,xxx
35524,xxx
35525,xxx
35526,xxx
35527,xxx
35528,xxx
35529,xxx
35530,xxx
35531,xxx
35532,xxx
35533,xxx
35534,xxx
35535,xxx
35536,xxx
35537,xxx
35538,xxx
35539,xxx
35540,xxx
35541,xxx
35542,xxx
35543,xxx
35544,xxx
35545,xxx
35546,xxx
35547,xxx
35548,xxx
35549,xxx
35550,xxx
35551,xxx
35552,xxx
35553,xxx
35554,xxx
35555,xxx
35556,xxx
35557,xxx
35558,xxx
35559,xxx
35560,xxx
35561,xxx
35562,xxx
35563,xxx
35564,xxx
35565,xxx
35566,xxx
35567,xxx
35568,xxx
35569,xxx
35570,xxx
35571,xxx
35572,xxx
35573,xxx
35574,xxx
35575,xxx
35576,xxx
35577,xxx
35578,xxx
35579,xxx
35580,xxx
35581,xxx
35582,xxx
35583,xxx
35584,xxx
35585,xxx
35586,xxx
35587,xxx
35588,xxx
35589,xxx
35590,xxx
35591,xxx
35592,xxx
35593,xxx
35594,xxx
35595,xxx
35596,xxx
35597,xxx
35598,xxx
35599,xxx
35600,xxx
35601,xxx
35602,xxx
35603,xxx
35604,xxx
35605,xxx
35606,xxx
35607,xxx
35608,xxx
35609,xxx
35610,xxx
35611,xxx
35612,xxx
35613,xxx
35614,xxx
35615,xxx
35616,xxx
35617,xxx
35618,xxx
35619,xxx
35620,xxx
35621,xxx
35622,xxx
35623,xxx
35624,xxx
35625,xxx
35626,xxx
35627,xxx
35628,xxx
35629,xxx
35630,xxx
35631,xxx
35632,xxx
35633,xxx
35634,xxx
35635,xxx
35636,xxx
35637,xxx
35638,xxx
35639,xxx
35640,xxx
35641,xxx
35642,xxx
35643,xxx
35644,xxx
35645,xxx
35646,xxx
35647,xxx
35648,xxx
35649,xxx
35650,xxx
35651,xxx
35652,xxx
35653,xxx
35654,xxx
35655,xxx
35656,xxx
35657,xxx
35658,xxx
35659,xxx
35660,xxx
35661,xxx
35662,xxx
35663,xxx
35664,xxx
35665,xxx
35666,xxx
35667,xxx
35668,xxx
35669,xxx
35670,xxx
35671,xxx
35672,xxx
35673,xxx
35674,xxx
35675,xxx
35676,xxx
35677,xxx
35678,xxx
35679,xxx
35680,xxx
35681,xxx
35682,xxx
35683,xxx
35684,xxx
35685,xxx
35686,xxx
35687,xxx
35688,xxx
35689,xxx
35690,xxx
35691,xxx
35692,xxx
35693,xxx
35694,xxx
35695,xxx
35696,xxx
35697,xxx
35698,xxx
35699,xxx
35700,xxx
35701,xxx
35702,xxx
35703,xxx
35704,xxx
35705,xxx
35706,xxx
35707,xxx
35708,xxx
35709,xxx
35710,xxx
35711,xxx
35712,xxx
35713,xxx
35714,xxx
35715,xxx
35716,xxx
35717,xxx
35718,xxx
35719,xxx
35720,xxx
35721,xxx
35722,xxx
35723,xxx
35724,xxx
35725,xxx
35726,xxx
35727,xxx
35728,xxx
35729,xxx
35730,xxx
35731,xxx
35732,xxx
35733,xxx
35734,xxx
35735,xxx
35736,xxx
35737,xxx
35738,xxx
35739,xxx
35740,xxx
35741,xxx
35742,xxx
35743,xxx
35744,xxx
35745,xxx
35746,xxx
35747,xxx
35748,xxx
35749,xxx
35750,xxx
35751,xxx
35752,xxx
35753,xxx
35754,xxx
35755,xxx
35756,xxx
35757,xxx
35758,xxx
35759,xxx
35760,xxx
35761,xxx
35762,xxx
35763,xxx
35764,xxx
35765,xxx
35766,xxx
35767,xxx
35768,xxx
35769,xxx
35770,xxx
35771,xxx
35772,xxx
35773,xxx
35774,xxx
35775,xxx
35776,xxx
35777,xxx
35778,xxx
35779,xxx
35780,xxx
35781,xxx
35782,xxx
35783,xxx
35784,xxx
35785,xxx
35786,xxx
35787,xxx
35788,xxx
35789,xxx
35790,xxx
35791,xxx
35792,xxx
35793,xxx
35794,xxx
35795,xxx
35796,xxx
35797,xxx
35798,xxx
35799,xxx
35800,xxx
35801,xxx
35802,xxx
35803,xxx
35804,xxx
35805,xxx
35806,xxx
35807,xxx
35808,xxx
35809,xxx
35810,xxx
35811,xxx
35812,xxx
35813,xxx
35814,xxx
35815,xxx
35816,xxx
35817,xxx
35818,xxx
35819,xxx
35820,xxx
35821,xxx
35822,xxx
35823,xxx
35824,xxx
35825,xxx
35826,xxx
35827,xxx
35828,xxx
35829,xxx
35830,xxx
35831,xxx
35832,xxx
35833,xxx
35834,xxx
35835,xxx
35836,xxx
35837,xxx
35838,xxx
35839,xxx
35840,xxx
35841,xxx
35842,xxx
35843,xxx
35844,xxx
35845,xxx
35846,xxx
35847,xxx
35848,xxx
35849,xxx
35850,xxx
35851,xxx
35852,xxx
35853,xxx
35854,xxx
35855,xxx
35856,xxx
35857,xxx
35858,xxx
35859,xxx
35860,xxx
35861,xxx
35862,xxx
35863,xxx
35864,xxx
35865,xxx
35866,xxx
35867,xxx
35868,xxx
35869,xxx
35870,xxx
35871,xxx
35872,xxx
35873,xxx
35874,xxx
35875,xxx
35876,xxx
35877,xxx
35878,xxx
35879,xxx
35880,xxx
35881,xxx
35882,xxx
35883,xxx
35884,xxx
35885,xxx
35886,xxx
35887,xxx
35888,xxx
35889,xxx
35890,xxx
35891,xxx
35892,xxx
35893,xxx
35894,xxx
35895,xxx
35896,xxx
35897,xxx
35898,xxx
35899,xxx
35900,xxx
35901,xxx
35902,xxx
35903,xxx
35904,xxx
35905,xxx
35906,xxx
35907,xxx
35908,xxx
35909,xxx
35910,xxx
35911,xxx
35912,xxx
35913,xxx
35914,xxx
35915,xxx
35916,xxx
35917,xxx
35918,xxx
35919,xxx
35920,xxx
35921,xxx
35922,xxx
35923,xxx
35924,xxx
35925,xxx
35926,xxx
35927,xxx
35928,xxx
35929,xxx
35930,xxx
35931,xxx
35932,xxx
35933,xxx
35934,xxx
35935,xxx
35936,xxx
35937,xxx
35938,xxx
35939,xxx
35940,xxx
35941,xxx
35942,xxx
35943,xxx
35944,xxx
35945,xxx
35946,xxx
35947,xxx
35948,xxx
35949,xxx
35950,xxx
35951,xxx
35952,xxx
35953,xxx
35954,xxx
35955,xxx
35956,xxx
35957,xxx
35958,xxx
35959,xxx
35960,xxx
35961,xxx
35962,xxx
35963,xxx
35964,xxx
35965,xxx
35966,xxx
35967,xxx
35968,xxx
35969,xxx
35970,xxx
35971,xxx
35972,xxx
35973,xxx
35974,xxx
35975,xxx
35976,xxx
35977,xxx
35978,xxx
35979,xxx
35980,xxx
35981,xxx
35982,xxx
35983,xxx
35984,xxx
35985,xxx
35986,xxx
35987,xxx
35988,xxx
35989,xxx
35990,xxx
35991,xxx
35992,xxx
35993,xxx
35994,xxx
35995,xxx
35996,xxx
35997,xxx
35998,xxx
35999,xxx
36000,xxx
36001,xxx
36002,xxx
36003,xxx
36004,xxx
36005,xxx
36006,xxx
36007,xxx
36008,xxx
36009,xxx
36010,xxx
36011,xxx
36012,xxx
36013,xxx
36014,xxx
36015,xxx
36016,xxx
36017,xxx
36018,xxx
36019,xxx
36020,xxx
36021,xxx
36022,xxx
36023,xxx
36024,xxx
36025,xxx
36026,xxx
36027,xxx
36028,xxx
36029,xxx
36030,xxx
36031,xxx
36032,xxx
36033,xxx
36034,xxx
36035,xxx
36036,xxx
36037,xxx
36038,xxx
36039,xxx
36040,xxx
36041,xxx
36042,xxx
36043,xxx
36044,xxx
36045,xxx
36046,xxx
36047,xxx
36048,xxx
36049,xxx
36050,xxx
36051,xxx
36052,xxx
36053,xxx
36054,xxx
36055,xxx
36056,xxx
36057,xxx
36058,xxx
36059,xxx
36060,xxx
36061,xxx
36062,xxx
36063,xxx
36064,xxx
36065,xxx
36066,xxx
36067,xxx
36068,xxx
36069,xxx
36070,xxx
36071,xxx
36072,xxx
36073,xxx
36074,xxx
36075,xxx
36076,xxx
36077,xxx
36078,xxx
36079,xxx
36080,xxx
36081,xxx
36082,xxx
36083,xxx
36084,xxx
36085,xxx
36086,xxx
36087,xxx
36088,xxx
36089,xxx
36090,xxx
36091,xxx
36092,xxx
36093,xxx
36094,xxx
36095,xxx
36096,xxx
36097,xxx
36098,xxx
36099,xxx
36100,xxx
36101,xxx
36102,xxx
36103,xxx
36104,xxx
36105,xxx
36106,xxx
36107,xxx
36108,xxx
36109,xxx
36110,xxx
36111,xxx
36112,xxx
36113,xxx
36114,xxx
36115,xxx
36116,xxx
36117,xxx
36118,xxx
36119,xxx
36120,xxx
36121,xxx
36122,xxx
36123,xxx
36124,xxx
36125,xxx
36126,xxx
36127,xxx
36128,xxx
36129,xxx
36130,xxx
36131,xxx
36132,xxx
36133,xxx
36134,xxx
36135,xxx
36136,xxx
36137,xxx
36138,xxx
36139,xxx
36140,xxx
36141,xxx
36142,xxx
36143,xxx
36144,xxx
36145,xxx
36146,xxx
36147,xxx
36148,xxx
36149,xxx
36150,xxx
36151,xxx
36152,xxx
36153,xxx
36154,xxx
36155,xxx
36156,xxx
36157,xxx
36158,xxx
36159,xxx
36160,xxx
36161,xxx
36162,xxx
36163,xxx
36164,xxx
36165,xxx
36166,xxx
36167,xxx
36168,xxx
36169,xxx
36170,xxx
36171,xxx
36172,xxx
36173,xxx
36174,xxx
36175,xxx
36176,xxx
36177,xxx
36178,xxx
36179,xxx
36180,xxx
36181,xxx
36182,xxx
36183,xxx
36184,xxx
36185,xxx
36186,xxx
36187,xxx
36188,xxx
36189,xxx
36190,xxx
36191,xxx
36192,xxx
36193,xxx
36194,xxx
36195,xxx
36196,xxx
36197,xxx
36198,xxx
36199,xxx
36200,xxx
36201,xxx
36202,xxx
36203,xxx
36204,xxx
36205,xxx
36206,xxx
36207,xxx
36208,xxx
36209,xxx
36210,xxx
36211,xxx
36212,xxx
36213,xxx
36214,xxx
36215,xxx
36216,xxx
36217,xxx
36218,xxx
36219,xxx
36220,xxx
36221,xxx
36222,xxx
36223,xxx
36224,xxx
36225,xxx
36226,xxx
36227,xxx
36228,xxx
36229,xxx
36230,xxx
36231,xxx
36232,xxx
36233,xxx
36234,xxx
36235,xxx
36236,xxx
36237,xxx
36238,xxx
36239,xxx
36240,xxx
36241,xxx
36242,xxx
36243,xxx
36244,xxx
36245,xxx
36246,xxx
36247,xxx
36248,xxx
36249,xxx
36250,xxx
36251,xxx
36252,xxx
36253,xxx
36254,xxx
36255,xxx
36256,xxx
36257,xxx
36258,xxx
36259,xxx
36260,xxx
36261,xxx
36262,xxx
36263,xxx
36264,xxx
36265,xxx
36266,xxx
36267,xxx
36268,xxx
36269,xxx
36270,xxx
36271,xxx
36272,xxx
36273,xxx
36274,xxx
36275,xxx
36276,xxx
36277,xxx
36278,xxx
36279,xxx
36280,xxx
36281,xxx
36282,xxx
36283,xxx
36284,xxx
36285,xxx
36286,xxx
36287,xxx
36288,xxx
36289,xxx
36290,xxx
36291,xxx
36292,xxx
36293,xxx
36294,xxx
36295,xxx
36296,xxx
36297,xxx
36298,xxx
36299,xxx
36300,xxx
36301,xxx
36302,xxx
36303,xxx
36304,xxx
36305,xxx
36306,xxx
36307,xxx
36308,xxx
36309,xxx
36310,xxx
36311,xxx
36312,xxx
36313,xxx
36314,xxx
36315,xxx
36316,xxx
36317,xxx
36318,xxx
36319,xxx
36320,xxx
36321,xxx
36322,xxx
36323,xxx
36324,xxx
36325,xxx
36326,xxx
36327,xxx
36328,xxx
36329,xxx
36330,xxx
36331,xxx
36332,xxx
36333,xxx
36334,xxx
36335,xxx
36336,xxx
36337,xxx
36338,xxx
36339,xxx
36340,xxx
36341,xxx
36342,xxx
36343,xxx
36344,xxx
36345,xxx
36346,xxx
36347,xxx
36348,xxx
36349,xxx
36350,xxx
36351,xxx
36352,xxx
36353,xxx
36354,xxx
36355,xxx
36356,xxx
36357,xxx
36358,xxx
36359,xxx
36360,xxx
36361,xxx
36362,xxx
36363,xxx
36364,xxx
36365,xxx
36366,xxx
36367,xxx
36368,xxx
36369,xxx
36370,xxx
36371,xxx
36372,xxx
36373,xxx
36374,xxx
36375,xxx
36376,xxx
36377,xxx
36378,xxx
36379,xxx
36380,xxx
36381,xxx
36382,xxx
36383,xxx
36384,xxx
36385,xxx
36386,xxx
36387,xxx
36388,xxx
36389,xxx
36390,xxx
36391,xxx
36392,xxx
36393,xxx
36394,xxx
36395,xxx
36396,xxx
36397,xxx
36398,xxx
36399,xxx
36400,xxx
36401,xxx
36402,xxx
36403,xxx
36404,xxx
36405,xxx
36406,xxx
36407,xxx
36408,xxx
36409,xxx
36410,xxx
36411,xxx
36412,xxx
36413,xxx
36414,xxx
36415,xxx
36416,xxx
36417,xxx
36418,xxx
36419,xxx
36420,xxx
36421,xxx
36422,xxx
36423,xxx
36424,xxx
36425,xxx
36426,xxx
36427,xxx
36428,xxx
36429,xxx
36430,xxx
36431,xxx
36432,xxx
36433,xxx
36434,xxx
36435,xxx
36436,xxx
36437,xxx
36438,xxx
36439,xxx
36440,xxx
36441,xxx
36442,xxx
36443,xxx
36444,xxx
36445,xxx
36446,xxx
36447,xxx
36448,xxx
36449,xxx
36450,xxx
36451,xxx
36452,xxx
36453,xxx
36454,xxx
36455,xxx
36456,xxx
36457,xxx
36458,xxx
36459,xxx
36460,xxx
36461,xxx
36462,xxx
36463,xxx
36464,xxx
36465,xxx
36466,xxx
36467,xxx
36468,xxx
36469,xxx
36470,xxx
36471,xxx
36472,xxx
36473,xxx
36474,xxx
36475,xxx
36476,xxx
36477,xxx
36478,xxx
36479,xxx
36480,xxx
36481,xxx
36482,xxx
36483,xxx
36484,xxx
36485,xxx
36486,xxx
36487,xxx
36488,xxx
36489,xxx
36490,xxx
36491,xxx
36492,xxx
36493,xxx
36494,xxx
36495,xxx
36496,xxx
36497,xxx
36498,xxx
36499,xxx
36500,xxx
36501,xxx
36502,xxx
36503,xxx
36504,xxx
36505,xxx
36506,xxx
36507,xxx
36508,xxx
36509,xxx
36510,xxx
36511,xxx
36512,xxx
36513,xxx
36514,xxx
36515,xxx
36516,xxx
36517,xxx
36518,xxx
36519,xxx
36520,xxx
36521,xxx
36522,xxx
36523,xxx
36524,xxx
36525,xxx
36526,xxx
36527,xxx
36528,xxx
36529,xxx
36530,xxx
36531,xxx
36532,xxx
36533,xxx
36534,xxx
36535,xxx
36536,xxx
36537,xxx
36538,xxx
36539,xxx
36540,xxx
36541,xxx
36542,xxx
36543,xxx
36544,xxx
36545,xxx
36546,xxx
36547,xxx
36548,xxx
36549,xxx
36550,xxx
36551,xxx
36552,xxx
36553,xxx
36554,xxx
36555,xxx
36556,xxx
36557,xxx
36558,xxx
36559,xxx
36560,xxx
36561,xxx
36562,xxx
36563,xxx
36564,xxx
36565,xxx
36566,xxx
36567,xxx
36568,xxx
36569,xxx
36570,xxx
36571,xxx
36572,xxx
36573,xxx
36574,xxx
36575,xxx
36576,xxx
36577,xxx
36578,xxx
36579,xxx
36580,xxx
36581,xxx
36582,xxx
36583,xxx
36584,xxx
36585,xxx
36586,xxx
36587,xxx
36588,xxx
36589,xxx
36590,xxx
36591,xxx
36592,xxx
36593,xxx
36594,xxx
36595,xxx
36596,xxx
36597,xxx
36598,xxx
36599,xxx
36600,xxx
36601,xxx
36602,xxx
36603,xxx
36604,xxx
36605,xxx
36606,xxx
36607,xxx
36608,xxx
36609,xxx
36610,xxx
36611,xxx
36612,xxx
36613,xxx
36614,xxx
36615,xxx
36616,xxx
36617,xxx
36618,xxx
36619,xxx
36620,xxx
36621,xxx
36622,xxx
36623,xxx
36624,xxx
36625,xxx
36626,xxx
36627,xxx
36628,xxx
36629,xxx
36630,xxx
36631,xxx
36632,xxx
36633,xxx
36634,xxx
36635,xxx
36636,xxx
36637,xxx
36638,xxx
36639,xxx
36640,xxx
36641,xxx
36642,xxx
36643,xxx
36644,xxx
36645,xxx
36646,xxx
36647,xxx
36648,xxx
36649,xxx
36650,xxx
36651,xxx
36652,xxx
36653,xxx
36654,xxx
36655,xxx
36656,xxx
36657,xxx
36658,xxx
36659,xxx
36660,xxx
36661,xxx
36662,xxx
36663,xxx
36664,xxx
36665,xxx
36666,xxx
36667,xxx
36668,xxx
36669,xxx
36670,xxx
36671,xxx
36672,xxx
36673,xxx
36674,xxx
36675,xxx
36676,xxx
36677,xxx
36678,xxx
36679,xxx
36680,xxx
36681,xxx
36682,xxx
36683,xxx
36684,xxx
36685,xxx
36686,xxx
36687,xxx
36688,xxx
36689,xxx
36690,xxx
36691,xxx
36692,xxx
36693,xxx
36694,xxx
36695,xxx
36696,xxx
36697,xxx
36698,xxx
36699,xxx
36700,xxx
36701,xxx
36702,xxx
36703,xxx
36704,xxx
36705,xxx
36706,xxx
36707,xxx
36708,xxx
36709,xxx
36710,xxx
36711,xxx
36712,xxx
36713,xxx
36714,xxx
36715,xxx
36716,xxx
36717,xxx
36718,xxx
36719,xxx
36720,xxx
36721,xxx
36722,xxx
36723,xxx
36724,xxx
36725,xxx
36726,xxx
36727,xxx
36728,xxx
36729,xxx
36730,xxx
36731,xxx
36732,xxx
36733,xxx
36734,xxx
36735,xxx
36736,xxx
36737,xxx
36738,xxx
36739,xxx
36740,xxx
36741,xxx
36742,xxx
36743,xxx
36744,xxx
36745,xxx
36746,xxx
36747,xxx
36748,xxx
36749,xxx
36750,xxx
36751,xxx
36752,xxx
36753,xxx
36754,xxx
36755,xxx
36756,xxx
36757,xxx
36758,xxx
36759,xxx
36760,xxx
36761,xxx
36762,xxx
36763,xxx
36764,xxx
36765,xxx
36766,xxx
36767,xxx
36768,xxx
36769,xxx
36770,xxx
36771,xxx
36772,xxx
36773,xxx
36774,xxx
36775,xxx
36776,xxx
36777,xxx
36778,xxx
36779,xxx
36780,xxx
36781,xxx
36782,xxx
36783,xxx
36784,xxx
36785,xxx
36786,xxx
36787,xxx
36788,xxx
36789,xxx
36790,xxx
36791,xxx
36792,xxx
36793,xxx
36794,xxx
36795,xxx
36796,xxx
36797,xxx
36798,xxx
36799,xxx
36800,xxx
36801,xxx
36802,xxx
36803,xxx
36804,xxx
36805,xxx
36806,xxx
36807,xxx
36808,xxx
36809,xxx
36810,xxx
36811,xxx
36812,xxx
36813,xxx
36814,xxx
36815,xxx
36816,xxx
36817,xxx
36818,xxx
36819,xxx
36820,xxx
36821,xxx
36822,xxx
36823,xxx
36824,xxx
36825,xxx
36826,xxx
36827,xxx
36828,xxx
36829,xxx
36830,xxx
36831,xxx
36832,xxx
36833,xxx
36834,xxx
36835,xxx
36836,xxx
36837,xxx
36838,xxx
36839,xxx
36840,xxx
36841,xxx
36842,xxx
36843,xxx
36844,xxx
36845,xxx
36846,xxx
36847,xxx
36848,xxx
36849,xxx
36850,xxx
36851,xxx
36852,xxx
36853,xxx
36854,xxx
36855,xxx
36856,xxx
36857,xxx
36858,xxx
36859,xxx
36860,xxx
36861,xxx
36862,xxx
36863,xxx
36864,xxx
36865,xxx
36866,xxx
36867,xxx
36868,xxx
36869,xxx
36870,xxx
36871,xxx
36872,xxx
36873,xxx
36874,xxx
36875,xxx
36876,xxx
36877,xxx
36878,xxx
36879,xxx
36880,xxx
36881,xxx
36882,xxx
36883,xxx
36884,xxx
36885,xxx
36886,xxx
36887,xxx
36888,xxx
36889,xxx
36890,xxx
36891,xxx
36892,xxx
36893,xxx
36894,xxx
36895,xxx
36896,xxx
36897,xxx
36898,xxx
36899,xxx
36900,xxx
36901,xxx
36902,xxx
36903,xxx
36904,xxx
36905,xxx
36906,xxx
36907,xxx
36908,xxx
36909,xxx
36910,xxx
36911,xxx
36912,xxx
36913,xxx
36914,xxx
36915,xxx
36916,xxx
36917,xxx
36918,xxx
36919,xxx
36920,xxx
36921,xxx
36922,xxx
36923,xxx
36924,xxx
36925,xxx
36926,xxx
36927,xxx
36928,xxx
36929,xxx
36930,xxx
36931,xxx
36932,xxx
36933,xxx
36934,xxx
36935,xxx
36936,xxx
36937,xxx
36938,xxx
36939,xxx
36940,xxx
36941,xxx
36942,xxx
36943,xxx
36944,xxx
36945,xxx
36946,xxx
36947,xxx
36948,xxx
36949,xxx
36950,xxx
36951,xxx
36952,xxx
36953,xxx
36954,xxx
36955,xxx
36956,xxx
36957,xxx
36958,xxx
36959,xxx
36960,xxx
36961,xxx
36962,xxx
36963,xxx
36964,xxx
36965,xxx
36966,xxx
36967,xxx
36968,xxx
36969,xxx
36970,xxx
36971,xxx
36972,xxx
36973,xxx
36974,xxx
36975,xxx
36976,xxx
36977,xxx
36978,xxx
36979,xxx
36980,xxx
36981,xxx
36982,xxx
36983,xxx
36984,xxx
36985,xxx
36986,xxx
36987,xxx
36988,xxx
36989,xxx
36990,xxx
36991,xxx
36992,xxx
36993,xxx
36994,xxx
36995,xxx
36996,xxx
36997,xxx
36998,xxx
36999,xxx
37000,xxx
37001,xxx
37002,xxx
37003,xxx
37004,xxx
37005,xxx
37006,xxx
37007,xxx
37008,xxx
37009,xxx
37010,xxx
37011,xxx
37012,xxx
37013,xxx
37014,xxx
37015,xxx
37016,xxx
37017,xxx
37018,xxx
37019,xxx
37020,xxx
37021,xxx
37022,xxx
37023,xxx
37024,xxx
37025,xxx
37026,xxx
37027,xxx
37028,xxx
37029,xxx
37030,xxx
37031,xxx
37032,xxx
37033,xxx
37034,xxx
37035,xxx
37036,xxx
37037,xxx
37038,xxx
37039,xxx
37040,xxx
37041,xxx
37042,xxx
37043,xxx
37044,xxx
37045,xxx
37046,xxx
37047,xxx
37048,xxx
37049,xxx
37050,xxx
37051,xxx
37052,xxx
37053,xxx
37054,xxx
37055,xxx
37056,xxx
37057,xxx
37058,xxx
37059,xxx
37060,xxx
37061,xxx
37062,xxx
37063,xxx
37064,xxx
37065,xxx
37066,xxx
37067,xxx
37068,xxx
37069,xxx
37070,xxx
37071,xxx
37072,xxx
37073,xxx
37074,xxx
37075,xxx
37076,xxx
37077,xxx
37078,xxx
37079,xxx
37080,xxx
37081,xxx
37082,xxx
37083,xxx
37084,xxx
37085,xxx
37086,xxx
37087,xxx
37088,xxx
37089,xxx
37090,xxx
37091,xxx
37092,xxx
37093,xxx
37094,xxx
37095,xxx
37096,xxx
37097,xxx
37098,xxx
37099,xxx
37100,xxx
37101,xxx
37102,xxx
37103,xxx
37104,xxx
37105,xxx
37106,xxx
37107,xxx
37108,xxx
37109,xxx
37110,xxx
37111,xxx
37112,xxx
37113,xxx
37114,xxx
37115,xxx
37116,xxx
37117,xxx
37118,xxx
37119,xxx
37120,xxx
37121,xxx
37122,xxx
37123,xxx
37124,xxx
37125,xxx
37126,xxx
37127,xxx
37128,xxx
37129,xxx
37130,xxx
37131,xxx
37132,xxx
37133,xxx
37134,xxx
37135,xxx
37136,xxx
37137,xxx
37138,xxx
37139,xxx
37140,xxx
37141,xxx
37142,xxx
37143,xxx
37144,xxx
37145,xxx
37146,xxx
37147,xxx
37148,xxx
37149,xxx
37150,xxx
37151,xxx
37152,xxx
37153,xxx
37154,xxx
37155,xxx
37156,xxx
37157,xxx
37158,xxx
37159,xxx
37160,xxx
37161,xxx
37162,xxx
37163,xxx
37164,xxx
37165,xxx
37166,xxx
37167,xxx
37168,xxx
37169,xxx
37170,xxx
37171,xxx
37172,xxx
37173,xxx
37174,xxx
37175,xxx
37176,xxx
37177,xxx
37178,xxx
37179,xxx
37180,xxx
37181,xxx
37182,xxx
37183,xxx
37184,xxx
37185,xxx
37186,xxx
37187,xxx
37188,xxx
37189,xxx
37190,xxx
37191,xxx
37192,xxx
37193,xxx
37194,xxx
37195,xxx
37196,xxx
37197,xxx
37198,xxx
37199,xxx
37200,xxx
37201,xxx
37202,xxx
37203,xxx
37204,xxx
37205,xxx
37206,xxx
37207,xxx
37208,xxx
37209,xxx
37210,xxx
37211,xxx
37212,xxx
37213,xxx
37214,xxx
37215,xxx
37216,xxx
37217,xxx
37218,xxx
37219,xxx
37220,xxx
37221,xxx
37222,xxx
37223,xxx
37224,xxx
37225,xxx
37226,xxx
37227,xxx
37228,xxx
37229,xxx
37230,xxx
37231,xxx
37232,xxx
37233,xxx
37234,xxx
37235,xxx
37236,xxx
37237,xxx
37238,xxx
37239,xxx
37240,xxx
37241,xxx
37242,xxx
37243,xxx
37244,xxx
37245,xxx
37246,xxx
37247,xxx
37248,xxx
37249,xxx
37250,xxx
37251,xxx
37252,xxx
37253,xxx
37254,xxx
37255,xxx
37256,xxx
37257,xxx
37258,xxx
37259,xxx
37260,xxx
37261,xxx
37262,xxx
37263,xxx
37264,xxx
37265,xxx
37266,xxx
37267,xxx
37268,xxx
37269,xxx
37270,xxx
37271,xxx
37272,xxx
37273,xxx
37274,xxx
37275,xxx
37276,xxx
37277,xxx
37278,xxx
37279,xxx
37280,xxx
37281,xxx
37282,xxx
37283,xxx
37284,xxx
37285,xxx
37286,xxx
37287,xxx
37288,xxx
37289,xxx
37290,xxx
37291,xxx
37292,xxx
37293,xxx
37294,xxx
37295,xxx
37296,xxx
37297,xxx
37298,xxx
37299,xxx
37300,xxx
37301,xxx
37302,xxx
37303,xxx
37304,xxx
37305,xxx
37306,xxx
37307,xxx
37308,xxx
37309,xxx
37310,xxx
37311,xxx
37312,xxx
37313,xxx
37314,xxx
37315,xxx
37316,xxx
37317,xxx
37318,xxx
37319,xxx
37320,xxx
37321,xxx
37322,xxx
37323,xxx
37324,xxx
37325,xxx
37326,xxx
37327,xxx
37328,xxx
37329,xxx
37330,xxx
37331,xxx
37332,xxx
37333,xxx
37334,xxx
37335,xxx
37336,xxx
37337,xxx
37338,xxx
37339,xxx
37340,xxx
37341,xxx
37342,xxx
37343,xxx
37344,xxx
37345,xxx
37346,xxx
37347,xxx
37348,xxx
37349,xxx
37350,xxx
37351,xxx
37352,xxx
37353,xxx
37354,xxx
37355,xxx
37356,xxx
37357,xxx
37358,xxx
37359,xxx
37360,xxx
37361,xxx
37362,xxx
37363,xxx
37364,xxx
37365,xxx
37366,xxx
37367,xxx
37368,xxx
37369,xxx
37370,xxx
37371,xxx
37372,xxx
37373,xxx
37374,xxx
37375,xxx
37376,xxx
37377,xxx
37378,xxx
37379,xxx
37380,xxx
37381,xxx
37382,xxx
37383,xxx
37384,xxx
37385,xxx
37386,xxx
37387,xxx
37388,xxx
37389,xxx
37390,xxx
37391,xxx
37392,xxx
37393,xxx
37394,xxx
37395,xxx
37396,xxx
37397,xxx
37398,xxx
37399,xxx
37400,xxx
37401,xxx
37402,xxx
37403,xxx
37404,xxx
37405,xxx
37406,xxx
37407,xxx
37408,xxx
37409,xxx
37410,xxx
37411,xxx
37412,xxx
37413,xxx
37414,xxx
37415,xxx
37416,xxx
37417,xxx
37418,xxx
37419,xxx
37420,xxx
37421,xxx
37422,xxx
37423,xxx
37424,xxx
37425,xxx
37426,xxx
37427,xxx
37428,xxx
37429,xxx
37430,xxx
37431,xxx
37432,xxx
37433,xxx
37434,xxx
37435,xxx
37436,xxx
37437,xxx
37438,xxx
37439,xxx
37440,xxx
37441,xxx
37442,xxx
37443,xxx
37444,xxx
37445,xxx
37446,xxx
37447,xxx
37448,xxx
37449,xxx
37450,xxx
37451,xxx
37452,xxx
37453,xxx
37454,xxx
37455,xxx
37456,xxx
37457,xxx
37458,xxx
37459,xxx
37460,xxx
37461,xxx
37462,xxx
37463,xxx
37464,xxx
37465,xxx
37466,xxx
37467,xxx
37468,xxx
37469,xxx
37470,xxx
37471,xxx
37472,xxx
37473,xxx
37474,xxx
37475,xxx
37476,xxx
37477,xxx
37478,xxx
37479,xxx
37480,xxx
37481,xxx
37482,xxx
37483,xxx
37484,xxx
37485,xxx
37486,xxx
37487,xxx
37488,xxx
37489,xxx
37490,xxx
37491,xxx
37492,xxx
37493,xxx
37494,xxx
37495,xxx
37496,xxx
37497,xxx
37498,xxx
37499,xxx
37500,xxx
37501,xxx
37502,xxx
37503,xxx
37504,xxx
37505,xxx
37506,xxx
37507,xxx
37508,xxx
37509,xxx
37510,xxx
37511,xxx
37512,xxx
37513,xxx
37514,xxx
37515,xxx
37516,xxx
37517,xxx
37518,xxx
37519,xxx
37520,xxx
37521,xxx
37522,xxx
37523,xxx
37524,xxx
37525,xxx
37526,xxx
37527,xxx
37528,xxx
37529,xxx
37530,xxx
37531,xxx
37532,xxx
37533,xxx
37534,xxx
37535,xxx
37536,xxx
37537,xxx
37538,xxx
37539,xxx
37540,xxx
37541,xxx
37542,xxx
37543,xxx
37544,xxx
37545,xxx
37546,xxx
37547,xxx
37548,xxx
37549,xxx
37550,xxx
37551,xxx
37552,xxx
37553,xxx
37554,xxx
37555,xxx
37556,xxx
37557,xxx
37558,xxx
37559,xxx
37560,xxx
37561,xxx
37562,xxx
37563,xxx
37564,xxx
37565,xxx
37566,xxx
37567,xxx
37568,xxx
37569,xxx
37570,xxx
37571,xxx
37572,xxx
37573,xxx
37574,xxx
37575,xxx
37576,xxx
37577,xxx
37578,xxx
37579,xxx
37580,xxx
37581,xxx
37582,xxx
37583,xxx
37584,xxx
37585,xxx
37586,xxx
37587,xxx
37588,xxx
37589,xxx
37590,xxx
37591,xxx
37592,xxx
37593,xxx
37594,xxx
37595,xxx
37596,xxx
37597,xxx
37598,xxx
37599,xxx
37600,xxx
37601,xxx
37602,xxx
37603,xxx
37604,xxx
37605,xxx
37606,xxx
37607,xxx
37608,xxx
37609,xxx
37610,xxx
37611,xxx
37612,xxx
37613,xxx
37614,xxx
37615,xxx
37616,xxx
37617,xxx
37618,xxx
37619,xxx
37620,xxx
37621,xxx
37622,xxx
37623,xxx
37624,xxx
37625,xxx
37626,xxx
37627,xxx
37628,xxx
37629,xxx
37630,xxx
37631,xxx
37632,xxx
37633,xxx
37634,xxx
37635,xxx
37636,xxx
37637,xxx
37638,xxx
37639,xxx
37640,xxx
37641,xxx
37642,xxx
37643,xxx
37644,xxx
37645,xxx
37646,xxx
37647,xxx
37648,xxx
37649,xxx
37650,xxx
37651,xxx
37652,xxx
37653,xxx
37654,xxx
37655,xxx
37656,xxx
37657,xxx
37658,xxx
37659,xxx
37660,xxx
37661,xxx
37662,xxx
37663,xxx
37664,xxx
37665,xxx
37666,xxx
37667,xxx
37668,xxx
37669,xxx
37670,xxx
37671,xxx
37672,xxx
37673,xxx
37674,xxx
37675,xxx
37676,xxx
37677,xxx
37678,xxx
37679,xxx
37680,xxx
37681,xxx
37682,xxx
37683,xxx
37684,xxx
37685,xxx
37686,xxx
37687,xxx
37688,xxx
37689,xxx
37690,xxx
37691,xxx
37692,xxx
37693,xxx
37694,xxx
37695,xxx
37696,xxx
37697,xxx
37698,xxx
37699,xxx
37700,xxx
37701,xxx
37702,xxx
37703,xxx
37704,xxx
37705,xxx
37706,xxx
37707,xxx
37708,xxx
37709,xxx
37710,xxx
37711,xxx
37712,xxx
37713,xxx
37714,xxx
37715,xxx
37716,xxx
37717,xxx
37718,xxx
37719,xxx
37720,xxx
37721,xxx
37722,xxx
37723,xxx
37724,xxx
37725,xxx
37726,xxx
37727,xxx
37728,xxx
37729,xxx
37730,xxx
37731,xxx
37732,xxx
37733,xxx
37734,xxx
37735,xxx
37736,xxx
37737,xxx
37738,xxx
37739,xxx
37740,xxx
37741,xxx
37742,xxx
37743,xxx
37744,xxx
37745,xxx
37746,xxx
37747,xxx
37748,xxx
37749,xxx
37750,xxx
37751,xxx
37752,xxx
37753,xxx
37754,xxx
37755,xxx
37756,xxx
37757,xxx
37758,xxx
37759,xxx
37760,xxx
37761,xxx
37762,xxx
37763,xxx
37764,xxx
37765,xxx
37766,xxx
37767,xxx
37768,xxx
37769,xxx
37770,xxx
37771,xxx
37772,xxx
37773,xxx
37774,xxx
37775,xxx
37776,xxx
37777,xxx
37778,xxx
37779,xxx
37780,xxx
37781,xxx
37782,xxx
37783,xxx
37784,xxx
37785,xxx
37786,xxx
37787,xxx
37788,xxx
37789,xxx
37790,xxx
37791,xxx
37792,xxx
37793,xxx
37794,xxx
37795,xxx
37796,xxx
37797,xxx
37798,xxx
37799,xxx
37800,xxx
37801,xxx
37802,xxx
37803,xxx
37804,xxx
37805,xxx
37806,xxx
37807,xxx
37808,xxx
37809,xxx
37810,xxx
37811,xxx
37812,xxx
37813,xxx
37814,xxx
37815,xxx
37816,xxx
37817,xxx
37818,xxx
37819,xxx
37820,xxx
37821,xxx
37822,xxx
37823,xxx
37824,xxx
37825,xxx
37826,xxx
37827,xxx
37828,xxx
37829,xxx
37830,xxx
37831,xxx
37832,xxx
37833,xxx
37834,xxx
37835,xxx
37836,xxx
37837,xxx
37838,xxx
37839,xxx
37840,xxx
37841,xxx
37842,xxx
37843,xxx
37844,xxx
37845,xxx
37846,xxx
37847,xxx
37848,xxx
37849,xxx
37850,xxx
37851,xxx
37852,xxx
37853,xxx
37854,xxx
37855,xxx
37856,xxx
37857,xxx
37858,xxx
37859,xxx
37860,xxx
37861,xxx
37862,xxx
37863,xxx
37864,xxx
37865,xxx
37866,xxx
37867,xxx
37868,xxx
37869,xxx
37870,xxx
37871,xxx
37872,xxx
37873,xxx
37874,xxx
37875,xxx
37876,xxx
37877,xxx
37878,xxx
37879,xxx
37880,xxx
37881,xxx
37882,xxx
37883,xxx
37884,xxx
37885,xxx
37886,xxx
37887,xxx
37888,xxx
37889,xxx
37890,xxx
37891,xxx
37892,xxx
37893,xxx
37894,xxx
37895,xxx
37896,xxx
37897,xxx
37898,xxx
37899,xxx
37900,xxx
37901,xxx
37902,xxx
37903,xxx
37904,xxx
37905,xxx
37906,xxx
37907,xxx
37908,xxx
37909,xxx
37910,xxx
37911,xxx
37912,xxx
37913,xxx
37914,xxx
37915,xxx
37916,xxx
37917,xxx
37918,xxx
37919,xxx
37920,xxx
37921,xxx
37922,xxx
37923,xxx
37924,xxx
37925,xxx
37926,xxx
37927,xxx
37928,xxx
37929,xxx
37930,xxx
37931,xxx
37932,xxx
37933,xxx
37934,xxx
37935,xxx
37936,xxx
37937,xxx
37938,xxx
37939,xxx
37940,xxx
37941,xxx
37942,xxx
37943,xxx
37944,xxx
37945,xxx
37946,xxx
37947,xxx
37948,xxx
37949,xxx
37950,xxx
37951,xxx
37952,xxx
37953,xxx
37954,xxx
37955,xxx
37956,xxx
37957,xxx
37958,xxx
37959,xxx
37960,xxx
37961,xxx
37962,xxx
37963,xxx
37964,xxx
37965,xxx
37966,xxx
37967,xxx
37968,xxx
37969,xxx
37970,xxx
37971,xxx
37972,xxx
37973,xxx
37974,xxx
37975,xxx
37976,xxx
37977,xxx
37978,xxx
37979,xxx
37980,xxx
37981,xxx
37982,xxx
37983,xxx
37984,xxx
37985,xxx
37986,xxx
37987,xxx
37988,xxx
37989,xxx
37990,xxx
37991,xxx
37992,xxx
37993,xxx
37994,xxx
37995,xxx
37996,xxx
37997,xxx
37998,xxx
37999,xxx
38000,xxx
38001,xxx
38002,xxx
38003,xxx
38004,xxx
38005,xxx
38006,xxx
38007,xxx
38008,xxx
38009,xxx
38010,xxx
38011,xxx
38012,xxx
38013,xxx
38014,xxx
38015,xxx
38016,xxx
38017,xxx
38018,xxx
38019,xxx
38020,xxx
38021,xxx
38022,xxx
38023,xxx
38024,xxx
38025,xxx
38026,xxx
38027,xxx
38028,xxx
38029,xxx
38030,xxx
38031,xxx
38032,xxx
38033,xxx
38034,xxx
38035,xxx
38036,xxx
38037,xxx
38038,xxx
38039,xxx
38040,xxx
38041,xxx
38042,xxx
38043,xxx
38044,xxx
38045,xxx
38046,xxx
38047,xxx
38048,xxx
38049,xxx
38050,xxx
38051,xxx
38052,xxx
38053,xxx
38054,xxx
38055,xxx
38056,xxx
38057,xxx
38058,xxx
38059,xxx
38060,xxx
38061,xxx
38062,xxx
38063,xxx
38064,xxx
38065,xxx
38066,xxx
38067,xxx
38068,xxx
38069,xxx
38070,xxx
38071,xxx
38072,xxx
38073,xxx
38074,xxx
38075,xxx
38076,xxx
38077,xxx
38078,xxx
38079,xxx
38080,xxx
38081,xxx
38082,xxx
38083,xxx
38084,xxx
38085,xxx
38086,xxx
38087,xxx
38088,xxx
38089,xxx
38090,xxx
38091,xxx
38092,xxx
38093,xxx
38094,xxx
38095,xxx
38096,xxx
38097,xxx
38098,xxx
38099,xxx
38100,xxx
38101,xxx
38102,xxx
38103,xxx
38104,xxx
38105,xxx
38106,xxx
38107,xxx
38108,xxx
38109,xxx
38110,xxx
38111,xxx
38112,xxx
38113,xxx
38114,xxx
38115,xxx
38116,xxx
38117,xxx
38118,xxx
38119,xxx
38120,xxx
38121,xxx
38122,xxx
38123,xxx
38124,xxx
38125,xxx
38126,xxx
38127,xxx
38128,xxx
38129,xxx
38130,xxx
38131,xxx
38132,xxx
38133,xxx
38134,xxx
38135,xxx
38136,xxx
38137,xxx
38138,xxx
38139,xxx
38140,xxx
38141,xxx
38142,xxx
38143,xxx
38144,xxx
38145,xxx
38146,xxx
38147,xxx
38148,xxx
38149,xxx
38150,xxx
38151,xxx
38152,xxx
38153,xxx
38154,xxx
38155,xxx
38156,xxx
38157,xxx
38158,xxx
38159,xxx
38160,xxx
38161,xxx
38162,xxx
38163,xxx
38164,xxx
38165,xxx
38166,xxx
38167,xxx
38168,xxx
38169,xxx
38170,xxx
38171,xxx
38172,xxx
38173,xxx
38174,xxx
38175,xxx
38176,xxx
38177,xxx
38178,xxx
38179,xxx
38180,xxx
38181,xxx
38182,xxx
38183,xxx
38184,xxx
38185,xxx
38186,xxx
38187,xxx
38188,xxx
38189,xxx
38190,xxx
38191,xxx
38192,xxx
38193,xxx
38194,xxx
38195,xxx
38196,xxx
38197,xxx
38198,xxx
38199,xxx
38200,xxx
38201,xxx
38202,xxx
38203,xxx
38204,xxx
38205,xxx
38206,xxx
38207,xxx
38208,xxx
38209,xxx
38210,xxx
38211,xxx
38212,xxx
38213,xxx
38214,xxx
38215,xxx
38216,xxx
38217,xxx
38218,xxx
38219,xxx
38220,xxx
38221,xxx
38222,xxx
38223,xxx
38224,xxx
38225,xxx
38226,xxx
38227,xxx
38228,xxx
38229,xxx
38230,xxx
38231,xxx
38232,xxx
38233,xxx
38234,xxx
38235,xxx
38236,xxx
38237,xxx
38238,xxx
38239,xxx
38240,xxx
38241,xxx
38242,xxx
38243,xxx
38244,xxx
38245,xxx
38246,xxx
38247,xxx
38248,xxx
38249,xxx
38250,xxx
38251,xxx
38252,xxx
38253,xxx
38254,xxx
38255,xxx
38256,xxx
38257,xxx
38258,xxx
38259,xxx
38260,xxx
38261,xxx
38262,xxx
38263,xxx
38264,xxx
38265,xxx
38266,xxx
38267,xxx
38268,xxx
38269,xxx
38270,xxx
38271,xxx
38272,xxx
38273,xxx
38274,xxx
38275,xxx
38276,xxx
38277,xxx
38278,xxx
38279,xxx
38280,xxx
38281,xxx
38282,xxx
38283,xxx
38284,xxx
38285,xxx
38286,xxx
38287,xxx
38288,xxx
38289,xxx
38290,xxx
38291,xxx
38292,xxx
38293,xxx
38294,xxx
38295,xxx
38296,xxx
38297,xxx
38298,xxx
38299,xxx
38300,xxx
38301,xxx
38302,xxx
38303,xxx
38304,xxx
38305,xxx
38306,xxx
38307,xxx
38308,xxx
38309,xxx
38310,xxx
38311,xxx
38312,xxx
38313,xxx
38314,xxx
38315,xxx
38316,xxx
38317,xxx
38318,xxx
38319,xxx
38320,xxx
38321,xxx
38322,xxx
38323,xxx
38324,xxx
38325,xxx
38326,xxx
38327,xxx
38328,xxx
38329,xxx
38330,xxx
38331,xxx
38332,xxx
38333,xxx
38334,xxx
38335,xxx
38336,xxx
38337,xxx
38338,xxx
38339,xxx
38340,xxx
38341,xxx
38342,xxx
38343,xxx
38344,xxx
38345,xxx
38346,xxx
38347,xxx
38348,xxx
38349,xxx
38350,xxx
38351,xxx
38352,xxx
38353,xxx
38354,xxx
38355,xxx
38356,xxx
38357,xxx
38358,xxx
38359,xxx
38360,xxx
38361,xxx
38362,xxx
38363,xxx
38364,xxx
38365,xxx
38366,xxx
38367,xxx
38368,xxx
38369,xxx
38370,xxx
38371,xxx
38372,xxx
38373,xxx
38374,xxx
38375,xxx
38376,xxx
38377,xxx
38378,xxx
38379,xxx
38380,xxx
38381,xxx
38382,xxx
38383,xxx
38384,xxx
38385,xxx
38386,xxx
38387,xxx
38388,xxx
38389,xxx
38390,xxx
38391,xxx
38392,xxx
38393,xxx
38394,xxx
38395,xxx
38396,xxx
38397,xxx
38398,xxx
38399,xxx
38400,xxx
38401,xxx
38402,xxx
38403,xxx
38404,xxx
38405,xxx
38406,xxx
38407,xxx
38408,xxx
38409,xxx
38410,xxx
38411,xxx
38412,xxx
38413,xxx
38414,xxx
38415,xxx
38416,xxx
38417,xxx
38418,xxx
38419,xxx
38420,xxx
38421,xxx
38422,xxx
38423,xxx
38424,xxx
38425,xxx
38426,xxx
38427,xxx
38428,xxx
38429,xxx
38430,xxx
38431,xxx
38432,xxx
38433,xxx
38434,xxx
38435,xxx
38436,xxx
38437,xxx
38438,xxx
38439,xxx
38440,xxx
38441,xxx
38442,xxx
38443,xxx
38444,xxx
38445,xxx
38446,xxx
38447,xxx
38448,xxx
38449,xxx
38450,xxx
38451,xxx
38452,xxx
38453,xxx
38454,xxx
38455,xxx
38456,xxx
38457,xxx
38458,xxx
38459,xxx
38460,xxx
38461,xxx
38462,xxx
38463,xxx
38464,xxx
38465,xxx
38466,xxx
38467,xxx
38468,xxx
38469,xxx
38470,xxx
38471,xxx
38472,xxx
38473,xxx
38474,xxx
38475,xxx
38476,xxx
38477,xxx
38478,xxx
38479,xxx
38480,xxx
38481,xxx
38482,xxx
38483,xxx
38484,xxx
38485,xxx
38486,xxx
38487,xxx
38488,xxx
38489,xxx
38490,xxx
38491,xxx
38492,xxx
38493,xxx
38494,xxx
38495,xxx
38496,xxx
38497,xxx
38498,xxx
38499,xxx
38500,xxx
38501,xxx
38502,xxx
38503,xxx
38504,xxx
38505,xxx
38506,xxx
38507,xxx
38508,xxx
38509,xxx
38510,xxx
38511,xxx
38512,xxx
38513,xxx
38514,xxx
38515,xxx
38516,xxx
38517,xxx
38518,xxx
38519,xxx
38520,xxx
38521,xxx
38522,xxx
38523,xxx
38524,xxx
38525,xxx
38526,xxx
38527,xxx
38528,xxx
38529,xxx
38530,xxx
38531,xxx
38532,xxx
38533,xxx
38534,xxx
38535,xxx
38536,xxx
38537,xxx
38538,xxx
38539,xxx
38540,xxx
38541,xxx
38542,xxx
38543,xxx
38544,xxx
38545,xxx
38546,xxx
38547,xxx
38548,xxx
38549,xxx
38550,xxx
38551,xxx
38552,xxx
38553,xxx
38554,xxx
38555,xxx
38556,xxx
38557,xxx
38558,xxx
38559,xxx
38560,xxx
38561,xxx
38562,xxx
38563,xxx
38564,xxx
38565,xxx
38566,xxx
38567,xxx
38568,xxx
38569,xxx
38570,xxx
38571,xxx
38572,xxx
38573,xxx
38574,xxx
38575,xxx
38576,xxx
38577,xxx
38578,xxx
38579,xxx
38580,xxx
38581,xxx
38582,xxx
38583,xxx
38584,xxx
38585,xxx
38586,xxx
38587,xxx
38588,xxx
38589,xxx
38590,xxx
38591,xxx
38592,xxx
38593,xxx
38594,xxx
38595,xxx
38596,xxx
38597,xxx
38598,xxx
38599,xxx
38600,xxx
38601,xxx
38602,xxx
38603,xxx
38604,xxx
38605,xxx
38606,xxx
38607,xxx
38608,xxx
38609,xxx
38610,xxx
38611,xxx
38612,xxx
38613,xxx
38614,xxx
38615,xxx
38616,xxx
38617,xxx
38618,xxx
38619,xxx
38620,xxx
38621,xxx
38622,xxx
38623,xxx
38624,xxx
38625,xxx
38626,xxx
38627,xxx
38628,xxx
38629,xxx
38630,xxx
38631,xxx
38632,xxx
38633,xxx
38634,xxx
38635,xxx
38636,xxx
38637,xxx
38638,xxx
38639,xxx
38640,xxx
38641,xxx
38642,xxx
38643,xxx
38644,xxx
38645,xxx
38646,xxx
38647,xxx
38648,xxx
38649,xxx
38650,xxx
38651,xxx
38652,xxx
38653,xxx
38654,xxx
38655,xxx
38656,xxx
38657,xxx
38658,xxx
38659,xxx
38660,xxx
38661,xxx
38662,xxx
38663,xxx
38664,xxx
38665,xxx
38666,xxx
38667,xxx
38668,xxx
38669,xxx
38670,xxx
38671,xxx
38672,xxx
38673,xxx
38674,xxx
38675,xxx
38676,xxx
38677,xxx
38678,xxx
38679,xxx
38680,xxx
38681,xxx
38682,xxx
38683,xxx
38684,xxx
38685,xxx
38686,xxx
38687,xxx
38688,xxx
38689,xxx
38690,xxx
38691,xxx
38692,xxx
38693,xxx
38694,xxx
38695,xxx
38696,xxx
38697,xxx
38698,xxx
38699,xxx
38700,xxx
38701,xxx
38702,xxx
38703,xxx
38704,xxx
38705,xxx
38706,xxx
38707,xxx
38708,xxx
38709,xxx
38710,xxx
38711,xxx
38712,xxx
38713,xxx
38714,xxx
38715,xxx
38716,xxx
38717,xxx
38718,xxx
38719,xxx
38720,xxx
38721,xxx
38722,xxx
38723,xxx
38724,xxx
38725,xxx
38726,xxx
38727,xxx
38728,xxx
38729,xxx
38730,xxx
38731,xxx
38732,xxx
38733,xxx
38734,xxx
38735,xxx
38736,xxx
38737,xxx
38738,xxx
38739,xxx
38740,xxx
38741,xxx
38742,xxx
38743,xxx
38744,xxx
38745,xxx
38746,xxx
38747,xxx
38748,xxx
38749,xxx
38750,xxx
38751,xxx
38752,xxx
38753,xxx
38754,xxx
38755,xxx
38756,xxx
38757,xxx
38758,xxx
38759,xxx
38760,xxx
38761,xxx
38762,xxx
38763,xxx
38764,xxx
38765,xxx
38766,xxx
38767,xxx
38768,xxx
38769,xxx
38770,xxx
38771,xxx
38772,xxx
38773,xxx
38774,xxx
38775,xxx
38776,xxx
38777,xxx
38778,xxx
38779,xxx
38780,xxx
38781,xxx
38782,xxx
38783,xxx
38784,xxx
38785,xxx
38786,xxx
38787,xxx
38788,xxx
38789,xxx
38790,xxx
38791,xxx
38792,xxx
38793,xxx
38794,xxx
38795,xxx
38796,xxx
38797,xxx
38798,xxx
38799,xxx
38800,xxx
38801,xxx
38802,xxx
38803,xxx
38804,xxx
38805,xxx
38806,xxx
38807,xxx
38808,xxx
38809,xxx
38810,xxx
38811,xxx
38812,xxx
38813,xxx
38814,xxx
38815,xxx
38816,xxx
38817,xxx
38818,xxx
38819,xxx
38820,xxx
38821,xxx
38822,xxx
38823,xxx
38824,xxx
38825,xxx
38826,xxx
38827,xxx
38828,xxx
38829,xxx
38830,xxx
38831,xxx
38832,xxx
38833,xxx
38834,xxx
38835,xxx
38836,xxx
38837,xxx
38838,xxx
38839,xxx
38840,xxx
38841,xxx
38842,xxx
38843,xxx
38844,xxx
38845,xxx
38846,xxx
38847,xxx
38848,xxx
38849,xxx
38850,xxx
38851,xxx
38852,xxx
38853,xxx
38854,xxx
38855,xxx
38856,xxx
38857,xxx
38858,xxx
38859,xxx
38860,xxx
38861,xxx
38862,xxx
38863,xxx
38864,xxx
38865,xxx
38866,xxx
38867,xxx
38868,xxx
38869,xxx
38870,xxx
38871,xxx
38872,xxx
38873,xxx
38874,xxx
38875,xxx
38876,xxx
38877,xxx
38878,xxx
38879,xxx
38880,xxx
38881,xxx
38882,xxx
38883,xxx
38884,xxx
38885,xxx
38886,xxx
38887,xxx
38888,xxx
38889,xxx
38890,xxx
38891,xxx
38892,xxx
38893,xxx
38894,xxx
38895,xxx
38896,xxx
38897,xxx
38898,xxx
38899,xxx
38900,xxx
38901,xxx
38902,xxx
38903,xxx
38904,xxx
38905,xxx
38906,xxx
38907,xxx
38908,xxx
38909,xxx
38910,xxx
38911,xxx
38912,xxx
38913,xxx
38914,xxx
38915,xxx
38916,xxx
38917,xxx
38918,xxx
38919,xxx
38920,xxx
38921,xxx
38922,xxx
38923,xxx
38924,xxx
38925,xxx
38926,xxx
38927,xxx
38928,xxx
38929,xxx
38930,xxx
38931,xxx
38932,xxx
38933,xxx
38934,xxx
38935,xxx
38936,xxx
38937,xxx
38938,xxx
38939,xxx
38940,xxx
38941,xxx
38942,xxx
38943,xxx
38944,xxx
38945,xxx
38946,xxx
38947,xxx
38948,xxx
38949,xxx
38950,xxx
38951,xxx
38952,xxx
38953,xxx
38954,xxx
38955,xxx
38956,xxx
38957,xxx
38958,xxx
38959,xxx
38960,xxx
38961,xxx
38962,xxx
38963,xxx
38964,xxx
38965,xxx
38966,xxx
38967,xxx
38968,xxx
38969,xxx
38970,xxx
38971,xxx
38972,xxx
38973,xxx
38974,xxx
38975,xxx
38976,xxx
38977,xxx
38978,xxx
38979,xxx
38980,xxx
38981,xxx
38982,xxx
38983,xxx
38984,xxx
38985,xxx
38986,xxx
38987,xxx
38988,xxx
38989,xxx
38990,xxx
38991,xxx
38992,xxx
38993,xxx
38994,xxx
38995,xxx
38996,xxx
38997,xxx
38998,xxx
38999,xxx
39000,xxx
39001,xxx
39002,xxx
39003,xxx
39004,xxx
39005,xxx
39006,xxx
39007,xxx
39008,xxx
39009,xxx
39010,xxx
39011,xxx
39012,xxx
39013,xxx
39014,xxx
39015,xxx
39016,xxx
39017,xxx
39018,xxx
39019,xxx
39020,xxx
39021,xxx
39022,xxx
39023,xxx
39024,xxx
39025,xxx
39026,xxx
39027,xxx
39028,xxx
39029,xxx
39030,xxx
39031,xxx
39032,xxx
39033,xxx
39034,xxx
39035,xxx
39036,xxx
39037,xxx
39038,xxx
39039,xxx
39040,xxx
39041,xxx
39042,xxx
39043,xxx
39044,xxx
39045,xxx
39046,xxx
39047,xxx
39048,xxx
39049,xxx
39050,xxx
39051,xxx
39052,xxx
39053,xxx
39054,xxx
39055,xxx
39056,xxx
39057,xxx
39058,xxx
39059,xxx
39060,xxx
39061,xxx
39062,xxx
39063,xxx
39064,xxx
39065,xxx
39066,xxx
39067,xxx
39068,xxx
39069,xxx
39070,xxx
39071,xxx
39072,xxx
39073,xxx
39074,xxx
39075,xxx
39076,xxx
39077,xxx
39078,xxx
39079,xxx
39080,xxx
39081,xxx
39082,xxx
39083,xxx
39084,xxx
39085,xxx
39086,xxx
39087,xxx
39088,xxx
39089,xxx
39090,xxx
39091,xxx
39092,xxx
39093,xxx
39094,xxx
39095,xxx
39096,xxx
39097,xxx
39098,xxx
39099,xxx
39100,xxx
39101,xxx
39102,xxx
39103,xxx
39104,xxx
39105,xxx
39106,xxx
39107,xxx
39108,xxx
39109,xxx
39110,xxx
39111,xxx
39112,xxx
39113,xxx
39114,xxx
39115,xxx
39116,xxx
39117,xxx
39118,xxx
39119,xxx
39120,xxx
39121,xxx
39122,xxx
39123,xxx
39124,xxx
39125,xxx
39126,xxx
39127,xxx
39128,xxx
39129,xxx
39130,xxx
39131,xxx
39132,xxx
39133,xxx
39134,xxx
39135,xxx
39136,xxx
39137,xxx
39138,xxx
39139,xxx
39140,xxx
39141,xxx
39142,xxx
39143,xxx
39144,xxx
39145,xxx
39146,xxx
39147,xxx
39148,xxx
39149,xxx
39150,xxx
39151,xxx
39152,xxx
39153,xxx
39154,xxx
39155,xxx
39156,xxx
39157,xxx
39158,xxx
39159,xxx
39160,xxx
39161,xxx
39162,xxx
39163,xxx
39164,xxx
39165,xxx
39166,xxx
39167,xxx
39168,xxx
39169,xxx
39170,xxx
39171,xxx
39172,xxx
39173,xxx
39174,xxx
39175,xxx
39176,xxx
39177,xxx
39178,xxx
39179,xxx
39180,xxx
39181,xxx
39182,xxx
39183,xxx
39184,xxx
39185,xxx
39186,xxx
39187,xxx
39188,xxx
39189,xxx
39190,xxx
39191,xxx
39192,xxx
39193,xxx
39194,xxx
39195,xxx
39196,xxx
39197,xxx
39198,xxx
39199,xxx
39200,xxx
39201,xxx
39202,xxx
39203,xxx
39204,xxx
39205,xxx
39206,xxx
39207,xxx
39208,xxx
39209,xxx
39210,xxx
39211,xxx
39212,xxx
39213,xxx
39214,xxx
39215,xxx
39216,xxx
39217,xxx
39218,xxx
39219,xxx
39220,xxx
39221,xxx
39222,xxx
39223,xxx
39224,xxx
39225,xxx
39226,xxx
39227,xxx
39228,xxx
39229,xxx
39230,xxx
39231,xxx
39232,xxx
39233,xxx
39234,xxx
39235,xxx
39236,xxx
39237,xxx
39238,xxx
39239,xxx
39240,xxx
39241,xxx
39242,xxx
39243,xxx
39244,xxx
39245,xxx
39246,xxx
39247,xxx
39248,xxx
39249,xxx
39250,xxx
39251,xxx
39252,xxx
39253,xxx
39254,xxx
39255,xxx
39256,xxx
39257,xxx
39258,xxx
39259,xxx
39260,xxx
39261,xxx
39262,xxx
39263,xxx
39264,xxx
39265,xxx
39266,xxx
39267,xxx
39268,xxx
39269,xxx
39270,xxx
39271,xxx
39272,xxx
39273,xxx
39274,xxx
39275,xxx
39276,xxx
39277,xxx
39278,xxx
39279,xxx
39280,xxx
39281,xxx
39282,xxx
39283,xxx
39284,xxx
39285,xxx
39286,xxx
39287,xxx
39288,xxx
39289,xxx
39290,xxx
39291,xxx
39292,xxx
39293,xxx
39294,xxx
39295,xxx
39296,xxx
39297,xxx
39298,xxx
39299,xxx
39300,xxx
39301,xxx
39302,xxx
39303,xxx
39304,xxx
39305,xxx
39306,xxx
39307,xxx
39308,xxx
39309,xxx
39310,xxx
39311,xxx
39312,xxx
39313,xxx
39314,xxx
39315,xxx
39316,xxx
39317,xxx
39318,xxx
39319,xxx
39320,xxx
39321,xxx
39322,xxx
39323,xxx
39324,xxx
39325,xxx
39326,xxx
39327,xxx
39328,xxx
39329,xxx
39330,xxx
39331,xxx
39332,xxx
39333,xxx
39334,xxx
39335,xxx
39336,xxx
39337,xxx
39338,xxx
39339,xxx
39340,xxx
39341,xxx
39342,xxx
39343,xxx
39344,xxx
39345,xxx
39346,xxx
39347,xxx
39348,xxx
39349,xxx
39350,xxx
39351,xxx
39352,xxx
39353,xxx
39354,xxx
39355,xxx
39356,xxx
39357,xxx
39358,xxx
39359,xxx
39360,xxx
39361,xxx
39362,xxx
39363,xxx
39364,xxx
39365,xxx
39366,xxx
39367,xxx
39368,xxx
39369,xxx
39370,xxx
39371,xxx
39372,xxx
39373,xxx
39374,xxx
39375,xxx
39376,xxx
39377,xxx
39378,xxx
39379,xxx
39380,xxx
39381,xxx
39382,xxx
39383,xxx
39384,xxx
39385,xxx
39386,xxx
39387,xxx
39388,xxx
39389,xxx
39390,xxx
39391,xxx
39392,xxx
39393,xxx
39394,xxx
39395,xxx
39396,xxx
39397,xxx
39398,xxx
39399,xxx
39400,xxx
39401,xxx
39402,xxx
39403,xxx
39404,xxx
39405,xxx
39406,xxx
39407,xxx
39408,xxx
39409,xxx
39410,xxx
39411,xxx
39412,xxx
39413,xxx
39414,xxx
39415,xxx
39416,xxx
39417,xxx
39418,xxx
39419,xxx
39420,xxx
39421,xxx
39422,xxx
39423,xxx
39424,xxx
39425,xxx
39426,xxx
39427,xxx
39428,xxx
39429,xxx
39430,xxx
39431,xxx
39432,xxx
39433,xxx
39434,xxx
39435,xxx
39436,xxx
39437,xxx
39438,xxx
39439,xxx
39440,xxx
39441,xxx
39442,xxx
39443,xxx
39444,xxx
39445,xxx
39446,xxx
39447,xxx
39448,xxx
39449,xxx
39450,xxx
39451,xxx
39452,xxx
39453,xxx
39454,xxx
39455,xxx
39456,xxx
39457,xxx
39458,xxx
39459,xxx
39460,xxx
39461,xxx
39462,xxx
39463,xxx
39464,xxx
39465,xxx
39466,xxx
39467,xxx
39468,xxx
39469,xxx
39470,xxx
39471,xxx
39472,xxx
39473,xxx
39474,xxx
39475,xxx
39476,xxx
39477,xxx
39478,xxx
39479,xxx
39480,xxx
39481,xxx
39482,xxx
39483,xxx
39484,xxx
39485,xxx
39486,xxx
39487,xxx
39488,xxx
39489,xxx
39490,xxx
39491,xxx
39492,xxx
39493,xxx
39494,xxx
39495,xxx
39496,xxx
39497,xxx
39498,xxx
39499,xxx
39500,xxx
39501,xxx
39502,xxx
39503,xxx
39504,xxx
39505,xxx
39506,xxx
39507,xxx
39508,xxx
39509,xxx
39510,xxx
39511,xxx
39512,xxx
39513,xxx
39514,xxx
39515,xxx
39516,xxx
39517,xxx
39518,xxx
39519,xxx
39520,xxx
39521,xxx
39522,xxx
39523,xxx
39524,xxx
39525,xxx
39526,xxx
39527,xxx
39528,xxx
39529,xxx
39530,xxx
39531,xxx
39532,xxx
39533,xxx
39534,xxx
39535,xxx
39536,xxx
39537,xxx
39538,xxx
39539,xxx
39540,xxx
39541,xxx
39542,xxx
39543,xxx
39544,xxx
39545,xxx
39546,xxx
39547,xxx
39548,xxx
39549,xxx
39550,xxx
39551,xxx
39552,xxx
39553,xxx
39554,xxx
39555,xxx
39556,xxx
39557,xxx
39558,xxx
39559,xxx
39560,xxx
39561,xxx
39562,xxx
39563,xxx
39564,xxx
39565,xxx
39566,xxx
39567,xxx
39568,xxx
39569,xxx
39570,xxx
39571,xxx
39572,xxx
39573,xxx
39574,xxx
39575,xxx
39576,xxx
39577,xxx
39578,xxx
39579,xxx
39580,xxx
39581,xxx
39582,xxx
39583,xxx
39584,xxx
39585,xxx
39586,xxx
39587,xxx
39588,xxx
39589,xxx
39590,xxx
39591,xxx
39592,xxx
39593,xxx
39594,xxx
39595,xxx
39596,xxx
39597,xxx
39598,xxx
39599,xxx
39600,xxx
39601,xxx
39602,xxx
39603,xxx
39604,xxx
39605,xxx
39606,xxx
39607,xxx
39608,xxx
39609,xxx
39610,xxx
39611,xxx
39612,xxx
39613,xxx
39614,xxx
39615,xxx
39616,xxx
39617,xxx
39618,xxx
39619,xxx
39620,xxx
39621,xxx
39622,xxx
39623,xxx
39624,xxx
39625,xxx
39626,xxx
39627,xxx
39628,xxx
39629,xxx
39630,xxx
39631,xxx
39632,xxx
39633,xxx
39634,xxx
39635,xxx
39636,xxx
39637,xxx
39638,xxx
39639,xxx
39640,xxx
39641,xxx
39642,xxx
39643,xxx
39644,xxx
39645,xxx
39646,xxx
39647,xxx
39648,xxx
39649,xxx
39650,xxx
39651,xxx
39652,xxx
39653,xxx
39654,xxx
39655,xxx
39656,xxx
39657,xxx
39658,xxx
39659,xxx
39660,xxx
39661,xxx
39662,xxx
39663,xxx
39664,xxx
39665,xxx
39666,xxx
39667,xxx
39668,xxx
39669,xxx
39670,xxx
39671,xxx
39672,xxx
39673,xxx
39674,xxx
39675,xxx
39676,xxx
39677,xxx
39678,xxx
39679,xxx
39680,xxx
39681,xxx
39682,xxx
39683,xxx
39684,xxx
39685,xxx
39686,xxx
39687,xxx
39688,xxx
39689,xxx
39690,xxx
39691,xxx
39692,xxx
39693,xxx
39694,xxx
39695,xxx
39696,xxx
39697,xxx
39698,xxx
39699,xxx
39700,xxx
39701,xxx
39702,xxx
39703,xxx
39704,xxx
39705,xxx
39706,xxx
39707,xxx
39708,xxx
39709,xxx
39710,xxx
39711,xxx
39712,xxx
39713,xxx
39714,xxx
39715,xxx
39716,xxx
39717,xxx
39718,xxx
39719,xxx
39720,xxx
39721,xxx
39722,xxx
39723,xxx
39724,xxx
39725,xxx
39726,xxx
39727,xxx
39728,xxx
39729,xxx
39730,xxx
39731,xxx
39732,xxx
39733,xxx
39734,xxx
39735,xxx
39736,xxx
39737,xxx
39738,xxx
39739,xxx
39740,xxx
39741,xxx
39742,xxx
39743,xxx
39744,xxx
39745,xxx
39746,xxx
39747,xxx
39748,xxx
39749,xxx
39750,xxx
39751,xxx
39752,xxx
39753,xxx
39754,xxx
39755,xxx
39756,xxx
39757,xxx
39758,xxx
39759,xxx
39760,xxx
39761,xxx
39762,xxx
39763,xxx
39764,xxx
39765,xxx
39766,xxx
39767,xxx
39768,xxx
39769,xxx
39770,xxx
39771,xxx
39772,xxx
39773,xxx
39774,xxx
39775,xxx
39776,xxx
39777,xxx
39778,xxx
39779,xxx
39780,xxx
39781,xxx
39782,xxx
39783,xxx
39784,xxx
39785,xxx
39786,xxx
39787,xxx
39788,xxx
39789,xxx
39790,xxx
39791,xxx
39792,xxx
39793,xxx
39794,xxx
39795,xxx
39796,xxx
39797,xxx
39798,xxx
39799,xxx
39800,xxx
39801,xxx
39802,xxx
39803,xxx
39804,xxx
39805,xxx
39806,xxx
39807,xxx
39808,xxx
39809,xxx
39810,xxx
39811,xxx
39812,xxx
39813,xxx
39814,xxx
39815,xxx
39816,xxx
39817,xxx
39818,xxx
39819,xxx
39820,xxx
39821,xxx
39822,xxx
39823,xxx
39824,xxx
39825,xxx
39826,xxx
39827,xxx
39828,xxx
39829,xxx
39830,xxx
39831,xxx
39832,xxx
39833,xxx
39834,xxx
39835,xxx
39836,xxx
39837,xxx
39838,xxx
39839,xxx
39840,xxx
39841,xxx
39842,xxx
39843,xxx
39844,xxx
39845,xxx
39846,xxx
39847,xxx
39848,xxx
39849,xxx
39850,xxx
39851,xxx
39852,xxx
39853,xxx
39854,xxx
39855,xxx
39856,xxx
39857,xxx
39858,xxx
39859,xxx
39860,xxx
39861,xxx
39862,xxx
39863,xxx
39864,xxx
39865,xxx
39866,xxx
39867,xxx
39868,xxx
39869,xxx
39870,xxx
39871,xxx
39872,xxx
39873,xxx
39874,xxx
39875,xxx
39876,xxx
39877,xxx
39878,xxx
39879,xxx
39880,xxx
39881,xxx
39882,xxx
39883,xxx
39884,xxx
39885,xxx
39886,xxx
39887,xxx
39888,xxx
39889,xxx
39890,xxx
39891,xxx
39892,xxx
39893,xxx
39894,xxx
39895,xxx
39896,xxx
39897,xxx
39898,xxx
39899,xxx
39900,xxx
39901,xxx
39902,xxx
39903,xxx
39904,xxx
39905,xxx
39906,xxx
39907,xxx
39908,xxx
39909,xxx
39910,xxx
39911,xxx
39912,xxx
39913,xxx
39914,xxx
39915,xxx
39916,xxx
39917,xxx
39918,xxx
39919,xxx
39920,xxx
39921,xxx
39922,xxx
39923,xxx
39924,xxx
39925,xxx
39926,xxx
39927,xxx
39928,xxx
39929,xxx
39930,xxx
39931,xxx
39932,xxx
39933,xxx
39934,xxx
39935,xxx
39936,xxx
39937,xxx
39938,xxx
39939,xxx
39940,xxx
39941,xxx
39942,xxx
39943,xxx
39944,xxx
39945,xxx
39946,xxx
39947,xxx
39948,xxx
39949,xxx
39950,xxx
39951,xxx
39952,xxx
39953,xxx
39954,xxx
39955,xxx
39956,xxx
39957,xxx
39958,xxx
39959,xxx
39960,xxx
39961,xxx
39962,xxx
39963,xxx
39964,xxx
39965,xxx
39966,xxx
39967,xxx
39968,xxx
39969,xxx
39970,xxx
39971,xxx
39972,xxx
39973,xxx
39974,xxx
39975,xxx
39976,xxx
39977,xxx
39978,xxx
39979,xxx
39980,xxx
39981,xxx
39982,xxx
39983,xxx
39984,xxx
39985,xxx
39986,xxx
39987,xxx
39988,xxx
39989,xxx
39990,xxx
39991,xxx
39992,xxx
39993,xxx
39994,xxx
39995,xxx
39996,xxx
39997,xxx
39998,xxx
39999,xxx
40000,xxx
40001,xxx
40002,xxx
40003,xxx
40004,xxx
40005,xxx
40006,xxx
40007,xxx
40008,xxx
40009,xxx
40010,xxx
40011,xxx
40012,xxx
40013,xxx
40014,xxx
40015,xxx
40016,xxx
40017,xxx
40018,xxx
40019,xxx
40020,xxx
40021,xxx
40022,xxx
40023,xxx
40024,xxx
40025,xxx
40026,xxx
40027,xxx
40028,xxx
40029,xxx
40030,xxx
40031,xxx
40032,xxx
40033,xxx
40034,xxx
40035,xxx
40036,xxx
40037,xxx
40038,xxx
40039,xxx
40040,xxx
40041,xxx
40042,xxx
40043,xxx
40044,xxx
40045,xxx
40046,xxx
40047,xxx
40048,xxx
40049,xxx
40050,xxx
40051,xxx
40052,xxx
40053,xxx
40054,xxx
40055,xxx
40056,xxx
40057,xxx
40058,xxx
40059,xxx
40060,xxx
40061,xxx
40062,xxx
40063,xxx
40064,xxx
40065,xxx
40066,xxx
40067,xxx
40068,xxx
40069,xxx
40070,xxx
40071,xxx
40072,xxx
40073,xxx
40074,xxx
40075,xxx
40076,xxx
40077,xxx
40078,xxx
40079,xxx
40080,xxx
40081,xxx
40082,xxx
40083,xxx
40084,xxx
40085,xxx
40086,xxx
40087,xxx
40088,xxx
40089,xxx
40090,xxx
40091,xxx
40092,xxx
40093,xxx
40094,xxx
40095,xxx
40096,xxx
40097,xxx
40098,xxx
40099,xxx
40100,xxx
40101,xxx
40102,xxx
40103,xxx
40104,xxx
40105,xxx
40106,xxx
40107,xxx
40108,xxx
40109,xxx
40110,xxx
40111,xxx
40112,xxx
40113,xxx
40114,xxx
40115,xxx
40116,xxx
40117,xxx
40118,xxx
40119,xxx
40120,xxx
40121,xxx
40122,xxx
40123,xxx
40124,xxx
40125,xxx
40126,xxx
40127,xxx
40128,xxx
40129,xxx
40130,xxx
40131,xxx
40132,xxx
40133,xxx
40134,xxx
40135,xxx
40136,xxx
40137,xxx
40138,xxx
40139,xxx
40140,xxx
40141,xxx
40142,xxx
40143,xxx
40144,xxx
40145,xxx
40146,xxx
40147,xxx
40148,xxx
40149,xxx
40150,xxx
40151,xxx
40152,xxx
40153,xxx
40154,xxx
40155,xxx
40156,xxx
40157,xxx
40158,xxx
40159,xxx
40160,xxx
40161,xxx
40162,xxx
40163,xxx
40164,xxx
40165,xxx
40166,xxx
40167,xxx
40168,xxx
40169,xxx
40170,xxx
40171,xxx
40172,xxx
40173,xxx
40174,xxx
40175,xxx
40176,xxx
40177,xxx
40178,xxx
40179,xxx
40180,xxx
40181,xxx
40182,xxx
40183,xxx
40184,xxx
40185,xxx
40186,xxx
40187,xxx
40188,xxx
40189,xxx
40190,xxx
40191,xxx
40192,xxx
40193,xxx
40194,xxx
40195,xxx
40196,xxx
40197,xxx
40198,xxx
40199,xxx
40200,xxx
40201,xxx
40202,xxx
40203,xxx
40204,xxx
40205,xxx
40206,xxx
40207,xxx
40208,xxx
40209,xxx
40210,xxx
40211,xxx
40212,xxx
40213,xxx
40214,xxx
40215,xxx
40216,xxx
40217,xxx
40218,xxx
40219,xxx
40220,xxx
40221,xxx
40222,xxx
40223,xxx
40224,xxx
40225,xxx
40226,xxx
40227,xxx
40228,xxx
40229,xxx
40230,xxx
40231,xxx
40232,xxx
40233,xxx
40234,xxx
40235,xxx
40236,xxx
40237,xxx
40238,xxx
40239,xxx
40240,xxx
40241,xxx
40242,xxx
40243,xxx
40244,xxx
40245,xxx
40246,xxx
40247,xxx
40248,xxx
40249,xxx
40250,xxx
40251,xxx
40252,xxx
40253,xxx
40254,xxx
40255,xxx
40256,xxx
40257,xxx
40258,xxx
40259,xxx
40260,xxx
40261,xxx
40262,xxx
40263,xxx
40264,xxx
40265,xxx
40266,xxx
40267,xxx
40268,xxx
40269,xxx
40270,xxx
40271,xxx
40272,xxx
40273,xxx
40274,xxx
40275,xxx
40276,xxx
40277,xxx
40278,xxx
40279,xxx
40280,xxx
40281,xxx
40282,xxx
40283,xxx
40284,xxx
40285,xxx
40286,xxx
40287,xxx
40288,xxx
40289,xxx
40290,xxx
40291,xxx
40292,xxx
40293,xxx
40294,xxx
40295,xxx
40296,xxx
40297,xxx
40298,xxx
40299,xxx
40300,xxx
40301,xxx
40302,xxx
40303,xxx
40304,xxx
40305,xxx
40306,xxx
40307,xxx
40308,xxx
40309,xxx
40310,xxx
40311,xxx
40312,xxx
40313,xxx
40314,xxx
40315,xxx
40316,xxx
40317,xxx
40318,xxx
40319,xxx
40320,xxx
40321,xxx
40322,xxx
40323,xxx
40324,xxx
40325,xxx
40326,xxx
40327,xxx
40328,xxx
40329,xxx
40330,xxx
40331,xxx
40332,xxx
40333,xxx
40334,xxx
40335,xxx
40336,xxx
40337,xxx
40338,xxx
40339,xxx
40340,xxx
40341,xxx
40342,xxx
40343,xxx
40344,xxx
40345,xxx
40346,xxx
40347,xxx
40348,xxx
40349,xxx
40350,xxx
40351,xxx
40352,xxx
40353,xxx
40354,xxx
40355,xxx
40356,xxx
40357,xxx
40358,xxx
40359,xxx
40360,xxx
40361,xxx
40362,xxx
40363,xxx
40364,xxx
40365,xxx
40366,xxx
40367,xxx
40368,xxx
40369,xxx
40370,xxx
40371,xxx
40372,xxx
40373,xxx
40374,xxx
40375,xxx
40376,xxx
40377,xxx
40378,xxx
40379,xxx
40380,xxx
40381,xxx
40382,xxx
40383,xxx
40384,xxx
40385,xxx
40386,xxx
40387,xxx
40388,xxx
40389,xxx
40390,xxx
40391,xxx
40392,xxx
40393,xxx
40394,xxx
40395,xxx
40396,xxx
40397,xxx
40398,xxx
40399,xxx
40400,xxx
40401,xxx
40402,xxx
40403,xxx
40404,xxx
40405,xxx
40406,xxx
40407,xxx
40408,xxx
40409,xxx
40410,xxx
40411,xxx
40412,xxx
40413,xxx
40414,xxx
40415,xxx
40416,xxx
40417,xxx
40418,xxx
40419,xxx
40420,xxx
40421,xxx
40422,xxx
40423,xxx
40424,xxx
40425,xxx
40426,xxx
40427,xxx
40428,xxx
40429,xxx
40430,xxx
40431,xxx
40432,xxx
40433,xxx
40434,xxx
40435,xxx
40436,xxx
40437,xxx
40438,xxx
40439,xxx
40440,xxx
40441,xxx
40442,xxx
40443,xxx
40444,xxx
40445,xxx
40446,xxx
40447,xxx
40448,xxx
40449,xxx
40450,xxx
40451,xxx
40452,xxx
40453,xxx
40454,xxx
40455,xxx
40456,xxx
40457,xxx
40458,xxx
40459,xxx
40460,xxx
40461,xxx
40462,xxx
40463,xxx
40464,xxx
40465,xxx
40466,xxx
40467,xxx
40468,xxx
40469,xxx
40470,xxx
40471,xxx
40472,xxx
40473,xxx
40474,xxx
40475,xxx
40476,xxx
40477,xxx
40478,xxx
40479,xxx
40480,xxx
40481,xxx
40482,xxx
40483,xxx
40484,xxx
40485,xxx
40486,xxx
40487,xxx
40488,xxx
40489,xxx
40490,xxx
40491,xxx
40492,xxx
40493,xxx
40494,xxx
40495,xxx
40496,xxx
40497,xxx
40498,xxx
40499,xxx
40500,xxx
40501,xxx
40502,xxx
40503,xxx
40504,xxx
40505,xxx
40506,xxx
40507,xxx
40508,xxx
40509,xxx
40510,xxx
40511,xxx
40512,xxx
40513,xxx
40514,xxx
40515,xxx
40516,xxx
40517,xxx
40518,xxx
40519,xxx
40520,xxx
40521,xxx
40522,xxx
40523,xxx
40524,xxx
40525,xxx
40526,xxx
40527,xxx
40528,xxx
40529,xxx
40530,xxx
40531,xxx
40532,xxx
40533,xxx
40534,xxx
40535,xxx
40536,xxx
40537,xxx
40538,xxx
40539,xxx
40540,xxx
40541,xxx
40542,xxx
40543,xxx
40544,xxx
40545,xxx
40546,xxx
40547,xxx
40548,xxx
40549,xxx
40550,xxx
40551,xxx
40552,xxx
40553,xxx
40554,xxx
40555,xxx
40556,xxx
40557,xxx
40558,xxx
40559,xxx
40560,xxx
40561,xxx
40562,xxx
40563,xxx
40564,xxx
40565,xxx
40566,xxx
40567,xxx
40568,xxx
40569,xxx
40570,xxx
40571,xxx
40572,xxx
40573,xxx
40574,xxx
40575,xxx
40576,xxx
40577,xxx
40578,xxx
40579,xxx
40580,xxx
40581,xxx
40582,xxx
40583,xxx
40584,xxx
40585,xxx
40586,xxx
40587,xxx
40588,xxx
40589,xxx
40590,xxx
40591,xxx
40592,xxx
40593,xxx
40594,xxx
40595,xxx
40596,xxx
40597,xxx
40598,xxx
40599,xxx
40600,xxx
40601,xxx
40602,xxx
40603,xxx
40604,xxx
40605,xxx
40606,xxx
40607,xxx
40608,xxx
40609,xxx
40610,xxx
40611,xxx
40612,xxx
40613,xxx
40614,xxx
40615,xxx
40616,xxx
40617,xxx
40618,xxx
40619,xxx
40620,xxx
40621,xxx
40622,xxx
40623,xxx
40624,xxx
40625,xxx
40626,xxx
40627,xxx
40628,xxx
40629,xxx
40630,xxx
40631,xxx
40632,xxx
40633,xxx
40634,xxx
40635,xxx
40636,xxx
40637,xxx
40638,xxx
40639,xxx
40640,xxx
40641,xxx
40642,xxx
40643,xxx
40644,xxx
40645,xxx
40646,xxx
40647,xxx
40648,xxx
40649,xxx
40650,xxx
40651,xxx
40652,xxx
40653,xxx
40654,xxx
40655,xxx
40656,xxx
40657,xxx
40658,xxx
40659,xxx
40660,xxx
40661,xxx
40662,xxx
40663,xxx
40664,xxx
40665,xxx
40666,xxx
40667,xxx
40668,xxx
40669,xxx
40670,xxx
40671,xxx
40672,xxx
40673,xxx
40674,xxx
40675,xxx
40676,xxx
40677,xxx
40678,xxx
40679,xxx
40680,xxx
40681,xxx
40682,xxx
40683,xxx
40684,xxx
40685,xxx
40686,xxx
40687,xxx
40688,xxx
40689,xxx
40690,xxx
40691,xxx
40692,xxx
40693,xxx
40694,xxx
40695,xxx
40696,xxx
40697,xxx
40698,xxx
40699,xxx
40700,xxx
40701,xxx
40702,xxx
40703,xxx
40704,xxx
40705,xxx
40706,xxx
40707,xxx
40708,xxx
40709,xxx
40710,xxx
40711,xxx
40712,xxx
40713,xxx
40714,xxx
40715,xxx
40716,xxx
40717,xxx
40718,xxx
40719,xxx
40720,xxx
40721,xxx
40722,xxx
40723,xxx
40724,xxx
40725,xxx
40726,xxx
40727,xxx
40728,xxx
40729,xxx
40730,xxx
40731,xxx
40732,xxx
40733,xxx
40734,xxx
40735,xxx
40736,xxx
40737,xxx
40738,xxx
40739,xxx
40740,xxx
40741,xxx
40742,xxx
40743,xxx
40744,xxx
40745,xxx
40746,xxx
40747,xxx
40748,xxx
40749,xxx
40750,xxx
40751,xxx
40752,xxx
40753,xxx
40754,xxx
40755,xxx
40756,xxx
40757,xxx
40758,xxx
40759,xxx
40760,xxx
40761,xxx
40762,xxx
40763,xxx
40764,xxx
40765,xxx
40766,xxx
40767,xxx
40768,xxx
40769,xxx
40770,xxx
40771,xxx
40772,xxx
40773,xxx
40774,xxx
40775,xxx
40776,xxx
40777,xxx
40778,xxx
40779,xxx
40780,xxx
40781,xxx
40782,xxx
40783,xxx
40784,xxx
40785,xxx
40786,xxx
40787,xxx
40788,xxx
40789,xxx
40790,xxx
40791,xxx
40792,xxx
40793,xxx
40794,xxx
40795,xxx
40796,xxx
40797,xxx
40798,xxx
40799,xxx
40800,xxx
40801,xxx
40802,xxx
40803,xxx
40804,xxx
40805,xxx
40806,xxx
40807,xxx
40808,xxx
40809,xxx
40810,xxx
40811,xxx
40812,xxx
40813,xxx
40814,xxx
40815,xxx
40816,xxx
40817,xxx
40818,xxx
40819,xxx
40820,xxx
40821,xxx
40822,xxx
40823,xxx
40824,xxx
40825,xxx
40826,xxx
40827,xxx
40828,xxx
40829,xxx
40830,xxx
40831,xxx
40832,xxx
40833,xxx
40834,xxx
40835,xxx
40836,xxx
40837,xxx
40838,xxx
40839,xxx
40840,xxx
40841,xxx
40842,xxx
40843,xxx
40844,xxx
40845,xxx
40846,xxx
40847,xxx
40848,xxx
40849,xxx
40850,xxx
40851,xxx
40852,xxx
40853,xxx
40854,xxx
40855,xxx
40856,xxx
40857,xxx
40858,xxx
40859,xxx
40860,xxx
40861,xxx
40862,xxx
40863,xxx
40864,xxx
40865,xxx
40866,xxx
40867,xxx
40868,xxx
40869,xxx
40870,xxx
40871,xxx
40872,xxx
40873,xxx
40874,xxx
40875,xxx
40876,xxx
40877,xxx
40878,xxx
40879,xxx
40880,xxx
40881,xxx
40882,xxx
40883,xxx
40884,xxx
40885,xxx
40886,xxx
40887,xxx
40888,xxx
40889,xxx
40890,xxx
40891,xxx
40892,xxx
40893,xxx
40894,xxx
40895,xxx
40896,xxx
40897,xxx
40898,xxx
40899,xxx
40900,xxx
40901,xxx
40902,xxx
40903,xxx
40904,xxx
40905,xxx
40906,xxx
40907,xxx
40908,xxx
40909,xxx
40910,xxx
40911,xxx
40912,xxx
40913,xxx
40914,xxx
40915,xxx
40916,xxx
40917,xxx
40918,xxx
40919,xxx
40920,xxx
40921,xxx
40922,xxx
40923,xxx
40924,xxx
40925,xxx
40926,xxx
40927,xxx
40928,xxx
40929,xxx
40930,xxx
40931,xxx
40932,xxx
40933,xxx
40934,xxx
40935,xxx
40936,xxx
40937,xxx
40938,xxx
40939,xxx
40940,xxx
40941,xxx
40942,xxx
40943,xxx
40944,xxx
40945,xxx
40946,xxx
40947,xxx
40948,xxx
40949,xxx
40950,xxx
40951,xxx
40952,xxx
40953,xxx
40954,xxx
40955,xxx
40956,xxx
40957,xxx
40958,xxx
40959,xxx
40960,xxx
40961,xxx
40962,xxx
40963,xxx
40964,xxx
40965,xxx
40966,xxx
40967,xxx
40968,xxx
40969,xxx
40970,xxx
40971,xxx
40972,xxx
40973,xxx
40974,xxx
40975,xxx
40976,xxx
40977,xxx
40978,xxx
40979,xxx
40980,xxx
40981,xxx
40982,xxx
40983,xxx
40984,xxx
40985,xxx
40986,xxx
40987,xxx
40988,xxx
40989,xxx
40990,xxx
40991,xxx
40992,xxx
40993,xxx
40994,xxx
40995,xxx
40996,xxx
40997,xxx
40998,xxx
40999,xxx
41000,xxx
41001,xxx
41002,xxx
41003,xxx
41004,xxx
41005,xxx
41006,xxx
41007,xxx
41008,xxx
41009,xxx
41010,xxx
41011,xxx
41012,xxx
41013,xxx
41014,xxx
41015,xxx
41016,xxx
41017,xxx
41018,xxx
41019,xxx
41020,xxx
41021,xxx
41022,xxx
41023,xxx
41024,xxx
41025,xxx
41026,xxx
41027,xxx
41028,xxx
41029,xxx
41030,xxx
41031,xxx
41032,xxx
41033,xxx
41034,xxx
41035,xxx
41036,xxx
41037,xxx
41038,xxx
41039,xxx
41040,xxx
41041,xxx
41042,xxx
41043,xxx
41044,xxx
41045,xxx
41046,xxx
41047,xxx
41048,xxx
41049,xxx
41050,xxx
41051,xxx
41052,xxx
41053,xxx
41054,xxx
41055,xxx
41056,xxx
41057,xxx
41058,xxx
41059,xxx
41060,xxx
41061,xxx
41062,xxx
41063,xxx
41064,xxx
41065,xxx
41066,xxx
41067,xxx
41068,xxx
41069,xxx
41070,xxx
41071,xxx
41072,xxx
41073,xxx
41074,xxx
41075,xxx
41076,xxx
41077,xxx
41078,xxx
41079,xxx
41080,xxx
41081,xxx
41082,xxx
41083,xxx
41084,xxx
41085,xxx
41086,xxx
41087,xxx
41088,xxx
41089,xxx
41090,xxx
41091,xxx
41092,xxx
41093,xxx
41094,xxx
41095,xxx
41096,xxx
41097,xxx
41098,xxx
41099,xxx
41100,xxx
41101,xxx
41102,xxx
41103,xxx
41104,xxx
41105,xxx
41106,xxx
41107,xxx
41108,xxx
41109,xxx
41110,xxx
41111,xxx
41112,xxx
41113,xxx
41114,xxx
41115,xxx
41116,xxx
41117,xxx
41118,xxx
41119,xxx
41120,xxx
41121,xxx
41122,xxx
41123,xxx
41124,xxx
41125,xxx
41126,xxx
41127,xxx
41128,xxx
41129,xxx
41130,xxx
41131,xxx
41132,xxx
41133,xxx
41134,xxx
41135,xxx
41136,xxx
41137,xxx
41138,xxx
41139,xxx
41140,xxx
41141,xxx
41142,xxx
41143,xxx
41144,xxx
41145,xxx
41146,xxx
41147,xxx
41148,xxx
41149,xxx
41150,xxx
41151,xxx
41152,xxx
41153,xxx
41154,xxx
41155,xxx
41156,xxx
41157,xxx
41158,xxx
41159,xxx
41160,xxx
41161,xxx
41162,xxx
41163,xxx
41164,xxx
41165,xxx
41166,xxx
41167,xxx
41168,xxx
41169,xxx
41170,xxx
41171,xxx
41172,xxx
41173,xxx
41174,xxx
41175,xxx
41176,xxx
41177,xxx
41178,xxx
41179,xxx
41180,xxx
41181,xxx
41182,xxx
41183,xxx
41184,xxx
41185,xxx
41186,xxx
41187,xxx
41188,xxx
41189,xxx
41190,xxx
41191,xxx
41192,xxx
41193,xxx
41194,xxx
41195,xxx
41196,xxx
41197,xxx
41198,xxx
41199,xxx
41200,xxx
41201,xxx
41202,xxx
41203,xxx
41204,xxx
41205,xxx
41206,xxx
41207,xxx
41208,xxx
41209,xxx
41210,xxx
41211,xxx
41212,xxx
41213,xxx
41214,xxx
41215,xxx
41216,xxx
41217,xxx
41218,xxx
41219,xxx
41220,xxx
41221,xxx
41222,xxx
41223,xxx
41224,xxx
41225,xxx
41226,xxx
41227,xxx
41228,xxx
41229,xxx
41230,xxx
41231,xxx
41232,xxx
41233,xxx
41234,xxx
41235,xxx
41236,xxx
41237,xxx
41238,xxx
41239,xxx
41240,xxx
41241,xxx
41242,xxx
41243,xxx
41244,xxx
41245,xxx
41246,xxx
41247,xxx
41248,xxx
41249,xxx
41250,xxx
41251,xxx
41252,xxx
41253,xxx
41254,xxx
41255,xxx
41256,xxx
41257,xxx
41258,xxx
41259,xxx
41260,xxx
41261,xxx
41262,xxx
41263,xxx
41264,xxx
41265,xxx
41266,xxx
41267,xxx
41268,xxx
41269,xxx
41270,xxx
41271,xxx
41272,xxx
41273,xxx
41274,xxx
41275,xxx
41276,xxx
41277,xxx
41278,xxx
41279,xxx
41280,xxx
41281,xxx
41282,xxx
41283,xxx
41284,xxx
41285,xxx
41286,xxx
41287,xxx
41288,xxx
41289,xxx
41290,xxx
41291,xxx
41292,xxx
41293,xxx
41294,xxx
41295,xxx
41296,xxx
41297,xxx
41298,xxx
41299,xxx
41300,xxx
41301,xxx
41302,xxx
41303,xxx
41304,xxx
41305,xxx
41306,xxx
41307,xxx
41308,xxx
41309,xxx
41310,xxx
41311,xxx
41312,xxx
41313,xxx
41314,xxx
41315,xxx
41316,xxx
41317,xxx
41318,xxx
41319,xxx
41320,xxx
41321,xxx
41322,xxx
41323,xxx
41324,xxx
41325,xxx
41326,xxx
41327,xxx
41328,xxx
41329,xxx
41330,xxx
41331,xxx
41332,xxx
41333,xxx
41334,xxx
41335,xxx
41336,xxx
41337,xxx
41338,xxx
41339,xxx
41340,xxx
41341,xxx
41342,xxx
41343,xxx
41344,xxx
41345,xxx
41346,xxx
41347,xxx
41348,xxx
41349,xxx
41350,xxx
41351,xxx
41352,xxx
41353,xxx
41354,xxx
41355,xxx
41356,xxx
41357,xxx
41358,xxx
41359,xxx
41360,xxx
41361,xxx
41362,xxx
41363,xxx
41364,xxx
41365,xxx
41366,xxx
41367,xxx
41368,xxx
41369,xxx
41370,xxx
41371,xxx
41372,xxx
41373,xxx
41374,xxx
41375,xxx
41376,xxx
41377,xxx
41378,xxx
41379,xxx
41380,xxx
41381,xxx
41382,xxx
41383,xxx
41384,xxx
41385,xxx
41386,xxx
41387,xxx
41388,xxx
41389,xxx
41390,xxx
41391,xxx
41392,xxx
41393,xxx
41394,xxx
41395,xxx
41396,xxx
41397,xxx
41398,xxx
41399,xxx
41400,xxx
41401,xxx
41402,xxx
41403,xxx
41404,xxx
41405,xxx
41406,xxx
41407,xxx
41408,xxx
41409,xxx
41410,xxx
41411,xxx
41412,xxx
41413,xxx
41414,xxx
41415,xxx
41416,xxx
41417,xxx
41418,xxx
41419,xxx
41420,xxx
41421,xxx
41422,xxx
41423,xxx
41424,xxx
41425,xxx
41426,xxx
41427,xxx
41428,xxx
41429,xxx
41430,xxx
41431,xxx
41432,xxx
41433,xxx
41434,xxx
41435,xxx
41436,xxx
41437,xxx
41438,xxx
41439,xxx
41440,xxx
41441,xxx
41442,xxx
41443,xxx
41444,xxx
41445,xxx
41446,xxx
41447,xxx
41448,xxx
41449,xxx
41450,xxx
41451,xxx
41452,xxx
41453,xxx
41454,xxx
41455,xxx
41456,xxx
41457,xxx
41458,xxx
41459,xxx
41460,xxx
41461,xxx
41462,xxx
41463,xxx
41464,xxx
41465,xxx
41466,xxx
41467,xxx
41468,xxx
41469,xxx
41470,xxx
41471,xxx
41472,xxx
41473,xxx
41474,xxx
41475,xxx
41476,xxx
41477,xxx
41478,xxx
41479,xxx
41480,xxx
41481,xxx
41482,xxx
41483,xxx
41484,xxx
41485,xxx
41486,xxx
41487,xxx
41488,xxx
41489,xxx
41490,xxx
41491,xxx
41492,xxx
41493,xxx
41494,xxx
41495,xxx
41496,xxx
41497,xxx
41498,xxx
41499,xxx
41500,xxx
41501,xxx
41502,xxx
41503,xxx
41504,xxx
41505,xxx
41506,xxx
41507,xxx
41508,xxx
41509,xxx
41510,xxx
41511,xxx
41512,xxx
41513,xxx
41514,xxx
41515,xxx
41516,xxx
41517,xxx
41518,xxx
41519,xxx
41520,xxx
41521,xxx
41522,xxx
41523,xxx
41524,xxx
41525,xxx
41526,xxx
41527,xxx
41528,xxx
41529,xxx
41530,xxx
41531,xxx
41532,xxx
41533,xxx
41534,xxx
41535,xxx
41536,xxx
41537,xxx
41538,xxx
41539,xxx
41540,xxx
41541,xxx
41542,xxx
41543,xxx
41544,xxx
41545,xxx
41546,xxx
41547,xxx
41548,xxx
41549,xxx
41550,xxx
41551,xxx
41552,xxx
41553,xxx
41554,xxx
41555,xxx
41556,xxx
41557,xxx
41558,xxx
41559,xxx
41560,xxx
41561,xxx
41562,xxx
41563,xxx
41564,xxx
41565,xxx
41566,xxx
41567,xxx
41568,xxx
41569,xxx
41570,xxx
41571,xxx
41572,xxx
41573,xxx
41574,xxx
41575,xxx
41576,xxx
41577,xxx
41578,xxx
41579,xxx
41580,xxx
41581,xxx
41582,xxx
41583,xxx
41584,xxx
41585,xxx
41586,xxx
41587,xxx
41588,xxx
41589,xxx
41590,xxx
41591,xxx
41592,xxx
41593,xxx
41594,xxx
41595,xxx
41596,xxx
41597,xxx
41598,xxx
41599,xxx
41600,xxx
41601,xxx
41602,xxx
41603,xxx
41604,xxx
41605,xxx
41606,xxx
41607,xxx
41608,xxx
41609,xxx
41610,xxx
41611,xxx
41612,xxx
41613,xxx
41614,xxx
41615,xxx
41616,xxx
41617,xxx
41618,xxx
41619,xxx
41620,xxx
41621,xxx
41622,xxx
41623,xxx
41624,xxx
41625,xxx
41626,xxx
41627,xxx
41628,xxx
41629,xxx
41630,xxx
41631,xxx
41632,xxx
41633,xxx
41634,xxx
41635,xxx
41636,xxx
41637,xxx
41638,xxx
41639,xxx
41640,xxx
41641,xxx
41642,xxx
41643,xxx
41644,xxx
41645,xxx
41646,xxx
41647,xxx
41648,xxx
41649,xxx
41650,xxx
41651,xxx
41652,xxx
41653,xxx
41654,xxx
41655,xxx
41656,xxx
41657,xxx
41658,xxx
41659,xxx
41660,xxx
41661,xxx
41662,xxx
41663,xxx
41664,xxx
41665,xxx
41666,xxx
41667,xxx
41668,xxx
41669,xxx
41670,xxx
41671,xxx
41672,xxx
41673,xxx
41674,xxx
41675,xxx
41676,xxx
41677,xxx
41678,xxx
41679,xxx
41680,xxx
41681,xxx
41682,xxx
41683,xxx
41684,xxx
41685,xxx
41686,xxx
41687,xxx
41688,xxx
41689,xxx
41690,xxx
41691,xxx
41692,xxx
41693,xxx
41694,xxx
41695,xxx
41696,xxx
41697,xxx
41698,xxx
41699,xxx
41700,xxx
41701,xxx
41702,xxx
41703,xxx
41704,xxx
41705,xxx
41706,xxx
41707,xxx
41708,xxx
41709,xxx
41710,xxx
41711,xxx
41712,xxx
41713,xxx
41714,xxx
41715,xxx
41716,xxx
41717,xxx
41718,xxx
41719,xxx
41720,xxx
41721,xxx
41722,xxx
41723,xxx
41724,xxx
41725,xxx
41726,xxx
41727,xxx
41728,xxx
41729,xxx
41730,xxx
41731,xxx
41732,xxx
41733,xxx
41734,xxx
41735,xxx
41736,xxx
41737,xxx
41738,xxx
41739,xxx
41740,xxx
41741,xxx
41742,xxx
41743,xxx
41744,xxx
41745,xxx
41746,xxx
41747,xxx
41748,xxx
41749,xxx
41750,xxx
41751,xxx
41752,xxx
41753,xxx
41754,xxx
41755,xxx
41756,xxx
41757,xxx
41758,xxx
41759,xxx
41760,xxx
41761,xxx
41762,xxx
41763,xxx
41764,xxx
41765,xxx
41766,xxx
41767,xxx
41768,xxx
41769,xxx
41770,xxx
41771,xxx
41772,xxx
41773,xxx
41774,xxx
41775,xxx
41776,xxx
41777,xxx
41778,xxx
41779,xxx
41780,xxx
41781,xxx
41782,xxx
41783,xxx
41784,xxx
41785,xxx
41786,xxx
41787,xxx
41788,xxx
41789,xxx
41790,xxx
41791,xxx
41792,xxx
41793,xxx
41794,xxx
41795,xxx
41796,xxx
41797,xxx
41798,xxx
41799,xxx
41800,xxx
41801,xxx
41802,xxx
41803,xxx
41804,xxx
41805,xxx
41806,xxx
41807,xxx
41808,xxx
41809,xxx
41810,xxx
41811,xxx
41812,xxx
41813,xxx
41814,xxx
41815,xxx
41816,xxx
41817,xxx
41818,xxx
41819,xxx
41820,xxx
41821,xxx
41822,xxx
41823,xxx
41824,xxx
41825,xxx
41826,xxx
41827,xxx
41828,xxx
41829,xxx
41830,xxx
41831,xxx
41832,xxx
41833,xxx
41834,xxx
41835,xxx
41836,xxx
41837,xxx
41838,xxx
41839,xxx
41840,xxx
41841,xxx
41842,xxx
41843,xxx
41844,xxx
41845,xxx
41846,xxx
41847,xxx
41848,xxx
41849,xxx
41850,xxx
41851,xxx
41852,xxx
41853,xxx
41854,xxx
41855,xxx
41856,xxx
41857,xxx
41858,xxx
41859,xxx
41860,xxx
41861,xxx
41862,xxx
41863,xxx
41864,xxx
41865,xxx
41866,xxx
41867,xxx
41868,xxx
41869,xxx
41870,xxx
41871,xxx
41872,xxx
41873,xxx
41874,xxx
41875,xxx
41876,xxx
41877,xxx
41878,xxx
41879,xxx
41880,xxx
41881,xxx
41882,xxx
41883,xxx
41884,xxx
41885,xxx
41886,xxx
41887,xxx
41888,xxx
41889,xxx
41890,xxx
41891,xxx
41892,xxx
41893,xxx
41894,xxx
41895,xxx
41896,xxx
41897,xxx
41898,xxx
41899,xxx
41900,xxx
41901,xxx
41902,xxx
41903,xxx
41904,xxx
41905,xxx
41906,xxx
41907,xxx
41908,xxx
41909,xxx
41910,xxx
41911,xxx
41912,xxx
41913,xxx
41914,xxx
41915,xxx
41916,xxx
41917,xxx
41918,xxx
41919,xxx
41920,xxx
41921,xxx
41922,xxx
41923,xxx
41924,xxx
41925,xxx
41926,xxx
41927,xxx
41928,xxx
41929,xxx
41930,xxx
41931,xxx
41932,xxx
41933,xxx
41934,xxx
41935,xxx
41936,xxx
41937,xxx
41938,xxx
41939,xxx
41940,xxx
41941,xxx
41942,xxx
41943,xxx
41944,xxx
41945,xxx
41946,xxx
41947,xxx
41948,xxx
41949,xxx
41950,xxx
41951,xxx
41952,xxx
41953,xxx
41954,xxx
41955,xxx
41956,xxx
41957,xxx
41958,xxx
41959,xxx
41960,xxx
41961,xxx
41962,xxx
41963,xxx
41964,xxx
41965,xxx
41966,xxx
41967,xxx
41968,xxx
41969,xxx
41970,xxx
41971,xxx
41972,xxx
41973,xxx
41974,xxx
41975,xxx
41976,xxx
41977,xxx
41978,xxx
41979,xxx
41980,xxx
41981,xxx
41982,xxx
41983,xxx
41984,xxx
41985,xxx
41986,xxx
41987,xxx
41988,xxx
41989,xxx
41990,xxx
41991,xxx
41992,xxx
41993,xxx
41994,xxx
41995,xxx
41996,xxx
41997,xxx
41998,xxx
41999,xxx
42000,xxx
42001,xxx
42002,xxx
42003,xxx
42004,xxx
42005,xxx
42006,xxx
42007,xxx
42008,xxx
42009,xxx
42010,xxx
42011,xxx
42012,xxx
42013,xxx
42014,xxx
42015,xxx
42016,xxx
42017,xxx
42018,xxx
42019,xxx
42020,xxx
42021,xxx
42022,xxx
42023,xxx
42024,xxx
42025,xxx
42026,xxx
42027,xxx
42028,xxx
42029,xxx
42030,xxx
42031,xxx
42032,xxx
42033,xxx
42034,xxx
42035,xxx
42036,xxx
42037,xxx
42038,xxx
42039,xxx
42040,xxx
42041,xxx
42042,xxx
42043,xxx
42044,xxx
42045,xxx
42046,xxx
42047,xxx
42048,xxx
42049,xxx
42050,xxx
42051,xxx
42052,xxx
42053,xxx
42054,xxx
42055,xxx
42056,xxx
42057,xxx
42058,xxx
42059,xxx
42060,xxx
42061,xxx
42062,xxx
42063,xxx
42064,xxx
42065,xxx
42066,xxx
42067,xxx
42068,xxx
42069,xxx
42070,xxx
42071,xxx
42072,xxx
42073,xxx
42074,xxx
42075,xxx
42076,xxx
42077,xxx
42078,xxx
42079,xxx
42080,xxx
42081,xxx
42082,xxx
42083,xxx
42084,xxx
42085,xxx
42086,xxx
42087,xxx
42088,xxx
42089,xxx
42090,xxx
42091,xxx
42092,xxx
42093,xxx
42094,xxx
42095,xxx
42096,xxx
42097,xxx
42098,xxx
42099,xxx
42100,xxx
42101,xxx
42102,xxx
42103,xxx
42104,xxx
42105,xxx
42106,xxx
42107,xxx
42108,xxx
42109,xxx
42110,xxx
42111,xxx
42112,xxx
42113,xxx
42114,xxx
42115,xxx
42116,xxx
42117,xxx
42118,xxx
42119,xxx
42120,xxx
42121,xxx
42122,xxx
42123,xxx
42124,xxx
42125,xxx
42126,xxx
42127,xxx
42128,xxx
42129,xxx
42130,xxx
42131,xxx
42132,xxx
42133,xxx
42134,xxx
42135,xxx
42136,xxx
42137,xxx
42138,xxx
42139,xxx
42140,xxx
42141,xxx
42142,xxx
42143,xxx
42144,xxx
42145,xxx
42146,xxx
42147,xxx
42148,xxx
42149,xxx
42150,xxx
42151,xxx
42152,xxx
42153,xxx
42154,xxx
42155,xxx
42156,xxx
42157,xxx
42158,xxx
42159,xxx
42160,xxx
42161,xxx
42162,xxx
42163,xxx
42164,xxx
42165,xxx
42166,xxx
42167,xxx
42168,xxx
42169,xxx
42170,xxx
42171,xxx
42172,xxx
42173,xxx
42174,xxx
42175,xxx
42176,xxx
42177,xxx
42178,xxx
42179,xxx
42180,xxx
42181,xxx
42182,xxx
42183,xxx
42184,xxx
42185,xxx
42186,xxx
42187,xxx
42188,xxx
42189,xxx
42190,xxx
42191,xxx
42192,xxx
42193,xxx
42194,xxx
42195,xxx
42196,xxx
42197,xxx
42198,xxx
42199,xxx
42200,xxx
42201,xxx
42202,xxx
42203,xxx
42204,xxx
42205,xxx
42206,xxx
42207,xxx
42208,xxx
42209,xxx
42210,xxx
42211,xxx
42212,xxx
42213,xxx
42214,xxx
42215,xxx
42216,xxx
42217,xxx
42218,xxx
42219,xxx
42220,xxx
42221,xxx
42222,xxx
42223,xxx
42224,xxx
42225,xxx
42226,xxx
42227,xxx
42228,xxx
42229,xxx
42230,xxx
42231,xxx
42232,xxx
42233,xxx
42234,xxx
42235,xxx
42236,xxx
42237,xxx
42238,xxx
42239,xxx
42240,xxx
42241,xxx
42242,xxx
42243,xxx
42244,xxx
42245,xxx
42246,xxx
42247,xxx
42248,xxx
42249,xxx
42250,xxx
42251,xxx
42252,xxx
42253,xxx
42254,xxx
42255,xxx
42256,xxx
42257,xxx
42258,xxx
42259,xxx
42260,xxx
42261,xxx
42262,xxx
42263,xxx
42264,xxx
42265,xxx
42266,xxx
42267,xxx
42268,xxx
42269,xxx
42270,xxx
42271,xxx
42272,xxx
42273,xxx
42274,xxx
42275,xxx
42276,xxx
42277,xxx
42278,xxx
42279,xxx
42280,xxx
42281,xxx
42282,xxx
42283,xxx
42284,xxx
42285,xxx
42286,xxx
42287,xxx
42288,xxx
42289,xxx
42290,xxx
42291,xxx
42292,xxx
42293,xxx
42294,xxx
42295,xxx
42296,xxx
42297,xxx
42298,xxx
42299,xxx
42300,xxx
42301,xxx
42302,xxx
42303,xxx
42304,xxx
42305,xxx
42306,xxx
42307,xxx
42308,xxx
42309,xxx
42310,xxx
42311,xxx
42312,xxx
42313,xxx
42314,xxx
42315,xxx
42316,xxx
42317,xxx
42318,xxx
42319,xxx
42320,xxx
42321,xxx
42322,xxx
42323,xxx
42324,xxx
42325,xxx
42326,xxx
42327,xxx
42328,xxx
42329,xxx
42330,xxx
42331,xxx
42332,xxx
42333,xxx
42334,xxx
42335,xxx
42336,xxx
42337,xxx
42338,xxx
42339,xxx
42340,xxx
42341,xxx
42342,xxx
42343,xxx
42344,xxx
42345,xxx
42346,xxx
42347,xxx
42348,xxx
42349,xxx
42350,xxx
42351,xxx
42352,xxx
42353,xxx
42354,xxx
42355,xxx
42356,xxx
42357,xxx
42358,xxx
42359,xxx
42360,xxx
42361,xxx
42362,xxx
42363,xxx
42364,xxx
42365,xxx
42366,xxx
42367,xxx
42368,xxx
42369,xxx
42370,xxx
42371,xxx
42372,xxx
42373,xxx
42374,xxx
42375,xxx
42376,xxx
42377,xxx
42378,xxx
42379,xxx
42380,xxx
42381,xxx
42382,xxx
42383,xxx
42384,xxx
42385,xxx
42386,xxx
42387,xxx
42388,xxx
42389,xxx
42390,xxx
42391,xxx
42392,xxx
42393,xxx
42394,xxx
42395,xxx
42396,xxx
42397,xxx
42398,xxx
42399,xxx
42400,xxx
42401,xxx
42402,xxx
42403,xxx
42404,xxx
42405,xxx
42406,xxx
42407,xxx
42408,xxx
42409,xxx
42410,xxx
42411,xxx
42412,xxx
42413,xxx
42414,xxx
42415,xxx
42416,xxx
42417,xxx
42418,xxx
42419,xxx
42420,xxx
42421,xxx
42422,xxx
42423,xxx
42424,xxx
42425,xxx
42426,xxx
42427,xxx
42428,xxx
42429,xxx
42430,xxx
42431,xxx
42432,xxx
42433,xxx
42434,xxx
42435,xxx
42436,xxx
42437,xxx
42438,xxx
42439,xxx
42440,xxx
42441,xxx
42442,xxx
42443,xxx
42444,xxx
42445,xxx
42446,xxx
42447,xxx
42448,xxx
42449,xxx
42450,xxx
42451,xxx
42452,xxx
42453,xxx
42454,xxx
42455,xxx
42456,xxx
42457,xxx
42458,xxx
42459,xxx
42460,xxx
42461,xxx
42462,xxx
42463,xxx
42464,xxx
42465,xxx
42466,xxx
42467,xxx
42468,xxx
42469,xxx
42470,xxx
42471,xxx
42472,xxx
42473,xxx
42474,xxx
42475,xxx
42476,xxx
42477,xxx
42478,xxx
42479,xxx
42480,xxx
42481,xxx
42482,xxx
42483,xxx
42484,xxx
42485,xxx
42486,xxx
42487,xxx
42488,xxx
42489,xxx
42490,xxx
42491,xxx
42492,xxx
42493,xxx
42494,xxx
42495,xxx
42496,xxx
42497,xxx
42498,xxx
42499,xxx
42500,xxx
42501,xxx
42502,xxx
42503,xxx
42504,xxx
42505,xxx
42506,xxx
42507,xxx
42508,xxx
42509,xxx
42510,xxx
42511,xxx
42512,xxx
42513,xxx
42514,xxx
42515,xxx
42516,xxx
42517,xxx
42518,xxx
42519,xxx
42520,xxx
42521,xxx
42522,xxx
42523,xxx
42524,xxx
42525,xxx
42526,xxx
42527,xxx
42528,xxx
42529,xxx
42530,xxx
42531,xxx
42532,xxx
42533,xxx
42534,xxx
42535,xxx
42536,xxx
42537,xxx
42538,xxx
42539,xxx
42540,xxx
42541,xxx
42542,xxx
42543,xxx
42544,xxx
42545,xxx
42546,xxx
42547,xxx
42548,xxx
42549,xxx
42550,xxx
42551,xxx
42552,xxx
42553,xxx
42554,xxx
42555,xxx
42556,xxx
42557,xxx
42558,xxx
42559,xxx
42560,xxx
42561,xxx
42562,xxx
42563,xxx
42564,xxx
42565,xxx
42566,xxx
42567,xxx
42568,xxx
42569,xxx
42570,xxx
42571,xxx
42572,xxx
42573,xxx
42574,xxx
42575,xxx
42576,xxx
42577,xxx
42578,xxx
42579,xxx
42580,xxx
42581,xxx
42582,xxx
42583,xxx
42584,xxx
42585,xxx
42586,xxx
42587,xxx
42588,xxx
42589,xxx
42590,xxx
42591,xxx
42592,xxx
42593,xxx
42594,xxx
42595,xxx
42596,xxx
42597,xxx
42598,xxx
42599,xxx
42600,xxx
42601,xxx
42602,xxx
42603,xxx
42604,xxx
42605,xxx
42606,xxx
42607,xxx
42608,xxx
42609,xxx
42610,xxx
42611,xxx
42612,xxx
42613,xxx
42614,xxx
42615,xxx
42616,xxx
42617,xxx
42618,xxx
42619,xxx
42620,xxx
42621,xxx
42622,xxx
42623,xxx
42624,xxx
42625,xxx
42626,xxx
42627,xxx
42628,xxx
42629,xxx
42630,xxx
42631,xxx
42632,xxx
42633,xxx
42634,xxx
42635,xxx
42636,xxx
42637,xxx
42638,xxx
42639,xxx
42640,xxx
42641,xxx
42642,xxx
42643,xxx
42644,xxx
42645,xxx
42646,xxx
42647,xxx
42648,xxx
42649,xxx
42650,xxx
42651,xxx
42652,xxx
42653,xxx
42654,xxx
42655,xxx
42656,xxx
42657,xxx
42658,xxx
42659,xxx
42660,xxx
42661,xxx
42662,xxx
42663,xxx
42664,xxx
42665,xxx
42666,xxx
42667,xxx
42668,xxx
42669,xxx
42670,xxx
42671,xxx
42672,xxx
42673,xxx
42674,xxx
42675,xxx
42676,xxx
42677,xxx
42678,xxx
42679,xxx
42680,xxx
42681,xxx
42682,xxx
42683,xxx
42684,xxx
42685,xxx
42686,xxx
42687,xxx
42688,xxx
42689,xxx
42690,xxx
42691,xxx
42692,xxx
42693,xxx
42694,xxx
42695,xxx
42696,xxx
42697,xxx
42698,xxx
42699,xxx
42700,xxx
42701,xxx
42702,xxx
42703,xxx
42704,xxx
42705,xxx
42706,xxx
42707,xxx
42708,xxx
42709,xxx
42710,xxx
42711,xxx
42712,xxx
42713,xxx
42714,xxx
42715,xxx
42716,xxx
42717,xxx
42718,xxx
42719,xxx
42720,xxx
42721,xxx
42722,xxx
42723,xxx
42724,xxx
42725,xxx
42726,xxx
42727,xxx
42728,xxx
42729,xxx
42730,xxx
42731,xxx
42732,xxx
42733,xxx
42734,xxx
42735,xxx
42736,xxx
42737,xxx
42738,xxx
42739,xxx
42740,xxx
42741,xxx
42742,xxx
42743,xxx
42744,xxx
42745,xxx
42746,xxx
42747,xxx
42748,xxx
42749,xxx
42750,xxx
42751,xxx
42752,xxx
42753,xxx
42754,xxx
42755,xxx
42756,xxx
42757,xxx
42758,xxx
42759,xxx
42760,xxx
42761,xxx
42762,xxx
42763,xxx
42764,xxx
42765,xxx
42766,xxx
42767,xxx
42768,xxx
42769,xxx
42770,xxx
42771,xxx
42772,xxx
42773,xxx
42774,xxx
42775,xxx
42776,xxx
42777,xxx
42778,xxx
42779,xxx
42780,xxx
42781,xxx
42782,xxx
42783,xxx
42784,xxx
42785,xxx
42786,xxx
42787,xxx
42788,xxx
42789,xxx
42790,xxx
42791,xxx
42792,xxx
42793,xxx
42794,xxx
42795,xxx
42796,xxx
42797,xxx
42798,xxx
42799,xxx
42800,xxx
42801,xxx
42802,xxx
42803,xxx
42804,xxx
42805,xxx
42806,xxx
42807,xxx
42808,xxx
42809,xxx
42810,xxx
42811,xxx
42812,xxx
42813,xxx
42814,xxx
42815,xxx
42816,xxx
42817,xxx
42818,xxx
42819,xxx
42820,xxx
42821,xxx
42822,xxx
42823,xxx
42824,xxx
42825,xxx
42826,xxx
42827,xxx
42828,xxx
42829,xxx
42830,xxx
42831,xxx
42832,xxx
42833,xxx
42834,xxx
42835,xxx
42836,xxx
42837,xxx
42838,xxx
42839,xxx
42840,xxx
42841,xxx
42842,xxx
42843,xxx
42844,xxx
42845,xxx
42846,xxx
42847,xxx
42848,xxx
42849,xxx
42850,xxx
42851,xxx
42852,xxx
42853,xxx
42854,xxx
42855,xxx
42856,xxx
42857,xxx
42858,xxx
42859,xxx
42860,xxx
42861,xxx
42862,xxx
42863,xxx
42864,xxx
42865,xxx
42866,xxx
42867,xxx
42868,xxx
42869,xxx
42870,xxx
42871,xxx
42872,xxx
42873,xxx
42874,xxx
42875,xxx
42876,xxx
42877,xxx
42878,xxx
42879,xxx
42880,xxx
42881,xxx
42882,xxx
42883,xxx
42884,xxx
42885,xxx
42886,xxx
42887,xxx
42888,xxx
42889,xxx
42890,xxx
42891,xxx
42892,xxx
42893,xxx
42894,xxx
42895,xxx
42896,xxx
42897,xxx
42898,xxx
42899,xxx
42900,xxx
42901,xxx
42902,xxx
42903,xxx
42904,xxx
42905,xxx
42906,xxx
42907,xxx
42908,xxx
42909,xxx
42910,xxx
42911,xxx
42912,xxx
42913,xxx
42914,xxx
42915,xxx
42916,xxx
42917,xxx
42918,xxx
42919,xxx
42920,xxx
42921,xxx
42922,xxx
42923,xxx
42924,xxx
42925,xxx
42926,xxx
42927,xxx
42928,xxx
42929,xxx
42930,xxx
42931,xxx
42932,xxx
42933,xxx
42934,xxx
42935,xxx
42936,xxx
42937,xxx
42938,xxx
42939,xxx
42940,xxx
42941,xxx
42942,xxx
42943,xxx
42944,xxx
42945,xxx
42946,xxx
42947,xxx
42948,xxx
42949,xxx
42950,xxx
42951,xxx
42952,xxx
42953,xxx
42954,xxx
42955,xxx
42956,xxx
42957,xxx
42958,xxx
42959,xxx
42960,xxx
42961,xxx
42962,xxx
42963,xxx
42964,xxx
42965,xxx
42966,xxx
42967,xxx
42968,xxx
42969,xxx
42970,xxx
42971,xxx
42972,xxx
42973,xxx
42974,xxx
42975,xxx
42976,xxx
42977,xxx
42978,xxx
42979,xxx
42980,xxx
42981,xxx
42982,xxx
42983,xxx
42984,xxx
42985,xxx
42986,xxx
42987,xxx
42988,xxx
42989,xxx
42990,xxx
42991,xxx
42992,xxx
42993,xxx
42994,xxx
42995,xxx
42996,xxx
42997,xxx
42998,xxx
42999,xxx
43000,xxx
43001,xxx
43002,xxx
43003,xxx
43004,xxx
43005,xxx
43006,xxx
43007,xxx
43008,xxx
43009,xxx
43010,xxx
43011,xxx
43012,xxx
43013,xxx
43014,xxx
43015,xxx
43016,xxx
43017,xxx
43018,xxx
43019,xxx
43020,xxx
43021,xxx
43022,xxx
43023,xxx
43024,xxx
43025,xxx
43026,xxx
43027,xxx
43028,xxx
43029,xxx
43030,xxx
43031,xxx
43032,xxx
43033,xxx
43034,xxx
43035,xxx
43036,xxx
43037,xxx
43038,xxx
43039,xxx
43040,xxx
43041,xxx
43042,xxx
43043,xxx
43044,xxx
43045,xxx
43046,xxx
43047,xxx
43048,xxx
43049,xxx
43050,xxx
43051,xxx
43052,xxx
43053,xxx
43054,xxx
43055,xxx
43056,xxx
43057,xxx
43058,xxx
43059,xxx
43060,xxx
43061,xxx
43062,xxx
43063,xxx
43064,xxx
43065,xxx
43066,xxx
43067,xxx
43068,xxx
43069,xxx
43070,xxx
43071,xxx
43072,xxx
43073,xxx
43074,xxx
43075,xxx
43076,xxx
43077,xxx
43078,xxx
43079,xxx
43080,xxx
43081,xxx
43082,xxx
43083,xxx
43084,xxx
43085,xxx
43086,xxx
43087,xxx
43088,xxx
43089,xxx
43090,xxx
43091,xxx
43092,xxx
43093,xxx
43094,xxx
43095,xxx
43096,xxx
43097,xxx
43098,xxx
43099,xxx
43100,xxx
43101,xxx
43102,xxx
43103,xxx
43104,xxx
43105,xxx
43106,xxx
43107,xxx
43108,xxx
43109,xxx
43110,xxx
43111,xxx
43112,xxx
43113,xxx
43114,xxx
43115,xxx
43116,xxx
43117,xxx
43118,xxx
43119,xxx
43120,xxx
43121,xxx
43122,xxx
43123,xxx
43124,xxx
43125,xxx
43126,xxx
43127,xxx
43128,xxx
43129,xxx
43130,xxx
43131,xxx
43132,xxx
43133,xxx
43134,xxx
43135,xxx
43136,xxx
43137,xxx
43138,xxx
43139,xxx
43140,xxx
43141,xxx
43142,xxx
43143,xxx
43144,xxx
43145,xxx
43146,xxx
43147,xxx
43148,xxx
43149,xxx
43150,xxx
43151,xxx
43152,xxx
43153,xxx
43154,xxx
43155,xxx
43156,xxx
43157,xxx
43158,xxx
43159,xxx
43160,xxx
43161,xxx
43162,xxx
43163,xxx
43164,xxx
43165,xxx
43166,xxx
43167,xxx
43168,xxx
43169,xxx
43170,xxx
43171,xxx
43172,xxx
43173,xxx
43174,xxx
43175,xxx
43176,xxx
43177,xxx
43178,xxx
43179,xxx
43180,xxx
43181,xxx
43182,xxx
43183,xxx
43184,xxx
43185,xxx
43186,xxx
43187,xxx
43188,xxx
43189,xxx
43190,xxx
43191,xxx
43192,xxx
43193,xxx
43194,xxx
43195,xxx
43196,xxx
43197,xxx
43198,xxx
43199,xxx
43200,xxx
43201,xxx
43202,xxx
43203,xxx
43204,xxx
43205,xxx
43206,xxx
43207,xxx
43208,xxx
43209,xxx
43210,xxx
43211,xxx
43212,xxx
43213,xxx
43214,xxx
43215,xxx
43216,xxx
43217,xxx
43218,xxx
43219,xxx
43220,xxx
43221,xxx
43222,xxx
43223,xxx
43224,xxx
43225,xxx
43226,xxx
43227,xxx
43228,xxx
43229,xxx
43230,xxx
43231,xxx
43232,xxx
43233,xxx
43234,xxx
43235,xxx
43236,xxx
43237,xxx
43238,xxx
43239,xxx
43240,xxx
43241,xxx
43242,xxx
43243,xxx
43244,xxx
43245,xxx
43246,xxx
43247,xxx
43248,xxx
43249,xxx
43250,xxx
43251,xxx
43252,xxx
43253,xxx
43254,xxx
43255,xxx
43256,xxx
43257,xxx
43258,xxx
43259,xxx
43260,xxx
43261,xxx
43262,xxx
43263,xxx
43264,xxx
43265,xxx
43266,xxx
43267,xxx
43268,xxx
43269,xxx
43270,xxx
43271,xxx
43272,xxx
43273,xxx
43274,xxx
43275,xxx
43276,xxx
43277,xxx
43278,xxx
43279,xxx
43280,xxx
43281,xxx
43282,xxx
43283,xxx
43284,xxx
43285,xxx
43286,xxx
43287,xxx
43288,xxx
43289,xxx
43290,xxx
43291,xxx
43292,xxx
43293,xxx
43294,xxx
43295,xxx
43296,xxx
43297,xxx
43298,xxx
43299,xxx
43300,xxx
43301,xxx
43302,xxx
43303,xxx
43304,xxx
43305,xxx
43306,xxx
43307,xxx
43308,xxx
43309,xxx
43310,xxx
43311,xxx
43312,xxx
43313,xxx
43314,xxx
43315,xxx
43316,xxx
43317,xxx
43318,xxx
43319,xxx
43320,xxx
43321,xxx
43322,xxx
43323,xxx
43324,xxx
43325,xxx
43326,xxx
43327,xxx
43328,xxx
43329,xxx
43330,xxx
43331,xxx
43332,xxx
43333,xxx
43334,xxx
43335,xxx
43336,xxx
43337,xxx
43338,xxx
43339,xxx
43340,xxx
43341,xxx
43342,xxx
43343,xxx
43344,xxx
43345,xxx
43346,xxx
43347,xxx
43348,xxx
43349,xxx
43350,xxx
43351,xxx
43352,xxx
43353,xxx
43354,xxx
43355,xxx
43356,xxx
43357,xxx
43358,xxx
43359,xxx
43360,xxx
43361,xxx
43362,xxx
43363,xxx
43364,xxx
43365,xxx
43366,xxx
43367,xxx
43368,xxx
43369,xxx
43370,xxx
43371,xxx
43372,xxx
43373,xxx
43374,xxx
43375,xxx
43376,xxx
43377,xxx
43378,xxx
43379,xxx
43380,xxx
43381,xxx
43382,xxx
43383,xxx
43384,xxx
43385,xxx
43386,xxx
43387,xxx
43388,xxx
43389,xxx
43390,xxx
43391,xxx
43392,xxx
43393,xxx
43394,xxx
43395,xxx
43396,xxx
43397,xxx
43398,xxx
43399,xxx
43400,xxx
43401,xxx
43402,xxx
43403,xxx
43404,xxx
43405,xxx
43406,xxx
43407,xxx
43408,xxx
43409,xxx
43410,xxx
43411,xxx
43412,xxx
43413,xxx
43414,xxx
43415,xxx
43416,xxx
43417,xxx
43418,xxx
43419,xxx
43420,xxx
43421,xxx
43422,xxx
43423,xxx
43424,xxx
43425,xxx
43426,xxx
43427,xxx
43428,xxx
43429,xxx
43430,xxx
43431,xxx
43432,xxx
43433,xxx
43434,xxx
43435,xxx
43436,xxx
43437,xxx
43438,xxx
43439,xxx
43440,xxx
43441,xxx
43442,xxx
43443,xxx
43444,xxx
43445,xxx
43446,xxx
43447,xxx
43448,xxx
43449,xxx
43450,xxx
43451,xxx
43452,xxx
43453,xxx
43454,xxx
43455,xxx
43456,xxx
43457,xxx
43458,xxx
43459,xxx
43460,xxx
43461,xxx
43462,xxx
43463,xxx
43464,xxx
43465,xxx
43466,xxx
43467,xxx
43468,xxx
43469,xxx
43470,xxx
43471,xxx
43472,xxx
43473,xxx
43474,xxx
43475,xxx
43476,xxx
43477,xxx
43478,xxx
43479,xxx
43480,xxx
43481,xxx
43482,xxx
43483,xxx
43484,xxx
43485,xxx
43486,xxx
43487,xxx
43488,xxx
43489,xxx
43490,xxx
43491,xxx
43492,xxx
43493,xxx
43494,xxx
43495,xxx
43496,xxx
43497,xxx
43498,xxx
43499,xxx
43500,xxx
43501,xxx
43502,xxx
43503,xxx
43504,xxx
43505,xxx
43506,xxx
43507,xxx
43508,xxx
43509,xxx
43510,xxx
43511,xxx
43512,xxx
43513,xxx
43514,xxx
43515,xxx
43516,xxx
43517,xxx
43518,xxx
43519,xxx
43520,xxx
43521,xxx
43522,xxx
43523,xxx
43524,xxx
43525,xxx
43526,xxx
43527,xxx
43528,xxx
43529,xxx
43530,xxx
43531,xxx
43532,xxx
43533,xxx
43534,xxx
43535,xxx
43536,xxx
43537,xxx
43538,xxx
43539,xxx
43540,xxx
43541,xxx
43542,xxx
43543,xxx
43544,xxx
43545,xxx
43546,xxx
43547,xxx
43548,xxx
43549,xxx
43550,xxx
43551,xxx
43552,xxx
43553,xxx
43554,xxx
43555,xxx
43556,xxx
43557,xxx
43558,xxx
43559,xxx
43560,xxx
43561,xxx
43562,xxx
43563,xxx
43564,xxx
43565,xxx
43566,xxx
43567,xxx
43568,xxx
43569,xxx
43570,xxx
43571,xxx
43572,xxx
43573,xxx
43574,xxx
43575,xxx
43576,xxx
43577,xxx
43578,xxx
43579,xxx
43580,xxx
43581,xxx
43582,xxx
43583,xxx
43584,xxx
43585,xxx
43586,xxx
43587,xxx
43588,xxx
43589,xxx
43590,xxx
43591,xxx
43592,xxx
43593,xxx
43594,xxx
43595,xxx
43596,xxx
43597,xxx
43598,xxx
43599,xxx
43600,xxx
43601,xxx
43602,xxx
43603,xxx
43604,xxx
43605,xxx
43606,xxx
43607,xxx
43608,xxx
43609,xxx
43610,xxx
43611,xxx
43612,xxx
43613,xxx
43614,xxx
43615,xxx
43616,xxx
43617,xxx
43618,xxx
43619,xxx
43620,xxx
43621,xxx
43622,xxx
43623,xxx
43624,xxx
43625,xxx
43626,xxx
43627,xxx
43628,xxx
43629,xxx
43630,xxx
43631,xxx
43632,xxx
43633,xxx
43634,xxx
43635,xxx
43636,xxx
43637,xxx
43638,xxx
43639,xxx
43640,xxx
43641,xxx
43642,xxx
43643,xxx
43644,xxx
43645,xxx
43646,xxx
43647,xxx
43648,xxx
43649,xxx
43650,xxx
43651,xxx
43652,xxx
43653,xxx
43654,xxx
43655,xxx
43656,xxx
43657,xxx
43658,xxx
43659,xxx
43660,xxx
43661,xxx
43662,xxx
43663,xxx
43664,xxx
43665,xxx
43666,xxx
43667,xxx
43668,xxx
43669,xxx
43670,xxx
43671,xxx
43672,xxx
43673,xxx
43674,xxx
43675,xxx
43676,xxx
43677,xxx
43678,xxx
43679,xxx
43680,xxx
43681,xxx
43682,xxx
43683,xxx
43684,xxx
43685,xxx
43686,xxx
43687,xxx
43688,xxx
43689,xxx
43690,xxx
43691,xxx
43692,xxx
43693,xxx
43694,xxx
43695,xxx
43696,xxx
43697,xxx
43698,xxx
43699,xxx
43700,xxx
43701,xxx
43702,xxx
43703,xxx
43704,xxx
43705,xxx
43706,xxx
43707,xxx
43708,xxx
43709,xxx
43710,xxx
43711,xxx
43712,xxx
43713,xxx
43714,xxx
43715,xxx
43716,xxx
43717,xxx
43718,xxx
43719,xxx
43720,xxx
43721,xxx
43722,xxx
43723,xxx
43724,xxx
43725,xxx
43726,xxx
43727,xxx
43728,xxx
43729,xxx
43730,xxx
43731,xxx
43732,xxx
43733,xxx
43734,xxx
43735,xxx
43736,xxx
43737,xxx
43738,xxx
43739,xxx
43740,xxx
43741,xxx
43742,xxx
43743,xxx
43744,xxx
43745,xxx
43746,xxx
43747,xxx
43748,xxx
43749,xxx
43750,xxx
43751,xxx
43752,xxx
43753,xxx
43754,xxx
43755,xxx
43756,xxx
43757,xxx
43758,xxx
43759,xxx
43760,xxx
43761,xxx
43762,xxx
43763,xxx
43764,xxx
43765,xxx
43766,xxx
43767,xxx
43768,xxx
43769,xxx
43770,xxx
43771,xxx
43772,xxx
43773,xxx
43774,xxx
43775,xxx
43776,xxx
43777,xxx
43778,xxx
43779,xxx
43780,xxx
43781,xxx
43782,xxx
43783,xxx
43784,xxx
43785,xxx
43786,xxx
43787,xxx
43788,xxx
43789,xxx
43790,xxx
43791,xxx
43792,xxx
43793,xxx
43794,xxx
43795,xxx
43796,xxx
43797,xxx
43798,xxx
43799,xxx
43800,xxx
43801,xxx
43802,xxx
43803,xxx
43804,xxx
43805,xxx
43806,xxx
43807,xxx
43808,xxx
43809,xxx
43810,xxx
43811,xxx
43812,xxx
43813,xxx
43814,xxx
43815,xxx
43816,xxx
43817,xxx
43818,xxx
43819,xxx
43820,xxx
43821,xxx
43822,xxx
43823,xxx
43824,xxx
43825,xxx
43826,xxx
43827,xxx
43828,xxx
43829,xxx
43830,xxx
43831,xxx
43832,xxx
43833,xxx
43834,xxx
43835,xxx
43836,xxx
43837,xxx
43838,xxx
43839,xxx
43840,xxx
43841,xxx
43842,xxx
43843,xxx
43844,xxx
43845,xxx
43846,xxx
43847,xxx
43848,xxx
43849,xxx
43850,xxx
43851,xxx
43852,xxx
43853,xxx
43854,xxx
43855,xxx
43856,xxx
43857,xxx
43858,xxx
43859,xxx
43860,xxx
43861,xxx
43862,xxx
43863,xxx
43864,xxx
43865,xxx
43866,xxx
43867,xxx
43868,xxx
43869,xxx
43870,xxx
43871,xxx
43872,xxx
43873,xxx
43874,xxx
43875,xxx
43876,xxx
43877,xxx
43878,xxx
43879,xxx
43880,xxx
43881,xxx
43882,xxx
43883,xxx
43884,xxx
43885,xxx
43886,xxx
43887,xxx
43888,xxx
43889,xxx
43890,xxx
43891,xxx
43892,xxx
43893,xxx
43894,xxx
43895,xxx
43896,xxx
43897,xxx
43898,xxx
43899,xxx
43900,xxx
43901,xxx
43902,xxx
43903,xxx
43904,xxx
43905,xxx
43906,xxx
43907,xxx
43908,xxx
43909,xxx
43910,xxx
43911,xxx
43912,xxx
43913,xxx
43914,xxx
43915,xxx
43916,xxx
43917,xxx
43918,xxx
43919,xxx
43920,xxx
43921,xxx
43922,xxx
43923,xxx
43924,xxx
43925,xxx
43926,xxx
43927,xxx
43928,xxx
43929,xxx
43930,xxx
43931,xxx
43932,xxx
43933,xxx
43934,xxx
43935,xxx
43936,xxx
43937,xxx
43938,xxx
43939,xxx
43940,xxx
43941,xxx
43942,xxx
43943,xxx
43944,xxx
43945,xxx
43946,xxx
43947,xxx
43948,xxx
43949,xxx
43950,xxx
43951,xxx
43952,xxx
43953,xxx
43954,xxx
43955,xxx
43956,xxx
43957,xxx
43958,xxx
43959,xxx
43960,xxx
43961,xxx
43962,xxx
43963,xxx
43964,xxx
43965,xxx
43966,xxx
43967,xxx
43968,xxx
43969,xxx
43970,xxx
43971,xxx
43972,xxx
43973,xxx
43974,xxx
43975,xxx
43976,xxx
43977,xxx
43978,xxx
43979,xxx
43980,xxx
43981,xxx
43982,xxx
43983,xxx
43984,xxx
43985,xxx
43986,xxx
43987,xxx
43988,xxx
43989,xxx
43990,xxx
43991,xxx
43992,xxx
43993,xxx
43994,xxx
43995,xxx
43996,xxx
43997,xxx
43998,xxx
43999,xxx
44000,xxx
44001,xxx
44002,xxx
44003,xxx
44004,xxx
44005,xxx
44006,xxx
44007,xxx
44008,xxx
44009,xxx
44010,xxx
44011,xxx
44012,xxx
44013,xxx
44014,xxx
44015,xxx
44016,xxx
44017,xxx
44018,xxx
44019,xxx
44020,xxx
44021,xxx
44022,xxx
44023,xxx
44024,xxx
44025,xxx
44026,xxx
44027,xxx
44028,xxx
44029,xxx
44030,xxx
44031,xxx
44032,xxx
44033,xxx
44034,xxx
44035,xxx
44036,xxx
44037,xxx
44038,xxx
44039,xxx
44040,xxx
44041,xxx
44042,xxx
44043,xxx
44044,xxx
44045,xxx
44046,xxx
44047,xxx
44048,xxx
44049,xxx
44050,xxx
44051,xxx
44052,xxx
44053,xxx
44054,xxx
44055,xxx
44056,xxx
44057,xxx
44058,xxx
44059,xxx
44060,xxx
44061,xxx
44062,xxx
44063,xxx
44064,xxx
44065,xxx
44066,xxx
44067,xxx
44068,xxx
44069,xxx
44070,xxx
44071,xxx
44072,xxx
44073,xxx
44074,xxx
44075,xxx
44076,xxx
44077,xxx
44078,xxx
44079,xxx
44080,xxx
44081,xxx
44082,xxx
44083,xxx
44084,xxx
44085,xxx
44086,xxx
44087,xxx
44088,xxx
44089,xxx
44090,xxx
44091,xxx
44092,xxx
44093,xxx
44094,xxx
44095,xxx
44096,xxx
44097,xxx
44098,xxx
44099,xxx
44100,xxx
44101,xxx
44102,xxx
44103,xxx
44104,xxx
44105,xxx
44106,xxx
44107,xxx
44108,xxx
44109,xxx
44110,xxx
44111,xxx
44112,xxx
44113,xxx
44114,xxx
44115,xxx
44116,xxx
44117,xxx
44118,xxx
44119,xxx
44120,xxx
44121,xxx
44122,xxx
44123,xxx
44124,xxx
44125,xxx
44126,xxx
44127,xxx
44128,xxx
44129,xxx
44130,xxx
44131,xxx
44132,xxx
44133,xxx
44134,xxx
44135,xxx
44136,xxx
44137,xxx
44138,xxx
44139,xxx
44140,xxx
44141,xxx
44142,xxx
44143,xxx
44144,xxx
44145,xxx
44146,xxx
44147,xxx
44148,xxx
44149,xxx
44150,xxx
44151,xxx
44152,xxx
44153,xxx
44154,xxx
44155,xxx
44156,xxx
44157,xxx
44158,xxx
44159,xxx
44160,xxx
44161,xxx
44162,xxx
44163,xxx
44164,xxx
44165,xxx
44166,xxx
44167,xxx
44168,xxx
44169,xxx
44170,xxx
44171,xxx
44172,xxx
44173,xxx
44174,xxx
44175,xxx
44176,xxx
44177,xxx
44178,xxx
44179,xxx
44180,xxx
44181,xxx
44182,xxx
44183,xxx
44184,xxx
44185,xxx
44186,xxx
44187,xxx
44188,xxx
44189,xxx
44190,xxx
44191,xxx
44192,xxx
44193,xxx
44194,xxx
44195,xxx
44196,xxx
44197,xxx
44198,xxx
44199,xxx
44200,xxx
44201,xxx
44202,xxx
44203,xxx
44204,xxx
44205,xxx
44206,xxx
44207,xxx
44208,xxx
44209,xxx
44210,xxx
44211,xxx
44212,xxx
44213,xxx
44214,xxx
44215,xxx
44216,xxx
44217,xxx
44218,xxx
44219,xxx
44220,xxx
44221,xxx
44222,xxx
44223,xxx
44224,xxx
44225,xxx
44226,xxx
44227,xxx
44228,xxx
44229,xxx
44230,xxx
44231,xxx
44232,xxx
44233,xxx
44234,xxx
44235,xxx
44236,xxx
44237,xxx
44238,xxx
44239,xxx
44240,xxx
44241,xxx
44242,xxx
44243,xxx
44244,xxx
44245,xxx
44246,xxx
44247,xxx
44248,xxx
44249,xxx
44250,xxx
44251,xxx
44252,xxx
44253,xxx
44254,xxx
44255,xxx
44256,xxx
44257,xxx
44258,xxx
44259,xxx
44260,xxx
44261,xxx
44262,xxx
44263,xxx
44264,xxx
44265,xxx
44266,xxx
44267,xxx
44268,xxx
44269,xxx
44270,xxx
44271,xxx
44272,xxx
44273,xxx
44274,xxx
44275,xxx
44276,xxx
44277,xxx
44278,xxx
44279,xxx
44280,xxx
44281,xxx
44282,xxx
44283,xxx
44284,xxx
44285,xxx
44286,xxx
44287,xxx
44288,xxx
44289,xxx
44290,xxx
44291,xxx
44292,xxx
44293,xxx
44294,xxx
44295,xxx
44296,xxx
44297,xxx
44298,xxx
44299,xxx
44300,xxx
44301,xxx
44302,xxx
44303,xxx
44304,xxx
44305,xxx
44306,xxx
44307,xxx
44308,xxx
44309,xxx
44310,xxx
44311,xxx
44312,xxx
44313,xxx
44314,xxx
44315,xxx
44316,xxx
44317,xxx
44318,xxx
44319,xxx
44320,xxx
44321,xxx
44322,xxx
44323,xxx
44324,xxx
44325,xxx
44326,xxx
44327,xxx
44328,xxx
44329,xxx
44330,xxx
44331,xxx
44332,xxx
44333,xxx
44334,xxx
44335,xxx
44336,xxx
44337,xxx
44338,xxx
44339,xxx
44340,xxx
44341,xxx
44342,xxx
44343,xxx
44344,xxx
44345,xxx
44346,xxx
44347,xxx
44348,xxx
44349,xxx
44350,xxx
44351,xxx
44352,xxx
44353,xxx
44354,xxx
44355,xxx
44356,xxx
44357,xxx
44358,xxx
44359,xxx
44360,xxx
44361,xxx
44362,xxx
44363,xxx
44364,xxx
44365,xxx
44366,xxx
44367,xxx
44368,xxx
44369,xxx
44370,xxx
44371,xxx
44372,xxx
44373,xxx
44374,xxx
44375,xxx
44376,xxx
44377,xxx
44378,xxx
44379,xxx
44380,xxx
44381,xxx
44382,xxx
44383,xxx
44384,xxx
44385,xxx
44386,xxx
44387,xxx
44388,xxx
44389,xxx
44390,xxx
44391,xxx
44392,xxx
44393,xxx
44394,xxx
44395,xxx
44396,xxx
44397,xxx
44398,xxx
44399,xxx
44400,xxx
44401,xxx
44402,xxx
44403,xxx
44404,xxx
44405,xxx
44406,xxx
44407,xxx
44408,xxx
44409,xxx
44410,xxx
44411,xxx
44412,xxx
44413,xxx
44414,xxx
44415,xxx
44416,xxx
44417,xxx
44418,xxx
44419,xxx
44420,xxx
44421,xxx
44422,xxx
44423,xxx
44424,xxx
44425,xxx
44426,xxx
44427,xxx
44428,xxx
44429,xxx
44430,xxx
44431,xxx
44432,xxx
44433,xxx
44434,xxx
44435,xxx
44436,xxx
44437,xxx
44438,xxx
44439,xxx
44440,xxx
44441,xxx
44442,xxx
44443,xxx
44444,xxx
44445,xxx
44446,xxx
44447,xxx
44448,xxx
44449,xxx
44450,xxx
44451,xxx
44452,xxx
44453,xxx
44454,xxx
44455,xxx
44456,xxx
44457,xxx
44458,xxx
44459,xxx
44460,xxx
44461,xxx
44462,xxx
44463,xxx
44464,xxx
44465,xxx
44466,xxx
44467,xxx
44468,xxx
44469,xxx
44470,xxx
44471,xxx
44472,xxx
44473,xxx
44474,xxx
44475,xxx
44476,xxx
44477,xxx
44478,xxx
44479,xxx
44480,xxx
44481,xxx
44482,xxx
44483,xxx
44484,xxx
44485,xxx
44486,xxx
44487,xxx
44488,xxx
44489,xxx
44490,xxx
44491,xxx
44492,xxx
44493,xxx
44494,xxx
44495,xxx
44496,xxx
44497,xxx
44498,xxx
44499,xxx
44500,xxx
44501,xxx
44502,xxx
44503,xxx
44504,xxx
44505,xxx
44506,xxx
44507,xxx
44508,xxx
44509,xxx
44510,xxx
44511,xxx
44512,xxx
44513,xxx
44514,xxx
44515,xxx
44516,xxx
44517,xxx
44518,xxx
44519,xxx
44520,xxx
44521,xxx
44522,xxx
44523,xxx
44524,xxx
44525,xxx
44526,xxx
44527,xxx
44528,xxx
44529,xxx
44530,xxx
44531,xxx
44532,xxx
44533,xxx
44534,xxx
44535,xxx
44536,xxx
44537,xxx
44538,xxx
44539,xxx
44540,xxx
44541,xxx
44542,xxx
44543,xxx
44544,xxx
44545,xxx
44546,xxx
44547,xxx
44548,xxx
44549,xxx
44550,xxx
44551,xxx
44552,xxx
44553,xxx
44554,xxx
44555,xxx
44556,xxx
44557,xxx
44558,xxx
44559,xxx
44560,xxx
44561,xxx
44562,xxx
44563,xxx
44564,xxx
44565,xxx
44566,xxx
44567,xxx
44568,xxx
44569,xxx
44570,xxx
44571,xxx
44572,xxx
44573,xxx
44574,xxx
44575,xxx
44576,xxx
44577,xxx
44578,xxx
44579,xxx
44580,xxx
44581,xxx
44582,xxx
44583,xxx
44584,xxx
44585,xxx
44586,xxx
44587,xxx
44588,xxx
44589,xxx
44590,xxx
44591,xxx
44592,xxx
44593,xxx
44594,xxx
44595,xxx
44596,xxx
44597,xxx
44598,xxx
44599,xxx
44600,xxx
44601,xxx
44602,xxx
44603,xxx
44604,xxx
44605,xxx
44606,xxx
44607,xxx
44608,xxx
44609,xxx
44610,xxx
44611,xxx
44612,xxx
44613,xxx
44614,xxx
44615,xxx
44616,xxx
44617,xxx
44618,xxx
44619,xxx
44620,xxx
44621,xxx
44622,xxx
44623,xxx
44624,xxx
44625,xxx
44626,xxx
44627,xxx
44628,xxx
44629,xxx
44630,xxx
44631,xxx
44632,xxx
44633,xxx
44634,xxx
44635,xxx
44636,xxx
44637,xxx
44638,xxx
44639,xxx
44640,xxx
44641,xxx
44642,xxx
44643,xxx
44644,xxx
44645,xxx
44646,xxx
44647,xxx
44648,xxx
44649,xxx
44650,xxx
44651,xxx
44652,xxx
44653,xxx
44654,xxx
44655,xxx
44656,xxx
44657,xxx
44658,xxx
44659,xxx
44660,xxx
44661,xxx
44662,xxx
44663,xxx
44664,xxx
44665,xxx
44666,xxx
44667,xxx
44668,xxx
44669,xxx
44670,xxx
44671,xxx
44672,xxx
44673,xxx
44674,xxx
44675,xxx
44676,xxx
44677,xxx
44678,xxx
44679,xxx
44680,xxx
44681,xxx
44682,xxx
44683,xxx
44684,xxx
44685,xxx
44686,xxx
44687,xxx
44688,xxx
44689,xxx
44690,xxx
44691,xxx
44692,xxx
44693,xxx
44694,xxx
44695,xxx
44696,xxx
44697,xxx
44698,xxx
44699,xxx
44700,xxx
44701,xxx
44702,xxx
44703,xxx
44704,xxx
44705,xxx
44706,xxx
44707,xxx
44708,xxx
44709,xxx
44710,xxx
44711,xxx
44712,xxx
44713,xxx
44714,xxx
44715,xxx
44716,xxx
44717,xxx
44718,xxx
44719,xxx
44720,xxx
44721,xxx
44722,xxx
44723,xxx
44724,xxx
44725,xxx
44726,xxx
44727,xxx
44728,xxx
44729,xxx
44730,xxx
44731,xxx
44732,xxx
44733,xxx
44734,xxx
44735,xxx
44736,xxx
44737,xxx
44738,xxx
44739,xxx
44740,xxx
44741,xxx
44742,xxx
44743,xxx
44744,xxx
44745,xxx
44746,xxx
44747,xxx
44748,xxx
44749,xxx
44750,xxx
44751,xxx
44752,xxx
44753,xxx
44754,xxx
44755,xxx
44756,xxx
44757,xxx
44758,xxx
44759,xxx
44760,xxx
44761,xxx
44762,xxx
44763,xxx
44764,xxx
44765,xxx
44766,xxx
44767,xxx
44768,xxx
44769,xxx
44770,xxx
44771,xxx
44772,xxx
44773,xxx
44774,xxx
44775,xxx
44776,xxx
44777,xxx
44778,xxx
44779,xxx
44780,xxx
44781,xxx
44782,xxx
44783,xxx
44784,xxx
44785,xxx
44786,xxx
44787,xxx
44788,xxx
44789,xxx
44790,xxx
44791,xxx
44792,xxx
44793,xxx
44794,xxx
44795,xxx
44796,xxx
44797,xxx
44798,xxx
44799,xxx
44800,xxx
44801,xxx
44802,xxx
44803,xxx
44804,xxx
44805,xxx
44806,xxx
44807,xxx
44808,xxx
44809,xxx
44810,xxx
44811,xxx
44812,xxx
44813,xxx
44814,xxx
44815,xxx
44816,xxx
44817,xxx
44818,xxx
44819,xxx
44820,xxx
44821,xxx
44822,xxx
44823,xxx
44824,xxx
44825,xxx
44826,xxx
44827,xxx
44828,xxx
44829,xxx
44830,xxx
44831,xxx
44832,xxx
44833,xxx
44834,xxx
44835,xxx
44836,xxx
44837,xxx
44838,xxx
44839,xxx
44840,xxx
44841,xxx
44842,xxx
44843,xxx
44844,xxx
44845,xxx
44846,xxx
44847,xxx
44848,xxx
44849,xxx
44850,xxx
44851,xxx
44852,xxx
44853,xxx
44854,xxx
44855,xxx
44856,xxx
44857,xxx
44858,xxx
44859,xxx
44860,xxx
44861,xxx
44862,xxx
44863,xxx
44864,xxx
44865,xxx
44866,xxx
44867,xxx
44868,xxx
44869,xxx
44870,xxx
44871,xxx
44872,xxx
44873,xxx
44874,xxx
44875,xxx
44876,xxx
44877,xxx
44878,xxx
44879,xxx
44880,xxx
44881,xxx
44882,xxx
44883,xxx
44884,xxx
44885,xxx
44886,xxx
44887,xxx
44888,xxx
44889,xxx
44890,xxx
44891,xxx
44892,xxx
44893,xxx
44894,xxx
44895,xxx
44896,xxx
44897,xxx
44898,xxx
44899,xxx
44900,xxx
44901,xxx
44902,xxx
44903,xxx
44904,xxx
44905,xxx
44906,xxx
44907,xxx
44908,xxx
44909,xxx
44910,xxx
44911,xxx
44912,xxx
44913,xxx
44914,xxx
44915,xxx
44916,xxx
44917,xxx
44918,xxx
44919,xxx
44920,xxx
44921,xxx
44922,xxx
44923,xxx
44924,xxx
44925,xxx
44926,xxx
44927,xxx
44928,xxx
44929,xxx
44930,xxx
44931,xxx
44932,xxx
44933,xxx
44934,xxx
44935,xxx
44936,xxx
44937,xxx
44938,xxx
44939,xxx
44940,xxx
44941,xxx
44942,xxx
44943,xxx
44944,xxx
44945,xxx
44946,xxx
44947,xxx
44948,xxx
44949,xxx
44950,xxx
44951,xxx
44952,xxx
44953,xxx
44954,xxx
44955,xxx
44956,xxx
44957,xxx
44958,xxx
44959,xxx
44960,xxx
44961,xxx
44962,xxx
44963,xxx
44964,xxx
44965,xxx
44966,xxx
44967,xxx
44968,xxx
44969,xxx
44970,xxx
44971,xxx
44972,xxx
44973,xxx
44974,xxx
44975,xxx
44976,xxx
44977,xxx
44978,xxx
44979,xxx
44980,xxx
44981,xxx
44982,xxx
44983,xxx
44984,xxx
44985,xxx
44986,xxx
44987,xxx
44988,xxx
44989,xxx
44990,xxx
44991,xxx
44992,xxx
44993,xxx
44994,xxx
44995,xxx
44996,xxx
44997,xxx
44998,xxx
44999,xxx
45000,xxx
45001,xxx
45002,xxx
45003,xxx
45004,xxx
45005,xxx
45006,xxx
45007,xxx
45008,xxx
45009,xxx
45010,xxx
45011,xxx
45012,xxx
45013,xxx
45014,xxx
45015,xxx
45016,xxx
45017,xxx
45018,xxx
45019,xxx
45020,xxx
45021,xxx
45022,xxx
45023,xxx
45024,xxx
45025,xxx
45026,xxx
45027,xxx
45028,xxx
45029,xxx
45030,xxx
45031,xxx
45032,xxx
45033,xxx
45034,xxx
45035,xxx
45036,xxx
45037,xxx
45038,xxx
45039,xxx
45040,xxx
45041,xxx
45042,xxx
45043,xxx
45044,xxx
45045,xxx
45046,xxx
45047,xxx
45048,xxx
45049,xxx
45050,xxx
45051,xxx
45052,xxx
45053,xxx
45054,xxx
45055,xxx
45056,xxx
45057,xxx
45058,xxx
45059,xxx
45060,xxx
45061,xxx
45062,xxx
45063,xxx
45064,xxx
45065,xxx
45066,xxx
45067,xxx
45068,xxx
45069,xxx
45070,xxx
45071,xxx
45072,xxx
45073,xxx
45074,xxx
45075,xxx
45076,xxx
45077,xxx
45078,xxx
45079,xxx
45080,xxx
45081,xxx
45082,xxx
45083,xxx
45084,xxx
45085,xxx
45086,xxx
45087,xxx
45088,xxx
45089,xxx
45090,xxx
45091,xxx
45092,xxx
45093,xxx
45094,xxx
45095,xxx
45096,xxx
45097,xxx
45098,xxx
45099,xxx
45100,xxx
45101,xxx
45102,xxx
45103,xxx
45104,xxx
45105,xxx
45106,xxx
45107,xxx
45108,xxx
45109,xxx
45110,xxx
45111,xxx
45112,xxx
45113,xxx
45114,xxx
45115,xxx
45116,xxx
45117,xxx
45118,xxx
45119,xxx
45120,xxx
45121,xxx
45122,xxx
45123,xxx
45124,xxx
45125,xxx
45126,xxx
45127,xxx
45128,xxx
45129,xxx
45130,xxx
45131,xxx
45132,xxx
45133,xxx
45134,xxx
45135,xxx
45136,xxx
45137,xxx
45138,xxx
45139,xxx
45140,xxx
45141,xxx
45142,xxx
45143,xxx
45144,xxx
45145,xxx
45146,xxx
45147,xxx
45148,xxx
45149,xxx
45150,xxx
45151,xxx
45152,xxx
45153,xxx
45154,xxx
45155,xxx
45156,xxx
45157,xxx
45158,xxx
45159,xxx
45160,xxx
45161,xxx
45162,xxx
45163,xxx
45164,xxx
45165,xxx
45166,xxx
45167,xxx
45168,xxx
45169,xxx
45170,xxx
45171,xxx
45172,xxx
45173,xxx
45174,xxx
45175,xxx
45176,xxx
45177,xxx
45178,xxx
45179,xxx
45180,xxx
45181,xxx
45182,xxx
45183,xxx
45184,xxx
45185,xxx
45186,xxx
45187,xxx
45188,xxx
45189,xxx
45190,xxx
45191,xxx
45192,xxx
45193,xxx
45194,xxx
45195,xxx
45196,xxx
45197,xxx
45198,xxx
45199,xxx
45200,xxx
45201,xxx
45202,xxx
45203,xxx
45204,xxx
45205,xxx
45206,xxx
45207,xxx
45208,xxx
45209,xxx
45210,xxx
45211,xxx
45212,xxx
45213,xxx
45214,xxx
45215,xxx
45216,xxx
45217,xxx
45218,xxx
45219,xxx
45220,xxx
45221,xxx
45222,xxx
45223,xxx
45224,xxx
45225,xxx
45226,xxx
45227,xxx
45228,xxx
45229,xxx
45230,xxx
45231,xxx
45232,xxx
45233,xxx
45234,xxx
45235,xxx
45236,xxx
45237,xxx
45238,xxx
45239,xxx
45240,xxx
45241,xxx
45242,xxx
45243,xxx
45244,xxx
45245,xxx
45246,xxx
45247,xxx
45248,xxx
45249,xxx
45250,xxx
45251,xxx
45252,xxx
45253,xxx
45254,xxx
45255,xxx
45256,xxx
45257,xxx
45258,xxx
45259,xxx
45260,xxx
45261,xxx
45262,xxx
45263,xxx
45264,xxx
45265,xxx
45266,xxx
45267,xxx
45268,xxx
45269,xxx
45270,xxx
45271,xxx
45272,xxx
45273,xxx
45274,xxx
45275,xxx
45276,xxx
45277,xxx
45278,xxx
45279,xxx
45280,xxx
45281,xxx
45282,xxx
45283,xxx
45284,xxx
45285,xxx
45286,xxx
45287,xxx
45288,xxx
45289,xxx
45290,xxx
45291,xxx
45292,xxx
45293,xxx
45294,xxx
45295,xxx
45296,xxx
45297,xxx
45298,xxx
45299,xxx
45300,xxx
45301,xxx
45302,xxx
45303,xxx
45304,xxx
45305,xxx
45306,xxx
45307,xxx
45308,xxx
45309,xxx
45310,xxx
45311,xxx
45312,xxx
45313,xxx
45314,xxx
45315,xxx
45316,xxx
45317,xxx
45318,xxx
45319,xxx
45320,xxx
45321,xxx
45322,xxx
45323,xxx
45324,xxx
45325,xxx
45326,xxx
45327,xxx
45328,xxx
45329,xxx
45330,xxx
45331,xxx
45332,xxx
45333,xxx
45334,xxx
45335,xxx
45336,xxx
45337,xxx
45338,xxx
45339,xxx
45340,xxx
45341,xxx
45342,xxx
45343,xxx
45344,xxx
45345,xxx
45346,xxx
45347,xxx
45348,xxx
45349,xxx
45350,xxx
45351,xxx
45352,xxx
45353,xxx
45354,xxx
45355,xxx
45356,xxx
45357,xxx
45358,xxx
45359,xxx
45360,xxx
45361,xxx
45362,xxx
45363,xxx
45364,xxx
45365,xxx
45366,xxx
45367,xxx
45368,xxx
45369,xxx
45370,xxx
45371,xxx
45372,xxx
45373,xxx
45374,xxx
45375,xxx
45376,xxx
45377,xxx
45378,xxx
45379,xxx
45380,xxx
45381,xxx
45382,xxx
45383,xxx
45384,xxx
45385,xxx
45386,xxx
45387,xxx
45388,xxx
45389,xxx
45390,xxx
45391,xxx
45392,xxx
45393,xxx
45394,xxx
45395,xxx
45396,xxx
45397,xxx
45398,xxx
45399,xxx
45400,xxx
45401,xxx
45402,xxx
45403,xxx
45404,xxx
45405,xxx
45406,xxx
45407,xxx
45408,xxx
45409,xxx
45410,xxx
45411,xxx
45412,xxx
45413,xxx
45414,xxx
45415,xxx
45416,xxx
45417,xxx
45418,xxx
45419,xxx
45420,xxx
45421,xxx
45422,xxx
45423,xxx
45424,xxx
45425,xxx
45426,xxx
45427,xxx
45428,xxx
45429,xxx
45430,xxx
45431,xxx
45432,xxx
45433,xxx
45434,xxx
45435,xxx
45436,xxx
45437,xxx
45438,xxx
45439,xxx
45440,xxx
45441,xxx
45442,xxx
45443,xxx
45444,xxx
45445,xxx
45446,xxx
45447,xxx
45448,xxx
45449,xxx
45450,xxx
45451,xxx
45452,xxx
45453,xxx
45454,xxx
45455,xxx
45456,xxx
45457,xxx
45458,xxx
45459,xxx
45460,xxx
45461,xxx
45462,xxx
45463,xxx
45464,xxx
45465,xxx
45466,xxx
45467,xxx
45468,xxx
45469,xxx
45470,xxx
45471,xxx
45472,xxx
45473,xxx
45474,xxx
45475,xxx
45476,xxx
45477,xxx
45478,xxx
45479,xxx
45480,xxx
45481,xxx
45482,xxx
45483,xxx
45484,xxx
45485,xxx
45486,xxx
45487,xxx
45488,xxx
45489,xxx
45490,xxx
45491,xxx
45492,xxx
45493,xxx
45494,xxx
45495,xxx
45496,xxx
45497,xxx
45498,xxx
45499,xxx
45500,xxx
45501,xxx
45502,xxx
45503,xxx
45504,xxx
45505,xxx
45506,xxx
45507,xxx
45508,xxx
45509,xxx
45510,xxx
45511,xxx
45512,xxx
45513,xxx
45514,xxx
45515,xxx
45516,xxx
45517,xxx
45518,xxx
45519,xxx
45520,xxx
45521,xxx
45522,xxx
45523,xxx
45524,xxx
45525,xxx
45526,xxx
45527,xxx
45528,xxx
45529,xxx
45530,xxx
45531,xxx
45532,xxx
45533,xxx
45534,xxx
45535,xxx
45536,xxx
45537,xxx
45538,xxx
45539,xxx
45540,xxx
45541,xxx
45542,xxx
45543,xxx
45544,xxx
45545,xxx
45546,xxx
45547,xxx
45548,xxx
45549,xxx
45550,xxx
45551,xxx
45552,xxx
45553,xxx
45554,xxx
45555,xxx
45556,xxx
45557,xxx
45558,xxx
45559,xxx
45560,xxx
45561,xxx
45562,xxx
45563,xxx
45564,xxx
45565,xxx
45566,xxx
45567,xxx
45568,xxx
45569,xxx
45570,xxx
45571,xxx
45572,xxx
45573,xxx
45574,xxx
45575,xxx
45576,xxx
45577,xxx
45578,xxx
45579,xxx
45580,xxx
45581,xxx
45582,xxx
45583,xxx
45584,xxx
45585,xxx
45586,xxx
45587,xxx
45588,xxx
45589,xxx
45590,xxx
45591,xxx
45592,xxx
45593,xxx
45594,xxx
45595,xxx
45596,xxx
45597,xxx
45598,xxx
45599,xxx
45600,xxx
45601,xxx
45602,xxx
45603,xxx
45604,xxx
45605,xxx
45606,xxx
45607,xxx
45608,xxx
45609,xxx
45610,xxx
45611,xxx
45612,xxx
45613,xxx
45614,xxx
45615,xxx
45616,xxx
45617,xxx
45618,xxx
45619,xxx
45620,xxx
45621,xxx
45622,xxx
45623,xxx
45624,xxx
45625,xxx
45626,xxx
45627,xxx
45628,xxx
45629,xxx
45630,xxx
45631,xxx
45632,xxx
45633,xxx
45634,xxx
45635,xxx
45636,xxx
45637,xxx
45638,xxx
45639,xxx
45640,xxx
45641,xxx
45642,xxx
45643,xxx
45644,xxx
45645,xxx
45646,xxx
45647,xxx
45648,xxx
45649,xxx
45650,xxx
45651,xxx
45652,xxx
45653,xxx
45654,xxx
45655,xxx
45656,xxx
45657,xxx
45658,xxx
45659,xxx
45660,xxx
45661,xxx
45662,xxx
45663,xxx
45664,xxx
45665,xxx
45666,xxx
45667,xxx
45668,xxx
45669,xxx
45670,xxx
45671,xxx
45672,xxx
45673,xxx
45674,xxx
45675,xxx
45676,xxx
45677,xxx
45678,xxx
45679,xxx
45680,xxx
45681,xxx
45682,xxx
45683,xxx
45684,xxx
45685,xxx
45686,xxx
45687,xxx
45688,xxx
45689,xxx
45690,xxx
45691,xxx
45692,xxx
45693,xxx
45694,xxx
45695,xxx
45696,xxx
45697,xxx
45698,xxx
45699,xxx
45700,xxx
45701,xxx
45702,xxx
45703,xxx
45704,xxx
45705,xxx
45706,xxx
45707,xxx
45708,xxx
45709,xxx
45710,xxx
45711,xxx
45712,xxx
45713,xxx
45714,xxx
45715,xxx
45716,xxx
45717,xxx
45718,xxx
45719,xxx
45720,xxx
45721,xxx
45722,xxx
45723,xxx
45724,xxx
45725,xxx
45726,xxx
45727,xxx
45728,xxx
45729,xxx
45730,xxx
45731,xxx
45732,xxx
45733,xxx
45734,xxx
45735,xxx
45736,xxx
45737,xxx
45738,xxx
45739,xxx
45740,xxx
45741,xxx
45742,xxx
45743,xxx
45744,xxx
45745,xxx
45746,xxx
45747,xxx
45748,xxx
45749,xxx
45750,xxx
45751,xxx
45752,xxx
45753,xxx
45754,xxx
45755,xxx
45756,xxx
45757,xxx
45758,xxx
45759,xxx
45760,xxx
45761,xxx
45762,xxx
45763,xxx
45764,xxx
45765,xxx
45766,xxx
45767,xxx
45768,xxx
45769,xxx
45770,xxx
45771,xxx
45772,xxx
45773,xxx
45774,xxx
45775,xxx
45776,xxx
45777,xxx
45778,xxx
45779,xxx
45780,xxx
45781,xxx
45782,xxx
45783,xxx
45784,xxx
45785,xxx
45786,xxx
45787,xxx
45788,xxx
45789,xxx
45790,xxx
45791,xxx
45792,xxx
45793,xxx
45794,xxx
45795,xxx
45796,xxx
45797,xxx
45798,xxx
45799,xxx
45800,xxx
45801,xxx
45802,xxx
45803,xxx
45804,xxx
45805,xxx
45806,xxx
45807,xxx
45808,xxx
45809,xxx
45810,xxx
45811,xxx
45812,xxx
45813,xxx
45814,xxx
45815,xxx
45816,xxx
45817,xxx
45818,xxx
45819,xxx
45820,xxx
45821,xxx
45822,xxx
45823,xxx
45824,xxx
45825,xxx
45826,xxx
45827,xxx
45828,xxx
45829,xxx
45830,xxx
45831,xxx
45832,xxx
45833,xxx
45834,xxx
45835,xxx
45836,xxx
45837,xxx
45838,xxx
45839,xxx
45840,xxx
45841,xxx
45842,xxx
45843,xxx
45844,xxx
45845,xxx
45846,xxx
45847,xxx
45848,xxx
45849,xxx
45850,xxx
45851,xxx
45852,xxx
45853,xxx
45854,xxx
45855,xxx
45856,xxx
45857,xxx
45858,xxx
45859,xxx
45860,xxx
45861,xxx
45862,xxx
45863,xxx
45864,xxx
45865,xxx
45866,xxx
45867,xxx
45868,xxx
45869,xxx
45870,xxx
45871,xxx
45872,xxx
45873,xxx
45874,xxx
45875,xxx
45876,xxx
45877,xxx
45878,xxx
45879,xxx
45880,xxx
45881,xxx
45882,xxx
45883,xxx
45884,xxx
45885,xxx
45886,xxx
45887,xxx
45888,xxx
45889,xxx
45890,xxx
45891,xxx
45892,xxx
45893,xxx
45894,xxx
45895,xxx
45896,xxx
45897,xxx
45898,xxx
45899,xxx
45900,xxx
45901,xxx
45902,xxx
45903,xxx
45904,xxx
45905,xxx
45906,xxx
45907,xxx
45908,xxx
45909,xxx
45910,xxx
45911,xxx
45912,xxx
45913,xxx
45914,xxx
45915,xxx
45916,xxx
45917,xxx
45918,xxx
45919,xxx
45920,xxx
45921,xxx
45922,xxx
45923,xxx
45924,xxx
45925,xxx
45926,xxx
45927,xxx
45928,xxx
45929,xxx
45930,xxx
45931,xxx
45932,xxx
45933,xxx
45934,xxx
45935,xxx
45936,xxx
45937,xxx
45938,xxx
45939,xxx
45940,xxx
45941,xxx
45942,xxx
45943,xxx
45944,xxx
45945,xxx
45946,xxx
45947,xxx
45948,xxx
45949,xxx
45950,xxx
45951,xxx
45952,xxx
45953,xxx
45954,xxx
45955,xxx
45956,xxx
45957,xxx
45958,xxx
45959,xxx
45960,xxx
45961,xxx
45962,xxx
45963,xxx
45964,xxx
45965,xxx
45966,xxx
45967,xxx
45968,xxx
45969,xxx
45970,xxx
45971,xxx
45972,xxx
45973,xxx
45974,xxx
45975,xxx
45976,xxx
45977,xxx
45978,xxx
45979,xxx
45980,xxx
45981,xxx
45982,xxx
45983,xxx
45984,xxx
45985,xxx
45986,xxx
45987,xxx
45988,xxx
45989,xxx
45990,xxx
45991,xxx
45992,xxx
45993,xxx
45994,xxx
45995,xxx
45996,xxx
45997,xxx
45998,xxx
45999,xxx
46000,xxx
46001,xxx
46002,xxx
46003,xxx
46004,xxx
46005,xxx
46006,xxx
46007,xxx
46008,xxx
46009,xxx
46010,xxx
46011,xxx
46012,xxx
46013,xxx
46014,xxx
46015,xxx
46016,xxx
46017,xxx
46018,xxx
46019,xxx
46020,xxx
46021,xxx
46022,xxx
46023,xxx
46024,xxx
46025,xxx
46026,xxx
46027,xxx
46028,xxx
46029,xxx
46030,xxx
46031,xxx
46032,xxx
46033,xxx
46034,xxx
46035,xxx
46036,xxx
46037,xxx
46038,xxx
46039,xxx
46040,xxx
46041,xxx
46042,xxx
46043,xxx
46044,xxx
46045,xxx
46046,xxx
46047,xxx
46048,xxx
46049,xxx
46050,xxx
46051,xxx
46052,xxx
46053,xxx
46054,xxx
46055,xxx
46056,xxx
46057,xxx
46058,xxx
46059,xxx
46060,xxx
46061,xxx
46062,xxx
46063,xxx
46064,xxx
46065,xxx
46066,xxx
46067,xxx
46068,xxx
46069,xxx
46070,xxx
46071,xxx
46072,xxx
46073,xxx
46074,xxx
46075,xxx
46076,xxx
46077,xxx
46078,xxx
46079,xxx
46080,xxx
46081,xxx
46082,xxx
46083,xxx
46084,xxx
46085,xxx
46086,xxx
46087,xxx
46088,xxx
46089,xxx
46090,xxx
46091,xxx
46092,xxx
46093,xxx
46094,xxx
46095,xxx
46096,xxx
46097,xxx
46098,xxx
46099,xxx
46100,xxx
46101,xxx
46102,xxx
46103,xxx
46104,xxx
46105,xxx
46106,xxx
46107,xxx
46108,xxx
46109,xxx
46110,xxx
46111,xxx
46112,xxx
46113,xxx
46114,xxx
46115,xxx
46116,xxx
46117,xxx
46118,xxx
46119,xxx
46120,xxx
46121,xxx
46122,xxx
46123,xxx
46124,xxx
46125,xxx
46126,xxx
46127,xxx
46128,xxx
46129,xxx
46130,xxx
46131,xxx
46132,xxx
46133,xxx
46134,xxx
46135,xxx
46136,xxx
46137,xxx
46138,xxx
46139,xxx
46140,xxx
46141,xxx
46142,xxx
46143,xxx
46144,xxx
46145,xxx
46146,xxx
46147,xxx
46148,xxx
46149,xxx
46150,xxx
46151,xxx
46152,xxx
46153,xxx
46154,xxx
46155,xxx
46156,xxx
46157,xxx
46158,xxx
46159,xxx
46160,xxx
46161,xxx
46162,xxx
46163,xxx
46164,xxx
46165,xxx
46166,xxx
46167,xxx
46168,xxx
46169,xxx
46170,xxx
46171,xxx
46172,xxx
46173,xxx
46174,xxx
46175,xxx
46176,xxx
46177,xxx
46178,xxx
46179,xxx
46180,xxx
46181,xxx
46182,xxx
46183,xxx
46184,xxx
46185,xxx
46186,xxx
46187,xxx
46188,xxx
46189,xxx
46190,xxx
46191,xxx
46192,xxx
46193,xxx
46194,xxx
46195,xxx
46196,xxx
46197,xxx
46198,xxx
46199,xxx
46200,xxx
46201,xxx
46202,xxx
46203,xxx
46204,xxx
46205,xxx
46206,xxx
46207,xxx
46208,xxx
46209,xxx
46210,xxx
46211,xxx
46212,xxx
46213,xxx
46214,xxx
46215,xxx
46216,xxx
46217,xxx
46218,xxx
46219,xxx
46220,xxx
46221,xxx
46222,xxx
46223,xxx
46224,xxx
46225,xxx
46226,xxx
46227,xxx
46228,xxx
46229,xxx
46230,xxx
46231,xxx
46232,xxx
46233,xxx
46234,xxx
46235,xxx
46236,xxx
46237,xxx
46238,xxx
46239,xxx
46240,xxx
46241,xxx
46242,xxx
46243,xxx
46244,xxx
46245,xxx
46246,xxx
46247,xxx
46248,xxx
46249,xxx
46250,xxx
46251,xxx
46252,xxx
46253,xxx
46254,xxx
46255,xxx
46256,xxx
46257,xxx
46258,xxx
46259,xxx
46260,xxx
46261,xxx
46262,xxx
46263,xxx
46264,xxx
46265,xxx
46266,xxx
46267,xxx
46268,xxx
46269,xxx
46270,xxx
46271,xxx
46272,xxx
46273,xxx
46274,xxx
46275,xxx
46276,xxx
46277,xxx
46278,xxx
46279,xxx
46280,xxx
46281,xxx
46282,xxx
46283,xxx
46284,xxx
46285,xxx
46286,xxx
46287,xxx
46288,xxx
46289,xxx
46290,xxx
46291,xxx
46292,xxx
46293,xxx
46294,xxx
46295,xxx
46296,xxx
46297,xxx
46298,xxx
46299,xxx
46300,xxx
46301,xxx
46302,xxx
46303,xxx
46304,xxx
46305,xxx
46306,xxx
46307,xxx
46308,xxx
46309,xxx
46310,xxx
46311,xxx
46312,xxx
46313,xxx
46314,xxx
46315,xxx
46316,xxx
46317,xxx
46318,xxx
46319,xxx
46320,xxx
46321,xxx
46322,xxx
46323,xxx
46324,xxx
46325,xxx
46326,xxx
46327,xxx
46328,xxx
46329,xxx
46330,xxx
46331,xxx
46332,xxx
46333,xxx
46334,xxx
46335,xxx
46336,xxx
46337,xxx
46338,xxx
46339,xxx
46340,xxx
46341,xxx
46342,xxx
46343,xxx
46344,xxx
46345,xxx
46346,xxx
46347,xxx
46348,xxx
46349,xxx
46350,xxx
46351,xxx
46352,xxx
46353,xxx
46354,xxx
46355,xxx
46356,xxx
46357,xxx
46358,xxx
46359,xxx
46360,xxx
46361,xxx
46362,xxx
46363,xxx
46364,xxx
46365,xxx
46366,xxx
46367,xxx
46368,xxx
46369,xxx
46370,xxx
46371,xxx
46372,xxx
46373,xxx
46374,xxx
46375,xxx
46376,xxx
46377,xxx
46378,xxx
46379,xxx
46380,xxx
46381,xxx
46382,xxx
46383,xxx
46384,xxx
46385,xxx
46386,xxx
46387,xxx
46388,xxx
46389,xxx
46390,xxx
46391,xxx
46392,xxx
46393,xxx
46394,xxx
46395,xxx
46396,xxx
46397,xxx
46398,xxx
46399,xxx
46400,xxx
46401,xxx
46402,xxx
46403,xxx
46404,xxx
46405,xxx
46406,xxx
46407,xxx
46408,xxx
46409,xxx
46410,xxx
46411,xxx
46412,xxx
46413,xxx
46414,xxx
46415,xxx
46416,xxx
46417,xxx
46418,xxx
46419,xxx
46420,xxx
46421,xxx
46422,xxx
46423,xxx
46424,xxx
46425,xxx
46426,xxx
46427,xxx
46428,xxx
46429,xxx
46430,xxx
46431,xxx
46432,xxx
46433,xxx
46434,xxx
46435,xxx
46436,xxx
46437,xxx
46438,xxx
46439,xxx
46440,xxx
46441,xxx
46442,xxx
46443,xxx
46444,xxx
46445,xxx
46446,xxx
46447,xxx
46448,xxx
46449,xxx
46450,xxx
46451,xxx
46452,xxx
46453,xxx
46454,xxx
46455,xxx
46456,xxx
46457,xxx
46458,xxx
46459,xxx
46460,xxx
46461,xxx
46462,xxx
46463,xxx
46464,xxx
46465,xxx
46466,xxx
46467,xxx
46468,xxx
46469,xxx
46470,xxx
46471,xxx
46472,xxx
46473,xxx
46474,xxx
46475,xxx
46476,xxx
46477,xxx
46478,xxx
46479,xxx
46480,xxx
46481,xxx
46482,xxx
46483,xxx
46484,xxx
46485,xxx
46486,xxx
46487,xxx
46488,xxx
46489,xxx
46490,xxx
46491,xxx
46492,xxx
46493,xxx
46494,xxx
46495,xxx
46496,xxx
46497,xxx
46498,xxx
46499,xxx
46500,xxx
46501,xxx
46502,xxx
46503,xxx
46504,xxx
46505,xxx
46506,xxx
46507,xxx
46508,xxx
46509,xxx
46510,xxx
46511,xxx
46512,xxx
46513,xxx
46514,xxx
46515,xxx
46516,xxx
46517,xxx
46518,xxx
46519,xxx
46520,xxx
46521,xxx
46522,xxx
46523,xxx
46524,xxx
46525,xxx
46526,xxx
46527,xxx
46528,xxx
46529,xxx
46530,xxx
46531,xxx
46532,xxx
46533,xxx
46534,xxx
46535,xxx
46536,xxx
46537,xxx
46538,xxx
46539,xxx
46540,xxx
46541,xxx
46542,xxx
46543,xxx
46544,xxx
46545,xxx
46546,xxx
46547,xxx
46548,xxx
46549,xxx
46550,xxx
46551,xxx
46552,xxx
46553,xxx
46554,xxx
46555,xxx
46556,xxx
46557,xxx
46558,xxx
46559,xxx
46560,xxx
46561,xxx
46562,xxx
46563,xxx
46564,xxx
46565,xxx
46566,xxx
46567,xxx
46568,xxx
46569,xxx
46570,xxx
46571,xxx
46572,xxx
46573,xxx
46574,xxx
46575,xxx
46576,xxx
46577,xxx
46578,xxx
46579,xxx
46580,xxx
46581,xxx
46582,xxx
46583,xxx
46584,xxx
46585,xxx
46586,xxx
46587,xxx
46588,xxx
46589,xxx
46590,xxx
46591,xxx
46592,xxx
46593,xxx
46594,xxx
46595,xxx
46596,xxx
46597,xxx
46598,xxx
46599,xxx
46600,xxx
46601,xxx
46602,xxx
46603,xxx
46604,xxx
46605,xxx
46606,xxx
46607,xxx
46608,xxx
46609,xxx
46610,xxx
46611,xxx
46612,xxx
46613,xxx
46614,xxx
46615,xxx
46616,xxx
46617,xxx
46618,xxx
46619,xxx
46620,xxx
46621,xxx
46622,xxx
46623,xxx
46624,xxx
46625,xxx
46626,xxx
46627,xxx
46628,xxx
46629,xxx
46630,xxx
46631,xxx
46632,xxx
46633,xxx
46634,xxx
46635,xxx
46636,xxx
46637,xxx
46638,xxx
46639,xxx
46640,xxx
46641,xxx
46642,xxx
46643,xxx
46644,xxx
46645,xxx
46646,xxx
46647,xxx
46648,xxx
46649,xxx
46650,xxx
46651,xxx
46652,xxx
46653,xxx
46654,xxx
46655,xxx
46656,xxx
46657,xxx
46658,xxx
46659,xxx
46660,xxx
46661,xxx
46662,xxx
46663,xxx
46664,xxx
46665,xxx
46666,xxx
46667,xxx
46668,xxx
46669,xxx
46670,xxx
46671,xxx
46672,xxx
46673,xxx
46674,xxx
46675,xxx
46676,xxx
46677,xxx
46678,xxx
46679,xxx
46680,xxx
46681,xxx
46682,xxx
46683,xxx
46684,xxx
46685,xxx
46686,xxx
46687,xxx
46688,xxx
46689,xxx
46690,xxx
46691,xxx
46692,xxx
46693,xxx
46694,xxx
46695,xxx
46696,xxx
46697,xxx
46698,xxx
46699,xxx
46700,xxx
46701,xxx
46702,xxx
46703,xxx
46704,xxx
46705,xxx
46706,xxx
46707,xxx
46708,xxx
46709,xxx
46710,xxx
46711,xxx
46712,xxx
46713,xxx
46714,xxx
46715,xxx
46716,xxx
46717,xxx
46718,xxx
46719,xxx
46720,xxx
46721,xxx
46722,xxx
46723,xxx
46724,xxx
46725,xxx
46726,xxx
46727,xxx
46728,xxx
46729,xxx
46730,xxx
46731,xxx
46732,xxx
46733,xxx
46734,xxx
46735,xxx
46736,xxx
46737,xxx
46738,xxx
46739,xxx
46740,xxx
46741,xxx
46742,xxx
46743,xxx
46744,xxx
46745,xxx
46746,xxx
46747,xxx
46748,xxx
46749,xxx
46750,xxx
46751,xxx
46752,xxx
46753,xxx
46754,xxx
46755,xxx
46756,xxx
46757,xxx
46758,xxx
46759,xxx
46760,xxx
46761,xxx
46762,xxx
46763,xxx
46764,xxx
46765,xxx
46766,xxx
46767,xxx
46768,xxx
46769,xxx
46770,xxx
46771,xxx
46772,xxx
46773,xxx
46774,xxx
46775,xxx
46776,xxx
46777,xxx
46778,xxx
46779,xxx
46780,xxx
46781,xxx
46782,xxx
46783,xxx
46784,xxx
46785,xxx
46786,xxx
46787,xxx
46788,xxx
46789,xxx
46790,xxx
46791,xxx
46792,xxx
46793,xxx
46794,xxx
46795,xxx
46796,xxx
46797,xxx
46798,xxx
46799,xxx
46800,xxx
46801,xxx
46802,xxx
46803,xxx
46804,xxx
46805,xxx
46806,xxx
46807,xxx
46808,xxx
46809,xxx
46810,xxx
46811,xxx
46812,xxx
46813,xxx
46814,xxx
46815,xxx
46816,xxx
46817,xxx
46818,xxx
46819,xxx
46820,xxx
46821,xxx
46822,xxx
46823,xxx
46824,xxx
46825,xxx
46826,xxx
46827,xxx
46828,xxx
46829,xxx
46830,xxx
46831,xxx
46832,xxx
46833,xxx
46834,xxx
46835,xxx
46836,xxx
46837,xxx
46838,xxx
46839,xxx
46840,xxx
46841,xxx
46842,xxx
46843,xxx
46844,xxx
46845,xxx
46846,xxx
46847,xxx
46848,xxx
46849,xxx
46850,xxx
46851,xxx
46852,xxx
46853,xxx
46854,xxx
46855,xxx
46856,xxx
46857,xxx
46858,xxx
46859,xxx
46860,xxx
46861,xxx
46862,xxx
46863,xxx
46864,xxx
46865,xxx
46866,xxx
46867,xxx
46868,xxx
46869,xxx
46870,xxx
46871,xxx
46872,xxx
46873,xxx
46874,xxx
46875,xxx
46876,xxx
46877,xxx
46878,xxx
46879,xxx
46880,xxx
46881,xxx
46882,xxx
46883,xxx
46884,xxx
46885,xxx
46886,xxx
46887,xxx
46888,xxx
46889,xxx
46890,xxx
46891,xxx
46892,xxx
46893,xxx
46894,xxx
46895,xxx
46896,xxx
46897,xxx
46898,xxx
46899,xxx
46900,xxx
46901,xxx
46902,xxx
46903,xxx
46904,xxx
46905,xxx
46906,xxx
46907,xxx
46908,xxx
46909,xxx
46910,xxx
46911,xxx
46912,xxx
46913,xxx
46914,xxx
46915,xxx
46916,xxx
46917,xxx
46918,xxx
46919,xxx
46920,xxx
46921,xxx
46922,xxx
46923,xxx
46924,xxx
46925,xxx
46926,xxx
46927,xxx
46928,xxx
46929,xxx
46930,xxx
46931,xxx
46932,xxx
46933,xxx
46934,xxx
46935,xxx
46936,xxx
46937,xxx
46938,xxx
46939,xxx
46940,xxx
46941,xxx
46942,xxx
46943,xxx
46944,xxx
46945,xxx
46946,xxx
46947,xxx
46948,xxx
46949,xxx
46950,xxx
46951,xxx
46952,xxx
46953,xxx
46954,xxx
46955,xxx
46956,xxx
46957,xxx
46958,xxx
46959,xxx
46960,xxx
46961,xxx
46962,xxx
46963,xxx
46964,xxx
46965,xxx
46966,xxx
46967,xxx
46968,xxx
46969,xxx
46970,xxx
46971,xxx
46972,xxx
46973,xxx
46974,xxx
46975,xxx
46976,xxx
46977,xxx
46978,xxx
46979,xxx
46980,xxx
46981,xxx
46982,xxx
46983,xxx
46984,xxx
46985,xxx
46986,xxx
46987,xxx
46988,xxx
46989,xxx
46990,xxx
46991,xxx
46992,xxx
46993,xxx
46994,xxx
46995,xxx
46996,xxx
46997,xxx
46998,xxx
46999,xxx
47000,xxx
47001,xxx
47002,xxx
47003,xxx
47004,xxx
47005,xxx
47006,xxx
47007,xxx
47008,xxx
47009,xxx
47010,xxx
47011,xxx
47012,xxx
47013,xxx
47014,xxx
47015,xxx
47016,xxx
47017,xxx
47018,xxx
47019,xxx
47020,xxx
47021,xxx
47022,xxx
47023,xxx
47024,xxx
47025,xxx
47026,xxx
47027,xxx
47028,xxx
47029,xxx
47030,xxx
47031,xxx
47032,xxx
47033,xxx
47034,xxx
47035,xxx
47036,xxx
47037,xxx
47038,xxx
47039,xxx
47040,xxx
47041,xxx
47042,xxx
47043,xxx
47044,xxx
47045,xxx
47046,xxx
47047,xxx
47048,xxx
47049,xxx
47050,xxx
47051,xxx
47052,xxx
47053,xxx
47054,xxx
47055,xxx
47056,xxx
47057,xxx
47058,xxx
47059,xxx
47060,xxx
47061,xxx
47062,xxx
47063,xxx
47064,xxx
47065,xxx
47066,xxx
47067,xxx
47068,xxx
47069,xxx
47070,xxx
47071,xxx
47072,xxx
47073,xxx
47074,xxx
47075,xxx
47076,xxx
47077,xxx
47078,xxx
47079,xxx
47080,xxx
47081,xxx
47082,xxx
47083,xxx
47084,xxx
47085,xxx
47086,xxx
47087,xxx
47088,xxx
47089,xxx
47090,xxx
47091,xxx
47092,xxx
47093,xxx
47094,xxx
47095,xxx
47096,xxx
47097,xxx
47098,xxx
47099,xxx
47100,xxx
47101,xxx
47102,xxx
47103,xxx
47104,xxx
47105,xxx
47106,xxx
47107,xxx
47108,xxx
47109,xxx
47110,xxx
47111,xxx
47112,xxx
47113,xxx
47114,xxx
47115,xxx
47116,xxx
47117,xxx
47118,xxx
47119,xxx
47120,xxx
47121,xxx
47122,xxx
47123,xxx
47124,xxx
47125,xxx
47126,xxx
47127,xxx
47128,xxx
47129,xxx
47130,xxx
47131,xxx
47132,xxx
47133,xxx
47134,xxx
47135,xxx
47136,xxx
47137,xxx
47138,xxx
47139,xxx
47140,xxx
47141,xxx
47142,xxx
47143,xxx
47144,xxx
47145,xxx
47146,xxx
47147,xxx
47148,xxx
47149,xxx
47150,xxx
47151,xxx
47152,xxx
47153,xxx
47154,xxx
47155,xxx
47156,xxx
47157,xxx
47158,xxx
47159,xxx
47160,xxx
47161,xxx
47162,xxx
47163,xxx
47164,xxx
47165,xxx
47166,xxx
47167,xxx
47168,xxx
47169,xxx
47170,xxx
47171,xxx
47172,xxx
47173,xxx
47174,xxx
47175,xxx
47176,xxx
47177,xxx
47178,xxx
47179,xxx
47180,xxx
47181,xxx
47182,xxx
47183,xxx
47184,xxx
47185,xxx
47186,xxx
47187,xxx
47188,xxx
47189,xxx
47190,xxx
47191,xxx
47192,xxx
47193,xxx
47194,xxx
47195,xxx
47196,xxx
47197,xxx
47198,xxx
47199,xxx
47200,xxx
47201,xxx
47202,xxx
47203,xxx
47204,xxx
47205,xxx
47206,xxx
47207,xxx
47208,xxx
47209,xxx
47210,xxx
47211,xxx
47212,xxx
47213,xxx
47214,xxx
47215,xxx
47216,xxx
47217,xxx
47218,xxx
47219,xxx
47220,xxx
47221,xxx
47222,xxx
47223,xxx
47224,xxx
47225,xxx
47226,xxx
47227,xxx
47228,xxx
47229,xxx
47230,xxx
47231,xxx
47232,xxx
47233,xxx
47234,xxx
47235,xxx
47236,xxx
47237,xxx
47238,xxx
47239,xxx
47240,xxx
47241,xxx
47242,xxx
47243,xxx
47244,xxx
47245,xxx
47246,xxx
47247,xxx
47248,xxx
47249,xxx
47250,xxx
47251,xxx
47252,xxx
47253,xxx
47254,xxx
47255,xxx
47256,xxx
47257,xxx
47258,xxx
47259,xxx
47260,xxx
47261,xxx
47262,xxx
47263,xxx
47264,xxx
47265,xxx
47266,xxx
47267,xxx
47268,xxx
47269,xxx
47270,xxx
47271,xxx
47272,xxx
47273,xxx
47274,xxx
47275,xxx
47276,xxx
47277,xxx
47278,xxx
47279,xxx
47280,xxx
47281,xxx
47282,xxx
47283,xxx
47284,xxx
47285,xxx
47286,xxx
47287,xxx
47288,xxx
47289,xxx
47290,xxx
47291,xxx
47292,xxx
47293,xxx
47294,xxx
47295,xxx
47296,xxx
47297,xxx
47298,xxx
47299,xxx
47300,xxx
47301,xxx
47302,xxx
47303,xxx
47304,xxx
47305,xxx
47306,xxx
47307,xxx
47308,xxx
47309,xxx
47310,xxx
47311,xxx
47312,xxx
47313,xxx
47314,xxx
47315,xxx
47316,xxx
47317,xxx
47318,xxx
47319,xxx
47320,xxx
47321,xxx
47322,xxx
47323,xxx
47324,xxx
47325,xxx
47326,xxx
47327,xxx
47328,xxx
47329,xxx
47330,xxx
47331,xxx
47332,xxx
47333,xxx
47334,xxx
47335,xxx
47336,xxx
47337,xxx
47338,xxx
47339,xxx
47340,xxx
47341,xxx
47342,xxx
47343,xxx
47344,xxx
47345,xxx
47346,xxx
47347,xxx
47348,xxx
47349,xxx
47350,xxx
47351,xxx
47352,xxx
47353,xxx
47354,xxx
47355,xxx
47356,xxx
47357,xxx
47358,xxx
47359,xxx
47360,xxx
47361,xxx
47362,xxx
47363,xxx
47364,xxx
47365,xxx
47366,xxx
47367,xxx
47368,xxx
47369,xxx
47370,xxx
47371,xxx
47372,xxx
47373,xxx
47374,xxx
47375,xxx
47376,xxx
47377,xxx
47378,xxx
47379,xxx
47380,xxx
47381,xxx
47382,xxx
47383,xxx
47384,xxx
47385,xxx
47386,xxx
47387,xxx
47388,xxx
47389,xxx
47390,xxx
47391,xxx
47392,xxx
47393,xxx
47394,xxx
47395,xxx
47396,xxx
47397,xxx
47398,xxx
47399,xxx
47400,xxx
47401,xxx
47402,xxx
47403,xxx
47404,xxx
47405,xxx
47406,xxx
47407,xxx
47408,xxx
47409,xxx
47410,xxx
47411,xxx
47412,xxx
47413,xxx
47414,xxx
47415,xxx
47416,xxx
47417,xxx
47418,xxx
47419,xxx
47420,xxx
47421,xxx
47422,xxx
47423,xxx
47424,xxx
47425,xxx
47426,xxx
47427,xxx
47428,xxx
47429,xxx
47430,xxx
47431,xxx
47432,xxx
47433,xxx
47434,xxx
47435,xxx
47436,xxx
47437,xxx
47438,xxx
47439,xxx
47440,xxx
47441,xxx
47442,xxx
47443,xxx
47444,xxx
47445,xxx
47446,xxx
47447,xxx
47448,xxx
47449,xxx
47450,xxx
47451,xxx
47452,xxx
47453,xxx
47454,xxx
47455,xxx
47456,xxx
47457,xxx
47458,xxx
47459,xxx
47460,xxx
47461,xxx
47462,xxx
47463,xxx
47464,xxx
47465,xxx
47466,xxx
47467,xxx
47468,xxx
47469,xxx
47470,xxx
47471,xxx
47472,xxx
47473,xxx
47474,xxx
47475,xxx
47476,xxx
47477,xxx
47478,xxx
47479,xxx
47480,xxx
47481,xxx
47482,xxx
47483,xxx
47484,xxx
47485,xxx
47486,xxx
47487,xxx
47488,xxx
47489,xxx
47490,xxx
47491,xxx
47492,xxx
47493,xxx
47494,xxx
47495,xxx
47496,xxx
47497,xxx
47498,xxx
47499,xxx
47500,xxx
47501,xxx
47502,xxx
47503,xxx
47504,xxx
47505,xxx
47506,xxx
47507,xxx
47508,xxx
47509,xxx
47510,xxx
47511,xxx
47512,xxx
47513,xxx
47514,xxx
47515,xxx
47516,xxx
47517,xxx
47518,xxx
47519,xxx
47520,xxx
47521,xxx
47522,xxx
47523,xxx
47524,xxx
47525,xxx
47526,xxx
47527,xxx
47528,xxx
47529,xxx
47530,xxx
47531,xxx
47532,xxx
47533,xxx
47534,xxx
47535,xxx
47536,xxx
47537,xxx
47538,xxx
47539,xxx
47540,xxx
47541,xxx
47542,xxx
47543,xxx
47544,xxx
47545,xxx
47546,xxx
47547,xxx
47548,xxx
47549,xxx
47550,xxx
47551,xxx
47552,xxx
47553,xxx
47554,xxx
47555,xxx
47556,xxx
47557,xxx
47558,xxx
47559,xxx
47560,xxx
47561,xxx
47562,xxx
47563,xxx
47564,xxx
47565,xxx
47566,xxx
47567,xxx
47568,xxx
47569,xxx
47570,xxx
47571,xxx
47572,xxx
47573,xxx
47574,xxx
47575,xxx
47576,xxx
47577,xxx
47578,xxx
47579,xxx
47580,xxx
47581,xxx
47582,xxx
47583,xxx
47584,xxx
47585,xxx
47586,xxx
47587,xxx
47588,xxx
47589,xxx
47590,xxx
47591,xxx
47592,xxx
47593,xxx
47594,xxx
47595,xxx
47596,xxx
47597,xxx
47598,xxx
47599,xxx
47600,xxx
47601,xxx
47602,xxx
47603,xxx
47604,xxx
47605,xxx
47606,xxx
47607,xxx
47608,xxx
47609,xxx
47610,xxx
47611,xxx
47612,xxx
47613,xxx
47614,xxx
47615,xxx
47616,xxx
47617,xxx
47618,xxx
47619,xxx
47620,xxx
47621,xxx
47622,xxx
47623,xxx
47624,xxx
47625,xxx
47626,xxx
47627,xxx
47628,xxx
47629,xxx
47630,xxx
47631,xxx
47632,xxx
47633,xxx
47634,xxx
47635,xxx
47636,xxx
47637,xxx
47638,xxx
47639,xxx
47640,xxx
47641,xxx
47642,xxx
47643,xxx
47644,xxx
47645,xxx
47646,xxx
47647,xxx
47648,xxx
47649,xxx
47650,xxx
47651,xxx
47652,xxx
47653,xxx
47654,xxx
47655,xxx
47656,xxx
47657,xxx
47658,xxx
47659,xxx
47660,xxx
47661,xxx
47662,xxx
47663,xxx
47664,xxx
47665,xxx
47666,xxx
47667,xxx
47668,xxx
47669,xxx
47670,xxx
47671,xxx
47672,xxx
47673,xxx
47674,xxx
47675,xxx
47676,xxx
47677,xxx
47678,xxx
47679,xxx
47680,xxx
47681,xxx
47682,xxx
47683,xxx
47684,xxx
47685,xxx
47686,xxx
47687,xxx
47688,xxx
47689,xxx
47690,xxx
47691,xxx
47692,xxx
47693,xxx
47694,xxx
47695,xxx
47696,xxx
47697,xxx
47698,xxx
47699,xxx
47700,xxx
47701,xxx
47702,xxx
47703,xxx
47704,xxx
47705,xxx
47706,xxx
47707,xxx
47708,xxx
47709,xxx
47710,xxx
47711,xxx
47712,xxx
47713,xxx
47714,xxx
47715,xxx
47716,xxx
47717,xxx
47718,xxx
47719,xxx
47720,xxx
47721,xxx
47722,xxx
47723,xxx
47724,xxx
47725,xxx
47726,xxx
47727,xxx
47728,xxx
47729,xxx
47730,xxx
47731,xxx
47732,xxx
47733,xxx
47734,xxx
47735,xxx
47736,xxx
47737,xxx
47738,xxx
47739,xxx
47740,xxx
47741,xxx
47742,xxx
47743,xxx
47744,xxx
47745,xxx
47746,xxx
47747,xxx
47748,xxx
47749,xxx
47750,xxx
47751,xxx
47752,xxx
47753,xxx
47754,xxx
47755,xxx
47756,xxx
47757,xxx
47758,xxx
47759,xxx
47760,xxx
47761,xxx
47762,xxx
47763,xxx
47764,xxx
47765,xxx
47766,xxx
47767,xxx
47768,xxx
47769,xxx
47770,xxx
47771,xxx
47772,xxx
47773,xxx
47774,xxx
47775,xxx
47776,xxx
47777,xxx
47778,xxx
47779,xxx
47780,xxx
47781,xxx
47782,xxx
47783,xxx
47784,xxx
47785,xxx
47786,xxx
47787,xxx
47788,xxx
47789,xxx
47790,xxx
47791,xxx
47792,xxx
47793,xxx
47794,xxx
47795,xxx
47796,xxx
47797,xxx
47798,xxx
47799,xxx
47800,xxx
47801,xxx
47802,xxx
47803,xxx
47804,xxx
47805,xxx
47806,xxx
47807,xxx
47808,xxx
47809,xxx
47810,xxx
47811,xxx
47812,xxx
47813,xxx
47814,xxx
47815,xxx
47816,xxx
47817,xxx
47818,xxx
47819,xxx
47820,xxx
47821,xxx
47822,xxx
47823,xxx
47824,xxx
47825,xxx
47826,xxx
47827,xxx
47828,xxx
47829,xxx
47830,xxx
47831,xxx
47832,xxx
47833,xxx
47834,xxx
47835,xxx
47836,xxx
47837,xxx
47838,xxx
47839,xxx
47840,xxx
47841,xxx
47842,xxx
47843,xxx
47844,xxx
47845,xxx
47846,xxx
47847,xxx
47848,xxx
47849,xxx
47850,xxx
47851,xxx
47852,xxx
47853,xxx
47854,xxx
47855,xxx
47856,xxx
47857,xxx
47858,xxx
47859,xxx
47860,xxx
47861,xxx
47862,xxx
47863,xxx
47864,xxx
47865,xxx
47866,xxx
47867,xxx
47868,xxx
47869,xxx
47870,xxx
47871,xxx
47872,xxx
47873,xxx
47874,xxx
47875,xxx
47876,xxx
47877,xxx
47878,xxx
47879,xxx
47880,xxx
47881,xxx
47882,xxx
47883,xxx
47884,xxx
47885,xxx
47886,xxx
47887,xxx
47888,xxx
47889,xxx
47890,xxx
47891,xxx
47892,xxx
47893,xxx
47894,xxx
47895,xxx
47896,xxx
47897,xxx
47898,xxx
47899,xxx
47900,xxx
47901,xxx
47902,xxx
47903,xxx
47904,xxx
47905,xxx
47906,xxx
47907,xxx
47908,xxx
47909,xxx
47910,xxx
47911,xxx
47912,xxx
47913,xxx
47914,xxx
47915,xxx
47916,xxx
47917,xxx
47918,xxx
47919,xxx
47920,xxx
47921,xxx
47922,xxx
47923,xxx
47924,xxx
47925,xxx
47926,xxx
47927,xxx
47928,xxx
47929,xxx
47930,xxx
47931,xxx
47932,xxx
47933,xxx
47934,xxx
47935,xxx
47936,xxx
47937,xxx
47938,xxx
47939,xxx
47940,xxx
47941,xxx
47942,xxx
47943,xxx
47944,xxx
47945,xxx
47946,xxx
47947,xxx
47948,xxx
47949,xxx
47950,xxx
47951,xxx
47952,xxx
47953,xxx
47954,xxx
47955,xxx
47956,xxx
47957,xxx
47958,xxx
47959,xxx
47960,xxx
47961,xxx
47962,xxx
47963,xxx
47964,xxx
47965,xxx
47966,xxx
47967,xxx
47968,xxx
47969,xxx
47970,xxx
47971,xxx
47972,xxx
47973,xxx
47974,xxx
47975,xxx
47976,xxx
47977,xxx
47978,xxx
47979,xxx
47980,xxx
47981,xxx
47982,xxx
47983,xxx
47984,xxx
47985,xxx
47986,xxx
47987,xxx
47988,xxx
47989,xxx
47990,xxx
47991,xxx
47992,xxx
47993,xxx
47994,xxx
47995,xxx
47996,xxx
47997,xxx
47998,xxx
47999,xxx
48000,xxx
48001,xxx
48002,xxx
48003,xxx
48004,xxx
48005,xxx
48006,xxx
48007,xxx
48008,xxx
48009,xxx
48010,xxx
48011,xxx
48012,xxx
48013,xxx
48014,xxx
48015,xxx
48016,xxx
48017,xxx
48018,xxx
48019,xxx
48020,xxx
48021,xxx
48022,xxx
48023,xxx
48024,xxx
48025,xxx
48026,xxx
48027,xxx
48028,xxx
48029,xxx
48030,xxx
48031,xxx
48032,xxx
48033,xxx
48034,xxx
48035,xxx
48036,xxx
48037,xxx
48038,xxx
48039,xxx
48040,xxx
48041,xxx
48042,xxx
48043,xxx
48044,xxx
48045,xxx
48046,xxx
48047,xxx
48048,xxx
48049,xxx
48050,xxx
48051,xxx
48052,xxx
48053,xxx
48054,xxx
48055,xxx
48056,xxx
48057,xxx
48058,xxx
48059,xxx
48060,xxx
48061,xxx
48062,xxx
48063,xxx
48064,xxx
48065,xxx
48066,xxx
48067,xxx
48068,xxx
48069,xxx
48070,xxx
48071,xxx
48072,xxx
48073,xxx
48074,xxx
48075,xxx
48076,xxx
48077,xxx
48078,xxx
48079,xxx
48080,xxx
48081,xxx
48082,xxx
48083,xxx
48084,xxx
48085,xxx
48086,xxx
48087,xxx
48088,xxx
48089,xxx
48090,xxx
48091,xxx
48092,xxx
48093,xxx
48094,xxx
48095,xxx
48096,xxx
48097,xxx
48098,xxx
48099,xxx
48100,xxx
48101,xxx
48102,xxx
48103,xxx
48104,xxx
48105,xxx
48106,xxx
48107,xxx
48108,xxx
48109,xxx
48110,xxx
48111,xxx
48112,xxx
48113,xxx
48114,xxx
48115,xxx
48116,xxx
48117,xxx
48118,xxx
48119,xxx
48120,xxx
48121,xxx
48122,xxx
48123,xxx
48124,xxx
48125,xxx
48126,xxx
48127,xxx
48128,xxx
48129,xxx
48130,xxx
48131,xxx
48132,xxx
48133,xxx
48134,xxx
48135,xxx
48136,xxx
48137,xxx
48138,xxx
48139,xxx
48140,xxx
48141,xxx
48142,xxx
48143,xxx
48144,xxx
48145,xxx
48146,xxx
48147,xxx
48148,xxx
48149,xxx
48150,xxx
48151,xxx
48152,xxx
48153,xxx
48154,xxx
48155,xxx
48156,xxx
48157,xxx
48158,xxx
48159,xxx
48160,xxx
48161,xxx
48162,xxx
48163,xxx
48164,xxx
48165,xxx
48166,xxx
48167,xxx
48168,xxx
48169,xxx
48170,xxx
48171,xxx
48172,xxx
48173,xxx
48174,xxx
48175,xxx
48176,xxx
48177,xxx
48178,xxx
48179,xxx
48180,xxx
48181,xxx
48182,xxx
48183,xxx
48184,xxx
48185,xxx
48186,xxx
48187,xxx
48188,xxx
48189,xxx
48190,xxx
48191,xxx
48192,xxx
48193,xxx
48194,xxx
48195,xxx
48196,xxx
48197,xxx
48198,xxx
48199,xxx
48200,xxx
48201,xxx
48202,xxx
48203,xxx
48204,xxx
48205,xxx
48206,xxx
48207,xxx
48208,xxx
48209,xxx
48210,xxx
48211,xxx
48212,xxx
48213,xxx
48214,xxx
48215,xxx
48216,xxx
48217,xxx
48218,xxx
48219,xxx
48220,xxx
48221,xxx
48222,xxx
48223,xxx
48224,xxx
48225,xxx
48226,xxx
48227,xxx
48228,xxx
48229,xxx
48230,xxx
48231,xxx
48232,xxx
48233,xxx
48234,xxx
48235,xxx
48236,xxx
48237,xxx
48238,xxx
48239,xxx
48240,xxx
48241,xxx
48242,xxx
48243,xxx
48244,xxx
48245,xxx
48246,xxx
48247,xxx
48248,xxx
48249,xxx
48250,xxx
48251,xxx
48252,xxx
48253,xxx
48254,xxx
48255,xxx
48256,xxx
48257,xxx
48258,xxx
48259,xxx
48260,xxx
48261,xxx
48262,xxx
48263,xxx
48264,xxx
48265,xxx
48266,xxx
48267,xxx
48268,xxx
48269,xxx
48270,xxx
48271,xxx
48272,xxx
48273,xxx
48274,xxx
48275,xxx
48276,xxx
48277,xxx
48278,xxx
48279,xxx
48280,xxx
48281,xxx
48282,xxx
48283,xxx
48284,xxx
48285,xxx
48286,xxx
48287,xxx
48288,xxx
48289,xxx
48290,xxx
48291,xxx
48292,xxx
48293,xxx
48294,xxx
48295,xxx
48296,xxx
48297,xxx
48298,xxx
48299,xxx
48300,xxx
48301,xxx
48302,xxx
48303,xxx
48304,xxx
48305,xxx
48306,xxx
48307,xxx
48308,xxx
48309,xxx
48310,xxx
48311,xxx
48312,xxx
48313,xxx
48314,xxx
48315,xxx
48316,xxx
48317,xxx
48318,xxx
48319,xxx
48320,xxx
48321,xxx
48322,xxx
48323,xxx
48324,xxx
48325,xxx
48326,xxx
48327,xxx
48328,xxx
48329,xxx
48330,xxx
48331,xxx
48332,xxx
48333,xxx
48334,xxx
48335,xxx
48336,xxx
48337,xxx
48338,xxx
48339,xxx
48340,xxx
48341,xxx
48342,xxx
48343,xxx
48344,xxx
48345,xxx
48346,xxx
48347,xxx
48348,xxx
48349,xxx
48350,xxx
48351,xxx
48352,xxx
48353,xxx
48354,xxx
48355,xxx
48356,xxx
48357,xxx
48358,xxx
48359,xxx
48360,xxx
48361,xxx
48362,xxx
48363,xxx
48364,xxx
48365,xxx
48366,xxx
48367,xxx
48368,xxx
48369,xxx
48370,xxx
48371,xxx
48372,xxx
48373,xxx
48374,xxx
48375,xxx
48376,xxx
48377,xxx
48378,xxx
48379,xxx
48380,xxx
48381,xxx
48382,xxx
48383,xxx
48384,xxx
48385,xxx
48386,xxx
48387,xxx
48388,xxx
48389,xxx
48390,xxx
48391,xxx
48392,xxx
48393,xxx
48394,xxx
48395,xxx
48396,xxx
48397,xxx
48398,xxx
48399,xxx
48400,xxx
48401,xxx
48402,xxx
48403,xxx
48404,xxx
48405,xxx
48406,xxx
48407,xxx
48408,xxx
48409,xxx
48410,xxx
48411,xxx
48412,xxx
48413,xxx
48414,xxx
48415,xxx
48416,xxx
48417,xxx
48418,xxx
48419,xxx
48420,xxx
48421,xxx
48422,xxx
48423,xxx
48424,xxx
48425,xxx
48426,xxx
48427,xxx
48428,xxx
48429,xxx
48430,xxx
48431,xxx
48432,xxx
48433,xxx
48434,xxx
48435,xxx
48436,xxx
48437,xxx
48438,xxx
48439,xxx
48440,xxx
48441,xxx
48442,xxx
48443,xxx
48444,xxx
48445,xxx
48446,xxx
48447,xxx
48448,xxx
48449,xxx
48450,xxx
48451,xxx
48452,xxx
48453,xxx
48454,xxx
48455,xxx
48456,xxx
48457,xxx
48458,xxx
48459,xxx
48460,xxx
48461,xxx
48462,xxx
48463,xxx
48464,xxx
48465,xxx
48466,xxx
48467,xxx
48468,xxx
48469,xxx
48470,xxx
48471,xxx
48472,xxx
48473,xxx
48474,xxx
48475,xxx
48476,xxx
48477,xxx
48478,xxx
48479,xxx
48480,xxx
48481,xxx
48482,xxx
48483,xxx
48484,xxx
48485,xxx
48486,xxx
48487,xxx
48488,xxx
48489,xxx
48490,xxx
48491,xxx
48492,xxx
48493,xxx
48494,xxx
48495,xxx
48496,xxx
48497,xxx
48498,xxx
48499,xxx
48500,xxx
48501,xxx
48502,xxx
48503,xxx
48504,xxx
48505,xxx
48506,xxx
48507,xxx
48508,xxx
48509,xxx
48510,xxx
48511,xxx
48512,xxx
48513,xxx
48514,xxx
48515,xxx
48516,xxx
48517,xxx
48518,xxx
48519,xxx
48520,xxx
48521,xxx
48522,xxx
48523,xxx
48524,xxx
48525,xxx
48526,xxx
48527,xxx
48528,xxx
48529,xxx
48530,xxx
48531,xxx
48532,xxx
48533,xxx
48534,xxx
48535,xxx
48536,xxx
48537,xxx
48538,xxx
48539,xxx
48540,xxx
48541,xxx
48542,xxx
48543,xxx
48544,xxx
48545,xxx
48546,xxx
48547,xxx
48548,xxx
48549,xxx
48550,xxx
48551,xxx
48552,xxx
48553,xxx
48554,xxx
48555,xxx
48556,xxx
48557,xxx
48558,xxx
48559,xxx
48560,xxx
48561,xxx
48562,xxx
48563,xxx
48564,xxx
48565,xxx
48566,xxx
48567,xxx
48568,xxx
48569,xxx
48570,xxx
48571,xxx
48572,xxx
48573,xxx
48574,xxx
48575,xxx
48576,xxx
48577,xxx
48578,xxx
48579,xxx
48580,xxx
48581,xxx
48582,xxx
48583,xxx
48584,xxx
48585,xxx
48586,xxx
48587,xxx
48588,xxx
48589,xxx
48590,xxx
48591,xxx
48592,xxx
48593,xxx
48594,xxx
48595,xxx
48596,xxx
48597,xxx
48598,xxx
48599,xxx
48600,xxx
48601,xxx
48602,xxx
48603,xxx
48604,xxx
48605,xxx
48606,xxx
48607,xxx
48608,xxx
48609,xxx
48610,xxx
48611,xxx
48612,xxx
48613,xxx
48614,xxx
48615,xxx
48616,xxx
48617,xxx
48618,xxx
48619,xxx
48620,xxx
48621,xxx
48622,xxx
48623,xxx
48624,xxx
48625,xxx
48626,xxx
48627,xxx
48628,xxx
48629,xxx
48630,xxx
48631,xxx
48632,xxx
48633,xxx
48634,xxx
48635,xxx
48636,xxx
48637,xxx
48638,xxx
48639,xxx
48640,xxx
48641,xxx
48642,xxx
48643,xxx
48644,xxx
48645,xxx
48646,xxx
48647,xxx
48648,xxx
48649,xxx
48650,xxx
48651,xxx
48652,xxx
48653,xxx
48654,xxx
48655,xxx
48656,xxx
48657,xxx
48658,xxx
48659,xxx
48660,xxx
48661,xxx
48662,xxx
48663,xxx
48664,xxx
48665,xxx
48666,xxx
48667,xxx
48668,xxx
48669,xxx
48670,xxx
48671,xxx
48672,xxx
48673,xxx
48674,xxx
48675,xxx
48676,xxx
48677,xxx
48678,xxx
48679,xxx
48680,xxx
48681,xxx
48682,xxx
48683,xxx
48684,xxx
48685,xxx
48686,xxx
48687,xxx
48688,xxx
48689,xxx
48690,xxx
48691,xxx
48692,xxx
48693,xxx
48694,xxx
48695,xxx
48696,xxx
48697,xxx
48698,xxx
48699,xxx
48700,xxx
48701,xxx
48702,xxx
48703,xxx
48704,xxx
48705,xxx
48706,xxx
48707,xxx
48708,xxx
48709,xxx
48710,xxx
48711,xxx
48712,xxx
48713,xxx
48714,xxx
48715,xxx
48716,xxx
48717,xxx
48718,xxx
48719,xxx
48720,xxx
48721,xxx
48722,xxx
48723,xxx
48724,xxx
48725,xxx
48726,xxx
48727,xxx
48728,xxx
48729,xxx
48730,xxx
48731,xxx
48732,xxx
48733,xxx
48734,xxx
48735,xxx
48736,xxx
48737,xxx
48738,xxx
48739,xxx
48740,xxx
48741,xxx
48742,xxx
48743,xxx
48744,xxx
48745,xxx
48746,xxx
48747,xxx
48748,xxx
48749,xxx
48750,xxx
48751,xxx
48752,xxx
48753,xxx
48754,xxx
48755,xxx
48756,xxx
48757,xxx
48758,xxx
48759,xxx
48760,xxx
48761,xxx
48762,xxx
48763,xxx
48764,xxx
48765,xxx
48766,xxx
48767,xxx
48768,xxx
48769,xxx
48770,xxx
48771,xxx
48772,xxx
48773,xxx
48774,xxx
48775,xxx
48776,xxx
48777,xxx
48778,xxx
48779,xxx
48780,xxx
48781,xxx
48782,xxx
48783,xxx
48784,xxx
48785,xxx
48786,xxx
48787,xxx
48788,xxx
48789,xxx
48790,xxx
48791,xxx
48792,xxx
48793,xxx
48794,xxx
48795,xxx
48796,xxx
48797,xxx
48798,xxx
48799,xxx
48800,xxx
48801,xxx
48802,xxx
48803,xxx
48804,xxx
48805,xxx
48806,xxx
48807,xxx
48808,xxx
48809,xxx
48810,xxx
48811,xxx
48812,xxx
48813,xxx
48814,xxx
48815,xxx
48816,xxx
48817,xxx
48818,xxx
48819,xxx
48820,xxx
48821,xxx
48822,xxx
48823,xxx
48824,xxx
48825,xxx
48826,xxx
48827,xxx
48828,xxx
48829,xxx
48830,xxx
48831,xxx
48832,xxx
48833,xxx
48834,xxx
48835,xxx
48836,xxx
48837,xxx
48838,xxx
48839,xxx
48840,xxx
48841,xxx
48842,xxx
48843,xxx
48844,xxx
48845,xxx
48846,xxx
48847,xxx
48848,xxx
48849,xxx
48850,xxx
48851,xxx
48852,xxx
48853,xxx
48854,xxx
48855,xxx
48856,xxx
48857,xxx
48858,xxx
48859,xxx
48860,xxx
48861,xxx
48862,xxx
48863,xxx
48864,xxx
48865,xxx
48866,xxx
48867,xxx
48868,xxx
48869,xxx
48870,xxx
48871,xxx
48872,xxx
48873,xxx
48874,xxx
48875,xxx
48876,xxx
48877,xxx
48878,xxx
48879,xxx
48880,xxx
48881,xxx
48882,xxx
48883,xxx
48884,xxx
48885,xxx
48886,xxx
48887,xxx
48888,xxx
48889,xxx
48890,xxx
48891,xxx
48892,xxx
48893,xxx
48894,xxx
48895,xxx
48896,xxx
48897,xxx
48898,xxx
48899,xxx
48900,xxx
48901,xxx
48902,xxx
48903,xxx
48904,xxx
48905,xxx
48906,xxx
48907,xxx
48908,xxx
48909,xxx
48910,xxx
48911,xxx
48912,xxx
48913,xxx
48914,xxx
48915,xxx
48916,xxx
48917,xxx
48918,xxx
48919,xxx
48920,xxx
48921,xxx
48922,xxx
48923,xxx
48924,xxx
48925,xxx
48926,xxx
48927,xxx
48928,xxx
48929,xxx
48930,xxx
48931,xxx
48932,xxx
48933,xxx
48934,xxx
48935,xxx
48936,xxx
48937,xxx
48938,xxx
48939,xxx
48940,xxx
48941,xxx
48942,xxx
48943,xxx
48944,xxx
48945,xxx
48946,xxx
48947,xxx
48948,xxx
48949,xxx
48950,xxx
48951,xxx
48952,xxx
48953,xxx
48954,xxx
48955,xxx
48956,xxx
48957,xxx
48958,xxx
48959,xxx
48960,xxx
48961,xxx
48962,xxx
48963,xxx
48964,xxx
48965,xxx
48966,xxx
48967,xxx
48968,xxx
48969,xxx
48970,xxx
48971,xxx
48972,xxx
48973,xxx
48974,xxx
48975,xxx
48976,xxx
48977,xxx
48978,xxx
48979,xxx
48980,xxx
48981,xxx
48982,xxx
48983,xxx
48984,xxx
48985,xxx
48986,xxx
48987,xxx
48988,xxx
48989,xxx
48990,xxx
48991,xxx
48992,xxx
48993,xxx
48994,xxx
48995,xxx
48996,xxx
48997,xxx
48998,xxx
48999,xxx
49000,xxx
49001,xxx
49002,xxx
49003,xxx
49004,xxx
49005,xxx
49006,xxx
49007,xxx
49008,xxx
49009,xxx
49010,xxx
49011,xxx
49012,xxx
49013,xxx
49014,xxx
49015,xxx
49016,xxx
49017,xxx
49018,xxx
49019,xxx
49020,xxx
49021,xxx
49022,xxx
49023,xxx
49024,xxx
49025,xxx
49026,xxx
49027,xxx
49028,xxx
49029,xxx
49030,xxx
49031,xxx
49032,xxx
49033,xxx
49034,xxx
49035,xxx
49036,xxx
49037,xxx
49038,xxx
49039,xxx
49040,xxx
49041,xxx
49042,xxx
49043,xxx
49044,xxx
49045,xxx
49046,xxx
49047,xxx
49048,xxx
49049,xxx
49050,xxx
49051,xxx
49052,xxx
49053,xxx
49054,xxx
49055,xxx
49056,xxx
49057,xxx
49058,xxx
49059,xxx
49060,xxx
49061,xxx
49062,xxx
49063,xxx
49064,xxx
49065,xxx
49066,xxx
49067,xxx
49068,xxx
49069,xxx
49070,xxx
49071,xxx
49072,xxx
49073,xxx
49074,xxx
49075,xxx
49076,xxx
49077,xxx
49078,xxx
49079,xxx
49080,xxx
49081,xxx
49082,xxx
49083,xxx
49084,xxx
49085,xxx
49086,xxx
49087,xxx
49088,xxx
49089,xxx
49090,xxx
49091,xxx
49092,xxx
49093,xxx
49094,xxx
49095,xxx
49096,xxx
49097,xxx
49098,xxx
49099,xxx
49100,xxx
49101,xxx
49102,xxx
49103,xxx
49104,xxx
49105,xxx
49106,xxx
49107,xxx
49108,xxx
49109,xxx
49110,xxx
49111,xxx
49112,xxx
49113,xxx
49114,xxx
49115,xxx
49116,xxx
49117,xxx
49118,xxx
49119,xxx
49120,xxx
49121,xxx
49122,xxx
49123,xxx
49124,xxx
49125,xxx
49126,xxx
49127,xxx
49128,xxx
49129,xxx
49130,xxx
49131,xxx
49132,xxx
49133,xxx
49134,xxx
49135,xxx
49136,xxx
49137,xxx
49138,xxx
49139,xxx
49140,xxx
49141,xxx
49142,xxx
49143,xxx
49144,xxx
49145,xxx
49146,xxx
49147,xxx
49148,xxx
49149,xxx
49150,xxx
49151,xxx
49152,xxx
49153,xxx
49154,xxx
49155,xxx
49156,xxx
49157,xxx
49158,xxx
49159,xxx
49160,xxx
49161,xxx
49162,xxx
49163,xxx
49164,xxx
49165,xxx
49166,xxx
49167,xxx
49168,xxx
49169,xxx
49170,xxx
49171,xxx
49172,xxx
49173,xxx
49174,xxx
49175,xxx
49176,xxx
49177,xxx
49178,xxx
49179,xxx
49180,xxx
49181,xxx
49182,xxx
49183,xxx
49184,xxx
49185,xxx
49186,xxx
49187,xxx
49188,xxx
49189,xxx
49190,xxx
49191,xxx
49192,xxx
49193,xxx
49194,xxx
49195,xxx
49196,xxx
49197,xxx
49198,xxx
49199,xxx
49200,xxx
49201,xxx
49202,xxx
49203,xxx
49204,xxx
49205,xxx
49206,xxx
49207,xxx
49208,xxx
49209,xxx
49210,xxx
49211,xxx
49212,xxx
49213,xxx
49214,xxx
49215,xxx
49216,xxx
49217,xxx
49218,xxx
49219,xxx
49220,xxx
49221,xxx
49222,xxx
49223,xxx
49224,xxx
49225,xxx
49226,xxx
49227,xxx
49228,xxx
49229,xxx
49230,xxx
49231,xxx
49232,xxx
49233,xxx
49234,xxx
49235,xxx
49236,xxx
49237,xxx
49238,xxx
49239,xxx
49240,xxx
49241,xxx
49242,xxx
49243,xxx
49244,xxx
49245,xxx
49246,xxx
49247,xxx
49248,xxx
49249,xxx
49250,xxx
49251,xxx
49252,xxx
49253,xxx
49254,xxx
49255,xxx
49256,xxx
49257,xxx
49258,xxx
49259,xxx
49260,xxx
49261,xxx
49262,xxx
49263,xxx
49264,xxx
49265,xxx
49266,xxx
49267,xxx
49268,xxx
49269,xxx
49270,xxx
49271,xxx
49272,xxx
49273,xxx
49274,xxx
49275,xxx
49276,xxx
49277,xxx
49278,xxx
49279,xxx
49280,xxx
49281,xxx
49282,xxx
49283,xxx
49284,xxx
49285,xxx
49286,xxx
49287,xxx
49288,xxx
49289,xxx
49290,xxx
49291,xxx
49292,xxx
49293,xxx
49294,xxx
49295,xxx
49296,xxx
49297,xxx
49298,xxx
49299,xxx
49300,xxx
49301,xxx
49302,xxx
49303,xxx
49304,xxx
49305,xxx
49306,xxx
49307,xxx
49308,xxx
49309,xxx
49310,xxx
49311,xxx
49312,xxx
49313,xxx
49314,xxx
49315,xxx
49316,xxx
49317,xxx
49318,xxx
49319,xxx
49320,xxx
49321,xxx
49322,xxx
49323,xxx
49324,xxx
49325,xxx
49326,xxx
49327,xxx
49328,xxx
49329,xxx
49330,xxx
49331,xxx
49332,xxx
49333,xxx
49334,xxx
49335,xxx
49336,xxx
49337,xxx
49338,xxx
49339,xxx
49340,xxx
49341,xxx
49342,xxx
49343,xxx
49344,xxx
49345,xxx
49346,xxx
49347,xxx
49348,xxx
49349,xxx
49350,xxx
49351,xxx
49352,xxx
49353,xxx
49354,xxx
49355,xxx
49356,xxx
49357,xxx
49358,xxx
49359,xxx
49360,xxx
49361,xxx
49362,xxx
49363,xxx
49364,xxx
49365,xxx
49366,xxx
49367,xxx
49368,xxx
49369,xxx
49370,xxx
49371,xxx
49372,xxx
49373,xxx
49374,xxx
49375,xxx
49376,xxx
49377,xxx
49378,xxx
49379,xxx
49380,xxx
49381,xxx
49382,xxx
49383,xxx
49384,xxx
49385,xxx
49386,xxx
49387,xxx
49388,xxx
49389,xxx
49390,xxx
49391,xxx
49392,xxx
49393,xxx
49394,xxx
49395,xxx
49396,xxx
49397,xxx
49398,xxx
49399,xxx
49400,xxx
49401,xxx
49402,xxx
49403,xxx
49404,xxx
49405,xxx
49406,xxx
49407,xxx
49408,xxx
49409,xxx
49410,xxx
49411,xxx
49412,xxx
49413,xxx
49414,xxx
49415,xxx
49416,xxx
49417,xxx
49418,xxx
49419,xxx
49420,xxx
49421,xxx
49422,xxx
49423,xxx
49424,xxx
49425,xxx
49426,xxx
49427,xxx
49428,xxx
49429,xxx
49430,xxx
49431,xxx
49432,xxx
49433,xxx
49434,xxx
49435,xxx
49436,xxx
49437,xxx
49438,xxx
49439,xxx
49440,xxx
49441,xxx
49442,xxx
49443,xxx
49444,xxx
49445,xxx
49446,xxx
49447,xxx
49448,xxx
49449,xxx
49450,xxx
49451,xxx
49452,xxx
49453,xxx
49454,xxx
49455,xxx
49456,xxx
49457,xxx
49458,xxx
49459,xxx
49460,xxx
49461,xxx
49462,xxx
49463,xxx
49464,xxx
49465,xxx
49466,xxx
49467,xxx
49468,xxx
49469,xxx
49470,xxx
49471,xxx
49472,xxx
49473,xxx
49474,xxx
49475,xxx
49476,xxx
49477,xxx
49478,xxx
49479,xxx
49480,xxx
49481,xxx
49482,xxx
49483,xxx
49484,xxx
49485,xxx
49486,xxx
49487,xxx
49488,xxx
49489,xxx
49490,xxx
49491,xxx
49492,xxx
49493,xxx
49494,xxx
49495,xxx
49496,xxx
49497,xxx
49498,xxx
49499,xxx
49500,xxx
49501,xxx
49502,xxx
49503,xxx
49504,xxx
49505,xxx
49506,xxx
49507,xxx
49508,xxx
49509,xxx
49510,xxx
49511,xxx
49512,xxx
49513,xxx
49514,xxx
49515,xxx
49516,xxx
49517,xxx
49518,xxx
49519,xxx
49520,xxx
49521,xxx
49522,xxx
49523,xxx
49524,xxx
49525,xxx
49526,xxx
49527,xxx
49528,xxx
49529,xxx
49530,xxx
49531,xxx
49532,xxx
49533,xxx
49534,xxx
49535,xxx
49536,xxx
49537,xxx
49538,xxx
49539,xxx
49540,xxx
49541,xxx
49542,xxx
49543,xxx
49544,xxx
49545,xxx
49546,xxx
49547,xxx
49548,xxx
49549,xxx
49550,xxx
49551,xxx
49552,xxx
49553,xxx
49554,xxx
49555,xxx
49556,xxx
49557,xxx
49558,xxx
49559,xxx
49560,xxx
49561,xxx
49562,xxx
49563,xxx
49564,xxx
49565,xxx
49566,xxx
49567,xxx
49568,xxx
49569,xxx
49570,xxx
49571,xxx
49572,xxx
49573,xxx
49574,xxx
49575,xxx
49576,xxx
49577,xxx
49578,xxx
49579,xxx
49580,xxx
49581,xxx
49582,xxx
49583,xxx
49584,xxx
49585,xxx
49586,xxx
49587,xxx
49588,xxx
49589,xxx
49590,xxx
49591,xxx
49592,xxx
49593,xxx
49594,xxx
49595,xxx
49596,xxx
49597,xxx
49598,xxx
49599,xxx
49600,xxx
49601,xxx
49602,xxx
49603,xxx
49604,xxx
49605,xxx
49606,xxx
49607,xxx
49608,xxx
49609,xxx
49610,xxx
49611,xxx
49612,xxx
49613,xxx
49614,xxx
49615,xxx
49616,xxx
49617,xxx
49618,xxx
49619,xxx
49620,xxx
49621,xxx
49622,xxx
49623,xxx
49624,xxx
49625,xxx
49626,xxx
49627,xxx
49628,xxx
49629,xxx
49630,xxx
49631,xxx
49632,xxx
49633,xxx
49634,xxx
49635,xxx
49636,xxx
49637,xxx
49638,xxx
49639,xxx
49640,xxx
49641,xxx
49642,xxx
49643,xxx
49644,xxx
49645,xxx
49646,xxx
49647,xxx
49648,xxx
49649,xxx
49650,xxx
49651,xxx
49652,xxx
49653,xxx
49654,xxx
49655,xxx
49656,xxx
49657,xxx
49658,xxx
49659,xxx
49660,xxx
49661,xxx
49662,xxx
49663,xxx
49664,xxx
49665,xxx
49666,xxx
49667,xxx
49668,xxx
49669,xxx
49670,xxx
49671,xxx
49672,xxx
49673,xxx
49674,xxx
49675,xxx
49676,xxx
49677,xxx
49678,xxx
49679,xxx
49680,xxx
49681,xxx
49682,xxx
49683,xxx
49684,xxx
49685,xxx
49686,xxx
49687,xxx
49688,xxx
49689,xxx
49690,xxx
49691,xxx
49692,xxx
49693,xxx
49694,xxx
49695,xxx
49696,xxx
49697,xxx
49698,xxx
49699,xxx
49700,xxx
49701,xxx
49702,xxx
49703,xxx
49704,xxx
49705,xxx
49706,xxx
49707,xxx
49708,xxx
49709,xxx
49710,xxx
49711,xxx
49712,xxx
49713,xxx
49714,xxx
49715,xxx
49716,xxx
49717,xxx
49718,xxx
49719,xxx
49720,xxx
49721,xxx
49722,xxx
49723,xxx
49724,xxx
49725,xxx
49726,xxx
49727,xxx
49728,xxx
49729,xxx
49730,xxx
49731,xxx
49732,xxx
49733,xxx
49734,xxx
49735,xxx
49736,xxx
49737,xxx
49738,xxx
49739,xxx
49740,xxx
49741,xxx
49742,xxx
49743,xxx
49744,xxx
49745,xxx
49746,xxx
49747,xxx
49748,xxx
49749,xxx
49750,xxx
49751,xxx
49752,xxx
49753,xxx
49754,xxx
49755,xxx
49756,xxx
49757,xxx
49758,xxx
49759,xxx
49760,xxx
49761,xxx
49762,xxx
49763,xxx
49764,xxx
49765,xxx
49766,xxx
49767,xxx
49768,xxx
49769,xxx
49770,xxx
49771,xxx
49772,xxx
49773,xxx
49774,xxx
49775,xxx
49776,xxx
49777,xxx
49778,xxx
49779,xxx
49780,xxx
49781,xxx
49782,xxx
49783,xxx
49784,xxx
49785,xxx
49786,xxx
49787,xxx
49788,xxx
49789,xxx
49790,xxx
49791,xxx
49792,xxx
49793,xxx
49794,xxx
49795,xxx
49796,xxx
49797,xxx
49798,xxx
49799,xxx
49800,xxx
49801,xxx
49802,xxx
49803,xxx
49804,xxx
49805,xxx
49806,xxx
49807,xxx
49808,xxx
49809,xxx
49810,xxx
49811,xxx
49812,xxx
49813,xxx
49814,xxx
49815,xxx
49816,xxx
49817,xxx
49818,xxx
49819,xxx
49820,xxx
49821,xxx
49822,xxx
49823,xxx
49824,xxx
49825,xxx
49826,xxx
49827,xxx
49828,xxx
49829,xxx
49830,xxx
49831,xxx
49832,xxx
49833,xxx
49834,xxx
49835,xxx
49836,xxx
49837,xxx
49838,xxx
49839,xxx
49840,xxx
49841,xxx
49842,xxx
49843,xxx
49844,xxx
49845,xxx
49846,xxx
49847,xxx
49848,xxx
49849,xxx
49850,xxx
49851,xxx
49852,xxx
49853,xxx
49854,xxx
49855,xxx
49856,xxx
49857,xxx
49858,xxx
49859,xxx
49860,xxx
49861,xxx
49862,xxx
49863,xxx
49864,xxx
49865,xxx
49866,xxx
49867,xxx
49868,xxx
49869,xxx
49870,xxx
49871,xxx
49872,xxx
49873,xxx
49874,xxx
49875,xxx
49876,xxx
49877,xxx
49878,xxx
49879,xxx
49880,xxx
49881,xxx
49882,xxx
49883,xxx
49884,xxx
49885,xxx
49886,xxx
49887,xxx
49888,xxx
49889,xxx
49890,xxx
49891,xxx
49892,xxx
49893,xxx
49894,xxx
49895,xxx
49896,xxx
49897,xxx
49898,xxx
49899,xxx
49900,xxx
49901,xxx
49902,xxx
49903,xxx
49904,xxx
49905,xxx
49906,xxx
49907,xxx
49908,xxx
49909,xxx
49910,xxx
49911,xxx
49912,xxx
49913,xxx
49914,xxx
49915,xxx
49916,xxx
49917,xxx
49918,xxx
49919,xxx
49920,xxx
49921,xxx
49922,xxx
49923,xxx
49924,xxx
49925,xxx
49926,xxx
49927,xxx
49928,xxx
49929,xxx
49930,xxx
49931,xxx
49932,xxx
49933,xxx
49934,xxx
49935,xxx
49936,xxx
49937,xxx
49938,xxx
49939,xxx
49940,xxx
49941,xxx
49942,xxx
49943,xxx
49944,xxx
49945,xxx
49946,xxx
49947,xxx
49948,xxx
49949,xxx
49950,xxx
49951,xxx
49952,xxx
49953,xxx
49954,xxx
49955,xxx
49956,xxx
49957,xxx
49958,xxx
49959,xxx
49960,xxx
49961,xxx
49962,xxx
49963,xxx
49964,xxx
49965,xxx
49966,xxx
49967,xxx
49968,xxx
49969,xxx
49970,xxx
49971,xxx
49972,xxx
49973,xxx
49974,xxx
49975,xxx
49976,xxx
49977,xxx
49978,xxx
49979,xxx
49980,xxx
49981,xxx
49982,xxx
49983,xxx
49984,xxx
49985,xxx
49986,xxx
49987,xxx
49988,xxx
49989,xxx
49990,xxx
49991,xxx
49992,xxx
49993,xxx
49994,xxx
49995,xxx
49996,xxx
49997,xxx
49998,xxx
49999,xxx
50000,xxx
50001,xxx
50002,xxx
50003,xxx
50004,xxx
50005,xxx
50006,xxx
50007,xxx
50008,xxx
50009,xxx
50010,xxx
50011,xxx
50012,xxx
50013,xxx
50014,xxx
50015,xxx
50016,xxx
50017,xxx
50018,xxx
50019,xxx
50020,xxx
50021,xxx
50022,xxx
50023,xxx
50024,xxx
50025,xxx
50026,xxx
50027,xxx
50028,xxx
50029,xxx
50030,xxx
50031,xxx
50032,xxx
50033,xxx
50034,xxx
50035,xxx
50036,xxx
50037,xxx
50038,xxx
50039,xxx
50040,xxx
50041,xxx
50042,xxx
50043,xxx
50044,xxx
50045,xxx
50046,xxx
50047,xxx
50048,xxx
50049,xxx
50050,xxx
50051,xxx
50052,xxx
50053,xxx
50054,xxx
50055,xxx
50056,xxx
50057,xxx
50058,xxx
50059,xxx
50060,xxx
50061,xxx
50062,xxx
50063,xxx
50064,xxx
50065,xxx
50066,xxx
50067,xxx
50068,xxx
50069,xxx
50070,xxx
50071,xxx
50072,xxx
50073,xxx
50074,xxx
50075,xxx
50076,xxx
50077,xxx
50078,xxx
50079,xxx
50080,xxx
50081,xxx
50082,xxx
50083,xxx
50084,xxx
50085,xxx
50086,xxx
50087,xxx
50088,xxx
50089,xxx
50090,xxx
50091,xxx
50092,xxx
50093,xxx
50094,xxx
50095,xxx
50096,xxx
50097,xxx
50098,xxx
50099,xxx
50100,xxx
50101,xxx
50102,xxx
50103,xxx
50104,xxx
50105,xxx
50106,xxx
50107,xxx
50108,xxx
50109,xxx
50110,xxx
50111,xxx
50112,xxx
50113,xxx
50114,xxx
50115,xxx
50116,xxx
50117,xxx
50118,xxx
50119,xxx
50120,xxx
50121,xxx
50122,xxx
50123,xxx
50124,xxx
50125,xxx
50126,xxx
50127,xxx
50128,xxx
50129,xxx
50130,xxx
50131,xxx
50132,xxx
50133,xxx
50134,xxx
50135,xxx
50136,xxx
50137,xxx
50138,xxx
50139,xxx
50140,xxx
50141,xxx
50142,xxx
50143,xxx
50144,xxx
50145,xxx
50146,xxx
50147,xxx
50148,xxx
50149,xxx
50150,xxx
50151,xxx
50152,xxx
50153,xxx
50154,xxx
50155,xxx
50156,xxx
50157,xxx
50158,xxx
50159,xxx
50160,xxx
50161,xxx
50162,xxx
50163,xxx
50164,xxx
50165,xxx
50166,xxx
50167,xxx
50168,xxx
50169,xxx
50170,xxx
50171,xxx
50172,xxx
50173,xxx
50174,xxx
50175,xxx
50176,xxx
50177,xxx
50178,xxx
50179,xxx
50180,xxx
50181,xxx
50182,xxx
50183,xxx
50184,xxx
50185,xxx
50186,xxx
50187,xxx
50188,xxx
50189,xxx
50190,xxx
50191,xxx
50192,xxx
50193,xxx
50194,xxx
50195,xxx
50196,xxx
50197,xxx
50198,xxx
50199,xxx
50200,xxx
50201,xxx
50202,xxx
50203,xxx
50204,xxx
50205,xxx
50206,xxx
50207,xxx
50208,xxx
50209,xxx
50210,xxx
50211,xxx
50212,xxx
50213,xxx
50214,xxx
50215,xxx
50216,xxx
50217,xxx
50218,xxx
50219,xxx
50220,xxx
50221,xxx
50222,xxx
50223,xxx
50224,xxx
50225,xxx
50226,xxx
50227,xxx
50228,xxx
50229,xxx
50230,xxx
50231,xxx
50232,xxx
50233,xxx
50234,xxx
50235,xxx
50236,xxx
50237,xxx
50238,xxx
50239,xxx
50240,xxx
50241,xxx
50242,xxx
50243,xxx
50244,xxx
50245,xxx
50246,xxx
50247,xxx
50248,xxx
50249,xxx
50250,xxx
50251,xxx
50252,xxx
50253,xxx
50254,xxx
50255,xxx
50256,xxx
50257,xxx
50258,xxx
50259,xxx
50260,xxx
50261,xxx
50262,xxx
50263,xxx
50264,xxx
50265,xxx
50266,xxx
50267,xxx
50268,xxx
50269,xxx
50270,xxx
50271,xxx
50272,xxx
50273,xxx
50274,xxx
50275,xxx
50276,xxx
50277,xxx
50278,xxx
50279,xxx
50280,xxx
50281,xxx
50282,xxx
50283,xxx
50284,xxx
50285,xxx
50286,xxx
50287,xxx
50288,xxx
50289,xxx
50290,xxx
50291,xxx
50292,xxx
50293,xxx
50294,xxx
50295,xxx
50296,xxx
50297,xxx
50298,xxx
50299,xxx
50300,xxx
50301,xxx
50302,xxx
50303,xxx
50304,xxx
50305,xxx
50306,xxx
50307,xxx
50308,xxx
50309,xxx
50310,xxx
50311,xxx
50312,xxx
50313,xxx
50314,xxx
50315,xxx
50316,xxx
50317,xxx
50318,xxx
50319,xxx
50320,xxx
50321,xxx
50322,xxx
50323,xxx
50324,xxx
50325,xxx
50326,xxx
50327,xxx
50328,xxx
50329,xxx
50330,xxx
50331,xxx
50332,xxx
50333,xxx
50334,xxx
50335,xxx
50336,xxx
50337,xxx
50338,xxx
50339,xxx
50340,xxx
50341,xxx
50342,xxx
50343,xxx
50344,xxx
50345,xxx
50346,xxx
50347,xxx
50348,xxx
50349,xxx
50350,xxx
50351,xxx
50352,xxx
50353,xxx
50354,xxx
50355,xxx
50356,xxx
50357,xxx
50358,xxx
50359,xxx
50360,xxx
50361,xxx
50362,xxx
50363,xxx
50364,xxx
50365,xxx
50366,xxx
50367,xxx
50368,xxx
50369,xxx
50370,xxx
50371,xxx
50372,xxx
50373,xxx
50374,xxx
50375,xxx
50376,xxx
50377,xxx
50378,xxx
50379,xxx
50380,xxx
50381,xxx
50382,xxx
50383,xxx
50384,xxx
50385,xxx
50386,xxx
50387,xxx
50388,xxx
50389,xxx
50390,xxx
50391,xxx
50392,xxx
50393,xxx
50394,xxx
50395,xxx
50396,xxx
50397,xxx
50398,xxx
50399,xxx
50400,xxx
50401,xxx
50402,xxx
50403,xxx
50404,xxx
50405,xxx
50406,xxx
50407,xxx
50408,xxx
50409,xxx
50410,xxx
50411,xxx
50412,xxx
50413,xxx
50414,xxx
50415,xxx
50416,xxx
50417,xxx
50418,xxx
50419,xxx
50420,xxx
50421,xxx
50422,xxx
50423,xxx
50424,xxx
50425,xxx
50426,xxx
50427,xxx
50428,xxx
50429,xxx
50430,xxx
50431,xxx
50432,xxx
50433,xxx
50434,xxx
50435,xxx
50436,xxx
50437,xxx
50438,xxx
50439,xxx
50440,xxx
50441,xxx
50442,xxx
50443,xxx
50444,xxx
50445,xxx
50446,xxx
50447,xxx
50448,xxx
50449,xxx
50450,xxx
50451,xxx
50452,xxx
50453,xxx
50454,xxx
50455,xxx
50456,xxx
50457,xxx
50458,xxx
50459,xxx
50460,xxx
50461,xxx
50462,xxx
50463,xxx
50464,xxx
50465,xxx
50466,xxx
50467,xxx
50468,xxx
50469,xxx
50470,xxx
50471,xxx
50472,xxx
50473,xxx
50474,xxx
50475,xxx
50476,xxx
50477,xxx
50478,xxx
50479,xxx
50480,xxx
50481,xxx
50482,xxx
50483,xxx
50484,xxx
50485,xxx
50486,xxx
50487,xxx
50488,xxx
50489,xxx
50490,xxx
50491,xxx
50492,xxx
50493,xxx
50494,xxx
50495,xxx
50496,xxx
50497,xxx
50498,xxx
50499,xxx
50500,xxx
50501,xxx
50502,xxx
50503,xxx
50504,xxx
50505,xxx
50506,xxx
50507,xxx
50508,xxx
50509,xxx
50510,xxx
50511,xxx
50512,xxx
50513,xxx
50514,xxx
50515,xxx
50516,xxx
50517,xxx
50518,xxx
50519,xxx
50520,xxx
50521,xxx
50522,xxx
50523,xxx
50524,xxx
50525,xxx
50526,xxx
50527,xxx
50528,xxx
50529,xxx
50530,xxx
50531,xxx
50532,xxx
50533,xxx
50534,xxx
50535,xxx
50536,xxx
50537,xxx
50538,xxx
50539,xxx
50540,xxx
50541,xxx
50542,xxx
50543,xxx
50544,xxx
50545,xxx
50546,xxx
50547,xxx
50548,xxx
50549,xxx
50550,xxx
50551,xxx
50552,xxx
50553,xxx
50554,xxx
50555,xxx
50556,xxx
50557,xxx
50558,xxx
50559,xxx
50560,xxx
50561,xxx
50562,xxx
50563,xxx
50564,xxx
50565,xxx
50566,xxx
50567,xxx
50568,xxx
50569,xxx
50570,xxx
50571,xxx
50572,xxx
50573,xxx
50574,xxx
50575,xxx
50576,xxx
50577,xxx
50578,xxx
50579,xxx
50580,xxx
50581,xxx
50582,xxx
50583,xxx
50584,xxx
50585,xxx
50586,xxx
50587,xxx
50588,xxx
50589,xxx
50590,xxx
50591,xxx
50592,xxx
50593,xxx
50594,xxx
50595,xxx
50596,xxx
50597,xxx
50598,xxx
50599,xxx
50600,xxx
50601,xxx
50602,xxx
50603,xxx
50604,xxx
50605,xxx
50606,xxx
50607,xxx
50608,xxx
50609,xxx
50610,xxx
50611,xxx
50612,xxx
50613,xxx
50614,xxx
50615,xxx
50616,xxx
50617,xxx
50618,xxx
50619,xxx
50620,xxx
50621,xxx
50622,xxx
50623,xxx
50624,xxx
50625,xxx
50626,xxx
50627,xxx
50628,xxx
50629,xxx
50630,xxx
50631,xxx
50632,xxx
50633,xxx
50634,xxx
50635,xxx
50636,xxx
50637,xxx
50638,xxx
50639,xxx
50640,xxx
50641,xxx
50642,xxx
50643,xxx
50644,xxx
50645,xxx
50646,xxx
50647,xxx
50648,xxx
50649,xxx
50650,xxx
50651,xxx
50652,xxx
50653,xxx
50654,xxx
50655,xxx
50656,xxx
50657,xxx
50658,xxx
50659,xxx
50660,xxx
50661,xxx
50662,xxx
50663,xxx
50664,xxx
50665,xxx
50666,xxx
50667,xxx
50668,xxx
50669,xxx
50670,xxx
50671,xxx
50672,xxx
50673,xxx
50674,xxx
50675,xxx
50676,xxx
50677,xxx
50678,xxx
50679,xxx
50680,xxx
50681,xxx
50682,xxx
50683,xxx
50684,xxx
50685,xxx
50686,xxx
50687,xxx
50688,xxx
50689,xxx
50690,xxx
50691,xxx
50692,xxx
50693,xxx
50694,xxx
50695,xxx
50696,xxx
50697,xxx
50698,xxx
50699,xxx
50700,xxx
50701,xxx
50702,xxx
50703,xxx
50704,xxx
50705,xxx
50706,xxx
50707,xxx
50708,xxx
50709,xxx
50710,xxx
50711,xxx
50712,xxx
50713,xxx
50714,xxx
50715,xxx
50716,xxx
50717,xxx
50718,xxx
50719,xxx
50720,xxx
50721,xxx
50722,xxx
50723,xxx
50724,xxx
50725,xxx
50726,xxx
50727,xxx
50728,xxx
50729,xxx
50730,xxx
50731,xxx
50732,xxx
50733,xxx
50734,xxx
50735,xxx
50736,xxx
50737,xxx
50738,xxx
50739,xxx
50740,xxx
50741,xxx
50742,xxx
50743,xxx
50744,xxx
50745,xxx
50746,xxx
50747,xxx
50748,xxx
50749,xxx
50750,xxx
50751,xxx
50752,xxx
50753,xxx
50754,xxx
50755,xxx
50756,xxx
50757,xxx
50758,xxx
50759,xxx
50760,xxx
50761,xxx
50762,xxx
50763,xxx
50764,xxx
50765,xxx
50766,xxx
50767,xxx
50768,xxx
50769,xxx
50770,xxx
50771,xxx
50772,xxx
50773,xxx
50774,xxx
50775,xxx
50776,xxx
50777,xxx
50778,xxx
50779,xxx
50780,xxx
50781,xxx
50782,xxx
50783,xxx
50784,xxx
50785,xxx
50786,xxx
50787,xxx
50788,xxx
50789,xxx
50790,xxx
50791,xxx
50792,xxx
50793,xxx
50794,xxx
50795,xxx
50796,xxx
50797,xxx
50798,xxx
50799,xxx
50800,xxx
50801,xxx
50802,xxx
50803,xxx
50804,xxx
50805,xxx
50806,xxx
50807,xxx
50808,xxx
50809,xxx
50810,xxx
50811,xxx
50812,xxx
50813,xxx
50814,xxx
50815,xxx
50816,xxx
50817,xxx
50818,xxx
50819,xxx
50820,xxx
50821,xxx
50822,xxx
50823,xxx
50824,xxx
50825,xxx
50826,xxx
50827,xxx
50828,xxx
50829,xxx
50830,xxx
50831,xxx
50832,xxx
50833,xxx
50834,xxx
50835,xxx
50836,xxx
50837,xxx
50838,xxx
50839,xxx
50840,xxx
50841,xxx
50842,xxx
50843,xxx
50844,xxx
50845,xxx
50846,xxx
50847,xxx
50848,xxx
50849,xxx
50850,xxx
50851,xxx
50852,xxx
50853,xxx
50854,xxx
50855,xxx
50856,xxx
50857,xxx
50858,xxx
50859,xxx
50860,xxx
50861,xxx
50862,xxx
50863,xxx
50864,xxx
50865,xxx
50866,xxx
50867,xxx
50868,xxx
50869,xxx
50870,xxx
50871,xxx
50872,xxx
50873,xxx
50874,xxx
50875,xxx
50876,xxx
50877,xxx
50878,xxx
50879,xxx
50880,xxx
50881,xxx
50882,xxx
50883,xxx
50884,xxx
50885,xxx
50886,xxx
50887,xxx
50888,xxx
50889,xxx
50890,xxx
50891,xxx
50892,xxx
50893,xxx
50894,xxx
50895,xxx
50896,xxx
50897,xxx
50898,xxx
50899,xxx
50900,xxx
50901,xxx
50902,xxx
50903,xxx
50904,xxx
50905,xxx
50906,xxx
50907,xxx
50908,xxx
50909,xxx
50910,xxx
50911,xxx
50912,xxx
50913,xxx
50914,xxx
50915,xxx
50916,xxx
50917,xxx
50918,xxx
50919,xxx
50920,xxx
50921,xxx
50922,xxx
50923,xxx
50924,xxx
50925,xxx
50926,xxx
50927,xxx
50928,xxx
50929,xxx
50930,xxx
50931,xxx
50932,xxx
50933,xxx
50934,xxx
50935,xxx
50936,xxx
50937,xxx
50938,xxx
50939,xxx
50940,xxx
50941,xxx
50942,xxx
50943,xxx
50944,xxx
50945,xxx
50946,xxx
50947,xxx
50948,xxx
50949,xxx
50950,xxx
50951,xxx
50952,xxx
50953,xxx
50954,xxx
50955,xxx
50956,xxx
50957,xxx
50958,xxx
50959,xxx
50960,xxx
50961,xxx
50962,xxx
50963,xxx
50964,xxx
50965,xxx
50966,xxx
50967,xxx
50968,xxx
50969,xxx
50970,xxx
50971,xxx
50972,xxx
50973,xxx
50974,xxx
50975,xxx
50976,xxx
50977,xxx
50978,xxx
50979,xxx
50980,xxx
50981,xxx
50982,xxx
50983,xxx
50984,xxx
50985,xxx
50986,xxx
50987,xxx
50988,xxx
50989,xxx
50990,xxx
50991,xxx
50992,xxx
50993,xxx
50994,xxx
50995,xxx
50996,xxx
50997,xxx
50998,xxx
50999,xxx
51000,xxx
51001,xxx
51002,xxx
51003,xxx
51004,xxx
51005,xxx
51006,xxx
51007,xxx
51008,xxx
51009,xxx
51010,xxx
51011,xxx
51012,xxx
51013,xxx
51014,xxx
51015,xxx
51016,xxx
51017,xxx
51018,xxx
51019,xxx
51020,xxx
51021,xxx
51022,xxx
51023,xxx
51024,xxx
51025,xxx
51026,xxx
51027,xxx
51028,xxx
51029,xxx
51030,xxx
51031,xxx
51032,xxx
51033,xxx
51034,xxx
51035,xxx
51036,xxx
51037,xxx
51038,xxx
51039,xxx
51040,xxx
51041,xxx
51042,xxx
51043,xxx
51044,xxx
51045,xxx
51046,xxx
51047,xxx
51048,xxx
51049,xxx
51050,xxx
51051,xxx
51052,xxx
51053,xxx
51054,xxx
51055,xxx
51056,xxx
51057,xxx
51058,xxx
51059,xxx
51060,xxx
51061,xxx
51062,xxx
51063,xxx
51064,xxx
51065,xxx
51066,xxx
51067,xxx
51068,xxx
51069,xxx
51070,xxx
51071,xxx
51072,xxx
51073,xxx
51074,xxx
51075,xxx
51076,xxx
51077,xxx
51078,xxx
51079,xxx
51080,xxx
51081,xxx
51082,xxx
51083,xxx
51084,xxx
51085,xxx
51086,xxx
51087,xxx
51088,xxx
51089,xxx
51090,xxx
51091,xxx
51092,xxx
51093,xxx
51094,xxx
51095,xxx
51096,xxx
51097,xxx
51098,xxx
51099,xxx
51100,xxx
51101,xxx
51102,xxx
51103,xxx
51104,xxx
51105,xxx
51106,xxx
51107,xxx
51108,xxx
51109,xxx
51110,xxx
51111,xxx
51112,xxx
51113,xxx
51114,xxx
51115,xxx
51116,xxx
51117,xxx
51118,xxx
51119,xxx
51120,xxx
51121,xxx
51122,xxx
51123,xxx
51124,xxx
51125,xxx
51126,xxx
51127,xxx
51128,xxx
51129,xxx
51130,xxx
51131,xxx
51132,xxx
51133,xxx
51134,xxx
51135,xxx
51136,xxx
51137,xxx
51138,xxx
51139,xxx
51140,xxx
51141,xxx
51142,xxx
51143,xxx
51144,xxx
51145,xxx
51146,xxx
51147,xxx
51148,xxx
51149,xxx
51150,xxx
51151,xxx
51152,xxx
51153,xxx
51154,xxx
51155,xxx
51156,xxx
51157,xxx
51158,xxx
51159,xxx
51160,xxx
51161,xxx
51162,xxx
51163,xxx
51164,xxx
51165,xxx
51166,xxx
51167,xxx
51168,xxx
51169,xxx
51170,xxx
51171,xxx
51172,xxx
51173,xxx
51174,xxx
51175,xxx
51176,xxx
51177,xxx
51178,xxx
51179,xxx
51180,xxx
51181,xxx
51182,xxx
51183,xxx
51184,xxx
51185,xxx
51186,xxx
51187,xxx
51188,xxx
51189,xxx
51190,xxx
51191,xxx
51192,xxx
51193,xxx
51194,xxx
51195,xxx
51196,xxx
51197,xxx
51198,xxx
51199,xxx
51200,xxx
51201,xxx
51202,xxx
51203,xxx
51204,xxx
51205,xxx
51206,xxx
51207,xxx
51208,xxx
51209,xxx
51210,xxx
51211,xxx
51212,xxx
51213,xxx
51214,xxx
51215,xxx
51216,xxx
51217,xxx
51218,xxx
51219,xxx
51220,xxx
51221,xxx
51222,xxx
51223,xxx
51224,xxx
51225,xxx
51226,xxx
51227,xxx
51228,xxx
51229,xxx
51230,xxx
51231,xxx
51232,xxx
51233,xxx
51234,xxx
51235,xxx
51236,xxx
51237,xxx
51238,xxx
51239,xxx
51240,xxx
51241,xxx
51242,xxx
51243,xxx
51244,xxx
51245,xxx
51246,xxx
51247,xxx
51248,xxx
51249,xxx
51250,xxx
51251,xxx
51252,xxx
51253,xxx
51254,xxx
51255,xxx
51256,xxx
51257,xxx
51258,xxx
51259,xxx
51260,xxx
51261,xxx
51262,xxx
51263,xxx
51264,xxx
51265,xxx
51266,xxx
51267,xxx
51268,xxx
51269,xxx
51270,xxx
51271,xxx
51272,xxx
51273,xxx
51274,xxx
51275,xxx
51276,xxx
51277,xxx
51278,xxx
51279,xxx
51280,xxx
51281,xxx
51282,xxx
51283,xxx
51284,xxx
51285,xxx
51286,xxx
51287,xxx
51288,xxx
51289,xxx
51290,xxx
51291,xxx
51292,xxx
51293,xxx
51294,xxx
51295,xxx
51296,xxx
51297,xxx
51298,xxx
51299,xxx
51300,xxx
51301,xxx
51302,xxx
51303,xxx
51304,xxx
51305,xxx
51306,xxx
51307,xxx
51308,xxx
51309,xxx
51310,xxx
51311,xxx
51312,xxx
51313,xxx
51314,xxx
51315,xxx
51316,xxx
51317,xxx
51318,xxx
51319,xxx
51320,xxx
51321,xxx
51322,xxx
51323,xxx
51324,xxx
51325,xxx
51326,xxx
51327,xxx
51328,xxx
51329,xxx
51330,xxx
51331,xxx
51332,xxx
51333,xxx
51334,xxx
51335,xxx
51336,xxx
51337,xxx
51338,xxx
51339,xxx
51340,xxx
51341,xxx
51342,xxx
51343,xxx
51344,xxx
51345,xxx
51346,xxx
51347,xxx
51348,xxx
51349,xxx
51350,xxx
51351,xxx
51352,xxx
51353,xxx
51354,xxx
51355,xxx
51356,xxx
51357,xxx
51358,xxx
51359,xxx
51360,xxx
51361,xxx
51362,xxx
51363,xxx
51364,xxx
51365,xxx
51366,xxx
51367,xxx
51368,xxx
51369,xxx
51370,xxx
51371,xxx
51372,xxx
51373,xxx
51374,xxx
51375,xxx
51376,xxx
51377,xxx
51378,xxx
51379,xxx
51380,xxx
51381,xxx
51382,xxx
51383,xxx
51384,xxx
51385,xxx
51386,xxx
51387,xxx
51388,xxx
51389,xxx
51390,xxx
51391,xxx
51392,xxx
51393,xxx
51394,xxx
51395,xxx
51396,xxx
51397,xxx
51398,xxx
51399,xxx
51400,xxx
51401,xxx
51402,xxx
51403,xxx
51404,xxx
51405,xxx
51406,xxx
51407,xxx
51408,xxx
51409,xxx
51410,xxx
51411,xxx
51412,xxx
51413,xxx
51414,xxx
51415,xxx
51416,xxx
51417,xxx
51418,xxx
51419,xxx
51420,xxx
51421,xxx
51422,xxx
51423,xxx
51424,xxx
51425,xxx
51426,xxx
51427,xxx
51428,xxx
51429,xxx
51430,xxx
51431,xxx
51432,xxx
51433,xxx
51434,xxx
51435,xxx
51436,xxx
51437,xxx
51438,xxx
51439,xxx
51440,xxx
51441,xxx
51442,xxx
51443,xxx
51444,xxx
51445,xxx
51446,xxx
51447,xxx
51448,xxx
51449,xxx
51450,xxx
51451,xxx
51452,xxx
51453,xxx
51454,xxx
51455,xxx
51456,xxx
51457,xxx
51458,xxx
51459,xxx
51460,xxx
51461,xxx
51462,xxx
51463,xxx
51464,xxx
51465,xxx
51466,xxx
51467,xxx
51468,xxx
51469,xxx
51470,xxx
51471,xxx
51472,xxx
51473,xxx
51474,xxx
51475,xxx
51476,xxx
51477,xxx
51478,xxx
51479,xxx
51480,xxx
51481,xxx
51482,xxx
51483,xxx
51484,xxx
51485,xxx
51486,xxx
51487,xxx
51488,xxx
51489,xxx
51490,xxx
51491,xxx
51492,xxx
51493,xxx
51494,xxx
51495,xxx
51496,xxx
51497,xxx
51498,xxx
51499,xxx
51500,xxx
51501,xxx
51502,xxx
51503,xxx
51504,xxx
51505,xxx
51506,xxx
51507,xxx
51508,xxx
51509,xxx
51510,xxx
51511,xxx
51512,xxx
51513,xxx
51514,xxx
51515,xxx
51516,xxx
51517,xxx
51518,xxx
51519,xxx
51520,xxx
51521,xxx
51522,xxx
51523,xxx
51524,xxx
51525,xxx
51526,xxx
51527,xxx
51528,xxx
51529,xxx
51530,xxx
51531,xxx
51532,xxx
51533,xxx
51534,xxx
51535,xxx
51536,xxx
51537,xxx
51538,xxx
51539,xxx
51540,xxx
51541,xxx
51542,xxx
51543,xxx
51544,xxx
51545,xxx
51546,xxx
51547,xxx
51548,xxx
51549,xxx
51550,xxx
51551,xxx
51552,xxx
51553,xxx
51554,xxx
51555,xxx
51556,xxx
51557,xxx
51558,xxx
51559,xxx
51560,xxx
51561,xxx
51562,xxx
51563,xxx
51564,xxx
51565,xxx
51566,xxx
51567,xxx
51568,xxx
51569,xxx
51570,xxx
51571,xxx
51572,xxx
51573,xxx
51574,xxx
51575,xxx
51576,xxx
51577,xxx
51578,xxx
51579,xxx
51580,xxx
51581,xxx
51582,xxx
51583,xxx
51584,xxx
51585,xxx
51586,xxx
51587,xxx
51588,xxx
51589,xxx
51590,xxx
51591,xxx
51592,xxx
51593,xxx
51594,xxx
51595,xxx
51596,xxx
51597,xxx
51598,xxx
51599,xxx
51600,xxx
51601,xxx
51602,xxx
51603,xxx
51604,xxx
51605,xxx
51606,xxx
51607,xxx
51608,xxx
51609,xxx
51610,xxx
51611,xxx
51612,xxx
51613,xxx
51614,xxx
51615,xxx
51616,xxx
51617,xxx
51618,xxx
51619,xxx
51620,xxx
51621,xxx
51622,xxx
51623,xxx
51624,xxx
51625,xxx
51626,xxx
51627,xxx
51628,xxx
51629,xxx
51630,xxx
51631,xxx
51632,xxx
51633,xxx
51634,xxx
51635,xxx
51636,xxx
51637,xxx
51638,xxx
51639,xxx
51640,xxx
51641,xxx
51642,xxx
51643,xxx
51644,xxx
51645,xxx
51646,xxx
51647,xxx
51648,xxx
51649,xxx
51650,xxx
51651,xxx
51652,xxx
51653,xxx
51654,xxx
51655,xxx
51656,xxx
51657,xxx
51658,xxx
51659,xxx
51660,xxx
51661,xxx
51662,xxx
51663,xxx
51664,xxx
51665,xxx
51666,xxx
51667,xxx
51668,xxx
51669,xxx
51670,xxx
51671,xxx
51672,xxx
51673,xxx
51674,xxx
51675,xxx
51676,xxx
51677,xxx
51678,xxx
51679,xxx
51680,xxx
51681,xxx
51682,xxx
51683,xxx
51684,xxx
51685,xxx
51686,xxx
51687,xxx
51688,xxx
51689,xxx
51690,xxx
51691,xxx
51692,xxx
51693,xxx
51694,xxx
51695,xxx
51696,xxx
51697,xxx
51698,xxx
51699,xxx
51700,xxx
51701,xxx
51702,xxx
51703,xxx
51704,xxx
51705,xxx
51706,xxx
51707,xxx
51708,xxx
51709,xxx
51710,xxx
51711,xxx
51712,xxx
51713,xxx
51714,xxx
51715,xxx
51716,xxx
51717,xxx
51718,xxx
51719,xxx
51720,xxx
51721,xxx
51722,xxx
51723,xxx
51724,xxx
51725,xxx
51726,xxx
51727,xxx
51728,xxx
51729,xxx
51730,xxx
51731,xxx
51732,xxx
51733,xxx
51734,xxx
51735,xxx
51736,xxx
51737,xxx
51738,xxx
51739,xxx
51740,xxx
51741,xxx
51742,xxx
51743,xxx
51744,xxx
51745,xxx
51746,xxx
51747,xxx
51748,xxx
51749,xxx
51750,xxx
51751,xxx
51752,xxx
51753,xxx
51754,xxx
51755,xxx
51756,xxx
51757,xxx
51758,xxx
51759,xxx
51760,xxx
51761,xxx
51762,xxx
51763,xxx
51764,xxx
51765,xxx
51766,xxx
51767,xxx
51768,xxx
51769,xxx
51770,xxx
51771,xxx
51772,xxx
51773,xxx
51774,xxx
51775,xxx
51776,xxx
51777,xxx
51778,xxx
51779,xxx
51780,xxx
51781,xxx
51782,xxx
51783,xxx
51784,xxx
51785,xxx
51786,xxx
51787,xxx
51788,xxx
51789,xxx
51790,xxx
51791,xxx
51792,xxx
51793,xxx
51794,xxx
51795,xxx
51796,xxx
51797,xxx
51798,xxx
51799,xxx
51800,xxx
51801,xxx
51802,xxx
51803,xxx
51804,xxx
51805,xxx
51806,xxx
51807,xxx
51808,xxx
51809,xxx
51810,xxx
51811,xxx
51812,xxx
51813,xxx
51814,xxx
51815,xxx
51816,xxx
51817,xxx
51818,xxx
51819,xxx
51820,xxx
51821,xxx
51822,xxx
51823,xxx
51824,xxx
51825,xxx
51826,xxx
51827,xxx
51828,xxx
51829,xxx
51830,xxx
51831,xxx
51832,xxx
51833,xxx
51834,xxx
51835,xxx
51836,xxx
51837,xxx
51838,xxx
51839,xxx
51840,xxx
51841,xxx
51842,xxx
51843,xxx
51844,xxx
51845,xxx
51846,xxx
51847,xxx
51848,xxx
51849,xxx
51850,xxx
51851,xxx
51852,xxx
51853,xxx
51854,xxx
51855,xxx
51856,xxx
51857,xxx
51858,xxx
51859,xxx
51860,xxx
51861,xxx
51862,xxx
51863,xxx
51864,xxx
51865,xxx
51866,xxx
51867,xxx
51868,xxx
51869,xxx
51870,xxx
51871,xxx
51872,xxx
51873,xxx
51874,xxx
51875,xxx
51876,xxx
51877,xxx
51878,xxx
51879,xxx
51880,xxx
51881,xxx
51882,xxx
51883,xxx
51884,xxx
51885,xxx
51886,xxx
51887,xxx
51888,xxx
51889,xxx
51890,xxx
51891,xxx
51892,xxx
51893,xxx
51894,xxx
51895,xxx
51896,xxx
51897,xxx
51898,xxx
51899,xxx
51900,xxx
51901,xxx
51902,xxx
51903,xxx
51904,xxx
51905,xxx
51906,xxx
51907,xxx
51908,xxx
51909,xxx
51910,xxx
51911,xxx
51912,xxx
51913,xxx
51914,xxx
51915,xxx
51916,xxx
51917,xxx
51918,xxx
51919,xxx
51920,xxx
51921,xxx
51922,xxx
51923,xxx
51924,xxx
51925,xxx
51926,xxx
51927,xxx
51928,xxx
51929,xxx
51930,xxx
51931,xxx
51932,xxx
51933,xxx
51934,xxx
51935,xxx
51936,xxx
51937,xxx
51938,xxx
51939,xxx
51940,xxx
51941,xxx
51942,xxx
51943,xxx
51944,xxx
51945,xxx
51946,xxx
51947,xxx
51948,xxx
51949,xxx
51950,xxx
51951,xxx
51952,xxx
51953,xxx
51954,xxx
51955,xxx
51956,xxx
51957,xxx
51958,xxx
51959,xxx
51960,xxx
51961,xxx
51962,xxx
51963,xxx
51964,xxx
51965,xxx
51966,xxx
51967,xxx
51968,xxx
51969,xxx
51970,xxx
51971,xxx
51972,xxx
51973,xxx
51974,xxx
51975,xxx
51976,xxx
51977,xxx
51978,xxx
51979,xxx
51980,xxx
51981,xxx
51982,xxx
51983,xxx
51984,xxx
51985,xxx
51986,xxx
51987,xxx
51988,xxx
51989,xxx
51990,xxx
51991,xxx
51992,xxx
51993,xxx
51994,xxx
51995,xxx
51996,xxx
51997,xxx
51998,xxx
51999,xxx
52000,xxx
52001,xxx
52002,xxx
52003,xxx
52004,xxx
52005,xxx
52006,xxx
52007,xxx
52008,xxx
52009,xxx
52010,xxx
52011,xxx
52012,xxx
52013,xxx
52014,xxx
52015,xxx
52016,xxx
52017,xxx
52018,xxx
52019,xxx
52020,xxx
52021,xxx
52022,xxx
52023,xxx
52024,xxx
52025,xxx
52026,xxx
52027,xxx
52028,xxx
52029,xxx
52030,xxx
52031,xxx
52032,xxx
52033,xxx
52034,xxx
52035,xxx
52036,xxx
52037,xxx
52038,xxx
52039,xxx
52040,xxx
52041,xxx
52042,xxx
52043,xxx
52044,xxx
52045,xxx
52046,xxx
52047,xxx
52048,xxx
52049,xxx
52050,xxx
52051,xxx
52052,xxx
52053,xxx
52054,xxx
52055,xxx
52056,xxx
52057,xxx
52058,xxx
52059,xxx
52060,xxx
52061,xxx
52062,xxx
52063,xxx
52064,xxx
52065,xxx
52066,xxx
52067,xxx
52068,xxx
52069,xxx
52070,xxx
52071,xxx
52072,xxx
52073,xxx
52074,xxx
52075,xxx
52076,xxx
52077,xxx
52078,xxx
52079,xxx
52080,xxx
52081,xxx
52082,xxx
52083,xxx
52084,xxx
52085,xxx
52086,xxx
52087,xxx
52088,xxx
52089,xxx
52090,xxx
52091,xxx
52092,xxx
52093,xxx
52094,xxx
52095,xxx
52096,xxx
52097,xxx
52098,xxx
52099,xxx
52100,xxx
52101,xxx
52102,xxx
52103,xxx
52104,xxx
52105,xxx
52106,xxx
52107,xxx
52108,xxx
52109,xxx
52110,xxx
52111,xxx
52112,xxx
52113,xxx
52114,xxx
52115,xxx
52116,xxx
52117,xxx
52118,xxx
52119,xxx
52120,xxx
52121,xxx
52122,xxx
52123,xxx
52124,xxx
52125,xxx
52126,xxx
52127,xxx
52128,xxx
52129,xxx
52130,xxx
52131,xxx
52132,xxx
52133,xxx
52134,xxx
52135,xxx
52136,xxx
52137,xxx
52138,xxx
52139,xxx
52140,xxx
52141,xxx
52142,xxx
52143,xxx
52144,xxx
52145,xxx
52146,xxx
52147,xxx
52148,xxx
52149,xxx
52150,xxx
52151,xxx
52152,xxx
52153,xxx
52154,xxx
52155,xxx
52156,xxx
52157,xxx
52158,xxx
52159,xxx
52160,xxx
52161,xxx
52162,xxx
52163,xxx
52164,xxx
52165,xxx
52166,xxx
52167,xxx
52168,xxx
52169,xxx
52170,xxx
52171,xxx
52172,xxx
52173,xxx
52174,xxx
52175,xxx
52176,xxx
52177,xxx
52178,xxx
52179,xxx
52180,xxx
52181,xxx
52182,xxx
52183,xxx
52184,xxx
52185,xxx
52186,xxx
52187,xxx
52188,xxx
52189,xxx
52190,xxx
52191,xxx
52192,xxx
52193,xxx
52194,xxx
52195,xxx
52196,xxx
52197,xxx
52198,xxx
52199,xxx
52200,xxx
52201,xxx
52202,xxx
52203,xxx
52204,xxx
52205,xxx
52206,xxx
52207,xxx
52208,xxx
52209,xxx
52210,xxx
52211,xxx
52212,xxx
52213,xxx
52214,xxx
52215,xxx
52216,xxx
52217,xxx
52218,xxx
52219,xxx
52220,xxx
52221,xxx
52222,xxx
52223,xxx
52224,xxx
52225,xxx
52226,xxx
52227,xxx
52228,xxx
52229,xxx
52230,xxx
52231,xxx
52232,xxx
52233,xxx
52234,xxx
52235,xxx
52236,xxx
52237,xxx
52238,xxx
52239,xxx
52240,xxx
52241,xxx
52242,xxx
52243,xxx
52244,xxx
52245,xxx
52246,xxx
52247,xxx
52248,xxx
52249,xxx
52250,xxx
52251,xxx
52252,xxx
52253,xxx
52254,xxx
52255,xxx
52256,xxx
52257,xxx
52258,xxx
52259,xxx
52260,xxx
52261,xxx
52262,xxx
52263,xxx
52264,xxx
52265,xxx
52266,xxx
52267,xxx
52268,xxx
52269,xxx
52270,xxx
52271,xxx
52272,xxx
52273,xxx
52274,xxx
52275,xxx
52276,xxx
52277,xxx
52278,xxx
52279,xxx
52280,xxx
52281,xxx
52282,xxx
52283,xxx
52284,xxx
52285,xxx
52286,xxx
52287,xxx
52288,xxx
52289,xxx
52290,xxx
52291,xxx
52292,xxx
52293,xxx
52294,xxx
52295,xxx
52296,xxx
52297,xxx
52298,xxx
52299,xxx
52300,xxx
52301,xxx
52302,xxx
52303,xxx
52304,xxx
52305,xxx
52306,xxx
52307,xxx
52308,xxx
52309,xxx
52310,xxx
52311,xxx
52312,xxx
52313,xxx
52314,xxx
52315,xxx
52316,xxx
52317,xxx
52318,xxx
52319,xxx
52320,xxx
52321,xxx
52322,xxx
52323,xxx
52324,xxx
52325,xxx
52326,xxx
52327,xxx
52328,xxx
52329,xxx
52330,xxx
52331,xxx
52332,xxx
52333,xxx
52334,xxx
52335,xxx
52336,xxx
52337,xxx
52338,xxx
52339,xxx
52340,xxx
52341,xxx
52342,xxx
52343,xxx
52344,xxx
52345,xxx
52346,xxx
52347,xxx
52348,xxx
52349,xxx
52350,xxx
52351,xxx
52352,xxx
52353,xxx
52354,xxx
52355,xxx
52356,xxx
52357,xxx
52358,xxx
52359,xxx
52360,xxx
52361,xxx
52362,xxx
52363,xxx
52364,xxx
52365,xxx
52366,xxx
52367,xxx
52368,xxx
52369,xxx
52370,xxx
52371,xxx
52372,xxx
52373,xxx
52374,xxx
52375,xxx
52376,xxx
52377,xxx
52378,xxx
52379,xxx
52380,xxx
52381,xxx
52382,xxx
52383,xxx
52384,xxx
52385,xxx
52386,xxx
52387,xxx
52388,xxx
52389,xxx
52390,xxx
52391,xxx
52392,xxx
52393,xxx
52394,xxx
52395,xxx
52396,xxx
52397,xxx
52398,xxx
52399,xxx
52400,xxx
52401,xxx
52402,xxx
52403,xxx
52404,xxx
52405,xxx
52406,xxx
52407,xxx
52408,xxx
52409,xxx
52410,xxx
52411,xxx
52412,xxx
52413,xxx
52414,xxx
52415,xxx
52416,xxx
52417,xxx
52418,xxx
52419,xxx
52420,xxx
52421,xxx
52422,xxx
52423,xxx
52424,xxx
52425,xxx
52426,xxx
52427,xxx
52428,xxx
52429,xxx
52430,xxx
52431,xxx
52432,xxx
52433,xxx
52434,xxx
52435,xxx
52436,xxx
52437,xxx
52438,xxx
52439,xxx
52440,xxx
52441,xxx
52442,xxx
52443,xxx
52444,xxx
52445,xxx
52446,xxx
52447,xxx
52448,xxx
52449,xxx
52450,xxx
52451,xxx
52452,xxx
52453,xxx
52454,xxx
52455,xxx
52456,xxx
52457,xxx
52458,xxx
52459,xxx
52460,xxx
52461,xxx
52462,xxx
52463,xxx
52464,xxx
52465,xxx
52466,xxx
52467,xxx
52468,xxx
52469,xxx
52470,xxx
52471,xxx
52472,xxx
52473,xxx
52474,xxx
52475,xxx
52476,xxx
52477,xxx
52478,xxx
52479,xxx
52480,xxx
52481,xxx
52482,xxx
52483,xxx
52484,xxx
52485,xxx
52486,xxx
52487,xxx
52488,xxx
52489,xxx
52490,xxx
52491,xxx
52492,xxx
52493,xxx
52494,xxx
52495,xxx
52496,xxx
52497,xxx
52498,xxx
52499,xxx
52500,xxx
52501,xxx
52502,xxx
52503,xxx
52504,xxx
52505,xxx
52506,xxx
52507,xxx
52508,xxx
52509,xxx
52510,xxx
52511,xxx
52512,xxx
52513,xxx
52514,xxx
52515,xxx
52516,xxx
52517,xxx
52518,xxx
52519,xxx
52520,xxx
52521,xxx
52522,xxx
52523,xxx
52524,xxx
52525,xxx
52526,xxx
52527,xxx
52528,xxx
52529,xxx
52530,xxx
52531,xxx
52532,xxx
52533,xxx
52534,xxx
52535,xxx
52536,xxx
52537,xxx
52538,xxx
52539,xxx
52540,xxx
52541,xxx
52542,xxx
52543,xxx
52544,xxx
52545,xxx
52546,xxx
52547,xxx
52548,xxx
52549,xxx
52550,xxx
52551,xxx
52552,xxx
52553,xxx
52554,xxx
52555,xxx
52556,xxx
52557,xxx
52558,xxx
52559,xxx
52560,xxx
52561,xxx
52562,xxx
52563,xxx
52564,xxx
52565,xxx
52566,xxx
52567,xxx
52568,xxx
52569,xxx
52570,xxx
52571,xxx
52572,xxx
52573,xxx
52574,xxx
52575,xxx
52576,xxx
52577,xxx
52578,xxx
52579,xxx
52580,xxx
52581,xxx
52582,xxx
52583,xxx
52584,xxx
52585,xxx
52586,xxx
52587,xxx
52588,xxx
52589,xxx
52590,xxx
52591,xxx
52592,xxx
52593,xxx
52594,xxx
52595,xxx
52596,xxx
52597,xxx
52598,xxx
52599,xxx
52600,xxx
52601,xxx
52602,xxx
52603,xxx
52604,xxx
52605,xxx
52606,xxx
52607,xxx
52608,xxx
52609,xxx
52610,xxx
52611,xxx
52612,xxx
52613,xxx
52614,xxx
52615,xxx
52616,xxx
52617,xxx
52618,xxx
52619,xxx
52620,xxx
52621,xxx
52622,xxx
52623,xxx
52624,xxx
52625,xxx
52626,xxx
52627,xxx
52628,xxx
52629,xxx
52630,xxx
52631,xxx
52632,xxx
52633,xxx
52634,xxx
52635,xxx
52636,xxx
52637,xxx
52638,xxx
52639,xxx
52640,xxx
52641,xxx
52642,xxx
52643,xxx
52644,xxx
52645,xxx
52646,xxx
52647,xxx
52648,xxx
52649,xxx
52650,xxx
52651,xxx
52652,xxx
52653,xxx
52654,xxx
52655,xxx
52656,xxx
52657,xxx
52658,xxx
52659,xxx
52660,xxx
52661,xxx
52662,xxx
52663,xxx
52664,xxx
52665,xxx
52666,xxx
52667,xxx
52668,xxx
52669,xxx
52670,xxx
52671,xxx
52672,xxx
52673,xxx
52674,xxx
52675,xxx
52676,xxx
52677,xxx
52678,xxx
52679,xxx
52680,xxx
52681,xxx
52682,xxx
52683,xxx
52684,xxx
52685,xxx
52686,xxx
52687,xxx
52688,xxx
52689,xxx
52690,xxx
52691,xxx
52692,xxx
52693,xxx
52694,xxx
52695,xxx
52696,xxx
52697,xxx
52698,xxx
52699,xxx
52700,xxx
52701,xxx
52702,xxx
52703,xxx
52704,xxx
52705,xxx
52706,xxx
52707,xxx
52708,xxx
52709,xxx
52710,xxx
52711,xxx
52712,xxx
52713,xxx
52714,xxx
52715,xxx
52716,xxx
52717,xxx
52718,xxx
52719,xxx
52720,xxx
52721,xxx
52722,xxx
52723,xxx
52724,xxx
52725,xxx
52726,xxx
52727,xxx
52728,xxx
52729,xxx
52730,xxx
52731,xxx
52732,xxx
52733,xxx
52734,xxx
52735,xxx
52736,xxx
52737,xxx
52738,xxx
52739,xxx
52740,xxx
52741,xxx
52742,xxx
52743,xxx
52744,xxx
52745,xxx
52746,xxx
52747,xxx
52748,xxx
52749,xxx
52750,xxx
52751,xxx
52752,xxx
52753,xxx
52754,xxx
52755,xxx
52756,xxx
52757,xxx
52758,xxx
52759,xxx
52760,xxx
52761,xxx
52762,xxx
52763,xxx
52764,xxx
52765,xxx
52766,xxx
52767,xxx
52768,xxx
52769,xxx
52770,xxx
52771,xxx
52772,xxx
52773,xxx
52774,xxx
52775,xxx
52776,xxx
52777,xxx
52778,xxx
52779,xxx
52780,xxx
52781,xxx
52782,xxx
52783,xxx
52784,xxx
52785,xxx
52786,xxx
52787,xxx
52788,xxx
52789,xxx
52790,xxx
52791,xxx
52792,xxx
52793,xxx
52794,xxx
52795,xxx
52796,xxx
52797,xxx
52798,xxx
52799,xxx
52800,xxx
52801,xxx
52802,xxx
52803,xxx
52804,xxx
52805,xxx
52806,xxx
52807,xxx
52808,xxx
52809,xxx
52810,xxx
52811,xxx
52812,xxx
52813,xxx
52814,xxx
52815,xxx
52816,xxx
52817,xxx
52818,xxx
52819,xxx
52820,xxx
52821,xxx
52822,xxx
52823,xxx
52824,xxx
52825,xxx
52826,xxx
52827,xxx
52828,xxx
52829,xxx
52830,xxx
52831,xxx
52832,xxx
52833,xxx
52834,xxx
52835,xxx
52836,xxx
52837,xxx
52838,xxx
52839,xxx
52840,xxx
52841,xxx
52842,xxx
52843,xxx
52844,xxx
52845,xxx
52846,xxx
52847,xxx
52848,xxx
52849,xxx
52850,xxx
52851,xxx
52852,xxx
52853,xxx
52854,xxx
52855,xxx
52856,xxx
52857,xxx
52858,xxx
52859,xxx
52860,xxx
52861,xxx
52862,xxx
52863,xxx
52864,xxx
52865,xxx
52866,xxx
52867,xxx
52868,xxx
52869,xxx
52870,xxx
52871,xxx
52872,xxx
52873,xxx
52874,xxx
52875,xxx
52876,xxx
52877,xxx
52878,xxx
52879,xxx
52880,xxx
52881,xxx
52882,xxx
52883,xxx
52884,xxx
52885,xxx
52886,xxx
52887,xxx
52888,xxx
52889,xxx
52890,xxx
52891,xxx
52892,xxx
52893,xxx
52894,xxx
52895,xxx
52896,xxx
52897,xxx
52898,xxx
52899,xxx
52900,xxx
52901,xxx
52902,xxx
52903,xxx
52904,xxx
52905,xxx
52906,xxx
52907,xxx
52908,xxx
52909,xxx
52910,xxx
52911,xxx
52912,xxx
52913,xxx
52914,xxx
52915,xxx
52916,xxx
52917,xxx
52918,xxx
52919,xxx
52920,xxx
52921,xxx
52922,xxx
52923,xxx
52924,xxx
52925,xxx
52926,xxx
52927,xxx
52928,xxx
52929,xxx
52930,xxx
52931,xxx
52932,xxx
52933,xxx
52934,xxx
52935,xxx
52936,xxx
52937,xxx
52938,xxx
52939,xxx
52940,xxx
52941,xxx
52942,xxx
52943,xxx
52944,xxx
52945,xxx
52946,xxx
52947,xxx
52948,xxx
52949,xxx
52950,xxx
52951,xxx
52952,xxx
52953,xxx
52954,xxx
52955,xxx
52956,xxx
52957,xxx
52958,xxx
52959,xxx
52960,xxx
52961,xxx
52962,xxx
52963,xxx
52964,xxx
52965,xxx
52966,xxx
52967,xxx
52968,xxx
52969,xxx
52970,xxx
52971,xxx
52972,xxx
52973,xxx
52974,xxx
52975,xxx
52976,xxx
52977,xxx
52978,xxx
52979,xxx
52980,xxx
52981,xxx
52982,xxx
52983,xxx
52984,xxx
52985,xxx
52986,xxx
52987,xxx
52988,xxx
52989,xxx
52990,xxx
52991,xxx
52992,xxx
52993,xxx
52994,xxx
52995,xxx
52996,xxx
52997,xxx
52998,xxx
52999,xxx
53000,xxx
53001,xxx
53002,xxx
53003,xxx
53004,xxx
53005,xxx
53006,xxx
53007,xxx
53008,xxx
53009,xxx
53010,xxx
53011,xxx
53012,xxx
53013,xxx
53014,xxx
53015,xxx
53016,xxx
53017,xxx
53018,xxx
53019,xxx
53020,xxx
53021,xxx
53022,xxx
53023,xxx
53024,xxx
53025,xxx
53026,xxx
53027,xxx
53028,xxx
53029,xxx
53030,xxx
53031,xxx
53032,xxx
53033,xxx
53034,xxx
53035,xxx
53036,xxx
53037,xxx
53038,xxx
53039,xxx
53040,xxx
53041,xxx
53042,xxx
53043,xxx
53044,xxx
53045,xxx
53046,xxx
53047,xxx
53048,xxx
53049,xxx
53050,xxx
53051,xxx
53052,xxx
53053,xxx
53054,xxx
53055,xxx
53056,xxx
53057,xxx
53058,xxx
53059,xxx
53060,xxx
53061,xxx
53062,xxx
53063,xxx
53064,xxx
53065,xxx
53066,xxx
53067,xxx
53068,xxx
53069,xxx
53070,xxx
53071,xxx
53072,xxx
53073,xxx
53074,xxx
53075,xxx
53076,xxx
53077,xxx
53078,xxx
53079,xxx
53080,xxx
53081,xxx
53082,xxx
53083,xxx
53084,xxx
53085,xxx
53086,xxx
53087,xxx
53088,xxx
53089,xxx
53090,xxx
53091,xxx
53092,xxx
53093,xxx
53094,xxx
53095,xxx
53096,xxx
53097,xxx
53098,xxx
53099,xxx
53100,xxx
53101,xxx
53102,xxx
53103,xxx
53104,xxx
53105,xxx
53106,xxx
53107,xxx
53108,xxx
53109,xxx
53110,xxx
53111,xxx
53112,xxx
53113,xxx
53114,xxx
53115,xxx
53116,xxx
53117,xxx
53118,xxx
53119,xxx
53120,xxx
53121,xxx
53122,xxx
53123,xxx
53124,xxx
53125,xxx
53126,xxx
53127,xxx
53128,xxx
53129,xxx
53130,xxx
53131,xxx
53132,xxx
53133,xxx
53134,xxx
53135,xxx
53136,xxx
53137,xxx
53138,xxx
53139,xxx
53140,xxx
53141,xxx
53142,xxx
53143,xxx
53144,xxx
53145,xxx
53146,xxx
53147,xxx
53148,xxx
53149,xxx
53150,xxx
53151,xxx
53152,xxx
53153,xxx
53154,xxx
53155,xxx
53156,xxx
53157,xxx
53158,xxx
53159,xxx
53160,xxx
53161,xxx
53162,xxx
53163,xxx
53164,xxx
53165,xxx
53166,xxx
53167,xxx
53168,xxx
53169,xxx
53170,xxx
53171,xxx
53172,xxx
53173,xxx
53174,xxx
53175,xxx
53176,xxx
53177,xxx
53178,xxx
53179,xxx
53180,xxx
53181,xxx
53182,xxx
53183,xxx
53184,xxx
53185,xxx
53186,xxx
53187,xxx
53188,xxx
53189,xxx
53190,xxx
53191,xxx
53192,xxx
53193,xxx
53194,xxx
53195,xxx
53196,xxx
53197,xxx
53198,xxx
53199,xxx
53200,xxx
53201,xxx
53202,xxx
53203,xxx
53204,xxx
53205,xxx
53206,xxx
53207,xxx
53208,xxx
53209,xxx
53210,xxx
53211,xxx
53212,xxx
53213,xxx
53214,xxx
53215,xxx
53216,xxx
53217,xxx
53218,xxx
53219,xxx
53220,xxx
53221,xxx
53222,xxx
53223,xxx
53224,xxx
53225,xxx
53226,xxx
53227,xxx
53228,xxx
53229,xxx
53230,xxx
53231,xxx
53232,xxx
53233,xxx
53234,xxx
53235,xxx
53236,xxx
53237,xxx
53238,xxx
53239,xxx
53240,xxx
53241,xxx
53242,xxx
53243,xxx
53244,xxx
53245,xxx
53246,xxx
53247,xxx
53248,xxx
53249,xxx
53250,xxx
53251,xxx
53252,xxx
53253,xxx
53254,xxx
53255,xxx
53256,xxx
53257,xxx
53258,xxx
53259,xxx
53260,xxx
53261,xxx
53262,xxx
53263,xxx
53264,xxx
53265,xxx
53266,xxx
53267,xxx
53268,xxx
53269,xxx
53270,xxx
53271,xxx
53272,xxx
53273,xxx
53274,xxx
53275,xxx
53276,xxx
53277,xxx
53278,xxx
53279,xxx
53280,xxx
53281,xxx
53282,xxx
53283,xxx
53284,xxx
53285,xxx
53286,xxx
53287,xxx
53288,xxx
53289,xxx
53290,xxx
53291,xxx
53292,xxx
53293,xxx
53294,xxx
53295,xxx
53296,xxx
53297,xxx
53298,xxx
53299,xxx
53300,xxx
53301,xxx
53302,xxx
53303,xxx
53304,xxx
53305,xxx
53306,xxx
53307,xxx
53308,xxx
53309,xxx
53310,xxx
53311,xxx
53312,xxx
53313,xxx
53314,xxx
53315,xxx
53316,xxx
53317,xxx
53318,xxx
53319,xxx
53320,xxx
53321,xxx
53322,xxx
53323,xxx
53324,xxx
53325,xxx
53326,xxx
53327,xxx
53328,xxx
53329,xxx
53330,xxx
53331,xxx
53332,xxx
53333,xxx
53334,xxx
53335,xxx
53336,xxx
53337,xxx
53338,xxx
53339,xxx
53340,xxx
53341,xxx
53342,xxx
53343,xxx
53344,xxx
53345,xxx
53346,xxx
53347,xxx
53348,xxx
53349,xxx
53350,xxx
53351,xxx
53352,xxx
53353,xxx
53354,xxx
53355,xxx
53356,xxx
53357,xxx
53358,xxx
53359,xxx
53360,xxx
53361,xxx
53362,xxx
53363,xxx
53364,xxx
53365,xxx
53366,xxx
53367,xxx
53368,xxx
53369,xxx
53370,xxx
53371,xxx
53372,xxx
53373,xxx
53374,xxx
53375,xxx
53376,xxx
53377,xxx
53378,xxx
53379,xxx
53380,xxx
53381,xxx
53382,xxx
53383,xxx
53384,xxx
53385,xxx
53386,xxx
53387,xxx
53388,xxx
53389,xxx
53390,xxx
53391,xxx
53392,xxx
53393,xxx
53394,xxx
53395,xxx
53396,xxx
53397,xxx
53398,xxx
53399,xxx
53400,xxx
53401,xxx
53402,xxx
53403,xxx
53404,xxx
53405,xxx
53406,xxx
53407,xxx
53408,xxx
53409,xxx
53410,xxx
53411,xxx
53412,xxx
53413,xxx
53414,xxx
53415,xxx
53416,xxx
53417,xxx
53418,xxx
53419,xxx
53420,xxx
53421,xxx
53422,xxx
53423,xxx
53424,xxx
53425,xxx
53426,xxx
53427,xxx
53428,xxx
53429,xxx
53430,xxx
53431,xxx
53432,xxx
53433,xxx
53434,xxx
53435,xxx
53436,xxx
53437,xxx
53438,xxx
53439,xxx
53440,xxx
53441,xxx
53442,xxx
53443,xxx
53444,xxx
53445,xxx
53446,xxx
53447,xxx
53448,xxx
53449,xxx
53450,xxx
53451,xxx
53452,xxx
53453,xxx
53454,xxx
53455,xxx
53456,xxx
53457,xxx
53458,xxx
53459,xxx
53460,xxx
53461,xxx
53462,xxx
53463,xxx
53464,xxx
53465,xxx
53466,xxx
53467,xxx
53468,xxx
53469,xxx
53470,xxx
53471,xxx
53472,xxx
53473,xxx
53474,xxx
53475,xxx
53476,xxx
53477,xxx
53478,xxx
53479,xxx
53480,xxx
53481,xxx
53482,xxx
53483,xxx
53484,xxx
53485,xxx
53486,xxx
53487,xxx
53488,xxx
53489,xxx
53490,xxx
53491,xxx
53492,xxx
53493,xxx
53494,xxx
53495,xxx
53496,xxx
53497,xxx
53498,xxx
53499,xxx
53500,xxx
53501,xxx
53502,xxx
53503,xxx
53504,xxx
53505,xxx
53506,xxx
53507,xxx
53508,xxx
53509,xxx
53510,xxx
53511,xxx
53512,xxx
53513,xxx
53514,xxx
53515,xxx
53516,xxx
53517,xxx
53518,xxx
53519,xxx
53520,xxx
53521,xxx
53522,xxx
53523,xxx
53524,xxx
53525,xxx
53526,xxx
53527,xxx
53528,xxx
53529,xxx
53530,xxx
53531,xxx
53532,xxx
53533,xxx
53534,xxx
53535,xxx
53536,xxx
53537,xxx
53538,xxx
53539,xxx
53540,xxx
53541,xxx
53542,xxx
53543,xxx
53544,xxx
53545,xxx
53546,xxx
53547,xxx
53548,xxx
53549,xxx
53550,xxx
53551,xxx
53552,xxx
53553,xxx
53554,xxx
53555,xxx
53556,xxx
53557,xxx
53558,xxx
53559,xxx
53560,xxx
53561,xxx
53562,xxx
53563,xxx
53564,xxx
53565,xxx
53566,xxx
53567,xxx
53568,xxx
53569,xxx
53570,xxx
53571,xxx
53572,xxx
53573,xxx
53574,xxx
53575,xxx
53576,xxx
53577,xxx
53578,xxx
53579,xxx
53580,xxx
53581,xxx
53582,xxx
53583,xxx
53584,xxx
53585,xxx
53586,xxx
53587,xxx
53588,xxx
53589,xxx
53590,xxx
53591,xxx
53592,xxx
53593,xxx
53594,xxx
53595,xxx
53596,xxx
53597,xxx
53598,xxx
53599,xxx
53600,xxx
53601,xxx
53602,xxx
53603,xxx
53604,xxx
53605,xxx
53606,xxx
53607,xxx
53608,xxx
53609,xxx
53610,xxx
53611,xxx
53612,xxx
53613,xxx
53614,xxx
53615,xxx
53616,xxx
53617,xxx
53618,xxx
53619,xxx
53620,xxx
53621,xxx
53622,xxx
53623,xxx
53624,xxx
53625,xxx
53626,xxx
53627,xxx
53628,xxx
53629,xxx
53630,xxx
53631,xxx
53632,xxx
53633,xxx
53634,xxx
53635,xxx
53636,xxx
53637,xxx
53638,xxx
53639,xxx
53640,xxx
53641,xxx
53642,xxx
53643,xxx
53644,xxx
53645,xxx
53646,xxx
53647,xxx
53648,xxx
53649,xxx
53650,xxx
53651,xxx
53652,xxx
53653,xxx
53654,xxx
53655,xxx
53656,xxx
53657,xxx
53658,xxx
53659,xxx
53660,xxx
53661,xxx
53662,xxx
53663,xxx
53664,xxx
53665,xxx
53666,xxx
53667,xxx
53668,xxx
53669,xxx
53670,xxx
53671,xxx
53672,xxx
53673,xxx
53674,xxx
53675,xxx
53676,xxx
53677,xxx
53678,xxx
53679,xxx
53680,xxx
53681,xxx
53682,xxx
53683,xxx
53684,xxx
53685,xxx
53686,xxx
53687,xxx
53688,xxx
53689,xxx
53690,xxx
53691,xxx
53692,xxx
53693,xxx
53694,xxx
53695,xxx
53696,xxx
53697,xxx
53698,xxx
53699,xxx
53700,xxx
53701,xxx
53702,xxx
53703,xxx
53704,xxx
53705,xxx
53706,xxx
53707,xxx
53708,xxx
53709,xxx
53710,xxx
53711,xxx
53712,xxx
53713,xxx
53714,xxx
53715,xxx
53716,xxx
53717,xxx
53718,xxx
53719,xxx
53720,xxx
53721,xxx
53722,xxx
53723,xxx
53724,xxx
53725,xxx
53726,xxx
53727,xxx
53728,xxx
53729,xxx
53730,xxx
53731,xxx
53732,xxx
53733,xxx
53734,xxx
53735,xxx
53736,xxx
53737,xxx
53738,xxx
53739,xxx
53740,xxx
53741,xxx
53742,xxx
53743,xxx
53744,xxx
53745,xxx
53746,xxx
53747,xxx
53748,xxx
53749,xxx
53750,xxx
53751,xxx
53752,xxx
53753,xxx
53754,xxx
53755,xxx
53756,xxx
53757,xxx
53758,xxx
53759,xxx
53760,xxx
53761,xxx
53762,xxx
53763,xxx
53764,xxx
53765,xxx
53766,xxx
53767,xxx
53768,xxx
53769,xxx
53770,xxx
53771,xxx
53772,xxx
53773,xxx
53774,xxx
53775,xxx
53776,xxx
53777,xxx
53778,xxx
53779,xxx
53780,xxx
53781,xxx
53782,xxx
53783,xxx
53784,xxx
53785,xxx
53786,xxx
53787,xxx
53788,xxx
53789,xxx
53790,xxx
53791,xxx
53792,xxx
53793,xxx
53794,xxx
53795,xxx
53796,xxx
53797,xxx
53798,xxx
53799,xxx
53800,xxx
53801,xxx
53802,xxx
53803,xxx
53804,xxx
53805,xxx
53806,xxx
53807,xxx
53808,xxx
53809,xxx
53810,xxx
53811,xxx
53812,xxx
53813,xxx
53814,xxx
53815,xxx
53816,xxx
53817,xxx
53818,xxx
53819,xxx
53820,xxx
53821,xxx
53822,xxx
53823,xxx
53824,xxx
53825,xxx
53826,xxx
53827,xxx
53828,xxx
53829,xxx
53830,xxx
53831,xxx
53832,xxx
53833,xxx
53834,xxx
53835,xxx
53836,xxx
53837,xxx
53838,xxx
53839,xxx
53840,xxx
53841,xxx
53842,xxx
53843,xxx
53844,xxx
53845,xxx
53846,xxx
53847,xxx
53848,xxx
53849,xxx
53850,xxx
53851,xxx
53852,xxx
53853,xxx
53854,xxx
53855,xxx
53856,xxx
53857,xxx
53858,xxx
53859,xxx
53860,xxx
53861,xxx
53862,xxx
53863,xxx
53864,xxx
53865,xxx
53866,xxx
53867,xxx
53868,xxx
53869,xxx
53870,xxx
53871,xxx
53872,xxx
53873,xxx
53874,xxx
53875,xxx
53876,xxx
53877,xxx
53878,xxx
53879,xxx
53880,xxx
53881,xxx
53882,xxx
53883,xxx
53884,xxx
53885,xxx
53886,xxx
53887,xxx
53888,xxx
53889,xxx
53890,xxx
53891,xxx
53892,xxx
53893,xxx
53894,xxx
53895,xxx
53896,xxx
53897,xxx
53898,xxx
53899,xxx
53900,xxx
53901,xxx
53902,xxx
53903,xxx
53904,xxx
53905,xxx
53906,xxx
53907,xxx
53908,xxx
53909,xxx
53910,xxx
53911,xxx
53912,xxx
53913,xxx
53914,xxx
53915,xxx
53916,xxx
53917,xxx
53918,xxx
53919,xxx
53920,xxx
53921,xxx
53922,xxx
53923,xxx
53924,xxx
53925,xxx
53926,xxx
53927,xxx
53928,xxx
53929,xxx
53930,xxx
53931,xxx
53932,xxx
53933,xxx
53934,xxx
53935,xxx
53936,xxx
53937,xxx
53938,xxx
53939,xxx
53940,xxx
53941,xxx
53942,xxx
53943,xxx
53944,xxx
53945,xxx
53946,xxx
53947,xxx
53948,xxx
53949,xxx
53950,xxx
53951,xxx
53952,xxx
53953,xxx
53954,xxx
53955,xxx
53956,xxx
53957,xxx
53958,xxx
53959,xxx
53960,xxx
53961,xxx
53962,xxx
53963,xxx
53964,xxx
53965,xxx
53966,xxx
53967,xxx
53968,xxx
53969,xxx
53970,xxx
53971,xxx
53972,xxx
53973,xxx
53974,xxx
53975,xxx
53976,xxx
53977,xxx
53978,xxx
53979,xxx
53980,xxx
53981,xxx
53982,xxx
53983,xxx
53984,xxx
53985,xxx
53986,xxx
53987,xxx
53988,xxx
53989,xxx
53990,xxx
53991,xxx
53992,xxx
53993,xxx
53994,xxx
53995,xxx
53996,xxx
53997,xxx
53998,xxx
53999,xxx
54000,xxx
54001,xxx
54002,xxx
54003,xxx
54004,xxx
54005,xxx
54006,xxx
54007,xxx
54008,xxx
54009,xxx
54010,xxx
54011,xxx
54012,xxx
54013,xxx
54014,xxx
54015,xxx
54016,xxx
54017,xxx
54018,xxx
54019,xxx
54020,xxx
54021,xxx
54022,xxx
54023,xxx
54024,xxx
54025,xxx
54026,xxx
54027,xxx
54028,xxx
54029,xxx
54030,xxx
54031,xxx
54032,xxx
54033,xxx
54034,xxx
54035,xxx
54036,xxx
54037,xxx
54038,xxx
54039,xxx
54040,xxx
54041,xxx
54042,xxx
54043,xxx
54044,xxx
54045,xxx
54046,xxx
54047,xxx
54048,xxx
54049,xxx
54050,xxx
54051,xxx
54052,xxx
54053,xxx
54054,xxx
54055,xxx
54056,xxx
54057,xxx
54058,xxx
54059,xxx
54060,xxx
54061,xxx
54062,xxx
54063,xxx
54064,xxx
54065,xxx
54066,xxx
54067,xxx
54068,xxx
54069,xxx
54070,xxx
54071,xxx
54072,xxx
54073,xxx
54074,xxx
54075,xxx
54076,xxx
54077,xxx
54078,xxx
54079,xxx
54080,xxx
54081,xxx
54082,xxx
54083,xxx
54084,xxx
54085,xxx
54086,xxx
54087,xxx
54088,xxx
54089,xxx
54090,xxx
54091,xxx
54092,xxx
54093,xxx
54094,xxx
54095,xxx
54096,xxx
54097,xxx
54098,xxx
54099,xxx
54100,xxx
54101,xxx
54102,xxx
54103,xxx
54104,xxx
54105,xxx
54106,xxx
54107,xxx
54108,xxx
54109,xxx
54110,xxx
54111,xxx
54112,xxx
54113,xxx
54114,xxx
54115,xxx
54116,xxx
54117,xxx
54118,xxx
54119,xxx
54120,xxx
54121,xxx
54122,xxx
54123,xxx
54124,xxx
54125,xxx
54126,xxx
54127,xxx
54128,xxx
54129,xxx
54130,xxx
54131,xxx
54132,xxx
54133,xxx
54134,xxx
54135,xxx
54136,xxx
54137,xxx
54138,xxx
54139,xxx
54140,xxx
54141,xxx
54142,xxx
54143,xxx
54144,xxx
54145,xxx
54146,xxx
54147,xxx
54148,xxx
54149,xxx
54150,xxx
54151,xxx
54152,xxx
54153,xxx
54154,xxx
54155,xxx
54156,xxx
54157,xxx
54158,xxx
54159,xxx
54160,xxx
54161,xxx
54162,xxx
54163,xxx
54164,xxx
54165,xxx
54166,xxx
54167,xxx
54168,xxx
54169,xxx
54170,xxx
54171,xxx
54172,xxx
54173,xxx
54174,xxx
54175,xxx
54176,xxx
54177,xxx
54178,xxx
54179,xxx
54180,xxx
54181,xxx
54182,xxx
54183,xxx
54184,xxx
54185,xxx
54186,xxx
54187,xxx
54188,xxx
54189,xxx
54190,xxx
54191,xxx
54192,xxx
54193,xxx
54194,xxx
54195,xxx
54196,xxx
54197,xxx
54198,xxx
54199,xxx
54200,xxx
54201,xxx
54202,xxx
54203,xxx
54204,xxx
54205,xxx
54206,xxx
54207,xxx
54208,xxx
54209,xxx
54210,xxx
54211,xxx
54212,xxx
54213,xxx
54214,xxx
54215,xxx
54216,xxx
54217,xxx
54218,xxx
54219,xxx
54220,xxx
54221,xxx
54222,xxx
54223,xxx
54224,xxx
54225,xxx
54226,xxx
54227,xxx
54228,xxx
54229,xxx
54230,xxx
54231,xxx
54232,xxx
54233,xxx
54234,xxx
54235,xxx
54236,xxx
54237,xxx
54238,xxx
54239,xxx
54240,xxx
54241,xxx
54242,xxx
54243,xxx
54244,xxx
54245,xxx
54246,xxx
54247,xxx
54248,xxx
54249,xxx
54250,xxx
54251,xxx
54252,xxx
54253,xxx
54254,xxx
54255,xxx
54256,xxx
54257,xxx
54258,xxx
54259,xxx
54260,xxx
54261,xxx
54262,xxx
54263,xxx
54264,xxx
54265,xxx
54266,xxx
54267,xxx
54268,xxx
54269,xxx
54270,xxx
54271,xxx
54272,xxx
54273,xxx
54274,xxx
54275,xxx
54276,xxx
54277,xxx
54278,xxx
54279,xxx
54280,xxx
54281,xxx
54282,xxx
54283,xxx
54284,xxx
54285,xxx
54286,xxx
54287,xxx
54288,xxx
54289,xxx
54290,xxx
54291,xxx
54292,xxx
54293,xxx
54294,xxx
54295,xxx
54296,xxx
54297,xxx
54298,xxx
54299,xxx
54300,xxx
54301,xxx
54302,xxx
54303,xxx
54304,xxx
54305,xxx
54306,xxx
54307,xxx
54308,xxx
54309,xxx
54310,xxx
54311,xxx
54312,xxx
54313,xxx
54314,xxx
54315,xxx
54316,xxx
54317,xxx
54318,xxx
54319,xxx
54320,xxx
54321,xxx
54322,xxx
54323,xxx
54324,xxx
54325,xxx
54326,xxx
54327,xxx
54328,xxx
54329,xxx
54330,xxx
54331,xxx
54332,xxx
54333,xxx
54334,xxx
54335,xxx
54336,xxx
54337,xxx
54338,xxx
54339,xxx
54340,xxx
54341,xxx
54342,xxx
54343,xxx
54344,xxx
54345,xxx
54346,xxx
54347,xxx
54348,xxx
54349,xxx
54350,xxx
54351,xxx
54352,xxx
54353,xxx
54354,xxx
54355,xxx
54356,xxx
54357,xxx
54358,xxx
54359,xxx
54360,xxx
54361,xxx
54362,xxx
54363,xxx
54364,xxx
54365,xxx
54366,xxx
54367,xxx
54368,xxx
54369,xxx
54370,xxx
54371,xxx
54372,xxx
54373,xxx
54374,xxx
54375,xxx
54376,xxx
54377,xxx
54378,xxx
54379,xxx
54380,xxx
54381,xxx
54382,xxx
54383,xxx
54384,xxx
54385,xxx
54386,xxx
54387,xxx
54388,xxx
54389,xxx
54390,xxx
54391,xxx
54392,xxx
54393,xxx
54394,xxx
54395,xxx
54396,xxx
54397,xxx
54398,xxx
54399,xxx
54400,xxx
54401,xxx
54402,xxx
54403,xxx
54404,xxx
54405,xxx
54406,xxx
54407,xxx
54408,xxx
54409,xxx
54410,xxx
54411,xxx
54412,xxx
54413,xxx
54414,xxx
54415,xxx
54416,xxx
54417,xxx
54418,xxx
54419,xxx
54420,xxx
54421,xxx
54422,xxx
54423,xxx
54424,xxx
54425,xxx
54426,xxx
54427,xxx
54428,xxx
54429,xxx
54430,xxx
54431,xxx
54432,xxx
54433,xxx
54434,xxx
54435,xxx
54436,xxx
54437,xxx
54438,xxx
54439,xxx
54440,xxx
54441,xxx
54442,xxx
54443,xxx
54444,xxx
54445,xxx
54446,xxx
54447,xxx
54448,xxx
54449,xxx
54450,xxx
54451,xxx
54452,xxx
54453,xxx
54454,xxx
54455,xxx
54456,xxx
54457,xxx
54458,xxx
54459,xxx
54460,xxx
54461,xxx
54462,xxx
54463,xxx
54464,xxx
54465,xxx
54466,xxx
54467,xxx
54468,xxx
54469,xxx
54470,xxx
54471,xxx
54472,xxx
54473,xxx
54474,xxx
54475,xxx
54476,xxx
54477,xxx
54478,xxx
54479,xxx
54480,xxx
54481,xxx
54482,xxx
54483,xxx
54484,xxx
54485,xxx
54486,xxx
54487,xxx
54488,xxx
54489,xxx
54490,xxx
54491,xxx
54492,xxx
54493,xxx
54494,xxx
54495,xxx
54496,xxx
54497,xxx
54498,xxx
54499,xxx
54500,xxx
54501,xxx
54502,xxx
54503,xxx
54504,xxx
54505,xxx
54506,xxx
54507,xxx
54508,xxx
54509,xxx
54510,xxx
54511,xxx
54512,xxx
54513,xxx
54514,xxx
54515,xxx
54516,xxx
54517,xxx
54518,xxx
54519,xxx
54520,xxx
54521,xxx
54522,xxx
54523,xxx
54524,xxx
54525,xxx
54526,xxx
54527,xxx
54528,xxx
54529,xxx
54530,xxx
54531,xxx
54532,xxx
54533,xxx
54534,xxx
54535,xxx
54536,xxx
54537,xxx
54538,xxx
54539,xxx
54540,xxx
54541,xxx
54542,xxx
54543,xxx
54544,xxx
54545,xxx
54546,xxx
54547,xxx
54548,xxx
54549,xxx
54550,xxx
54551,xxx
54552,xxx
54553,xxx
54554,xxx
54555,xxx
54556,xxx
54557,xxx
54558,xxx
54559,xxx
54560,xxx
54561,xxx
54562,xxx
54563,xxx
54564,xxx
54565,xxx
54566,xxx
54567,xxx
54568,xxx
54569,xxx
54570,xxx
54571,xxx
54572,xxx
54573,xxx
54574,xxx
54575,xxx
54576,xxx
54577,xxx
54578,xxx
54579,xxx
54580,xxx
54581,xxx
54582,xxx
54583,xxx
54584,xxx
54585,xxx
54586,xxx
54587,xxx
54588,xxx
54589,xxx
54590,xxx
54591,xxx
54592,xxx
54593,xxx
54594,xxx
54595,xxx
54596,xxx
54597,xxx
54598,xxx
54599,xxx
54600,xxx
54601,xxx
54602,xxx
54603,xxx
54604,xxx
54605,xxx
54606,xxx
54607,xxx
54608,xxx
54609,xxx
54610,xxx
54611,xxx
54612,xxx
54613,xxx
54614,xxx
54615,xxx
54616,xxx
54617,xxx
54618,xxx
54619,xxx
54620,xxx
54621,xxx
54622,xxx
54623,xxx
54624,xxx
54625,xxx
54626,xxx
54627,xxx
54628,xxx
54629,xxx
54630,xxx
54631,xxx
54632,xxx
54633,xxx
54634,xxx
54635,xxx
54636,xxx
54637,xxx
54638,xxx
54639,xxx
54640,xxx
54641,xxx
54642,xxx
54643,xxx
54644,xxx
54645,xxx
54646,xxx
54647,xxx
54648,xxx
54649,xxx
54650,xxx
54651,xxx
54652,xxx
54653,xxx
54654,xxx
54655,xxx
54656,xxx
54657,xxx
54658,xxx
54659,xxx
54660,xxx
54661,xxx
54662,xxx
54663,xxx
54664,xxx
54665,xxx
54666,xxx
54667,xxx
54668,xxx
54669,xxx
54670,xxx
54671,xxx
54672,xxx
54673,xxx
54674,xxx
54675,xxx
54676,xxx
54677,xxx
54678,xxx
54679,xxx
54680,xxx
54681,xxx
54682,xxx
54683,xxx
54684,xxx
54685,xxx
54686,xxx
54687,xxx
54688,xxx
54689,xxx
54690,xxx
54691,xxx
54692,xxx
54693,xxx
54694,xxx
54695,xxx
54696,xxx
54697,xxx
54698,xxx
54699,xxx
54700,xxx
54701,xxx
54702,xxx
54703,xxx
54704,xxx
54705,xxx
54706,xxx
54707,xxx
54708,xxx
54709,xxx
54710,xxx
54711,xxx
54712,xxx
54713,xxx
54714,xxx
54715,xxx
54716,xxx
54717,xxx
54718,xxx
54719,xxx
54720,xxx
54721,xxx
54722,xxx
54723,xxx
54724,xxx
54725,xxx
54726,xxx
54727,xxx
54728,xxx
54729,xxx
54730,xxx
54731,xxx
54732,xxx
54733,xxx
54734,xxx
54735,xxx
54736,xxx
54737,xxx
54738,xxx
54739,xxx
54740,xxx
54741,xxx
54742,xxx
54743,xxx
54744,xxx
54745,xxx
54746,xxx
54747,xxx
54748,xxx
54749,xxx
54750,xxx
54751,xxx
54752,xxx
54753,xxx
54754,xxx
54755,xxx
54756,xxx
54757,xxx
54758,xxx
54759,xxx
54760,xxx
54761,xxx
54762,xxx
54763,xxx
54764,xxx
54765,xxx
54766,xxx
54767,xxx
54768,xxx
54769,xxx
54770,xxx
54771,xxx
54772,xxx
54773,xxx
54774,xxx
54775,xxx
54776,xxx
54777,xxx
54778,xxx
54779,xxx
54780,xxx
54781,xxx
54782,xxx
54783,xxx
54784,xxx
54785,xxx
54786,xxx
54787,xxx
54788,xxx
54789,xxx
54790,xxx
54791,xxx
54792,xxx
54793,xxx
54794,xxx
54795,xxx
54796,xxx
54797,xxx
54798,xxx
54799,xxx
54800,xxx
54801,xxx
54802,xxx
54803,xxx
54804,xxx
54805,xxx
54806,xxx
54807,xxx
54808,xxx
54809,xxx
54810,xxx
54811,xxx
54812,xxx
54813,xxx
54814,xxx
54815,xxx
54816,xxx
54817,xxx
54818,xxx
54819,xxx
54820,xxx
54821,xxx
54822,xxx
54823,xxx
54824,xxx
54825,xxx
54826,xxx
54827,xxx
54828,xxx
54829,xxx
54830,xxx
54831,xxx
54832,xxx
54833,xxx
54834,xxx
54835,xxx
54836,xxx
54837,xxx
54838,xxx
54839,xxx
54840,xxx
54841,xxx
54842,xxx
54843,xxx
54844,xxx
54845,xxx
54846,xxx
54847,xxx
54848,xxx
54849,xxx
54850,xxx
54851,xxx
54852,xxx
54853,xxx
54854,xxx
54855,xxx
54856,xxx
54857,xxx
54858,xxx
54859,xxx
54860,xxx
54861,xxx
54862,xxx
54863,xxx
54864,xxx
54865,xxx
54866,xxx
54867,xxx
54868,xxx
54869,xxx
54870,xxx
54871,xxx
54872,xxx
54873,xxx
54874,xxx
54875,xxx
54876,xxx
54877,xxx
54878,xxx
54879,xxx
54880,xxx
54881,xxx
54882,xxx
54883,xxx
54884,xxx
54885,xxx
54886,xxx
54887,xxx
54888,xxx
54889,xxx
54890,xxx
54891,xxx
54892,xxx
54893,xxx
54894,xxx
54895,xxx
54896,xxx
54897,xxx
54898,xxx
54899,xxx
54900,xxx
54901,xxx
54902,xxx
54903,xxx
54904,xxx
54905,xxx
54906,xxx
54907,xxx
54908,xxx
54909,xxx
54910,xxx
54911,xxx
54912,xxx
54913,xxx
54914,xxx
54915,xxx
54916,xxx
54917,xxx
54918,xxx
54919,xxx
54920,xxx
54921,xxx
54922,xxx
54923,xxx
54924,xxx
54925,xxx
54926,xxx
54927,xxx
54928,xxx
54929,xxx
54930,xxx
54931,xxx
54932,xxx
54933,xxx
54934,xxx
54935,xxx
54936,xxx
54937,xxx
54938,xxx
54939,xxx
54940,xxx
54941,xxx
54942,xxx
54943,xxx
54944,xxx
54945,xxx
54946,xxx
54947,xxx
54948,xxx
54949,xxx
54950,xxx
54951,xxx
54952,xxx
54953,xxx
54954,xxx
54955,xxx
54956,xxx
54957,xxx
54958,xxx
54959,xxx
54960,xxx
54961,xxx
54962,xxx
54963,xxx
54964,xxx
54965,xxx
54966,xxx
54967,xxx
54968,xxx
54969,xxx
54970,xxx
54971,xxx
54972,xxx
54973,xxx
54974,xxx
54975,xxx
54976,xxx
54977,xxx
54978,xxx
54979,xxx
54980,xxx
54981,xxx
54982,xxx
54983,xxx
54984,xxx
54985,xxx
54986,xxx
54987,xxx
54988,xxx
54989,xxx
54990,xxx
54991,xxx
54992,xxx
54993,xxx
54994,xxx
54995,xxx
54996,xxx
54997,xxx
54998,xxx
54999,xxx
55000,xxx
55001,xxx
55002,xxx
55003,xxx
55004,xxx
55005,xxx
55006,xxx
55007,xxx
55008,xxx
55009,xxx
55010,xxx
55011,xxx
55012,xxx
55013,xxx
55014,xxx
55015,xxx
55016,xxx
55017,xxx
55018,xxx
55019,xxx
55020,xxx
55021,xxx
55022,xxx
55023,xxx
55024,xxx
55025,xxx
55026,xxx
55027,xxx
55028,xxx
55029,xxx
55030,xxx
55031,xxx
55032,xxx
55033,xxx
55034,xxx
55035,xxx
55036,xxx
55037,xxx
55038,xxx
55039,xxx
55040,xxx
55041,xxx
55042,xxx
55043,xxx
55044,xxx
55045,xxx
55046,xxx
55047,xxx
55048,xxx
55049,xxx
55050,xxx
55051,xxx
55052,xxx
55053,xxx
55054,xxx
55055,xxx
55056,xxx
55057,xxx
55058,xxx
55059,xxx
55060,xxx
55061,xxx
55062,xxx
55063,xxx
55064,xxx
55065,xxx
55066,xxx
55067,xxx
55068,xxx
55069,xxx
55070,xxx
55071,xxx
55072,xxx
55073,xxx
55074,xxx
55075,xxx
55076,xxx
55077,xxx
55078,xxx
55079,xxx
55080,xxx
55081,xxx
55082,xxx
55083,xxx
55084,xxx
55085,xxx
55086,xxx
55087,xxx
55088,xxx
55089,xxx
55090,xxx
55091,xxx
55092,xxx
55093,xxx
55094,xxx
55095,xxx
55096,xxx
55097,xxx
55098,xxx
55099,xxx
55100,xxx
55101,xxx
55102,xxx
55103,xxx
55104,xxx
55105,xxx
55106,xxx
55107,xxx
55108,xxx
55109,xxx
55110,xxx
55111,xxx
55112,xxx
55113,xxx
55114,xxx
55115,xxx
55116,xxx
55117,xxx
55118,xxx
55119,xxx
55120,xxx
55121,xxx
55122,xxx
55123,xxx
55124,xxx
55125,xxx
55126,xxx
55127,xxx
55128,xxx
55129,xxx
55130,xxx
55131,xxx
55132,xxx
55133,xxx
55134,xxx
55135,xxx
55136,xxx
55137,xxx
55138,xxx
55139,xxx
55140,xxx
55141,xxx
55142,xxx
55143,xxx
55144,xxx
55145,xxx
55146,xxx
55147,xxx
55148,xxx
55149,xxx
55150,xxx
55151,xxx
55152,xxx
55153,xxx
55154,xxx
55155,xxx
55156,xxx
55157,xxx
55158,xxx
55159,xxx
55160,xxx
55161,xxx
55162,xxx
55163,xxx
55164,xxx
55165,xxx
55166,xxx
55167,xxx
55168,xxx
55169,xxx
55170,xxx
55171,xxx
55172,xxx
55173,xxx
55174,xxx
55175,xxx
55176,xxx
55177,xxx
55178,xxx
55179,xxx
55180,xxx
55181,xxx
55182,xxx
55183,xxx
55184,xxx
55185,xxx
55186,xxx
55187,xxx
55188,xxx
55189,xxx
55190,xxx
55191,xxx
55192,xxx
55193,xxx
55194,xxx
55195,xxx
55196,xxx
55197,xxx
55198,xxx
55199,xxx
55200,xxx
55201,xxx
55202,xxx
55203,xxx
55204,xxx
55205,xxx
55206,xxx
55207,xxx
55208,xxx
55209,xxx
55210,xxx
55211,xxx
55212,xxx
55213,xxx
55214,xxx
55215,xxx
55216,xxx
55217,xxx
55218,xxx
55219,xxx
55220,xxx
55221,xxx
55222,xxx
55223,xxx
55224,xxx
55225,xxx
55226,xxx
55227,xxx
55228,xxx
55229,xxx
55230,xxx
55231,xxx
55232,xxx
55233,xxx
55234,xxx
55235,xxx
55236,xxx
55237,xxx
55238,xxx
55239,xxx
55240,xxx
55241,xxx
55242,xxx
55243,xxx
55244,xxx
55245,xxx
55246,xxx
55247,xxx
55248,xxx
55249,xxx
55250,xxx
55251,xxx
55252,xxx
55253,xxx
55254,xxx
55255,xxx
55256,xxx
55257,xxx
55258,xxx
55259,xxx
55260,xxx
55261,xxx
55262,xxx
55263,xxx
55264,xxx
55265,xxx
55266,xxx
55267,xxx
55268,xxx
55269,xxx
55270,xxx
55271,xxx
55272,xxx
55273,xxx
55274,xxx
55275,xxx
55276,xxx
55277,xxx
55278,xxx
55279,xxx
55280,xxx
55281,xxx
55282,xxx
55283,xxx
55284,xxx
55285,xxx
55286,xxx
55287,xxx
55288,xxx
55289,xxx
55290,xxx
55291,xxx
55292,xxx
55293,xxx
55294,xxx
55295,xxx
55296,xxx
55297,xxx
55298,xxx
55299,xxx
55300,xxx
55301,xxx
55302,xxx
55303,xxx
55304,xxx
55305,xxx
55306,xxx
55307,xxx
55308,xxx
55309,xxx
55310,xxx
55311,xxx
55312,xxx
55313,xxx
55314,xxx
55315,xxx
55316,xxx
55317,xxx
55318,xxx
55319,xxx
55320,xxx
55321,xxx
55322,xxx
55323,xxx
55324,xxx
55325,xxx
55326,xxx
55327,xxx
55328,xxx
55329,xxx
55330,xxx
55331,xxx
55332,xxx
55333,xxx
55334,xxx
55335,xxx
55336,xxx
55337,xxx
55338,xxx
55339,xxx
55340,xxx
55341,xxx
55342,xxx
55343,xxx
55344,xxx
55345,xxx
55346,xxx
55347,xxx
55348,xxx
55349,xxx
55350,xxx
55351,xxx
55352,xxx
55353,xxx
55354,xxx
55355,xxx
55356,xxx
55357,xxx
55358,xxx
55359,xxx
55360,xxx
55361,xxx
55362,xxx
55363,xxx
55364,xxx
55365,xxx
55366,xxx
55367,xxx
55368,xxx
55369,xxx
55370,xxx
55371,xxx
55372,xxx
55373,xxx
55374,xxx
55375,xxx
55376,xxx
55377,xxx
55378,xxx
55379,xxx
55380,xxx
55381,xxx
55382,xxx
55383,xxx
55384,xxx
55385,xxx
55386,xxx
55387,xxx
55388,xxx
55389,xxx
55390,xxx
55391,xxx
55392,xxx
55393,xxx
55394,xxx
55395,xxx
55396,xxx
55397,xxx
55398,xxx
55399,xxx
55400,xxx
55401,xxx
55402,xxx
55403,xxx
55404,xxx
55405,xxx
55406,xxx
55407,xxx
55408,xxx
55409,xxx
55410,xxx
55411,xxx
55412,xxx
55413,xxx
55414,xxx
55415,xxx
55416,xxx
55417,xxx
55418,xxx
55419,xxx
55420,xxx
55421,xxx
55422,xxx
55423,xxx
55424,xxx
55425,xxx
55426,xxx
55427,xxx
55428,xxx
55429,xxx
55430,xxx
55431,xxx
55432,xxx
55433,xxx
55434,xxx
55435,xxx
55436,xxx
55437,xxx
55438,xxx
55439,xxx
55440,xxx
55441,xxx
55442,xxx
55443,xxx
55444,xxx
55445,xxx
55446,xxx
55447,xxx
55448,xxx
55449,xxx
55450,xxx
55451,xxx
55452,xxx
55453,xxx
55454,xxx
55455,xxx
55456,xxx
55457,xxx
55458,xxx
55459,xxx
55460,xxx
55461,xxx
55462,xxx
55463,xxx
55464,xxx
55465,xxx
55466,xxx
55467,xxx
55468,xxx
55469,xxx
55470,xxx
55471,xxx
55472,xxx
55473,xxx
55474,xxx
55475,xxx
55476,xxx
55477,xxx
55478,xxx
55479,xxx
55480,xxx
55481,xxx
55482,xxx
55483,xxx
55484,xxx
55485,xxx
55486,xxx
55487,xxx
55488,xxx
55489,xxx
55490,xxx
55491,xxx
55492,xxx
55493,xxx
55494,xxx
55495,xxx
55496,xxx
55497,xxx
55498,xxx
55499,xxx
55500,xxx
55501,xxx
55502,xxx
55503,xxx
55504,xxx
55505,xxx
55506,xxx
55507,xxx
55508,xxx
55509,xxx
55510,xxx
55511,xxx
55512,xxx
55513,xxx
55514,xxx
55515,xxx
55516,xxx
55517,xxx
55518,xxx
55519,xxx
55520,xxx
55521,xxx
55522,xxx
55523,xxx
55524,xxx
55525,xxx
55526,xxx
55527,xxx
55528,xxx
55529,xxx
55530,xxx
55531,xxx
55532,xxx
55533,xxx
55534,xxx
55535,xxx
55536,xxx
55537,xxx
55538,xxx
55539,xxx
55540,xxx
55541,xxx
55542,xxx
55543,xxx
55544,xxx
55545,xxx
55546,xxx
55547,xxx
55548,xxx
55549,xxx
55550,xxx
55551,xxx
55552,xxx
55553,xxx
55554,xxx
55555,xxx
55556,xxx
55557,xxx
55558,xxx
55559,xxx
55560,xxx
55561,xxx
55562,xxx
55563,xxx
55564,xxx
55565,xxx
55566,xxx
55567,xxx
55568,xxx
55569,xxx
55570,xxx
55571,xxx
55572,xxx
55573,xxx
55574,xxx
55575,xxx
55576,xxx
55577,xxx
55578,xxx
55579,xxx
55580,xxx
55581,xxx
55582,xxx
55583,xxx
55584,xxx
55585,xxx
55586,xxx
55587,xxx
55588,xxx
55589,xxx
55590,xxx
55591,xxx
55592,xxx
55593,xxx
55594,xxx
55595,xxx
55596,xxx
55597,xxx
55598,xxx
55599,xxx
55600,xxx
55601,xxx
55602,xxx
55603,xxx
55604,xxx
55605,xxx
55606,xxx
55607,xxx
55608,xxx
55609,xxx
55610,xxx
55611,xxx
55612,xxx
55613,xxx
55614,xxx
55615,xxx
55616,xxx
55617,xxx
55618,xxx
55619,xxx
55620,xxx
55621,xxx
55622,xxx
55623,xxx
55624,xxx
55625,xxx
55626,xxx
55627,xxx
55628,xxx
55629,xxx
55630,xxx
55631,xxx
55632,xxx
55633,xxx
55634,xxx
55635,xxx
55636,xxx
55637,xxx
55638,xxx
55639,xxx
55640,xxx
55641,xxx
55642,xxx
55643,xxx
55644,xxx
55645,xxx
55646,xxx
55647,xxx
55648,xxx
55649,xxx
55650,xxx
55651,xxx
55652,xxx
55653,xxx
55654,xxx
55655,xxx
55656,xxx
55657,xxx
55658,xxx
55659,xxx
55660,xxx
55661,xxx
55662,xxx
55663,xxx
55664,xxx
55665,xxx
55666,xxx
55667,xxx
55668,xxx
55669,xxx
55670,xxx
55671,xxx
55672,xxx
55673,xxx
55674,xxx
55675,xxx
55676,xxx
55677,xxx
55678,xxx
55679,xxx
55680,xxx
55681,xxx
55682,xxx
55683,xxx
55684,xxx
55685,xxx
55686,xxx
55687,xxx
55688,xxx
55689,xxx
55690,xxx
55691,xxx
55692,xxx
55693,xxx
55694,xxx
55695,xxx
55696,xxx
55697,xxx
55698,xxx
55699,xxx
55700,xxx
55701,xxx
55702,xxx
55703,xxx
55704,xxx
55705,xxx
55706,xxx
55707,xxx
55708,xxx
55709,xxx
55710,xxx
55711,xxx
55712,xxx
55713,xxx
55714,xxx
55715,xxx
55716,xxx
55717,xxx
55718,xxx
55719,xxx
55720,xxx
55721,xxx
55722,xxx
55723,xxx
55724,xxx
55725,xxx
55726,xxx
55727,xxx
55728,xxx
55729,xxx
55730,xxx
55731,xxx
55732,xxx
55733,xxx
55734,xxx
55735,xxx
55736,xxx
55737,xxx
55738,xxx
55739,xxx
55740,xxx
55741,xxx
55742,xxx
55743,xxx
55744,xxx
55745,xxx
55746,xxx
55747,xxx
55748,xxx
55749,xxx
55750,xxx
55751,xxx
55752,xxx
55753,xxx
55754,xxx
55755,xxx
55756,xxx
55757,xxx
55758,xxx
55759,xxx
55760,xxx
55761,xxx
55762,xxx
55763,xxx
55764,xxx
55765,xxx
55766,xxx
55767,xxx
55768,xxx
55769,xxx
55770,xxx
55771,xxx
55772,xxx
55773,xxx
55774,xxx
55775,xxx
55776,xxx
55777,xxx
55778,xxx
55779,xxx
55780,xxx
55781,xxx
55782,xxx
55783,xxx
55784,xxx
55785,xxx
55786,xxx
55787,xxx
55788,xxx
55789,xxx
55790,xxx
55791,xxx
55792,xxx
55793,xxx
55794,xxx
55795,xxx
55796,xxx
55797,xxx
55798,xxx
55799,xxx
55800,xxx
55801,xxx
55802,xxx
55803,xxx
55804,xxx
55805,xxx
55806,xxx
55807,xxx
55808,xxx
55809,xxx
55810,xxx
55811,xxx
55812,xxx
55813,xxx
55814,xxx
55815,xxx
55816,xxx
55817,xxx
55818,xxx
55819,xxx
55820,xxx
55821,xxx
55822,xxx
55823,xxx
55824,xxx
55825,xxx
55826,xxx
55827,xxx
55828,xxx
55829,xxx
55830,xxx
55831,xxx
55832,xxx
55833,xxx
55834,xxx
55835,xxx
55836,xxx
55837,xxx
55838,xxx
55839,xxx
55840,xxx
55841,xxx
55842,xxx
55843,xxx
55844,xxx
55845,xxx
55846,xxx
55847,xxx
55848,xxx
55849,xxx
55850,xxx
55851,xxx
55852,xxx
55853,xxx
55854,xxx
55855,xxx
55856,xxx
55857,xxx
55858,xxx
55859,xxx
55860,xxx
55861,xxx
55862,xxx
55863,xxx
55864,xxx
55865,xxx
55866,xxx
55867,xxx
55868,xxx
55869,xxx
55870,xxx
55871,xxx
55872,xxx
55873,xxx
55874,xxx
55875,xxx
55876,xxx
55877,xxx
55878,xxx
55879,xxx
55880,xxx
55881,xxx
55882,xxx
55883,xxx
55884,xxx
55885,xxx
55886,xxx
55887,xxx
55888,xxx
55889,xxx
55890,xxx
55891,xxx
55892,xxx
55893,xxx
55894,xxx
55895,xxx
55896,xxx
55897,xxx
55898,xxx
55899,xxx
55900,xxx
55901,xxx
55902,xxx
55903,xxx
55904,xxx
55905,xxx
55906,xxx
55907,xxx
55908,xxx
55909,xxx
55910,xxx
55911,xxx
55912,xxx
55913,xxx
55914,xxx
55915,xxx
55916,xxx
55917,xxx
55918,xxx
55919,xxx
55920,xxx
55921,xxx
55922,xxx
55923,xxx
55924,xxx
55925,xxx
55926,xxx
55927,xxx
55928,xxx
55929,xxx
55930,xxx
55931,xxx
55932,xxx
55933,xxx
55934,xxx
55935,xxx
55936,xxx
55937,xxx
55938,xxx
55939,xxx
55940,xxx
55941,xxx
55942,xxx
55943,xxx
55944,xxx
55945,xxx
55946,xxx
55947,xxx
55948,xxx
55949,xxx
55950,xxx
55951,xxx
55952,xxx
55953,xxx
55954,xxx
55955,xxx
55956,xxx
55957,xxx
55958,xxx
55959,xxx
55960,xxx
55961,xxx
55962,xxx
55963,xxx
55964,xxx
55965,xxx
55966,xxx
55967,xxx
55968,xxx
55969,xxx
55970,xxx
55971,xxx
55972,xxx
55973,xxx
55974,xxx
55975,xxx
55976,xxx
55977,xxx
55978,xxx
55979,xxx
55980,xxx
55981,xxx
55982,xxx
55983,xxx
55984,xxx
55985,xxx
55986,xxx
55987,xxx
55988,xxx
55989,xxx
55990,xxx
55991,xxx
55992,xxx
55993,xxx
55994,xxx
55995,xxx
55996,xxx
55997,xxx
55998,xxx
55999,xxx
56000,xxx
56001,xxx
56002,xxx
56003,xxx
56004,xxx
56005,xxx
56006,xxx
56007,xxx
56008,xxx
56009,xxx
56010,xxx
56011,xxx
56012,xxx
56013,xxx
56014,xxx
56015,xxx
56016,xxx
56017,xxx
56018,xxx
56019,xxx
56020,xxx
56021,xxx
56022,xxx
56023,xxx
56024,xxx
56025,xxx
56026,xxx
56027,xxx
56028,xxx
56029,xxx
56030,xxx
56031,xxx
56032,xxx
56033,xxx
56034,xxx
56035,xxx
56036,xxx
56037,xxx
56038,xxx
56039,xxx
56040,xxx
56041,xxx
56042,xxx
56043,xxx
56044,xxx
56045,xxx
56046,xxx
56047,xxx
56048,xxx
56049,xxx
56050,xxx
56051,xxx
56052,xxx
56053,xxx
56054,xxx
56055,xxx
56056,xxx
56057,xxx
56058,xxx
56059,xxx
56060,xxx
56061,xxx
56062,xxx
56063,xxx
56064,xxx
56065,xxx
56066,xxx
56067,xxx
56068,xxx
56069,xxx
56070,xxx
56071,xxx
56072,xxx
56073,xxx
56074,xxx
56075,xxx
56076,xxx
56077,xxx
56078,xxx
56079,xxx
56080,xxx
56081,xxx
56082,xxx
56083,xxx
56084,xxx
56085,xxx
56086,xxx
56087,xxx
56088,xxx
56089,xxx
56090,xxx
56091,xxx
56092,xxx
56093,xxx
56094,xxx
56095,xxx
56096,xxx
56097,xxx
56098,xxx
56099,xxx
56100,xxx
56101,xxx
56102,xxx
56103,xxx
56104,xxx
56105,xxx
56106,xxx
56107,xxx
56108,xxx
56109,xxx
56110,xxx
56111,xxx
56112,xxx
56113,xxx
56114,xxx
56115,xxx
56116,xxx
56117,xxx
56118,xxx
56119,xxx
56120,xxx
56121,xxx
56122,xxx
56123,xxx
56124,xxx
56125,xxx
56126,xxx
56127,xxx
56128,xxx
56129,xxx
56130,xxx
56131,xxx
56132,xxx
56133,xxx
56134,xxx
56135,xxx
56136,xxx
56137,xxx
56138,xxx
56139,xxx
56140,xxx
56141,xxx
56142,xxx
56143,xxx
56144,xxx
56145,xxx
56146,xxx
56147,xxx
56148,xxx
56149,xxx
56150,xxx
56151,xxx
56152,xxx
56153,xxx
56154,xxx
56155,xxx
56156,xxx
56157,xxx
56158,xxx
56159,xxx
56160,xxx
56161,xxx
56162,xxx
56163,xxx
56164,xxx
56165,xxx
56166,xxx
56167,xxx
56168,xxx
56169,xxx
56170,xxx
56171,xxx
56172,xxx
56173,xxx
56174,xxx
56175,xxx
56176,xxx
56177,xxx
56178,xxx
56179,xxx
56180,xxx
56181,xxx
56182,xxx
56183,xxx
56184,xxx
56185,xxx
56186,xxx
56187,xxx
56188,xxx
56189,xxx
56190,xxx
56191,xxx
56192,xxx
56193,xxx
56194,xxx
56195,xxx
56196,xxx
56197,xxx
56198,xxx
56199,xxx
56200,xxx
56201,xxx
56202,xxx
56203,xxx
56204,xxx
56205,xxx
56206,xxx
56207,xxx
56208,xxx
56209,xxx
56210,xxx
56211,xxx
56212,xxx
56213,xxx
56214,xxx
56215,xxx
56216,xxx
56217,xxx
56218,xxx
56219,xxx
56220,xxx
56221,xxx
56222,xxx
56223,xxx
56224,xxx
56225,xxx
56226,xxx
56227,xxx
56228,xxx
56229,xxx
56230,xxx
56231,xxx
56232,xxx
56233,xxx
56234,xxx
56235,xxx
56236,xxx
56237,xxx
56238,xxx
56239,xxx
56240,xxx
56241,xxx
56242,xxx
56243,xxx
56244,xxx
56245,xxx
56246,xxx
56247,xxx
56248,xxx
56249,xxx
56250,xxx
56251,xxx
56252,xxx
56253,xxx
56254,xxx
56255,xxx
56256,xxx
56257,xxx
56258,xxx
56259,xxx
56260,xxx
56261,xxx
56262,xxx
56263,xxx
56264,xxx
56265,xxx
56266,xxx
56267,xxx
56268,xxx
56269,xxx
56270,xxx
56271,xxx
56272,xxx
56273,xxx
56274,xxx
56275,xxx
56276,xxx
56277,xxx
56278,xxx
56279,xxx
56280,xxx
56281,xxx
56282,xxx
56283,xxx
56284,xxx
56285,xxx
56286,xxx
56287,xxx
56288,xxx
56289,xxx
56290,xxx
56291,xxx
56292,xxx
56293,xxx
56294,xxx
56295,xxx
56296,xxx
56297,xxx
56298,xxx
56299,xxx
56300,xxx
56301,xxx
56302,xxx
56303,xxx
56304,xxx
56305,xxx
56306,xxx
56307,xxx
56308,xxx
56309,xxx
56310,xxx
56311,xxx
56312,xxx
56313,xxx
56314,xxx
56315,xxx
56316,xxx
56317,xxx
56318,xxx
56319,xxx
56320,xxx
56321,xxx
56322,xxx
56323,xxx
56324,xxx
56325,xxx
56326,xxx
56327,xxx
56328,xxx
56329,xxx
56330,xxx
56331,xxx
56332,xxx
56333,xxx
56334,xxx
56335,xxx
56336,xxx
56337,xxx
56338,xxx
56339,xxx
56340,xxx
56341,xxx
56342,xxx
56343,xxx
56344,xxx
56345,xxx
56346,xxx
56347,xxx
56348,xxx
56349,xxx
56350,xxx
56351,xxx
56352,xxx
56353,xxx
56354,xxx
56355,xxx
56356,xxx
56357,xxx
56358,xxx
56359,xxx
56360,xxx
56361,xxx
56362,xxx
56363,xxx
56364,xxx
56365,xxx
56366,xxx
56367,xxx
56368,xxx
56369,xxx
56370,xxx
56371,xxx
56372,xxx
56373,xxx
56374,xxx
56375,xxx
56376,xxx
56377,xxx
56378,xxx
56379,xxx
56380,xxx
56381,xxx
56382,xxx
56383,xxx
56384,xxx
56385,xxx
56386,xxx
56387,xxx
56388,xxx
56389,xxx
56390,xxx
56391,xxx
56392,xxx
56393,xxx
56394,xxx
56395,xxx
56396,xxx
56397,xxx
56398,xxx
56399,xxx
56400,xxx
56401,xxx
56402,xxx
56403,xxx
56404,xxx
56405,xxx
56406,xxx
56407,xxx
56408,xxx
56409,xxx
56410,xxx
56411,xxx
56412,xxx
56413,xxx
56414,xxx
56415,xxx
56416,xxx
56417,xxx
56418,xxx
56419,xxx
56420,xxx
56421,xxx
56422,xxx
56423,xxx
56424,xxx
56425,xxx
56426,xxx
56427,xxx
56428,xxx
56429,xxx
56430,xxx
56431,xxx
56432,xxx
56433,xxx
56434,xxx
56435,xxx
56436,xxx
56437,xxx
56438,xxx
56439,xxx
56440,xxx
56441,xxx
56442,xxx
56443,xxx
56444,xxx
56445,xxx
56446,xxx
56447,xxx
56448,xxx
56449,xxx
56450,xxx
56451,xxx
56452,xxx
56453,xxx
56454,xxx
56455,xxx
56456,xxx
56457,xxx
56458,xxx
56459,xxx
56460,xxx
56461,xxx
56462,xxx
56463,xxx
56464,xxx
56465,xxx
56466,xxx
56467,xxx
56468,xxx
56469,xxx
56470,xxx
56471,xxx
56472,xxx
56473,xxx
56474,xxx
56475,xxx
56476,xxx
56477,xxx
56478,xxx
56479,xxx
56480,xxx
56481,xxx
56482,xxx
56483,xxx
56484,xxx
56485,xxx
56486,xxx
56487,xxx
56488,xxx
56489,xxx
56490,xxx
56491,xxx
56492,xxx
56493,xxx
56494,xxx
56495,xxx
56496,xxx
56497,xxx
56498,xxx
56499,xxx
56500,xxx
56501,xxx
56502,xxx
56503,xxx
56504,xxx
56505,xxx
56506,xxx
56507,xxx
56508,xxx
56509,xxx
56510,xxx
56511,xxx
56512,xxx
56513,xxx
56514,xxx
56515,xxx
56516,xxx
56517,xxx
56518,xxx
56519,xxx
56520,xxx
56521,xxx
56522,xxx
56523,xxx
56524,xxx
56525,xxx
56526,xxx
56527,xxx
56528,xxx
56529,xxx
56530,xxx
56531,xxx
56532,xxx
56533,xxx
56534,xxx
56535,xxx
56536,xxx
56537,xxx
56538,xxx
56539,xxx
56540,xxx
56541,xxx
56542,xxx
56543,xxx
56544,xxx
56545,xxx
56546,xxx
56547,xxx
56548,xxx
56549,xxx
56550,xxx
56551,xxx
56552,xxx
56553,xxx
56554,xxx
56555,xxx
56556,xxx
56557,xxx
56558,xxx
56559,xxx
56560,xxx
56561,xxx
56562,xxx
56563,xxx
56564,xxx
56565,xxx
56566,xxx
56567,xxx
56568,xxx
56569,xxx
56570,xxx
56571,xxx
56572,xxx
56573,xxx
56574,xxx
56575,xxx
56576,xxx
56577,xxx
56578,xxx
56579,xxx
56580,xxx
56581,xxx
56582,xxx
56583,xxx
56584,xxx
56585,xxx
56586,xxx
56587,xxx
56588,xxx
56589,xxx
56590,xxx
56591,xxx
56592,xxx
56593,xxx
56594,xxx
56595,xxx
56596,xxx
56597,xxx
56598,xxx
56599,xxx
56600,xxx
56601,xxx
56602,xxx
56603,xxx
56604,xxx
56605,xxx
56606,xxx
56607,xxx
56608,xxx
56609,xxx
56610,xxx
56611,xxx
56612,xxx
56613,xxx
56614,xxx
56615,xxx
56616,xxx
56617,xxx
56618,xxx
56619,xxx
56620,xxx
56621,xxx
56622,xxx
56623,xxx
56624,xxx
56625,xxx
56626,xxx
56627,xxx
56628,xxx
56629,xxx
56630,xxx
56631,xxx
56632,xxx
56633,xxx
56634,xxx
56635,xxx
56636,xxx
56637,xxx
56638,xxx
56639,xxx
56640,xxx
56641,xxx
56642,xxx
56643,xxx
56644,xxx
56645,xxx
56646,xxx
56647,xxx
56648,xxx
56649,xxx
56650,xxx
56651,xxx
56652,xxx
56653,xxx
56654,xxx
56655,xxx
56656,xxx
56657,xxx
56658,xxx
56659,xxx
56660,xxx
56661,xxx
56662,xxx
56663,xxx
56664,xxx
56665,xxx
56666,xxx
56667,xxx
56668,xxx
56669,xxx
56670,xxx
56671,xxx
56672,xxx
56673,xxx
56674,xxx
56675,xxx
56676,xxx
56677,xxx
56678,xxx
56679,xxx
56680,xxx
56681,xxx
56682,xxx
56683,xxx
56684,xxx
56685,xxx
56686,xxx
56687,xxx
56688,xxx
56689,xxx
56690,xxx
56691,xxx
56692,xxx
56693,xxx
56694,xxx
56695,xxx
56696,xxx
56697,xxx
56698,xxx
56699,xxx
56700,xxx
56701,xxx
56702,xxx
56703,xxx
56704,xxx
56705,xxx
56706,xxx
56707,xxx
56708,xxx
56709,xxx
56710,xxx
56711,xxx
56712,xxx
56713,xxx
56714,xxx
56715,xxx
56716,xxx
56717,xxx
56718,xxx
56719,xxx
56720,xxx
56721,xxx
56722,xxx
56723,xxx
56724,xxx
56725,xxx
56726,xxx
56727,xxx
56728,xxx
56729,xxx
56730,xxx
56731,xxx
56732,xxx
56733,xxx
56734,xxx
56735,xxx
56736,xxx
56737,xxx
56738,xxx
56739,xxx
56740,xxx
56741,xxx
56742,xxx
56743,xxx
56744,xxx
56745,xxx
56746,xxx
56747,xxx
56748,xxx
56749,xxx
56750,xxx
56751,xxx
56752,xxx
56753,xxx
56754,xxx
56755,xxx
56756,xxx
56757,xxx
56758,xxx
56759,xxx
56760,xxx
56761,xxx
56762,xxx
56763,xxx
56764,xxx
56765,xxx
56766,xxx
56767,xxx
56768,xxx
56769,xxx
56770,xxx
56771,xxx
56772,xxx
56773,xxx
56774,xxx
56775,xxx
56776,xxx
56777,xxx
56778,xxx
56779,xxx
56780,xxx
56781,xxx
56782,xxx
56783,xxx
56784,xxx
56785,xxx
56786,xxx
56787,xxx
56788,xxx
56789,xxx
56790,xxx
56791,xxx
56792,xxx
56793,xxx
56794,xxx
56795,xxx
56796,xxx
56797,xxx
56798,xxx
56799,xxx
56800,xxx
56801,xxx
56802,xxx
56803,xxx
56804,xxx
56805,xxx
56806,xxx
56807,xxx
56808,xxx
56809,xxx
56810,xxx
56811,xxx
56812,xxx
56813,xxx
56814,xxx
56815,xxx
56816,xxx
56817,xxx
56818,xxx
56819,xxx
56820,xxx
56821,xxx
56822,xxx
56823,xxx
56824,xxx
56825,xxx
56826,xxx
56827,xxx
56828,xxx
56829,xxx
56830,xxx
56831,xxx
56832,xxx
56833,xxx
56834,xxx
56835,xxx
56836,xxx
56837,xxx
56838,xxx
56839,xxx
56840,xxx
56841,xxx
56842,xxx
56843,xxx
56844,xxx
56845,xxx
56846,xxx
56847,xxx
56848,xxx
56849,xxx
56850,xxx
56851,xxx
56852,xxx
56853,xxx
56854,xxx
56855,xxx
56856,xxx
56857,xxx
56858,xxx
56859,xxx
56860,xxx
56861,xxx
56862,xxx
56863,xxx
56864,xxx
56865,xxx
56866,xxx
56867,xxx
56868,xxx
56869,xxx
56870,xxx
56871,xxx
56872,xxx
56873,xxx
56874,xxx
56875,xxx
56876,xxx
56877,xxx
56878,xxx
56879,xxx
56880,xxx
56881,xxx
56882,xxx
56883,xxx
56884,xxx
56885,xxx
56886,xxx
56887,xxx
56888,xxx
56889,xxx
56890,xxx
56891,xxx
56892,xxx
56893,xxx
56894,xxx
56895,xxx
56896,xxx
56897,xxx
56898,xxx
56899,xxx
56900,xxx
56901,xxx
56902,xxx
56903,xxx
56904,xxx
56905,xxx
56906,xxx
56907,xxx
56908,xxx
56909,xxx
56910,xxx
56911,xxx
56912,xxx
56913,xxx
56914,xxx
56915,xxx
56916,xxx
56917,xxx
56918,xxx
56919,xxx
56920,xxx
56921,xxx
56922,xxx
56923,xxx
56924,xxx
56925,xxx
56926,xxx
56927,xxx
56928,xxx
56929,xxx
56930,xxx
56931,xxx
56932,xxx
56933,xxx
56934,xxx
56935,xxx
56936,xxx
56937,xxx
56938,xxx
56939,xxx
56940,xxx
56941,xxx
56942,xxx
56943,xxx
56944,xxx
56945,xxx
56946,xxx
56947,xxx
56948,xxx
56949,xxx
56950,xxx
56951,xxx
56952,xxx
56953,xxx
56954,xxx
56955,xxx
56956,xxx
56957,xxx
56958,xxx
56959,xxx
56960,xxx
56961,xxx
56962,xxx
56963,xxx
56964,xxx
56965,xxx
56966,xxx
56967,xxx
56968,xxx
56969,xxx
56970,xxx
56971,xxx
56972,xxx
56973,xxx
56974,xxx
56975,xxx
56976,xxx
56977,xxx
56978,xxx
56979,xxx
56980,xxx
56981,xxx
56982,xxx
56983,xxx
56984,xxx
56985,xxx
56986,xxx
56987,xxx
56988,xxx
56989,xxx
56990,xxx
56991,xxx
56992,xxx
56993,xxx
56994,xxx
56995,xxx
56996,xxx
56997,xxx
56998,xxx
56999,xxx
57000,xxx
57001,xxx
57002,xxx
57003,xxx
57004,xxx
57005,xxx
57006,xxx
57007,xxx
57008,xxx
57009,xxx
57010,xxx
57011,xxx
57012,xxx
57013,xxx
57014,xxx
57015,xxx
57016,xxx
57017,xxx
57018,xxx
57019,xxx
57020,xxx
57021,xxx
57022,xxx
57023,xxx
57024,xxx
57025,xxx
57026,xxx
57027,xxx
57028,xxx
57029,xxx
57030,xxx
57031,xxx
57032,xxx
57033,xxx
57034,xxx
57035,xxx
57036,xxx
57037,xxx
57038,xxx
57039,xxx
57040,xxx
57041,xxx
57042,xxx
57043,xxx
57044,xxx
57045,xxx
57046,xxx
57047,xxx
57048,xxx
57049,xxx
57050,xxx
57051,xxx
57052,xxx
57053,xxx
57054,xxx
57055,xxx
57056,xxx
57057,xxx
57058,xxx
57059,xxx
57060,xxx
57061,xxx
57062,xxx
57063,xxx
57064,xxx
57065,xxx
57066,xxx
57067,xxx
57068,xxx
57069,xxx
57070,xxx
57071,xxx
57072,xxx
57073,xxx
57074,xxx
57075,xxx
57076,xxx
57077,xxx
57078,xxx
57079,xxx
57080,xxx
57081,xxx
57082,xxx
57083,xxx
57084,xxx
57085,xxx
57086,xxx
57087,xxx
57088,xxx
57089,xxx
57090,xxx
57091,xxx
57092,xxx
57093,xxx
57094,xxx
57095,xxx
57096,xxx
57097,xxx
57098,xxx
57099,xxx
57100,xxx
57101,xxx
57102,xxx
57103,xxx
57104,xxx
57105,xxx
57106,xxx
57107,xxx
57108,xxx
57109,xxx
57110,xxx
57111,xxx
57112,xxx
57113,xxx
57114,xxx
57115,xxx
57116,xxx
57117,xxx
57118,xxx
57119,xxx
57120,xxx
57121,xxx
57122,xxx
57123,xxx
57124,xxx
57125,xxx
57126,xxx
57127,xxx
57128,xxx
57129,xxx
57130,xxx
57131,xxx
57132,xxx
57133,xxx
57134,xxx
57135,xxx
57136,xxx
57137,xxx
57138,xxx
57139,xxx
57140,xxx
57141,xxx
57142,xxx
57143,xxx
57144,xxx
57145,xxx
57146,xxx
57147,xxx
57148,xxx
57149,xxx
57150,xxx
57151,xxx
57152,xxx
57153,xxx
57154,xxx
57155,xxx
57156,xxx
57157,xxx
57158,xxx
57159,xxx
57160,xxx
57161,xxx
57162,xxx
57163,xxx
57164,xxx
57165,xxx
57166,xxx
57167,xxx
57168,xxx
57169,xxx
57170,xxx
57171,xxx
57172,xxx
57173,xxx
57174,xxx
57175,xxx
57176,xxx
57177,xxx
57178,xxx
57179,xxx
57180,xxx
57181,xxx
57182,xxx
57183,xxx
57184,xxx
57185,xxx
57186,xxx
57187,xxx
57188,xxx
57189,xxx
57190,xxx
57191,xxx
57192,xxx
57193,xxx
57194,xxx
57195,xxx
57196,xxx
57197,xxx
57198,xxx
57199,xxx
57200,xxx
57201,xxx
57202,xxx
57203,xxx
57204,xxx
57205,xxx
57206,xxx
57207,xxx
57208,xxx
57209,xxx
57210,xxx
57211,xxx
57212,xxx
57213,xxx
57214,xxx
57215,xxx
57216,xxx
57217,xxx
57218,xxx
57219,xxx
57220,xxx
57221,xxx
57222,xxx
57223,xxx
57224,xxx
57225,xxx
57226,xxx
57227,xxx
57228,xxx
57229,xxx
57230,xxx
57231,xxx
57232,xxx
57233,xxx
57234,xxx
57235,xxx
57236,xxx
57237,xxx
57238,xxx
57239,xxx
57240,xxx
57241,xxx
57242,xxx
57243,xxx
57244,xxx
57245,xxx
57246,xxx
57247,xxx
57248,xxx
57249,xxx
57250,xxx
57251,xxx
57252,xxx
57253,xxx
57254,xxx
57255,xxx
57256,xxx
57257,xxx
57258,xxx
57259,xxx
57260,xxx
57261,xxx
57262,xxx
57263,xxx
57264,xxx
57265,xxx
57266,xxx
57267,xxx
57268,xxx
57269,xxx
57270,xxx
57271,xxx
57272,xxx
57273,xxx
57274,xxx
57275,xxx
57276,xxx
57277,xxx
57278,xxx
57279,xxx
57280,xxx
57281,xxx
57282,xxx
57283,xxx
57284,xxx
57285,xxx
57286,xxx
57287,xxx
57288,xxx
57289,xxx
57290,xxx
57291,xxx
57292,xxx
57293,xxx
57294,xxx
57295,xxx
57296,xxx
57297,xxx
57298,xxx
57299,xxx
57300,xxx
57301,xxx
57302,xxx
57303,xxx
57304,xxx
57305,xxx
57306,xxx
57307,xxx
57308,xxx
57309,xxx
57310,xxx
57311,xxx
57312,xxx
57313,xxx
57314,xxx
57315,xxx
57316,xxx
57317,xxx
57318,xxx
57319,xxx
57320,xxx
57321,xxx
57322,xxx
57323,xxx
57324,xxx
57325,xxx
57326,xxx
57327,xxx
57328,xxx
57329,xxx
57330,xxx
57331,xxx
57332,xxx
57333,xxx
57334,xxx
57335,xxx
57336,xxx
57337,xxx
57338,xxx
57339,xxx
57340,xxx
57341,xxx
57342,xxx
57343,xxx
57344,xxx
57345,xxx
57346,xxx
57347,xxx
57348,xxx
57349,xxx
57350,xxx
57351,xxx
57352,xxx
57353,xxx
57354,xxx
57355,xxx
57356,xxx
57357,xxx
57358,xxx
57359,xxx
57360,xxx
57361,xxx
57362,xxx
57363,xxx
57364,xxx
57365,xxx
57366,xxx
57367,xxx
57368,xxx
57369,xxx
57370,xxx
57371,xxx
57372,xxx
57373,xxx
57374,xxx
57375,xxx
57376,xxx
57377,xxx
57378,xxx
57379,xxx
57380,xxx
57381,xxx
57382,xxx
57383,xxx
57384,xxx
57385,xxx
57386,xxx
57387,xxx
57388,xxx
57389,xxx
57390,xxx
57391,xxx
57392,xxx
57393,xxx
57394,xxx
57395,xxx
57396,xxx
57397,xxx
57398,xxx
57399,xxx
57400,xxx
57401,xxx
57402,xxx
57403,xxx
57404,xxx
57405,xxx
57406,xxx
57407,xxx
57408,xxx
57409,xxx
57410,xxx
57411,xxx
57412,xxx
57413,xxx
57414,xxx
57415,xxx
57416,xxx
57417,xxx
57418,xxx
57419,xxx
57420,xxx
57421,xxx
57422,xxx
57423,xxx
57424,xxx
57425,xxx
57426,xxx
57427,xxx
57428,xxx
57429,xxx
57430,xxx
57431,xxx
57432,xxx
57433,xxx
57434,xxx
57435,xxx
57436,xxx
57437,xxx
57438,xxx
57439,xxx
57440,xxx
57441,xxx
57442,xxx
57443,xxx
57444,xxx
57445,xxx
57446,xxx
57447,xxx
57448,xxx
57449,xxx
57450,xxx
57451,xxx
57452,xxx
57453,xxx
57454,xxx
57455,xxx
57456,xxx
57457,xxx
57458,xxx
57459,xxx
57460,xxx
57461,xxx
57462,xxx
57463,xxx
57464,xxx
57465,xxx
57466,xxx
57467,xxx
57468,xxx
57469,xxx
57470,xxx
57471,xxx
57472,xxx
57473,xxx
57474,xxx
57475,xxx
57476,xxx
57477,xxx
57478,xxx
57479,xxx
57480,xxx
57481,xxx
57482,xxx
57483,xxx
57484,xxx
57485,xxx
57486,xxx
57487,xxx
57488,xxx
57489,xxx
57490,xxx
57491,xxx
57492,xxx
57493,xxx
57494,xxx
57495,xxx
57496,xxx
57497,xxx
57498,xxx
57499,xxx
57500,xxx
57501,xxx
57502,xxx
57503,xxx
57504,xxx
57505,xxx
57506,xxx
57507,xxx
57508,xxx
57509,xxx
57510,xxx
57511,xxx
57512,xxx
57513,xxx
57514,xxx
57515,xxx
57516,xxx
57517,xxx
57518,xxx
57519,xxx
57520,xxx
57521,xxx
57522,xxx
57523,xxx
57524,xxx
57525,xxx
57526,xxx
57527,xxx
57528,xxx
57529,xxx
57530,xxx
57531,xxx
57532,xxx
57533,xxx
57534,xxx
57535,xxx
57536,xxx
57537,xxx
57538,xxx
57539,xxx
57540,xxx
57541,xxx
57542,xxx
57543,xxx
57544,xxx
57545,xxx
57546,xxx
57547,xxx
57548,xxx
57549,xxx
57550,xxx
57551,xxx
57552,xxx
57553,xxx
57554,xxx
57555,xxx
57556,xxx
57557,xxx
57558,xxx
57559,xxx
57560,xxx
57561,xxx
57562,xxx
57563,xxx
57564,xxx
57565,xxx
57566,xxx
57567,xxx
57568,xxx
57569,xxx
57570,xxx
57571,xxx
57572,xxx
57573,xxx
57574,xxx
57575,xxx
57576,xxx
57577,xxx
57578,xxx
57579,xxx
57580,xxx
57581,xxx
57582,xxx
57583,xxx
57584,xxx
57585,xxx
57586,xxx
57587,xxx
57588,xxx
57589,xxx
57590,xxx
57591,xxx
57592,xxx
57593,xxx
57594,xxx
57595,xxx
57596,xxx
57597,xxx
57598,xxx
57599,xxx
57600,xxx
57601,xxx
57602,xxx
57603,xxx
57604,xxx
57605,xxx
57606,xxx
57607,xxx
57608,xxx
57609,xxx
57610,xxx
57611,xxx
57612,xxx
57613,xxx
57614,xxx
57615,xxx
57616,xxx
57617,xxx
57618,xxx
57619,xxx
57620,xxx
57621,xxx
57622,xxx
57623,xxx
57624,xxx
57625,xxx
57626,xxx
57627,xxx
57628,xxx
57629,xxx
57630,xxx
57631,xxx
57632,xxx
57633,xxx
57634,xxx
57635,xxx
57636,xxx
57637,xxx
57638,xxx
57639,xxx
57640,xxx
57641,xxx
57642,xxx
57643,xxx
57644,xxx
57645,xxx
57646,xxx
57647,xxx
57648,xxx
57649,xxx
57650,xxx
57651,xxx
57652,xxx
57653,xxx
57654,xxx
57655,xxx
57656,xxx
57657,xxx
57658,xxx
57659,xxx
57660,xxx
57661,xxx
57662,xxx
57663,xxx
57664,xxx
57665,xxx
57666,xxx
57667,xxx
57668,xxx
57669,xxx
57670,xxx
57671,xxx
57672,xxx
57673,xxx
57674,xxx
57675,xxx
57676,xxx
57677,xxx
57678,xxx
57679,xxx
57680,xxx
57681,xxx
57682,xxx
57683,xxx
57684,xxx
57685,xxx
57686,xxx
57687,xxx
57688,xxx
57689,xxx
57690,xxx
57691,xxx
57692,xxx
57693,xxx
57694,xxx
57695,xxx
57696,xxx
57697,xxx
57698,xxx
57699,xxx
57700,xxx
57701,xxx
57702,xxx
57703,xxx
57704,xxx
57705,xxx
57706,xxx
57707,xxx
57708,xxx
57709,xxx
57710,xxx
57711,xxx
57712,xxx
57713,xxx
57714,xxx
57715,xxx
57716,xxx
57717,xxx
57718,xxx
57719,xxx
57720,xxx
57721,xxx
57722,xxx
57723,xxx
57724,xxx
57725,xxx
57726,xxx
57727,xxx
57728,xxx
57729,xxx
57730,xxx
57731,xxx
57732,xxx
57733,xxx
57734,xxx
57735,xxx
57736,xxx
57737,xxx
57738,xxx
57739,xxx
57740,xxx
57741,xxx
57742,xxx
57743,xxx
57744,xxx
57745,xxx
57746,xxx
57747,xxx
57748,xxx
57749,xxx
57750,xxx
57751,xxx
57752,xxx
57753,xxx
57754,xxx
57755,xxx
57756,xxx
57757,xxx
57758,xxx
57759,xxx
57760,xxx
57761,xxx
57762,xxx
57763,xxx
57764,xxx
57765,xxx
57766,xxx
57767,xxx
57768,xxx
57769,xxx
57770,xxx
57771,xxx
57772,xxx
57773,xxx
57774,xxx
57775,xxx
57776,xxx
57777,xxx
57778,xxx
57779,xxx
57780,xxx
57781,xxx
57782,xxx
57783,xxx
57784,xxx
57785,xxx
57786,xxx
57787,xxx
57788,xxx
57789,xxx
57790,xxx
57791,xxx
57792,xxx
57793,xxx
57794,xxx
57795,xxx
57796,xxx
57797,xxx
57798,xxx
57799,xxx
57800,xxx
57801,xxx
57802,xxx
57803,xxx
57804,xxx
57805,xxx
57806,xxx
57807,xxx
57808,xxx
57809,xxx
57810,xxx
57811,xxx
57812,xxx
57813,xxx
57814,xxx
57815,xxx
57816,xxx
57817,xxx
57818,xxx
57819,xxx
57820,xxx
57821,xxx
57822,xxx
57823,xxx
57824,xxx
57825,xxx
57826,xxx
57827,xxx
57828,xxx
57829,xxx
57830,xxx
57831,xxx
57832,xxx
57833,xxx
57834,xxx
57835,xxx
57836,xxx
57837,xxx
57838,xxx
57839,xxx
57840,xxx
57841,xxx
57842,xxx
57843,xxx
57844,xxx
57845,xxx
57846,xxx
57847,xxx
57848,xxx
57849,xxx
57850,xxx
57851,xxx
57852,xxx
57853,xxx
57854,xxx
57855,xxx
57856,xxx
57857,xxx
57858,xxx
57859,xxx
57860,xxx
57861,xxx
57862,xxx
57863,xxx
57864,xxx
57865,xxx
57866,xxx
57867,xxx
57868,xxx
57869,xxx
57870,xxx
57871,xxx
57872,xxx
57873,xxx
57874,xxx
57875,xxx
57876,xxx
57877,xxx
57878,xxx
57879,xxx
57880,xxx
57881,xxx
57882,xxx
57883,xxx
57884,xxx
57885,xxx
57886,xxx
57887,xxx
57888,xxx
57889,xxx
57890,xxx
57891,xxx
57892,xxx
57893,xxx
57894,xxx
57895,xxx
57896,xxx
57897,xxx
57898,xxx
57899,xxx
57900,xxx
57901,xxx
57902,xxx
57903,xxx
57904,xxx
57905,xxx
57906,xxx
57907,xxx
57908,xxx
57909,xxx
57910,xxx
57911,xxx
57912,xxx
57913,xxx
57914,xxx
57915,xxx
57916,xxx
57917,xxx
57918,xxx
57919,xxx
57920,xxx
57921,xxx
57922,xxx
57923,xxx
57924,xxx
57925,xxx
57926,xxx
57927,xxx
57928,xxx
57929,xxx
57930,xxx
57931,xxx
57932,xxx
57933,xxx
57934,xxx
57935,xxx
57936,xxx
57937,xxx
57938,xxx
57939,xxx
57940,xxx
57941,xxx
57942,xxx
57943,xxx
57944,xxx
57945,xxx
57946,xxx
57947,xxx
57948,xxx
57949,xxx
57950,xxx
57951,xxx
57952,xxx
57953,xxx
57954,xxx
57955,xxx
57956,xxx
57957,xxx
57958,xxx
57959,xxx
57960,xxx
57961,xxx
57962,xxx
57963,xxx
57964,xxx
57965,xxx
57966,xxx
57967,xxx
57968,xxx
57969,xxx
57970,xxx
57971,xxx
57972,xxx
57973,xxx
57974,xxx
57975,xxx
57976,xxx
57977,xxx
57978,xxx
57979,xxx
57980,xxx
57981,xxx
57982,xxx
57983,xxx
57984,xxx
57985,xxx
57986,xxx
57987,xxx
57988,xxx
57989,xxx
57990,xxx
57991,xxx
57992,xxx
57993,xxx
57994,xxx
57995,xxx
57996,xxx
57997,xxx
57998,xxx
57999,xxx
58000,xxx
58001,xxx
58002,xxx
58003,xxx
58004,xxx
58005,xxx
58006,xxx
58007,xxx
58008,xxx
58009,xxx
58010,xxx
58011,xxx
58012,xxx
58013,xxx
58014,xxx
58015,xxx
58016,xxx
58017,xxx
58018,xxx
58019,xxx
58020,xxx
58021,xxx
58022,xxx
58023,xxx
58024,xxx
58025,xxx
58026,xxx
58027,xxx
58028,xxx
58029,xxx
58030,xxx
58031,xxx
58032,xxx
58033,xxx
58034,xxx
58035,xxx
58036,xxx
58037,xxx
58038,xxx
58039,xxx
58040,xxx
58041,xxx
58042,xxx
58043,xxx
58044,xxx
58045,xxx
58046,xxx
58047,xxx
58048,xxx
58049,xxx
58050,xxx
58051,xxx
58052,xxx
58053,xxx
58054,xxx
58055,xxx
58056,xxx
58057,xxx
58058,xxx
58059,xxx
58060,xxx
58061,xxx
58062,xxx
58063,xxx
58064,xxx
58065,xxx
58066,xxx
58067,xxx
58068,xxx
58069,xxx
58070,xxx
58071,xxx
58072,xxx
58073,xxx
58074,xxx
58075,xxx
58076,xxx
58077,xxx
58078,xxx
58079,xxx
58080,xxx
58081,xxx
58082,xxx
58083,xxx
58084,xxx
58085,xxx
58086,xxx
58087,xxx
58088,xxx
58089,xxx
58090,xxx
58091,xxx
58092,xxx
58093,xxx
58094,xxx
58095,xxx
58096,xxx
58097,xxx
58098,xxx
58099,xxx
58100,xxx
58101,xxx
58102,xxx
58103,xxx
58104,xxx
58105,xxx
58106,xxx
58107,xxx
58108,xxx
58109,xxx
58110,xxx
58111,xxx
58112,xxx
58113,xxx
58114,xxx
58115,xxx
58116,xxx
58117,xxx
58118,xxx
58119,xxx
58120,xxx
58121,xxx
58122,xxx
58123,xxx
58124,xxx
58125,xxx
58126,xxx
58127,xxx
58128,xxx
58129,xxx
58130,xxx
58131,xxx
58132,xxx
58133,xxx
58134,xxx
58135,xxx
58136,xxx
58137,xxx
58138,xxx
58139,xxx
58140,xxx
58141,xxx
58142,xxx
58143,xxx
58144,xxx
58145,xxx
58146,xxx
58147,xxx
58148,xxx
58149,xxx
58150,xxx
58151,xxx
58152,xxx
58153,xxx
58154,xxx
58155,xxx
58156,xxx
58157,xxx
58158,xxx
58159,xxx
58160,xxx
58161,xxx
58162,xxx
58163,xxx
58164,xxx
58165,xxx
58166,xxx
58167,xxx
58168,xxx
58169,xxx
58170,xxx
58171,xxx
58172,xxx
58173,xxx
58174,xxx
58175,xxx
58176,xxx
58177,xxx
58178,xxx
58179,xxx
58180,xxx
58181,xxx
58182,xxx
58183,xxx
58184,xxx
58185,xxx
58186,xxx
58187,xxx
58188,xxx
58189,xxx
58190,xxx
58191,xxx
58192,xxx
58193,xxx
58194,xxx
58195,xxx
58196,xxx
58197,xxx
58198,xxx
58199,xxx
58200,xxx
58201,xxx
58202,xxx
58203,xxx
58204,xxx
58205,xxx
58206,xxx
58207,xxx
58208,xxx
58209,xxx
58210,xxx
58211,xxx
58212,xxx
58213,xxx
58214,xxx
58215,xxx
58216,xxx
58217,xxx
58218,xxx
58219,xxx
58220,xxx
58221,xxx
58222,xxx
58223,xxx
58224,xxx
58225,xxx
58226,xxx
58227,xxx
58228,xxx
58229,xxx
58230,xxx
58231,xxx
58232,xxx
58233,xxx
58234,xxx
58235,xxx
58236,xxx
58237,xxx
58238,xxx
58239,xxx
58240,xxx
58241,xxx
58242,xxx
58243,xxx
58244,xxx
58245,xxx
58246,xxx
58247,xxx
58248,xxx
58249,xxx
58250,xxx
58251,xxx
58252,xxx
58253,xxx
58254,xxx
58255,xxx
58256,xxx
58257,xxx
58258,xxx
58259,xxx
58260,xxx
58261,xxx
58262,xxx
58263,xxx
58264,xxx
58265,xxx
58266,xxx
58267,xxx
58268,xxx
58269,xxx
58270,xxx
58271,xxx
58272,xxx
58273,xxx
58274,xxx
58275,xxx
58276,xxx
58277,xxx
58278,xxx
58279,xxx
58280,xxx
58281,xxx
58282,xxx
58283,xxx
58284,xxx
58285,xxx
58286,xxx
58287,xxx
58288,xxx
58289,xxx
58290,xxx
58291,xxx
58292,xxx
58293,xxx
58294,xxx
58295,xxx
58296,xxx
58297,xxx
58298,xxx
58299,xxx
58300,xxx
58301,xxx
58302,xxx
58303,xxx
58304,xxx
58305,xxx
58306,xxx
58307,xxx
58308,xxx
58309,xxx
58310,xxx
58311,xxx
58312,xxx
58313,xxx
58314,xxx
58315,xxx
58316,xxx
58317,xxx
58318,xxx
58319,xxx
58320,xxx
58321,xxx
58322,xxx
58323,xxx
58324,xxx
58325,xxx
58326,xxx
58327,xxx
58328,xxx
58329,xxx
58330,xxx
58331,xxx
58332,xxx
58333,xxx
58334,xxx
58335,xxx
58336,xxx
58337,xxx
58338,xxx
58339,xxx
58340,xxx
58341,xxx
58342,xxx
58343,xxx
58344,xxx
58345,xxx
58346,xxx
58347,xxx
58348,xxx
58349,xxx
58350,xxx
58351,xxx
58352,xxx
58353,xxx
58354,xxx
58355,xxx
58356,xxx
58357,xxx
58358,xxx
58359,xxx
58360,xxx
58361,xxx
58362,xxx
58363,xxx
58364,xxx
58365,xxx
58366,xxx
58367,xxx
58368,xxx
58369,xxx
58370,xxx
58371,xxx
58372,xxx
58373,xxx
58374,xxx
58375,xxx
58376,xxx
58377,xxx
58378,xxx
58379,xxx
58380,xxx
58381,xxx
58382,xxx
58383,xxx
58384,xxx
58385,xxx
58386,xxx
58387,xxx
58388,xxx
58389,xxx
58390,xxx
58391,xxx
58392,xxx
58393,xxx
58394,xxx
58395,xxx
58396,xxx
58397,xxx
58398,xxx
58399,xxx
58400,xxx
58401,xxx
58402,xxx
58403,xxx
58404,xxx
58405,xxx
58406,xxx
58407,xxx
58408,xxx
58409,xxx
58410,xxx
58411,xxx
58412,xxx
58413,xxx
58414,xxx
58415,xxx
58416,xxx
58417,xxx
58418,xxx
58419,xxx
58420,xxx
58421,xxx
58422,xxx
58423,xxx
58424,xxx
58425,xxx
58426,xxx
58427,xxx
58428,xxx
58429,xxx
58430,xxx
58431,xxx
58432,xxx
58433,xxx
58434,xxx
58435,xxx
58436,xxx
58437,xxx
58438,xxx
58439,xxx
58440,xxx
58441,xxx
58442,xxx
58443,xxx
58444,xxx
58445,xxx
58446,xxx
58447,xxx
58448,xxx
58449,xxx
58450,xxx
58451,xxx
58452,xxx
58453,xxx
58454,xxx
58455,xxx
58456,xxx
58457,xxx
58458,xxx
58459,xxx
58460,xxx
58461,xxx
58462,xxx
58463,xxx
58464,xxx
58465,xxx
58466,xxx
58467,xxx
58468,xxx
58469,xxx
58470,xxx
58471,xxx
58472,xxx
58473,xxx
58474,xxx
58475,xxx
58476,xxx
58477,xxx
58478,xxx
58479,xxx
58480,xxx
58481,xxx
58482,xxx
58483,xxx
58484,xxx
58485,xxx
58486,xxx
58487,xxx
58488,xxx
58489,xxx
58490,xxx
58491,xxx
58492,xxx
58493,xxx
58494,xxx
58495,xxx
58496,xxx
58497,xxx
58498,xxx
58499,xxx
58500,xxx
58501,xxx
58502,xxx
58503,xxx
58504,xxx
58505,xxx
58506,xxx
58507,xxx
58508,xxx
58509,xxx
58510,xxx
58511,xxx
58512,xxx
58513,xxx
58514,xxx
58515,xxx
58516,xxx
58517,xxx
58518,xxx
58519,xxx
58520,xxx
58521,xxx
58522,xxx
58523,xxx
58524,xxx
58525,xxx
58526,xxx
58527,xxx
58528,xxx
58529,xxx
58530,xxx
58531,xxx
58532,xxx
58533,xxx
58534,xxx
58535,xxx
58536,xxx
58537,xxx
58538,xxx
58539,xxx
58540,xxx
58541,xxx
58542,xxx
58543,xxx
58544,xxx
58545,xxx
58546,xxx
58547,xxx
58548,xxx
58549,xxx
58550,xxx
58551,xxx
58552,xxx
58553,xxx
58554,xxx
58555,xxx
58556,xxx
58557,xxx
58558,xxx
58559,xxx
58560,xxx
58561,xxx
58562,xxx
58563,xxx
58564,xxx
58565,xxx
58566,xxx
58567,xxx
58568,xxx
58569,xxx
58570,xxx
58571,xxx
58572,xxx
58573,xxx
58574,xxx
58575,xxx
58576,xxx
58577,xxx
58578,xxx
58579,xxx
58580,xxx
58581,xxx
58582,xxx
58583,xxx
58584,xxx
58585,xxx
58586,xxx
58587,xxx
58588,xxx
58589,xxx
58590,xxx
58591,xxx
58592,xxx
58593,xxx
58594,xxx
58595,xxx
58596,xxx
58597,xxx
58598,xxx
58599,xxx
58600,xxx
58601,xxx
58602,xxx
58603,xxx
58604,xxx
58605,xxx
58606,xxx
58607,xxx
58608,xxx
58609,xxx
58610,xxx
58611,xxx
58612,xxx
58613,xxx
58614,xxx
58615,xxx
58616,xxx
58617,xxx
58618,xxx
58619,xxx
58620,xxx
58621,xxx
58622,xxx
58623,xxx
58624,xxx
58625,xxx
58626,xxx
58627,xxx
58628,xxx
58629,xxx
58630,xxx
58631,xxx
58632,xxx
58633,xxx
58634,xxx
58635,xxx
58636,xxx
58637,xxx
58638,xxx
58639,xxx
58640,xxx
58641,xxx
58642,xxx
58643,xxx
58644,xxx
58645,xxx
58646,xxx
58647,xxx
58648,xxx
58649,xxx
58650,xxx
58651,xxx
58652,xxx
58653,xxx
58654,xxx
58655,xxx
58656,xxx
58657,xxx
58658,xxx
58659,xxx
58660,xxx
58661,xxx
58662,xxx
58663,xxx
58664,xxx
58665,xxx
58666,xxx
58667,xxx
58668,xxx
58669,xxx
58670,xxx
58671,xxx
58672,xxx
58673,xxx
58674,xxx
58675,xxx
58676,xxx
58677,xxx
58678,xxx
58679,xxx
58680,xxx
58681,xxx
58682,xxx
58683,xxx
58684,xxx
58685,xxx
58686,xxx
58687,xxx
58688,xxx
58689,xxx
58690,xxx
58691,xxx
58692,xxx
58693,xxx
58694,xxx
58695,xxx
58696,xxx
58697,xxx
58698,xxx
58699,xxx
58700,xxx
58701,xxx
58702,xxx
58703,xxx
58704,xxx
58705,xxx
58706,xxx
58707,xxx
58708,xxx
58709,xxx
58710,xxx
58711,xxx
58712,xxx
58713,xxx
58714,xxx
58715,xxx
58716,xxx
58717,xxx
58718,xxx
58719,xxx
58720,xxx
58721,xxx
58722,xxx
58723,xxx
58724,xxx
58725,xxx
58726,xxx
58727,xxx
58728,xxx
58729,xxx
58730,xxx
58731,xxx
58732,xxx
58733,xxx
58734,xxx
58735,xxx
58736,xxx
58737,xxx
58738,xxx
58739,xxx
58740,xxx
58741,xxx
58742,xxx
58743,xxx
58744,xxx
58745,xxx
58746,xxx
58747,xxx
58748,xxx
58749,xxx
58750,xxx
58751,xxx
58752,xxx
58753,xxx
58754,xxx
58755,xxx
58756,xxx
58757,xxx
58758,xxx
58759,xxx
58760,xxx
58761,xxx
58762,xxx
58763,xxx
58764,xxx
58765,xxx
58766,xxx
58767,xxx
58768,xxx
58769,xxx
58770,xxx
58771,xxx
58772,xxx
58773,xxx
58774,xxx
58775,xxx
58776,xxx
58777,xxx
58778,xxx
58779,xxx
58780,xxx
58781,xxx
58782,xxx
58783,xxx
58784,xxx
58785,xxx
58786,xxx
58787,xxx
58788,xxx
58789,xxx
58790,xxx
58791,xxx
58792,xxx
58793,xxx
58794,xxx
58795,xxx
58796,xxx
58797,xxx
58798,xxx
58799,xxx
58800,xxx
58801,xxx
58802,xxx
58803,xxx
58804,xxx
58805,xxx
58806,xxx
58807,xxx
58808,xxx
58809,xxx
58810,xxx
58811,xxx
58812,xxx
58813,xxx
58814,xxx
58815,xxx
58816,xxx
58817,xxx
58818,xxx
58819,xxx
58820,xxx
58821,xxx
58822,xxx
58823,xxx
58824,xxx
58825,xxx
58826,xxx
58827,xxx
58828,xxx
58829,xxx
58830,xxx
58831,xxx
58832,xxx
58833,xxx
58834,xxx
58835,xxx
58836,xxx
58837,xxx
58838,xxx
58839,xxx
58840,xxx
58841,xxx
58842,xxx
58843,xxx
58844,xxx
58845,xxx
58846,xxx
58847,xxx
58848,xxx
58849,xxx
58850,xxx
58851,xxx
58852,xxx
58853,xxx
58854,xxx
58855,xxx
58856,xxx
58857,xxx
58858,xxx
58859,xxx
58860,xxx
58861,xxx
58862,xxx
58863,xxx
58864,xxx
58865,xxx
58866,xxx
58867,xxx
58868,xxx
58869,xxx
58870,xxx
58871,xxx
58872,xxx
58873,xxx
58874,xxx
58875,xxx
58876,xxx
58877,xxx
58878,xxx
58879,xxx
58880,xxx
58881,xxx
58882,xxx
58883,xxx
58884,xxx
58885,xxx
58886,xxx
58887,xxx
58888,xxx
58889,xxx
58890,xxx
58891,xxx
58892,xxx
58893,xxx
58894,xxx
58895,xxx
58896,xxx
58897,xxx
58898,xxx
58899,xxx
58900,xxx
58901,xxx
58902,xxx
58903,xxx
58904,xxx
58905,xxx
58906,xxx
58907,xxx
58908,xxx
58909,xxx
58910,xxx
58911,xxx
58912,xxx
58913,xxx
58914,xxx
58915,xxx
58916,xxx
58917,xxx
58918,xxx
58919,xxx
58920,xxx
58921,xxx
58922,xxx
58923,xxx
58924,xxx
58925,xxx
58926,xxx
58927,xxx
58928,xxx
58929,xxx
58930,xxx
58931,xxx
58932,xxx
58933,xxx
58934,xxx
58935,xxx
58936,xxx
58937,xxx
58938,xxx
58939,xxx
58940,xxx
58941,xxx
58942,xxx
58943,xxx
58944,xxx
58945,xxx
58946,xxx
58947,xxx
58948,xxx
58949,xxx
58950,xxx
58951,xxx
58952,xxx
58953,xxx
58954,xxx
58955,xxx
58956,xxx
58957,xxx
58958,xxx
58959,xxx
58960,xxx
58961,xxx
58962,xxx
58963,xxx
58964,xxx
58965,xxx
58966,xxx
58967,xxx
58968,xxx
58969,xxx
58970,xxx
58971,xxx
58972,xxx
58973,xxx
58974,xxx
58975,xxx
58976,xxx
58977,xxx
58978,xxx
58979,xxx
58980,xxx
58981,xxx
58982,xxx
58983,xxx
58984,xxx
58985,xxx
58986,xxx
58987,xxx
58988,xxx
58989,xxx
58990,xxx
58991,xxx
58992,xxx
58993,xxx
58994,xxx
58995,xxx
58996,xxx
58997,xxx
58998,xxx
58999,xxx
59000,xxx
59001,xxx
59002,xxx
59003,xxx
59004,xxx
59005,xxx
59006,xxx
59007,xxx
59008,xxx
59009,xxx
59010,xxx
59011,xxx
59012,xxx
59013,xxx
59014,xxx
59015,xxx
59016,xxx
59017,xxx
59018,xxx
59019,xxx
59020,xxx
59021,xxx
59022,xxx
59023,xxx
59024,xxx
59025,xxx
59026,xxx
59027,xxx
59028,xxx
59029,xxx
59030,xxx
59031,xxx
59032,xxx
59033,xxx
59034,xxx
59035,xxx
59036,xxx
59037,xxx
59038,xxx
59039,xxx
59040,xxx
59041,xxx
59042,xxx
59043,xxx
59044,xxx
59045,xxx
59046,xxx
59047,xxx
59048,xxx
59049,xxx
59050,xxx
59051,xxx
59052,xxx
59053,xxx
59054,xxx
59055,xxx
59056,xxx
59057,xxx
59058,xxx
59059,xxx
59060,xxx
59061,xxx
59062,xxx
59063,xxx
59064,xxx
59065,xxx
59066,xxx
59067,xxx
59068,xxx
59069,xxx
59070,xxx
59071,xxx
59072,xxx
59073,xxx
59074,xxx
59075,xxx
59076,xxx
59077,xxx
59078,xxx
59079,xxx
59080,xxx
59081,xxx
59082,xxx
59083,xxx
59084,xxx
59085,xxx
59086,xxx
59087,xxx
59088,xxx
59089,xxx
59090,xxx
59091,xxx
59092,xxx
59093,xxx
59094,xxx
59095,xxx
59096,xxx
59097,xxx
59098,xxx
59099,xxx
59100,xxx
59101,xxx
59102,xxx
59103,xxx
59104,xxx
59105,xxx
59106,xxx
59107,xxx
59108,xxx
59109,xxx
59110,xxx
59111,xxx
59112,xxx
59113,xxx
59114,xxx
59115,xxx
59116,xxx
59117,xxx
59118,xxx
59119,xxx
59120,xxx
59121,xxx
59122,xxx
59123,xxx
59124,xxx
59125,xxx
59126,xxx
59127,xxx
59128,xxx
59129,xxx
59130,xxx
59131,xxx
59132,xxx
59133,xxx
59134,xxx
59135,xxx
59136,xxx
59137,xxx
59138,xxx
59139,xxx
59140,xxx
59141,xxx
59142,xxx
59143,xxx
59144,xxx
59145,xxx
59146,xxx
59147,xxx
59148,xxx
59149,xxx
59150,xxx
59151,xxx
59152,xxx
59153,xxx
59154,xxx
59155,xxx
59156,xxx
59157,xxx
59158,xxx
59159,xxx
59160,xxx
59161,xxx
59162,xxx
59163,xxx
59164,xxx
59165,xxx
59166,xxx
59167,xxx
59168,xxx
59169,xxx
59170,xxx
59171,xxx
59172,xxx
59173,xxx
59174,xxx
59175,xxx
59176,xxx
59177,xxx
59178,xxx
59179,xxx
59180,xxx
59181,xxx
59182,xxx
59183,xxx
59184,xxx
59185,xxx
59186,xxx
59187,xxx
59188,xxx
59189,xxx
59190,xxx
59191,xxx
59192,xxx
59193,xxx
59194,xxx
59195,xxx
59196,xxx
59197,xxx
59198,xxx
59199,xxx
59200,xxx
59201,xxx
59202,xxx
59203,xxx
59204,xxx
59205,xxx
59206,xxx
59207,xxx
59208,xxx
59209,xxx
59210,xxx
59211,xxx
59212,xxx
59213,xxx
59214,xxx
59215,xxx
59216,xxx
59217,xxx
59218,xxx
59219,xxx
59220,xxx
59221,xxx
59222,xxx
59223,xxx
59224,xxx
59225,xxx
59226,xxx
59227,xxx
59228,xxx
59229,xxx
59230,xxx
59231,xxx
59232,xxx
59233,xxx
59234,xxx
59235,xxx
59236,xxx
59237,xxx
59238,xxx
59239,xxx
59240,xxx
59241,xxx
59242,xxx
59243,xxx
59244,xxx
59245,xxx
59246,xxx
59247,xxx
59248,xxx
59249,xxx
59250,xxx
59251,xxx
59252,xxx
59253,xxx
59254,xxx
59255,xxx
59256,xxx
59257,xxx
59258,xxx
59259,xxx
59260,xxx
59261,xxx
59262,xxx
59263,xxx
59264,xxx
59265,xxx
59266,xxx
59267,xxx
59268,xxx
59269,xxx
59270,xxx
59271,xxx
59272,xxx
59273,xxx
59274,xxx
59275,xxx
59276,xxx
59277,xxx
59278,xxx
59279,xxx
59280,xxx
59281,xxx
59282,xxx
59283,xxx
59284,xxx
59285,xxx
59286,xxx
59287,xxx
59288,xxx
59289,xxx
59290,xxx
59291,xxx
59292,xxx
59293,xxx
59294,xxx
59295,xxx
59296,xxx
59297,xxx
59298,xxx
59299,xxx
59300,xxx
59301,xxx
59302,xxx
59303,xxx
59304,xxx
59305,xxx
59306,xxx
59307,xxx
59308,xxx
59309,xxx
59310,xxx
59311,xxx
59312,xxx
59313,xxx
59314,xxx
59315,xxx
59316,xxx
59317,xxx
59318,xxx
59319,xxx
59320,xxx
59321,xxx
59322,xxx
59323,xxx
59324,xxx
59325,xxx
59326,xxx
59327,xxx
59328,xxx
59329,xxx
59330,xxx
59331,xxx
59332,xxx
59333,xxx
59334,xxx
59335,xxx
59336,xxx
59337,xxx
59338,xxx
59339,xxx
59340,xxx
59341,xxx
59342,xxx
59343,xxx
59344,xxx
59345,xxx
59346,xxx
59347,xxx
59348,xxx
59349,xxx
59350,xxx
59351,xxx
59352,xxx
59353,xxx
59354,xxx
59355,xxx
59356,xxx
59357,xxx
59358,xxx
59359,xxx
59360,xxx
59361,xxx
59362,xxx
59363,xxx
59364,xxx
59365,xxx
59366,xxx
59367,xxx
59368,xxx
59369,xxx
59370,xxx
59371,xxx
59372,xxx
59373,xxx
59374,xxx
59375,xxx
59376,xxx
59377,xxx
59378,xxx
59379,xxx
59380,xxx
59381,xxx
59382,xxx
59383,xxx
59384,xxx
59385,xxx
59386,xxx
59387,xxx
59388,xxx
59389,xxx
59390,xxx
59391,xxx
59392,xxx
59393,xxx
59394,xxx
59395,xxx
59396,xxx
59397,xxx
59398,xxx
59399,xxx
59400,xxx
59401,xxx
59402,xxx
59403,xxx
59404,xxx
59405,xxx
59406,xxx
59407,xxx
59408,xxx
59409,xxx
59410,xxx
59411,xxx
59412,xxx
59413,xxx
59414,xxx
59415,xxx
59416,xxx
59417,xxx
59418,xxx
59419,xxx
59420,xxx
59421,xxx
59422,xxx
59423,xxx
59424,xxx
59425,xxx
59426,xxx
59427,xxx
59428,xxx
59429,xxx
59430,xxx
59431,xxx
59432,xxx
59433,xxx
59434,xxx
59435,xxx
59436,xxx
59437,xxx
59438,xxx
59439,xxx
59440,xxx
59441,xxx
59442,xxx
59443,xxx
59444,xxx
59445,xxx
59446,xxx
59447,xxx
59448,xxx
59449,xxx
59450,xxx
59451,xxx
59452,xxx
59453,xxx
59454,xxx
59455,xxx
59456,xxx
59457,xxx
59458,xxx
59459,xxx
59460,xxx
59461,xxx
59462,xxx
59463,xxx
59464,xxx
59465,xxx
59466,xxx
59467,xxx
59468,xxx
59469,xxx
59470,xxx
59471,xxx
59472,xxx
59473,xxx
59474,xxx
59475,xxx
59476,xxx
59477,xxx
59478,xxx
59479,xxx
59480,xxx
59481,xxx
59482,xxx
59483,xxx
59484,xxx
59485,xxx
59486,xxx
59487,xxx
59488,xxx
59489,xxx
59490,xxx
59491,xxx
59492,xxx
59493,xxx
59494,xxx
59495,xxx
59496,xxx
59497,xxx
59498,xxx
59499,xxx
59500,xxx
59501,xxx
59502,xxx
59503,xxx
59504,xxx
59505,xxx
59506,xxx
59507,xxx
59508,xxx
59509,xxx
59510,xxx
59511,xxx
59512,xxx
59513,xxx
59514,xxx
59515,xxx
59516,xxx
59517,xxx
59518,xxx
59519,xxx
59520,xxx
59521,xxx
59522,xxx
59523,xxx
59524,xxx
59525,xxx
59526,xxx
59527,xxx
59528,xxx
59529,xxx
59530,xxx
59531,xxx
59532,xxx
59533,xxx
59534,xxx
59535,xxx
59536,xxx
59537,xxx
59538,xxx
59539,xxx
59540,xxx
59541,xxx
59542,xxx
59543,xxx
59544,xxx
59545,xxx
59546,xxx
59547,xxx
59548,xxx
59549,xxx
59550,xxx
59551,xxx
59552,xxx
59553,xxx
59554,xxx
59555,xxx
59556,xxx
59557,xxx
59558,xxx
59559,xxx
59560,xxx
59561,xxx
59562,xxx
59563,xxx
59564,xxx
59565,xxx
59566,xxx
59567,xxx
59568,xxx
59569,xxx
59570,xxx
59571,xxx
59572,xxx
59573,xxx
59574,xxx
59575,xxx
59576,xxx
59577,xxx
59578,xxx
59579,xxx
59580,xxx
59581,xxx
59582,xxx
59583,xxx
59584,xxx
59585,xxx
59586,xxx
59587,xxx
59588,xxx
59589,xxx
59590,xxx
59591,xxx
59592,xxx
59593,xxx
59594,xxx
59595,xxx
59596,xxx
59597,xxx
59598,xxx
59599,xxx
59600,xxx
59601,xxx
59602,xxx
59603,xxx
59604,xxx
59605,xxx
59606,xxx
59607,xxx
59608,xxx
59609,xxx
59610,xxx
59611,xxx
59612,xxx
59613,xxx
59614,xxx
59615,xxx
59616,xxx
59617,xxx
59618,xxx
59619,xxx
59620,xxx
59621,xxx
59622,xxx
59623,xxx
59624,xxx
59625,xxx
59626,xxx
59627,xxx
59628,xxx
59629,xxx
59630,xxx
59631,xxx
59632,xxx
59633,xxx
59634,xxx
59635,xxx
59636,xxx
59637,xxx
59638,xxx
59639,xxx
59640,xxx
59641,xxx
59642,xxx
59643,xxx
59644,xxx
59645,xxx
59646,xxx
59647,xxx
59648,xxx
59649,xxx
59650,xxx
59651,xxx
59652,xxx
59653,xxx
59654,xxx
59655,xxx
59656,xxx
59657,xxx
59658,xxx
59659,xxx
59660,xxx
59661,xxx
59662,xxx
59663,xxx
59664,xxx
59665,xxx
59666,xxx
59667,xxx
59668,xxx
59669,xxx
59670,xxx
59671,xxx
59672,xxx
59673,xxx
59674,xxx
59675,xxx
59676,xxx
59677,xxx
59678,xxx
59679,xxx
59680,xxx
59681,xxx
59682,xxx
59683,xxx
59684,xxx
59685,xxx
59686,xxx
59687,xxx
59688,xxx
59689,xxx
59690,xxx
59691,xxx
59692,xxx
59693,xxx
59694,xxx
59695,xxx
59696,xxx
59697,xxx
59698,xxx
59699,xxx
59700,xxx
59701,xxx
59702,xxx
59703,xxx
59704,xxx
59705,xxx
59706,xxx
59707,xxx
59708,xxx
59709,xxx
59710,xxx
59711,xxx
59712,xxx
59713,xxx
59714,xxx
59715,xxx
59716,xxx
59717,xxx
59718,xxx
59719,xxx
59720,xxx
59721,xxx
59722,xxx
59723,xxx
59724,xxx
59725,xxx
59726,xxx
59727,xxx
59728,xxx
59729,xxx
59730,xxx
59731,xxx
59732,xxx
59733,xxx
59734,xxx
59735,xxx
59736,xxx
59737,xxx
59738,xxx
59739,xxx
59740,xxx
59741,xxx
59742,xxx
59743,xxx
59744,xxx
59745,xxx
59746,xxx
59747,xxx
59748,xxx
59749,xxx
59750,xxx
59751,xxx
59752,xxx
59753,xxx
59754,xxx
59755,xxx
59756,xxx
59757,xxx
59758,xxx
59759,xxx
59760,xxx
59761,xxx
59762,xxx
59763,xxx
59764,xxx
59765,xxx
59766,xxx
59767,xxx
59768,xxx
59769,xxx
59770,xxx
59771,xxx
59772,xxx
59773,xxx
59774,xxx
59775,xxx
59776,xxx
59777,xxx
59778,xxx
59779,xxx
59780,xxx
59781,xxx
59782,xxx
59783,xxx
59784,xxx
59785,xxx
59786,xxx
59787,xxx
59788,xxx
59789,xxx
59790,xxx
59791,xxx
59792,xxx
59793,xxx
59794,xxx
59795,xxx
59796,xxx
59797,xxx
59798,xxx
59799,xxx
59800,xxx
59801,xxx
59802,xxx
59803,xxx
59804,xxx
59805,xxx
59806,xxx
59807,xxx
59808,xxx
59809,xxx
59810,xxx
59811,xxx
59812,xxx
59813,xxx
59814,xxx
59815,xxx
59816,xxx
59817,xxx
59818,xxx
59819,xxx
59820,xxx
59821,xxx
59822,xxx
59823,xxx
59824,xxx
59825,xxx
59826,xxx
59827,xxx
59828,xxx
59829,xxx
59830,xxx
59831,xxx
59832,xxx
59833,xxx
59834,xxx
59835,xxx
59836,xxx
59837,xxx
59838,xxx
59839,xxx
59840,xxx
59841,xxx
59842,xxx
59843,xxx
59844,xxx
59845,xxx
59846,xxx
59847,xxx
59848,xxx
59849,xxx
59850,xxx
59851,xxx
59852,xxx
59853,xxx
59854,xxx
59855,xxx
59856,xxx
59857,xxx
59858,xxx
59859,xxx
59860,xxx
59861,xxx
59862,xxx
59863,xxx
59864,xxx
59865,xxx
59866,xxx
59867,xxx
59868,xxx
59869,xxx
59870,xxx
59871,xxx
59872,xxx
59873,xxx
59874,xxx
59875,xxx
59876,xxx
59877,xxx
59878,xxx
59879,xxx
59880,xxx
59881,xxx
59882,xxx
59883,xxx
59884,xxx
59885,xxx
59886,xxx
59887,xxx
59888,xxx
59889,xxx
59890,xxx
59891,xxx
59892,xxx
59893,xxx
59894,xxx
59895,xxx
59896,xxx
59897,xxx
59898,xxx
59899,xxx
59900,xxx
59901,xxx
59902,xxx
59903,xxx
59904,xxx
59905,xxx
59906,xxx
59907,xxx
59908,xxx
59909,xxx
59910,xxx
59911,xxx
59912,xxx
59913,xxx
59914,xxx
59915,xxx
59916,xxx
59917,xxx
59918,xxx
59919,xxx
59920,xxx
59921,xxx
59922,xxx
59923,xxx
59924,xxx
59925,xxx
59926,xxx
59927,xxx
59928,xxx
59929,xxx
59930,xxx
59931,xxx
59932,xxx
59933,xxx
59934,xxx
59935,xxx
59936,xxx
59937,xxx
59938,xxx
59939,xxx
59940,xxx
59941,xxx
59942,xxx
59943,xxx
59944,xxx
59945,xxx
59946,xxx
59947,xxx
59948,xxx
59949,xxx
59950,xxx
59951,xxx
59952,xxx
59953,xxx
59954,xxx
59955,xxx
59956,xxx
59957,xxx
59958,xxx
59959,xxx
59960,xxx
59961,xxx
59962,xxx
59963,xxx
59964,xxx
59965,xxx
59966,xxx
59967,xxx
59968,xxx
59969,xxx
59970,xxx
59971,xxx
59972,xxx
59973,xxx
59974,xxx
59975,xxx
59976,xxx
59977,xxx
59978,xxx
59979,xxx
59980,xxx
59981,xxx
59982,xxx
59983,xxx
59984,xxx
59985,xxx
59986,xxx
59987,xxx
59988,xxx
59989,xxx
59990,xxx
59991,xxx
59992,xxx
59993,xxx
59994,xxx
59995,xxx
59996,xxx
59997,xxx
59998,xxx
59999,xxx
