id,form_vvz
0,xxx
1,xxx
2,xxx
3,xxx
4,xxx
5,xxx
6,xxx
7,xxx
8,xxx
9,xxx
10,xxx
11,xxx
12,xxx
13,xxx
14,xxx
15,xxx
16,xxx
17,xxx
18,xxx
19,xxx
20,xxx
21,xxx
22,xxx
23,xxx
24,xxx
25,xxx
26,xxx
27,xxx
28,xxx
29,xxx
30,xxx
31,xxx
32,xxx
33,xxx
34,xxx
35,xxx
36,xxx
37,xxx
38,xxx
39,xxx
40,xxx
41,xxx
42,xxx
43,xxx
44,xxx
45,xxx
46,xxx
47,xxx
48,xxx
49,xxx
50,xxx
51,xxx
52,xxx
53,xxx
54,xxx
55,xxx
56,xxx
57,xxx
58,xxx
59,xxx
60,xxx
61,xxx
62,xxx
63,xxx
64,xxx
65,xxx
66,xxx
67,xxx
68,xxx
69,xxx
70,xxx
71,xxx
72,xxx
73,xxx
74,xxx
75,xxx
76,xxx
77,xxx
78,xxx
79,xxx
80,xxx
81,xxx
82,xxx
83,xxx
84,xxx
85,xxx
86,xxx
87,xxx
88,xxx
89,xxx
90,xxx
91,xxx
92,xxx
93,xxx
94,xxx
95,xxx
96,xxx
97,xxx
98,xxx
99,xxx
100,xxx
101,xxx
102,xxx
103,xxx
104,xxx
105,xxx
106,xxx
107,xxx
108,xxx
109,xxx
110,xxx
111,xxx
112,xxx
113,xxx
114,xxx
115,xxx
116,xxx
117,xxx
118,xxx
119,xxx
120,xxx
121,xxx
122,xxx
123,xxx
124,xxx
125,xxx
126,xxx
127,xxx
128,xxx
129,xxx
130,xxx
131,xxx
132,xxx
133,xxx
134,xxx
135,xxx
136,xxx
137,xxx
138,xxx
139,xxx
140,xxx
141,xxx
142,xxx
143,xxx
144,xxx
145,xxx
146,xxx
147,xxx
148,xxx
149,xxx
150,xxx
151,xxx
152,xxx
153,xxx
154,xxx
155,xxx
156,xxx
157,xxx
158,xxx
159,xxx
160,xxx
161,xxx
162,xxx
163,xxx
164,xxx
165,xxx
166,xxx
167,xxx
168,xxx
169,xxx
170,xxx
171,xxx
172,xxx
173,xxx
174,xxx
175,xxx
176,xxx
177,xxx
178,xxx
179,xxx
180,xxx
181,xxx
182,xxx
183,xxx
184,xxx
185,xxx
186,xxx
187,xxx
188,xxx
189,xxx
190,xxx
191,xxx
192,xxx
193,xxx
194,xxx
195,xxx
196,xxx
197,xxx
198,xxx
199,xxx
200,xxx
201,xxx
202,xxx
203,xxx
204,xxx
205,xxx
206,xxx
207,xxx
208,xxx
209,xxx
210,xxx
211,xxx
212,xxx
213,xxx
214,xxx
215,xxx
216,xxx
217,xxx
218,xxx
219,xxx
220,xxx
221,xxx
222,xxx
223,xxx
224,xxx
225,xxx
226,xxx
227,xxx
228,xxx
229,xxx
230,xxx
231,xxx
232,xxx
233,xxx
234,xxx
235,xxx
236,xxx
237,xxx
238,xxx
239,xxx
240,xxx
241,xxx
242,xxx
243,xxx
244,xxx
245,xxx
246,xxx
247,xxx
248,xxx
249,xxx
250,xxx
251,xxx
252,xxx
253,xxx
254,xxx
255,xxx
256,xxx
257,xxx
258,xxx
259,xxx
260,xxx
261,xxx
262,xxx
263,xxx
264,xxx
265,xxx
266,xxx
267,xxx
268,xxx
269,xxx
270,xxx
271,xxx
272,xxx
273,xxx
274,xxx
275,xxx
276,xxx
277,xxx
278,xxx
279,xxx
280,xxx
281,xxx
282,xxx
283,xxx
284,xxx
285,xxx
286,xxx
287,xxx
288,xxx
289,xxx
290,xxx
291,xxx
292,xxx
293,xxx
294,xxx
295,xxx
296,xxx
297,xxx
298,xxx
299,xxx
300,xxx
301,xxx
302,xxx
303,xxx
304,xxx
305,xxx
306,xxx
307,xxx
308,xxx
309,xxx
310,xxx
311,xxx
312,xxx
313,xxx
314,xxx
315,xxx
316,xxx
317,xxx
318,xxx
319,xxx
320,xxx
321,xxx
322,xxx
323,xxx
324,xxx
325,xxx
326,xxx
327,xxx
328,xxx
329,xxx
330,xxx
331,xxx
332,xxx
333,xxx
334,xxx
335,xxx
336,xxx
337,xxx
338,xxx
339,xxx
340,xxx
341,xxx
342,xxx
343,xxx
344,xxx
345,xxx
346,xxx
347,xxx
348,xxx
349,xxx
350,xxx
351,xxx
352,xxx
353,xxx
354,xxx
355,xxx
356,xxx
357,xxx
358,xxx
359,xxx
360,xxx
361,xxx
362,xxx
363,xxx
364,xxx
365,xxx
366,xxx
367,xxx
368,xxx
369,xxx
370,xxx
371,xxx
372,xxx
373,xxx
374,xxx
375,xxx
376,xxx
377,xxx
378,xxx
379,xxx
380,xxx
381,xxx
382,xxx
383,xxx
384,xxx
385,xxx
386,xxx
387,xxx
388,xxx
389,xxx
390,xxx
391,xxx
392,xxx
393,xxx
394,xxx
395,xxx
396,xxx
397,xxx
398,xxx
399,xxx
400,xxx
401,xxx
402,xxx
403,xxx
404,xxx
405,xxx
406,xxx
407,xxx
408,xxx
409,xxx
410,xxx
411,xxx
412,xxx
413,xxx
414,xxx
415,xxx
416,xxx
417,xxx
418,xxx
419,xxx
420,xxx
421,xxx
422,xxx
423,xxx
424,xxx
425,xxx
426,xxx
427,xxx
428,xxx
429,xxx
430,xxx
431,xxx
432,xxx
433,xxx
434,xxx
435,xxx
436,xxx
437,xxx
438,xxx
439,xxx
440,xxx
441,xxx
442,xxx
443,xxx
444,xxx
445,xxx
446,xxx
447,xxx
448,xxx
449,xxx
450,xxx
451,xxx
452,xxx
453,xxx
454,xxx
455,xxx
456,xxx
457,xxx
458,xxx
459,xxx
460,xxx
461,xxx
462,xxx
463,xxx
464,xxx
465,xxx
466,xxx
467,xxx
468,xxx
469,xxx
470,xxx
471,xxx
472,xxx
473,xxx
474,xxx
475,xxx
476,xxx
477,xxx
478,xxx
479,xxx
480,xxx
481,xxx
482,xxx
483,xxx
484,xxx
485,xxx
486,xxx
487,xxx
488,xxx
489,xxx
490,xxx
491,xxx
492,xxx
493,xxx
494,xxx
495,xxx
496,xxx
497,xxx
498,xxx
499,xxx
500,xxx
501,xxx
502,xxx
503,xxx
504,xxx
505,xxx
506,xxx
507,xxx
508,xxx
509,xxx
510,xxx
511,xxx
512,xxx
513,xxx
514,xxx
515,xxx
516,xxx
517,xxx
518,xxx
519,xxx
520,xxx
521,xxx
522,xxx
523,xxx
524,xxx
525,xxx
526,xxx
527,xxx
528,xxx
529,xxx
530,xxx
531,xxx
532,xxx
533,xxx
534,xxx
535,xxx
536,xxx
537,xxx
538,xxx
539,xxx
540,xxx
541,xxx
542,xxx
543,xxx
544,xxx
545,xxx
546,xxx
547,xxx
548,xxx
549,xxx
550,xxx
551,xxx
552,xxx
553,xxx
554,xxx
555,xxx
556,xxx
557,xxx
558,xxx
559,xxx
560,xxx
561,xxx
562,xxx
563,xxx
564,xxx
565,xxx
566,xxx
567,xxx
568,xxx
569,xxx
570,xxx
571,xxx
572,xxx
573,xxx
574,xxx
575,xxx
576,xxx
577,xxx
578,xxx
579,xxx
580,xxx
581,xxx
582,xxx
583,xxx
584,xxx
585,xxx
586,xxx
587,xxx
588,xxx
589,xxx
590,xxx
591,xxx
592,xxx
593,xxx
594,xxx
595,xxx
596,xxx
597,xxx
598,xxx
599,xxx
600,xxx
601,xxx
602,xxx
603,xxx
604,xxx
605,xxx
606,xxx
607,xxx
608,xxx
609,xxx
610,xxx
611,xxx
612,xxx
613,xxx
614,xxx
615,xxx
616,xxx
617,xxx
618,xxx
619,xxx
620,xxx
621,xxx
622,xxx
623,xxx
624,xxx
625,xxx
626,xxx
627,xxx
628,xxx
629,xxx
630,xxx
631,xxx
632,xxx
633,xxx
634,xxx
635,xxx
636,xxx
637,xxx
638,xxx
639,xxx
640,xxx
641,xxx
642,xxx
643,xxx
644,xxx
645,xxx
646,xxx
647,xxx
648,xxx
649,xxx
650,xxx
651,xxx
652,xxx
653,xxx
654,xxx
655,xxx
656,xxx
657,xxx
658,xxx
659,xxx
660,xxx
661,xxx
662,xxx
663,xxx
664,xxx
665,xxx
666,xxx
667,xxx
668,xxx
669,xxx
670,xxx
671,xxx
672,xxx
673,xxx
674,xxx
675,xxx
676,xxx
677,xxx
678,xxx
679,xxx
680,xxx
681,xxx
682,xxx
683,xxx
684,xxx
685,xxx
686,xxx
687,xxx
688,xxx
689,xxx
690,xxx
691,xxx
692,xxx
693,xxx
694,xxx
695,xxx
696,xxx
697,xxx
698,xxx
699,xxx
700,xxx
701,xxx
702,xxx
703,xxx
704,xxx
705,xxx
706,xxx
707,xxx
708,xxx
709,xxx
710,xxx
711,xxx
712,xxx
713,xxx
714,xxx
715,xxx
716,xxx
717,xxx
718,xxx
719,xxx
720,xxx
721,xxx
722,xxx
723,xxx
724,xxx
725,xxx
726,xxx
727,xxx
728,xxx
729,xxx
730,xxx
731,xxx
732,xxx
733,xxx
734,xxx
735,xxx
736,xxx
737,xxx
738,xxx
739,xxx
740,xxx
741,xxx
742,xxx
743,xxx
744,xxx
745,xxx
746,xxx
747,xxx
748,xxx
749,xxx
750,xxx
751,xxx
752,xxx
753,xxx
754,xxx
755,xxx
756,xxx
757,xxx
758,xxx
759,xxx
760,xxx
761,xxx
762,xxx
763,xxx
764,xxx
765,xxx
766,xxx
767,xxx
768,xxx
769,xxx
770,xxx
771,xxx
772,xxx
773,xxx
774,xxx
775,xxx
776,xxx
777,xxx
778,xxx
779,xxx
780,xxx
781,xxx
782,xxx
783,xxx
784,xxx
785,xxx
786,xxx
787,xxx
788,xxx
789,xxx
790,xxx
791,xxx
792,xxx
793,xxx
794,xxx
795,xxx
796,xxx
797,xxx
798,xxx
799,xxx
800,xxx
801,xxx
802,xxx
803,xxx
804,xxx
805,xxx
806,xxx
807,xxx
808,xxx
809,xxx
810,xxx
811,xxx
812,xxx
813,xxx
814,xxx
815,xxx
816,xxx
817,xxx
818,xxx
819,xxx
820,xxx
821,xxx
822,xxx
823,xxx
824,xxx
825,xxx
826,xxx
827,xxx
828,xxx
829,xxx
830,xxx
831,xxx
832,xxx
833,xxx
834,xxx
835,xxx
836,xxx
837,xxx
838,xxx
839,xxx
840,xxx
841,xxx
842,xxx
843,xxx
844,xxx
845,xxx
846,xxx
847,xxx
848,xxx
849,xxx
850,xxx
851,xxx
852,xxx
853,xxx
854,xxx
855,xxx
856,xxx
857,xxx
858,xxx
859,xxx
860,xxx
861,xxx
862,xxx
863,xxx
864,xxx
865,xxx
866,xxx
867,xxx
868,xxx
869,xxx
870,xxx
871,xxx
872,xxx
873,xxx
874,xxx
875,xxx
876,xxx
877,xxx
878,xxx
879,xxx
880,xxx
881,xxx
882,xxx
883,xxx
884,xxx
885,xxx
886,xxx
887,xxx
888,xxx
889,xxx
890,xxx
891,xxx
892,xxx
893,xxx
894,xxx
895,xxx
896,xxx
897,xxx
898,xxx
899,xxx
900,xxx
901,xxx
902,xxx
903,xxx
904,xxx
905,xxx
906,xxx
907,xxx
908,xxx
909,xxx
910,xxx
911,xxx
912,xxx
913,xxx
914,xxx
915,xxx
916,xxx
917,xxx
918,xxx
919,xxx
920,xxx
921,xxx
922,xxx
923,xxx
924,xxx
925,xxx
926,xxx
927,xxx
928,xxx
929,xxx
930,xxx
931,xxx
932,xxx
933,xxx
934,xxx
935,xxx
936,xxx
937,xxx
938,xxx
939,xxx
940,xxx
941,xxx
942,xxx
943,xxx
944,xxx
945,xxx
946,xxx
947,xxx
948,xxx
949,xxx
950,xxx
951,xxx
952,xxx
953,xxx
954,xxx
955,xxx
956,xxx
957,xxx
958,xxx
959,xxx
960,xxx
961,xxx
962,xxx
963,xxx
964,xxx
965,xxx
966,xxx
967,xxx
968,xxx
969,xxx
970,xxx
971,xxx
972,xxx
973,xxx
974,xxx
975,xxx
976,xxx
977,xxx
978,xxx
979,xxx
980,xxx
981,xxx
982,xxx
983,xxx
984,xxx
985,xxx
986,xxx
987,xxx
988,xxx
989,xxx
990,xxx
991,xxx
992,xxx
993,xxx
994,xxx
995,xxx
996,xxx
997,xxx
998,xxx
999,xxx
1000,xxx
1001,xxx
1002,xxx
1003,xxx
1004,xxx
1005,xxx
1006,xxx
1007,xxx
1008,xxx
1009,xxx
1010,xxx
1011,xxx
1012,xxx
1013,xxx
1014,xxx
1015,xxx
1016,xxx
1017,xxx
1018,xxx
1019,xxx
1020,xxx
1021,xxx
1022,xxx
1023,xxx
1024,xxx
1025,xxx
1026,xxx
1027,xxx
1028,xxx
1029,xxx
1030,xxx
1031,xxx
1032,xxx
1033,xxx
1034,xxx
1035,xxx
1036,xxx
1037,xxx
1038,xxx
1039,xxx
1040,xxx
1041,xxx
1042,xxx
1043,xxx
1044,xxx
1045,xxx
1046,xxx
1047,xxx
1048,xxx
1049,xxx
1050,xxx
1051,xxx
1052,xxx
1053,xxx
1054,xxx
1055,xxx
1056,xxx
1057,xxx
1058,xxx
1059,xxx
1060,xxx
1061,xxx
1062,xxx
1063,xxx
1064,xxx
1065,xxx
1066,xxx
1067,xxx
1068,xxx
1069,xxx
1070,xxx
1071,xxx
1072,xxx
1073,xxx
1074,xxx
1075,xxx
1076,xxx
1077,xxx
1078,xxx
1079,xxx
1080,xxx
1081,xxx
1082,xxx
1083,xxx
1084,xxx
1085,xxx
1086,xxx
1087,xxx
1088,xxx
1089,xxx
1090,xxx
1091,xxx
1092,xxx
1093,xxx
1094,xxx
1095,xxx
1096,xxx
1097,xxx
1098,xxx
1099,xxx
1100,xxx
1101,xxx
1102,xxx
1103,xxx
1104,xxx
1105,xxx
1106,xxx
1107,xxx
1108,xxx
1109,xxx
1110,xxx
1111,xxx
1112,xxx
1113,xxx
1114,xxx
1115,xxx
1116,xxx
1117,xxx
1118,xxx
1119,xxx
1120,xxx
1121,xxx
1122,xxx
1123,xxx
1124,xxx
1125,xxx
1126,xxx
1127,xxx
1128,xxx
1129,xxx
1130,xxx
1131,xxx
1132,xxx
1133,xxx
1134,xxx
1135,xxx
1136,xxx
1137,xxx
1138,xxx
1139,xxx
1140,xxx
1141,xxx
1142,xxx
1143,xxx
1144,xxx
1145,xxx
1146,xxx
1147,xxx
1148,xxx
1149,xxx
1150,xxx
1151,xxx
1152,xxx
1153,xxx
1154,xxx
1155,xxx
1156,xxx
1157,xxx
1158,xxx
1159,xxx
1160,xxx
1161,xxx
1162,xxx
1163,xxx
1164,xxx
1165,xxx
1166,xxx
1167,xxx
1168,xxx
1169,xxx
1170,xxx
1171,xxx
1172,xxx
1173,xxx
1174,xxx
1175,xxx
1176,xxx
1177,xxx
1178,xxx
1179,xxx
1180,xxx
1181,xxx
1182,xxx
1183,xxx
1184,xxx
1185,xxx
1186,xxx
1187,xxx
1188,xxx
1189,xxx
1190,xxx
1191,xxx
1192,xxx
1193,xxx
1194,xxx
1195,xxx
1196,xxx
1197,xxx
1198,xxx
1199,xxx
1200,xxx
1201,xxx
1202,xxx
1203,xxx
1204,xxx
1205,xxx
1206,xxx
1207,xxx
1208,xxx
1209,xxx
1210,xxx
1211,xxx
1212,xxx
1213,xxx
1214,xxx
1215,xxx
1216,xxx
1217,xxx
1218,xxx
1219,xxx
1220,xxx
1221,xxx
1222,xxx
1223,xxx
1224,xxx
1225,xxx
1226,xxx
1227,xxx
1228,xxx
1229,xxx
1230,xxx
1231,xxx
1232,xxx
1233,xxx
1234,xxx
1235,xxx
1236,xxx
1237,xxx
1238,xxx
1239,xxx
1240,xxx
1241,xxx
1242,xxx
1243,xxx
1244,xxx
1245,xxx
1246,xxx
1247,xxx
1248,xxx
1249,xxx
1250,xxx
1251,xxx
1252,xxx
1253,xxx
1254,xxx
1255,xxx
1256,xxx
1257,xxx
1258,xxx
1259,xxx
1260,xxx
1261,xxx
1262,xxx
1263,xxx
1264,xxx
1265,xxx
1266,xxx
1267,xxx
1268,xxx
1269,xxx
1270,xxx
1271,xxx
1272,xxx
1273,xxx
1274,xxx
1275,xxx
1276,xxx
1277,xxx
1278,xxx
1279,xxx
1280,xxx
1281,xxx
1282,xxx
1283,xxx
1284,xxx
1285,xxx
1286,xxx
1287,xxx
1288,xxx
1289,xxx
1290,xxx
1291,xxx
1292,xxx
1293,xxx
1294,xxx
1295,xxx
1296,xxx
1297,xxx
1298,xxx
1299,xxx
1300,xxx
1301,xxx
1302,xxx
1303,xxx
1304,xxx
1305,xxx
1306,xxx
1307,xxx
1308,xxx
1309,xxx
1310,xxx
1311,xxx
1312,xxx
1313,xxx
1314,xxx
1315,xxx
1316,xxx
1317,xxx
1318,xxx
1319,xxx
1320,xxx
1321,xxx
1322,xxx
1323,xxx
1324,xxx
1325,xxx
1326,xxx
1327,xxx
1328,xxx
1329,xxx
1330,xxx
1331,xxx
1332,xxx
1333,xxx
1334,xxx
1335,xxx
1336,xxx
1337,xxx
1338,xxx
1339,xxx
1340,xxx
1341,xxx
1342,xxx
1343,xxx
1344,xxx
1345,xxx
1346,xxx
1347,xxx
1348,xxx
1349,xxx
1350,xxx
1351,xxx
1352,xxx
1353,xxx
1354,xxx
1355,xxx
1356,xxx
1357,xxx
1358,xxx
1359,xxx
1360,xxx
1361,xxx
1362,xxx
1363,xxx
1364,xxx
1365,xxx
1366,xxx
1367,xxx
1368,xxx
1369,xxx
1370,xxx
1371,xxx
1372,xxx
1373,xxx
1374,xxx
1375,xxx
1376,xxx
1377,xxx
1378,xxx
1379,xxx
1380,xxx
1381,xxx
1382,xxx
1383,xxx
1384,xxx
1385,xxx
1386,xxx
1387,xxx
1388,xxx
1389,xxx
1390,xxx
1391,xxx
1392,xxx
1393,xxx
1394,xxx
1395,xxx
1396,xxx
1397,xxx
1398,xxx
1399,xxx
1400,xxx
1401,xxx
1402,xxx
1403,xxx
1404,xxx
1405,xxx
1406,xxx
1407,xxx
1408,xxx
1409,xxx
1410,xxx
1411,xxx
1412,xxx
1413,xxx
1414,xxx
1415,xxx
1416,xxx
1417,xxx
1418,xxx
1419,xxx
1420,xxx
1421,xxx
1422,xxx
1423,xxx
1424,xxx
1425,xxx
1426,xxx
1427,xxx
1428,xxx
1429,xxx
1430,xxx
1431,xxx
1432,xxx
1433,xxx
1434,xxx
1435,xxx
1436,xxx
1437,xxx
1438,xxx
1439,xxx
1440,xxx
1441,xxx
1442,xxx
1443,xxx
1444,xxx
1445,xxx
1446,xxx
1447,xxx
1448,xxx
1449,xxx
1450,xxx
1451,xxx
1452,xxx
1453,xxx
1454,xxx
1455,xxx
1456,xxx
1457,xxx
1458,xxx
1459,xxx
1460,xxx
1461,xxx
1462,xxx
1463,xxx
1464,xxx
1465,xxx
1466,xxx
1467,xxx
1468,xxx
1469,xxx
1470,xxx
1471,xxx
1472,xxx
1473,xxx
1474,xxx
1475,xxx
1476,xxx
1477,xxx
1478,xxx
1479,xxx
1480,xxx
1481,xxx
1482,xxx
1483,xxx
1484,xxx
1485,xxx
1486,xxx
1487,xxx
1488,xxx
1489,xxx
1490,xxx
1491,xxx
1492,xxx
1493,xxx
1494,xxx
1495,xxx
1496,xxx
1497,xxx
1498,xxx
1499,xxx
1500,xxx
1501,xxx
1502,xxx
1503,xxx
1504,xxx
1505,xxx
1506,xxx
1507,xxx
1508,xxx
1509,xxx
1510,xxx
1511,xxx
1512,xxx
1513,xxx
1514,xxx
1515,xxx
1516,xxx
1517,xxx
1518,xxx
1519,xxx
1520,xxx
1521,xxx
1522,xxx
1523,xxx
1524,xxx
1525,xxx
1526,xxx
1527,xxx
1528,xxx
1529,xxx
1530,xxx
1531,xxx
1532,xxx
1533,xxx
1534,xxx
1535,xxx
1536,xxx
1537,xxx
1538,xxx
1539,xxx
1540,xxx
1541,xxx
1542,xxx
1543,xxx
1544,xxx
1545,xxx
1546,xxx
1547,xxx
1548,xxx
1549,xxx
1550,xxx
1551,xxx
1552,xxx
1553,xxx
1554,xxx
1555,xxx
1556,xxx
1557,xxx
1558,xxx
1559,xxx
1560,xxx
1561,xxx
1562,xxx
1563,xxx
1564,xxx
1565,xxx
1566,xxx
1567,xxx
1568,xxx
1569,xxx
1570,xxx
1571,xxx
1572,xxx
1573,xxx
1574,xxx
1575,xxx
1576,xxx
1577,xxx
1578,xxx
1579,xxx
1580,xxx
1581,xxx
1582,xxx
1583,xxx
1584,xxx
1585,xxx
1586,xxx
1587,xxx
1588,xxx
1589,xxx
1590,xxx
1591,xxx
1592,xxx
1593,xxx
1594,xxx
1595,xxx
1596,xxx
1597,xxx
1598,xxx
1599,xxx
1600,xxx
1601,xxx
1602,xxx
1603,xxx
1604,xxx
1605,xxx
1606,xxx
1607,xxx
1608,xxx
1609,xxx
1610,xxx
1611,xxx
1612,xxx
1613,xxx
1614,xxx
1615,xxx
1616,xxx
1617,xxx
1618,xxx
1619,xxx
1620,xxx
1621,xxx
1622,xxx
1623,xxx
1624,xxx
1625,xxx
1626,xxx
1627,xxx
1628,xxx
1629,xxx
1630,xxx
1631,xxx
1632,xxx
1633,xxx
1634,xxx
1635,xxx
1636,xxx
1637,xxx
1638,xxx
1639,xxx
1640,xxx
1641,xxx
1642,xxx
1643,xxx
1644,xxx
1645,xxx
1646,xxx
1647,xxx
1648,xxx
1649,xxx
1650,xxx
1651,xxx
1652,xxx
1653,xxx
1654,xxx
1655,xxx
1656,xxx
1657,xxx
1658,xxx
1659,xxx
1660,xxx
1661,xxx
1662,xxx
1663,xxx
1664,xxx
1665,xxx
1666,xxx
1667,xxx
1668,xxx
1669,xxx
1670,xxx
1671,xxx
1672,xxx
1673,xxx
1674,xxx
1675,xxx
1676,xxx
1677,xxx
1678,xxx
1679,xxx
1680,xxx
1681,xxx
1682,xxx
1683,xxx
1684,xxx
1685,xxx
1686,xxx
1687,xxx
1688,xxx
1689,xxx
1690,xxx
1691,xxx
1692,xxx
1693,xxx
1694,xxx
1695,xxx
1696,xxx
1697,xxx
1698,xxx
1699,xxx
1700,xxx
1701,xxx
1702,xxx
1703,xxx
1704,xxx
1705,xxx
1706,xxx
1707,xxx
1708,xxx
1709,xxx
1710,xxx
1711,xxx
1712,xxx
1713,xxx
1714,xxx
1715,xxx
1716,xxx
1717,xxx
1718,xxx
1719,xxx
1720,xxx
1721,xxx
1722,xxx
1723,xxx
1724,xxx
1725,xxx
1726,xxx
1727,xxx
1728,xxx
1729,xxx
1730,xxx
1731,xxx
1732,xxx
1733,xxx
1734,xxx
1735,xxx
1736,xxx
1737,xxx
1738,xxx
1739,xxx
1740,xxx
1741,xxx
1742,xxx
1743,xxx
1744,xxx
1745,xxx
1746,xxx
1747,xxx
1748,xxx
1749,xxx
1750,xxx
1751,xxx
1752,xxx
1753,xxx
1754,xxx
1755,xxx
1756,xxx
1757,xxx
1758,xxx
1759,xxx
1760,xxx
1761,xxx
1762,xxx
1763,xxx
1764,xxx
1765,xxx
1766,xxx
1767,xxx
1768,xxx
1769,xxx
1770,xxx
1771,xxx
1772,xxx
1773,xxx
1774,xxx
1775,xxx
1776,xxx
1777,xxx
1778,xxx
1779,xxx
1780,xxx
1781,xxx
1782,xxx
1783,xxx
1784,xxx
1785,xxx
1786,xxx
1787,xxx
1788,xxx
1789,xxx
1790,xxx
1791,xxx
1792,xxx
1793,xxx
1794,xxx
1795,xxx
1796,xxx
1797,xxx
1798,xxx
1799,xxx
1800,xxx
1801,xxx
1802,xxx
1803,xxx
1804,xxx
1805,xxx
1806,xxx
1807,xxx
1808,xxx
1809,xxx
1810,xxx
1811,xxx
1812,xxx
1813,xxx
1814,xxx
1815,xxx
1816,xxx
1817,xxx
1818,xxx
1819,xxx
1820,xxx
1821,xxx
1822,xxx
1823,xxx
1824,xxx
1825,xxx
1826,xxx
1827,xxx
1828,xxx
1829,xxx
1830,xxx
1831,xxx
1832,xxx
1833,xxx
1834,xxx
1835,xxx
1836,xxx
1837,xxx
1838,xxx
1839,xxx
1840,xxx
1841,xxx
1842,xxx
1843,xxx
1844,xxx
1845,xxx
1846,xxx
1847,xxx
1848,xxx
1849,xxx
1850,xxx
1851,xxx
1852,xxx
1853,xxx
1854,xxx
1855,xxx
1856,xxx
1857,xxx
1858,xxx
1859,xxx
1860,xxx
1861,xxx
1862,xxx
1863,xxx
1864,xxx
1865,xxx
1866,xxx
1867,xxx
1868,xxx
1869,xxx
1870,xxx
1871,xxx
1872,xxx
1873,xxx
1874,xxx
1875,xxx
1876,xxx
1877,xxx
1878,xxx
1879,xxx
1880,xxx
1881,xxx
1882,xxx
1883,xxx
1884,xxx
1885,xxx
1886,xxx
1887,xxx
1888,xxx
1889,xxx
1890,xxx
1891,xxx
1892,xxx
1893,xxx
1894,xxx
1895,xxx
1896,xxx
1897,xxx
1898,xxx
1899,xxx
1900,xxx
1901,xxx
1902,xxx
1903,xxx
1904,xxx
1905,xxx
1906,xxx
1907,xxx
1908,xxx
1909,xxx
1910,xxx
1911,xxx
1912,xxx
1913,xxx
1914,xxx
1915,xxx
1916,xxx
1917,xxx
1918,xxx
1919,xxx
1920,xxx
1921,xxx
1922,xxx
1923,xxx
1924,xxx
1925,xxx
1926,xxx
1927,xxx
1928,xxx
1929,xxx
1930,xxx
1931,xxx
1932,xxx
1933,xxx
1934,xxx
1935,xxx
1936,xxx
1937,xxx
1938,xxx
1939,xxx
1940,xxx
1941,xxx
1942,xxx
1943,xxx
1944,xxx
1945,xxx
1946,xxx
1947,xxx
1948,xxx
1949,xxx
1950,xxx
1951,xxx
1952,xxx
1953,xxx
1954,xxx
1955,xxx
1956,xxx
1957,xxx
1958,xxx
1959,xxx
1960,xxx
1961,xxx
1962,xxx
1963,xxx
1964,xxx
1965,xxx
1966,xxx
1967,xxx
1968,xxx
1969,xxx
1970,xxx
1971,xxx
1972,xxx
1973,xxx
1974,xxx
1975,xxx
1976,xxx
1977,xxx
1978,xxx
1979,xxx
1980,xxx
1981,xxx
1982,xxx
1983,xxx
1984,xxx
1985,xxx
1986,xxx
1987,xxx
1988,xxx
1989,xxx
1990,xxx
1991,xxx
1992,xxx
1993,xxx
1994,xxx
1995,xxx
1996,xxx
1997,xxx
1998,xxx
1999,xxx
2000,xxx
2001,xxx
2002,xxx
2003,xxx
2004,xxx
2005,xxx
2006,xxx
2007,xxx
2008,xxx
2009,xxx
2010,xxx
2011,xxx
2012,xxx
2013,xxx
2014,xxx
2015,xxx
2016,xxx
2017,xxx
2018,xxx
2019,xxx
2020,xxx
2021,xxx
2022,xxx
2023,xxx
2024,xxx
2025,xxx
2026,xxx
2027,xxx
2028,xxx
2029,xxx
2030,xxx
2031,xxx
2032,xxx
2033,xxx
2034,xxx
2035,xxx
2036,xxx
2037,xxx
2038,xxx
2039,xxx
2040,xxx
2041,xxx
2042,xxx
2043,xxx
2044,xxx
2045,xxx
2046,xxx
2047,xxx
2048,xxx
2049,xxx
2050,xxx
2051,xxx
2052,xxx
2053,xxx
2054,xxx
2055,xxx
2056,xxx
2057,xxx
2058,xxx
2059,xxx
2060,xxx
2061,xxx
2062,xxx
2063,xxx
2064,xxx
2065,xxx
2066,xxx
2067,xxx
2068,xxx
2069,xxx
2070,xxx
2071,xxx
2072,xxx
2073,xxx
2074,xxx
2075,xxx
2076,xxx
2077,xxx
2078,xxx
2079,xxx
2080,xxx
2081,xxx
2082,xxx
2083,xxx
2084,xxx
2085,xxx
2086,xxx
2087,xxx
2088,xxx
2089,xxx
2090,xxx
2091,xxx
2092,xxx
2093,xxx
2094,xxx
2095,xxx
2096,xxx
2097,xxx
2098,xxx
2099,xxx
2100,xxx
2101,xxx
2102,xxx
2103,xxx
2104,xxx
2105,xxx
2106,xxx
2107,xxx
2108,xxx
2109,xxx
2110,xxx
2111,xxx
2112,xxx
2113,xxx
2114,xxx
2115,xxx
2116,xxx
2117,xxx
2118,xxx
2119,xxx
2120,xxx
2121,xxx
2122,xxx
2123,xxx
2124,xxx
2125,xxx
2126,xxx
2127,xxx
2128,xxx
2129,xxx
2130,xxx
2131,xxx
2132,xxx
2133,xxx
2134,xxx
2135,xxx
2136,xxx
2137,xxx
2138,xxx
2139,xxx
2140,xxx
2141,xxx
2142,xxx
2143,xxx
2144,xxx
2145,xxx
2146,xxx
2147,xxx
2148,xxx
2149,xxx
2150,xxx
2151,xxx
2152,xxx
2153,xxx
2154,xxx
2155,xxx
2156,xxx
2157,xxx
2158,xxx
2159,xxx
2160,xxx
2161,xxx
2162,xxx
2163,xxx
2164,xxx
2165,xxx
2166,xxx
2167,xxx
2168,xxx
2169,xxx
2170,xxx
2171,xxx
2172,xxx
2173,xxx
2174,xxx
2175,xxx
2176,xxx
2177,xxx
2178,xxx
2179,xxx
2180,xxx
2181,xxx
2182,xxx
2183,xxx
2184,xxx
2185,xxx
2186,xxx
2187,xxx
2188,xxx
2189,xxx
2190,xxx
2191,xxx
2192,xxx
2193,xxx
2194,xxx
2195,xxx
2196,xxx
2197,xxx
2198,xxx
2199,xxx
2200,xxx
2201,xxx
2202,xxx
2203,xxx
2204,xxx
2205,xxx
2206,xxx
2207,xxx
2208,xxx
2209,xxx
2210,xxx
2211,xxx
2212,xxx
2213,xxx
2214,xxx
2215,xxx
2216,xxx
2217,xxx
2218,xxx
2219,xxx
2220,xxx
2221,xxx
2222,xxx
2223,xxx
2224,xxx
2225,xxx
2226,xxx
2227,xxx
2228,xxx
2229,xxx
2230,xxx
2231,xxx
2232,xxx
2233,xxx
2234,xxx
2235,xxx
2236,xxx
2237,xxx
2238,xxx
2239,xxx
2240,xxx
2241,xxx
2242,xxx
2243,xxx
2244,xxx
2245,xxx
2246,xxx
2247,xxx
2248,xxx
2249,xxx
2250,xxx
2251,xxx
2252,xxx
2253,xxx
2254,xxx
2255,xxx
2256,xxx
2257,xxx
2258,xxx
2259,xxx
2260,xxx
2261,xxx
2262,xxx
2263,xxx
2264,xxx
2265,xxx
2266,xxx
2267,xxx
2268,xxx
2269,xxx
2270,xxx
2271,xxx
2272,xxx
2273,xxx
2274,xxx
2275,xxx
2276,xxx
2277,xxx
2278,xxx
2279,xxx
2280,xxx
2281,xxx
2282,xxx
2283,xxx
2284,xxx
2285,xxx
2286,xxx
2287,xxx
2288,xxx
2289,xxx
2290,xxx
2291,xxx
2292,xxx
2293,xxx
2294,xxx
2295,xxx
2296,xxx
2297,xxx
2298,xxx
2299,xxx
2300,xxx
2301,xxx
2302,xxx
2303,xxx
2304,xxx
2305,xxx
2306,xxx
2307,xxx
2308,xxx
2309,xxx
2310,xxx
2311,xxx
2312,xxx
2313,xxx
2314,xxx
2315,xxx
2316,xxx
2317,xxx
2318,xxx
2319,xxx
2320,xxx
2321,xxx
2322,xxx
2323,xxx
2324,xxx
2325,xxx
2326,xxx
2327,xxx
2328,xxx
2329,xxx
2330,xxx
2331,xxx
2332,xxx
2333,xxx
2334,xxx
2335,xxx
2336,xxx
2337,xxx
2338,xxx
2339,xxx
2340,xxx
2341,xxx
2342,xxx
2343,xxx
2344,xxx
2345,xxx
2346,xxx
2347,xxx
2348,xxx
2349,xxx
2350,xxx
2351,xxx
2352,xxx
2353,xxx
2354,xxx
2355,xxx
2356,xxx
2357,xxx
2358,xxx
2359,xxx
2360,xxx
2361,xxx
2362,xxx
2363,xxx
2364,xxx
2365,xxx
2366,xxx
2367,xxx
2368,xxx
2369,xxx
2370,xxx
2371,xxx
2372,xxx
2373,xxx
2374,xxx
2375,xxx
2376,xxx
2377,xxx
2378,xxx
2379,xxx
2380,xxx
2381,xxx
2382,xxx
2383,xxx
2384,xxx
2385,xxx
2386,xxx
2387,xxx
2388,xxx
2389,xxx
2390,xxx
2391,xxx
2392,xxx
2393,xxx
2394,xxx
2395,xxx
2396,xxx
2397,xxx
2398,xxx
2399,xxx
2400,xxx
2401,xxx
2402,xxx
2403,xxx
2404,xxx
2405,xxx
2406,xxx
2407,xxx
2408,xxx
2409,xxx
2410,xxx
2411,xxx
2412,xxx
2413,xxx
2414,xxx
2415,xxx
2416,xxx
2417,xxx
2418,xxx
2419,xxx
2420,xxx
2421,xxx
2422,xxx
2423,xxx
2424,xxx
2425,xxx
2426,xxx
2427,xxx
2428,xxx
2429,xxx
2430,xxx
2431,xxx
2432,xxx
2433,xxx
2434,xxx
2435,xxx
2436,xxx
2437,xxx
2438,xxx
2439,xxx
2440,xxx
2441,xxx
2442,xxx
2443,xxx
2444,xxx
2445,xxx
2446,xxx
2447,xxx
2448,xxx
2449,xxx
2450,xxx
2451,xxx
2452,xxx
2453,xxx
2454,xxx
2455,xxx
2456,xxx
2457,xxx
2458,xxx
2459,xxx
2460,xxx
2461,xxx
2462,xxx
2463,xxx
2464,xxx
2465,xxx
2466,xxx
2467,xxx
2468,xxx
2469,xxx
2470,xxx
2471,xxx
2472,xxx
2473,xxx
2474,xxx
2475,xxx
2476,xxx
2477,xxx
2478,xxx
2479,xxx
2480,xxx
2481,xxx
2482,xxx
2483,xxx
2484,xxx
2485,xxx
2486,xxx
2487,xxx
2488,xxx
2489,xxx
2490,xxx
2491,xxx
2492,xxx
2493,xxx
2494,xxx
2495,xxx
2496,xxx
2497,xxx
2498,xxx
2499,xxx
2500,xxx
2501,xxx
2502,xxx
2503,xxx
2504,xxx
2505,xxx
2506,xxx
2507,xxx
2508,xxx
2509,xxx
2510,xxx
2511,xxx
2512,xxx
2513,xxx
2514,xxx
2515,xxx
2516,xxx
2517,xxx
2518,xxx
2519,xxx
2520,xxx
2521,xxx
2522,xxx
2523,xxx
2524,xxx
2525,xxx
2526,xxx
2527,xxx
2528,xxx
2529,xxx
2530,xxx
2531,xxx
2532,xxx
2533,xxx
2534,xxx
2535,xxx
2536,xxx
2537,xxx
2538,xxx
2539,xxx
2540,xxx
2541,xxx
2542,xxx
2543,xxx
2544,xxx
2545,xxx
2546,xxx
2547,xxx
2548,xxx
2549,xxx
2550,xxx
2551,xxx
2552,xxx
2553,xxx
2554,xxx
2555,xxx
2556,xxx
2557,xxx
2558,xxx
2559,xxx
2560,xxx
2561,xxx
2562,xxx
2563,xxx
2564,xxx
2565,xxx
2566,xxx
2567,xxx
2568,xxx
2569,xxx
2570,xxx
2571,xxx
2572,xxx
2573,xxx
2574,xxx
2575,xxx
2576,xxx
2577,xxx
2578,xxx
2579,xxx
2580,xxx
2581,xxx
2582,xxx
2583,xxx
2584,xxx
2585,xxx
2586,xxx
2587,xxx
2588,xxx
2589,xxx
2590,xxx
2591,xxx
2592,xxx
2593,xxx
2594,xxx
2595,xxx
2596,xxx
2597,xxx
2598,xxx
2599,xxx
2600,xxx
2601,xxx
2602,xxx
2603,xxx
2604,xxx
2605,xxx
2606,xxx
2607,xxx
2608,xxx
2609,xxx
2610,xxx
2611,xxx
2612,xxx
2613,xxx
2614,xxx
2615,xxx
2616,xxx
2617,xxx
2618,xxx
2619,xxx
2620,xxx
2621,xxx
2622,xxx
2623,xxx
2624,xxx
2625,xxx
2626,xxx
2627,xxx
2628,xxx
2629,xxx
2630,xxx
2631,xxx
2632,xxx
2633,xxx
2634,xxx
2635,xxx
2636,xxx
2637,xxx
2638,xxx
2639,xxx
2640,xxx
2641,xxx
2642,xxx
2643,xxx
2644,xxx
2645,xxx
2646,xxx
2647,xxx
2648,xxx
2649,xxx
2650,xxx
2651,xxx
2652,xxx
2653,xxx
2654,xxx
2655,xxx
2656,xxx
2657,xxx
2658,xxx
2659,xxx
2660,xxx
2661,xxx
2662,xxx
2663,xxx
2664,xxx
2665,xxx
2666,xxx
2667,xxx
2668,xxx
2669,xxx
2670,xxx
2671,xxx
2672,xxx
2673,xxx
2674,xxx
2675,xxx
2676,xxx
2677,xxx
2678,xxx
2679,xxx
2680,xxx
2681,xxx
2682,xxx
2683,xxx
2684,xxx
2685,xxx
2686,xxx
2687,xxx
2688,xxx
2689,xxx
2690,xxx
2691,xxx
2692,xxx
2693,xxx
2694,xxx
2695,xxx
2696,xxx
2697,xxx
2698,xxx
2699,xxx
2700,xxx
2701,xxx
2702,xxx
2703,xxx
2704,xxx
2705,xxx
2706,xxx
2707,xxx
2708,xxx
2709,xxx
2710,xxx
2711,xxx
2712,xxx
2713,xxx
2714,xxx
2715,xxx
2716,xxx
2717,xxx
2718,xxx
2719,xxx
2720,xxx
2721,xxx
2722,xxx
2723,xxx
2724,xxx
2725,xxx
2726,xxx
2727,xxx
2728,xxx
2729,xxx
2730,xxx
2731,xxx
2732,xxx
2733,xxx
2734,xxx
2735,xxx
2736,xxx
2737,xxx
2738,xxx
2739,xxx
2740,xxx
2741,xxx
2742,xxx
2743,xxx
2744,xxx
2745,xxx
2746,xxx
2747,xxx
2748,xxx
2749,xxx
2750,xxx
2751,xxx
2752,xxx
2753,xxx
2754,xxx
2755,xxx
2756,xxx
2757,xxx
2758,xxx
2759,xxx
2760,xxx
2761,xxx
2762,xxx
2763,xxx
2764,xxx
2765,xxx
2766,xxx
2767,xxx
2768,xxx
2769,xxx
2770,xxx
2771,xxx
2772,xxx
2773,xxx
2774,xxx
2775,xxx
2776,xxx
2777,xxx
2778,xxx
2779,xxx
2780,xxx
2781,xxx
2782,xxx
2783,xxx
2784,xxx
2785,xxx
2786,xxx
2787,xxx
2788,xxx
2789,xxx
2790,xxx
2791,xxx
2792,xxx
2793,xxx
2794,xxx
2795,xxx
2796,xxx
2797,xxx
2798,xxx
2799,xxx
2800,xxx
2801,xxx
2802,xxx
2803,xxx
2804,xxx
2805,xxx
2806,xxx
2807,xxx
2808,xxx
2809,xxx
2810,xxx
2811,xxx
2812,xxx
2813,xxx
2814,xxx
2815,xxx
2816,xxx
2817,xxx
2818,xxx
2819,xxx
2820,xxx
2821,xxx
2822,xxx
2823,xxx
2824,xxx
2825,xxx
2826,xxx
2827,xxx
2828,xxx
2829,xxx
2830,xxx
2831,xxx
2832,xxx
2833,xxx
2834,xxx
2835,xxx
2836,xxx
2837,xxx
2838,xxx
2839,xxx
2840,xxx
2841,xxx
2842,xxx
2843,xxx
2844,xxx
2845,xxx
2846,xxx
2847,xxx
2848,xxx
2849,xxx
2850,xxx
2851,xxx
2852,xxx
2853,xxx
2854,xxx
2855,xxx
2856,xxx
2857,xxx
2858,xxx
2859,xxx
2860,xxx
2861,xxx
2862,xxx
2863,xxx
2864,xxx
2865,xxx
2866,xxx
2867,xxx
2868,xxx
2869,xxx
2870,xxx
2871,xxx
2872,xxx
2873,xxx
2874,xxx
2875,xxx
2876,xxx
2877,xxx
2878,xxx
2879,xxx
2880,xxx
2881,xxx
2882,xxx
2883,xxx
2884,xxx
2885,xxx
2886,xxx
2887,xxx
2888,xxx
2889,xxx
2890,xxx
2891,xxx
2892,xxx
2893,xxx
2894,xxx
2895,xxx
2896,xxx
2897,xxx
2898,xxx
2899,xxx
2900,xxx
2901,xxx
2902,xxx
2903,xxx
2904,xxx
2905,xxx
2906,xxx
2907,xxx
2908,xxx
2909,xxx
2910,xxx
2911,xxx
2912,xxx
2913,xxx
2914,xxx
2915,xxx
2916,xxx
2917,xxx
2918,xxx
2919,xxx
2920,xxx
2921,xxx
2922,xxx
2923,xxx
2924,xxx
2925,xxx
2926,xxx
2927,xxx
2928,xxx
2929,xxx
2930,xxx
2931,xxx
2932,xxx
2933,xxx
2934,xxx
2935,xxx
2936,xxx
2937,xxx
2938,xxx
2939,xxx
2940,xxx
2941,xxx
2942,xxx
2943,xxx
2944,xxx
2945,xxx
2946,xxx
2947,xxx
2948,xxx
2949,xxx
2950,xxx
2951,xxx
2952,xxx
2953,xxx
2954,xxx
2955,xxx
2956,xxx
2957,xxx
2958,xxx
2959,xxx
2960,xxx
2961,xxx
2962,xxx
2963,xxx
2964,xxx
2965,xxx
2966,xxx
2967,xxx
2968,xxx
2969,xxx
2970,xxx
2971,xxx
2972,xxx
2973,xxx
2974,xxx
2975,xxx
2976,xxx
2977,xxx
2978,xxx
2979,xxx
2980,xxx
2981,xxx
2982,xxx
2983,xxx
2984,xxx
2985,xxx
2986,xxx
2987,xxx
2988,xxx
2989,xxx
2990,xxx
2991,xxx
2992,xxx
2993,xxx
2994,xxx
2995,xxx
2996,xxx
2997,xxx
2998,xxx
2999,xxx
3000,xxx
3001,xxx
3002,xxx
3003,xxx
3004,xxx
3005,xxx
3006,xxx
3007,xxx
3008,xxx
3009,xxx
3010,xxx
3011,xxx
3012,xxx
3013,xxx
3014,xxx
3015,xxx
3016,xxx
3017,xxx
3018,xxx
3019,xxx
3020,xxx
3021,xxx
3022,xxx
3023,xxx
3024,xxx
3025,xxx
3026,xxx
3027,xxx
3028,xxx
3029,xxx
3030,xxx
3031,xxx
3032,xxx
3033,xxx
3034,xxx
3035,xxx
3036,xxx
3037,xxx
3038,xxx
3039,xxx
3040,xxx
3041,xxx
3042,xxx
3043,xxx
3044,xxx
3045,xxx
3046,xxx
3047,xxx
3048,xxx
3049,xxx
3050,xxx
3051,xxx
3052,xxx
3053,xxx
3054,xxx
3055,xxx
3056,xxx
3057,xxx
3058,xxx
3059,xxx
3060,xxx
3061,xxx
3062,xxx
3063,xxx
3064,xxx
3065,xxx
3066,xxx
3067,xxx
3068,xxx
3069,xxx
3070,xxx
3071,xxx
3072,xxx
3073,xxx
3074,xxx
3075,xxx
3076,xxx
3077,xxx
3078,xxx
3079,xxx
3080,xxx
3081,xxx
3082,xxx
3083,xxx
3084,xxx
3085,xxx
3086,xxx
3087,xxx
3088,xxx
3089,xxx
3090,xxx
3091,xxx
3092,xxx
3093,xxx
3094,xxx
3095,xxx
3096,xxx
3097,xxx
3098,xxx
3099,xxx
3100,xxx
3101,xxx
3102,xxx
3103,xxx
3104,xxx
3105,xxx
3106,xxx
3107,xxx
3108,xxx
3109,xxx
3110,xxx
3111,xxx
3112,xxx
3113,xxx
3114,xxx
3115,xxx
3116,xxx
3117,xxx
3118,xxx
3119,xxx
3120,xxx
3121,xxx
3122,xxx
3123,xxx
3124,xxx
3125,xxx
3126,xxx
3127,xxx
3128,xxx
3129,xxx
3130,xxx
3131,xxx
3132,xxx
3133,xxx
3134,xxx
3135,xxx
3136,xxx
3137,xxx
3138,xxx
3139,xxx
3140,xxx
3141,xxx
3142,xxx
3143,xxx
3144,xxx
3145,xxx
3146,xxx
3147,xxx
3148,xxx
3149,xxx
3150,xxx
3151,xxx
3152,xxx
3153,xxx
3154,xxx
3155,xxx
3156,xxx
3157,xxx
3158,xxx
3159,xxx
3160,xxx
3161,xxx
3162,xxx
3163,xxx
3164,xxx
3165,xxx
3166,xxx
3167,xxx
3168,xxx
3169,xxx
3170,xxx
3171,xxx
3172,xxx
3173,xxx
3174,xxx
3175,xxx
3176,xxx
3177,xxx
3178,xxx
3179,xxx
3180,xxx
3181,xxx
3182,xxx
3183,xxx
3184,xxx
3185,xxx
3186,xxx
3187,xxx
3188,xxx
3189,xxx
3190,xxx
3191,xxx
3192,xxx
3193,xxx
3194,xxx
3195,xxx
3196,xxx
3197,xxx
3198,xxx
3199,xxx
3200,xxx
3201,xxx
3202,xxx
3203,xxx
3204,xxx
3205,xxx
3206,xxx
3207,xxx
3208,xxx
3209,xxx
3210,xxx
3211,xxx
3212,xxx
3213,xxx
3214,xxx
3215,xxx
3216,xxx
3217,xxx
3218,xxx
3219,xxx
3220,xxx
3221,xxx
3222,xxx
3223,xxx
3224,xxx
3225,xxx
3226,xxx
3227,xxx
3228,xxx
3229,xxx
3230,xxx
3231,xxx
3232,xxx
3233,xxx
3234,xxx
3235,xxx
3236,xxx
3237,xxx
3238,xxx
3239,xxx
3240,xxx
3241,xxx
3242,xxx
3243,xxx
3244,xxx
3245,xxx
3246,xxx
3247,xxx
3248,xxx
3249,xxx
3250,xxx
3251,xxx
3252,xxx
3253,xxx
3254,xxx
3255,xxx
3256,xxx
3257,xxx
3258,xxx
3259,xxx
3260,xxx
3261,xxx
3262,xxx
3263,xxx
3264,xxx
3265,xxx
3266,xxx
3267,xxx
3268,xxx
3269,xxx
3270,xxx
3271,xxx
3272,xxx
3273,xxx
3274,xxx
3275,xxx
3276,xxx
3277,xxx
3278,xxx
3279,xxx
3280,xxx
3281,xxx
3282,xxx
3283,xxx
3284,xxx
3285,xxx
3286,xxx
3287,xxx
3288,xxx
3289,xxx
3290,xxx
3291,xxx
3292,xxx
3293,xxx
3294,xxx
3295,xxx
3296,xxx
3297,xxx
3298,xxx
3299,xxx
3300,xxx
3301,xxx
3302,xxx
3303,xxx
3304,xxx
3305,xxx
3306,xxx
3307,xxx
3308,xxx
3309,xxx
3310,xxx
3311,xxx
3312,xxx
3313,xxx
3314,xxx
3315,xxx
3316,xxx
3317,xxx
3318,xxx
3319,xxx
3320,xxx
3321,xxx
3322,xxx
3323,xxx
3324,xxx
3325,xxx
3326,xxx
3327,xxx
3328,xxx
3329,xxx
3330,xxx
3331,xxx
3332,xxx
3333,xxx
3334,xxx
3335,xxx
3336,xxx
3337,xxx
3338,xxx
3339,xxx
3340,xxx
3341,xxx
3342,xxx
3343,xxx
3344,xxx
3345,xxx
3346,xxx
3347,xxx
3348,xxx
3349,xxx
3350,xxx
3351,xxx
3352,xxx
3353,xxx
3354,xxx
3355,xxx
3356,xxx
3357,xxx
3358,xxx
3359,xxx
3360,xxx
3361,xxx
3362,xxx
3363,xxx
3364,xxx
3365,xxx
3366,xxx
3367,xxx
3368,xxx
3369,xxx
3370,xxx
3371,xxx
3372,xxx
3373,xxx
3374,xxx
3375,xxx
3376,xxx
3377,xxx
3378,xxx
3379,xxx
3380,xxx
3381,xxx
3382,xxx
3383,xxx
3384,xxx
3385,xxx
3386,xxx
3387,xxx
3388,xxx
3389,xxx
3390,xxx
3391,xxx
3392,xxx
3393,xxx
3394,xxx
3395,xxx
3396,xxx
3397,xxx
3398,xxx
3399,xxx
3400,xxx
3401,xxx
3402,xxx
3403,xxx
3404,xxx
3405,xxx
3406,xxx
3407,xxx
3408,xxx
3409,xxx
3410,xxx
3411,xxx
3412,xxx
3413,xxx
3414,xxx
3415,xxx
3416,xxx
3417,xxx
3418,xxx
3419,xxx
3420,xxx
3421,xxx
3422,xxx
3423,xxx
3424,xxx
3425,xxx
3426,xxx
3427,xxx
3428,xxx
3429,xxx
3430,xxx
3431,xxx
3432,xxx
3433,xxx
3434,xxx
3435,xxx
3436,xxx
3437,xxx
3438,xxx
3439,xxx
3440,xxx
3441,xxx
3442,xxx
3443,xxx
3444,xxx
3445,xxx
3446,xxx
3447,xxx
3448,xxx
3449,xxx
3450,xxx
3451,xxx
3452,xxx
3453,xxx
3454,xxx
3455,xxx
3456,xxx
3457,xxx
3458,xxx
3459,xxx
3460,xxx
3461,xxx
3462,xxx
3463,xxx
3464,xxx
3465,xxx
3466,xxx
3467,xxx
3468,xxx
3469,xxx
3470,xxx
3471,xxx
3472,xxx
3473,xxx
3474,xxx
3475,xxx
3476,xxx
3477,xxx
3478,xxx
3479,xxx
3480,xxx
3481,xxx
3482,xxx
3483,xxx
3484,xxx
3485,xxx
3486,xxx
3487,xxx
3488,xxx
3489,xxx
3490,xxx
3491,xxx
3492,xxx
3493,xxx
3494,xxx
3495,xxx
3496,xxx
3497,xxx
3498,xxx
3499,xxx
3500,xxx
3501,xxx
3502,xxx
3503,xxx
3504,xxx
3505,xxx
3506,xxx
3507,xxx
3508,xxx
3509,xxx
3510,xxx
3511,xxx
3512,xxx
3513,xxx
3514,xxx
3515,xxx
3516,xxx
3517,xxx
3518,xxx
3519,xxx
3520,xxx
3521,xxx
3522,xxx
3523,xxx
3524,xxx
3525,xxx
3526,xxx
3527,xxx
3528,xxx
3529,xxx
3530,xxx
3531,xxx
3532,xxx
3533,xxx
3534,xxx
3535,xxx
3536,xxx
3537,xxx
3538,xxx
3539,xxx
3540,xxx
3541,xxx
3542,xxx
3543,xxx
3544,xxx
3545,xxx
3546,xxx
3547,xxx
3548,xxx
3549,xxx
3550,xxx
3551,xxx
3552,xxx
3553,xxx
3554,xxx
3555,xxx
3556,xxx
3557,xxx
3558,xxx
3559,xxx
3560,xxx
3561,xxx
3562,xxx
3563,xxx
3564,xxx
3565,xxx
3566,xxx
3567,xxx
3568,xxx
3569,xxx
3570,xxx
3571,xxx
3572,xxx
3573,xxx
3574,xxx
3575,xxx
3576,xxx
3577,xxx
3578,xxx
3579,xxx
3580,xxx
3581,xxx
3582,xxx
3583,xxx
3584,xxx
3585,xxx
3586,xxx
3587,xxx
3588,xxx
3589,xxx
3590,xxx
3591,xxx
3592,xxx
3593,xxx
3594,xxx
3595,xxx
3596,xxx
3597,xxx
3598,xxx
3599,xxx
3600,xxx
3601,xxx
3602,xxx
3603,xxx
3604,xxx
3605,xxx
3606,xxx
3607,xxx
3608,xxx
3609,xxx
3610,xxx
3611,xxx
3612,xxx
3613,xxx
3614,xxx
3615,xxx
3616,xxx
3617,xxx
3618,xxx
3619,xxx
3620,xxx
3621,xxx
3622,xxx
3623,xxx
3624,xxx
3625,xxx
3626,xxx
3627,xxx
3628,xxx
3629,xxx
3630,xxx
3631,xxx
3632,xxx
3633,xxx
3634,xxx
3635,xxx
3636,xxx
3637,xxx
3638,xxx
3639,xxx
3640,xxx
3641,xxx
3642,xxx
3643,xxx
3644,xxx
3645,xxx
3646,xxx
3647,xxx
3648,xxx
3649,xxx
3650,xxx
3651,xxx
3652,xxx
3653,xxx
3654,xxx
3655,xxx
3656,xxx
3657,xxx
3658,xxx
3659,xxx
3660,xxx
3661,xxx
3662,xxx
3663,xxx
3664,xxx
3665,xxx
3666,xxx
3667,xxx
3668,xxx
3669,xxx
3670,xxx
3671,xxx
3672,xxx
3673,xxx
3674,xxx
3675,xxx
3676,xxx
3677,xxx
3678,xxx
3679,xxx
3680,xxx
3681,xxx
3682,xxx
3683,xxx
3684,xxx
3685,xxx
3686,xxx
3687,xxx
3688,xxx
3689,xxx
3690,xxx
3691,xxx
3692,xxx
3693,xxx
3694,xxx
3695,xxx
3696,xxx
3697,xxx
3698,xxx
3699,xxx
3700,xxx
3701,xxx
3702,xxx
3703,xxx
3704,xxx
3705,xxx
3706,xxx
3707,xxx
3708,xxx
3709,xxx
3710,xxx
3711,xxx
3712,xxx
3713,xxx
3714,xxx
3715,xxx
3716,xxx
3717,xxx
3718,xxx
3719,xxx
3720,xxx
3721,xxx
3722,xxx
3723,xxx
3724,xxx
3725,xxx
3726,xxx
3727,xxx
3728,xxx
3729,xxx
3730,xxx
3731,xxx
3732,xxx
3733,xxx
3734,xxx
3735,xxx
3736,xxx
3737,xxx
3738,xxx
3739,xxx
3740,xxx
3741,xxx
3742,xxx
3743,xxx
3744,xxx
3745,xxx
3746,xxx
3747,xxx
3748,xxx
3749,xxx
3750,xxx
3751,xxx
3752,xxx
3753,xxx
3754,xxx
3755,xxx
3756,xxx
3757,xxx
3758,xxx
3759,xxx
3760,xxx
3761,xxx
3762,xxx
3763,xxx
3764,xxx
3765,xxx
3766,xxx
3767,xxx
3768,xxx
3769,xxx
3770,xxx
3771,xxx
3772,xxx
3773,xxx
3774,xxx
3775,xxx
3776,xxx
3777,xxx
3778,xxx
3779,xxx
3780,xxx
3781,xxx
3782,xxx
3783,xxx
3784,xxx
3785,xxx
3786,xxx
3787,xxx
3788,xxx
3789,xxx
3790,xxx
3791,xxx
3792,xxx
3793,xxx
3794,xxx
3795,xxx
3796,xxx
3797,xxx
3798,xxx
3799,xxx
3800,xxx
3801,xxx
3802,xxx
3803,xxx
3804,xxx
3805,xxx
3806,xxx
3807,xxx
3808,xxx
3809,xxx
3810,xxx
3811,xxx
3812,xxx
3813,xxx
3814,xxx
3815,xxx
3816,xxx
3817,xxx
3818,xxx
3819,xxx
3820,xxx
3821,xxx
3822,xxx
3823,xxx
3824,xxx
3825,xxx
3826,xxx
3827,xxx
3828,xxx
3829,xxx
3830,xxx
3831,xxx
3832,xxx
3833,xxx
3834,xxx
3835,xxx
3836,xxx
3837,xxx
3838,xxx
3839,xxx
3840,xxx
3841,xxx
3842,xxx
3843,xxx
3844,xxx
3845,xxx
3846,xxx
3847,xxx
3848,xxx
3849,xxx
3850,xxx
3851,xxx
3852,xxx
3853,xxx
3854,xxx
3855,xxx
3856,xxx
3857,xxx
3858,xxx
3859,xxx
3860,xxx
3861,xxx
3862,xxx
3863,xxx
3864,xxx
3865,xxx
3866,xxx
3867,xxx
3868,xxx
3869,xxx
3870,xxx
3871,xxx
3872,xxx
3873,xxx
3874,xxx
3875,xxx
3876,xxx
3877,xxx
3878,xxx
3879,xxx
3880,xxx
3881,xxx
3882,xxx
3883,xxx
3884,xxx
3885,xxx
3886,xxx
3887,xxx
3888,xxx
3889,xxx
3890,xxx
3891,xxx
3892,xxx
3893,xxx
3894,xxx
3895,xxx
3896,xxx
3897,xxx
3898,xxx
3899,xxx
3900,xxx
3901,xxx
3902,xxx
3903,xxx
3904,xxx
3905,xxx
3906,xxx
3907,xxx
3908,xxx
3909,xxx
3910,xxx
3911,xxx
3912,xxx
3913,xxx
3914,xxx
3915,xxx
3916,xxx
3917,xxx
3918,xxx
3919,xxx
3920,xxx
3921,xxx
3922,xxx
3923,xxx
3924,xxx
3925,xxx
3926,xxx
3927,xxx
3928,xxx
3929,xxx
3930,xxx
3931,xxx
3932,xxx
3933,xxx
3934,xxx
3935,xxx
3936,xxx
3937,xxx
3938,xxx
3939,xxx
3940,xxx
3941,xxx
3942,xxx
3943,xxx
3944,xxx
3945,xxx
3946,xxx
3947,xxx
3948,xxx
3949,xxx
3950,xxx
3951,xxx
3952,xxx
3953,xxx
3954,xxx
3955,xxx
3956,xxx
3957,xxx
3958,xxx
3959,xxx
3960,xxx
3961,xxx
3962,xxx
3963,xxx
3964,xxx
3965,xxx
3966,xxx
3967,xxx
3968,xxx
3969,xxx
3970,xxx
3971,xxx
3972,xxx
3973,xxx
3974,xxx
3975,xxx
3976,xxx
3977,xxx
3978,xxx
3979,xxx
3980,xxx
3981,xxx
3982,xxx
3983,xxx
3984,xxx
3985,xxx
3986,xxx
3987,xxx
3988,xxx
3989,xxx
3990,xxx
3991,xxx
3992,xxx
3993,xxx
3994,xxx
3995,xxx
3996,xxx
3997,xxx
3998,xxx
3999,xxx
4000,xxx
4001,xxx
4002,xxx
4003,xxx
4004,xxx
4005,xxx
4006,xxx
4007,xxx
4008,xxx
4009,xxx
4010,xxx
4011,xxx
4012,xxx
4013,xxx
4014,xxx
4015,xxx
4016,xxx
4017,xxx
4018,xxx
4019,xxx
4020,xxx
4021,xxx
4022,xxx
4023,xxx
4024,xxx
4025,xxx
4026,xxx
4027,xxx
4028,xxx
4029,xxx
4030,xxx
4031,xxx
4032,xxx
4033,xxx
4034,xxx
4035,xxx
4036,xxx
4037,xxx
4038,xxx
4039,xxx
4040,xxx
4041,xxx
4042,xxx
4043,xxx
4044,xxx
4045,xxx
4046,xxx
4047,xxx
4048,xxx
4049,xxx
4050,xxx
4051,xxx
4052,xxx
4053,xxx
4054,xxx
4055,xxx
4056,xxx
4057,xxx
4058,xxx
4059,xxx
4060,xxx
4061,xxx
4062,xxx
4063,xxx
4064,xxx
4065,xxx
4066,xxx
4067,xxx
4068,xxx
4069,xxx
4070,xxx
4071,xxx
4072,xxx
4073,xxx
4074,xxx
4075,xxx
4076,xxx
4077,xxx
4078,xxx
4079,xxx
4080,xxx
4081,xxx
4082,xxx
4083,xxx
4084,xxx
4085,xxx
4086,xxx
4087,xxx
4088,xxx
4089,xxx
4090,xxx
4091,xxx
4092,xxx
4093,xxx
4094,xxx
4095,xxx
4096,xxx
4097,xxx
4098,xxx
4099,xxx
4100,xxx
4101,xxx
4102,xxx
4103,xxx
4104,xxx
4105,xxx
4106,xxx
4107,xxx
4108,xxx
4109,xxx
4110,xxx
4111,xxx
4112,xxx
4113,xxx
4114,xxx
4115,xxx
4116,xxx
4117,xxx
4118,xxx
4119,xxx
4120,xxx
4121,xxx
4122,xxx
4123,xxx
4124,xxx
4125,xxx
4126,xxx
4127,xxx
4128,xxx
4129,xxx
4130,xxx
4131,xxx
4132,xxx
4133,xxx
4134,xxx
4135,xxx
4136,xxx
4137,xxx
4138,xxx
4139,xxx
4140,xxx
4141,xxx
4142,xxx
4143,xxx
4144,xxx
4145,xxx
4146,xxx
4147,xxx
4148,xxx
4149,xxx
4150,xxx
4151,xxx
4152,xxx
4153,xxx
4154,xxx
4155,xxx
4156,xxx
4157,xxx
4158,xxx
4159,xxx
4160,xxx
4161,xxx
4162,xxx
4163,xxx
4164,xxx
4165,xxx
4166,xxx
4167,xxx
4168,xxx
4169,xxx
4170,xxx
4171,xxx
4172,xxx
4173,xxx
4174,xxx
4175,xxx
4176,xxx
4177,xxx
4178,xxx
4179,xxx
4180,xxx
4181,xxx
4182,xxx
4183,xxx
4184,xxx
4185,xxx
4186,xxx
4187,xxx
4188,xxx
4189,xxx
4190,xxx
4191,xxx
4192,xxx
4193,xxx
4194,xxx
4195,xxx
4196,xxx
4197,xxx
4198,xxx
4199,xxx
4200,xxx
4201,xxx
4202,xxx
4203,xxx
4204,xxx
4205,xxx
4206,xxx
4207,xxx
4208,xxx
4209,xxx
4210,xxx
4211,xxx
4212,xxx
4213,xxx
4214,xxx
4215,xxx
4216,xxx
4217,xxx
4218,xxx
4219,xxx
4220,xxx
4221,xxx
4222,xxx
4223,xxx
4224,xxx
4225,xxx
4226,xxx
4227,xxx
4228,xxx
4229,xxx
4230,xxx
4231,xxx
4232,xxx
4233,xxx
4234,xxx
4235,xxx
4236,xxx
4237,xxx
4238,xxx
4239,xxx
4240,xxx
4241,xxx
4242,xxx
4243,xxx
4244,xxx
4245,xxx
4246,xxx
4247,xxx
4248,xxx
4249,xxx
4250,xxx
4251,xxx
4252,xxx
4253,xxx
4254,xxx
4255,xxx
4256,xxx
4257,xxx
4258,xxx
4259,xxx
4260,xxx
4261,xxx
4262,xxx
4263,xxx
4264,xxx
4265,xxx
4266,xxx
4267,xxx
4268,xxx
4269,xxx
4270,xxx
4271,xxx
4272,xxx
4273,xxx
4274,xxx
4275,xxx
4276,xxx
4277,xxx
4278,xxx
4279,xxx
4280,xxx
4281,xxx
4282,xxx
4283,xxx
4284,xxx
4285,xxx
4286,xxx
4287,xxx
4288,xxx
4289,xxx
4290,xxx
4291,xxx
4292,xxx
4293,xxx
4294,xxx
4295,xxx
4296,xxx
4297,xxx
4298,xxx
4299,xxx
4300,xxx
4301,xxx
4302,xxx
4303,xxx
4304,xxx
4305,xxx
4306,xxx
4307,xxx
4308,xxx
4309,xxx
4310,xxx
4311,xxx
4312,xxx
4313,xxx
4314,xxx
4315,xxx
4316,xxx
4317,xxx
4318,xxx
4319,xxx
4320,xxx
4321,xxx
4322,xxx
4323,xxx
4324,xxx
4325,xxx
4326,xxx
4327,xxx
4328,xxx
4329,xxx
4330,xxx
4331,xxx
4332,xxx
4333,xxx
4334,xxx
4335,xxx
4336,xxx
4337,xxx
4338,xxx
4339,xxx
4340,xxx
4341,xxx
4342,xxx
4343,xxx
4344,xxx
4345,xxx
4346,xxx
4347,xxx
4348,xxx
4349,xxx
4350,xxx
4351,xxx
4352,xxx
4353,xxx
4354,xxx
4355,xxx
4356,xxx
4357,xxx
4358,xxx
4359,xxx
4360,xxx
4361,xxx
4362,xxx
4363,xxx
4364,xxx
4365,xxx
4366,xxx
4367,xxx
4368,xxx
4369,xxx
4370,xxx
4371,xxx
4372,xxx
4373,xxx
4374,xxx
4375,xxx
4376,xxx
4377,xxx
4378,xxx
4379,xxx
4380,xxx
4381,xxx
4382,xxx
4383,xxx
4384,xxx
4385,xxx
4386,xxx
4387,xxx
4388,xxx
4389,xxx
4390,xxx
4391,xxx
4392,xxx
4393,xxx
4394,xxx
4395,xxx
4396,xxx
4397,xxx
4398,xxx
4399,xxx
4400,xxx
4401,xxx
4402,xxx
4403,xxx
4404,xxx
4405,xxx
4406,xxx
4407,xxx
4408,xxx
4409,xxx
4410,xxx
4411,xxx
4412,xxx
4413,xxx
4414,xxx
4415,xxx
4416,xxx
4417,xxx
4418,xxx
4419,xxx
4420,xxx
4421,xxx
4422,xxx
4423,xxx
4424,xxx
4425,xxx
4426,xxx
4427,xxx
4428,xxx
4429,xxx
4430,xxx
4431,xxx
4432,xxx
4433,xxx
4434,xxx
4435,xxx
4436,xxx
4437,xxx
4438,xxx
4439,xxx
4440,xxx
4441,xxx
4442,xxx
4443,xxx
4444,xxx
4445,xxx
4446,xxx
4447,xxx
4448,xxx
4449,xxx
4450,xxx
4451,xxx
4452,xxx
4453,xxx
4454,xxx
4455,xxx
4456,xxx
4457,xxx
4458,xxx
4459,xxx
4460,xxx
4461,xxx
4462,xxx
4463,xxx
4464,xxx
4465,xxx
4466,xxx
4467,xxx
4468,xxx
4469,xxx
4470,xxx
4471,xxx
4472,xxx
4473,xxx
4474,xxx
4475,xxx
4476,xxx
4477,xxx
4478,xxx
4479,xxx
4480,xxx
4481,xxx
4482,xxx
4483,xxx
4484,xxx
4485,xxx
4486,xxx
4487,xxx
4488,xxx
4489,xxx
4490,xxx
4491,xxx
4492,xxx
4493,xxx
4494,xxx
4495,xxx
4496,xxx
4497,xxx
4498,xxx
4499,xxx
4500,xxx
4501,xxx
4502,xxx
4503,xxx
4504,xxx
4505,xxx
4506,xxx
4507,xxx
4508,xxx
4509,xxx
4510,xxx
4511,xxx
4512,xxx
4513,xxx
4514,xxx
4515,xxx
4516,xxx
4517,xxx
4518,xxx
4519,xxx
4520,xxx
4521,xxx
4522,xxx
4523,xxx
4524,xxx
4525,xxx
4526,xxx
4527,xxx
4528,xxx
4529,xxx
4530,xxx
4531,xxx
4532,xxx
4533,xxx
4534,xxx
4535,xxx
4536,xxx
4537,xxx
4538,xxx
4539,xxx
4540,xxx
4541,xxx
4542,xxx
4543,xxx
4544,xxx
4545,xxx
4546,xxx
4547,xxx
4548,xxx
4549,xxx
4550,xxx
4551,xxx
4552,xxx
4553,xxx
4554,xxx
4555,xxx
4556,xxx
4557,xxx
4558,xxx
4559,xxx
4560,xxx
4561,xxx
4562,xxx
4563,xxx
4564,xxx
4565,xxx
4566,xxx
4567,xxx
4568,xxx
4569,xxx
4570,xxx
4571,xxx
4572,xxx
4573,xxx
4574,xxx
4575,xxx
4576,xxx
4577,xxx
4578,xxx
4579,xxx
4580,xxx
4581,xxx
4582,xxx
4583,xxx
4584,xxx
4585,xxx
4586,xxx
4587,xxx
4588,xxx
4589,xxx
4590,xxx
4591,xxx
4592,xxx
4593,xxx
4594,xxx
4595,xxx
4596,xxx
4597,xxx
4598,xxx
4599,xxx
4600,xxx
4601,xxx
4602,xxx
4603,xxx
4604,xxx
4605,xxx
4606,xxx
4607,xxx
4608,xxx
4609,xxx
4610,xxx
4611,xxx
4612,xxx
4613,xxx
4614,xxx
4615,xxx
4616,xxx
4617,xxx
4618,xxx
4619,xxx
4620,xxx
4621,xxx
4622,xxx
4623,xxx
4624,xxx
4625,xxx
4626,xxx
4627,xxx
4628,xxx
4629,xxx
4630,xxx
4631,xxx
4632,xxx
4633,xxx
4634,xxx
4635,xxx
4636,xxx
4637,xxx
4638,xxx
4639,xxx
4640,xxx
4641,xxx
4642,xxx
4643,xxx
4644,xxx
4645,xxx
4646,xxx
4647,xxx
4648,xxx
4649,xxx
4650,xxx
4651,xxx
4652,xxx
4653,xxx
4654,xxx
4655,xxx
4656,xxx
4657,xxx
4658,xxx
4659,xxx
4660,xxx
4661,xxx
4662,xxx
4663,xxx
4664,xxx
4665,xxx
4666,xxx
4667,xxx
4668,xxx
4669,xxx
4670,xxx
4671,xxx
4672,xxx
4673,xxx
4674,xxx
4675,xxx
4676,xxx
4677,xxx
4678,xxx
4679,xxx
4680,xxx
4681,xxx
4682,xxx
4683,xxx
4684,xxx
4685,xxx
4686,xxx
4687,xxx
4688,xxx
4689,xxx
4690,xxx
4691,xxx
4692,xxx
4693,xxx
4694,xxx
4695,xxx
4696,xxx
4697,xxx
4698,xxx
4699,xxx
4700,xxx
4701,xxx
4702,xxx
4703,xxx
4704,xxx
4705,xxx
4706,xxx
4707,xxx
4708,xxx
4709,xxx
4710,xxx
4711,xxx
4712,xxx
4713,xxx
4714,xxx
4715,xxx
4716,xxx
4717,xxx
4718,xxx
4719,xxx
4720,xxx
4721,xxx
4722,xxx
4723,xxx
4724,xxx
4725,xxx
4726,xxx
4727,xxx
4728,xxx
4729,xxx
4730,xxx
4731,xxx
4732,xxx
4733,xxx
4734,xxx
4735,xxx
4736,xxx
4737,xxx
4738,xxx
4739,xxx
4740,xxx
4741,xxx
4742,xxx
4743,xxx
4744,xxx
4745,xxx
4746,xxx
4747,xxx
4748,xxx
4749,xxx
4750,xxx
4751,xxx
4752,xxx
4753,xxx
4754,xxx
4755,xxx
4756,xxx
4757,xxx
4758,xxx
4759,xxx
4760,xxx
4761,xxx
4762,xxx
4763,xxx
4764,xxx
4765,xxx
4766,xxx
4767,xxx
4768,xxx
4769,xxx
4770,xxx
4771,xxx
4772,xxx
4773,xxx
4774,xxx
4775,xxx
4776,xxx
4777,xxx
4778,xxx
4779,xxx
4780,xxx
4781,xxx
4782,xxx
4783,xxx
4784,xxx
4785,xxx
4786,xxx
4787,xxx
4788,xxx
4789,xxx
4790,xxx
4791,xxx
4792,xxx
4793,xxx
4794,xxx
4795,xxx
4796,xxx
4797,xxx
4798,xxx
4799,xxx
4800,xxx
4801,xxx
4802,xxx
4803,xxx
4804,xxx
4805,xxx
4806,xxx
4807,xxx
4808,xxx
4809,xxx
4810,xxx
4811,xxx
4812,xxx
4813,xxx
4814,xxx
4815,xxx
4816,xxx
4817,xxx
4818,xxx
4819,xxx
4820,xxx
4821,xxx
4822,xxx
4823,xxx
4824,xxx
4825,xxx
4826,xxx
4827,xxx
4828,xxx
4829,xxx
4830,xxx
4831,xxx
4832,xxx
4833,xxx
4834,xxx
4835,xxx
4836,xxx
4837,xxx
4838,xxx
4839,xxx
4840,xxx
4841,xxx
4842,xxx
4843,xxx
4844,xxx
4845,xxx
4846,xxx
4847,xxx
4848,xxx
4849,xxx
4850,xxx
4851,xxx
4852,xxx
4853,xxx
4854,xxx
4855,xxx
4856,xxx
4857,xxx
4858,xxx
4859,xxx
4860,xxx
4861,xxx
4862,xxx
4863,xxx
4864,xxx
4865,xxx
4866,xxx
4867,xxx
4868,xxx
4869,xxx
4870,xxx
4871,xxx
4872,xxx
4873,xxx
4874,xxx
4875,xxx
4876,xxx
4877,xxx
4878,xxx
4879,xxx
4880,xxx
4881,xxx
4882,xxx
4883,xxx
4884,xxx
4885,xxx
4886,xxx
4887,xxx
4888,xxx
4889,xxx
4890,xxx
4891,xxx
4892,xxx
4893,xxx
4894,xxx
4895,xxx
4896,xxx
4897,xxx
4898,xxx
4899,xxx
4900,xxx
4901,xxx
4902,xxx
4903,xxx
4904,xxx
4905,xxx
4906,xxx
4907,xxx
4908,xxx
4909,xxx
4910,xxx
4911,xxx
4912,xxx
4913,xxx
4914,xxx
4915,xxx
4916,xxx
4917,xxx
4918,xxx
4919,xxx
4920,xxx
4921,xxx
4922,xxx
4923,xxx
4924,xxx
4925,xxx
4926,xxx
4927,xxx
4928,xxx
4929,xxx
4930,xxx
4931,xxx
4932,xxx
4933,xxx
4934,xxx
4935,xxx
4936,xxx
4937,xxx
4938,xxx
4939,xxx
4940,xxx
4941,xxx
4942,xxx
4943,xxx
4944,xxx
4945,xxx
4946,xxx
4947,xxx
4948,xxx
4949,xxx
4950,xxx
4951,xxx
4952,xxx
4953,xxx
4954,xxx
4955,xxx
4956,xxx
4957,xxx
4958,xxx
4959,xxx
4960,xxx
4961,xxx
4962,xxx
4963,xxx
4964,xxx
4965,xxx
4966,xxx
4967,xxx
4968,xxx
4969,xxx
4970,xxx
4971,xxx
4972,xxx
4973,xxx
4974,xxx
4975,xxx
4976,xxx
4977,xxx
4978,xxx
4979,xxx
4980,xxx
4981,xxx
4982,xxx
4983,xxx
4984,xxx
4985,xxx
4986,xxx
4987,xxx
4988,xxx
4989,xxx
4990,xxx
4991,xxx
4992,xxx
4993,xxx
4994,xxx
4995,xxx
4996,xxx
4997,xxx
4998,xxx
4999,xxx
5000,xxx
5001,xxx
5002,xxx
5003,xxx
5004,xxx
5005,xxx
5006,xxx
5007,xxx
5008,xxx
5009,xxx
5010,xxx
5011,xxx
5012,xxx
5013,xxx
5014,xxx
5015,xxx
5016,xxx
5017,xxx
5018,xxx
5019,xxx
5020,xxx
5021,xxx
5022,xxx
5023,xxx
5024,xxx
5025,xxx
5026,xxx
5027,xxx
5028,xxx
5029,xxx
5030,xxx
5031,xxx
5032,xxx
5033,xxx
5034,xxx
5035,xxx
5036,xxx
5037,xxx
5038,xxx
5039,xxx
5040,xxx
5041,xxx
5042,xxx
5043,xxx
5044,xxx
5045,xxx
5046,xxx
5047,xxx
5048,xxx
5049,xxx
5050,xxx
5051,xxx
5052,xxx
5053,xxx
5054,xxx
5055,xxx
5056,xxx
5057,xxx
5058,xxx
5059,xxx
5060,xxx
5061,xxx
5062,xxx
5063,xxx
5064,xxx
5065,xxx
5066,xxx
5067,xxx
5068,xxx
5069,xxx
5070,xxx
5071,xxx
5072,xxx
5073,xxx
5074,xxx
5075,xxx
5076,xxx
5077,xxx
5078,xxx
5079,xxx
5080,xxx
5081,xxx
5082,xxx
5083,xxx
5084,xxx
5085,xxx
5086,xxx
5087,xxx
5088,xxx
5089,xxx
5090,xxx
5091,xxx
5092,xxx
5093,xxx
5094,xxx
5095,xxx
5096,xxx
5097,xxx
5098,xxx
5099,xxx
5100,xxx
5101,xxx
5102,xxx
5103,xxx
5104,xxx
5105,xxx
5106,xxx
5107,xxx
5108,xxx
5109,xxx
5110,xxx
5111,xxx
5112,xxx
5113,xxx
5114,xxx
5115,xxx
5116,xxx
5117,xxx
5118,xxx
5119,xxx
5120,xxx
5121,xxx
5122,xxx
5123,xxx
5124,xxx
5125,xxx
5126,xxx
5127,xxx
5128,xxx
5129,xxx
5130,xxx
5131,xxx
5132,xxx
5133,xxx
5134,xxx
5135,xxx
5136,xxx
5137,xxx
5138,xxx
5139,xxx
5140,xxx
5141,xxx
5142,xxx
5143,xxx
5144,xxx
5145,xxx
5146,xxx
5147,xxx
5148,xxx
5149,xxx
5150,xxx
5151,xxx
5152,xxx
5153,xxx
5154,xxx
5155,xxx
5156,xxx
5157,xxx
5158,xxx
5159,xxx
5160,xxx
5161,xxx
5162,xxx
5163,xxx
5164,xxx
5165,xxx
5166,xxx
5167,xxx
5168,xxx
5169,xxx
5170,xxx
5171,xxx
5172,xxx
5173,xxx
5174,xxx
5175,xxx
5176,xxx
5177,xxx
5178,xxx
5179,xxx
5180,xxx
5181,xxx
5182,xxx
5183,xxx
5184,xxx
5185,xxx
5186,xxx
5187,xxx
5188,xxx
5189,xxx
5190,xxx
5191,xxx
5192,xxx
5193,xxx
5194,xxx
5195,xxx
5196,xxx
5197,xxx
5198,xxx
5199,xxx
5200,xxx
5201,xxx
5202,xxx
5203,xxx
5204,xxx
5205,xxx
5206,xxx
5207,xxx
5208,xxx
5209,xxx
5210,xxx
5211,xxx
5212,xxx
5213,xxx
5214,xxx
5215,xxx
5216,xxx
5217,xxx
5218,xxx
5219,xxx
5220,xxx
5221,xxx
5222,xxx
5223,xxx
5224,xxx
5225,xxx
5226,xxx
5227,xxx
5228,xxx
5229,xxx
5230,xxx
5231,xxx
5232,xxx
5233,xxx
5234,xxx
5235,xxx
5236,xxx
5237,xxx
5238,xxx
5239,xxx
5240,xxx
5241,xxx
5242,xxx
5243,xxx
5244,xxx
5245,xxx
5246,xxx
5247,xxx
5248,xxx
5249,xxx
5250,xxx
5251,xxx
5252,xxx
5253,xxx
5254,xxx
5255,xxx
5256,xxx
5257,xxx
5258,xxx
5259,xxx
5260,xxx
5261,xxx
5262,xxx
5263,xxx
5264,xxx
5265,xxx
5266,xxx
5267,xxx
5268,xxx
5269,xxx
5270,xxx
5271,xxx
5272,xxx
5273,xxx
5274,xxx
5275,xxx
5276,xxx
5277,xxx
5278,xxx
5279,xxx
5280,xxx
5281,xxx
5282,xxx
5283,xxx
5284,xxx
5285,xxx
5286,xxx
5287,xxx
5288,xxx
5289,xxx
5290,xxx
5291,xxx
5292,xxx
5293,xxx
5294,xxx
5295,xxx
5296,xxx
5297,xxx
5298,xxx
5299,xxx
5300,xxx
5301,xxx
5302,xxx
5303,xxx
5304,xxx
5305,xxx
5306,xxx
5307,xxx
5308,xxx
5309,xxx
5310,xxx
5311,xxx
5312,xxx
5313,xxx
5314,xxx
5315,xxx
5316,xxx
5317,xxx
5318,xxx
5319,xxx
5320,xxx
5321,xxx
5322,xxx
5323,xxx
5324,xxx
5325,xxx
5326,xxx
5327,xxx
5328,xxx
5329,xxx
5330,xxx
5331,xxx
5332,xxx
5333,xxx
5334,xxx
5335,xxx
5336,xxx
5337,xxx
5338,xxx
5339,xxx
5340,xxx
5341,xxx
5342,xxx
5343,xxx
5344,xxx
5345,xxx
5346,xxx
5347,xxx
5348,xxx
5349,xxx
5350,xxx
5351,xxx
5352,xxx
5353,xxx
5354,xxx
5355,xxx
5356,xxx
5357,xxx
5358,xxx
5359,xxx
5360,xxx
5361,xxx
5362,xxx
5363,xxx
5364,xxx
5365,xxx
5366,xxx
5367,xxx
5368,xxx
5369,xxx
5370,xxx
5371,xxx
5372,xxx
5373,xxx
5374,xxx
5375,xxx
5376,xxx
5377,xxx
5378,xxx
5379,xxx
5380,xxx
5381,xxx
5382,xxx
5383,xxx
5384,xxx
5385,xxx
5386,xxx
5387,xxx
5388,xxx
5389,xxx
5390,xxx
5391,xxx
5392,xxx
5393,xxx
5394,xxx
5395,xxx
5396,xxx
5397,xxx
5398,xxx
5399,xxx
5400,xxx
5401,xxx
5402,xxx
5403,xxx
5404,xxx
5405,xxx
5406,xxx
5407,xxx
5408,xxx
5409,xxx
5410,xxx
5411,xxx
5412,xxx
5413,xxx
5414,xxx
5415,xxx
5416,xxx
5417,xxx
5418,xxx
5419,xxx
5420,xxx
5421,xxx
5422,xxx
5423,xxx
5424,xxx
5425,xxx
5426,xxx
5427,xxx
5428,xxx
5429,xxx
5430,xxx
5431,xxx
5432,xxx
5433,xxx
5434,xxx
5435,xxx
5436,xxx
5437,xxx
5438,xxx
5439,xxx
5440,xxx
5441,xxx
5442,xxx
5443,xxx
5444,xxx
5445,xxx
5446,xxx
5447,xxx
5448,xxx
5449,xxx
5450,xxx
5451,xxx
5452,xxx
5453,xxx
5454,xxx
5455,xxx
5456,xxx
5457,xxx
5458,xxx
5459,xxx
5460,xxx
5461,xxx
5462,xxx
5463,xxx
5464,xxx
5465,xxx
5466,xxx
5467,xxx
5468,xxx
5469,xxx
5470,xxx
5471,xxx
5472,xxx
5473,xxx
5474,xxx
5475,xxx
5476,xxx
5477,xxx
5478,xxx
5479,xxx
5480,xxx
5481,xxx
5482,xxx
5483,xxx
5484,xxx
5485,xxx
5486,xxx
5487,xxx
5488,xxx
5489,xxx
5490,xxx
5491,xxx
5492,xxx
5493,xxx
5494,xxx
5495,xxx
5496,xxx
5497,xxx
5498,xxx
5499,xxx
5500,xxx
5501,xxx
5502,xxx
5503,xxx
5504,xxx
5505,xxx
5506,xxx
5507,xxx
5508,xxx
5509,xxx
5510,xxx
5511,xxx
5512,xxx
5513,xxx
5514,xxx
5515,xxx
5516,xxx
5517,xxx
5518,xxx
5519,xxx
5520,xxx
5521,xxx
5522,xxx
5523,xxx
5524,xxx
5525,xxx
5526,xxx
5527,xxx
5528,xxx
5529,xxx
5530,xxx
5531,xxx
5532,xxx
5533,xxx
5534,xxx
5535,xxx
5536,xxx
5537,xxx
5538,xxx
5539,xxx
5540,xxx
5541,xxx
5542,xxx
5543,xxx
5544,xxx
5545,xxx
5546,xxx
5547,xxx
5548,xxx
5549,xxx
5550,xxx
5551,xxx
5552,xxx
5553,xxx
5554,xxx
5555,xxx
5556,xxx
5557,xxx
5558,xxx
5559,xxx
5560,xxx
5561,xxx
5562,xxx
5563,xxx
5564,xxx
5565,xxx
5566,xxx
5567,xxx
5568,xxx
5569,xxx
5570,xxx
5571,xxx
5572,xxx
5573,xxx
5574,xxx
5575,xxx
5576,xxx
5577,xxx
5578,xxx
5579,xxx
5580,xxx
5581,xxx
5582,xxx
5583,xxx
5584,xxx
5585,xxx
5586,xxx
5587,xxx
5588,xxx
5589,xxx
5590,xxx
5591,xxx
5592,xxx
5593,xxx
5594,xxx
5595,xxx
5596,xxx
5597,xxx
5598,xxx
5599,xxx
5600,xxx
5601,xxx
5602,xxx
5603,xxx
5604,xxx
5605,xxx
5606,xxx
5607,xxx
5608,xxx
5609,xxx
5610,xxx
5611,xxx
5612,xxx
5613,xxx
5614,xxx
5615,xxx
5616,xxx
5617,xxx
5618,xxx
5619,xxx
5620,xxx
5621,xxx
5622,xxx
5623,xxx
5624,xxx
5625,xxx
5626,xxx
5627,xxx
5628,xxx
5629,xxx
5630,xxx
5631,xxx
5632,xxx
5633,xxx
5634,xxx
5635,xxx
5636,xxx
5637,xxx
5638,xxx
5639,xxx
5640,xxx
5641,xxx
5642,xxx
5643,xxx
5644,xxx
5645,xxx
5646,xxx
5647,xxx
5648,xxx
5649,xxx
5650,xxx
5651,xxx
5652,xxx
5653,xxx
5654,xxx
5655,xxx
5656,xxx
5657,xxx
5658,xxx
5659,xxx
5660,xxx
5661,xxx
5662,xxx
5663,xxx
5664,xxx
5665,xxx
5666,xxx
5667,xxx
5668,xxx
5669,xxx
5670,xxx
5671,xxx
5672,xxx
5673,xxx
5674,xxx
5675,xxx
5676,xxx
5677,xxx
5678,xxx
5679,xxx
5680,xxx
5681,xxx
5682,xxx
5683,xxx
5684,xxx
5685,xxx
5686,xxx
5687,xxx
5688,xxx
5689,xxx
5690,xxx
5691,xxx
5692,xxx
5693,xxx
5694,xxx
5695,xxx
5696,xxx
5697,xxx
5698,xxx
5699,xxx
5700,xxx
5701,xxx
5702,xxx
5703,xxx
5704,xxx
5705,xxx
5706,xxx
5707,xxx
5708,xxx
5709,xxx
5710,xxx
5711,xxx
5712,xxx
5713,xxx
5714,xxx
5715,xxx
5716,xxx
5717,xxx
5718,xxx
5719,xxx
5720,xxx
5721,xxx
5722,xxx
5723,xxx
5724,xxx
5725,xxx
5726,xxx
5727,xxx
5728,xxx
5729,xxx
5730,xxx
5731,xxx
5732,xxx
5733,xxx
5734,xxx
5735,xxx
5736,xxx
5737,xxx
5738,xxx
5739,xxx
5740,xxx
5741,xxx
5742,xxx
5743,xxx
5744,xxx
5745,xxx
5746,xxx
5747,xxx
5748,xxx
5749,xxx
5750,xxx
5751,xxx
5752,xxx
5753,xxx
5754,xxx
5755,xxx
5756,xxx
5757,xxx
5758,xxx
5759,xxx
5760,xxx
5761,xxx
5762,xxx
5763,xxx
5764,xxx
5765,xxx
5766,xxx
5767,xxx
5768,xxx
5769,xxx
5770,xxx
5771,xxx
5772,xxx
5773,xxx
5774,xxx
5775,xxx
5776,xxx
5777,xxx
5778,xxx
5779,xxx
5780,xxx
5781,xxx
5782,xxx
5783,xxx
5784,xxx
5785,xxx
5786,xxx
5787,xxx
5788,xxx
5789,xxx
5790,xxx
5791,xxx
5792,xxx
5793,xxx
5794,xxx
5795,xxx
5796,xxx
5797,xxx
5798,xxx
5799,xxx
5800,xxx
5801,xxx
5802,xxx
5803,xxx
5804,xxx
5805,xxx
5806,xxx
5807,xxx
5808,xxx
5809,xxx
5810,xxx
5811,xxx
5812,xxx
5813,xxx
5814,xxx
5815,xxx
5816,xxx
5817,xxx
5818,xxx
5819,xxx
5820,xxx
5821,xxx
5822,xxx
5823,xxx
5824,xxx
5825,xxx
5826,xxx
5827,xxx
5828,xxx
5829,xxx
5830,xxx
5831,xxx
5832,xxx
5833,xxx
5834,xxx
5835,xxx
5836,xxx
5837,xxx
5838,xxx
5839,xxx
5840,xxx
5841,xxx
5842,xxx
5843,xxx
5844,xxx
5845,xxx
5846,xxx
5847,xxx
5848,xxx
5849,xxx
5850,xxx
5851,xxx
5852,xxx
5853,xxx
5854,xxx
5855,xxx
5856,xxx
5857,xxx
5858,xxx
5859,xxx
5860,xxx
5861,xxx
5862,xxx
5863,xxx
5864,xxx
5865,xxx
5866,xxx
5867,xxx
5868,xxx
5869,xxx
5870,xxx
5871,xxx
5872,xxx
5873,xxx
5874,xxx
5875,xxx
5876,xxx
5877,xxx
5878,xxx
5879,xxx
5880,xxx
5881,xxx
5882,xxx
5883,xxx
5884,xxx
5885,xxx
5886,xxx
5887,xxx
5888,xxx
5889,xxx
5890,xxx
5891,xxx
5892,xxx
5893,xxx
5894,xxx
5895,xxx
5896,xxx
5897,xxx
5898,xxx
5899,xxx
5900,xxx
5901,xxx
5902,xxx
5903,xxx
5904,xxx
5905,xxx
5906,xxx
5907,xxx
5908,xxx
5909,xxx
5910,xxx
5911,xxx
5912,xxx
5913,xxx
5914,xxx
5915,xxx
5916,xxx
5917,xxx
5918,xxx
5919,xxx
5920,xxx
5921,xxx
5922,xxx
5923,xxx
5924,xxx
5925,xxx
5926,xxx
5927,xxx
5928,xxx
5929,xxx
5930,xxx
5931,xxx
5932,xxx
5933,xxx
5934,xxx
5935,xxx
5936,xxx
5937,xxx
5938,xxx
5939,xxx
5940,xxx
5941,xxx
5942,xxx
5943,xxx
5944,xxx
5945,xxx
5946,xxx
5947,xxx
5948,xxx
5949,xxx
5950,xxx
5951,xxx
5952,xxx
5953,xxx
5954,xxx
5955,xxx
5956,xxx
5957,xxx
5958,xxx
5959,xxx
5960,xxx
5961,xxx
5962,xxx
5963,xxx
5964,xxx
5965,xxx
5966,xxx
5967,xxx
5968,xxx
5969,xxx
5970,xxx
5971,xxx
5972,xxx
5973,xxx
5974,xxx
5975,xxx
5976,xxx
5977,xxx
5978,xxx
5979,xxx
5980,xxx
5981,xxx
5982,xxx
5983,xxx
5984,xxx
5985,xxx
5986,xxx
5987,xxx
5988,xxx
5989,xxx
5990,xxx
5991,xxx
5992,xxx
5993,xxx
5994,xxx
5995,xxx
5996,xxx
5997,xxx
5998,xxx
5999,xxx
6000,xxx
6001,xxx
6002,xxx
6003,xxx
6004,xxx
6005,xxx
6006,xxx
6007,xxx
6008,xxx
6009,xxx
6010,xxx
6011,xxx
6012,xxx
6013,xxx
6014,xxx
6015,xxx
6016,xxx
6017,xxx
6018,xxx
6019,xxx
6020,xxx
6021,xxx
6022,xxx
6023,xxx
6024,xxx
6025,xxx
6026,xxx
6027,xxx
6028,xxx
6029,xxx
6030,xxx
6031,xxx
6032,xxx
6033,xxx
6034,xxx
6035,xxx
6036,xxx
6037,xxx
6038,xxx
6039,xxx
6040,xxx
6041,xxx
6042,xxx
6043,xxx
6044,xxx
6045,xxx
6046,xxx
6047,xxx
6048,xxx
6049,xxx
6050,xxx
6051,xxx
6052,xxx
6053,xxx
6054,xxx
6055,xxx
6056,xxx
6057,xxx
6058,xxx
6059,xxx
6060,xxx
6061,xxx
6062,xxx
6063,xxx
6064,xxx
6065,xxx
6066,xxx
6067,xxx
6068,xxx
6069,xxx
6070,xxx
6071,xxx
6072,xxx
6073,xxx
6074,xxx
6075,xxx
6076,xxx
6077,xxx
6078,xxx
6079,xxx
6080,xxx
6081,xxx
6082,xxx
6083,xxx
6084,xxx
6085,xxx
6086,xxx
6087,xxx
6088,xxx
6089,xxx
6090,xxx
6091,xxx
6092,xxx
6093,xxx
6094,xxx
6095,xxx
6096,xxx
6097,xxx
6098,xxx
6099,xxx
6100,xxx
6101,xxx
6102,xxx
6103,xxx
6104,xxx
6105,xxx
6106,xxx
6107,xxx
6108,xxx
6109,xxx
6110,xxx
6111,xxx
6112,xxx
6113,xxx
6114,xxx
6115,xxx
6116,xxx
6117,xxx
6118,xxx
6119,xxx
6120,xxx
6121,xxx
6122,xxx
6123,xxx
6124,xxx
6125,xxx
6126,xxx
6127,xxx
6128,xxx
6129,xxx
6130,xxx
6131,xxx
6132,xxx
6133,xxx
6134,xxx
6135,xxx
6136,xxx
6137,xxx
6138,xxx
6139,xxx
6140,xxx
6141,xxx
6142,xxx
6143,xxx
6144,xxx
6145,xxx
6146,xxx
6147,xxx
6148,xxx
6149,xxx
6150,xxx
6151,xxx
6152,xxx
6153,xxx
6154,xxx
6155,xxx
6156,xxx
6157,xxx
6158,xxx
6159,xxx
6160,xxx
6161,xxx
6162,xxx
6163,xxx
6164,xxx
6165,xxx
6166,xxx
6167,xxx
6168,xxx
6169,xxx
6170,xxx
6171,xxx
6172,xxx
6173,xxx
6174,xxx
6175,xxx
6176,xxx
6177,xxx
6178,xxx
6179,xxx
6180,xxx
6181,xxx
6182,xxx
6183,xxx
6184,xxx
6185,xxx
6186,xxx
6187,xxx
6188,xxx
6189,xxx
6190,xxx
6191,xxx
6192,xxx
6193,xxx
6194,xxx
6195,xxx
6196,xxx
6197,xxx
6198,xxx
6199,xxx
6200,xxx
6201,xxx
6202,xxx
6203,xxx
6204,xxx
6205,xxx
6206,xxx
6207,xxx
6208,xxx
6209,xxx
6210,xxx
6211,xxx
6212,xxx
6213,xxx
6214,xxx
6215,xxx
6216,xxx
6217,xxx
6218,xxx
6219,xxx
6220,xxx
6221,xxx
6222,xxx
6223,xxx
6224,xxx
6225,xxx
6226,xxx
6227,xxx
6228,xxx
6229,xxx
6230,xxx
6231,xxx
6232,xxx
6233,xxx
6234,xxx
6235,xxx
6236,xxx
6237,xxx
6238,xxx
6239,xxx
6240,xxx
6241,xxx
6242,xxx
6243,xxx
6244,xxx
6245,xxx
6246,xxx
6247,xxx
6248,xxx
6249,xxx
6250,xxx
6251,xxx
6252,xxx
6253,xxx
6254,xxx
6255,xxx
6256,xxx
6257,xxx
6258,xxx
6259,xxx
6260,xxx
6261,xxx
6262,xxx
6263,xxx
6264,xxx
6265,xxx
6266,xxx
6267,xxx
6268,xxx
6269,xxx
6270,xxx
6271,xxx
6272,xxx
6273,xxx
6274,xxx
6275,xxx
6276,xxx
6277,xxx
6278,xxx
6279,xxx
6280,xxx
6281,xxx
6282,xxx
6283,xxx
6284,xxx
6285,xxx
6286,xxx
6287,xxx
6288,xxx
6289,xxx
6290,xxx
6291,xxx
6292,xxx
6293,xxx
6294,xxx
6295,xxx
6296,xxx
6297,xxx
6298,xxx
6299,xxx
6300,xxx
6301,xxx
6302,xxx
6303,xxx
6304,xxx
6305,xxx
6306,xxx
6307,xxx
6308,xxx
6309,xxx
6310,xxx
6311,xxx
6312,xxx
6313,xxx
6314,xxx
6315,xxx
6316,xxx
6317,xxx
6318,xxx
6319,xxx
6320,xxx
6321,xxx
6322,xxx
6323,xxx
6324,xxx
6325,xxx
6326,xxx
6327,xxx
6328,xxx
6329,xxx
6330,xxx
6331,xxx
6332,xxx
6333,xxx
6334,xxx
6335,xxx
6336,xxx
6337,xxx
6338,xxx
6339,xxx
6340,xxx
6341,xxx
6342,xxx
6343,xxx
6344,xxx
6345,xxx
6346,xxx
6347,xxx
6348,xxx
6349,xxx
6350,xxx
6351,xxx
6352,xxx
6353,xxx
6354,xxx
6355,xxx
6356,xxx
6357,xxx
6358,xxx
6359,xxx
6360,xxx
6361,xxx
6362,xxx
6363,xxx
6364,xxx
6365,xxx
6366,xxx
6367,xxx
6368,xxx
6369,xxx
6370,xxx
6371,xxx
6372,xxx
6373,xxx
6374,xxx
6375,xxx
6376,xxx
6377,xxx
6378,xxx
6379,xxx
6380,xxx
6381,xxx
6382,xxx
6383,xxx
6384,xxx
6385,xxx
6386,xxx
6387,xxx
6388,xxx
6389,xxx
6390,xxx
6391,xxx
6392,xxx
6393,xxx
6394,xxx
6395,xxx
6396,xxx
6397,xxx
6398,xxx
6399,xxx
6400,xxx
6401,xxx
6402,xxx
6403,xxx
6404,xxx
6405,xxx
6406,xxx
6407,xxx
6408,xxx
6409,xxx
6410,xxx
6411,xxx
6412,xxx
6413,xxx
6414,xxx
6415,xxx
6416,xxx
6417,xxx
6418,xxx
6419,xxx
6420,xxx
6421,xxx
6422,xxx
6423,xxx
6424,xxx
6425,xxx
6426,xxx
6427,xxx
6428,xxx
6429,xxx
6430,xxx
6431,xxx
6432,xxx
6433,xxx
6434,xxx
6435,xxx
6436,xxx
6437,xxx
6438,xxx
6439,xxx
6440,xxx
6441,xxx
6442,xxx
6443,xxx
6444,xxx
6445,xxx
6446,xxx
6447,xxx
6448,xxx
6449,xxx
6450,xxx
6451,xxx
6452,xxx
6453,xxx
6454,xxx
6455,xxx
6456,xxx
6457,xxx
6458,xxx
6459,xxx
6460,xxx
6461,xxx
6462,xxx
6463,xxx
6464,xxx
6465,xxx
6466,xxx
6467,xxx
6468,xxx
6469,xxx
6470,xxx
6471,xxx
6472,xxx
6473,xxx
6474,xxx
6475,xxx
6476,xxx
6477,xxx
6478,xxx
6479,xxx
6480,xxx
6481,xxx
6482,xxx
6483,xxx
6484,xxx
6485,xxx
6486,xxx
6487,xxx
6488,xxx
6489,xxx
6490,xxx
6491,xxx
6492,xxx
6493,xxx
6494,xxx
6495,xxx
6496,xxx
6497,xxx
6498,xxx
6499,xxx
6500,xxx
6501,xxx
6502,xxx
6503,xxx
6504,xxx
6505,xxx
6506,xxx
6507,xxx
6508,xxx
6509,xxx
6510,xxx
6511,xxx
6512,xxx
6513,xxx
6514,xxx
6515,xxx
6516,xxx
6517,xxx
6518,xxx
6519,xxx
6520,xxx
6521,xxx
6522,xxx
6523,xxx
6524,xxx
6525,xxx
6526,xxx
6527,xxx
6528,xxx
6529,xxx
6530,xxx
6531,xxx
6532,xxx
6533,xxx
6534,xxx
6535,xxx
6536,xxx
6537,xxx
6538,xxx
6539,xxx
6540,xxx
6541,xxx
6542,xxx
6543,xxx
6544,xxx
6545,xxx
6546,xxx
6547,xxx
6548,xxx
6549,xxx
6550,xxx
6551,xxx
6552,xxx
6553,xxx
6554,xxx
6555,xxx
6556,xxx
6557,xxx
6558,xxx
6559,xxx
6560,xxx
6561,xxx
6562,xxx
6563,xxx
6564,xxx
6565,xxx
6566,xxx
6567,xxx
6568,xxx
6569,xxx
6570,xxx
6571,xxx
6572,xxx
6573,xxx
6574,xxx
6575,xxx
6576,xxx
6577,xxx
6578,xxx
6579,xxx
6580,xxx
6581,xxx
6582,xxx
6583,xxx
6584,xxx
6585,xxx
6586,xxx
6587,xxx
6588,xxx
6589,xxx
6590,xxx
6591,xxx
6592,xxx
6593,xxx
6594,xxx
6595,xxx
6596,xxx
6597,xxx
6598,xxx
6599,xxx
6600,xxx
6601,xxx
6602,xxx
6603,xxx
6604,xxx
6605,xxx
6606,xxx
6607,xxx
6608,xxx
6609,xxx
6610,xxx
6611,xxx
6612,xxx
6613,xxx
6614,xxx
6615,xxx
6616,xxx
6617,xxx
6618,xxx
6619,xxx
6620,xxx
6621,xxx
6622,xxx
6623,xxx
6624,xxx
6625,xxx
6626,xxx
6627,xxx
6628,xxx
6629,xxx
6630,xxx
6631,xxx
6632,xxx
6633,xxx
6634,xxx
6635,xxx
6636,xxx
6637,xxx
6638,xxx
6639,xxx
6640,xxx
6641,xxx
6642,xxx
6643,xxx
6644,xxx
6645,xxx
6646,xxx
6647,xxx
6648,xxx
6649,xxx
6650,xxx
6651,xxx
6652,xxx
6653,xxx
6654,xxx
6655,xxx
6656,xxx
6657,xxx
6658,xxx
6659,xxx
6660,xxx
6661,xxx
6662,xxx
6663,xxx
6664,xxx
6665,xxx
6666,xxx
6667,xxx
6668,xxx
6669,xxx
6670,xxx
6671,xxx
6672,xxx
6673,xxx
6674,xxx
6675,xxx
6676,xxx
6677,xxx
6678,xxx
6679,xxx
6680,xxx
6681,xxx
6682,xxx
6683,xxx
6684,xxx
6685,xxx
6686,xxx
6687,xxx
6688,xxx
6689,xxx
6690,xxx
6691,xxx
6692,xxx
6693,xxx
6694,xxx
6695,xxx
6696,xxx
6697,xxx
6698,xxx
6699,xxx
6700,xxx
6701,xxx
6702,xxx
6703,xxx
6704,xxx
6705,xxx
6706,xxx
6707,xxx
6708,xxx
6709,xxx
6710,xxx
6711,xxx
6712,xxx
6713,xxx
6714,xxx
6715,xxx
6716,xxx
6717,xxx
6718,xxx
6719,xxx
6720,xxx
6721,xxx
6722,xxx
6723,xxx
6724,xxx
6725,xxx
6726,xxx
6727,xxx
6728,xxx
6729,xxx
6730,xxx
6731,xxx
6732,xxx
6733,xxx
6734,xxx
6735,xxx
6736,xxx
6737,xxx
6738,xxx
6739,xxx
6740,xxx
6741,xxx
6742,xxx
6743,xxx
6744,xxx
6745,xxx
6746,xxx
6747,xxx
6748,xxx
6749,xxx
6750,xxx
6751,xxx
6752,xxx
6753,xxx
6754,xxx
6755,xxx
6756,xxx
6757,xxx
6758,xxx
6759,xxx
6760,xxx
6761,xxx
6762,xxx
6763,xxx
6764,xxx
6765,xxx
6766,xxx
6767,xxx
6768,xxx
6769,xxx
6770,xxx
6771,xxx
6772,xxx
6773,xxx
6774,xxx
6775,xxx
6776,xxx
6777,xxx
6778,xxx
6779,xxx
6780,xxx
6781,xxx
6782,xxx
6783,xxx
6784,xxx
6785,xxx
6786,xxx
6787,xxx
6788,xxx
6789,xxx
6790,xxx
6791,xxx
6792,xxx
6793,xxx
6794,xxx
6795,xxx
6796,xxx
6797,xxx
6798,xxx
6799,xxx
6800,xxx
6801,xxx
6802,xxx
6803,xxx
6804,xxx
6805,xxx
6806,xxx
6807,xxx
6808,xxx
6809,xxx
6810,xxx
6811,xxx
6812,xxx
6813,xxx
6814,xxx
6815,xxx
6816,xxx
6817,xxx
6818,xxx
6819,xxx
6820,xxx
6821,xxx
6822,xxx
6823,xxx
6824,xxx
6825,xxx
6826,xxx
6827,xxx
6828,xxx
6829,xxx
6830,xxx
6831,xxx
6832,xxx
6833,xxx
6834,xxx
6835,xxx
6836,xxx
6837,xxx
6838,xxx
6839,xxx
6840,xxx
6841,xxx
6842,xxx
6843,xxx
6844,xxx
6845,xxx
6846,xxx
6847,xxx
6848,xxx
6849,xxx
6850,xxx
6851,xxx
6852,xxx
6853,xxx
6854,xxx
6855,xxx
6856,xxx
6857,xxx
6858,xxx
6859,xxx
6860,xxx
6861,xxx
6862,xxx
6863,xxx
6864,xxx
6865,xxx
6866,xxx
6867,xxx
6868,xxx
6869,xxx
6870,xxx
6871,xxx
6872,xxx
6873,xxx
6874,xxx
6875,xxx
6876,xxx
6877,xxx
6878,xxx
6879,xxx
6880,xxx
6881,xxx
6882,xxx
6883,xxx
6884,xxx
6885,xxx
6886,xxx
6887,xxx
6888,xxx
6889,xxx
6890,xxx
6891,xxx
6892,xxx
6893,xxx
6894,xxx
6895,xxx
6896,xxx
6897,xxx
6898,xxx
6899,xxx
6900,xxx
6901,xxx
6902,xxx
6903,xxx
6904,xxx
6905,xxx
6906,xxx
6907,xxx
6908,xxx
6909,xxx
6910,xxx
6911,xxx
6912,xxx
6913,xxx
6914,xxx
6915,xxx
6916,xxx
6917,xxx
6918,xxx
6919,xxx
6920,xxx
6921,xxx
6922,xxx
6923,xxx
6924,xxx
6925,xxx
6926,xxx
6927,xxx
6928,xxx
6929,xxx
6930,xxx
6931,xxx
6932,xxx
6933,xxx
6934,xxx
6935,xxx
6936,xxx
6937,xxx
6938,xxx
6939,xxx
6940,xxx
6941,xxx
6942,xxx
6943,xxx
6944,xxx
6945,xxx
6946,xxx
6947,xxx
6948,xxx
6949,xxx
6950,xxx
6951,xxx
6952,xxx
6953,xxx
6954,xxx
6955,xxx
6956,xxx
6957,xxx
6958,xxx
6959,xxx
6960,xxx
6961,xxx
6962,xxx
6963,xxx
6964,xxx
6965,xxx
6966,xxx
6967,xxx
6968,xxx
6969,xxx
6970,xxx
6971,xxx
6972,xxx
6973,xxx
6974,xxx
6975,xxx
6976,xxx
6977,xxx
6978,xxx
6979,xxx
6980,xxx
6981,xxx
6982,xxx
6983,xxx
6984,xxx
6985,xxx
6986,xxx
6987,xxx
6988,xxx
6989,xxx
6990,xxx
6991,xxx
6992,xxx
6993,xxx
6994,xxx
6995,xxx
6996,xxx
6997,xxx
6998,xxx
6999,xxx
7000,xxx
7001,xxx
7002,xxx
7003,xxx
7004,xxx
7005,xxx
7006,xxx
7007,xxx
7008,xxx
7009,xxx
7010,xxx
7011,xxx
7012,xxx
7013,xxx
7014,xxx
7015,xxx
7016,xxx
7017,xxx
7018,xxx
7019,xxx
7020,xxx
7021,xxx
7022,xxx
7023,xxx
7024,xxx
7025,xxx
7026,xxx
7027,xxx
7028,xxx
7029,xxx
7030,xxx
7031,xxx
7032,xxx
7033,xxx
7034,xxx
7035,xxx
7036,xxx
7037,xxx
7038,xxx
7039,xxx
7040,xxx
7041,xxx
7042,xxx
7043,xxx
7044,xxx
7045,xxx
7046,xxx
7047,xxx
7048,xxx
7049,xxx
7050,xxx
7051,xxx
7052,xxx
7053,xxx
7054,xxx
7055,xxx
7056,xxx
7057,xxx
7058,xxx
7059,xxx
7060,xxx
7061,xxx
7062,xxx
7063,xxx
7064,xxx
7065,xxx
7066,xxx
7067,xxx
7068,xxx
7069,xxx
7070,xxx
7071,xxx
7072,xxx
7073,xxx
7074,xxx
7075,xxx
7076,xxx
7077,xxx
7078,xxx
7079,xxx
7080,xxx
7081,xxx
7082,xxx
7083,xxx
7084,xxx
7085,xxx
7086,xxx
7087,xxx
7088,xxx
7089,xxx
7090,xxx
7091,xxx
7092,xxx
7093,xxx
7094,xxx
7095,xxx
7096,xxx
7097,xxx
7098,xxx
7099,xxx
7100,xxx
7101,xxx
7102,xxx
7103,xxx
7104,xxx
7105,xxx
7106,xxx
7107,xxx
7108,xxx
7109,xxx
7110,xxx
7111,xxx
7112,xxx
7113,xxx
7114,xxx
7115,xxx
7116,xxx
7117,xxx
7118,xxx
7119,xxx
7120,xxx
7121,xxx
7122,xxx
7123,xxx
7124,xxx
7125,xxx
7126,xxx
7127,xxx
7128,xxx
7129,xxx
7130,xxx
7131,xxx
7132,xxx
7133,xxx
7134,xxx
7135,xxx
7136,xxx
7137,xxx
7138,xxx
7139,xxx
7140,xxx
7141,xxx
7142,xxx
7143,xxx
7144,xxx
7145,xxx
7146,xxx
7147,xxx
7148,xxx
7149,xxx
7150,xxx
7151,xxx
7152,xxx
7153,xxx
7154,xxx
7155,xxx
7156,xxx
7157,xxx
7158,xxx
7159,xxx
7160,xxx
7161,xxx
7162,xxx
7163,xxx
7164,xxx
7165,xxx
7166,xxx
7167,xxx
7168,xxx
7169,xxx
7170,xxx
7171,xxx
7172,xxx
7173,xxx
7174,xxx
7175,xxx
7176,xxx
7177,xxx
7178,xxx
7179,xxx
7180,xxx
7181,xxx
7182,xxx
7183,xxx
7184,xxx
7185,xxx
7186,xxx
7187,xxx
7188,xxx
7189,xxx
7190,xxx
7191,xxx
7192,xxx
7193,xxx
7194,xxx
7195,xxx
7196,xxx
7197,xxx
7198,xxx
7199,xxx
7200,xxx
7201,xxx
7202,xxx
7203,xxx
7204,xxx
7205,xxx
7206,xxx
7207,xxx
7208,xxx
7209,xxx
7210,xxx
7211,xxx
7212,xxx
7213,xxx
7214,xxx
7215,xxx
7216,xxx
7217,xxx
7218,xxx
7219,xxx
7220,xxx
7221,xxx
7222,xxx
7223,xxx
7224,xxx
7225,xxx
7226,xxx
7227,xxx
7228,xxx
7229,xxx
7230,xxx
7231,xxx
7232,xxx
7233,xxx
7234,xxx
7235,xxx
7236,xxx
7237,xxx
7238,xxx
7239,xxx
7240,xxx
7241,xxx
7242,xxx
7243,xxx
7244,xxx
7245,xxx
7246,xxx
7247,xxx
7248,xxx
7249,xxx
7250,xxx
7251,xxx
7252,xxx
7253,xxx
7254,xxx
7255,xxx
7256,xxx
7257,xxx
7258,xxx
7259,xxx
7260,xxx
7261,xxx
7262,xxx
7263,xxx
7264,xxx
7265,xxx
7266,xxx
7267,xxx
7268,xxx
7269,xxx
7270,xxx
7271,xxx
7272,xxx
7273,xxx
7274,xxx
7275,xxx
7276,xxx
7277,xxx
7278,xxx
7279,xxx
7280,xxx
7281,xxx
7282,xxx
7283,xxx
7284,xxx
7285,xxx
7286,xxx
7287,xxx
7288,xxx
7289,xxx
7290,xxx
7291,xxx
7292,xxx
7293,xxx
7294,xxx
7295,xxx
7296,xxx
7297,xxx
7298,xxx
7299,xxx
7300,xxx
7301,xxx
7302,xxx
7303,xxx
7304,xxx
7305,xxx
7306,xxx
7307,xxx
7308,xxx
7309,xxx
7310,xxx
7311,xxx
7312,xxx
7313,xxx
7314,xxx
7315,xxx
7316,xxx
7317,xxx
7318,xxx
7319,xxx
7320,xxx
7321,xxx
7322,xxx
7323,xxx
7324,xxx
7325,xxx
7326,xxx
7327,xxx
7328,xxx
7329,xxx
7330,xxx
7331,xxx
7332,xxx
7333,xxx
7334,xxx
7335,xxx
7336,xxx
7337,xxx
7338,xxx
7339,xxx
7340,xxx
7341,xxx
7342,xxx
7343,xxx
7344,xxx
7345,xxx
7346,xxx
7347,xxx
7348,xxx
7349,xxx
7350,xxx
7351,xxx
7352,xxx
7353,xxx
7354,xxx
7355,xxx
7356,xxx
7357,xxx
7358,xxx
7359,xxx
7360,xxx
7361,xxx
7362,xxx
7363,xxx
7364,xxx
7365,xxx
7366,xxx
7367,xxx
7368,xxx
7369,xxx
7370,xxx
7371,xxx
7372,xxx
7373,xxx
7374,xxx
7375,xxx
7376,xxx
7377,xxx
7378,xxx
7379,xxx
7380,xxx
7381,xxx
7382,xxx
7383,xxx
7384,xxx
7385,xxx
7386,xxx
7387,xxx
7388,xxx
7389,xxx
7390,xxx
7391,xxx
7392,xxx
7393,xxx
7394,xxx
7395,xxx
7396,xxx
7397,xxx
7398,xxx
7399,xxx
7400,xxx
7401,xxx
7402,xxx
7403,xxx
7404,xxx
7405,xxx
7406,xxx
7407,xxx
7408,xxx
7409,xxx
7410,xxx
7411,xxx
7412,xxx
7413,xxx
7414,xxx
7415,xxx
7416,xxx
7417,xxx
7418,xxx
7419,xxx
7420,xxx
7421,xxx
7422,xxx
7423,xxx
7424,xxx
7425,xxx
7426,xxx
7427,xxx
7428,xxx
7429,xxx
7430,xxx
7431,xxx
7432,xxx
7433,xxx
7434,xxx
7435,xxx
7436,xxx
7437,xxx
7438,xxx
7439,xxx
7440,xxx
7441,xxx
7442,xxx
7443,xxx
7444,xxx
7445,xxx
7446,xxx
7447,xxx
7448,xxx
7449,xxx
7450,xxx
7451,xxx
7452,xxx
7453,xxx
7454,xxx
7455,xxx
7456,xxx
7457,xxx
7458,xxx
7459,xxx
7460,xxx
7461,xxx
7462,xxx
7463,xxx
7464,xxx
7465,xxx
7466,xxx
7467,xxx
7468,xxx
7469,xxx
7470,xxx
7471,xxx
7472,xxx
7473,xxx
7474,xxx
7475,xxx
7476,xxx
7477,xxx
7478,xxx
7479,xxx
7480,xxx
7481,xxx
7482,xxx
7483,xxx
7484,xxx
7485,xxx
7486,xxx
7487,xxx
7488,xxx
7489,xxx
7490,xxx
7491,xxx
7492,xxx
7493,xxx
7494,xxx
7495,xxx
7496,xxx
7497,xxx
7498,xxx
7499,xxx
7500,xxx
7501,xxx
7502,xxx
7503,xxx
7504,xxx
7505,xxx
7506,xxx
7507,xxx
7508,xxx
7509,xxx
7510,xxx
7511,xxx
7512,xxx
7513,xxx
7514,xxx
7515,xxx
7516,xxx
7517,xxx
7518,xxx
7519,xxx
7520,xxx
7521,xxx
7522,xxx
7523,xxx
7524,xxx
7525,xxx
7526,xxx
7527,xxx
7528,xxx
7529,xxx
7530,xxx
7531,xxx
7532,xxx
7533,xxx
7534,xxx
7535,xxx
7536,xxx
7537,xxx
7538,xxx
7539,xxx
7540,xxx
7541,xxx
7542,xxx
7543,xxx
7544,xxx
7545,xxx
7546,xxx
7547,xxx
7548,xxx
7549,xxx
7550,xxx
7551,xxx
7552,xxx
7553,xxx
7554,xxx
7555,xxx
7556,xxx
7557,xxx
7558,xxx
7559,xxx
7560,xxx
7561,xxx
7562,xxx
7563,xxx
7564,xxx
7565,xxx
7566,xxx
7567,xxx
7568,xxx
7569,xxx
7570,xxx
7571,xxx
7572,xxx
7573,xxx
7574,xxx
7575,xxx
7576,xxx
7577,xxx
7578,xxx
7579,xxx
7580,xxx
7581,xxx
7582,xxx
7583,xxx
7584,xxx
7585,xxx
7586,xxx
7587,xxx
7588,xxx
7589,xxx
7590,xxx
7591,xxx
7592,xxx
7593,xxx
7594,xxx
7595,xxx
7596,xxx
7597,xxx
7598,xxx
7599,xxx
7600,xxx
7601,xxx
7602,xxx
7603,xxx
7604,xxx
7605,xxx
7606,xxx
7607,xxx
7608,xxx
7609,xxx
7610,xxx
7611,xxx
7612,xxx
7613,xxx
7614,xxx
7615,xxx
7616,xxx
7617,xxx
7618,xxx
7619,xxx
7620,xxx
7621,xxx
7622,xxx
7623,xxx
7624,xxx
7625,xxx
7626,xxx
7627,xxx
7628,xxx
7629,xxx
7630,xxx
7631,xxx
7632,xxx
7633,xxx
7634,xxx
7635,xxx
7636,xxx
7637,xxx
7638,xxx
7639,xxx
7640,xxx
7641,xxx
7642,xxx
7643,xxx
7644,xxx
7645,xxx
7646,xxx
7647,xxx
7648,xxx
7649,xxx
7650,xxx
7651,xxx
7652,xxx
7653,xxx
7654,xxx
7655,xxx
7656,xxx
7657,xxx
7658,xxx
7659,xxx
7660,xxx
7661,xxx
7662,xxx
7663,xxx
7664,xxx
7665,xxx
7666,xxx
7667,xxx
7668,xxx
7669,xxx
7670,xxx
7671,xxx
7672,xxx
7673,xxx
7674,xxx
7675,xxx
7676,xxx
7677,xxx
7678,xxx
7679,xxx
7680,xxx
7681,xxx
7682,xxx
7683,xxx
7684,xxx
7685,xxx
7686,xxx
7687,xxx
7688,xxx
7689,xxx
7690,xxx
7691,xxx
7692,xxx
7693,xxx
7694,xxx
7695,xxx
7696,xxx
7697,xxx
7698,xxx
7699,xxx
7700,xxx
7701,xxx
7702,xxx
7703,xxx
7704,xxx
7705,xxx
7706,xxx
7707,xxx
7708,xxx
7709,xxx
7710,xxx
7711,xxx
7712,xxx
7713,xxx
7714,xxx
7715,xxx
7716,xxx
7717,xxx
7718,xxx
7719,xxx
7720,xxx
7721,xxx
7722,xxx
7723,xxx
7724,xxx
7725,xxx
7726,xxx
7727,xxx
7728,xxx
7729,xxx
7730,xxx
7731,xxx
7732,xxx
7733,xxx
7734,xxx
7735,xxx
7736,xxx
7737,xxx
7738,xxx
7739,xxx
7740,xxx
7741,xxx
7742,xxx
7743,xxx
7744,xxx
7745,xxx
7746,xxx
7747,xxx
7748,xxx
7749,xxx
7750,xxx
7751,xxx
7752,xxx
7753,xxx
7754,xxx
7755,xxx
7756,xxx
7757,xxx
7758,xxx
7759,xxx
7760,xxx
7761,xxx
7762,xxx
7763,xxx
7764,xxx
7765,xxx
7766,xxx
7767,xxx
7768,xxx
7769,xxx
7770,xxx
7771,xxx
7772,xxx
7773,xxx
7774,xxx
7775,xxx
7776,xxx
7777,xxx
7778,xxx
7779,xxx
7780,xxx
7781,xxx
7782,xxx
7783,xxx
7784,xxx
7785,xxx
7786,xxx
7787,xxx
7788,xxx
7789,xxx
7790,xxx
7791,xxx
7792,xxx
7793,xxx
7794,xxx
7795,xxx
7796,xxx
7797,xxx
7798,xxx
7799,xxx
7800,xxx
7801,xxx
7802,xxx
7803,xxx
7804,xxx
7805,xxx
7806,xxx
7807,xxx
7808,xxx
7809,xxx
7810,xxx
7811,xxx
7812,xxx
7813,xxx
7814,xxx
7815,xxx
7816,xxx
7817,xxx
7818,xxx
7819,xxx
7820,xxx
7821,xxx
7822,xxx
7823,xxx
7824,xxx
7825,xxx
7826,xxx
7827,xxx
7828,xxx
7829,xxx
7830,xxx
7831,xxx
7832,xxx
7833,xxx
7834,xxx
7835,xxx
7836,xxx
7837,xxx
7838,xxx
7839,xxx
7840,xxx
7841,xxx
7842,xxx
7843,xxx
7844,xxx
7845,xxx
7846,xxx
7847,xxx
7848,xxx
7849,xxx
7850,xxx
7851,xxx
7852,xxx
7853,xxx
7854,xxx
7855,xxx
7856,xxx
7857,xxx
7858,xxx
7859,xxx
7860,xxx
7861,xxx
7862,xxx
7863,xxx
7864,xxx
7865,xxx
7866,xxx
7867,xxx
7868,xxx
7869,xxx
7870,xxx
7871,xxx
7872,xxx
7873,xxx
7874,xxx
7875,xxx
7876,xxx
7877,xxx
7878,xxx
7879,xxx
7880,xxx
7881,xxx
7882,xxx
7883,xxx
7884,xxx
7885,xxx
7886,xxx
7887,xxx
7888,xxx
7889,xxx
7890,xxx
7891,xxx
7892,xxx
7893,xxx
7894,xxx
7895,xxx
7896,xxx
7897,xxx
7898,xxx
7899,xxx
7900,xxx
7901,xxx
7902,xxx
7903,xxx
7904,xxx
7905,xxx
7906,xxx
7907,xxx
7908,xxx
7909,xxx
7910,xxx
7911,xxx
7912,xxx
7913,xxx
7914,xxx
7915,xxx
7916,xxx
7917,xxx
7918,xxx
7919,xxx
7920,xxx
7921,xxx
7922,xxx
7923,xxx
7924,xxx
7925,xxx
7926,xxx
7927,xxx
7928,xxx
7929,xxx
7930,xxx
7931,xxx
7932,xxx
7933,xxx
7934,xxx
7935,xxx
7936,xxx
7937,xxx
7938,xxx
7939,xxx
7940,xxx
7941,xxx
7942,xxx
7943,xxx
7944,xxx
7945,xxx
7946,xxx
7947,xxx
7948,xxx
7949,xxx
7950,xxx
7951,xxx
7952,xxx
7953,xxx
7954,xxx
7955,xxx
7956,xxx
7957,xxx
7958,xxx
7959,xxx
7960,xxx
7961,xxx
7962,xxx
7963,xxx
7964,xxx
7965,xxx
7966,xxx
7967,xxx
7968,xxx
7969,xxx
7970,xxx
7971,xxx
7972,xxx
7973,xxx
7974,xxx
7975,xxx
7976,xxx
7977,xxx
7978,xxx
7979,xxx
7980,xxx
7981,xxx
7982,xxx
7983,xxx
7984,xxx
7985,xxx
7986,xxx
7987,xxx
7988,xxx
7989,xxx
7990,xxx
7991,xxx
7992,xxx
7993,xxx
7994,xxx
7995,xxx
7996,xxx
7997,xxx
7998,xxx
7999,xxx
8000,xxx
8001,xxx
8002,xxx
8003,xxx
8004,xxx
8005,xxx
8006,xxx
8007,xxx
8008,xxx
8009,xxx
8010,xxx
8011,xxx
8012,xxx
8013,xxx
8014,xxx
8015,xxx
8016,xxx
8017,xxx
8018,xxx
8019,xxx
8020,xxx
8021,xxx
8022,xxx
8023,xxx
8024,xxx
8025,xxx
8026,xxx
8027,xxx
8028,xxx
8029,xxx
8030,xxx
8031,xxx
8032,xxx
8033,xxx
8034,xxx
8035,xxx
8036,xxx
8037,xxx
8038,xxx
8039,xxx
8040,xxx
8041,xxx
8042,xxx
8043,xxx
8044,xxx
8045,xxx
8046,xxx
8047,xxx
8048,xxx
8049,xxx
8050,xxx
8051,xxx
8052,xxx
8053,xxx
8054,xxx
8055,xxx
8056,xxx
8057,xxx
8058,xxx
8059,xxx
8060,xxx
8061,xxx
8062,xxx
8063,xxx
8064,xxx
8065,xxx
8066,xxx
8067,xxx
8068,xxx
8069,xxx
8070,xxx
8071,xxx
8072,xxx
8073,xxx
8074,xxx
8075,xxx
8076,xxx
8077,xxx
8078,xxx
8079,xxx
8080,xxx
8081,xxx
8082,xxx
8083,xxx
8084,xxx
8085,xxx
8086,xxx
8087,xxx
8088,xxx
8089,xxx
8090,xxx
8091,xxx
8092,xxx
8093,xxx
8094,xxx
8095,xxx
8096,xxx
8097,xxx
8098,xxx
8099,xxx
8100,xxx
8101,xxx
8102,xxx
8103,xxx
8104,xxx
8105,xxx
8106,xxx
8107,xxx
8108,xxx
8109,xxx
8110,xxx
8111,xxx
8112,xxx
8113,xxx
8114,xxx
8115,xxx
8116,xxx
8117,xxx
8118,xxx
8119,xxx
8120,xxx
8121,xxx
8122,xxx
8123,xxx
8124,xxx
8125,xxx
8126,xxx
8127,xxx
8128,xxx
8129,xxx
8130,xxx
8131,xxx
8132,xxx
8133,xxx
8134,xxx
8135,xxx
8136,xxx
8137,xxx
8138,xxx
8139,xxx
8140,xxx
8141,xxx
8142,xxx
8143,xxx
8144,xxx
8145,xxx
8146,xxx
8147,xxx
8148,xxx
8149,xxx
8150,xxx
8151,xxx
8152,xxx
8153,xxx
8154,xxx
8155,xxx
8156,xxx
8157,xxx
8158,xxx
8159,xxx
8160,xxx
8161,xxx
8162,xxx
8163,xxx
8164,xxx
8165,xxx
8166,xxx
8167,xxx
8168,xxx
8169,xxx
8170,xxx
8171,xxx
8172,xxx
8173,xxx
8174,xxx
8175,xxx
8176,xxx
8177,xxx
8178,xxx
8179,xxx
8180,xxx
8181,xxx
8182,xxx
8183,xxx
8184,xxx
8185,xxx
8186,xxx
8187,xxx
8188,xxx
8189,xxx
8190,xxx
8191,xxx
8192,xxx
8193,xxx
8194,xxx
8195,xxx
8196,xxx
8197,xxx
8198,xxx
8199,xxx
8200,xxx
8201,xxx
8202,xxx
8203,xxx
8204,xxx
8205,xxx
8206,xxx
8207,xxx
8208,xxx
8209,xxx
8210,xxx
8211,xxx
8212,xxx
8213,xxx
8214,xxx
8215,xxx
8216,xxx
8217,xxx
8218,xxx
8219,xxx
8220,xxx
8221,xxx
8222,xxx
8223,xxx
8224,xxx
8225,xxx
8226,xxx
8227,xxx
8228,xxx
8229,xxx
8230,xxx
8231,xxx
8232,xxx
8233,xxx
8234,xxx
8235,xxx
8236,xxx
8237,xxx
8238,xxx
8239,xxx
8240,xxx
8241,xxx
8242,xxx
8243,xxx
8244,xxx
8245,xxx
8246,xxx
8247,xxx
8248,xxx
8249,xxx
8250,xxx
8251,xxx
8252,xxx
8253,xxx
8254,xxx
8255,xxx
8256,xxx
8257,xxx
8258,xxx
8259,xxx
8260,xxx
8261,xxx
8262,xxx
8263,xxx
8264,xxx
8265,xxx
8266,xxx
8267,xxx
8268,xxx
8269,xxx
8270,xxx
8271,xxx
8272,xxx
8273,xxx
8274,xxx
8275,xxx
8276,xxx
8277,xxx
8278,xxx
8279,xxx
8280,xxx
8281,xxx
8282,xxx
8283,xxx
8284,xxx
8285,xxx
8286,xxx
8287,xxx
8288,xxx
8289,xxx
8290,xxx
8291,xxx
8292,xxx
8293,xxx
8294,xxx
8295,xxx
8296,xxx
8297,xxx
8298,xxx
8299,xxx
8300,xxx
8301,xxx
8302,xxx
8303,xxx
8304,xxx
8305,xxx
8306,xxx
8307,xxx
8308,xxx
8309,xxx
8310,xxx
8311,xxx
8312,xxx
8313,xxx
8314,xxx
8315,xxx
8316,xxx
8317,xxx
8318,xxx
8319,xxx
8320,xxx
8321,xxx
8322,xxx
8323,xxx
8324,xxx
8325,xxx
8326,xxx
8327,xxx
8328,xxx
8329,xxx
8330,xxx
8331,xxx
8332,xxx
8333,xxx
8334,xxx
8335,xxx
8336,xxx
8337,xxx
8338,xxx
8339,xxx
8340,xxx
8341,xxx
8342,xxx
8343,xxx
8344,xxx
8345,xxx
8346,xxx
8347,xxx
8348,xxx
8349,xxx
8350,xxx
8351,xxx
8352,xxx
8353,xxx
8354,xxx
8355,xxx
8356,xxx
8357,xxx
8358,xxx
8359,xxx
8360,xxx
8361,xxx
8362,xxx
8363,xxx
8364,xxx
8365,xxx
8366,xxx
8367,xxx
8368,xxx
8369,xxx
8370,xxx
8371,xxx
8372,xxx
8373,xxx
8374,xxx
8375,xxx
8376,xxx
8377,xxx
8378,xxx
8379,xxx
8380,xxx
8381,xxx
8382,xxx
8383,xxx
8384,xxx
8385,xxx
8386,xxx
8387,xxx
8388,xxx
8389,xxx
8390,xxx
8391,xxx
8392,xxx
8393,xxx
8394,xxx
8395,xxx
8396,xxx
8397,xxx
8398,xxx
8399,xxx
8400,xxx
8401,xxx
8402,xxx
8403,xxx
8404,xxx
8405,xxx
8406,xxx
8407,xxx
8408,xxx
8409,xxx
8410,xxx
8411,xxx
8412,xxx
8413,xxx
8414,xxx
8415,xxx
8416,xxx
8417,xxx
8418,xxx
8419,xxx
8420,xxx
8421,xxx
8422,xxx
8423,xxx
8424,xxx
8425,xxx
8426,xxx
8427,xxx
8428,xxx
8429,xxx
8430,xxx
8431,xxx
8432,xxx
8433,xxx
8434,xxx
8435,xxx
8436,xxx
8437,xxx
8438,xxx
8439,xxx
8440,xxx
8441,xxx
8442,xxx
8443,xxx
8444,xxx
8445,xxx
8446,xxx
8447,xxx
8448,xxx
8449,xxx
8450,xxx
8451,xxx
8452,xxx
8453,xxx
8454,xxx
8455,xxx
8456,xxx
8457,xxx
8458,xxx
8459,xxx
8460,xxx
8461,xxx
8462,xxx
8463,xxx
8464,xxx
8465,xxx
8466,xxx
8467,xxx
8468,xxx
8469,xxx
8470,xxx
8471,xxx
8472,xxx
8473,xxx
8474,xxx
8475,xxx
8476,xxx
8477,xxx
8478,xxx
8479,xxx
8480,xxx
8481,xxx
8482,xxx
8483,xxx
8484,xxx
8485,xxx
8486,xxx
8487,xxx
8488,xxx
8489,xxx
8490,xxx
8491,xxx
8492,xxx
8493,xxx
8494,xxx
8495,xxx
8496,xxx
8497,xxx
8498,xxx
8499,xxx
8500,xxx
8501,xxx
8502,xxx
8503,xxx
8504,xxx
8505,xxx
8506,xxx
8507,xxx
8508,xxx
8509,xxx
8510,xxx
8511,xxx
8512,xxx
8513,xxx
8514,xxx
8515,xxx
8516,xxx
8517,xxx
8518,xxx
8519,xxx
8520,xxx
8521,xxx
8522,xxx
8523,xxx
8524,xxx
8525,xxx
8526,xxx
8527,xxx
8528,xxx
8529,xxx
8530,xxx
8531,xxx
8532,xxx
8533,xxx
8534,xxx
8535,xxx
8536,xxx
8537,xxx
8538,xxx
8539,xxx
8540,xxx
8541,xxx
8542,xxx
8543,xxx
8544,xxx
8545,xxx
8546,xxx
8547,xxx
8548,xxx
8549,xxx
8550,xxx
8551,xxx
8552,xxx
8553,xxx
8554,xxx
8555,xxx
8556,xxx
8557,xxx
8558,xxx
8559,xxx
8560,xxx
8561,xxx
8562,xxx
8563,xxx
8564,xxx
8565,xxx
8566,xxx
8567,xxx
8568,xxx
8569,xxx
8570,xxx
8571,xxx
8572,xxx
8573,xxx
8574,xxx
8575,xxx
8576,xxx
8577,xxx
8578,xxx
8579,xxx
8580,xxx
8581,xxx
8582,xxx
8583,xxx
8584,xxx
8585,xxx
8586,xxx
8587,xxx
8588,xxx
8589,xxx
8590,xxx
8591,xxx
8592,xxx
8593,xxx
8594,xxx
8595,xxx
8596,xxx
8597,xxx
8598,xxx
8599,xxx
8600,xxx
8601,xxx
8602,xxx
8603,xxx
8604,xxx
8605,xxx
8606,xxx
8607,xxx
8608,xxx
8609,xxx
8610,xxx
8611,xxx
8612,xxx
8613,xxx
8614,xxx
8615,xxx
8616,xxx
8617,xxx
8618,xxx
8619,xxx
8620,xxx
8621,xxx
8622,xxx
8623,xxx
8624,xxx
8625,xxx
8626,xxx
8627,xxx
8628,xxx
8629,xxx
8630,xxx
8631,xxx
8632,xxx
8633,xxx
8634,xxx
8635,xxx
8636,xxx
8637,xxx
8638,xxx
8639,xxx
8640,xxx
8641,xxx
8642,xxx
8643,xxx
8644,xxx
8645,xxx
8646,xxx
8647,xxx
8648,xxx
8649,xxx
8650,xxx
8651,xxx
8652,xxx
8653,xxx
8654,xxx
8655,xxx
8656,xxx
8657,xxx
8658,xxx
8659,xxx
8660,xxx
8661,xxx
8662,xxx
8663,xxx
8664,xxx
8665,xxx
8666,xxx
8667,xxx
8668,xxx
8669,xxx
8670,xxx
8671,xxx
8672,xxx
8673,xxx
8674,xxx
8675,xxx
8676,xxx
8677,xxx
8678,xxx
8679,xxx
8680,xxx
8681,xxx
8682,xxx
8683,xxx
8684,xxx
8685,xxx
8686,xxx
8687,xxx
8688,xxx
8689,xxx
8690,xxx
8691,xxx
8692,xxx
8693,xxx
8694,xxx
8695,xxx
8696,xxx
8697,xxx
8698,xxx
8699,xxx
8700,xxx
8701,xxx
8702,xxx
8703,xxx
8704,xxx
8705,xxx
8706,xxx
8707,xxx
8708,xxx
8709,xxx
8710,xxx
8711,xxx
8712,xxx
8713,xxx
8714,xxx
8715,xxx
8716,xxx
8717,xxx
8718,xxx
8719,xxx
8720,xxx
8721,xxx
8722,xxx
8723,xxx
8724,xxx
8725,xxx
8726,xxx
8727,xxx
8728,xxx
8729,xxx
8730,xxx
8731,xxx
8732,xxx
8733,xxx
8734,xxx
8735,xxx
8736,xxx
8737,xxx
8738,xxx
8739,xxx
8740,xxx
8741,xxx
8742,xxx
8743,xxx
8744,xxx
8745,xxx
8746,xxx
8747,xxx
8748,xxx
8749,xxx
8750,xxx
8751,xxx
8752,xxx
8753,xxx
8754,xxx
8755,xxx
8756,xxx
8757,xxx
8758,xxx
8759,xxx
8760,xxx
8761,xxx
8762,xxx
8763,xxx
8764,xxx
8765,xxx
8766,xxx
8767,xxx
8768,xxx
8769,xxx
8770,xxx
8771,xxx
8772,xxx
8773,xxx
8774,xxx
8775,xxx
8776,xxx
8777,xxx
8778,xxx
8779,xxx
8780,xxx
8781,xxx
8782,xxx
8783,xxx
8784,xxx
8785,xxx
8786,xxx
8787,xxx
8788,xxx
8789,xxx
8790,xxx
8791,xxx
8792,xxx
8793,xxx
8794,xxx
8795,xxx
8796,xxx
8797,xxx
8798,xxx
8799,xxx
8800,xxx
8801,xxx
8802,xxx
8803,xxx
8804,xxx
8805,xxx
8806,xxx
8807,xxx
8808,xxx
8809,xxx
8810,xxx
8811,xxx
8812,xxx
8813,xxx
8814,xxx
8815,xxx
8816,xxx
8817,xxx
8818,xxx
8819,xxx
8820,xxx
8821,xxx
8822,xxx
8823,xxx
8824,xxx
8825,xxx
8826,xxx
8827,xxx
8828,xxx
8829,xxx
8830,xxx
8831,xxx
8832,xxx
8833,xxx
8834,xxx
8835,xxx
8836,xxx
8837,xxx
8838,xxx
8839,xxx
8840,xxx
8841,xxx
8842,xxx
8843,xxx
8844,xxx
8845,xxx
8846,xxx
8847,xxx
8848,xxx
8849,xxx
8850,xxx
8851,xxx
8852,xxx
8853,xxx
8854,xxx
8855,xxx
8856,xxx
8857,xxx
8858,xxx
8859,xxx
8860,xxx
8861,xxx
8862,xxx
8863,xxx
8864,xxx
8865,xxx
8866,xxx
8867,xxx
8868,xxx
8869,xxx
8870,xxx
8871,xxx
8872,xxx
8873,xxx
8874,xxx
8875,xxx
8876,xxx
8877,xxx
8878,xxx
8879,xxx
8880,xxx
8881,xxx
8882,xxx
8883,xxx
8884,xxx
8885,xxx
8886,xxx
8887,xxx
8888,xxx
8889,xxx
8890,xxx
8891,xxx
8892,xxx
8893,xxx
8894,xxx
8895,xxx
8896,xxx
8897,xxx
8898,xxx
8899,xxx
8900,xxx
8901,xxx
8902,xxx
8903,xxx
8904,xxx
8905,xxx
8906,xxx
8907,xxx
8908,xxx
8909,xxx
8910,xxx
8911,xxx
8912,xxx
8913,xxx
8914,xxx
8915,xxx
8916,xxx
8917,xxx
8918,xxx
8919,xxx
8920,xxx
8921,xxx
8922,xxx
8923,xxx
8924,xxx
8925,xxx
8926,xxx
8927,xxx
8928,xxx
8929,xxx
8930,xxx
8931,xxx
8932,xxx
8933,xxx
8934,xxx
8935,xxx
8936,xxx
8937,xxx
8938,xxx
8939,xxx
8940,xxx
8941,xxx
8942,xxx
8943,xxx
8944,xxx
8945,xxx
8946,xxx
8947,xxx
8948,xxx
8949,xxx
8950,xxx
8951,xxx
8952,xxx
8953,xxx
8954,xxx
8955,xxx
8956,xxx
8957,xxx
8958,xxx
8959,xxx
8960,xxx
8961,xxx
8962,xxx
8963,xxx
8964,xxx
8965,xxx
8966,xxx
8967,xxx
8968,xxx
8969,xxx
8970,xxx
8971,xxx
8972,xxx
8973,xxx
8974,xxx
8975,xxx
8976,xxx
8977,xxx
8978,xxx
8979,xxx
8980,xxx
8981,xxx
8982,xxx
8983,xxx
8984,xxx
8985,xxx
8986,xxx
8987,xxx
8988,xxx
8989,xxx
8990,xxx
8991,xxx
8992,xxx
8993,xxx
8994,xxx
8995,xxx
8996,xxx
8997,xxx
8998,xxx
8999,xxx
9000,xxx
9001,xxx
9002,xxx
9003,xxx
9004,xxx
9005,xxx
9006,xxx
9007,xxx
9008,xxx
9009,xxx
9010,xxx
9011,xxx
9012,xxx
9013,xxx
9014,xxx
9015,xxx
9016,xxx
9017,xxx
9018,xxx
9019,xxx
9020,xxx
9021,xxx
9022,xxx
9023,xxx
9024,xxx
9025,xxx
9026,xxx
9027,xxx
9028,xxx
9029,xxx
9030,xxx
9031,xxx
9032,xxx
9033,xxx
9034,xxx
9035,xxx
9036,xxx
9037,xxx
9038,xxx
9039,xxx
9040,xxx
9041,xxx
9042,xxx
9043,xxx
9044,xxx
9045,xxx
9046,xxx
9047,xxx
9048,xxx
9049,xxx
9050,xxx
9051,xxx
9052,xxx
9053,xxx
9054,xxx
9055,xxx
9056,xxx
9057,xxx
9058,xxx
9059,xxx
9060,xxx
9061,xxx
9062,xxx
9063,xxx
9064,xxx
9065,xxx
9066,xxx
9067,xxx
9068,xxx
9069,xxx
9070,xxx
9071,xxx
9072,xxx
9073,xxx
9074,xxx
9075,xxx
9076,xxx
9077,xxx
9078,xxx
9079,xxx
9080,xxx
9081,xxx
9082,xxx
9083,xxx
9084,xxx
9085,xxx
9086,xxx
9087,xxx
9088,xxx
9089,xxx
9090,xxx
9091,xxx
9092,xxx
9093,xxx
9094,xxx
9095,xxx
9096,xxx
9097,xxx
9098,xxx
9099,xxx
9100,xxx
9101,xxx
9102,xxx
9103,xxx
9104,xxx
9105,xxx
9106,xxx
9107,xxx
9108,xxx
9109,xxx
9110,xxx
9111,xxx
9112,xxx
9113,xxx
9114,xxx
9115,xxx
9116,xxx
9117,xxx
9118,xxx
9119,xxx
9120,xxx
9121,xxx
9122,xxx
9123,xxx
9124,xxx
9125,xxx
9126,xxx
9127,xxx
9128,xxx
9129,xxx
9130,xxx
9131,xxx
9132,xxx
9133,xxx
9134,xxx
9135,xxx
9136,xxx
9137,xxx
9138,xxx
9139,xxx
9140,xxx
9141,xxx
9142,xxx
9143,xxx
9144,xxx
9145,xxx
9146,xxx
9147,xxx
9148,xxx
9149,xxx
9150,xxx
9151,xxx
9152,xxx
9153,xxx
9154,xxx
9155,xxx
9156,xxx
9157,xxx
9158,xxx
9159,xxx
9160,xxx
9161,xxx
9162,xxx
9163,xxx
9164,xxx
9165,xxx
9166,xxx
9167,xxx
9168,xxx
9169,xxx
9170,xxx
9171,xxx
9172,xxx
9173,xxx
9174,xxx
9175,xxx
9176,xxx
9177,xxx
9178,xxx
9179,xxx
9180,xxx
9181,xxx
9182,xxx
9183,xxx
9184,xxx
9185,xxx
9186,xxx
9187,xxx
9188,xxx
9189,xxx
9190,xxx
9191,xxx
9192,xxx
9193,xxx
9194,xxx
9195,xxx
9196,xxx
9197,xxx
9198,xxx
9199,xxx
9200,xxx
9201,xxx
9202,xxx
9203,xxx
9204,xxx
9205,xxx
9206,xxx
9207,xxx
9208,xxx
9209,xxx
9210,xxx
9211,xxx
9212,xxx
9213,xxx
9214,xxx
9215,xxx
9216,xxx
9217,xxx
9218,xxx
9219,xxx
9220,xxx
9221,xxx
9222,xxx
9223,xxx
9224,xxx
9225,xxx
9226,xxx
9227,xxx
9228,xxx
9229,xxx
9230,xxx
9231,xxx
9232,xxx
9233,xxx
9234,xxx
9235,xxx
9236,xxx
9237,xxx
9238,xxx
9239,xxx
9240,xxx
9241,xxx
9242,xxx
9243,xxx
9244,xxx
9245,xxx
9246,xxx
9247,xxx
9248,xxx
9249,xxx
9250,xxx
9251,xxx
9252,xxx
9253,xxx
9254,xxx
9255,xxx
9256,xxx
9257,xxx
9258,xxx
9259,xxx
9260,xxx
9261,xxx
9262,xxx
9263,xxx
9264,xxx
9265,xxx
9266,xxx
9267,xxx
9268,xxx
9269,xxx
9270,xxx
9271,xxx
9272,xxx
9273,xxx
9274,xxx
9275,xxx
9276,xxx
9277,xxx
9278,xxx
9279,xxx
9280,xxx
9281,xxx
9282,xxx
9283,xxx
9284,xxx
9285,xxx
9286,xxx
9287,xxx
9288,xxx
9289,xxx
9290,xxx
9291,xxx
9292,xxx
9293,xxx
9294,xxx
9295,xxx
9296,xxx
9297,xxx
9298,xxx
9299,xxx
9300,xxx
9301,xxx
9302,xxx
9303,xxx
9304,xxx
9305,xxx
9306,xxx
9307,xxx
9308,xxx
9309,xxx
9310,xxx
9311,xxx
9312,xxx
9313,xxx
9314,xxx
9315,xxx
9316,xxx
9317,xxx
9318,xxx
9319,xxx
9320,xxx
9321,xxx
9322,xxx
9323,xxx
9324,xxx
9325,xxx
9326,xxx
9327,xxx
9328,xxx
9329,xxx
9330,xxx
9331,xxx
9332,xxx
9333,xxx
9334,xxx
9335,xxx
9336,xxx
9337,xxx
9338,xxx
9339,xxx
9340,xxx
9341,xxx
9342,xxx
9343,xxx
9344,xxx
9345,xxx
9346,xxx
9347,xxx
9348,xxx
9349,xxx
9350,xxx
9351,xxx
9352,xxx
9353,xxx
9354,xxx
9355,xxx
9356,xxx
9357,xxx
9358,xxx
9359,xxx
9360,xxx
9361,xxx
9362,xxx
9363,xxx
9364,xxx
9365,xxx
9366,xxx
9367,xxx
9368,xxx
9369,xxx
9370,xxx
9371,xxx
9372,xxx
9373,xxx
9374,xxx
9375,xxx
9376,xxx
9377,xxx
9378,xxx
9379,xxx
9380,xxx
9381,xxx
9382,xxx
9383,xxx
9384,xxx
9385,xxx
9386,xxx
9387,xxx
9388,xxx
9389,xxx
9390,xxx
9391,xxx
9392,xxx
9393,xxx
9394,xxx
9395,xxx
9396,xxx
9397,xxx
9398,xxx
9399,xxx
9400,xxx
9401,xxx
9402,xxx
9403,xxx
9404,xxx
9405,xxx
9406,xxx
9407,xxx
9408,xxx
9409,xxx
9410,xxx
9411,xxx
9412,xxx
9413,xxx
9414,xxx
9415,xxx
9416,xxx
9417,xxx
9418,xxx
9419,xxx
9420,xxx
9421,xxx
9422,xxx
9423,xxx
9424,xxx
9425,xxx
9426,xxx
9427,xxx
9428,xxx
9429,xxx
9430,xxx
9431,xxx
9432,xxx
9433,xxx
9434,xxx
9435,xxx
9436,xxx
9437,xxx
9438,xxx
9439,xxx
9440,xxx
9441,xxx
9442,xxx
9443,xxx
9444,xxx
9445,xxx
9446,xxx
9447,xxx
9448,xxx
9449,xxx
9450,xxx
9451,xxx
9452,xxx
9453,xxx
9454,xxx
9455,xxx
9456,xxx
9457,xxx
9458,xxx
9459,xxx
9460,xxx
9461,xxx
9462,xxx
9463,xxx
9464,xxx
9465,xxx
9466,xxx
9467,xxx
9468,xxx
9469,xxx
9470,xxx
9471,xxx
9472,xxx
9473,xxx
9474,xxx
9475,xxx
9476,xxx
9477,xxx
9478,xxx
9479,xxx
9480,xxx
9481,xxx
9482,xxx
9483,xxx
9484,xxx
9485,xxx
9486,xxx
9487,xxx
9488,xxx
9489,xxx
9490,xxx
9491,xxx
9492,xxx
9493,xxx
9494,xxx
9495,xxx
9496,xxx
9497,xxx
9498,xxx
9499,xxx
9500,xxx
9501,xxx
9502,xxx
9503,xxx
9504,xxx
9505,xxx
9506,xxx
9507,xxx
9508,xxx
9509,xxx
9510,xxx
9511,xxx
9512,xxx
9513,xxx
9514,xxx
9515,xxx
9516,xxx
9517,xxx
9518,xxx
9519,xxx
9520,xxx
9521,xxx
9522,xxx
9523,xxx
9524,xxx
9525,xxx
9526,xxx
9527,xxx
9528,xxx
9529,xxx
9530,xxx
9531,xxx
9532,xxx
9533,xxx
9534,xxx
9535,xxx
9536,xxx
9537,xxx
9538,xxx
9539,xxx
9540,xxx
9541,xxx
9542,xxx
9543,xxx
9544,xxx
9545,xxx
9546,xxx
9547,xxx
9548,xxx
9549,xxx
9550,xxx
9551,xxx
9552,xxx
9553,xxx
9554,xxx
9555,xxx
9556,xxx
9557,xxx
9558,xxx
9559,xxx
9560,xxx
9561,xxx
9562,xxx
9563,xxx
9564,xxx
9565,xxx
9566,xxx
9567,xxx
9568,xxx
9569,xxx
9570,xxx
9571,xxx
9572,xxx
9573,xxx
9574,xxx
9575,xxx
9576,xxx
9577,xxx
9578,xxx
9579,xxx
9580,xxx
9581,xxx
9582,xxx
9583,xxx
9584,xxx
9585,xxx
9586,xxx
9587,xxx
9588,xxx
9589,xxx
9590,xxx
9591,xxx
9592,xxx
9593,xxx
9594,xxx
9595,xxx
9596,xxx
9597,xxx
9598,xxx
9599,xxx
9600,xxx
9601,xxx
9602,xxx
9603,xxx
9604,xxx
9605,xxx
9606,xxx
9607,xxx
9608,xxx
9609,xxx
9610,xxx
9611,xxx
9612,xxx
9613,xxx
9614,xxx
9615,xxx
9616,xxx
9617,xxx
9618,xxx
9619,xxx
9620,xxx
9621,xxx
9622,xxx
9623,xxx
9624,xxx
9625,xxx
9626,xxx
9627,xxx
9628,xxx
9629,xxx
9630,xxx
9631,xxx
9632,xxx
9633,xxx
9634,xxx
9635,xxx
9636,xxx
9637,xxx
9638,xxx
9639,xxx
9640,xxx
9641,xxx
9642,xxx
9643,xxx
9644,xxx
9645,xxx
9646,xxx
9647,xxx
9648,xxx
9649,xxx
9650,xxx
9651,xxx
9652,xxx
9653,xxx
9654,xxx
9655,xxx
9656,xxx
9657,xxx
9658,xxx
9659,xxx
9660,xxx
9661,xxx
9662,xxx
9663,xxx
9664,xxx
9665,xxx
9666,xxx
9667,xxx
9668,xxx
9669,xxx
9670,xxx
9671,xxx
9672,xxx
9673,xxx
9674,xxx
9675,xxx
9676,xxx
9677,xxx
9678,xxx
9679,xxx
9680,xxx
9681,xxx
9682,xxx
9683,xxx
9684,xxx
9685,xxx
9686,xxx
9687,xxx
9688,xxx
9689,xxx
9690,xxx
9691,xxx
9692,xxx
9693,xxx
9694,xxx
9695,xxx
9696,xxx
9697,xxx
9698,xxx
9699,xxx
9700,xxx
9701,xxx
9702,xxx
9703,xxx
9704,xxx
9705,xxx
9706,xxx
9707,xxx
9708,xxx
9709,xxx
9710,xxx
9711,xxx
9712,xxx
9713,xxx
9714,xxx
9715,xxx
9716,xxx
9717,xxx
9718,xxx
9719,xxx
9720,xxx
9721,xxx
9722,xxx
9723,xxx
9724,xxx
9725,xxx
9726,xxx
9727,xxx
9728,xxx
9729,xxx
9730,xxx
9731,xxx
9732,xxx
9733,xxx
9734,xxx
9735,xxx
9736,xxx
9737,xxx
9738,xxx
9739,xxx
9740,xxx
9741,xxx
9742,xxx
9743,xxx
9744,xxx
9745,xxx
9746,xxx
9747,xxx
9748,xxx
9749,xxx
9750,xxx
9751,xxx
9752,xxx
9753,xxx
9754,xxx
9755,xxx
9756,xxx
9757,xxx
9758,xxx
9759,xxx
9760,xxx
9761,xxx
9762,xxx
9763,xxx
9764,xxx
9765,xxx
9766,xxx
9767,xxx
9768,xxx
9769,xxx
9770,xxx
9771,xxx
9772,xxx
9773,xxx
9774,xxx
9775,xxx
9776,xxx
9777,xxx
9778,xxx
9779,xxx
9780,xxx
9781,xxx
9782,xxx
9783,xxx
9784,xxx
9785,xxx
9786,xxx
9787,xxx
9788,xxx
9789,xxx
9790,xxx
9791,xxx
9792,xxx
9793,xxx
9794,xxx
9795,xxx
9796,xxx
9797,xxx
9798,xxx
9799,xxx
9800,xxx
9801,xxx
9802,xxx
9803,xxx
9804,xxx
9805,xxx
9806,xxx
9807,xxx
9808,xxx
9809,xxx
9810,xxx
9811,xxx
9812,xxx
9813,xxx
9814,xxx
9815,xxx
9816,xxx
9817,xxx
9818,xxx
9819,xxx
9820,xxx
9821,xxx
9822,xxx
9823,xxx
9824,xxx
9825,xxx
9826,xxx
9827,xxx
9828,xxx
9829,xxx
9830,xxx
9831,xxx
9832,xxx
9833,xxx
9834,xxx
9835,xxx
9836,xxx
9837,xxx
9838,xxx
9839,xxx
9840,xxx
9841,xxx
9842,xxx
9843,xxx
9844,xxx
9845,xxx
9846,xxx
9847,xxx
9848,xxx
9849,xxx
9850,xxx
9851,xxx
9852,xxx
9853,xxx
9854,xxx
9855,xxx
9856,xxx
9857,xxx
9858,xxx
9859,xxx
9860,xxx
9861,xxx
9862,xxx
9863,xxx
9864,xxx
9865,xxx
9866,xxx
9867,xxx
9868,xxx
9869,xxx
9870,xxx
9871,xxx
9872,xxx
9873,xxx
9874,xxx
9875,xxx
9876,xxx
9877,xxx
9878,xxx
9879,xxx
9880,xxx
9881,xxx
9882,xxx
9883,xxx
9884,xxx
9885,xxx
9886,xxx
9887,xxx
9888,xxx
9889,xxx
9890,xxx
9891,xxx
9892,xxx
9893,xxx
9894,xxx
9895,xxx
9896,xxx
9897,xxx
9898,xxx
9899,xxx
9900,xxx
9901,xxx
9902,xxx
9903,xxx
9904,xxx
9905,xxx
9906,xxx
9907,xxx
9908,xxx
9909,xxx
9910,xxx
9911,xxx
9912,xxx
9913,xxx
9914,xxx
9915,xxx
9916,xxx
9917,xxx
9918,xxx
9919,xxx
9920,xxx
9921,xxx
9922,xxx
9923,xxx
9924,xxx
9925,xxx
9926,xxx
9927,xxx
9928,xxx
9929,xxx
9930,xxx
9931,xxx
9932,xxx
9933,xxx
9934,xxx
9935,xxx
9936,xxx
9937,xxx
9938,xxx
9939,xxx
9940,xxx
9941,xxx
9942,xxx
9943,xxx
9944,xxx
9945,xxx
9946,xxx
9947,xxx
9948,xxx
9949,xxx
9950,xxx
9951,xxx
9952,xxx
9953,xxx
9954,xxx
9955,xxx
9956,xxx
9957,xxx
9958,xxx
9959,xxx
9960,xxx
9961,xxx
9962,xxx
9963,xxx
9964,xxx
9965,xxx
9966,xxx
9967,xxx
9968,xxx
9969,xxx
9970,xxx
9971,xxx
9972,xxx
9973,xxx
9974,xxx
9975,xxx
9976,xxx
9977,xxx
9978,xxx
9979,xxx
9980,xxx
9981,xxx
9982,xxx
9983,xxx
9984,xxx
9985,xxx
9986,xxx
9987,xxx
9988,xxx
9989,xxx
9990,xxx
9991,xxx
9992,xxx
9993,xxx
9994,xxx
9995,xxx
9996,xxx
9997,xxx
9998,xxx
9999,xxx
10000,xxx
10001,xxx
10002,xxx
10003,xxx
10004,xxx
10005,xxx
10006,xxx
10007,xxx
10008,xxx
10009,xxx
10010,xxx
10011,xxx
10012,xxx
10013,xxx
10014,xxx
10015,xxx
10016,xxx
10017,xxx
10018,xxx
10019,xxx
10020,xxx
10021,xxx
10022,xxx
10023,xxx
10024,xxx
10025,xxx
10026,xxx
10027,xxx
10028,xxx
10029,xxx
10030,xxx
10031,xxx
10032,xxx
10033,xxx
10034,xxx
10035,xxx
10036,xxx
10037,xxx
10038,xxx
10039,xxx
10040,xxx
10041,xxx
10042,xxx
10043,xxx
10044,xxx
10045,xxx
10046,xxx
10047,xxx
10048,xxx
10049,xxx
10050,xxx
10051,xxx
10052,xxx
10053,xxx
10054,xxx
10055,xxx
10056,xxx
10057,xxx
10058,xxx
10059,xxx
10060,xxx
10061,xxx
10062,xxx
10063,xxx
10064,xxx
10065,xxx
10066,xxx
10067,xxx
10068,xxx
10069,xxx
10070,xxx
10071,xxx
10072,xxx
10073,xxx
10074,xxx
10075,xxx
10076,xxx
10077,xxx
10078,xxx
10079,xxx
10080,xxx
10081,xxx
10082,xxx
10083,xxx
10084,xxx
10085,xxx
10086,xxx
10087,xxx
10088,xxx
10089,xxx
10090,xxx
10091,xxx
10092,xxx
10093,xxx
10094,xxx
10095,xxx
10096,xxx
10097,xxx
10098,xxx
10099,xxx
10100,xxx
10101,xxx
10102,xxx
10103,xxx
10104,xxx
10105,xxx
10106,xxx
10107,xxx
10108,xxx
10109,xxx
10110,xxx
10111,xxx
10112,xxx
10113,xxx
10114,xxx
10115,xxx
10116,xxx
10117,xxx
10118,xxx
10119,xxx
10120,xxx
10121,xxx
10122,xxx
10123,xxx
10124,xxx
10125,xxx
10126,xxx
10127,xxx
10128,xxx
10129,xxx
10130,xxx
10131,xxx
10132,xxx
10133,xxx
10134,xxx
10135,xxx
10136,xxx
10137,xxx
10138,xxx
10139,xxx
10140,xxx
10141,xxx
10142,xxx
10143,xxx
10144,xxx
10145,xxx
10146,xxx
10147,xxx
10148,xxx
10149,xxx
10150,xxx
10151,xxx
10152,xxx
10153,xxx
10154,xxx
10155,xxx
10156,xxx
10157,xxx
10158,xxx
10159,xxx
10160,xxx
10161,xxx
10162,xxx
10163,xxx
10164,xxx
10165,xxx
10166,xxx
10167,xxx
10168,xxx
10169,xxx
10170,xxx
10171,xxx
10172,xxx
10173,xxx
10174,xxx
10175,xxx
10176,xxx
10177,xxx
10178,xxx
10179,xxx
10180,xxx
10181,xxx
10182,xxx
10183,xxx
10184,xxx
10185,xxx
10186,xxx
10187,xxx
10188,xxx
10189,xxx
10190,xxx
10191,xxx
10192,xxx
10193,xxx
10194,xxx
10195,xxx
10196,xxx
10197,xxx
10198,xxx
10199,xxx
10200,xxx
10201,xxx
10202,xxx
10203,xxx
10204,xxx
10205,xxx
10206,xxx
10207,xxx
10208,xxx
10209,xxx
10210,xxx
10211,xxx
10212,xxx
10213,xxx
10214,xxx
10215,xxx
10216,xxx
10217,xxx
10218,xxx
10219,xxx
10220,xxx
10221,xxx
10222,xxx
10223,xxx
10224,xxx
10225,xxx
10226,xxx
10227,xxx
10228,xxx
10229,xxx
10230,xxx
10231,xxx
10232,xxx
10233,xxx
10234,xxx
10235,xxx
10236,xxx
10237,xxx
10238,xxx
10239,xxx
10240,xxx
10241,xxx
10242,xxx
10243,xxx
10244,xxx
10245,xxx
10246,xxx
10247,xxx
10248,xxx
10249,xxx
10250,xxx
10251,xxx
10252,xxx
10253,xxx
10254,xxx
10255,xxx
10256,xxx
10257,xxx
10258,xxx
10259,xxx
10260,xxx
10261,xxx
10262,xxx
10263,xxx
10264,xxx
10265,xxx
10266,xxx
10267,xxx
10268,xxx
10269,xxx
10270,xxx
10271,xxx
10272,xxx
10273,xxx
10274,xxx
10275,xxx
10276,xxx
10277,xxx
10278,xxx
10279,xxx
10280,xxx
10281,xxx
10282,xxx
10283,xxx
10284,xxx
10285,xxx
10286,xxx
10287,xxx
10288,xxx
10289,xxx
10290,xxx
10291,xxx
10292,xxx
10293,xxx
10294,xxx
10295,xxx
10296,xxx
10297,xxx
10298,xxx
10299,xxx
10300,xxx
10301,xxx
10302,xxx
10303,xxx
10304,xxx
10305,xxx
10306,xxx
10307,xxx
10308,xxx
10309,xxx
10310,xxx
10311,xxx
10312,xxx
10313,xxx
10314,xxx
10315,xxx
10316,xxx
10317,xxx
10318,xxx
10319,xxx
10320,xxx
10321,xxx
10322,xxx
10323,xxx
10324,xxx
10325,xxx
10326,xxx
10327,xxx
10328,xxx
10329,xxx
10330,xxx
10331,xxx
10332,xxx
10333,xxx
10334,xxx
10335,xxx
10336,xxx
10337,xxx
10338,xxx
10339,xxx
10340,xxx
10341,xxx
10342,xxx
10343,xxx
10344,xxx
10345,xxx
10346,xxx
10347,xxx
10348,xxx
10349,xxx
10350,xxx
10351,xxx
10352,xxx
10353,xxx
10354,xxx
10355,xxx
10356,xxx
10357,xxx
10358,xxx
10359,xxx
10360,xxx
10361,xxx
10362,xxx
10363,xxx
10364,xxx
10365,xxx
10366,xxx
10367,xxx
10368,xxx
10369,xxx
10370,xxx
10371,xxx
10372,xxx
10373,xxx
10374,xxx
10375,xxx
10376,xxx
10377,xxx
10378,xxx
10379,xxx
10380,xxx
10381,xxx
10382,xxx
10383,xxx
10384,xxx
10385,xxx
10386,xxx
10387,xxx
10388,xxx
10389,xxx
10390,xxx
10391,xxx
10392,xxx
10393,xxx
10394,xxx
10395,xxx
10396,xxx
10397,xxx
10398,xxx
10399,xxx
10400,xxx
10401,xxx
10402,xxx
10403,xxx
10404,xxx
10405,xxx
10406,xxx
10407,xxx
10408,xxx
10409,xxx
10410,xxx
10411,xxx
10412,xxx
10413,xxx
10414,xxx
10415,xxx
10416,xxx
10417,xxx
10418,xxx
10419,xxx
10420,xxx
10421,xxx
10422,xxx
10423,xxx
10424,xxx
10425,xxx
10426,xxx
10427,xxx
10428,xxx
10429,xxx
10430,xxx
10431,xxx
10432,xxx
10433,xxx
10434,xxx
10435,xxx
10436,xxx
10437,xxx
10438,xxx
10439,xxx
10440,xxx
10441,xxx
10442,xxx
10443,xxx
10444,xxx
10445,xxx
10446,xxx
10447,xxx
10448,xxx
10449,xxx
10450,xxx
10451,xxx
10452,xxx
10453,xxx
10454,xxx
10455,xxx
10456,xxx
10457,xxx
10458,xxx
10459,xxx
10460,xxx
10461,xxx
10462,xxx
10463,xxx
10464,xxx
10465,xxx
10466,xxx
10467,xxx
10468,xxx
10469,xxx
10470,xxx
10471,xxx
10472,xxx
10473,xxx
10474,xxx
10475,xxx
10476,xxx
10477,xxx
10478,xxx
10479,xxx
10480,xxx
10481,xxx
10482,xxx
10483,xxx
10484,xxx
10485,xxx
10486,xxx
10487,xxx
10488,xxx
10489,xxx
10490,xxx
10491,xxx
10492,xxx
10493,xxx
10494,xxx
10495,xxx
10496,xxx
10497,xxx
10498,xxx
10499,xxx
10500,xxx
10501,xxx
10502,xxx
10503,xxx
10504,xxx
10505,xxx
10506,xxx
10507,xxx
10508,xxx
10509,xxx
10510,xxx
10511,xxx
10512,xxx
10513,xxx
10514,xxx
10515,xxx
10516,xxx
10517,xxx
10518,xxx
10519,xxx
10520,xxx
10521,xxx
10522,xxx
10523,xxx
10524,xxx
10525,xxx
10526,xxx
10527,xxx
10528,xxx
10529,xxx
10530,xxx
10531,xxx
10532,xxx
10533,xxx
10534,xxx
10535,xxx
10536,xxx
10537,xxx
10538,xxx
10539,xxx
10540,xxx
10541,xxx
10542,xxx
10543,xxx
10544,xxx
10545,xxx
10546,xxx
10547,xxx
10548,xxx
10549,xxx
10550,xxx
10551,xxx
10552,xxx
10553,xxx
10554,xxx
10555,xxx
10556,xxx
10557,xxx
10558,xxx
10559,xxx
10560,xxx
10561,xxx
10562,xxx
10563,xxx
10564,xxx
10565,xxx
10566,xxx
10567,xxx
10568,xxx
10569,xxx
10570,xxx
10571,xxx
10572,xxx
10573,xxx
10574,xxx
10575,xxx
10576,xxx
10577,xxx
10578,xxx
10579,xxx
10580,xxx
10581,xxx
10582,xxx
10583,xxx
10584,xxx
10585,xxx
10586,xxx
10587,xxx
10588,xxx
10589,xxx
10590,xxx
10591,xxx
10592,xxx
10593,xxx
10594,xxx
10595,xxx
10596,xxx
10597,xxx
10598,xxx
10599,xxx
10600,xxx
10601,xxx
10602,xxx
10603,xxx
10604,xxx
10605,xxx
10606,xxx
10607,xxx
10608,xxx
10609,xxx
10610,xxx
10611,xxx
10612,xxx
10613,xxx
10614,xxx
10615,xxx
10616,xxx
10617,xxx
10618,xxx
10619,xxx
10620,xxx
10621,xxx
10622,xxx
10623,xxx
10624,xxx
10625,xxx
10626,xxx
10627,xxx
10628,xxx
10629,xxx
10630,xxx
10631,xxx
10632,xxx
10633,xxx
10634,xxx
10635,xxx
10636,xxx
10637,xxx
10638,xxx
10639,xxx
10640,xxx
10641,xxx
10642,xxx
10643,xxx
10644,xxx
10645,xxx
10646,xxx
10647,xxx
10648,xxx
10649,xxx
10650,xxx
10651,xxx
10652,xxx
10653,xxx
10654,xxx
10655,xxx
10656,xxx
10657,xxx
10658,xxx
10659,xxx
10660,xxx
10661,xxx
10662,xxx
10663,xxx
10664,xxx
10665,xxx
10666,xxx
10667,xxx
10668,xxx
10669,xxx
10670,xxx
10671,xxx
10672,xxx
10673,xxx
10674,xxx
10675,xxx
10676,xxx
10677,xxx
10678,xxx
10679,xxx
10680,xxx
10681,xxx
10682,xxx
10683,xxx
10684,xxx
10685,xxx
10686,xxx
10687,xxx
10688,xxx
10689,xxx
10690,xxx
10691,xxx
10692,xxx
10693,xxx
10694,xxx
10695,xxx
10696,xxx
10697,xxx
10698,xxx
10699,xxx
10700,xxx
10701,xxx
10702,xxx
10703,xxx
10704,xxx
10705,xxx
10706,xxx
10707,xxx
10708,xxx
10709,xxx
10710,xxx
10711,xxx
10712,xxx
10713,xxx
10714,xxx
10715,xxx
10716,xxx
10717,xxx
10718,xxx
10719,xxx
10720,xxx
10721,xxx
10722,xxx
10723,xxx
10724,xxx
10725,xxx
10726,xxx
10727,xxx
10728,xxx
10729,xxx
10730,xxx
10731,xxx
10732,xxx
10733,xxx
10734,xxx
10735,xxx
10736,xxx
10737,xxx
10738,xxx
10739,xxx
10740,xxx
10741,xxx
10742,xxx
10743,xxx
10744,xxx
10745,xxx
10746,xxx
10747,xxx
10748,xxx
10749,xxx
10750,xxx
10751,xxx
10752,xxx
10753,xxx
10754,xxx
10755,xxx
10756,xxx
10757,xxx
10758,xxx
10759,xxx
10760,xxx
10761,xxx
10762,xxx
10763,xxx
10764,xxx
10765,xxx
10766,xxx
10767,xxx
10768,xxx
10769,xxx
10770,xxx
10771,xxx
10772,xxx
10773,xxx
10774,xxx
10775,xxx
10776,xxx
10777,xxx
10778,xxx
10779,xxx
10780,xxx
10781,xxx
10782,xxx
10783,xxx
10784,xxx
10785,xxx
10786,xxx
10787,xxx
10788,xxx
10789,xxx
10790,xxx
10791,xxx
10792,xxx
10793,xxx
10794,xxx
10795,xxx
10796,xxx
10797,xxx
10798,xxx
10799,xxx
10800,xxx
10801,xxx
10802,xxx
10803,xxx
10804,xxx
10805,xxx
10806,xxx
10807,xxx
10808,xxx
10809,xxx
10810,xxx
10811,xxx
10812,xxx
10813,xxx
10814,xxx
10815,xxx
10816,xxx
10817,xxx
10818,xxx
10819,xxx
10820,xxx
10821,xxx
10822,xxx
10823,xxx
10824,xxx
10825,xxx
10826,xxx
10827,xxx
10828,xxx
10829,xxx
10830,xxx
10831,xxx
10832,xxx
10833,xxx
10834,xxx
10835,xxx
10836,xxx
10837,xxx
10838,xxx
10839,xxx
10840,xxx
10841,xxx
10842,xxx
10843,xxx
10844,xxx
10845,xxx
10846,xxx
10847,xxx
10848,xxx
10849,xxx
10850,xxx
10851,xxx
10852,xxx
10853,xxx
10854,xxx
10855,xxx
10856,xxx
10857,xxx
10858,xxx
10859,xxx
10860,xxx
10861,xxx
10862,xxx
10863,xxx
10864,xxx
10865,xxx
10866,xxx
10867,xxx
10868,xxx
10869,xxx
10870,xxx
10871,xxx
10872,xxx
10873,xxx
10874,xxx
10875,xxx
10876,xxx
10877,xxx
10878,xxx
10879,xxx
10880,xxx
10881,xxx
10882,xxx
10883,xxx
10884,xxx
10885,xxx
10886,xxx
10887,xxx
10888,xxx
10889,xxx
10890,xxx
10891,xxx
10892,xxx
10893,xxx
10894,xxx
10895,xxx
10896,xxx
10897,xxx
10898,xxx
10899,xxx
10900,xxx
10901,xxx
10902,xxx
10903,xxx
10904,xxx
10905,xxx
10906,xxx
10907,xxx
10908,xxx
10909,xxx
10910,xxx
10911,xxx
10912,xxx
10913,xxx
10914,xxx
10915,xxx
10916,xxx
10917,xxx
10918,xxx
10919,xxx
10920,xxx
10921,xxx
10922,xxx
10923,xxx
10924,xxx
10925,xxx
10926,xxx
10927,xxx
10928,xxx
10929,xxx
10930,xxx
10931,xxx
10932,xxx
10933,xxx
10934,xxx
10935,xxx
10936,xxx
10937,xxx
10938,xxx
10939,xxx
10940,xxx
10941,xxx
10942,xxx
10943,xxx
10944,xxx
10945,xxx
10946,xxx
10947,xxx
10948,xxx
10949,xxx
10950,xxx
10951,xxx
10952,xxx
10953,xxx
10954,xxx
10955,xxx
10956,xxx
10957,xxx
10958,xxx
10959,xxx
10960,xxx
10961,xxx
10962,xxx
10963,xxx
10964,xxx
10965,xxx
10966,xxx
10967,xxx
10968,xxx
10969,xxx
10970,xxx
10971,xxx
10972,xxx
10973,xxx
10974,xxx
10975,xxx
10976,xxx
10977,xxx
10978,xxx
10979,xxx
10980,xxx
10981,xxx
10982,xxx
10983,xxx
10984,xxx
10985,xxx
10986,xxx
10987,xxx
10988,xxx
10989,xxx
10990,xxx
10991,xxx
10992,xxx
10993,xxx
10994,xxx
10995,xxx
10996,xxx
10997,xxx
10998,xxx
10999,xxx
11000,xxx
11001,xxx
11002,xxx
11003,xxx
11004,xxx
11005,xxx
11006,xxx
11007,xxx
11008,xxx
11009,xxx
11010,xxx
11011,xxx
11012,xxx
11013,xxx
11014,xxx
11015,xxx
11016,xxx
11017,xxx
11018,xxx
11019,xxx
11020,xxx
11021,xxx
11022,xxx
11023,xxx
11024,xxx
11025,xxx
11026,xxx
11027,xxx
11028,xxx
11029,xxx
11030,xxx
11031,xxx
11032,xxx
11033,xxx
11034,xxx
11035,xxx
11036,xxx
11037,xxx
11038,xxx
11039,xxx
11040,xxx
11041,xxx
11042,xxx
11043,xxx
11044,xxx
11045,xxx
11046,xxx
11047,xxx
11048,xxx
11049,xxx
11050,xxx
11051,xxx
11052,xxx
11053,xxx
11054,xxx
11055,xxx
11056,xxx
11057,xxx
11058,xxx
11059,xxx
11060,xxx
11061,xxx
11062,xxx
11063,xxx
11064,xxx
11065,xxx
11066,xxx
11067,xxx
11068,xxx
11069,xxx
11070,xxx
11071,xxx
11072,xxx
11073,xxx
11074,xxx
11075,xxx
11076,xxx
11077,xxx
11078,xxx
11079,xxx
11080,xxx
11081,xxx
11082,xxx
11083,xxx
11084,xxx
11085,xxx
11086,xxx
11087,xxx
11088,xxx
11089,xxx
11090,xxx
11091,xxx
11092,xxx
11093,xxx
11094,xxx
11095,xxx
11096,xxx
11097,xxx
11098,xxx
11099,xxx
11100,xxx
11101,xxx
11102,xxx
11103,xxx
11104,xxx
11105,xxx
11106,xxx
11107,xxx
11108,xxx
11109,xxx
11110,xxx
11111,xxx
11112,xxx
11113,xxx
11114,xxx
11115,xxx
11116,xxx
11117,xxx
11118,xxx
11119,xxx
11120,xxx
11121,xxx
11122,xxx
11123,xxx
11124,xxx
11125,xxx
11126,xxx
11127,xxx
11128,xxx
11129,xxx
11130,xxx
11131,xxx
11132,xxx
11133,xxx
11134,xxx
11135,xxx
11136,xxx
11137,xxx
11138,xxx
11139,xxx
11140,xxx
11141,xxx
11142,xxx
11143,xxx
11144,xxx
11145,xxx
11146,xxx
11147,xxx
11148,xxx
11149,xxx
11150,xxx
11151,xxx
11152,xxx
11153,xxx
11154,xxx
11155,xxx
11156,xxx
11157,xxx
11158,xxx
11159,xxx
11160,xxx
11161,xxx
11162,xxx
11163,xxx
11164,xxx
11165,xxx
11166,xxx
11167,xxx
11168,xxx
11169,xxx
11170,xxx
11171,xxx
11172,xxx
11173,xxx
11174,xxx
11175,xxx
11176,xxx
11177,xxx
11178,xxx
11179,xxx
11180,xxx
11181,xxx
11182,xxx
11183,xxx
11184,xxx
11185,xxx
11186,xxx
11187,xxx
11188,xxx
11189,xxx
11190,xxx
11191,xxx
11192,xxx
11193,xxx
11194,xxx
11195,xxx
11196,xxx
11197,xxx
11198,xxx
11199,xxx
11200,xxx
11201,xxx
11202,xxx
11203,xxx
11204,xxx
11205,xxx
11206,xxx
11207,xxx
11208,xxx
11209,xxx
11210,xxx
11211,xxx
11212,xxx
11213,xxx
11214,xxx
11215,xxx
11216,xxx
11217,xxx
11218,xxx
11219,xxx
11220,xxx
11221,xxx
11222,xxx
11223,xxx
11224,xxx
11225,xxx
11226,xxx
11227,xxx
11228,xxx
11229,xxx
11230,xxx
11231,xxx
11232,xxx
11233,xxx
11234,xxx
11235,xxx
11236,xxx
11237,xxx
11238,xxx
11239,xxx
11240,xxx
11241,xxx
11242,xxx
11243,xxx
11244,xxx
11245,xxx
11246,xxx
11247,xxx
11248,xxx
11249,xxx
11250,xxx
11251,xxx
11252,xxx
11253,xxx
11254,xxx
11255,xxx
11256,xxx
11257,xxx
11258,xxx
11259,xxx
11260,xxx
11261,xxx
11262,xxx
11263,xxx
11264,xxx
11265,xxx
11266,xxx
11267,xxx
11268,xxx
11269,xxx
11270,xxx
11271,xxx
11272,xxx
11273,xxx
11274,xxx
11275,xxx
11276,xxx
11277,xxx
11278,xxx
11279,xxx
11280,xxx
11281,xxx
11282,xxx
11283,xxx
11284,xxx
11285,xxx
11286,xxx
11287,xxx
11288,xxx
11289,xxx
11290,xxx
11291,xxx
11292,xxx
11293,xxx
11294,xxx
11295,xxx
11296,xxx
11297,xxx
11298,xxx
11299,xxx
11300,xxx
11301,xxx
11302,xxx
11303,xxx
11304,xxx
11305,xxx
11306,xxx
11307,xxx
11308,xxx
11309,xxx
11310,xxx
11311,xxx
11312,xxx
11313,xxx
11314,xxx
11315,xxx
11316,xxx
11317,xxx
11318,xxx
11319,xxx
11320,xxx
11321,xxx
11322,xxx
11323,xxx
11324,xxx
11325,xxx
11326,xxx
11327,xxx
11328,xxx
11329,xxx
11330,xxx
11331,xxx
11332,xxx
11333,xxx
11334,xxx
11335,xxx
11336,xxx
11337,xxx
11338,xxx
11339,xxx
11340,xxx
11341,xxx
11342,xxx
11343,xxx
11344,xxx
11345,xxx
11346,xxx
11347,xxx
11348,xxx
11349,xxx
11350,xxx
11351,xxx
11352,xxx
11353,xxx
11354,xxx
11355,xxx
11356,xxx
11357,xxx
11358,xxx
11359,xxx
11360,xxx
11361,xxx
11362,xxx
11363,xxx
11364,xxx
11365,xxx
11366,xxx
11367,xxx
11368,xxx
11369,xxx
11370,xxx
11371,xxx
11372,xxx
11373,xxx
11374,xxx
11375,xxx
11376,xxx
11377,xxx
11378,xxx
11379,xxx
11380,xxx
11381,xxx
11382,xxx
11383,xxx
11384,xxx
11385,xxx
11386,xxx
11387,xxx
11388,xxx
11389,xxx
11390,xxx
11391,xxx
11392,xxx
11393,xxx
11394,xxx
11395,xxx
11396,xxx
11397,xxx
11398,xxx
11399,xxx
11400,xxx
11401,xxx
11402,xxx
11403,xxx
11404,xxx
11405,xxx
11406,xxx
11407,xxx
11408,xxx
11409,xxx
11410,xxx
11411,xxx
11412,xxx
11413,xxx
11414,xxx
11415,xxx
11416,xxx
11417,xxx
11418,xxx
11419,xxx
11420,xxx
11421,xxx
11422,xxx
11423,xxx
11424,xxx
11425,xxx
11426,xxx
11427,xxx
11428,xxx
11429,xxx
11430,xxx
11431,xxx
11432,xxx
11433,xxx
11434,xxx
11435,xxx
11436,xxx
11437,xxx
11438,xxx
11439,xxx
11440,xxx
11441,xxx
11442,xxx
11443,xxx
11444,xxx
11445,xxx
11446,xxx
11447,xxx
11448,xxx
11449,xxx
11450,xxx
11451,xxx
11452,xxx
11453,xxx
11454,xxx
11455,xxx
11456,xxx
11457,xxx
11458,xxx
11459,xxx
11460,xxx
11461,xxx
11462,xxx
11463,xxx
11464,xxx
11465,xxx
11466,xxx
11467,xxx
11468,xxx
11469,xxx
11470,xxx
11471,xxx
11472,xxx
11473,xxx
11474,xxx
11475,xxx
11476,xxx
11477,xxx
11478,xxx
11479,xxx
11480,xxx
11481,xxx
11482,xxx
11483,xxx
11484,xxx
11485,xxx
11486,xxx
11487,xxx
11488,xxx
11489,xxx
11490,xxx
11491,xxx
11492,xxx
11493,xxx
11494,xxx
11495,xxx
11496,xxx
11497,xxx
11498,xxx
11499,xxx
11500,xxx
11501,xxx
11502,xxx
11503,xxx
11504,xxx
11505,xxx
11506,xxx
11507,xxx
11508,xxx
11509,xxx
11510,xxx
11511,xxx
11512,xxx
11513,xxx
11514,xxx
11515,xxx
11516,xxx
11517,xxx
11518,xxx
11519,xxx
11520,xxx
11521,xxx
11522,xxx
11523,xxx
11524,xxx
11525,xxx
11526,xxx
11527,xxx
11528,xxx
11529,xxx
11530,xxx
11531,xxx
11532,xxx
11533,xxx
11534,xxx
11535,xxx
11536,xxx
11537,xxx
11538,xxx
11539,xxx
11540,xxx
11541,xxx
11542,xxx
11543,xxx
11544,xxx
11545,xxx
11546,xxx
11547,xxx
11548,xxx
11549,xxx
11550,xxx
11551,xxx
11552,xxx
11553,xxx
11554,xxx
11555,xxx
11556,xxx
11557,xxx
11558,xxx
11559,xxx
11560,xxx
11561,xxx
11562,xxx
11563,xxx
11564,xxx
11565,xxx
11566,xxx
11567,xxx
11568,xxx
11569,xxx
11570,xxx
11571,xxx
11572,xxx
11573,xxx
11574,xxx
11575,xxx
11576,xxx
11577,xxx
11578,xxx
11579,xxx
11580,xxx
11581,xxx
11582,xxx
11583,xxx
11584,xxx
11585,xxx
11586,xxx
11587,xxx
11588,xxx
11589,xxx
11590,xxx
11591,xxx
11592,xxx
11593,xxx
11594,xxx
11595,xxx
11596,xxx
11597,xxx
11598,xxx
11599,xxx
11600,xxx
11601,xxx
11602,xxx
11603,xxx
11604,xxx
11605,xxx
11606,xxx
11607,xxx
11608,xxx
11609,xxx
11610,xxx
11611,xxx
11612,xxx
11613,xxx
11614,xxx
11615,xxx
11616,xxx
11617,xxx
11618,xxx
11619,xxx
11620,xxx
11621,xxx
11622,xxx
11623,xxx
11624,xxx
11625,xxx
11626,xxx
11627,xxx
11628,xxx
11629,xxx
11630,xxx
11631,xxx
11632,xxx
11633,xxx
11634,xxx
11635,xxx
11636,xxx
11637,xxx
11638,xxx
11639,xxx
11640,xxx
11641,xxx
11642,xxx
11643,xxx
11644,xxx
11645,xxx
11646,xxx
11647,xxx
11648,xxx
11649,xxx
11650,xxx
11651,xxx
11652,xxx
11653,xxx
11654,xxx
11655,xxx
11656,xxx
11657,xxx
11658,xxx
11659,xxx
11660,xxx
11661,xxx
11662,xxx
11663,xxx
11664,xxx
11665,xxx
11666,xxx
11667,xxx
11668,xxx
11669,xxx
11670,xxx
11671,xxx
11672,xxx
11673,xxx
11674,xxx
11675,xxx
11676,xxx
11677,xxx
11678,xxx
11679,xxx
11680,xxx
11681,xxx
11682,xxx
11683,xxx
11684,xxx
11685,xxx
11686,xxx
11687,xxx
11688,xxx
11689,xxx
11690,xxx
11691,xxx
11692,xxx
11693,xxx
11694,xxx
11695,xxx
11696,xxx
11697,xxx
11698,xxx
11699,xxx
11700,xxx
11701,xxx
11702,xxx
11703,xxx
11704,xxx
11705,xxx
11706,xxx
11707,xxx
11708,xxx
11709,xxx
11710,xxx
11711,xxx
11712,xxx
11713,xxx
11714,xxx
11715,xxx
11716,xxx
11717,xxx
11718,xxx
11719,xxx
11720,xxx
11721,xxx
11722,xxx
11723,xxx
11724,xxx
11725,xxx
11726,xxx
11727,xxx
11728,xxx
11729,xxx
11730,xxx
11731,xxx
11732,xxx
11733,xxx
11734,xxx
11735,xxx
11736,xxx
11737,xxx
11738,xxx
11739,xxx
11740,xxx
11741,xxx
11742,xxx
11743,xxx
11744,xxx
11745,xxx
11746,xxx
11747,xxx
11748,xxx
11749,xxx
11750,xxx
11751,xxx
11752,xxx
11753,xxx
11754,xxx
11755,xxx
11756,xxx
11757,xxx
11758,xxx
11759,xxx
11760,xxx
11761,xxx
11762,xxx
11763,xxx
11764,xxx
11765,xxx
11766,xxx
11767,xxx
11768,xxx
11769,xxx
11770,xxx
11771,xxx
11772,xxx
11773,xxx
11774,xxx
11775,xxx
11776,xxx
11777,xxx
11778,xxx
11779,xxx
11780,xxx
11781,xxx
11782,xxx
11783,xxx
11784,xxx
11785,xxx
11786,xxx
11787,xxx
11788,xxx
11789,xxx
11790,xxx
11791,xxx
11792,xxx
11793,xxx
11794,xxx
11795,xxx
11796,xxx
11797,xxx
11798,xxx
11799,xxx
11800,xxx
11801,xxx
11802,xxx
11803,xxx
11804,xxx
11805,xxx
11806,xxx
11807,xxx
11808,xxx
11809,xxx
11810,xxx
11811,xxx
11812,xxx
11813,xxx
11814,xxx
11815,xxx
11816,xxx
11817,xxx
11818,xxx
11819,xxx
11820,xxx
11821,xxx
11822,xxx
11823,xxx
11824,xxx
11825,xxx
11826,xxx
11827,xxx
11828,xxx
11829,xxx
11830,xxx
11831,xxx
11832,xxx
11833,xxx
11834,xxx
11835,xxx
11836,xxx
11837,xxx
11838,xxx
11839,xxx
11840,xxx
11841,xxx
11842,xxx
11843,xxx
11844,xxx
11845,xxx
11846,xxx
11847,xxx
11848,xxx
11849,xxx
11850,xxx
11851,xxx
11852,xxx
11853,xxx
11854,xxx
11855,xxx
11856,xxx
11857,xxx
11858,xxx
11859,xxx
11860,xxx
11861,xxx
11862,xxx
11863,xxx
11864,xxx
11865,xxx
11866,xxx
11867,xxx
11868,xxx
11869,xxx
11870,xxx
11871,xxx
11872,xxx
11873,xxx
11874,xxx
11875,xxx
11876,xxx
11877,xxx
11878,xxx
11879,xxx
11880,xxx
11881,xxx
11882,xxx
11883,xxx
11884,xxx
11885,xxx
11886,xxx
11887,xxx
11888,xxx
11889,xxx
11890,xxx
11891,xxx
11892,xxx
11893,xxx
11894,xxx
11895,xxx
11896,xxx
11897,xxx
11898,xxx
11899,xxx
11900,xxx
11901,xxx
11902,xxx
11903,xxx
11904,xxx
11905,xxx
11906,xxx
11907,xxx
11908,xxx
11909,xxx
11910,xxx
11911,xxx
11912,xxx
11913,xxx
11914,xxx
11915,xxx
11916,xxx
11917,xxx
11918,xxx
11919,xxx
11920,xxx
11921,xxx
11922,xxx
11923,xxx
11924,xxx
11925,xxx
11926,xxx
11927,xxx
11928,xxx
11929,xxx
11930,xxx
11931,xxx
11932,xxx
11933,xxx
11934,xxx
11935,xxx
11936,xxx
11937,xxx
11938,xxx
11939,xxx
11940,xxx
11941,xxx
11942,xxx
11943,xxx
11944,xxx
11945,xxx
11946,xxx
11947,xxx
11948,xxx
11949,xxx
11950,xxx
11951,xxx
11952,xxx
11953,xxx
11954,xxx
11955,xxx
11956,xxx
11957,xxx
11958,xxx
11959,xxx
11960,xxx
11961,xxx
11962,xxx
11963,xxx
11964,xxx
11965,xxx
11966,xxx
11967,xxx
11968,xxx
11969,xxx
11970,xxx
11971,xxx
11972,xxx
11973,xxx
11974,xxx
11975,xxx
11976,xxx
11977,xxx
11978,xxx
11979,xxx
11980,xxx
11981,xxx
11982,xxx
11983,xxx
11984,xxx
11985,xxx
11986,xxx
11987,xxx
11988,xxx
11989,xxx
11990,xxx
11991,xxx
11992,xxx
11993,xxx
11994,xxx
11995,xxx
11996,xxx
11997,xxx
11998,xxx
11999,xxx
12000,xxx
12001,xxx
12002,xxx
12003,xxx
12004,xxx
12005,xxx
12006,xxx
12007,xxx
12008,xxx
12009,xxx
12010,xxx
12011,xxx
12012,xxx
12013,xxx
12014,xxx
12015,xxx
12016,xxx
12017,xxx
12018,xxx
12019,xxx
12020,xxx
12021,xxx
12022,xxx
12023,xxx
12024,xxx
12025,xxx
12026,xxx
12027,xxx
12028,xxx
12029,xxx
12030,xxx
12031,xxx
12032,xxx
12033,xxx
12034,xxx
12035,xxx
12036,xxx
12037,xxx
12038,xxx
12039,xxx
12040,xxx
12041,xxx
12042,xxx
12043,xxx
12044,xxx
12045,xxx
12046,xxx
12047,xxx
12048,xxx
12049,xxx
12050,xxx
12051,xxx
12052,xxx
12053,xxx
12054,xxx
12055,xxx
12056,xxx
12057,xxx
12058,xxx
12059,xxx
12060,xxx
12061,xxx
12062,xxx
12063,xxx
12064,xxx
12065,xxx
12066,xxx
12067,xxx
12068,xxx
12069,xxx
12070,xxx
12071,xxx
12072,xxx
12073,xxx
12074,xxx
12075,xxx
12076,xxx
12077,xxx
12078,xxx
12079,xxx
12080,xxx
12081,xxx
12082,xxx
12083,xxx
12084,xxx
12085,xxx
12086,xxx
12087,xxx
12088,xxx
12089,xxx
12090,xxx
12091,xxx
12092,xxx
12093,xxx
12094,xxx
12095,xxx
12096,xxx
12097,xxx
12098,xxx
12099,xxx
12100,xxx
12101,xxx
12102,xxx
12103,xxx
12104,xxx
12105,xxx
12106,xxx
12107,xxx
12108,xxx
12109,xxx
12110,xxx
12111,xxx
12112,xxx
12113,xxx
12114,xxx
12115,xxx
12116,xxx
12117,xxx
12118,xxx
12119,xxx
12120,xxx
12121,xxx
12122,xxx
12123,xxx
12124,xxx
12125,xxx
12126,xxx
12127,xxx
12128,xxx
12129,xxx
12130,xxx
12131,xxx
12132,xxx
12133,xxx
12134,xxx
12135,xxx
12136,xxx
12137,xxx
12138,xxx
12139,xxx
12140,xxx
12141,xxx
12142,xxx
12143,xxx
12144,xxx
12145,xxx
12146,xxx
12147,xxx
12148,xxx
12149,xxx
12150,xxx
12151,xxx
12152,xxx
12153,xxx
12154,xxx
12155,xxx
12156,xxx
12157,xxx
12158,xxx
12159,xxx
12160,xxx
12161,xxx
12162,xxx
12163,xxx
12164,xxx
12165,xxx
12166,xxx
12167,xxx
12168,xxx
12169,xxx
12170,xxx
12171,xxx
12172,xxx
12173,xxx
12174,xxx
12175,xxx
12176,xxx
12177,xxx
12178,xxx
12179,xxx
12180,xxx
12181,xxx
12182,xxx
12183,xxx
12184,xxx
12185,xxx
12186,xxx
12187,xxx
12188,xxx
12189,xxx
12190,xxx
12191,xxx
12192,xxx
12193,xxx
12194,xxx
12195,xxx
12196,xxx
12197,xxx
12198,xxx
12199,xxx
12200,xxx
12201,xxx
12202,xxx
12203,xxx
12204,xxx
12205,xxx
12206,xxx
12207,xxx
12208,xxx
12209,xxx
12210,xxx
12211,xxx
12212,xxx
12213,xxx
12214,xxx
12215,xxx
12216,xxx
12217,xxx
12218,xxx
12219,xxx
12220,xxx
12221,xxx
12222,xxx
12223,xxx
12224,xxx
12225,xxx
12226,xxx
12227,xxx
12228,xxx
12229,xxx
12230,xxx
12231,xxx
12232,xxx
12233,xxx
12234,xxx
12235,xxx
12236,xxx
12237,xxx
12238,xxx
12239,xxx
12240,xxx
12241,xxx
12242,xxx
12243,xxx
12244,xxx
12245,xxx
12246,xxx
12247,xxx
12248,xxx
12249,xxx
12250,xxx
12251,xxx
12252,xxx
12253,xxx
12254,xxx
12255,xxx
12256,xxx
12257,xxx
12258,xxx
12259,xxx
12260,xxx
12261,xxx
12262,xxx
12263,xxx
12264,xxx
12265,xxx
12266,xxx
12267,xxx
12268,xxx
12269,xxx
12270,xxx
12271,xxx
12272,xxx
12273,xxx
12274,xxx
12275,xxx
12276,xxx
12277,xxx
12278,xxx
12279,xxx
12280,xxx
12281,xxx
12282,xxx
12283,xxx
12284,xxx
12285,xxx
12286,xxx
12287,xxx
12288,xxx
12289,xxx
12290,xxx
12291,xxx
12292,xxx
12293,xxx
12294,xxx
12295,xxx
12296,xxx
12297,xxx
12298,xxx
12299,xxx
12300,xxx
12301,xxx
12302,xxx
12303,xxx
12304,xxx
12305,xxx
12306,xxx
12307,xxx
12308,xxx
12309,xxx
12310,xxx
12311,xxx
12312,xxx
12313,xxx
12314,xxx
12315,xxx
12316,xxx
12317,xxx
12318,xxx
12319,xxx
12320,xxx
12321,xxx
12322,xxx
12323,xxx
12324,xxx
12325,xxx
12326,xxx
12327,xxx
12328,xxx
12329,xxx
12330,xxx
12331,xxx
12332,xxx
12333,xxx
12334,xxx
12335,xxx
12336,xxx
12337,xxx
12338,xxx
12339,xxx
12340,xxx
12341,xxx
12342,xxx
12343,xxx
12344,xxx
12345,xxx
12346,xxx
12347,xxx
12348,xxx
12349,xxx
12350,xxx
12351,xxx
12352,xxx
12353,xxx
12354,xxx
12355,xxx
12356,xxx
12357,xxx
12358,xxx
12359,xxx
12360,xxx
12361,xxx
12362,xxx
12363,xxx
12364,xxx
12365,xxx
12366,xxx
12367,xxx
12368,xxx
12369,xxx
12370,xxx
12371,xxx
12372,xxx
12373,xxx
12374,xxx
12375,xxx
12376,xxx
12377,xxx
12378,xxx
12379,xxx
12380,xxx
12381,xxx
12382,xxx
12383,xxx
12384,xxx
12385,xxx
12386,xxx
12387,xxx
12388,xxx
12389,xxx
12390,xxx
12391,xxx
12392,xxx
12393,xxx
12394,xxx
12395,xxx
12396,xxx
12397,xxx
12398,xxx
12399,xxx
12400,xxx
12401,xxx
12402,xxx
12403,xxx
12404,xxx
12405,xxx
12406,xxx
12407,xxx
12408,xxx
12409,xxx
12410,xxx
12411,xxx
12412,xxx
12413,xxx
12414,xxx
12415,xxx
12416,xxx
12417,xxx
12418,xxx
12419,xxx
12420,xxx
12421,xxx
12422,xxx
12423,xxx
12424,xxx
12425,xxx
12426,xxx
12427,xxx
12428,xxx
12429,xxx
12430,xxx
12431,xxx
12432,xxx
12433,xxx
12434,xxx
12435,xxx
12436,xxx
12437,xxx
12438,xxx
12439,xxx
12440,xxx
12441,xxx
12442,xxx
12443,xxx
12444,xxx
12445,xxx
12446,xxx
12447,xxx
12448,xxx
12449,xxx
12450,xxx
12451,xxx
12452,xxx
12453,xxx
12454,xxx
12455,xxx
12456,xxx
12457,xxx
12458,xxx
12459,xxx
12460,xxx
12461,xxx
12462,xxx
12463,xxx
12464,xxx
12465,xxx
12466,xxx
12467,xxx
12468,xxx
12469,xxx
12470,xxx
12471,xxx
12472,xxx
12473,xxx
12474,xxx
12475,xxx
12476,xxx
12477,xxx
12478,xxx
12479,xxx
12480,xxx
12481,xxx
12482,xxx
12483,xxx
12484,xxx
12485,xxx
12486,xxx
12487,xxx
12488,xxx
12489,xxx
12490,xxx
12491,xxx
12492,xxx
12493,xxx
12494,xxx
12495,xxx
12496,xxx
12497,xxx
12498,xxx
12499,xxx
12500,xxx
12501,xxx
12502,xxx
12503,xxx
12504,xxx
12505,xxx
12506,xxx
12507,xxx
12508,xxx
12509,xxx
12510,xxx
12511,xxx
12512,xxx
12513,xxx
12514,xxx
12515,xxx
12516,xxx
12517,xxx
12518,xxx
12519,xxx
12520,xxx
12521,xxx
12522,xxx
12523,xxx
12524,xxx
12525,xxx
12526,xxx
12527,xxx
12528,xxx
12529,xxx
12530,xxx
12531,xxx
12532,xxx
12533,xxx
12534,xxx
12535,xxx
12536,xxx
12537,xxx
12538,xxx
12539,xxx
12540,xxx
12541,xxx
12542,xxx
12543,xxx
12544,xxx
12545,xxx
12546,xxx
12547,xxx
12548,xxx
12549,xxx
12550,xxx
12551,xxx
12552,xxx
12553,xxx
12554,xxx
12555,xxx
12556,xxx
12557,xxx
12558,xxx
12559,xxx
12560,xxx
12561,xxx
12562,xxx
12563,xxx
12564,xxx
12565,xxx
12566,xxx
12567,xxx
12568,xxx
12569,xxx
12570,xxx
12571,xxx
12572,xxx
12573,xxx
12574,xxx
12575,xxx
12576,xxx
12577,xxx
12578,xxx
12579,xxx
12580,xxx
12581,xxx
12582,xxx
12583,xxx
12584,xxx
12585,xxx
12586,xxx
12587,xxx
12588,xxx
12589,xxx
12590,xxx
12591,xxx
12592,xxx
12593,xxx
12594,xxx
12595,xxx
12596,xxx
12597,xxx
12598,xxx
12599,xxx
12600,xxx
12601,xxx
12602,xxx
12603,xxx
12604,xxx
12605,xxx
12606,xxx
12607,xxx
12608,xxx
12609,xxx
12610,xxx
12611,xxx
12612,xxx
12613,xxx
12614,xxx
12615,xxx
12616,xxx
12617,xxx
12618,xxx
12619,xxx
12620,xxx
12621,xxx
12622,xxx
12623,xxx
12624,xxx
12625,xxx
12626,xxx
12627,xxx
12628,xxx
12629,xxx
12630,xxx
12631,xxx
12632,xxx
12633,xxx
12634,xxx
12635,xxx
12636,xxx
12637,xxx
12638,xxx
12639,xxx
12640,xxx
12641,xxx
12642,xxx
12643,xxx
12644,xxx
12645,xxx
12646,xxx
12647,xxx
12648,xxx
12649,xxx
12650,xxx
12651,xxx
12652,xxx
12653,xxx
12654,xxx
12655,xxx
12656,xxx
12657,xxx
12658,xxx
12659,xxx
12660,xxx
12661,xxx
12662,xxx
12663,xxx
12664,xxx
12665,xxx
12666,xxx
12667,xxx
12668,xxx
12669,xxx
12670,xxx
12671,xxx
12672,xxx
12673,xxx
12674,xxx
12675,xxx
12676,xxx
12677,xxx
12678,xxx
12679,xxx
12680,xxx
12681,xxx
12682,xxx
12683,xxx
12684,xxx
12685,xxx
12686,xxx
12687,xxx
12688,xxx
12689,xxx
12690,xxx
12691,xxx
12692,xxx
12693,xxx
12694,xxx
12695,xxx
12696,xxx
12697,xxx
12698,xxx
12699,xxx
12700,xxx
12701,xxx
12702,xxx
12703,xxx
12704,xxx
12705,xxx
12706,xxx
12707,xxx
12708,xxx
12709,xxx
12710,xxx
12711,xxx
12712,xxx
12713,xxx
12714,xxx
12715,xxx
12716,xxx
12717,xxx
12718,xxx
12719,xxx
12720,xxx
12721,xxx
12722,xxx
12723,xxx
12724,xxx
12725,xxx
12726,xxx
12727,xxx
12728,xxx
12729,xxx
12730,xxx
12731,xxx
12732,xxx
12733,xxx
12734,xxx
12735,xxx
12736,xxx
12737,xxx
12738,xxx
12739,xxx
12740,xxx
12741,xxx
12742,xxx
12743,xxx
12744,xxx
12745,xxx
12746,xxx
12747,xxx
12748,xxx
12749,xxx
12750,xxx
12751,xxx
12752,xxx
12753,xxx
12754,xxx
12755,xxx
12756,xxx
12757,xxx
12758,xxx
12759,xxx
12760,xxx
12761,xxx
12762,xxx
12763,xxx
12764,xxx
12765,xxx
12766,xxx
12767,xxx
12768,xxx
12769,xxx
12770,xxx
12771,xxx
12772,xxx
12773,xxx
12774,xxx
12775,xxx
12776,xxx
12777,xxx
12778,xxx
12779,xxx
12780,xxx
12781,xxx
12782,xxx
12783,xxx
12784,xxx
12785,xxx
12786,xxx
12787,xxx
12788,xxx
12789,xxx
12790,xxx
12791,xxx
12792,xxx
12793,xxx
12794,xxx
12795,xxx
12796,xxx
12797,xxx
12798,xxx
12799,xxx
12800,xxx
12801,xxx
12802,xxx
12803,xxx
12804,xxx
12805,xxx
12806,xxx
12807,xxx
12808,xxx
12809,xxx
12810,xxx
12811,xxx
12812,xxx
12813,xxx
12814,xxx
12815,xxx
12816,xxx
12817,xxx
12818,xxx
12819,xxx
12820,xxx
12821,xxx
12822,xxx
12823,xxx
12824,xxx
12825,xxx
12826,xxx
12827,xxx
12828,xxx
12829,xxx
12830,xxx
12831,xxx
12832,xxx
12833,xxx
12834,xxx
12835,xxx
12836,xxx
12837,xxx
12838,xxx
12839,xxx
12840,xxx
12841,xxx
12842,xxx
12843,xxx
12844,xxx
12845,xxx
12846,xxx
12847,xxx
12848,xxx
12849,xxx
12850,xxx
12851,xxx
12852,xxx
12853,xxx
12854,xxx
12855,xxx
12856,xxx
12857,xxx
12858,xxx
12859,xxx
12860,xxx
12861,xxx
12862,xxx
12863,xxx
12864,xxx
12865,xxx
12866,xxx
12867,xxx
12868,xxx
12869,xxx
12870,xxx
12871,xxx
12872,xxx
12873,xxx
12874,xxx
12875,xxx
12876,xxx
12877,xxx
12878,xxx
12879,xxx
12880,xxx
12881,xxx
12882,xxx
12883,xxx
12884,xxx
12885,xxx
12886,xxx
12887,xxx
12888,xxx
12889,xxx
12890,xxx
12891,xxx
12892,xxx
12893,xxx
12894,xxx
12895,xxx
12896,xxx
12897,xxx
12898,xxx
12899,xxx
12900,xxx
12901,xxx
12902,xxx
12903,xxx
12904,xxx
12905,xxx
12906,xxx
12907,xxx
12908,xxx
12909,xxx
12910,xxx
12911,xxx
12912,xxx
12913,xxx
12914,xxx
12915,xxx
12916,xxx
12917,xxx
12918,xxx
12919,xxx
12920,xxx
12921,xxx
12922,xxx
12923,xxx
12924,xxx
12925,xxx
12926,xxx
12927,xxx
12928,xxx
12929,xxx
12930,xxx
12931,xxx
12932,xxx
12933,xxx
12934,xxx
12935,xxx
12936,xxx
12937,xxx
12938,xxx
12939,xxx
12940,xxx
12941,xxx
12942,xxx
12943,xxx
12944,xxx
12945,xxx
12946,xxx
12947,xxx
12948,xxx
12949,xxx
12950,xxx
12951,xxx
12952,xxx
12953,xxx
12954,xxx
12955,xxx
12956,xxx
12957,xxx
12958,xxx
12959,xxx
12960,xxx
12961,xxx
12962,xxx
12963,xxx
12964,xxx
12965,xxx
12966,xxx
12967,xxx
12968,xxx
12969,xxx
12970,xxx
12971,xxx
12972,xxx
12973,xxx
12974,xxx
12975,xxx
12976,xxx
12977,xxx
12978,xxx
12979,xxx
12980,xxx
12981,xxx
12982,xxx
12983,xxx
12984,xxx
12985,xxx
12986,xxx
12987,xxx
12988,xxx
12989,xxx
12990,xxx
12991,xxx
12992,xxx
12993,xxx
12994,xxx
12995,xxx
12996,xxx
12997,xxx
12998,xxx
12999,xxx
13000,xxx
13001,xxx
13002,xxx
13003,xxx
13004,xxx
13005,xxx
13006,xxx
13007,xxx
13008,xxx
13009,xxx
13010,xxx
13011,xxx
13012,xxx
13013,xxx
13014,xxx
13015,xxx
13016,xxx
13017,xxx
13018,xxx
13019,xxx
13020,xxx
13021,xxx
13022,xxx
13023,xxx
13024,xxx
13025,xxx
13026,xxx
13027,xxx
13028,xxx
13029,xxx
13030,xxx
13031,xxx
13032,xxx
13033,xxx
13034,xxx
13035,xxx
13036,xxx
13037,xxx
13038,xxx
13039,xxx
13040,xxx
13041,xxx
13042,xxx
13043,xxx
13044,xxx
13045,xxx
13046,xxx
13047,xxx
13048,xxx
13049,xxx
13050,xxx
13051,xxx
13052,xxx
13053,xxx
13054,xxx
13055,xxx
13056,xxx
13057,xxx
13058,xxx
13059,xxx
13060,xxx
13061,xxx
13062,xxx
13063,xxx
13064,xxx
13065,xxx
13066,xxx
13067,xxx
13068,xxx
13069,xxx
13070,xxx
13071,xxx
13072,xxx
13073,xxx
13074,xxx
13075,xxx
13076,xxx
13077,xxx
13078,xxx
13079,xxx
13080,xxx
13081,xxx
13082,xxx
13083,xxx
13084,xxx
13085,xxx
13086,xxx
13087,xxx
13088,xxx
13089,xxx
13090,xxx
13091,xxx
13092,xxx
13093,xxx
13094,xxx
13095,xxx
13096,xxx
13097,xxx
13098,xxx
13099,xxx
13100,xxx
13101,xxx
13102,xxx
13103,xxx
13104,xxx
13105,xxx
13106,xxx
13107,xxx
13108,xxx
13109,xxx
13110,xxx
13111,xxx
13112,xxx
13113,xxx
13114,xxx
13115,xxx
13116,xxx
13117,xxx
13118,xxx
13119,xxx
13120,xxx
13121,xxx
13122,xxx
13123,xxx
13124,xxx
13125,xxx
13126,xxx
13127,xxx
13128,xxx
13129,xxx
13130,xxx
13131,xxx
13132,xxx
13133,xxx
13134,xxx
13135,xxx
13136,xxx
13137,xxx
13138,xxx
13139,xxx
13140,xxx
13141,xxx
13142,xxx
13143,xxx
13144,xxx
13145,xxx
13146,xxx
13147,xxx
13148,xxx
13149,xxx
13150,xxx
13151,xxx
13152,xxx
13153,xxx
13154,xxx
13155,xxx
13156,xxx
13157,xxx
13158,xxx
13159,xxx
13160,xxx
13161,xxx
13162,xxx
13163,xxx
13164,xxx
13165,xxx
13166,xxx
13167,xxx
13168,xxx
13169,xxx
13170,xxx
13171,xxx
13172,xxx
13173,xxx
13174,xxx
13175,xxx
13176,xxx
13177,xxx
13178,xxx
13179,xxx
13180,xxx
13181,xxx
13182,xxx
13183,xxx
13184,xxx
13185,xxx
13186,xxx
13187,xxx
13188,xxx
13189,xxx
13190,xxx
13191,xxx
13192,xxx
13193,xxx
13194,xxx
13195,xxx
13196,xxx
13197,xxx
13198,xxx
13199,xxx
13200,xxx
13201,xxx
13202,xxx
13203,xxx
13204,xxx
13205,xxx
13206,xxx
13207,xxx
13208,xxx
13209,xxx
13210,xxx
13211,xxx
13212,xxx
13213,xxx
13214,xxx
13215,xxx
13216,xxx
13217,xxx
13218,xxx
13219,xxx
13220,xxx
13221,xxx
13222,xxx
13223,xxx
13224,xxx
13225,xxx
13226,xxx
13227,xxx
13228,xxx
13229,xxx
13230,xxx
13231,xxx
13232,xxx
13233,xxx
13234,xxx
13235,xxx
13236,xxx
13237,xxx
13238,xxx
13239,xxx
13240,xxx
13241,xxx
13242,xxx
13243,xxx
13244,xxx
13245,xxx
13246,xxx
13247,xxx
13248,xxx
13249,xxx
13250,xxx
13251,xxx
13252,xxx
13253,xxx
13254,xxx
13255,xxx
13256,xxx
13257,xxx
13258,xxx
13259,xxx
13260,xxx
13261,xxx
13262,xxx
13263,xxx
13264,xxx
13265,xxx
13266,xxx
13267,xxx
13268,xxx
13269,xxx
13270,xxx
13271,xxx
13272,xxx
13273,xxx
13274,xxx
13275,xxx
13276,xxx
13277,xxx
13278,xxx
13279,xxx
13280,xxx
13281,xxx
13282,xxx
13283,xxx
13284,xxx
13285,xxx
13286,xxx
13287,xxx
13288,xxx
13289,xxx
13290,xxx
13291,xxx
13292,xxx
13293,xxx
13294,xxx
13295,xxx
13296,xxx
13297,xxx
13298,xxx
13299,xxx
13300,xxx
13301,xxx
13302,xxx
13303,xxx
13304,xxx
13305,xxx
13306,xxx
13307,xxx
13308,xxx
13309,xxx
13310,xxx
13311,xxx
13312,xxx
13313,xxx
13314,xxx
13315,xxx
13316,xxx
13317,xxx
13318,xxx
13319,xxx
13320,xxx
13321,xxx
13322,xxx
13323,xxx
13324,xxx
13325,xxx
13326,xxx
13327,xxx
13328,xxx
13329,xxx
13330,xxx
13331,xxx
13332,xxx
13333,xxx
13334,xxx
13335,xxx
13336,xxx
13337,xxx
13338,xxx
13339,xxx
13340,xxx
13341,xxx
13342,xxx
13343,xxx
13344,xxx
13345,xxx
13346,xxx
13347,xxx
13348,xxx
13349,xxx
13350,xxx
13351,xxx
13352,xxx
13353,xxx
13354,xxx
13355,xxx
13356,xxx
13357,xxx
13358,xxx
13359,xxx
13360,xxx
13361,xxx
13362,xxx
13363,xxx
13364,xxx
13365,xxx
13366,xxx
13367,xxx
13368,xxx
13369,xxx
13370,xxx
13371,xxx
13372,xxx
13373,xxx
13374,xxx
13375,xxx
13376,xxx
13377,xxx
13378,xxx
13379,xxx
13380,xxx
13381,xxx
13382,xxx
13383,xxx
13384,xxx
13385,xxx
13386,xxx
13387,xxx
13388,xxx
13389,xxx
13390,xxx
13391,xxx
13392,xxx
13393,xxx
13394,xxx
13395,xxx
13396,xxx
13397,xxx
13398,xxx
13399,xxx
13400,xxx
13401,xxx
13402,xxx
13403,xxx
13404,xxx
13405,xxx
13406,xxx
13407,xxx
13408,xxx
13409,xxx
13410,xxx
13411,xxx
13412,xxx
13413,xxx
13414,xxx
13415,xxx
13416,xxx
13417,xxx
13418,xxx
13419,xxx
13420,xxx
13421,xxx
13422,xxx
13423,xxx
13424,xxx
13425,xxx
13426,xxx
13427,xxx
13428,xxx
13429,xxx
13430,xxx
13431,xxx
13432,xxx
13433,xxx
13434,xxx
13435,xxx
13436,xxx
13437,xxx
13438,xxx
13439,xxx
13440,xxx
13441,xxx
13442,xxx
13443,xxx
13444,xxx
13445,xxx
13446,xxx
13447,xxx
13448,xxx
13449,xxx
13450,xxx
13451,xxx
13452,xxx
13453,xxx
13454,xxx
13455,xxx
13456,xxx
13457,xxx
13458,xxx
13459,xxx
13460,xxx
13461,xxx
13462,xxx
13463,xxx
13464,xxx
13465,xxx
13466,xxx
13467,xxx
13468,xxx
13469,xxx
13470,xxx
13471,xxx
13472,xxx
13473,xxx
13474,xxx
13475,xxx
13476,xxx
13477,xxx
13478,xxx
13479,xxx
13480,xxx
13481,xxx
13482,xxx
13483,xxx
13484,xxx
13485,xxx
13486,xxx
13487,xxx
13488,xxx
13489,xxx
13490,xxx
13491,xxx
13492,xxx
13493,xxx
13494,xxx
13495,xxx
13496,xxx
13497,xxx
13498,xxx
13499,xxx
13500,xxx
13501,xxx
13502,xxx
13503,xxx
13504,xxx
13505,xxx
13506,xxx
13507,xxx
13508,xxx
13509,xxx
13510,xxx
13511,xxx
13512,xxx
13513,xxx
13514,xxx
13515,xxx
13516,xxx
13517,xxx
13518,xxx
13519,xxx
13520,xxx
13521,xxx
13522,xxx
13523,xxx
13524,xxx
13525,xxx
13526,xxx
13527,xxx
13528,xxx
13529,xxx
13530,xxx
13531,xxx
13532,xxx
13533,xxx
13534,xxx
13535,xxx
13536,xxx
13537,xxx
13538,xxx
13539,xxx
13540,xxx
13541,xxx
13542,xxx
13543,xxx
13544,xxx
13545,xxx
13546,xxx
13547,xxx
13548,xxx
13549,xxx
13550,xxx
13551,xxx
13552,xxx
13553,xxx
13554,xxx
13555,xxx
13556,xxx
13557,xxx
13558,xxx
13559,xxx
13560,xxx
13561,xxx
13562,xxx
13563,xxx
13564,xxx
13565,xxx
13566,xxx
13567,xxx
13568,xxx
13569,xxx
13570,xxx
13571,xxx
13572,xxx
13573,xxx
13574,xxx
13575,xxx
13576,xxx
13577,xxx
13578,xxx
13579,xxx
13580,xxx
13581,xxx
13582,xxx
13583,xxx
13584,xxx
13585,xxx
13586,xxx
13587,xxx
13588,xxx
13589,xxx
13590,xxx
13591,xxx
13592,xxx
13593,xxx
13594,xxx
13595,xxx
13596,xxx
13597,xxx
13598,xxx
13599,xxx
13600,xxx
13601,xxx
13602,xxx
13603,xxx
13604,xxx
13605,xxx
13606,xxx
13607,xxx
13608,xxx
13609,xxx
13610,xxx
13611,xxx
13612,xxx
13613,xxx
13614,xxx
13615,xxx
13616,xxx
13617,xxx
13618,xxx
13619,xxx
13620,xxx
13621,xxx
13622,xxx
13623,xxx
13624,xxx
13625,xxx
13626,xxx
13627,xxx
13628,xxx
13629,xxx
13630,xxx
13631,xxx
13632,xxx
13633,xxx
13634,xxx
13635,xxx
13636,xxx
13637,xxx
13638,xxx
13639,xxx
13640,xxx
13641,xxx
13642,xxx
13643,xxx
13644,xxx
13645,xxx
13646,xxx
13647,xxx
13648,xxx
13649,xxx
13650,xxx
13651,xxx
13652,xxx
13653,xxx
13654,xxx
13655,xxx
13656,xxx
13657,xxx
13658,xxx
13659,xxx
13660,xxx
13661,xxx
13662,xxx
13663,xxx
13664,xxx
13665,xxx
13666,xxx
13667,xxx
13668,xxx
13669,xxx
13670,xxx
13671,xxx
13672,xxx
13673,xxx
13674,xxx
13675,xxx
13676,xxx
13677,xxx
13678,xxx
13679,xxx
13680,xxx
13681,xxx
13682,xxx
13683,xxx
13684,xxx
13685,xxx
13686,xxx
13687,xxx
13688,xxx
13689,xxx
13690,xxx
13691,xxx
13692,xxx
13693,xxx
13694,xxx
13695,xxx
13696,xxx
13697,xxx
13698,xxx
13699,xxx
13700,xxx
13701,xxx
13702,xxx
13703,xxx
13704,xxx
13705,xxx
13706,xxx
13707,xxx
13708,xxx
13709,xxx
13710,xxx
13711,xxx
13712,xxx
13713,xxx
13714,xxx
13715,xxx
13716,xxx
13717,xxx
13718,xxx
13719,xxx
13720,xxx
13721,xxx
13722,xxx
13723,xxx
13724,xxx
13725,xxx
13726,xxx
13727,xxx
13728,xxx
13729,xxx
13730,xxx
13731,xxx
13732,xxx
13733,xxx
13734,xxx
13735,xxx
13736,xxx
13737,xxx
13738,xxx
13739,xxx
13740,xxx
13741,xxx
13742,xxx
13743,xxx
13744,xxx
13745,xxx
13746,xxx
13747,xxx
13748,xxx
13749,xxx
13750,xxx
13751,xxx
13752,xxx
13753,xxx
13754,xxx
13755,xxx
13756,xxx
13757,xxx
13758,xxx
13759,xxx
13760,xxx
13761,xxx
13762,xxx
13763,xxx
13764,xxx
13765,xxx
13766,xxx
13767,xxx
13768,xxx
13769,xxx
13770,xxx
13771,xxx
13772,xxx
13773,xxx
13774,xxx
13775,xxx
13776,xxx
13777,xxx
13778,xxx
13779,xxx
13780,xxx
13781,xxx
13782,xxx
13783,xxx
13784,xxx
13785,xxx
13786,xxx
13787,xxx
13788,xxx
13789,xxx
13790,xxx
13791,xxx
13792,xxx
13793,xxx
13794,xxx
13795,xxx
13796,xxx
13797,xxx
13798,xxx
13799,xxx
13800,xxx
13801,xxx
13802,xxx
13803,xxx
13804,xxx
13805,xxx
13806,xxx
13807,xxx
13808,xxx
13809,xxx
13810,xxx
13811,xxx
13812,xxx
13813,xxx
13814,xxx
13815,xxx
13816,xxx
13817,xxx
13818,xxx
13819,xxx
13820,xxx
13821,xxx
13822,xxx
13823,xxx
13824,xxx
13825,xxx
13826,xxx
13827,xxx
13828,xxx
13829,xxx
13830,xxx
13831,xxx
13832,xxx
13833,xxx
13834,xxx
13835,xxx
13836,xxx
13837,xxx
13838,xxx
13839,xxx
13840,xxx
13841,xxx
13842,xxx
13843,xxx
13844,xxx
13845,xxx
13846,xxx
13847,xxx
13848,xxx
13849,xxx
13850,xxx
13851,xxx
13852,xxx
13853,xxx
13854,xxx
13855,xxx
13856,xxx
13857,xxx
13858,xxx
13859,xxx
13860,xxx
13861,xxx
13862,xxx
13863,xxx
13864,xxx
13865,xxx
13866,xxx
13867,xxx
13868,xxx
13869,xxx
13870,xxx
13871,xxx
13872,xxx
13873,xxx
13874,xxx
13875,xxx
13876,xxx
13877,xxx
13878,xxx
13879,xxx
13880,xxx
13881,xxx
13882,xxx
13883,xxx
13884,xxx
13885,xxx
13886,xxx
13887,xxx
13888,xxx
13889,xxx
13890,xxx
13891,xxx
13892,xxx
13893,xxx
13894,xxx
13895,xxx
13896,xxx
13897,xxx
13898,xxx
13899,xxx
13900,xxx
13901,xxx
13902,xxx
13903,xxx
13904,xxx
13905,xxx
13906,xxx
13907,xxx
13908,xxx
13909,xxx
13910,xxx
13911,xxx
13912,xxx
13913,xxx
13914,xxx
13915,xxx
13916,xxx
13917,xxx
13918,xxx
13919,xxx
13920,xxx
13921,xxx
13922,xxx
13923,xxx
13924,xxx
13925,xxx
13926,xxx
13927,xxx
13928,xxx
13929,xxx
13930,xxx
13931,xxx
13932,xxx
13933,xxx
13934,xxx
13935,xxx
13936,xxx
13937,xxx
13938,xxx
13939,xxx
13940,xxx
13941,xxx
13942,xxx
13943,xxx
13944,xxx
13945,xxx
13946,xxx
13947,xxx
13948,xxx
13949,xxx
13950,xxx
13951,xxx
13952,xxx
13953,xxx
13954,xxx
13955,xxx
13956,xxx
13957,xxx
13958,xxx
13959,xxx
13960,xxx
13961,xxx
13962,xxx
13963,xxx
13964,xxx
13965,xxx
13966,xxx
13967,xxx
13968,xxx
13969,xxx
13970,xxx
13971,xxx
13972,xxx
13973,xxx
13974,xxx
13975,xxx
13976,xxx
13977,xxx
13978,xxx
13979,xxx
13980,xxx
13981,xxx
13982,xxx
13983,xxx
13984,xxx
13985,xxx
13986,xxx
13987,xxx
13988,xxx
13989,xxx
13990,xxx
13991,xxx
13992,xxx
13993,xxx
13994,xxx
13995,xxx
13996,xxx
13997,xxx
13998,xxx
13999,xxx
14000,xxx
14001,xxx
14002,xxx
14003,xxx
14004,xxx
14005,xxx
14006,xxx
14007,xxx
14008,xxx
14009,xxx
14010,xxx
14011,xxx
14012,xxx
14013,xxx
14014,xxx
14015,xxx
14016,xxx
14017,xxx
14018,xxx
14019,xxx
14020,xxx
14021,xxx
14022,xxx
14023,xxx
14024,xxx
14025,xxx
14026,xxx
14027,xxx
14028,xxx
14029,xxx
14030,xxx
14031,xxx
14032,xxx
14033,xxx
14034,xxx
14035,xxx
14036,xxx
14037,xxx
14038,xxx
14039,xxx
14040,xxx
14041,xxx
14042,xxx
14043,xxx
14044,xxx
14045,xxx
14046,xxx
14047,xxx
14048,xxx
14049,xxx
14050,xxx
14051,xxx
14052,xxx
14053,xxx
14054,xxx
14055,xxx
14056,xxx
14057,xxx
14058,xxx
14059,xxx
14060,xxx
14061,xxx
14062,xxx
14063,xxx
14064,xxx
14065,xxx
14066,xxx
14067,xxx
14068,xxx
14069,xxx
14070,xxx
14071,xxx
14072,xxx
14073,xxx
14074,xxx
14075,xxx
14076,xxx
14077,xxx
14078,xxx
14079,xxx
14080,xxx
14081,xxx
14082,xxx
14083,xxx
14084,xxx
14085,xxx
14086,xxx
14087,xxx
14088,xxx
14089,xxx
14090,xxx
14091,xxx
14092,xxx
14093,xxx
14094,xxx
14095,xxx
14096,xxx
14097,xxx
14098,xxx
14099,xxx
14100,xxx
14101,xxx
14102,xxx
14103,xxx
14104,xxx
14105,xxx
14106,xxx
14107,xxx
14108,xxx
14109,xxx
14110,xxx
14111,xxx
14112,xxx
14113,xxx
14114,xxx
14115,xxx
14116,xxx
14117,xxx
14118,xxx
14119,xxx
14120,xxx
14121,xxx
14122,xxx
14123,xxx
14124,xxx
14125,xxx
14126,xxx
14127,xxx
14128,xxx
14129,xxx
14130,xxx
14131,xxx
14132,xxx
14133,xxx
14134,xxx
14135,xxx
14136,xxx
14137,xxx
14138,xxx
14139,xxx
14140,xxx
14141,xxx
14142,xxx
14143,xxx
14144,xxx
14145,xxx
14146,xxx
14147,xxx
14148,xxx
14149,xxx
14150,xxx
14151,xxx
14152,xxx
14153,xxx
14154,xxx
14155,xxx
14156,xxx
14157,xxx
14158,xxx
14159,xxx
14160,xxx
14161,xxx
14162,xxx
14163,xxx
14164,xxx
14165,xxx
14166,xxx
14167,xxx
14168,xxx
14169,xxx
14170,xxx
14171,xxx
14172,xxx
14173,xxx
14174,xxx
14175,xxx
14176,xxx
14177,xxx
14178,xxx
14179,xxx
14180,xxx
14181,xxx
14182,xxx
14183,xxx
14184,xxx
14185,xxx
14186,xxx
14187,xxx
14188,xxx
14189,xxx
14190,xxx
14191,xxx
14192,xxx
14193,xxx
14194,xxx
14195,xxx
14196,xxx
14197,xxx
14198,xxx
14199,xxx
14200,xxx
14201,xxx
14202,xxx
14203,xxx
14204,xxx
14205,xxx
14206,xxx
14207,xxx
14208,xxx
14209,xxx
14210,xxx
14211,xxx
14212,xxx
14213,xxx
14214,xxx
14215,xxx
14216,xxx
14217,xxx
14218,xxx
14219,xxx
14220,xxx
14221,xxx
14222,xxx
14223,xxx
14224,xxx
14225,xxx
14226,xxx
14227,xxx
14228,xxx
14229,xxx
14230,xxx
14231,xxx
14232,xxx
14233,xxx
14234,xxx
14235,xxx
14236,xxx
14237,xxx
14238,xxx
14239,xxx
14240,xxx
14241,xxx
14242,xxx
14243,xxx
14244,xxx
14245,xxx
14246,xxx
14247,xxx
14248,xxx
14249,xxx
14250,xxx
14251,xxx
14252,xxx
14253,xxx
14254,xxx
14255,xxx
14256,xxx
14257,xxx
14258,xxx
14259,xxx
14260,xxx
14261,xxx
14262,xxx
14263,xxx
14264,xxx
14265,xxx
14266,xxx
14267,xxx
14268,xxx
14269,xxx
14270,xxx
14271,xxx
14272,xxx
14273,xxx
14274,xxx
14275,xxx
14276,xxx
14277,xxx
14278,xxx
14279,xxx
14280,xxx
14281,xxx
14282,xxx
14283,xxx
14284,xxx
14285,xxx
14286,xxx
14287,xxx
14288,xxx
14289,xxx
14290,xxx
14291,xxx
14292,xxx
14293,xxx
14294,xxx
14295,xxx
14296,xxx
14297,xxx
14298,xxx
14299,xxx
14300,xxx
14301,xxx
14302,xxx
14303,xxx
14304,xxx
14305,xxx
14306,xxx
14307,xxx
14308,xxx
14309,xxx
14310,xxx
14311,xxx
14312,xxx
14313,xxx
14314,xxx
14315,xxx
14316,xxx
14317,xxx
14318,xxx
14319,xxx
14320,xxx
14321,xxx
14322,xxx
14323,xxx
14324,xxx
14325,xxx
14326,xxx
14327,xxx
14328,xxx
14329,xxx
14330,xxx
14331,xxx
14332,xxx
14333,xxx
14334,xxx
14335,xxx
14336,xxx
14337,xxx
14338,xxx
14339,xxx
14340,xxx
14341,xxx
14342,xxx
14343,xxx
14344,xxx
14345,xxx
14346,xxx
14347,xxx
14348,xxx
14349,xxx
14350,xxx
14351,xxx
14352,xxx
14353,xxx
14354,xxx
14355,xxx
14356,xxx
14357,xxx
14358,xxx
14359,xxx
14360,xxx
14361,xxx
14362,xxx
14363,xxx
14364,xxx
14365,xxx
14366,xxx
14367,xxx
14368,xxx
14369,xxx
14370,xxx
14371,xxx
14372,xxx
14373,xxx
14374,xxx
14375,xxx
14376,xxx
14377,xxx
14378,xxx
14379,xxx
14380,xxx
14381,xxx
14382,xxx
14383,xxx
14384,xxx
14385,xxx
14386,xxx
14387,xxx
14388,xxx
14389,xxx
14390,xxx
14391,xxx
14392,xxx
14393,xxx
14394,xxx
14395,xxx
14396,xxx
14397,xxx
14398,xxx
14399,xxx
14400,xxx
14401,xxx
14402,xxx
14403,xxx
14404,xxx
14405,xxx
14406,xxx
14407,xxx
14408,xxx
14409,xxx
14410,xxx
14411,xxx
14412,xxx
14413,xxx
14414,xxx
14415,xxx
14416,xxx
14417,xxx
14418,xxx
14419,xxx
14420,xxx
14421,xxx
14422,xxx
14423,xxx
14424,xxx
14425,xxx
14426,xxx
14427,xxx
14428,xxx
14429,xxx
14430,xxx
14431,xxx
14432,xxx
14433,xxx
14434,xxx
14435,xxx
14436,xxx
14437,xxx
14438,xxx
14439,xxx
14440,xxx
14441,xxx
14442,xxx
14443,xxx
14444,xxx
14445,xxx
14446,xxx
14447,xxx
14448,xxx
14449,xxx
14450,xxx
14451,xxx
14452,xxx
14453,xxx
14454,xxx
14455,xxx
14456,xxx
14457,xxx
14458,xxx
14459,xxx
14460,xxx
14461,xxx
14462,xxx
14463,xxx
14464,xxx
14465,xxx
14466,xxx
14467,xxx
14468,xxx
14469,xxx
14470,xxx
14471,xxx
14472,xxx
14473,xxx
14474,xxx
14475,xxx
14476,xxx
14477,xxx
14478,xxx
14479,xxx
14480,xxx
14481,xxx
14482,xxx
14483,xxx
14484,xxx
14485,xxx
14486,xxx
14487,xxx
14488,xxx
14489,xxx
14490,xxx
14491,xxx
14492,xxx
14493,xxx
14494,xxx
14495,xxx
14496,xxx
14497,xxx
14498,xxx
14499,xxx
14500,xxx
14501,xxx
14502,xxx
14503,xxx
14504,xxx
14505,xxx
14506,xxx
14507,xxx
14508,xxx
14509,xxx
14510,xxx
14511,xxx
14512,xxx
14513,xxx
14514,xxx
14515,xxx
14516,xxx
14517,xxx
14518,xxx
14519,xxx
14520,xxx
14521,xxx
14522,xxx
14523,xxx
14524,xxx
14525,xxx
14526,xxx
14527,xxx
14528,xxx
14529,xxx
14530,xxx
14531,xxx
14532,xxx
14533,xxx
14534,xxx
14535,xxx
14536,xxx
14537,xxx
14538,xxx
14539,xxx
14540,xxx
14541,xxx
14542,xxx
14543,xxx
14544,xxx
14545,xxx
14546,xxx
14547,xxx
14548,xxx
14549,xxx
14550,xxx
14551,xxx
14552,xxx
14553,xxx
14554,xxx
14555,xxx
14556,xxx
14557,xxx
14558,xxx
14559,xxx
14560,xxx
14561,xxx
14562,xxx
14563,xxx
14564,xxx
14565,xxx
14566,xxx
14567,xxx
14568,xxx
14569,xxx
14570,xxx
14571,xxx
14572,xxx
14573,xxx
14574,xxx
14575,xxx
14576,xxx
14577,xxx
14578,xxx
14579,xxx
14580,xxx
14581,xxx
14582,xxx
14583,xxx
14584,xxx
14585,xxx
14586,xxx
14587,xxx
14588,xxx
14589,xxx
14590,xxx
14591,xxx
14592,xxx
14593,xxx
14594,xxx
14595,xxx
14596,xxx
14597,xxx
14598,xxx
14599,xxx
14600,xxx
14601,xxx
14602,xxx
14603,xxx
14604,xxx
14605,xxx
14606,xxx
14607,xxx
14608,xxx
14609,xxx
14610,xxx
14611,xxx
14612,xxx
14613,xxx
14614,xxx
14615,xxx
14616,xxx
14617,xxx
14618,xxx
14619,xxx
14620,xxx
14621,xxx
14622,xxx
14623,xxx
14624,xxx
14625,xxx
14626,xxx
14627,xxx
14628,xxx
14629,xxx
14630,xxx
14631,xxx
14632,xxx
14633,xxx
14634,xxx
14635,xxx
14636,xxx
14637,xxx
14638,xxx
14639,xxx
14640,xxx
14641,xxx
14642,xxx
14643,xxx
14644,xxx
14645,xxx
14646,xxx
14647,xxx
14648,xxx
14649,xxx
14650,xxx
14651,xxx
14652,xxx
14653,xxx
14654,xxx
14655,xxx
14656,xxx
14657,xxx
14658,xxx
14659,xxx
14660,xxx
14661,xxx
14662,xxx
14663,xxx
14664,xxx
14665,xxx
14666,xxx
14667,xxx
14668,xxx
14669,xxx
14670,xxx
14671,xxx
14672,xxx
14673,xxx
14674,xxx
14675,xxx
14676,xxx
14677,xxx
14678,xxx
14679,xxx
14680,xxx
14681,xxx
14682,xxx
14683,xxx
14684,xxx
14685,xxx
14686,xxx
14687,xxx
14688,xxx
14689,xxx
14690,xxx
14691,xxx
14692,xxx
14693,xxx
14694,xxx
14695,xxx
14696,xxx
14697,xxx
14698,xxx
14699,xxx
14700,xxx
14701,xxx
14702,xxx
14703,xxx
14704,xxx
14705,xxx
14706,xxx
14707,xxx
14708,xxx
14709,xxx
14710,xxx
14711,xxx
14712,xxx
14713,xxx
14714,xxx
14715,xxx
14716,xxx
14717,xxx
14718,xxx
14719,xxx
14720,xxx
14721,xxx
14722,xxx
14723,xxx
14724,xxx
14725,xxx
14726,xxx
14727,xxx
14728,xxx
14729,xxx
14730,xxx
14731,xxx
14732,xxx
14733,xxx
14734,xxx
14735,xxx
14736,xxx
14737,xxx
14738,xxx
14739,xxx
14740,xxx
14741,xxx
14742,xxx
14743,xxx
14744,xxx
14745,xxx
14746,xxx
14747,xxx
14748,xxx
14749,xxx
14750,xxx
14751,xxx
14752,xxx
14753,xxx
14754,xxx
14755,xxx
14756,xxx
14757,xxx
14758,xxx
14759,xxx
14760,xxx
14761,xxx
14762,xxx
14763,xxx
14764,xxx
14765,xxx
14766,xxx
14767,xxx
14768,xxx
14769,xxx
14770,xxx
14771,xxx
14772,xxx
14773,xxx
14774,xxx
14775,xxx
14776,xxx
14777,xxx
14778,xxx
14779,xxx
14780,xxx
14781,xxx
14782,xxx
14783,xxx
14784,xxx
14785,xxx
14786,xxx
14787,xxx
14788,xxx
14789,xxx
14790,xxx
14791,xxx
14792,xxx
14793,xxx
14794,xxx
14795,xxx
14796,xxx
14797,xxx
14798,xxx
14799,xxx
14800,xxx
14801,xxx
14802,xxx
14803,xxx
14804,xxx
14805,xxx
14806,xxx
14807,xxx
14808,xxx
14809,xxx
14810,xxx
14811,xxx
14812,xxx
14813,xxx
14814,xxx
14815,xxx
14816,xxx
14817,xxx
14818,xxx
14819,xxx
14820,xxx
14821,xxx
14822,xxx
14823,xxx
14824,xxx
14825,xxx
14826,xxx
14827,xxx
14828,xxx
14829,xxx
14830,xxx
14831,xxx
14832,xxx
14833,xxx
14834,xxx
14835,xxx
14836,xxx
14837,xxx
14838,xxx
14839,xxx
14840,xxx
14841,xxx
14842,xxx
14843,xxx
14844,xxx
14845,xxx
14846,xxx
14847,xxx
14848,xxx
14849,xxx
14850,xxx
14851,xxx
14852,xxx
14853,xxx
14854,xxx
14855,xxx
14856,xxx
14857,xxx
14858,xxx
14859,xxx
14860,xxx
14861,xxx
14862,xxx
14863,xxx
14864,xxx
14865,xxx
14866,xxx
14867,xxx
14868,xxx
14869,xxx
14870,xxx
14871,xxx
14872,xxx
14873,xxx
14874,xxx
14875,xxx
14876,xxx
14877,xxx
14878,xxx
14879,xxx
14880,xxx
14881,xxx
14882,xxx
14883,xxx
14884,xxx
14885,xxx
14886,xxx
14887,xxx
14888,xxx
14889,xxx
14890,xxx
14891,xxx
14892,xxx
14893,xxx
14894,xxx
14895,xxx
14896,xxx
14897,xxx
14898,xxx
14899,xxx
14900,xxx
14901,xxx
14902,xxx
14903,xxx
14904,xxx
14905,xxx
14906,xxx
14907,xxx
14908,xxx
14909,xxx
14910,xxx
14911,xxx
14912,xxx
14913,xxx
14914,xxx
14915,xxx
14916,xxx
14917,xxx
14918,xxx
14919,xxx
14920,xxx
14921,xxx
14922,xxx
14923,xxx
14924,xxx
14925,xxx
14926,xxx
14927,xxx
14928,xxx
14929,xxx
14930,xxx
14931,xxx
14932,xxx
14933,xxx
14934,xxx
14935,xxx
14936,xxx
14937,xxx
14938,xxx
14939,xxx
14940,xxx
14941,xxx
14942,xxx
14943,xxx
14944,xxx
14945,xxx
14946,xxx
14947,xxx
14948,xxx
14949,xxx
14950,xxx
14951,xxx
14952,xxx
14953,xxx
14954,xxx
14955,xxx
14956,xxx
14957,xxx
14958,xxx
14959,xxx
14960,xxx
14961,xxx
14962,xxx
14963,xxx
14964,xxx
14965,xxx
14966,xxx
14967,xxx
14968,xxx
14969,xxx
14970,xxx
14971,xxx
14972,xxx
14973,xxx
14974,xxx
14975,xxx
14976,xxx
14977,xxx
14978,xxx
14979,xxx
14980,xxx
14981,xxx
14982,xxx
14983,xxx
14984,xxx
14985,xxx
14986,xxx
14987,xxx
14988,xxx
14989,xxx
14990,xxx
14991,xxx
14992,xxx
14993,xxx
14994,xxx
14995,xxx
14996,xxx
14997,xxx
14998,xxx
14999,xxx
15000,xxx
15001,xxx
15002,xxx
15003,xxx
15004,xxx
15005,xxx
15006,xxx
15007,xxx
15008,xxx
15009,xxx
15010,xxx
15011,xxx
15012,xxx
15013,xxx
15014,xxx
15015,xxx
15016,xxx
15017,xxx
15018,xxx
15019,xxx
15020,xxx
15021,xxx
15022,xxx
15023,xxx
15024,xxx
15025,xxx
15026,xxx
15027,xxx
15028,xxx
15029,xxx
15030,xxx
15031,xxx
15032,xxx
15033,xxx
15034,xxx
15035,xxx
15036,xxx
15037,xxx
15038,xxx
15039,xxx
15040,xxx
15041,xxx
15042,xxx
15043,xxx
15044,xxx
15045,xxx
15046,xxx
15047,xxx
15048,xxx
15049,xxx
15050,xxx
15051,xxx
15052,xxx
15053,xxx
15054,xxx
15055,xxx
15056,xxx
15057,xxx
15058,xxx
15059,xxx
15060,xxx
15061,xxx
15062,xxx
15063,xxx
15064,xxx
15065,xxx
15066,xxx
15067,xxx
15068,xxx
15069,xxx
15070,xxx
15071,xxx
15072,xxx
15073,xxx
15074,xxx
15075,xxx
15076,xxx
15077,xxx
15078,xxx
15079,xxx
15080,xxx
15081,xxx
15082,xxx
15083,xxx
15084,xxx
15085,xxx
15086,xxx
15087,xxx
15088,xxx
15089,xxx
15090,xxx
15091,xxx
15092,xxx
15093,xxx
15094,xxx
15095,xxx
15096,xxx
15097,xxx
15098,xxx
15099,xxx
15100,xxx
15101,xxx
15102,xxx
15103,xxx
15104,xxx
15105,xxx
15106,xxx
15107,xxx
15108,xxx
15109,xxx
15110,xxx
15111,xxx
15112,xxx
15113,xxx
15114,xxx
15115,xxx
15116,xxx
15117,xxx
15118,xxx
15119,xxx
15120,xxx
15121,xxx
15122,xxx
15123,xxx
15124,xxx
15125,xxx
15126,xxx
15127,xxx
15128,xxx
15129,xxx
15130,xxx
15131,xxx
15132,xxx
15133,xxx
15134,xxx
15135,xxx
15136,xxx
15137,xxx
15138,xxx
15139,xxx
15140,xxx
15141,xxx
15142,xxx
15143,xxx
15144,xxx
15145,xxx
15146,xxx
15147,xxx
15148,xxx
15149,xxx
15150,xxx
15151,xxx
15152,xxx
15153,xxx
15154,xxx
15155,xxx
15156,xxx
15157,xxx
15158,xxx
15159,xxx
15160,xxx
15161,xxx
15162,xxx
15163,xxx
15164,xxx
15165,xxx
15166,xxx
15167,xxx
15168,xxx
15169,xxx
15170,xxx
15171,xxx
15172,xxx
15173,xxx
15174,xxx
15175,xxx
15176,xxx
15177,xxx
15178,xxx
15179,xxx
15180,xxx
15181,xxx
15182,xxx
15183,xxx
15184,xxx
15185,xxx
15186,xxx
15187,xxx
15188,xxx
15189,xxx
15190,xxx
15191,xxx
15192,xxx
15193,xxx
15194,xxx
15195,xxx
15196,xxx
15197,xxx
15198,xxx
15199,xxx
15200,xxx
15201,xxx
15202,xxx
15203,xxx
15204,xxx
15205,xxx
15206,xxx
15207,xxx
15208,xxx
15209,xxx
15210,xxx
15211,xxx
15212,xxx
15213,xxx
15214,xxx
15215,xxx
15216,xxx
15217,xxx
15218,xxx
15219,xxx
15220,xxx
15221,xxx
15222,xxx
15223,xxx
15224,xxx
15225,xxx
15226,xxx
15227,xxx
15228,xxx
15229,xxx
15230,xxx
15231,xxx
15232,xxx
15233,xxx
15234,xxx
15235,xxx
15236,xxx
15237,xxx
15238,xxx
15239,xxx
15240,xxx
15241,xxx
15242,xxx
15243,xxx
15244,xxx
15245,xxx
15246,xxx
15247,xxx
15248,xxx
15249,xxx
15250,xxx
15251,xxx
15252,xxx
15253,xxx
15254,xxx
15255,xxx
15256,xxx
15257,xxx
15258,xxx
15259,xxx
15260,xxx
15261,xxx
15262,xxx
15263,xxx
15264,xxx
15265,xxx
15266,xxx
15267,xxx
15268,xxx
15269,xxx
15270,xxx
15271,xxx
15272,xxx
15273,xxx
15274,xxx
15275,xxx
15276,xxx
15277,xxx
15278,xxx
15279,xxx
15280,xxx
15281,xxx
15282,xxx
15283,xxx
15284,xxx
15285,xxx
15286,xxx
15287,xxx
15288,xxx
15289,xxx
15290,xxx
15291,xxx
15292,xxx
15293,xxx
15294,xxx
15295,xxx
15296,xxx
15297,xxx
15298,xxx
15299,xxx
15300,xxx
15301,xxx
15302,xxx
15303,xxx
15304,xxx
15305,xxx
15306,xxx
15307,xxx
15308,xxx
15309,xxx
15310,xxx
15311,xxx
15312,xxx
15313,xxx
15314,xxx
15315,xxx
15316,xxx
15317,xxx
15318,xxx
15319,xxx
15320,xxx
15321,xxx
15322,xxx
15323,xxx
15324,xxx
15325,xxx
15326,xxx
15327,xxx
15328,xxx
15329,xxx
15330,xxx
15331,xxx
15332,xxx
15333,xxx
15334,xxx
15335,xxx
15336,xxx
15337,xxx
15338,xxx
15339,xxx
15340,xxx
15341,xxx
15342,xxx
15343,xxx
15344,xxx
15345,xxx
15346,xxx
15347,xxx
15348,xxx
15349,xxx
15350,xxx
15351,xxx
15352,xxx
15353,xxx
15354,xxx
15355,xxx
15356,xxx
15357,xxx
15358,xxx
15359,xxx
15360,xxx
15361,xxx
15362,xxx
15363,xxx
15364,xxx
15365,xxx
15366,xxx
15367,xxx
15368,xxx
15369,xxx
15370,xxx
15371,xxx
15372,xxx
15373,xxx
15374,xxx
15375,xxx
15376,xxx
15377,xxx
15378,xxx
15379,xxx
15380,xxx
15381,xxx
15382,xxx
15383,xxx
15384,xxx
15385,xxx
15386,xxx
15387,xxx
15388,xxx
15389,xxx
15390,xxx
15391,xxx
15392,xxx
15393,xxx
15394,xxx
15395,xxx
15396,xxx
15397,xxx
15398,xxx
15399,xxx
15400,xxx
15401,xxx
15402,xxx
15403,xxx
15404,xxx
15405,xxx
15406,xxx
15407,xxx
15408,xxx
15409,xxx
15410,xxx
15411,xxx
15412,xxx
15413,xxx
15414,xxx
15415,xxx
15416,xxx
15417,xxx
15418,xxx
15419,xxx
15420,xxx
15421,xxx
15422,xxx
15423,xxx
15424,xxx
15425,xxx
15426,xxx
15427,xxx
15428,xxx
15429,xxx
15430,xxx
15431,xxx
15432,xxx
15433,xxx
15434,xxx
15435,xxx
15436,xxx
15437,xxx
15438,xxx
15439,xxx
15440,xxx
15441,xxx
15442,xxx
15443,xxx
15444,xxx
15445,xxx
15446,xxx
15447,xxx
15448,xxx
15449,xxx
15450,xxx
15451,xxx
15452,xxx
15453,xxx
15454,xxx
15455,xxx
15456,xxx
15457,xxx
15458,xxx
15459,xxx
15460,xxx
15461,xxx
15462,xxx
15463,xxx
15464,xxx
15465,xxx
15466,xxx
15467,xxx
15468,xxx
15469,xxx
15470,xxx
15471,xxx
15472,xxx
15473,xxx
15474,xxx
15475,xxx
15476,xxx
15477,xxx
15478,xxx
15479,xxx
15480,xxx
15481,xxx
15482,xxx
15483,xxx
15484,xxx
15485,xxx
15486,xxx
15487,xxx
15488,xxx
15489,xxx
15490,xxx
15491,xxx
15492,xxx
15493,xxx
15494,xxx
15495,xxx
15496,xxx
15497,xxx
15498,xxx
15499,xxx
15500,xxx
15501,xxx
15502,xxx
15503,xxx
15504,xxx
15505,xxx
15506,xxx
15507,xxx
15508,xxx
15509,xxx
15510,xxx
15511,xxx
15512,xxx
15513,xxx
15514,xxx
15515,xxx
15516,xxx
15517,xxx
15518,xxx
15519,xxx
15520,xxx
15521,xxx
15522,xxx
15523,xxx
15524,xxx
15525,xxx
15526,xxx
15527,xxx
15528,xxx
15529,xxx
15530,xxx
15531,xxx
15532,xxx
15533,xxx
15534,xxx
15535,xxx
15536,xxx
15537,xxx
15538,xxx
15539,xxx
15540,xxx
15541,xxx
15542,xxx
15543,xxx
15544,xxx
15545,xxx
15546,xxx
15547,xxx
15548,xxx
15549,xxx
15550,xxx
15551,xxx
15552,xxx
15553,xxx
15554,xxx
15555,xxx
15556,xxx
15557,xxx
15558,xxx
15559,xxx
15560,xxx
15561,xxx
15562,xxx
15563,xxx
15564,xxx
15565,xxx
15566,xxx
15567,xxx
15568,xxx
15569,xxx
15570,xxx
15571,xxx
15572,xxx
15573,xxx
15574,xxx
15575,xxx
15576,xxx
15577,xxx
15578,xxx
15579,xxx
15580,xxx
15581,xxx
15582,xxx
15583,xxx
15584,xxx
15585,xxx
15586,xxx
15587,xxx
15588,xxx
15589,xxx
15590,xxx
15591,xxx
15592,xxx
15593,xxx
15594,xxx
15595,xxx
15596,xxx
15597,xxx
15598,xxx
15599,xxx
15600,xxx
15601,xxx
15602,xxx
15603,xxx
15604,xxx
15605,xxx
15606,xxx
15607,xxx
15608,xxx
15609,xxx
15610,xxx
15611,xxx
15612,xxx
15613,xxx
15614,xxx
15615,xxx
15616,xxx
15617,xxx
15618,xxx
15619,xxx
15620,xxx
15621,xxx
15622,xxx
15623,xxx
15624,xxx
15625,xxx
15626,xxx
15627,xxx
15628,xxx
15629,xxx
15630,xxx
15631,xxx
15632,xxx
15633,xxx
15634,xxx
15635,xxx
15636,xxx
15637,xxx
15638,xxx
15639,xxx
15640,xxx
15641,xxx
15642,xxx
15643,xxx
15644,xxx
15645,xxx
15646,xxx
15647,xxx
15648,xxx
15649,xxx
15650,xxx
15651,xxx
15652,xxx
15653,xxx
15654,xxx
15655,xxx
15656,xxx
15657,xxx
15658,xxx
15659,xxx
15660,xxx
15661,xxx
15662,xxx
15663,xxx
15664,xxx
15665,xxx
15666,xxx
15667,xxx
15668,xxx
15669,xxx
15670,xxx
15671,xxx
15672,xxx
15673,xxx
15674,xxx
15675,xxx
15676,xxx
15677,xxx
15678,xxx
15679,xxx
15680,xxx
15681,xxx
15682,xxx
15683,xxx
15684,xxx
15685,xxx
15686,xxx
15687,xxx
15688,xxx
15689,xxx
15690,xxx
15691,xxx
15692,xxx
15693,xxx
15694,xxx
15695,xxx
15696,xxx
15697,xxx
15698,xxx
15699,xxx
15700,xxx
15701,xxx
15702,xxx
15703,xxx
15704,xxx
15705,xxx
15706,xxx
15707,xxx
15708,xxx
15709,xxx
15710,xxx
15711,xxx
15712,xxx
15713,xxx
15714,xxx
15715,xxx
15716,xxx
15717,xxx
15718,xxx
15719,xxx
15720,xxx
15721,xxx
15722,xxx
15723,xxx
15724,xxx
15725,xxx
15726,xxx
15727,xxx
15728,xxx
15729,xxx
15730,xxx
15731,xxx
15732,xxx
15733,xxx
15734,xxx
15735,xxx
15736,xxx
15737,xxx
15738,xxx
15739,xxx
15740,xxx
15741,xxx
15742,xxx
15743,xxx
15744,xxx
15745,xxx
15746,xxx
15747,xxx
15748,xxx
15749,xxx
15750,xxx
15751,xxx
15752,xxx
15753,xxx
15754,xxx
15755,xxx
15756,xxx
15757,xxx
15758,xxx
15759,xxx
15760,xxx
15761,xxx
15762,xxx
15763,xxx
15764,xxx
15765,xxx
15766,xxx
15767,xxx
15768,xxx
15769,xxx
15770,xxx
15771,xxx
15772,xxx
15773,xxx
15774,xxx
15775,xxx
15776,xxx
15777,xxx
15778,xxx
15779,xxx
15780,xxx
15781,xxx
15782,xxx
15783,xxx
15784,xxx
15785,xxx
15786,xxx
15787,xxx
15788,xxx
15789,xxx
15790,xxx
15791,xxx
15792,xxx
15793,xxx
15794,xxx
15795,xxx
15796,xxx
15797,xxx
15798,xxx
15799,xxx
15800,xxx
15801,xxx
15802,xxx
15803,xxx
15804,xxx
15805,xxx
15806,xxx
15807,xxx
15808,xxx
15809,xxx
15810,xxx
15811,xxx
15812,xxx
15813,xxx
15814,xxx
15815,xxx
15816,xxx
15817,xxx
15818,xxx
15819,xxx
15820,xxx
15821,xxx
15822,xxx
15823,xxx
15824,xxx
15825,xxx
15826,xxx
15827,xxx
15828,xxx
15829,xxx
15830,xxx
15831,xxx
15832,xxx
15833,xxx
15834,xxx
15835,xxx
15836,xxx
15837,xxx
15838,xxx
15839,xxx
15840,xxx
15841,xxx
15842,xxx
15843,xxx
15844,xxx
15845,xxx
15846,xxx
15847,xxx
15848,xxx
15849,xxx
15850,xxx
15851,xxx
15852,xxx
15853,xxx
15854,xxx
15855,xxx
15856,xxx
15857,xxx
15858,xxx
15859,xxx
15860,xxx
15861,xxx
15862,xxx
15863,xxx
15864,xxx
15865,xxx
15866,xxx
15867,xxx
15868,xxx
15869,xxx
15870,xxx
15871,xxx
15872,xxx
15873,xxx
15874,xxx
15875,xxx
15876,xxx
15877,xxx
15878,xxx
15879,xxx
15880,xxx
15881,xxx
15882,xxx
15883,xxx
15884,xxx
15885,xxx
15886,xxx
15887,xxx
15888,xxx
15889,xxx
15890,xxx
15891,xxx
15892,xxx
15893,xxx
15894,xxx
15895,xxx
15896,xxx
15897,xxx
15898,xxx
15899,xxx
15900,xxx
15901,xxx
15902,xxx
15903,xxx
15904,xxx
15905,xxx
15906,xxx
15907,xxx
15908,xxx
15909,xxx
15910,xxx
15911,xxx
15912,xxx
15913,xxx
15914,xxx
15915,xxx
15916,xxx
15917,xxx
15918,xxx
15919,xxx
15920,xxx
15921,xxx
15922,xxx
15923,xxx
15924,xxx
15925,xxx
15926,xxx
15927,xxx
15928,xxx
15929,xxx
15930,xxx
15931,xxx
15932,xxx
15933,xxx
15934,xxx
15935,xxx
15936,xxx
15937,xxx
15938,xxx
15939,xxx
15940,xxx
15941,xxx
15942,xxx
15943,xxx
15944,xxx
15945,xxx
15946,xxx
15947,xxx
15948,xxx
15949,xxx
15950,xxx
15951,xxx
15952,xxx
15953,xxx
15954,xxx
15955,xxx
15956,xxx
15957,xxx
15958,xxx
15959,xxx
15960,xxx
15961,xxx
15962,xxx
15963,xxx
15964,xxx
15965,xxx
15966,xxx
15967,xxx
15968,xxx
15969,xxx
15970,xxx
15971,xxx
15972,xxx
15973,xxx
15974,xxx
15975,xxx
15976,xxx
15977,xxx
15978,xxx
15979,xxx
15980,xxx
15981,xxx
15982,xxx
15983,xxx
15984,xxx
15985,xxx
15986,xxx
15987,xxx
15988,xxx
15989,xxx
15990,xxx
15991,xxx
15992,xxx
15993,xxx
15994,xxx
15995,xxx
15996,xxx
15997,xxx
15998,xxx
15999,xxx
16000,xxx
16001,xxx
16002,xxx
16003,xxx
16004,xxx
16005,xxx
16006,xxx
16007,xxx
16008,xxx
16009,xxx
16010,xxx
16011,xxx
16012,xxx
16013,xxx
16014,xxx
16015,xxx
16016,xxx
16017,xxx
16018,xxx
16019,xxx
16020,xxx
16021,xxx
16022,xxx
16023,xxx
16024,xxx
16025,xxx
16026,xxx
16027,xxx
16028,xxx
16029,xxx
16030,xxx
16031,xxx
16032,xxx
16033,xxx
16034,xxx
16035,xxx
16036,xxx
16037,xxx
16038,xxx
16039,xxx
16040,xxx
16041,xxx
16042,xxx
16043,xxx
16044,xxx
16045,xxx
16046,xxx
16047,xxx
16048,xxx
16049,xxx
16050,xxx
16051,xxx
16052,xxx
16053,xxx
16054,xxx
16055,xxx
16056,xxx
16057,xxx
16058,xxx
16059,xxx
16060,xxx
16061,xxx
16062,xxx
16063,xxx
16064,xxx
16065,xxx
16066,xxx
16067,xxx
16068,xxx
16069,xxx
16070,xxx
16071,xxx
16072,xxx
16073,xxx
16074,xxx
16075,xxx
16076,xxx
16077,xxx
16078,xxx
16079,xxx
16080,xxx
16081,xxx
16082,xxx
16083,xxx
16084,xxx
16085,xxx
16086,xxx
16087,xxx
16088,xxx
16089,xxx
16090,xxx
16091,xxx
16092,xxx
16093,xxx
16094,xxx
16095,xxx
16096,xxx
16097,xxx
16098,xxx
16099,xxx
16100,xxx
16101,xxx
16102,xxx
16103,xxx
16104,xxx
16105,xxx
16106,xxx
16107,xxx
16108,xxx
16109,xxx
16110,xxx
16111,xxx
16112,xxx
16113,xxx
16114,xxx
16115,xxx
16116,xxx
16117,xxx
16118,xxx
16119,xxx
16120,xxx
16121,xxx
16122,xxx
16123,xxx
16124,xxx
16125,xxx
16126,xxx
16127,xxx
16128,xxx
16129,xxx
16130,xxx
16131,xxx
16132,xxx
16133,xxx
16134,xxx
16135,xxx
16136,xxx
16137,xxx
16138,xxx
16139,xxx
16140,xxx
16141,xxx
16142,xxx
16143,xxx
16144,xxx
16145,xxx
16146,xxx
16147,xxx
16148,xxx
16149,xxx
16150,xxx
16151,xxx
16152,xxx
16153,xxx
16154,xxx
16155,xxx
16156,xxx
16157,xxx
16158,xxx
16159,xxx
16160,xxx
16161,xxx
16162,xxx
16163,xxx
16164,xxx
16165,xxx
16166,xxx
16167,xxx
16168,xxx
16169,xxx
16170,xxx
16171,xxx
16172,xxx
16173,xxx
16174,xxx
16175,xxx
16176,xxx
16177,xxx
16178,xxx
16179,xxx
16180,xxx
16181,xxx
16182,xxx
16183,xxx
16184,xxx
16185,xxx
16186,xxx
16187,xxx
16188,xxx
16189,xxx
16190,xxx
16191,xxx
16192,xxx
16193,xxx
16194,xxx
16195,xxx
16196,xxx
16197,xxx
16198,xxx
16199,xxx
16200,xxx
16201,xxx
16202,xxx
16203,xxx
16204,xxx
16205,xxx
16206,xxx
16207,xxx
16208,xxx
16209,xxx
16210,xxx
16211,xxx
16212,xxx
16213,xxx
16214,xxx
16215,xxx
16216,xxx
16217,xxx
16218,xxx
16219,xxx
16220,xxx
16221,xxx
16222,xxx
16223,xxx
16224,xxx
16225,xxx
16226,xxx
16227,xxx
16228,xxx
16229,xxx
16230,xxx
16231,xxx
16232,xxx
16233,xxx
16234,xxx
16235,xxx
16236,xxx
16237,xxx
16238,xxx
16239,xxx
16240,xxx
16241,xxx
16242,xxx
16243,xxx
16244,xxx
16245,xxx
16246,xxx
16247,xxx
16248,xxx
16249,xxx
16250,xxx
16251,xxx
16252,xxx
16253,xxx
16254,xxx
16255,xxx
16256,xxx
16257,xxx
16258,xxx
16259,xxx
16260,xxx
16261,xxx
16262,xxx
16263,xxx
16264,xxx
16265,xxx
16266,xxx
16267,xxx
16268,xxx
16269,xxx
16270,xxx
16271,xxx
16272,xxx
16273,xxx
16274,xxx
16275,xxx
16276,xxx
16277,xxx
16278,xxx
16279,xxx
16280,xxx
16281,xxx
16282,xxx
16283,xxx
16284,xxx
16285,xxx
16286,xxx
16287,xxx
16288,xxx
16289,xxx
16290,xxx
16291,xxx
16292,xxx
16293,xxx
16294,xxx
16295,xxx
16296,xxx
16297,xxx
16298,xxx
16299,xxx
16300,xxx
16301,xxx
16302,xxx
16303,xxx
16304,xxx
16305,xxx
16306,xxx
16307,xxx
16308,xxx
16309,xxx
16310,xxx
16311,xxx
16312,xxx
16313,xxx
16314,xxx
16315,xxx
16316,xxx
16317,xxx
16318,xxx
16319,xxx
16320,xxx
16321,xxx
16322,xxx
16323,xxx
16324,xxx
16325,xxx
16326,xxx
16327,xxx
16328,xxx
16329,xxx
16330,xxx
16331,xxx
16332,xxx
16333,xxx
16334,xxx
16335,xxx
16336,xxx
16337,xxx
16338,xxx
16339,xxx
16340,xxx
16341,xxx
16342,xxx
16343,xxx
16344,xxx
16345,xxx
16346,xxx
16347,xxx
16348,xxx
16349,xxx
16350,xxx
16351,xxx
16352,xxx
16353,xxx
16354,xxx
16355,xxx
16356,xxx
16357,xxx
16358,xxx
16359,xxx
16360,xxx
16361,xxx
16362,xxx
16363,xxx
16364,xxx
16365,xxx
16366,xxx
16367,xxx
16368,xxx
16369,xxx
16370,xxx
16371,xxx
16372,xxx
16373,xxx
16374,xxx
16375,xxx
16376,xxx
16377,xxx
16378,xxx
16379,xxx
16380,xxx
16381,xxx
16382,xxx
16383,xxx
16384,xxx
16385,xxx
16386,xxx
16387,xxx
16388,xxx
16389,xxx
16390,xxx
16391,xxx
16392,xxx
16393,xxx
16394,xxx
16395,xxx
16396,xxx
16397,xxx
16398,xxx
16399,xxx
16400,xxx
16401,xxx
16402,xxx
16403,xxx
16404,xxx
16405,xxx
16406,xxx
16407,xxx
16408,xxx
16409,xxx
16410,xxx
16411,xxx
16412,xxx
16413,xxx
16414,xxx
16415,xxx
16416,xxx
16417,xxx
16418,xxx
16419,xxx
16420,xxx
16421,xxx
16422,xxx
16423,xxx
16424,xxx
16425,xxx
16426,xxx
16427,xxx
16428,xxx
16429,xxx
16430,xxx
16431,xxx
16432,xxx
16433,xxx
16434,xxx
16435,xxx
16436,xxx
16437,xxx
16438,xxx
16439,xxx
16440,xxx
16441,xxx
16442,xxx
16443,xxx
16444,xxx
16445,xxx
16446,xxx
16447,xxx
16448,xxx
16449,xxx
16450,xxx
16451,xxx
16452,xxx
16453,xxx
16454,xxx
16455,xxx
16456,xxx
16457,xxx
16458,xxx
16459,xxx
16460,xxx
16461,xxx
16462,xxx
16463,xxx
16464,xxx
16465,xxx
16466,xxx
16467,xxx
16468,xxx
16469,xxx
16470,xxx
16471,xxx
16472,xxx
16473,xxx
16474,xxx
16475,xxx
16476,xxx
16477,xxx
16478,xxx
16479,xxx
16480,xxx
16481,xxx
16482,xxx
16483,xxx
16484,xxx
16485,xxx
16486,xxx
16487,xxx
16488,xxx
16489,xxx
16490,xxx
16491,xxx
16492,xxx
16493,xxx
16494,xxx
16495,xxx
16496,xxx
16497,xxx
16498,xxx
16499,xxx
16500,xxx
16501,xxx
16502,xxx
16503,xxx
16504,xxx
16505,xxx
16506,xxx
16507,xxx
16508,xxx
16509,xxx
16510,xxx
16511,xxx
16512,xxx
16513,xxx
16514,xxx
16515,xxx
16516,xxx
16517,xxx
16518,xxx
16519,xxx
16520,xxx
16521,xxx
16522,xxx
16523,xxx
16524,xxx
16525,xxx
16526,xxx
16527,xxx
16528,xxx
16529,xxx
16530,xxx
16531,xxx
16532,xxx
16533,xxx
16534,xxx
16535,xxx
16536,xxx
16537,xxx
16538,xxx
16539,xxx
16540,xxx
16541,xxx
16542,xxx
16543,xxx
16544,xxx
16545,xxx
16546,xxx
16547,xxx
16548,xxx
16549,xxx
16550,xxx
16551,xxx
16552,xxx
16553,xxx
16554,xxx
16555,xxx
16556,xxx
16557,xxx
16558,xxx
16559,xxx
16560,xxx
16561,xxx
16562,xxx
16563,xxx
16564,xxx
16565,xxx
16566,xxx
16567,xxx
16568,xxx
16569,xxx
16570,xxx
16571,xxx
16572,xxx
16573,xxx
16574,xxx
16575,xxx
16576,xxx
16577,xxx
16578,xxx
16579,xxx
16580,xxx
16581,xxx
16582,xxx
16583,xxx
16584,xxx
16585,xxx
16586,xxx
16587,xxx
16588,xxx
16589,xxx
16590,xxx
16591,xxx
16592,xxx
16593,xxx
16594,xxx
16595,xxx
16596,xxx
16597,xxx
16598,xxx
16599,xxx
16600,xxx
16601,xxx
16602,xxx
16603,xxx
16604,xxx
16605,xxx
16606,xxx
16607,xxx
16608,xxx
16609,xxx
16610,xxx
16611,xxx
16612,xxx
16613,xxx
16614,xxx
16615,xxx
16616,xxx
16617,xxx
16618,xxx
16619,xxx
16620,xxx
16621,xxx
16622,xxx
16623,xxx
16624,xxx
16625,xxx
16626,xxx
16627,xxx
16628,xxx
16629,xxx
16630,xxx
16631,xxx
16632,xxx
16633,xxx
16634,xxx
16635,xxx
16636,xxx
16637,xxx
16638,xxx
16639,xxx
16640,xxx
16641,xxx
16642,xxx
16643,xxx
16644,xxx
16645,xxx
16646,xxx
16647,xxx
16648,xxx
16649,xxx
16650,xxx
16651,xxx
16652,xxx
16653,xxx
16654,xxx
16655,xxx
16656,xxx
16657,xxx
16658,xxx
16659,xxx
16660,xxx
16661,xxx
16662,xxx
16663,xxx
16664,xxx
16665,xxx
16666,xxx
16667,xxx
16668,xxx
16669,xxx
16670,xxx
16671,xxx
16672,xxx
16673,xxx
16674,xxx
16675,xxx
16676,xxx
16677,xxx
16678,xxx
16679,xxx
16680,xxx
16681,xxx
16682,xxx
16683,xxx
16684,xxx
16685,xxx
16686,xxx
16687,xxx
16688,xxx
16689,xxx
16690,xxx
16691,xxx
16692,xxx
16693,xxx
16694,xxx
16695,xxx
16696,xxx
16697,xxx
16698,xxx
16699,xxx
16700,xxx
16701,xxx
16702,xxx
16703,xxx
16704,xxx
16705,xxx
16706,xxx
16707,xxx
16708,xxx
16709,xxx
16710,xxx
16711,xxx
16712,xxx
16713,xxx
16714,xxx
16715,xxx
16716,xxx
16717,xxx
16718,xxx
16719,xxx
16720,xxx
16721,xxx
16722,xxx
16723,xxx
16724,xxx
16725,xxx
16726,xxx
16727,xxx
16728,xxx
16729,xxx
16730,xxx
16731,xxx
16732,xxx
16733,xxx
16734,xxx
16735,xxx
16736,xxx
16737,xxx
16738,xxx
16739,xxx
16740,xxx
16741,xxx
16742,xxx
16743,xxx
16744,xxx
16745,xxx
16746,xxx
16747,xxx
16748,xxx
16749,xxx
16750,xxx
16751,xxx
16752,xxx
16753,xxx
16754,xxx
16755,xxx
16756,xxx
16757,xxx
16758,xxx
16759,xxx
16760,xxx
16761,xxx
16762,xxx
16763,xxx
16764,xxx
16765,xxx
16766,xxx
16767,xxx
16768,xxx
16769,xxx
16770,xxx
16771,xxx
16772,xxx
16773,xxx
16774,xxx
16775,xxx
16776,xxx
16777,xxx
16778,xxx
16779,xxx
16780,xxx
16781,xxx
16782,xxx
16783,xxx
16784,xxx
16785,xxx
16786,xxx
16787,xxx
16788,xxx
16789,xxx
16790,xxx
16791,xxx
16792,xxx
16793,xxx
16794,xxx
16795,xxx
16796,xxx
16797,xxx
16798,xxx
16799,xxx
16800,xxx
16801,xxx
16802,xxx
16803,xxx
16804,xxx
16805,xxx
16806,xxx
16807,xxx
16808,xxx
16809,xxx
16810,xxx
16811,xxx
16812,xxx
16813,xxx
16814,xxx
16815,xxx
16816,xxx
16817,xxx
16818,xxx
16819,xxx
16820,xxx
16821,xxx
16822,xxx
16823,xxx
16824,xxx
16825,xxx
16826,xxx
16827,xxx
16828,xxx
16829,xxx
16830,xxx
16831,xxx
16832,xxx
16833,xxx
16834,xxx
16835,xxx
16836,xxx
16837,xxx
16838,xxx
16839,xxx
16840,xxx
16841,xxx
16842,xxx
16843,xxx
16844,xxx
16845,xxx
16846,xxx
16847,xxx
16848,xxx
16849,xxx
16850,xxx
16851,xxx
16852,xxx
16853,xxx
16854,xxx
16855,xxx
16856,xxx
16857,xxx
16858,xxx
16859,xxx
16860,xxx
16861,xxx
16862,xxx
16863,xxx
16864,xxx
16865,xxx
16866,xxx
16867,xxx
16868,xxx
16869,xxx
16870,xxx
16871,xxx
16872,xxx
16873,xxx
16874,xxx
16875,xxx
16876,xxx
16877,xxx
16878,xxx
16879,xxx
16880,xxx
16881,xxx
16882,xxx
16883,xxx
16884,xxx
16885,xxx
16886,xxx
16887,xxx
16888,xxx
16889,xxx
16890,xxx
16891,xxx
16892,xxx
16893,xxx
16894,xxx
16895,xxx
16896,xxx
16897,xxx
16898,xxx
16899,xxx
16900,xxx
16901,xxx
16902,xxx
16903,xxx
16904,xxx
16905,xxx
16906,xxx
16907,xxx
16908,xxx
16909,xxx
16910,xxx
16911,xxx
16912,xxx
16913,xxx
16914,xxx
16915,xxx
16916,xxx
16917,xxx
16918,xxx
16919,xxx
16920,xxx
16921,xxx
16922,xxx
16923,xxx
16924,xxx
16925,xxx
16926,xxx
16927,xxx
16928,xxx
16929,xxx
16930,xxx
16931,xxx
16932,xxx
16933,xxx
16934,xxx
16935,xxx
16936,xxx
16937,xxx
16938,xxx
16939,xxx
16940,xxx
16941,xxx
16942,xxx
16943,xxx
16944,xxx
16945,xxx
16946,xxx
16947,xxx
16948,xxx
16949,xxx
16950,xxx
16951,xxx
16952,xxx
16953,xxx
16954,xxx
16955,xxx
16956,xxx
16957,xxx
16958,xxx
16959,xxx
16960,xxx
16961,xxx
16962,xxx
16963,xxx
16964,xxx
16965,xxx
16966,xxx
16967,xxx
16968,xxx
16969,xxx
16970,xxx
16971,xxx
16972,xxx
16973,xxx
16974,xxx
16975,xxx
16976,xxx
16977,xxx
16978,xxx
16979,xxx
16980,xxx
16981,xxx
16982,xxx
16983,xxx
16984,xxx
16985,xxx
16986,xxx
16987,xxx
16988,xxx
16989,xxx
16990,xxx
16991,xxx
16992,xxx
16993,xxx
16994,xxx
16995,xxx
16996,xxx
16997,xxx
16998,xxx
16999,xxx
17000,xxx
17001,xxx
17002,xxx
17003,xxx
17004,xxx
17005,xxx
17006,xxx
17007,xxx
17008,xxx
17009,xxx
17010,xxx
17011,xxx
17012,xxx
17013,xxx
17014,xxx
17015,xxx
17016,xxx
17017,xxx
17018,xxx
17019,xxx
17020,xxx
17021,xxx
17022,xxx
17023,xxx
17024,xxx
17025,xxx
17026,xxx
17027,xxx
17028,xxx
17029,xxx
17030,xxx
17031,xxx
17032,xxx
17033,xxx
17034,xxx
17035,xxx
17036,xxx
17037,xxx
17038,xxx
17039,xxx
17040,xxx
17041,xxx
17042,xxx
17043,xxx
17044,xxx
17045,xxx
17046,xxx
17047,xxx
17048,xxx
17049,xxx
17050,xxx
17051,xxx
17052,xxx
17053,xxx
17054,xxx
17055,xxx
17056,xxx
17057,xxx
17058,xxx
17059,xxx
17060,xxx
17061,xxx
17062,xxx
17063,xxx
17064,xxx
17065,xxx
17066,xxx
17067,xxx
17068,xxx
17069,xxx
17070,xxx
17071,xxx
17072,xxx
17073,xxx
17074,xxx
17075,xxx
17076,xxx
17077,xxx
17078,xxx
17079,xxx
17080,xxx
17081,xxx
17082,xxx
17083,xxx
17084,xxx
17085,xxx
17086,xxx
17087,xxx
17088,xxx
17089,xxx
17090,xxx
17091,xxx
17092,xxx
17093,xxx
17094,xxx
17095,xxx
17096,xxx
17097,xxx
17098,xxx
17099,xxx
17100,xxx
17101,xxx
17102,xxx
17103,xxx
17104,xxx
17105,xxx
17106,xxx
17107,xxx
17108,xxx
17109,xxx
17110,xxx
17111,xxx
17112,xxx
17113,xxx
17114,xxx
17115,xxx
17116,xxx
17117,xxx
17118,xxx
17119,xxx
17120,xxx
17121,xxx
17122,xxx
17123,xxx
17124,xxx
17125,xxx
17126,xxx
17127,xxx
17128,xxx
17129,xxx
17130,xxx
17131,xxx
17132,xxx
17133,xxx
17134,xxx
17135,xxx
17136,xxx
17137,xxx
17138,xxx
17139,xxx
17140,xxx
17141,xxx
17142,xxx
17143,xxx
17144,xxx
17145,xxx
17146,xxx
17147,xxx
17148,xxx
17149,xxx
17150,xxx
17151,xxx
17152,xxx
17153,xxx
17154,xxx
17155,xxx
17156,xxx
17157,xxx
17158,xxx
17159,xxx
17160,xxx
17161,xxx
17162,xxx
17163,xxx
17164,xxx
17165,xxx
17166,xxx
17167,xxx
17168,xxx
17169,xxx
17170,xxx
17171,xxx
17172,xxx
17173,xxx
17174,xxx
17175,xxx
17176,xxx
17177,xxx
17178,xxx
17179,xxx
17180,xxx
17181,xxx
17182,xxx
17183,xxx
17184,xxx
17185,xxx
17186,xxx
17187,xxx
17188,xxx
17189,xxx
17190,xxx
17191,xxx
17192,xxx
17193,xxx
17194,xxx
17195,xxx
17196,xxx
17197,xxx
17198,xxx
17199,xxx
17200,xxx
17201,xxx
17202,xxx
17203,xxx
17204,xxx
17205,xxx
17206,xxx
17207,xxx
17208,xxx
17209,xxx
17210,xxx
17211,xxx
17212,xxx
17213,xxx
17214,xxx
17215,xxx
17216,xxx
17217,xxx
17218,xxx
17219,xxx
17220,xxx
17221,xxx
17222,xxx
17223,xxx
17224,xxx
17225,xxx
17226,xxx
17227,xxx
17228,xxx
17229,xxx
17230,xxx
17231,xxx
17232,xxx
17233,xxx
17234,xxx
17235,xxx
17236,xxx
17237,xxx
17238,xxx
17239,xxx
17240,xxx
17241,xxx
17242,xxx
17243,xxx
17244,xxx
17245,xxx
17246,xxx
17247,xxx
17248,xxx
17249,xxx
17250,xxx
17251,xxx
17252,xxx
17253,xxx
17254,xxx
17255,xxx
17256,xxx
17257,xxx
17258,xxx
17259,xxx
17260,xxx
17261,xxx
17262,xxx
17263,xxx
17264,xxx
17265,xxx
17266,xxx
17267,xxx
17268,xxx
17269,xxx
17270,xxx
17271,xxx
17272,xxx
17273,xxx
17274,xxx
17275,xxx
17276,xxx
17277,xxx
17278,xxx
17279,xxx
17280,xxx
17281,xxx
17282,xxx
17283,xxx
17284,xxx
17285,xxx
17286,xxx
17287,xxx
17288,xxx
17289,xxx
17290,xxx
17291,xxx
17292,xxx
17293,xxx
17294,xxx
17295,xxx
17296,xxx
17297,xxx
17298,xxx
17299,xxx
17300,xxx
17301,xxx
17302,xxx
17303,xxx
17304,xxx
17305,xxx
17306,xxx
17307,xxx
17308,xxx
17309,xxx
17310,xxx
17311,xxx
17312,xxx
17313,xxx
17314,xxx
17315,xxx
17316,xxx
17317,xxx
17318,xxx
17319,xxx
17320,xxx
17321,xxx
17322,xxx
17323,xxx
17324,xxx
17325,xxx
17326,xxx
17327,xxx
17328,xxx
17329,xxx
17330,xxx
17331,xxx
17332,xxx
17333,xxx
17334,xxx
17335,xxx
17336,xxx
17337,xxx
17338,xxx
17339,xxx
17340,xxx
17341,xxx
17342,xxx
17343,xxx
17344,xxx
17345,xxx
17346,xxx
17347,xxx
17348,xxx
17349,xxx
17350,xxx
17351,xxx
17352,xxx
17353,xxx
17354,xxx
17355,xxx
17356,xxx
17357,xxx
17358,xxx
17359,xxx
17360,xxx
17361,xxx
17362,xxx
17363,xxx
17364,xxx
17365,xxx
17366,xxx
17367,xxx
17368,xxx
17369,xxx
17370,xxx
17371,xxx
17372,xxx
17373,xxx
17374,xxx
17375,xxx
17376,xxx
17377,xxx
17378,xxx
17379,xxx
17380,xxx
17381,xxx
17382,xxx
17383,xxx
17384,xxx
17385,xxx
17386,xxx
17387,xxx
17388,xxx
17389,xxx
17390,xxx
17391,xxx
17392,xxx
17393,xxx
17394,xxx
17395,xxx
17396,xxx
17397,xxx
17398,xxx
17399,xxx
17400,xxx
17401,xxx
17402,xxx
17403,xxx
17404,xxx
17405,xxx
17406,xxx
17407,xxx
17408,xxx
17409,xxx
17410,xxx
17411,xxx
17412,xxx
17413,xxx
17414,xxx
17415,xxx
17416,xxx
17417,xxx
17418,xxx
17419,xxx
17420,xxx
17421,xxx
17422,xxx
17423,xxx
17424,xxx
17425,xxx
17426,xxx
17427,xxx
17428,xxx
17429,xxx
17430,xxx
17431,xxx
17432,xxx
17433,xxx
17434,xxx
17435,xxx
17436,xxx
17437,xxx
17438,xxx
17439,xxx
17440,xxx
17441,xxx
17442,xxx
17443,xxx
17444,xxx
17445,xxx
17446,xxx
17447,xxx
17448,xxx
17449,xxx
17450,xxx
17451,xxx
17452,xxx
17453,xxx
17454,xxx
17455,xxx
17456,xxx
17457,xxx
17458,xxx
17459,xxx
17460,xxx
17461,xxx
17462,xxx
17463,xxx
17464,xxx
17465,xxx
17466,xxx
17467,xxx
17468,xxx
17469,xxx
17470,xxx
17471,xxx
17472,xxx
17473,xxx
17474,xxx
17475,xxx
17476,xxx
17477,xxx
17478,xxx
17479,xxx
17480,xxx
17481,xxx
17482,xxx
17483,xxx
17484,xxx
17485,xxx
17486,xxx
17487,xxx
17488,xxx
17489,xxx
17490,xxx
17491,xxx
17492,xxx
17493,xxx
17494,xxx
17495,xxx
17496,xxx
17497,xxx
17498,xxx
17499,xxx
17500,xxx
17501,xxx
17502,xxx
17503,xxx
17504,xxx
17505,xxx
17506,xxx
17507,xxx
17508,xxx
17509,xxx
17510,xxx
17511,xxx
17512,xxx
17513,xxx
17514,xxx
17515,xxx
17516,xxx
17517,xxx
17518,xxx
17519,xxx
17520,xxx
17521,xxx
17522,xxx
17523,xxx
17524,xxx
17525,xxx
17526,xxx
17527,xxx
17528,xxx
17529,xxx
17530,xxx
17531,xxx
17532,xxx
17533,xxx
17534,xxx
17535,xxx
17536,xxx
17537,xxx
17538,xxx
17539,xxx
17540,xxx
17541,xxx
17542,xxx
17543,xxx
17544,xxx
17545,xxx
17546,xxx
17547,xxx
17548,xxx
17549,xxx
17550,xxx
17551,xxx
17552,xxx
17553,xxx
17554,xxx
17555,xxx
17556,xxx
17557,xxx
17558,xxx
17559,xxx
17560,xxx
17561,xxx
17562,xxx
17563,xxx
17564,xxx
17565,xxx
17566,xxx
17567,xxx
17568,xxx
17569,xxx
17570,xxx
17571,xxx
17572,xxx
17573,xxx
17574,xxx
17575,xxx
17576,xxx
17577,xxx
17578,xxx
17579,xxx
17580,xxx
17581,xxx
17582,xxx
17583,xxx
17584,xxx
17585,xxx
17586,xxx
17587,xxx
17588,xxx
17589,xxx
17590,xxx
17591,xxx
17592,xxx
17593,xxx
17594,xxx
17595,xxx
17596,xxx
17597,xxx
17598,xxx
17599,xxx
17600,xxx
17601,xxx
17602,xxx
17603,xxx
17604,xxx
17605,xxx
17606,xxx
17607,xxx
17608,xxx
17609,xxx
17610,xxx
17611,xxx
17612,xxx
17613,xxx
17614,xxx
17615,xxx
17616,xxx
17617,xxx
17618,xxx
17619,xxx
17620,xxx
17621,xxx
17622,xxx
17623,xxx
17624,xxx
17625,xxx
17626,xxx
17627,xxx
17628,xxx
17629,xxx
17630,xxx
17631,xxx
17632,xxx
17633,xxx
17634,xxx
17635,xxx
17636,xxx
17637,xxx
17638,xxx
17639,xxx
17640,xxx
17641,xxx
17642,xxx
17643,xxx
17644,xxx
17645,xxx
17646,xxx
17647,xxx
17648,xxx
17649,xxx
17650,xxx
17651,xxx
17652,xxx
17653,xxx
17654,xxx
17655,xxx
17656,xxx
17657,xxx
17658,xxx
17659,xxx
17660,xxx
17661,xxx
17662,xxx
17663,xxx
17664,xxx
17665,xxx
17666,xxx
17667,xxx
17668,xxx
17669,xxx
17670,xxx
17671,xxx
17672,xxx
17673,xxx
17674,xxx
17675,xxx
17676,xxx
17677,xxx
17678,xxx
17679,xxx
17680,xxx
17681,xxx
17682,xxx
17683,xxx
17684,xxx
17685,xxx
17686,xxx
17687,xxx
17688,xxx
17689,xxx
17690,xxx
17691,xxx
17692,xxx
17693,xxx
17694,xxx
17695,xxx
17696,xxx
17697,xxx
17698,xxx
17699,xxx
17700,xxx
17701,xxx
17702,xxx
17703,xxx
17704,xxx
17705,xxx
17706,xxx
17707,xxx
17708,xxx
17709,xxx
17710,xxx
17711,xxx
17712,xxx
17713,xxx
17714,xxx
17715,xxx
17716,xxx
17717,xxx
17718,xxx
17719,xxx
17720,xxx
17721,xxx
17722,xxx
17723,xxx
17724,xxx
17725,xxx
17726,xxx
17727,xxx
17728,xxx
17729,xxx
17730,xxx
17731,xxx
17732,xxx
17733,xxx
17734,xxx
17735,xxx
17736,xxx
17737,xxx
17738,xxx
17739,xxx
17740,xxx
17741,xxx
17742,xxx
17743,xxx
17744,xxx
17745,xxx
17746,xxx
17747,xxx
17748,xxx
17749,xxx
17750,xxx
17751,xxx
17752,xxx
17753,xxx
17754,xxx
17755,xxx
17756,xxx
17757,xxx
17758,xxx
17759,xxx
17760,xxx
17761,xxx
17762,xxx
17763,xxx
17764,xxx
17765,xxx
17766,xxx
17767,xxx
17768,xxx
17769,xxx
17770,xxx
17771,xxx
17772,xxx
17773,xxx
17774,xxx
17775,xxx
17776,xxx
17777,xxx
17778,xxx
17779,xxx
17780,xxx
17781,xxx
17782,xxx
17783,xxx
17784,xxx
17785,xxx
17786,xxx
17787,xxx
17788,xxx
17789,xxx
17790,xxx
17791,xxx
17792,xxx
17793,xxx
17794,xxx
17795,xxx
17796,xxx
17797,xxx
17798,xxx
17799,xxx
17800,xxx
17801,xxx
17802,xxx
17803,xxx
17804,xxx
17805,xxx
17806,xxx
17807,xxx
17808,xxx
17809,xxx
17810,xxx
17811,xxx
17812,xxx
17813,xxx
17814,xxx
17815,xxx
17816,xxx
17817,xxx
17818,xxx
17819,xxx
17820,xxx
17821,xxx
17822,xxx
17823,xxx
17824,xxx
17825,xxx
17826,xxx
17827,xxx
17828,xxx
17829,xxx
17830,xxx
17831,xxx
17832,xxx
17833,xxx
17834,xxx
17835,xxx
17836,xxx
17837,xxx
17838,xxx
17839,xxx
17840,xxx
17841,xxx
17842,xxx
17843,xxx
17844,xxx
17845,xxx
17846,xxx
17847,xxx
17848,xxx
17849,xxx
17850,xxx
17851,xxx
17852,xxx
17853,xxx
17854,xxx
17855,xxx
17856,xxx
17857,xxx
17858,xxx
17859,xxx
17860,xxx
17861,xxx
17862,xxx
17863,xxx
17864,xxx
17865,xxx
17866,xxx
17867,xxx
17868,xxx
17869,xxx
17870,xxx
17871,xxx
17872,xxx
17873,xxx
17874,xxx
17875,xxx
17876,xxx
17877,xxx
17878,xxx
17879,xxx
17880,xxx
17881,xxx
17882,xxx
17883,xxx
17884,xxx
17885,xxx
17886,xxx
17887,xxx
17888,xxx
17889,xxx
17890,xxx
17891,xxx
17892,xxx
17893,xxx
17894,xxx
17895,xxx
17896,xxx
17897,xxx
17898,xxx
17899,xxx
17900,xxx
17901,xxx
17902,xxx
17903,xxx
17904,xxx
17905,xxx
17906,xxx
17907,xxx
17908,xxx
17909,xxx
17910,xxx
17911,xxx
17912,xxx
17913,xxx
17914,xxx
17915,xxx
17916,xxx
17917,xxx
17918,xxx
17919,xxx
17920,xxx
17921,xxx
17922,xxx
17923,xxx
17924,xxx
17925,xxx
17926,xxx
17927,xxx
17928,xxx
17929,xxx
17930,xxx
17931,xxx
17932,xxx
17933,xxx
17934,xxx
17935,xxx
17936,xxx
17937,xxx
17938,xxx
17939,xxx
17940,xxx
17941,xxx
17942,xxx
17943,xxx
17944,xxx
17945,xxx
17946,xxx
17947,xxx
17948,xxx
17949,xxx
17950,xxx
17951,xxx
17952,xxx
17953,xxx
17954,xxx
17955,xxx
17956,xxx
17957,xxx
17958,xxx
17959,xxx
17960,xxx
17961,xxx
17962,xxx
17963,xxx
17964,xxx
17965,xxx
17966,xxx
17967,xxx
17968,xxx
17969,xxx
17970,xxx
17971,xxx
17972,xxx
17973,xxx
17974,xxx
17975,xxx
17976,xxx
17977,xxx
17978,xxx
17979,xxx
17980,xxx
17981,xxx
17982,xxx
17983,xxx
17984,xxx
17985,xxx
17986,xxx
17987,xxx
17988,xxx
17989,xxx
17990,xxx
17991,xxx
17992,xxx
17993,xxx
17994,xxx
17995,xxx
17996,xxx
17997,xxx
17998,xxx
17999,xxx
18000,xxx
18001,xxx
18002,xxx
18003,xxx
18004,xxx
18005,xxx
18006,xxx
18007,xxx
18008,xxx
18009,xxx
18010,xxx
18011,xxx
18012,xxx
18013,xxx
18014,xxx
18015,xxx
18016,xxx
18017,xxx
18018,xxx
18019,xxx
18020,xxx
18021,xxx
18022,xxx
18023,xxx
18024,xxx
18025,xxx
18026,xxx
18027,xxx
18028,xxx
18029,xxx
18030,xxx
18031,xxx
18032,xxx
18033,xxx
18034,xxx
18035,xxx
18036,xxx
18037,xxx
18038,xxx
18039,xxx
18040,xxx
18041,xxx
18042,xxx
18043,xxx
18044,xxx
18045,xxx
18046,xxx
18047,xxx
18048,xxx
18049,xxx
18050,xxx
18051,xxx
18052,xxx
18053,xxx
18054,xxx
18055,xxx
18056,xxx
18057,xxx
18058,xxx
18059,xxx
18060,xxx
18061,xxx
18062,xxx
18063,xxx
18064,xxx
18065,xxx
18066,xxx
18067,xxx
18068,xxx
18069,xxx
18070,xxx
18071,xxx
18072,xxx
18073,xxx
18074,xxx
18075,xxx
18076,xxx
18077,xxx
18078,xxx
18079,xxx
18080,xxx
18081,xxx
18082,xxx
18083,xxx
18084,xxx
18085,xxx
18086,xxx
18087,xxx
18088,xxx
18089,xxx
18090,xxx
18091,xxx
18092,xxx
18093,xxx
18094,xxx
18095,xxx
18096,xxx
18097,xxx
18098,xxx
18099,xxx
18100,xxx
18101,xxx
18102,xxx
18103,xxx
18104,xxx
18105,xxx
18106,xxx
18107,xxx
18108,xxx
18109,xxx
18110,xxx
18111,xxx
18112,xxx
18113,xxx
18114,xxx
18115,xxx
18116,xxx
18117,xxx
18118,xxx
18119,xxx
18120,xxx
18121,xxx
18122,xxx
18123,xxx
18124,xxx
18125,xxx
18126,xxx
18127,xxx
18128,xxx
18129,xxx
18130,xxx
18131,xxx
18132,xxx
18133,xxx
18134,xxx
18135,xxx
18136,xxx
18137,xxx
18138,xxx
18139,xxx
18140,xxx
18141,xxx
18142,xxx
18143,xxx
18144,xxx
18145,xxx
18146,xxx
18147,xxx
18148,xxx
18149,xxx
18150,xxx
18151,xxx
18152,xxx
18153,xxx
18154,xxx
18155,xxx
18156,xxx
18157,xxx
18158,xxx
18159,xxx
18160,xxx
18161,xxx
18162,xxx
18163,xxx
18164,xxx
18165,xxx
18166,xxx
18167,xxx
18168,xxx
18169,xxx
18170,xxx
18171,xxx
18172,xxx
18173,xxx
18174,xxx
18175,xxx
18176,xxx
18177,xxx
18178,xxx
18179,xxx
18180,xxx
18181,xxx
18182,xxx
18183,xxx
18184,xxx
18185,xxx
18186,xxx
18187,xxx
18188,xxx
18189,xxx
18190,xxx
18191,xxx
18192,xxx
18193,xxx
18194,xxx
18195,xxx
18196,xxx
18197,xxx
18198,xxx
18199,xxx
18200,xxx
18201,xxx
18202,xxx
18203,xxx
18204,xxx
18205,xxx
18206,xxx
18207,xxx
18208,xxx
18209,xxx
18210,xxx
18211,xxx
18212,xxx
18213,xxx
18214,xxx
18215,xxx
18216,xxx
18217,xxx
18218,xxx
18219,xxx
18220,xxx
18221,xxx
18222,xxx
18223,xxx
18224,xxx
18225,xxx
18226,xxx
18227,xxx
18228,xxx
18229,xxx
18230,xxx
18231,xxx
18232,xxx
18233,xxx
18234,xxx
18235,xxx
18236,xxx
18237,xxx
18238,xxx
18239,xxx
18240,xxx
18241,xxx
18242,xxx
18243,xxx
18244,xxx
18245,xxx
18246,xxx
18247,xxx
18248,xxx
18249,xxx
18250,xxx
18251,xxx
18252,xxx
18253,xxx
18254,xxx
18255,xxx
18256,xxx
18257,xxx
18258,xxx
18259,xxx
18260,xxx
18261,xxx
18262,xxx
18263,xxx
18264,xxx
18265,xxx
18266,xxx
18267,xxx
18268,xxx
18269,xxx
18270,xxx
18271,xxx
18272,xxx
18273,xxx
18274,xxx
18275,xxx
18276,xxx
18277,xxx
18278,xxx
18279,xxx
18280,xxx
18281,xxx
18282,xxx
18283,xxx
18284,xxx
18285,xxx
18286,xxx
18287,xxx
18288,xxx
18289,xxx
18290,xxx
18291,xxx
18292,xxx
18293,xxx
18294,xxx
18295,xxx
18296,xxx
18297,xxx
18298,xxx
18299,xxx
18300,xxx
18301,xxx
18302,xxx
18303,xxx
18304,xxx
18305,xxx
18306,xxx
18307,xxx
18308,xxx
18309,xxx
18310,xxx
18311,xxx
18312,xxx
18313,xxx
18314,xxx
18315,xxx
18316,xxx
18317,xxx
18318,xxx
18319,xxx
18320,xxx
18321,xxx
18322,xxx
18323,xxx
18324,xxx
18325,xxx
18326,xxx
18327,xxx
18328,xxx
18329,xxx
18330,xxx
18331,xxx
18332,xxx
18333,xxx
18334,xxx
18335,xxx
18336,xxx
18337,xxx
18338,xxx
18339,xxx
18340,xxx
18341,xxx
18342,xxx
18343,xxx
18344,xxx
18345,xxx
18346,xxx
18347,xxx
18348,xxx
18349,xxx
18350,xxx
18351,xxx
18352,xxx
18353,xxx
18354,xxx
18355,xxx
18356,xxx
18357,xxx
18358,xxx
18359,xxx
18360,xxx
18361,xxx
18362,xxx
18363,xxx
18364,xxx
18365,xxx
18366,xxx
18367,xxx
18368,xxx
18369,xxx
18370,xxx
18371,xxx
18372,xxx
18373,xxx
18374,xxx
18375,xxx
18376,xxx
18377,xxx
18378,xxx
18379,xxx
18380,xxx
18381,xxx
18382,xxx
18383,xxx
18384,xxx
18385,xxx
18386,xxx
18387,xxx
18388,xxx
18389,xxx
18390,xxx
18391,xxx
18392,xxx
18393,xxx
18394,xxx
18395,xxx
18396,xxx
18397,xxx
18398,xxx
18399,xxx
18400,xxx
18401,xxx
18402,xxx
18403,xxx
18404,xxx
18405,xxx
18406,xxx
18407,xxx
18408,xxx
18409,xxx
18410,xxx
18411,xxx
18412,xxx
18413,xxx
18414,xxx
18415,xxx
18416,xxx
18417,xxx
18418,xxx
18419,xxx
18420,xxx
18421,xxx
18422,xxx
18423,xxx
18424,xxx
18425,xxx
18426,xxx
18427,xxx
18428,xxx
18429,xxx
18430,xxx
18431,xxx
18432,xxx
18433,xxx
18434,xxx
18435,xxx
18436,xxx
18437,xxx
18438,xxx
18439,xxx
18440,xxx
18441,xxx
18442,xxx
18443,xxx
18444,xxx
18445,xxx
18446,xxx
18447,xxx
18448,xxx
18449,xxx
18450,xxx
18451,xxx
18452,xxx
18453,xxx
18454,xxx
18455,xxx
18456,xxx
18457,xxx
18458,xxx
18459,xxx
18460,xxx
18461,xxx
18462,xxx
18463,xxx
18464,xxx
18465,xxx
18466,xxx
18467,xxx
18468,xxx
18469,xxx
18470,xxx
18471,xxx
18472,xxx
18473,xxx
18474,xxx
18475,xxx
18476,xxx
18477,xxx
18478,xxx
18479,xxx
18480,xxx
18481,xxx
18482,xxx
18483,xxx
18484,xxx
18485,xxx
18486,xxx
18487,xxx
18488,xxx
18489,xxx
18490,xxx
18491,xxx
18492,xxx
18493,xxx
18494,xxx
18495,xxx
18496,xxx
18497,xxx
18498,xxx
18499,xxx
18500,xxx
18501,xxx
18502,xxx
18503,xxx
18504,xxx
18505,xxx
18506,xxx
18507,xxx
18508,xxx
18509,xxx
18510,xxx
18511,xxx
18512,xxx
18513,xxx
18514,xxx
18515,xxx
18516,xxx
18517,xxx
18518,xxx
18519,xxx
18520,xxx
18521,xxx
18522,xxx
18523,xxx
18524,xxx
18525,xxx
18526,xxx
18527,xxx
18528,xxx
18529,xxx
18530,xxx
18531,xxx
18532,xxx
18533,xxx
18534,xxx
18535,xxx
18536,xxx
18537,xxx
18538,xxx
18539,xxx
18540,xxx
18541,xxx
18542,xxx
18543,xxx
18544,xxx
18545,xxx
18546,xxx
18547,xxx
18548,xxx
18549,xxx
18550,xxx
18551,xxx
18552,xxx
18553,xxx
18554,xxx
18555,xxx
18556,xxx
18557,xxx
18558,xxx
18559,xxx
18560,xxx
18561,xxx
18562,xxx
18563,xxx
18564,xxx
18565,xxx
18566,xxx
18567,xxx
18568,xxx
18569,xxx
18570,xxx
18571,xxx
18572,xxx
18573,xxx
18574,xxx
18575,xxx
18576,xxx
18577,xxx
18578,xxx
18579,xxx
18580,xxx
18581,xxx
18582,xxx
18583,xxx
18584,xxx
18585,xxx
18586,xxx
18587,xxx
18588,xxx
18589,xxx
18590,xxx
18591,xxx
18592,xxx
18593,xxx
18594,xxx
18595,xxx
18596,xxx
18597,xxx
18598,xxx
18599,xxx
18600,xxx
18601,xxx
18602,xxx
18603,xxx
18604,xxx
18605,xxx
18606,xxx
18607,xxx
18608,xxx
18609,xxx
18610,xxx
18611,xxx
18612,xxx
18613,xxx
18614,xxx
18615,xxx
18616,xxx
18617,xxx
18618,xxx
18619,xxx
18620,xxx
18621,xxx
18622,xxx
18623,xxx
18624,xxx
18625,xxx
18626,xxx
18627,xxx
18628,xxx
18629,xxx
18630,xxx
18631,xxx
18632,xxx
18633,xxx
18634,xxx
18635,xxx
18636,xxx
18637,xxx
18638,xxx
18639,xxx
18640,xxx
18641,xxx
18642,xxx
18643,xxx
18644,xxx
18645,xxx
18646,xxx
18647,xxx
18648,xxx
18649,xxx
18650,xxx
18651,xxx
18652,xxx
18653,xxx
18654,xxx
18655,xxx
18656,xxx
18657,xxx
18658,xxx
18659,xxx
18660,xxx
18661,xxx
18662,xxx
18663,xxx
18664,xxx
18665,xxx
18666,xxx
18667,xxx
18668,xxx
18669,xxx
18670,xxx
18671,xxx
18672,xxx
18673,xxx
18674,xxx
18675,xxx
18676,xxx
18677,xxx
18678,xxx
18679,xxx
18680,xxx
18681,xxx
18682,xxx
18683,xxx
18684,xxx
18685,xxx
18686,xxx
18687,xxx
18688,xxx
18689,xxx
18690,xxx
18691,xxx
18692,xxx
18693,xxx
18694,xxx
18695,xxx
18696,xxx
18697,xxx
18698,xxx
18699,xxx
18700,xxx
18701,xxx
18702,xxx
18703,xxx
18704,xxx
18705,xxx
18706,xxx
18707,xxx
18708,xxx
18709,xxx
18710,xxx
18711,xxx
18712,xxx
18713,xxx
18714,xxx
18715,xxx
18716,xxx
18717,xxx
18718,xxx
18719,xxx
18720,xxx
18721,xxx
18722,xxx
18723,xxx
18724,xxx
18725,xxx
18726,xxx
18727,xxx
18728,xxx
18729,xxx
18730,xxx
18731,xxx
18732,xxx
18733,xxx
18734,xxx
18735,xxx
18736,xxx
18737,xxx
18738,xxx
18739,xxx
18740,xxx
18741,xxx
18742,xxx
18743,xxx
18744,xxx
18745,xxx
18746,xxx
18747,xxx
18748,xxx
18749,xxx
18750,xxx
18751,xxx
18752,xxx
18753,xxx
18754,xxx
18755,xxx
18756,xxx
18757,xxx
18758,xxx
18759,xxx
18760,xxx
18761,xxx
18762,xxx
18763,xxx
18764,xxx
18765,xxx
18766,xxx
18767,xxx
18768,xxx
18769,xxx
18770,xxx
18771,xxx
18772,xxx
18773,xxx
18774,xxx
18775,xxx
18776,xxx
18777,xxx
18778,xxx
18779,xxx
18780,xxx
18781,xxx
18782,xxx
18783,xxx
18784,xxx
18785,xxx
18786,xxx
18787,xxx
18788,xxx
18789,xxx
18790,xxx
18791,xxx
18792,xxx
18793,xxx
18794,xxx
18795,xxx
18796,xxx
18797,xxx
18798,xxx
18799,xxx
18800,xxx
18801,xxx
18802,xxx
18803,xxx
18804,xxx
18805,xxx
18806,xxx
18807,xxx
18808,xxx
18809,xxx
18810,xxx
18811,xxx
18812,xxx
18813,xxx
18814,xxx
18815,xxx
18816,xxx
18817,xxx
18818,xxx
18819,xxx
18820,xxx
18821,xxx
18822,xxx
18823,xxx
18824,xxx
18825,xxx
18826,xxx
18827,xxx
18828,xxx
18829,xxx
18830,xxx
18831,xxx
18832,xxx
18833,xxx
18834,xxx
18835,xxx
18836,xxx
18837,xxx
18838,xxx
18839,xxx
18840,xxx
18841,xxx
18842,xxx
18843,xxx
18844,xxx
18845,xxx
18846,xxx
18847,xxx
18848,xxx
18849,xxx
18850,xxx
18851,xxx
18852,xxx
18853,xxx
18854,xxx
18855,xxx
18856,xxx
18857,xxx
18858,xxx
18859,xxx
18860,xxx
18861,xxx
18862,xxx
18863,xxx
18864,xxx
18865,xxx
18866,xxx
18867,xxx
18868,xxx
18869,xxx
18870,xxx
18871,xxx
18872,xxx
18873,xxx
18874,xxx
18875,xxx
18876,xxx
18877,xxx
18878,xxx
18879,xxx
18880,xxx
18881,xxx
18882,xxx
18883,xxx
18884,xxx
18885,xxx
18886,xxx
18887,xxx
18888,xxx
18889,xxx
18890,xxx
18891,xxx
18892,xxx
18893,xxx
18894,xxx
18895,xxx
18896,xxx
18897,xxx
18898,xxx
18899,xxx
18900,xxx
18901,xxx
18902,xxx
18903,xxx
18904,xxx
18905,xxx
18906,xxx
18907,xxx
18908,xxx
18909,xxx
18910,xxx
18911,xxx
18912,xxx
18913,xxx
18914,xxx
18915,xxx
18916,xxx
18917,xxx
18918,xxx
18919,xxx
18920,xxx
18921,xxx
18922,xxx
18923,xxx
18924,xxx
18925,xxx
18926,xxx
18927,xxx
18928,xxx
18929,xxx
18930,xxx
18931,xxx
18932,xxx
18933,xxx
18934,xxx
18935,xxx
18936,xxx
18937,xxx
18938,xxx
18939,xxx
18940,xxx
18941,xxx
18942,xxx
18943,xxx
18944,xxx
18945,xxx
18946,xxx
18947,xxx
18948,xxx
18949,xxx
18950,xxx
18951,xxx
18952,xxx
18953,xxx
18954,xxx
18955,xxx
18956,xxx
18957,xxx
18958,xxx
18959,xxx
18960,xxx
18961,xxx
18962,xxx
18963,xxx
18964,xxx
18965,xxx
18966,xxx
18967,xxx
18968,xxx
18969,xxx
18970,xxx
18971,xxx
18972,xxx
18973,xxx
18974,xxx
18975,xxx
18976,xxx
18977,xxx
18978,xxx
18979,xxx
18980,xxx
18981,xxx
18982,xxx
18983,xxx
18984,xxx
18985,xxx
18986,xxx
18987,xxx
18988,xxx
18989,xxx
18990,xxx
18991,xxx
18992,xxx
18993,xxx
18994,xxx
18995,xxx
18996,xxx
18997,xxx
18998,xxx
18999,xxx
19000,xxx
19001,xxx
19002,xxx
19003,xxx
19004,xxx
19005,xxx
19006,xxx
19007,xxx
19008,xxx
19009,xxx
19010,xxx
19011,xxx
19012,xxx
19013,xxx
19014,xxx
19015,xxx
19016,xxx
19017,xxx
19018,xxx
19019,xxx
19020,xxx
19021,xxx
19022,xxx
19023,xxx
19024,xxx
19025,xxx
19026,xxx
19027,xxx
19028,xxx
19029,xxx
19030,xxx
19031,xxx
19032,xxx
19033,xxx
19034,xxx
19035,xxx
19036,xxx
19037,xxx
19038,xxx
19039,xxx
19040,xxx
19041,xxx
19042,xxx
19043,xxx
19044,xxx
19045,xxx
19046,xxx
19047,xxx
19048,xxx
19049,xxx
19050,xxx
19051,xxx
19052,xxx
19053,xxx
19054,xxx
19055,xxx
19056,xxx
19057,xxx
19058,xxx
19059,xxx
19060,xxx
19061,xxx
19062,xxx
19063,xxx
19064,xxx
19065,xxx
19066,xxx
19067,xxx
19068,xxx
19069,xxx
19070,xxx
19071,xxx
19072,xxx
19073,xxx
19074,xxx
19075,xxx
19076,xxx
19077,xxx
19078,xxx
19079,xxx
19080,xxx
19081,xxx
19082,xxx
19083,xxx
19084,xxx
19085,xxx
19086,xxx
19087,xxx
19088,xxx
19089,xxx
19090,xxx
19091,xxx
19092,xxx
19093,xxx
19094,xxx
19095,xxx
19096,xxx
19097,xxx
19098,xxx
19099,xxx
19100,xxx
19101,xxx
19102,xxx
19103,xxx
19104,xxx
19105,xxx
19106,xxx
19107,xxx
19108,xxx
19109,xxx
19110,xxx
19111,xxx
19112,xxx
19113,xxx
19114,xxx
19115,xxx
19116,xxx
19117,xxx
19118,xxx
19119,xxx
19120,xxx
19121,xxx
19122,xxx
19123,xxx
19124,xxx
19125,xxx
19126,xxx
19127,xxx
19128,xxx
19129,xxx
19130,xxx
19131,xxx
19132,xxx
19133,xxx
19134,xxx
19135,xxx
19136,xxx
19137,xxx
19138,xxx
19139,xxx
19140,xxx
19141,xxx
19142,xxx
19143,xxx
19144,xxx
19145,xxx
19146,xxx
19147,xxx
19148,xxx
19149,xxx
19150,xxx
19151,xxx
19152,xxx
19153,xxx
19154,xxx
19155,xxx
19156,xxx
19157,xxx
19158,xxx
19159,xxx
19160,xxx
19161,xxx
19162,xxx
19163,xxx
19164,xxx
19165,xxx
19166,xxx
19167,xxx
19168,xxx
19169,xxx
19170,xxx
19171,xxx
19172,xxx
19173,xxx
19174,xxx
19175,xxx
19176,xxx
19177,xxx
19178,xxx
19179,xxx
19180,xxx
19181,xxx
19182,xxx
19183,xxx
19184,xxx
19185,xxx
19186,xxx
19187,xxx
19188,xxx
19189,xxx
19190,xxx
19191,xxx
19192,xxx
19193,xxx
19194,xxx
19195,xxx
19196,xxx
19197,xxx
19198,xxx
19199,xxx
19200,xxx
19201,xxx
19202,xxx
19203,xxx
19204,xxx
19205,xxx
19206,xxx
19207,xxx
19208,xxx
19209,xxx
19210,xxx
19211,xxx
19212,xxx
19213,xxx
19214,xxx
19215,xxx
19216,xxx
19217,xxx
19218,xxx
19219,xxx
19220,xxx
19221,xxx
19222,xxx
19223,xxx
19224,xxx
19225,xxx
19226,xxx
19227,xxx
19228,xxx
19229,xxx
19230,xxx
19231,xxx
19232,xxx
19233,xxx
19234,xxx
19235,xxx
19236,xxx
19237,xxx
19238,xxx
19239,xxx
19240,xxx
19241,xxx
19242,xxx
19243,xxx
19244,xxx
19245,xxx
19246,xxx
19247,xxx
19248,xxx
19249,xxx
19250,xxx
19251,xxx
19252,xxx
19253,xxx
19254,xxx
19255,xxx
19256,xxx
19257,xxx
19258,xxx
19259,xxx
19260,xxx
19261,xxx
19262,xxx
19263,xxx
19264,xxx
19265,xxx
19266,xxx
19267,xxx
19268,xxx
19269,xxx
19270,xxx
19271,xxx
19272,xxx
19273,xxx
19274,xxx
19275,xxx
19276,xxx
19277,xxx
19278,xxx
19279,xxx
19280,xxx
19281,xxx
19282,xxx
19283,xxx
19284,xxx
19285,xxx
19286,xxx
19287,xxx
19288,xxx
19289,xxx
19290,xxx
19291,xxx
19292,xxx
19293,xxx
19294,xxx
19295,xxx
19296,xxx
19297,xxx
19298,xxx
19299,xxx
19300,xxx
19301,xxx
19302,xxx
19303,xxx
19304,xxx
19305,xxx
19306,xxx
19307,xxx
19308,xxx
19309,xxx
19310,xxx
19311,xxx
19312,xxx
19313,xxx
19314,xxx
19315,xxx
19316,xxx
19317,xxx
19318,xxx
19319,xxx
19320,xxx
19321,xxx
19322,xxx
19323,xxx
19324,xxx
19325,xxx
19326,xxx
19327,xxx
19328,xxx
19329,xxx
19330,xxx
19331,xxx
19332,xxx
19333,xxx
19334,xxx
19335,xxx
19336,xxx
19337,xxx
19338,xxx
19339,xxx
19340,xxx
19341,xxx
19342,xxx
19343,xxx
19344,xxx
19345,xxx
19346,xxx
19347,xxx
19348,xxx
19349,xxx
19350,xxx
19351,xxx
19352,xxx
19353,xxx
19354,xxx
19355,xxx
19356,xxx
19357,xxx
19358,xxx
19359,xxx
19360,xxx
19361,xxx
19362,xxx
19363,xxx
19364,xxx
19365,xxx
19366,xxx
19367,xxx
19368,xxx
19369,xxx
19370,xxx
19371,xxx
19372,xxx
19373,xxx
19374,xxx
19375,xxx
19376,xxx
19377,xxx
19378,xxx
19379,xxx
19380,xxx
19381,xxx
19382,xxx
19383,xxx
19384,xxx
19385,xxx
19386,xxx
19387,xxx
19388,xxx
19389,xxx
19390,xxx
19391,xxx
19392,xxx
19393,xxx
19394,xxx
19395,xxx
19396,xxx
19397,xxx
19398,xxx
19399,xxx
19400,xxx
19401,xxx
19402,xxx
19403,xxx
19404,xxx
19405,xxx
19406,xxx
19407,xxx
19408,xxx
19409,xxx
19410,xxx
19411,xxx
19412,xxx
19413,xxx
19414,xxx
19415,xxx
19416,xxx
19417,xxx
19418,xxx
19419,xxx
19420,xxx
19421,xxx
19422,xxx
19423,xxx
19424,xxx
19425,xxx
19426,xxx
19427,xxx
19428,xxx
19429,xxx
19430,xxx
19431,xxx
19432,xxx
19433,xxx
19434,xxx
19435,xxx
19436,xxx
19437,xxx
19438,xxx
19439,xxx
19440,xxx
19441,xxx
19442,xxx
19443,xxx
19444,xxx
19445,xxx
19446,xxx
19447,xxx
19448,xxx
19449,xxx
19450,xxx
19451,xxx
19452,xxx
19453,xxx
19454,xxx
19455,xxx
19456,xxx
19457,xxx
19458,xxx
19459,xxx
19460,xxx
19461,xxx
19462,xxx
19463,xxx
19464,xxx
19465,xxx
19466,xxx
19467,xxx
19468,xxx
19469,xxx
19470,xxx
19471,xxx
19472,xxx
19473,xxx
19474,xxx
19475,xxx
19476,xxx
19477,xxx
19478,xxx
19479,xxx
19480,xxx
19481,xxx
19482,xxx
19483,xxx
19484,xxx
19485,xxx
19486,xxx
19487,xxx
19488,xxx
19489,xxx
19490,xxx
19491,xxx
19492,xxx
19493,xxx
19494,xxx
19495,xxx
19496,xxx
19497,xxx
19498,xxx
19499,xxx
19500,xxx
19501,xxx
19502,xxx
19503,xxx
19504,xxx
19505,xxx
19506,xxx
19507,xxx
19508,xxx
19509,xxx
19510,xxx
19511,xxx
19512,xxx
19513,xxx
19514,xxx
19515,xxx
19516,xxx
19517,xxx
19518,xxx
19519,xxx
19520,xxx
19521,xxx
19522,xxx
19523,xxx
19524,xxx
19525,xxx
19526,xxx
19527,xxx
19528,xxx
19529,xxx
19530,xxx
19531,xxx
19532,xxx
19533,xxx
19534,xxx
19535,xxx
19536,xxx
19537,xxx
19538,xxx
19539,xxx
19540,xxx
19541,xxx
19542,xxx
19543,xxx
19544,xxx
19545,xxx
19546,xxx
19547,xxx
19548,xxx
19549,xxx
19550,xxx
19551,xxx
19552,xxx
19553,xxx
19554,xxx
19555,xxx
19556,xxx
19557,xxx
19558,xxx
19559,xxx
19560,xxx
19561,xxx
19562,xxx
19563,xxx
19564,xxx
19565,xxx
19566,xxx
19567,xxx
19568,xxx
19569,xxx
19570,xxx
19571,xxx
19572,xxx
19573,xxx
19574,xxx
19575,xxx
19576,xxx
19577,xxx
19578,xxx
19579,xxx
19580,xxx
19581,xxx
19582,xxx
19583,xxx
19584,xxx
19585,xxx
19586,xxx
19587,xxx
19588,xxx
19589,xxx
19590,xxx
19591,xxx
19592,xxx
19593,xxx
19594,xxx
19595,xxx
19596,xxx
19597,xxx
19598,xxx
19599,xxx
19600,xxx
19601,xxx
19602,xxx
19603,xxx
19604,xxx
19605,xxx
19606,xxx
19607,xxx
19608,xxx
19609,xxx
19610,xxx
19611,xxx
19612,xxx
19613,xxx
19614,xxx
19615,xxx
19616,xxx
19617,xxx
19618,xxx
19619,xxx
19620,xxx
19621,xxx
19622,xxx
19623,xxx
19624,xxx
19625,xxx
19626,xxx
19627,xxx
19628,xxx
19629,xxx
19630,xxx
19631,xxx
19632,xxx
19633,xxx
19634,xxx
19635,xxx
19636,xxx
19637,xxx
19638,xxx
19639,xxx
19640,xxx
19641,xxx
19642,xxx
19643,xxx
19644,xxx
19645,xxx
19646,xxx
19647,xxx
19648,xxx
19649,xxx
19650,xxx
19651,xxx
19652,xxx
19653,xxx
19654,xxx
19655,xxx
19656,xxx
19657,xxx
19658,xxx
19659,xxx
19660,xxx
19661,xxx
19662,xxx
19663,xxx
19664,xxx
19665,xxx
19666,xxx
19667,xxx
19668,xxx
19669,xxx
19670,xxx
19671,xxx
19672,xxx
19673,xxx
19674,xxx
19675,xxx
19676,xxx
19677,xxx
19678,xxx
19679,xxx
19680,xxx
19681,xxx
19682,xxx
19683,xxx
19684,xxx
19685,xxx
19686,xxx
19687,xxx
19688,xxx
19689,xxx
19690,xxx
19691,xxx
19692,xxx
19693,xxx
19694,xxx
19695,xxx
19696,xxx
19697,xxx
19698,xxx
19699,xxx
19700,xxx
19701,xxx
19702,xxx
19703,xxx
19704,xxx
19705,xxx
19706,xxx
19707,xxx
19708,xxx
19709,xxx
19710,xxx
19711,xxx
19712,xxx
19713,xxx
19714,xxx
19715,xxx
19716,xxx
19717,xxx
19718,xxx
19719,xxx
19720,xxx
19721,xxx
19722,xxx
19723,xxx
19724,xxx
19725,xxx
19726,xxx
19727,xxx
19728,xxx
19729,xxx
19730,xxx
19731,xxx
19732,xxx
19733,xxx
19734,xxx
19735,xxx
19736,xxx
19737,xxx
19738,xxx
19739,xxx
19740,xxx
19741,xxx
19742,xxx
19743,xxx
19744,xxx
19745,xxx
19746,xxx
19747,xxx
19748,xxx
19749,xxx
19750,xxx
19751,xxx
19752,xxx
19753,xxx
19754,xxx
19755,xxx
19756,xxx
19757,xxx
19758,xxx
19759,xxx
19760,xxx
19761,xxx
19762,xxx
19763,xxx
19764,xxx
19765,xxx
19766,xxx
19767,xxx
19768,xxx
19769,xxx
19770,xxx
19771,xxx
19772,xxx
19773,xxx
19774,xxx
19775,xxx
19776,xxx
19777,xxx
19778,xxx
19779,xxx
19780,xxx
19781,xxx
19782,xxx
19783,xxx
19784,xxx
19785,xxx
19786,xxx
19787,xxx
19788,xxx
19789,xxx
19790,xxx
19791,xxx
19792,xxx
19793,xxx
19794,xxx
19795,xxx
19796,xxx
19797,xxx
19798,xxx
19799,xxx
19800,xxx
19801,xxx
19802,xxx
19803,xxx
19804,xxx
19805,xxx
19806,xxx
19807,xxx
19808,xxx
19809,xxx
19810,xxx
19811,xxx
19812,xxx
19813,xxx
19814,xxx
19815,xxx
19816,xxx
19817,xxx
19818,xxx
19819,xxx
19820,xxx
19821,xxx
19822,xxx
19823,xxx
19824,xxx
19825,xxx
19826,xxx
19827,xxx
19828,xxx
19829,xxx
19830,xxx
19831,xxx
19832,xxx
19833,xxx
19834,xxx
19835,xxx
19836,xxx
19837,xxx
19838,xxx
19839,xxx
19840,xxx
19841,xxx
19842,xxx
19843,xxx
19844,xxx
19845,xxx
19846,xxx
19847,xxx
19848,xxx
19849,xxx
19850,xxx
19851,xxx
19852,xxx
19853,xxx
19854,xxx
19855,xxx
19856,xxx
19857,xxx
19858,xxx
19859,xxx
19860,xxx
19861,xxx
19862,xxx
19863,xxx
19864,xxx
19865,xxx
19866,xxx
19867,xxx
19868,xxx
19869,xxx
19870,xxx
19871,xxx
19872,xxx
19873,xxx
19874,xxx
19875,xxx
19876,xxx
19877,xxx
19878,xxx
19879,xxx
19880,xxx
19881,xxx
19882,xxx
19883,xxx
19884,xxx
19885,xxx
19886,xxx
19887,xxx
19888,xxx
19889,xxx
19890,xxx
19891,xxx
19892,xxx
19893,xxx
19894,xxx
19895,xxx
19896,xxx
19897,xxx
19898,xxx
19899,xxx
19900,xxx
19901,xxx
19902,xxx
19903,xxx
19904,xxx
19905,xxx
19906,xxx
19907,xxx
19908,xxx
19909,xxx
19910,xxx
19911,xxx
19912,xxx
19913,xxx
19914,xxx
19915,xxx
19916,xxx
19917,xxx
19918,xxx
19919,xxx
19920,xxx
19921,xxx
19922,xxx
19923,xxx
19924,xxx
19925,xxx
19926,xxx
19927,xxx
19928,xxx
19929,xxx
19930,xxx
19931,xxx
19932,xxx
19933,xxx
19934,xxx
19935,xxx
19936,xxx
19937,xxx
19938,xxx
19939,xxx
19940,xxx
19941,xxx
19942,xxx
19943,xxx
19944,xxx
19945,xxx
19946,xxx
19947,xxx
19948,xxx
19949,xxx
19950,xxx
19951,xxx
19952,xxx
19953,xxx
19954,xxx
19955,xxx
19956,xxx
19957,xxx
19958,xxx
19959,xxx
19960,xxx
19961,xxx
19962,xxx
19963,xxx
19964,xxx
19965,xxx
19966,xxx
19967,xxx
19968,xxx
19969,xxx
19970,xxx
19971,xxx
19972,xxx
19973,xxx
19974,xxx
19975,xxx
19976,xxx
19977,xxx
19978,xxx
19979,xxx
19980,xxx
19981,xxx
19982,xxx
19983,xxx
19984,xxx
19985,xxx
19986,xxx
19987,xxx
19988,xxx
19989,xxx
19990,xxx
19991,xxx
19992,xxx
19993,xxx
19994,xxx
19995,xxx
19996,xxx
19997,xxx
19998,xxx
19999,xxx
20000,xxx
20001,xxx
20002,xxx
20003,xxx
20004,xxx
20005,xxx
20006,xxx
20007,xxx
20008,xxx
20009,xxx
20010,xxx
20011,xxx
20012,xxx
20013,xxx
20014,xxx
20015,xxx
20016,xxx
20017,xxx
20018,xxx
20019,xxx
20020,xxx
20021,xxx
20022,xxx
20023,xxx
20024,xxx
20025,xxx
20026,xxx
20027,xxx
20028,xxx
20029,xxx
20030,xxx
20031,xxx
20032,xxx
20033,xxx
20034,xxx
20035,xxx
20036,xxx
20037,xxx
20038,xxx
20039,xxx
20040,xxx
20041,xxx
20042,xxx
20043,xxx
20044,xxx
20045,xxx
20046,xxx
20047,xxx
20048,xxx
20049,xxx
20050,xxx
20051,xxx
20052,xxx
20053,xxx
20054,xxx
20055,xxx
20056,xxx
20057,xxx
20058,xxx
20059,xxx
20060,xxx
20061,xxx
20062,xxx
20063,xxx
20064,xxx
20065,xxx
20066,xxx
20067,xxx
20068,xxx
20069,xxx
20070,xxx
20071,xxx
20072,xxx
20073,xxx
20074,xxx
20075,xxx
20076,xxx
20077,xxx
20078,xxx
20079,xxx
20080,xxx
20081,xxx
20082,xxx
20083,xxx
20084,xxx
20085,xxx
20086,xxx
20087,xxx
20088,xxx
20089,xxx
20090,xxx
20091,xxx
20092,xxx
20093,xxx
20094,xxx
20095,xxx
20096,xxx
20097,xxx
20098,xxx
20099,xxx
20100,xxx
20101,xxx
20102,xxx
20103,xxx
20104,xxx
20105,xxx
20106,xxx
20107,xxx
20108,xxx
20109,xxx
20110,xxx
20111,xxx
20112,xxx
20113,xxx
20114,xxx
20115,xxx
20116,xxx
20117,xxx
20118,xxx
20119,xxx
20120,xxx
20121,xxx
20122,xxx
20123,xxx
20124,xxx
20125,xxx
20126,xxx
20127,xxx
20128,xxx
20129,xxx
20130,xxx
20131,xxx
20132,xxx
20133,xxx
20134,xxx
20135,xxx
20136,xxx
20137,xxx
20138,xxx
20139,xxx
20140,xxx
20141,xxx
20142,xxx
20143,па́сьса
20144,па́сьхи
20145,xxx
20146,xxx
20147,xxx
20148,манхэтте́на
20149,манхэттено́мъ
20150,xxx
20151,xxx
20152,xxx
20153,xxx
20154,xxx
20155,xxx
20156,xxx
20157,xxx
20158,xxx
20159,xxx
20160,xxx
20161,xxx
20162,xxx
20163,xxx
20164,xxx
20165,xxx
20166,xxx
20167,xxx
20168,xxx
20169,xxx
20170,xxx
20171,xxx
20172,xxx
20173,xxx
20174,xxx
20175,xxx
20176,xxx
20177,xxx
20178,xxx
20179,xxx
20180,xxx
20181,xxx
20182,xxx
20183,xxx
20184,xxx
20185,xxx
20186,xxx
20187,xxx
20188,xxx
20189,xxx
20190,xxx
20191,xxx
20192,xxx
20193,xxx
20194,xxx
20195,xxx
20196,аспирираваи́мъ
20197,аспирирава́лъ
20198,а́ссистираваеши
20199,а́ссистираваеть
20200,ассистирава́ла
20201,ассистирава́ла
20202,xxx
20203,xxx
20204,xxx
20205,xxx
20206,xxx
20207,xxx
20208,xxx
20209,xxx
20210,xxx
20211,xxx
20212,xxx
20213,xxx
20214,xxx
20215,xxx
20216,xxx
20217,xxx
20218,xxx
20219,xxx
20220,xxx
20221,xxx
20222,xxx
20223,xxx
20224,xxx
20225,xxx
20226,xxx
20227,бели́лъ
20228,xxx
20229,xxx
20230,беси́ть
20231,бе́сиите
20232,беси́ѫть
20233,беси́еши
20234,бе́сиете
20235,бе́сиете
20236,беси́лъ
20237,xxx
20238,xxx
20239,xxx
20240,xxx
20241,xxx
20242,xxx
20243,xxx
20244,xxx
20245,xxx
20246,xxx
20247,xxx
20248,xxx
20249,xxx
20250,xxx
20251,xxx
20252,xxx
20253,благаустраиваи́ть
20254,благаустраиваи́мъ
20255,бла́гаустраиваите
20256,благаустраива́ать
20257,благаустраива́ли
20258,благаустраивае́мъ
20259,благаустраива́ѫть
20260,благаустраива́лъ
20261,благаустраивало́
20262,xxx
20263,xxx
20264,xxx
20265,xxx
20266,xxx
20267,xxx
20268,xxx
20269,xxx
20270,xxx
20271,блёкну́еши
20272,блёкну́ѫть
20273,блёкну́лъ
20274,блё́кнула
20275,блёкнуло́
20276,близие́те
20277,близи́ла
20278,xxx
20279,xxx
20280,xxx
20281,xxx
20282,xxx
20283,xxx
20284,багатвариѫ́
20285,бо́гатвариеши
20286,багатварие́мъ
20287,бо́гатвариѫть
20288,багатвари́ла
20289,багатвари́ла
20290,бадри́те
20291,xxx
20292,xxx
20293,xxx
20294,xxx
20295,xxx
20296,xxx
20297,xxx
20298,xxx
20299,бо́мбиеши
20300,бамби́ла
20301,xxx
20302,xxx
20303,xxx
20304,xxx
20305,xxx
20306,xxx
20307,xxx
20308,xxx
20309,xxx
20310,xxx
20311,xxx
20312,xxx
20313,xxx
20314,xxx
20315,xxx
20316,xxx
20317,xxx
20318,xxx
20319,xxx
20320,xxx
20321,xxx
20322,xxx
20323,xxx
20324,xxx
20325,бубнила́
20326,xxx
20327,xxx
20328,xxx
20329,xxx
20330,xxx
20331,xxx
20332,xxx
20333,xxx
20334,xxx
20335,xxx
20336,xxx
20337,xxx
20338,xxx
20339,xxx
20340,бу́рлиси
20341,бу́рлиѫть
20342,бу́рлиѫть
20343,xxx
20344,xxx
20345,xxx
20346,xxx
20347,xxx
20348,xxx
20349,бычиѫ́
20350,бычиѫ́
20351,бы́чиѫть
20352,бычи́лъ
20353,бычи́ла
20354,бы́чили
20355,xxx
20356,xxx
20357,xxx
20358,xxx
20359,ва́рьираваси
20360,ва́рьиравали
20361,варьирава́те
20362,варьирава́лъ
20363,варьирава́ла
20364,xxx
20365,xxx
20366,xxx
20367,xxx
20368,xxx
20369,xxx
20370,xxx
20371,xxx
20372,вво́диать
20373,вво́дить
20374,ввади́те
20375,ввади́те
20376,ввади́ла
20377,вво́зииши
20378,ввази́ла
20379,ввази́ла
20380,вво́зили
20381,xxx
20382,xxx
20383,xxx
20384,xxx
20385,xxx
20386,xxx
20387,xxx
20388,xxx
20389,xxx
20390,вербава́ить
20391,вербаваи́мъ
20392,ве́рбаваите
20393,ве́рбавала
20394,врищаѫ́
20395,врищае́мъ
20396,верещали́
20397,вериѫ́
20398,ве́риете
20399,вери́ѫть
20400,вери́ѫть
20401,вери́мъ
20402,вери́мъ
20403,веравае́мъ
20404,ве́раваете
20405,ве́равала
20406,xxx
20407,вѣрши́иши
20408,вѣршии́мъ
20409,вѣршило́
20410,вѣршили́
20411,вѣршили́
20412,веселеѫ́
20413,веселе́ла
20414,ве́селели
20415,весию́
20416,ве́сила
20417,весили́
20418,весили́
20419,ветвие́мъ
20420,ветвие́мъ
20421,ветви́ѫть
20422,ветвила́
20423,вечрѣѫ́
20424,ве́чрѣла
20425,ве́чрила
20426,xxx
20427,xxx
20428,xxx
20429,xxx
20430,xxx
20431,xxx
20432,xxx
20433,xxx
20434,xxx
20435,xxx
20436,xxx
20437,xxx
20438,xxx
20439,xxx
20440,xxx
20441,xxx
20442,xxx
20443,xxx
20444,xxx
20445,xxx
20446,xxx
20447,xxx
20448,xxx
20449,xxx
20450,xxx
20451,xxx
20452,xxx
20453,xxx
20454,xxx
20455,xxx
20456,xxx
20457,xxx
20458,xxx
20459,xxx
20460,xxx
20461,xxx
20462,xxx
20463,xxx
20464,xxx
20465,xxx
20466,xxx
20467,xxx
20468,винии́мъ
20469,ви́нила
20470,винило́
20471,висну́лъ
20472,висну́ла
20473,ви́снули
20474,xxx
20475,xxx
20476,xxx
20477,xxx
20478,xxx
20479,висриѫ́
20480,ви́сриѫть
20481,xxx
20482,xxx
20483,xxx
20484,xxx
20485,xxx
20486,xxx
20487,xxx
20488,xxx
20489,xxx
20490,xxx
20491,xxx
20492,xxx
20493,xxx
20494,xxx
20495,xxx
20496,xxx
20497,xxx
20498,xxx
20499,xxx
20500,xxx
20501,xxx
20502,xxx
20503,xxx
20504,xxx
20505,xxx
20506,xxx
20507,xxx
20508,xxx
20509,xxx
20510,xxx
20511,xxx
20512,вно́сиси
20513,вно́сить
20514,вавлекае́ть
20515,вавлекае́мъ
20516,вавлекало́
20517,вадиѫ́
20518,вадиѫ́
20519,вадие́мъ
20520,во́диете
20521,вади́лъ
20522,xxx
20523,xxx
20524,вазвещаи́мъ
20525,вазвещаи́мъ
20526,вазвещало́
20527,xxx
20528,xxx
20529,xxx
20530,xxx
20531,ваздева́мь
20532,ваздева́мь
20533,ваздева́си
20534,ваздева́лъ
20535,ваздевало́
20536,ваздева́ли
20537,вази́си
20538,вази́ть
20539,вазмеща́иши
20540,вазмеща́ить
20541,вазмеща́ить
20542,вазмещаи́мъ
20543,во́змещаите
20544,xxx
20545,вазраждаю́
20546,вазраждаи́ши
20547,вазраждаи́ть
20548,вазраждаи́мъ
20549,вазраждае́ши
20550,вазраждае́ши
20551,вазраждае́мъ
20552,во́лнаваеть
20553,валнавае́мъ
20554,xxx
20555,xxx
20556,xxx
20557,xxx
20558,xxx
20559,ваплащае́мъ
20560,ваплащае́мъ
20561,во́плащала
20562,ваплащало́
20563,вапрашае́мъ
20564,во́прашала
20565,вапрашало́
20566,во́ркаваить
20567,варкава́лъ
20568,варкава́ла
20569,врава́мь
20570,варава́ть
20571,варава́мъ
20572,врава́мъ
20573,варава́лъ
20574,врава́лъ
20575,xxx
20576,xxx
20577,xxx
20578,xxx
20579,васкреса́ть
20580,во́скресате
20581,васкреса́лъ
20582,во́скрешаите
20583,васкрешали́
20584,васпеваю́
20585,васпеваю́
20586,васпеваю́
20587,васпеваи́ши
20588,васпеваи́ши
20589,васпеваи́ть
20590,васпева́ать
20591,васпева́ли
20592,васпалня́си
20593,васпрещаѫ́
20594,васпрещае́мъ
20595,васпреща́ли
20596,васседа́мь
20597,васседа́мь
20598,во́сседате
20599,васседа́ѫть
20600,васседа́ли
20601,вастаргаѫ́
20602,вастарга́еши
20603,вастарга́еть
20604,вастарга́лъ
20605,во́старгала
20606,вастаргало́
20607,вастаргало́
20608,xxx
20609,xxx
20610,xxx
20611,xxx
20612,xxx
20613,xxx
20614,xxx
20615,xxx
20616,вредиѫ́
20617,вредиѫ́
20618,вредие́мъ
20619,вреди́лъ
20620,вреди́ла
20621,xxx
20622,xxx
20623,xxx
20624,xxx
20625,xxx
20626,xxx
20627,xxx
20628,xxx
20629,xxx
20630,xxx
20631,xxx
20632,xxx
20633,xxx
20634,xxx
20635,xxx
20636,xxx
20637,xxx
20638,xxx
20639,xxx
20640,xxx
20641,xxx
20642,xxx
20643,xxx
20644,xxx
20645,xxx
20646,xxx
20647,xxx
20648,xxx
20649,xxx
20650,xxx
20651,xxx
20652,xxx
20653,xxx
20654,xxx
20655,xxx
20656,xxx
20657,xxx
20658,xxx
20659,xxx
20660,xxx
20661,xxx
20662,xxx
20663,xxx
20664,xxx
20665,xxx
20666,xxx
20667,xxx
20668,всхадии́мъ
20669,всхадии́мъ
20670,всхади́лъ
20671,xxx
20672,xxx
20673,xxx
20674,xxx
20675,xxx
20676,xxx
20677,xxx
20678,xxx
20679,xxx
20680,втарию́
20681,втарии́ть
20682,втарии́мъ
20683,втари́ать
20684,xxx
20685,xxx
20686,xxx
20687,xxx
20688,xxx
20689,xxx
20690,xxx
20691,xxx
20692,xxx
20693,xxx
20694,xxx
20695,xxx
20696,xxx
20697,xxx
20698,xxx
20699,xxx
20700,xxx
20701,xxx
20702,xxx
20703,xxx
20704,xxx
20705,xxx
20706,xxx
20707,xxx
20708,xxx
20709,xxx
20710,вывадии́мъ
20711,вывади́ать
20712,вывади́ать
20713,вывадила́
20714,вывади́ли
20715,вывади́ли
20716,вывадиѫ́
20717,вывадие́ть
20718,вывадие́мъ
20719,вывалакива́мь
20720,вывалакива́мь
20721,вывалакива́ѫть
20722,вывалакива́лъ
20723,вывалакивала́
20724,вывалакива́ли
20725,вы́варачиваеть
20726,выварачивае́те
20727,вы́варачиваеши
20728,выварачивае́те
20729,выварачива́лъ
20730,выглядыва́ить
20731,вы́глядываите
20732,вы́глядываите
20733,выглядыва́ать
20734,вы́глядывала
20735,выглядывало́
20736,выглядывали́
20737,выгаварива́си
20738,выгаварива́мъ
20739,выгаварива́ѫть
20740,выгаварива́лъ
20741,выгаваривало́
20742,вы́гавариваите
20743,вы́гавариваите
20744,выгаваривало́
20745,xxx
20746,xxx
20747,xxx
20748,xxx
20749,xxx
20750,xxx
20751,xxx
20752,xxx
20753,xxx
20754,выдавливаи́мъ
20755,выдавливала́
20756,выдавливало́
20757,xxx
20758,xxx
20759,xxx
20760,xxx
20761,xxx
20762,xxx
20763,выказываѫ́
20764,выказыва́еши
20765,выказыва́еть
20766,выказывали́
20767,выкаливаи́мъ
20768,вы́каливала
20769,xxx
20770,выкатыва́ѫть
20771,выкатыва́ѫть
20772,выкатыва́лъ
20773,вы́катывала
20774,выкатыва́еши
20775,выкатывае́мъ
20776,выкатыва́ѫть
20777,xxx
20778,xxx
20779,xxx
20780,выкладыва́ить
20781,вы́кладывала
20782,вы́кладывала
20783,выкладываѫ́
20784,вы́кладываете
20785,выкладыва́ѫть
20786,выкладыва́лъ
20787,вы́кавыриваси
20788,выкавырива́те
20789,xxx
20790,xxx
20791,xxx
20792,xxx
20793,вылавлива́мь
20794,вылавлива́те
20795,вы́лавливаѫть
20796,вылавлива́лъ
20797,вылавлива́ла
20798,выламываи́ши
20799,выламываи́мъ
20800,выламывала́
20801,xxx
20802,xxx
20803,xxx
20804,xxx
20805,xxx
20806,xxx
20807,xxx
20808,вымащиваю́
20809,вымащива́иши
20810,вымащива́ить
20811,xxx
20812,xxx
20813,xxx
20814,вынашивае́мъ
20815,вы́нашиваете
20816,вынашива́ать
20817,вынашивало́
20818,xxx
20819,вынасии́ть
20820,вы́насиите
20821,вынаси́лъ
20822,вынасила́
20823,вынаси́ли
20824,xxx
20825,xxx
20826,xxx
20827,xxx
20828,вы́паливать
20829,выпалива́те
20830,вы́паливали
20831,выпалываѫ́
20832,выпалываѫ́
20833,выпалывае́мъ
20834,xxx
20835,xxx
20836,xxx
20837,xxx
20838,xxx
20839,xxx
20840,xxx
20841,xxx
20842,выплачивае́ть
20843,выплачива́ѫть
20844,выплачива́ли
20845,xxx
20846,xxx
20847,вы́прашиваите
20848,вы́прашиваите
20849,выправажива́мъ
20850,выправаживало́
20851,выправажива́ли
20852,xxx
20853,xxx
20854,xxx
20855,xxx
20856,xxx
20857,xxx
20858,xxx
20859,xxx
20860,xxx
20861,выпячиваю́
20862,выпячиваи́мъ
20863,вы́пячиваите
20864,выпячива́лъ
20865,выпячива́ли
20866,выравнива́мь
20867,вы́равнивать
20868,выравнива́лъ
20869,выравнива́ла
20870,выращива́лъ
20871,выращивала́
20872,выращивала́
20873,выращива́ли
20874,выращива́ли
20875,xxx
20876,xxx
20877,xxx
20878,xxx
20879,высаживаи́мъ
20880,высажива́лъ
20881,высажива́лъ
20882,высаживала́
20883,высажива́ли
20884,вы́сасывать
20885,высасыва́мъ
20886,высасыва́ла
20887,высасыва́ла
20888,xxx
20889,высию́
20890,высию́
20891,высии́мъ
20892,вы́сиать
20893,выси́лъ
20894,выскабливаи́мъ
20895,выскабливаи́те
20896,вы́скабливаать
20897,высказываи́мъ
20898,высказыва́лъ
20899,высказыва́ли
20900,выскакива́иши
20901,выскакивало́
20902,выскальзываи́мъ
20903,вы́скальзываите
20904,выскальзыва́ать
20905,выскальзыва́ли
20906,xxx
20907,xxx
20908,xxx
20909,xxx
20910,xxx
20911,высматриваю́
20912,высматрива́ить
20913,высматриваи́мъ
20914,высматриваи́мъ
20915,высматривало́
20916,xxx
20917,xxx
20918,xxx
20919,xxx
20920,xxx
20921,xxx
20922,xxx
20923,выспрашиваѫ́
20924,вы́спрашиваеши
20925,вы́спрашиваѫть
20926,выспрашива́ла
20927,вы́спрашивали
20928,xxx
20929,вы́стаивать
20930,выстаива́те
20931,вы́стаивали
20932,выстраива́иши
20933,выстраиваи́мъ
20934,выстраива́ать
20935,вы́страиваете
20936,выстраива́ѫть
20937,вы́страивала
20938,xxx
20939,xxx
20940,xxx
20941,xxx
20942,xxx
20943,xxx
20944,xxx
20945,xxx
20946,xxx
20947,xxx
20948,xxx
20949,вы́талкивать
20950,вытаплива́мь
20951,вытаплива́те
20952,вытаплива́ла
20953,вытаскиваю́
20954,вытаскиваи́ши
20955,вы́таскиваите
20956,вытаскива́ли
20957,вытаскива́ли
20958,xxx
20959,xxx
20960,вытравливаѫ́
20961,вытравливае́ши
20962,xxx
20963,вы́тряхиваиши
20964,вы́тряхиваать
20965,вытряхива́ла
20966,вытряхива́ла
20967,вы́тряхивали
20968,xxx
20969,xxx
20970,xxx
20971,вытягиваи́мъ
20972,вытягива́ать
20973,вытягивала́
20974,вытягива́лъ
20975,вытягивала́
20976,xxx
20977,xxx
20978,xxx
20979,xxx
20980,выхватыва́иши
20981,выхватыва́иши
20982,xxx
20983,xxx
20984,xxx
20985,xxx
20986,xxx
20987,xxx
20988,xxx
20989,xxx
20990,xxx
20991,xxx
20992,xxx
20993,xxx
20994,xxx
20995,xxx
20996,xxx
20997,xxx
20998,xxx
20999,xxx
21000,xxx
21001,xxx
21002,глахнуи́мъ
21003,глахну́ать
21004,глахнуло́
21005,гневи́си
21006,гневи́ли
21007,xxx
21008,xxx
21009,гаварие́ши
21010,гаварила́
21011,гаварило́
21012,гаварило́
21013,гади́еши
21014,гади́еть
21015,го́дила
21016,го́дила
21017,гадили́
21018,xxx
21019,xxx
21020,гла́сиеши
21021,гласи́лъ
21022,гла́сили
21023,xxx
21024,гамании́ши
21025,гамани́ли
21026,гарби́мь
21027,гарби́мъ
21028,гарби́ла
21029,го́рбиси
21030,гарби́ла
21031,го́рбили
21032,го́рбили
21033,xxx
21034,xxx
21035,xxx
21036,гарѣѫ́
21037,го́рѣѫть
21038,го́риѫть
21039,гарячи́мь
21040,гарячи́мъ
21041,го́рячите
21042,гарячиѫ́
21043,гарячи́еть
21044,гарячи́лъ
21045,го́рячила
21046,го́рячила
21047,xxx
21048,xxx
21049,xxx
21050,гастиѫ́
21051,гастили́
21052,гатави́ть
21053,гатави́мъ
21054,гатавила́
21055,гатавило́
21056,xxx
21057,xxx
21058,грезиѫ́
21059,гре́зиеши
21060,грези́ла
21061,гре́меить
21062,греме́лъ
21063,греме́ла
21064,гре́мели
21065,xxx
21066,грешии́мъ
21067,гре́шиите
21068,греши́ать
21069,грешило́
21070,xxx
21071,гро́зиить
21072,грази́ла
21073,грамию́
21074,грамии́ши
21075,гро́миите
21076,грамило́
21077,грами́ли
21078,грамазди́мь
21079,грамазди́ла
21080,гро́маздили
21081,гро́маздиеть
21082,грамаздие́мъ
21083,грамазди́лъ
21084,xxx
21085,xxx
21086,xxx
21087,xxx
21088,xxx
21089,xxx
21090,xxx
21091,xxx
21092,xxx
21093,xxx
21094,xxx
21095,xxx
21096,xxx
21097,xxx
21098,xxx
21099,xxx
21100,xxx
21101,xxx
21102,xxx
21103,xxx
21104,xxx
21105,дваию́
21106,дво́иите
21107,дваило́
21108,дѣжурило́
21109,дижурило́
21110,дижури́ли
21111,xxx
21112,xxx
21113,xxx
21114,xxx
21115,xxx
21116,xxx
21117,xxx
21118,xxx
21119,делие́те
21120,де́лиѫть
21121,дели́ла
21122,де́лили
21123,xxx
21124,xxx
21125,xxx
21126,xxx
21127,xxx
21128,xxx
21129,xxx
21130,xxx
21131,xxx
21132,xxx
21133,xxx
21134,дивиѫ́
21135,ди́виеть
21136,ди́виѫть
21137,ди́вииши
21138,xxx
21139,xxx
21140,xxx
21141,xxx
21142,xxx
21143,xxx
21144,xxx
21145,xxx
21146,xxx
21147,xxx
21148,xxx
21149,xxx
21150,xxx
21151,xxx
21152,xxx
21153,xxx
21154,xxx
21155,xxx
21156,xxx
21157,xxx
21158,xxx
21159,xxx
21160,xxx
21161,xxx
21162,xxx
21163,xxx
21164,xxx
21165,xxx
21166,xxx
21167,xxx
21168,xxx
21169,xxx
21170,xxx
21171,до́ила
21172,xxx
21173,xxx
21174,xxx
21175,далби́мь
21176,далби́мъ
21177,до́лбиѫть
21178,далби́ла
21179,xxx
21180,xxx
21181,xxx
21182,xxx
21183,xxx
21184,xxx
21185,xxx
21186,xxx
21187,xxx
21188,xxx
21189,xxx
21190,xxx
21191,xxx
21192,xxx
21193,xxx
21194,xxx
21195,xxx
21196,xxx
21197,xxx
21198,xxx
21199,до́рыиши
21200,до́рыиши
21201,до́рыить
21202,дарыи́мъ
21203,дары́лъ
21204,дары́ла
21205,до́рыли
21206,дары́лъ
21207,до́рыли
21208,xxx
21209,xxx
21210,xxx
21211,xxx
21212,xxx
21213,xxx
21214,xxx
21215,xxx
21216,xxx
21217,xxx
21218,xxx
21219,xxx
21220,xxx
21221,xxx
21222,xxx
21223,xxx
21224,xxx
21225,xxx
21226,xxx
21227,xxx
21228,xxx
21229,xxx
21230,xxx
21231,дрейфиѫ́
21232,дрейфие́ть
21233,дре́йфиете
21234,дрейфи́ѫть
21235,дрейфи́лъ
21236,xxx
21237,xxx
21238,xxx
21239,xxx
21240,xxx
21241,xxx
21242,драбие́те
21243,драби́ла
21244,дро́били
21245,дружию́
21246,дружи́ать
21247,дружи́лъ
21248,дружи́ли
21249,дры́хнуеть
21250,дры́хнуеть
21251,дрыхнуе́мъ
21252,дрыхнуе́те
21253,xxx
21254,ду́рачииши
21255,ду́рачиать
21256,дурачи́ла
21257,дурачи́ла
21258,дуриѫ́
21259,дурие́те
21260,ду́рили
21261,дымиѫ́
21262,ды́миѫть
21263,дыми́ла
21264,дыми́ла
21265,ды́мили
21266,ды́мили
21267,дыми́ла
21268,ды́мили
21269,xxx
21270,xxx
21271,xxx
21272,xxx
21273,ездие́ть
21274,ездие́мъ
21275,е́здиете
21276,е́здиете
21277,езди́ли
21278,xxx
21279,xxx
21280,xxx
21281,xxx
21282,xxx
21283,xxx
21284,xxx
21285,xxx
21286,xxx
21287,xxx
21288,xxx
21289,xxx
21290,забавиѫ́
21291,забавие́ши
21292,забавие́мъ
21293,за́бавиете
21294,забави́ѫть
21295,забави́ѫть
21296,забави́лъ
21297,забави́лъ
21298,забавила́
21299,xxx
21300,xxx
21301,xxx
21302,xxx
21303,xxx
21304,xxx
21305,xxx
21306,xxx
21307,xxx
21308,xxx
21309,xxx
21310,xxx
21311,xxx
21312,xxx
21313,xxx
21314,xxx
21315,xxx
21316,xxx
21317,xxx
21318,xxx
21319,xxx
21320,завалакива́мь
21321,за́валакиваиши
21322,завалакива́мъ
21323,завалакива́лъ
21324,заваражива́мь
21325,за́вараживате
21326,заваражива́ѫть
21327,заваражива́ли
21328,заварачива́ть
21329,заварачива́мъ
21330,за́варачивате
21331,заварачива́лъ
21332,xxx
21333,xxx
21334,xxx
21335,xxx
21336,xxx
21337,xxx
21338,xxx
21339,xxx
21340,xxx
21341,загавариваи́мъ
21342,загавариваи́мъ
21343,за́гавариваать
21344,загавариваи́мъ
21345,загавариваи́мъ
21346,за́гавариваать
21347,за́гавариваать
21348,загаварива́лъ
21349,загаварива́ла
21350,загаварива́ла
21351,xxx
21352,загараживаю́
21353,загараживаи́те
21354,за́гараживаать
21355,xxx
21356,за́гатавливаите
21357,загатавлива́лъ
21358,загатавливали́
21359,xxx
21360,xxx
21361,xxx
21362,xxx
21363,xxx
21364,xxx
21365,xxx
21366,xxx
21367,xxx
21368,xxx
21369,xxx
21370,xxx
21371,xxx
21372,xxx
21373,xxx
21374,xxx
21375,xxx
21376,xxx
21377,xxx
21378,xxx
21379,xxx
21380,xxx
21381,xxx
21382,xxx
21383,xxx
21384,xxx
21385,xxx
21386,xxx
21387,xxx
21388,xxx
21389,xxx
21390,xxx
21391,xxx
21392,xxx
21393,xxx
21394,xxx
21395,xxx
21396,xxx
21397,xxx
21398,xxx
21399,xxx
21400,xxx
21401,xxx
21402,xxx
21403,xxx
21404,xxx
21405,xxx
21406,xxx
21407,xxx
21408,xxx
21409,xxx
21410,xxx
21411,xxx
21412,xxx
21413,xxx
21414,xxx
21415,xxx
21416,xxx
21417,xxx
21418,xxx
21419,xxx
21420,xxx
21421,xxx
21422,xxx
21423,xxx
21424,xxx
21425,xxx
21426,xxx
21427,за́калачиваиши
21428,закалачиваи́мъ
21429,за́калачиваать
21430,закалачива́лъ
21431,за́калачивали
21432,закалдавыва́мь
21433,закалдавыва́ѫть
21434,закалдавывала́
21435,закалдавывало́
21436,закалдавыва́ли
21437,xxx
21438,xxx
21439,xxx
21440,xxx
21441,xxx
21442,закружи́мь
21443,закружи́ла
21444,за́кружили
21445,закружиѫ́
21446,за́кружиеши
21447,закружие́мъ
21448,за́кружиѫть
21449,xxx
21450,xxx
21451,xxx
21452,xxx
21453,xxx
21454,xxx
21455,xxx
21456,xxx
21457,xxx
21458,xxx
21459,xxx
21460,xxx
21461,xxx
21462,xxx
21463,xxx
21464,xxx
21465,xxx
21466,xxx
21467,xxx
21468,xxx
21469,xxx
21470,xxx
21471,xxx
21472,xxx
21473,xxx
21474,xxx
21475,xxx
21476,xxx
21477,xxx
21478,xxx
21479,xxx
21480,xxx
21481,xxx
21482,xxx
21483,xxx
21484,xxx
21485,xxx
21486,xxx
21487,xxx
21488,xxx
21489,xxx
21490,замаражива́лъ
21491,xxx
21492,за́мучиете
21493,замучило́
21494,замучили́
21495,xxx
21496,xxx
21497,xxx
21498,xxx
21499,xxx
21500,xxx
21501,xxx
21502,xxx
21503,xxx
21504,xxx
21505,xxx
21506,xxx
21507,xxx
21508,xxx
21509,xxx
21510,xxx
21511,xxx
21512,xxx
21513,xxx
21514,xxx
21515,запечатывае́те
21516,за́печатываѫть
21517,xxx
21518,xxx
21519,xxx
21520,xxx
21521,xxx
21522,xxx
21523,xxx
21524,xxx
21525,xxx
21526,xxx
21527,xxx
21528,xxx
21529,xxx
21530,xxx
21531,xxx
21532,xxx
21533,западазрива́ить
21534,западазриваи́мъ
21535,западазрива́ать
21536,запарашива́мь
21537,запарашиваи́мъ
21538,запарашива́ли
21539,запарашива́ли
21540,xxx
21541,xxx
21542,xxx
21543,xxx
21544,xxx
21545,xxx
21546,xxx
21547,xxx
21548,запракидывае́мъ
21549,запракидыва́лъ
21550,запракидыва́ла
21551,xxx
21552,xxx
21553,xxx
21554,xxx
21555,xxx
21556,xxx
21557,xxx
21558,xxx
21559,xxx
21560,xxx
21561,xxx
21562,xxx
21563,xxx
21564,xxx
21565,xxx
21566,xxx
21567,xxx
21568,xxx
21569,xxx
21570,xxx
21571,xxx
21572,xxx
21573,xxx
21574,xxx
21575,xxx
21576,xxx
21577,xxx
21578,засекречиваю́
21579,за́секречиваите
21580,засекречива́ать
21581,за́секречивала
21582,xxx
21583,xxx
21584,xxx
21585,xxx
21586,xxx
21587,xxx
21588,xxx
21589,xxx
21590,xxx
21591,xxx
21592,xxx
21593,xxx
21594,xxx
21595,xxx
21596,xxx
21597,xxx
21598,xxx
21599,xxx
21600,xxx
21601,xxx
21602,xxx
21603,xxx
21604,xxx
21605,xxx
21606,xxx
21607,xxx
21608,xxx
21609,xxx
21610,xxx
21611,xxx
21612,xxx
21613,xxx
21614,xxx
21615,xxx
21616,xxx
21617,xxx
21618,xxx
21619,xxx
21620,xxx
21621,xxx
21622,xxx
21623,xxx
21624,xxx
21625,xxx
21626,xxx
21627,xxx
21628,xxx
21629,затармаживаи́мъ
21630,затармаживаи́мъ
21631,за́тармаживаите
21632,затармаживало́
21633,затармажива́ли
21634,xxx
21635,xxx
21636,xxx
21637,xxx
21638,xxx
21639,xxx
21640,xxx
21641,xxx
21642,xxx
21643,xxx
21644,xxx
21645,xxx
21646,xxx
21647,xxx
21648,xxx
21649,xxx
21650,xxx
21651,xxx
21652,xxx
21653,xxx
21654,xxx
21655,xxx
21656,xxx
21657,xxx
21658,xxx
21659,xxx
21660,xxx
21661,xxx
21662,xxx
21663,xxx
21664,xxx
21665,xxx
21666,xxx
21667,xxx
21668,xxx
21669,xxx
21670,xxx
21671,xxx
21672,xxx
21673,xxx
21674,xxx
21675,зиждию́
21676,зиждии́мъ
21677,зиждило́
21678,xxx
21679,xxx
21680,xxx
21681,xxx
21682,xxx
21683,xxx
21684,xxx
21685,xxx
21686,xxx
21687,xxx
21688,xxx
21689,xxx
21690,зно́биеть
21691,знабие́мъ
21692,знаби́ла
21693,xxx
21694,xxx
21695,xxx
21696,xxx
21697,xxx
21698,xxx
21699,xxx
21700,xxx
21701,xxx
21702,избалавыва́мь
21703,и́збалавываиши
21704,и́збалавываѫть
21705,избива́си
21706,избива́си
21707,избива́мъ
21708,избива́ѫть
21709,избивало́
21710,избираи́ши
21711,избира́ать
21712,избира́лъ
21713,избыва́си
21714,и́збывате
21715,избыва́лъ
21716,избыва́ли
21717,xxx
21718,извива́мь
21719,извива́мь
21720,и́звивате
21721,извиняе́мъ
21722,и́звиняете
21723,извиня́ѫть
21724,и́звиняла
21725,извадиѫ́
21726,и́звадиеши
21727,и́звадиеши
21728,извадие́те
21729,извали́еши
21730,извали́ѫть
21731,xxx
21732,изгиба́си
21733,изгиба́ть
21734,изгиба́мъ
21735,изгиба́ать
21736,изгиба́лъ
21737,изгиба́лъ
21738,изгиба́ли
21739,изгиба́ли
21740,xxx
21741,xxx
21742,и́згатавляѫть
21743,изгатавля́ла
21744,xxx
21745,xxx
21746,xxx
21747,xxx
21748,xxx
21749,изживаю́
21750,и́зживаиши
21751,изживаи́те
21752,изжива́лъ
21753,xxx
21754,xxx
21755,xxx
21756,излуча́ѫть
21757,излучала́
21758,xxx
21759,xxx
21760,xxx
21761,xxx
21762,xxx
21763,xxx
21764,xxx
21765,xxx
21766,xxx
21767,изнемага́си
21768,изнемага́ли
21769,изнуря́мь
21770,изнуря́мъ
21771,изнуря́ѫть
21772,изныва́мь
21773,изныва́си
21774,изныва́мъ
21775,изныва́ѫть
21776,изныва́ѫть
21777,xxx
21778,изабрета́еши
21779,изабретае́мъ
21780,изабретало́
21781,изабретали́
21782,xxx
21783,xxx
21784,xxx
21785,xxx
21786,изрыга́мь
21787,и́зрыгате
21788,изрые́ши
21789,и́зрыете
21790,изры́ѫть
21791,изры́ли
21792,изумля́мь
21793,и́зумляить
21794,изумля́те
21795,и́зумляѫть
21796,и́зумляѫть
21797,изумляе́мъ
21798,изумляе́мъ
21799,изумля́лъ
21800,изуча́мь
21801,изучаи́те
21802,изуча́лъ
21803,и́зучали
21804,xxx
21805,xxx
21806,xxx
21807,xxx
21808,изымаю́
21809,изыма́ть
21810,изымала́
21811,изыма́ли
21812,xxx
21813,xxx
21814,име́ать
21815,имело́
21816,xxx
21817,xxx
21818,xxx
21819,xxx
21820,xxx
21821,xxx
21822,xxx
21823,xxx
21824,xxx
21825,xxx
21826,xxx
21827,xxx
21828,xxx
21829,инициализирава́ать
21830,инициализирава́лъ
21831,инициализирава́лъ
21832,xxx
21833,xxx
21834,xxx
21835,xxx
21836,xxx
21837,xxx
21838,xxx
21839,xxx
21840,xxx
21841,xxx
21842,xxx
21843,xxx
21844,xxx
21845,xxx
21846,xxx
21847,xxx
21848,xxx
21849,и́сключаете
21850,и́сключала
21851,искареня́мъ
21852,искареняло́
21853,искривляи́ши
21854,искривляи́мъ
21855,и́скривляите
21856,искривля́ать
21857,искривляло́
21858,и́скриеть
21859,искрие́мъ
21860,искрие́мъ
21861,искри́ла
21862,и́скрили
21863,xxx
21864,испаведава́си
21865,испаведава́ѫть
21866,испаведавала́
21867,испаведавало́
21868,xxx
21869,xxx
21870,xxx
21871,и́спальзаваиши
21872,и́спальзаваить
21873,испальзава́лъ
21874,испальзава́ла
21875,и́спальзавали
21876,xxx
21877,xxx
21878,xxx
21879,xxx
21880,xxx
21881,испускае́ши
21882,испуска́ли
21883,и́сследаваеши
21884,исследава́ла
21885,и́сследавали
21886,иссуша́ить
21887,иссушаи́мъ
21888,и́ссушаите
21889,xxx
21890,xxx
21891,xxx
21892,истерили́
21893,истерили́
21894,xxx
21895,xxx
21896,xxx
21897,xxx
21898,xxx
21899,xxx
21900,исхадиѫ́
21901,и́схадиеши
21902,и́схадиеши
21903,исхадие́те
21904,исцарапыва́лъ
21905,исцарапыва́ла
21906,исцарапыва́ла
21907,исцарапыва́ла
21908,xxx
21909,xxx
21910,исчисляи́ши
21911,исчисля́ать
21912,исчисля́лъ
21913,исчисляи́ши
21914,исчисляи́ть
21915,исчисляло́
21916,исчисля́ли
21917,xxx
21918,xxx
21919,xxx
21920,xxx
21921,xxx
21922,xxx
21923,xxx
21924,xxx
21925,xxx
21926,xxx
21927,xxx
21928,xxx
21929,клеии́ши
21930,клеии́мъ
21931,клейми́мь
21932,клейми́ѫть
21933,клеймила́
21934,клании́мъ
21935,кло́ниите
21936,клани́ать
21937,кланила́
21938,клани́ли
21939,клании́ши
21940,клании́ть
21941,кланило́
21942,xxx
21943,xxx
21944,xxx
21945,xxx
21946,xxx
21947,xxx
21948,xxx
21949,xxx
21950,xxx
21951,xxx
21952,xxx
21953,xxx
21954,xxx
21955,xxx
21956,xxx
21957,калбаси́си
21958,калбаси́лъ
21959,калбасила́
21960,калбасило́
21961,xxx
21962,xxx
21963,xxx
21964,xxx
21965,xxx
21966,клати́те
21967,клати́лъ
21968,кла́тили
21969,кла́тили
21970,клати́те
21971,калати́лъ
21972,ко́латили
21973,кла́лъ
21974,ко́лаиши
21975,калаи́мъ
21976,кла́ла
21977,кла́ли
21978,xxx
21979,xxx
21980,xxx
21981,xxx
21982,xxx
21983,xxx
21984,xxx
21985,xxx
21986,xxx
21987,xxx
21988,xxx
21989,xxx
21990,xxx
21991,xxx
21992,xxx
21993,xxx
21994,xxx
21995,xxx
21996,xxx
21997,xxx
21998,xxx
21999,xxx
22000,канфузи́мь
22001,канфузи́мъ
22002,ко́нфузиѫть
22003,ко́нфузиѫть
22004,ко́нфузили
22005,xxx
22006,xxx
22007,капи́иши
22008,ко́пиите
22009,капило́
22010,капи́си
22011,ко́пите
22012,капи́ѫть
22013,капи́ли
22014,ко́пашите
22015,капашило́
22016,капти́мь
22017,капти́лъ
22018,кари́мь
22019,кари́лъ
22020,кармиѫ́
22021,ко́рмила
22022,ко́рмиете
22023,ко́рмиете
22024,карми́ѫть
22025,карми́лъ
22026,xxx
22027,карчию́
22028,карчии́мъ
22029,карчи́иши
22030,ко́рчиите
22031,карчили́
22032,каси́мъ
22033,каси́ли
22034,кастила́
22035,кастило́
22036,xxx
22037,xxx
22038,xxx
22039,xxx
22040,xxx
22041,крепию́
22042,кре́пиить
22043,крепи́ла
22044,крепие́мъ
22045,крепи́лъ
22046,крепи́ла
22047,крепну́лъ
22048,кре́стииши
22049,кре́стиать
22050,кре́стиать
22051,кре́стииши
22052,крести́мъ
22053,крести́мъ
22054,крести́мъ
22055,крести́ла
22056,xxx
22057,xxx
22058,xxx
22059,xxx
22060,xxx
22061,xxx
22062,xxx
22063,крававие́мъ
22064,крававие́те
22065,xxx
22066,xxx
22067,xxx
22068,xxx
22069,краии́мъ
22070,краила́
22071,краило́
22072,краи́ли
22073,крашию́
22074,краши́иши
22075,кро́шиите
22076,крашило́
22077,крашили́
22078,xxx
22079,xxx
22080,xxx
22081,xxx
22082,xxx
22083,xxx
22084,xxx
22085,xxx
22086,xxx
22087,xxx
22088,xxx
22089,xxx
22090,xxx
22091,xxx
22092,лакираваѫ́
22093,лакирава́еть
22094,лакиравае́мъ
22095,лакирава́ѫть
22096,ла́киравала
22097,xxx
22098,xxx
22099,xxx
22100,xxx
22101,xxx
22102,xxx
22103,xxx
22104,ле́леяете
22105,лелеяло́
22106,лелея́ли
22107,лелея́ли
22108,лепета́ла
22109,лепета́ла
22110,ле́петали
22111,ле́пиете
22112,лепи́лъ
22113,лепили́
22114,xxx
22115,лѣчиѫ́
22116,личие́мъ
22117,лѣ́чиѫть
22118,ле́чиеши
22119,лечие́мъ
22120,лечие́мъ
22121,либѣральнича́мь
22122,ли́бѣральничаси
22123,ли́бѣральничать
22124,либиральнича́мъ
22125,xxx
22126,xxx
22127,xxx
22128,липну́мь
22129,ли́пнуси
22130,липну́те
22131,липну́ла
22132,лави́мь
22133,лави́мъ
22134,ло́вите
22135,лавчию́
22136,лавчи́ить
22137,лавчии́мъ
22138,xxx
22139,xxx
22140,лами́мь
22141,лами́си
22142,лами́ть
22143,лами́мъ
22144,лами́мъ
22145,лами́лъ
22146,xxx
22147,xxx
22148,xxx
22149,xxx
22150,ласни́мь
22151,ласни́си
22152,ло́сните
22153,xxx
22154,лу́чиеши
22155,лучие́те
22156,лу́чиѫть
22157,лучи́ла
22158,лучи́ла
22159,лу́чили
22160,лысѣ́еть
22161,лы́сѣла
22162,лы́сила
22163,xxx
22164,xxx
22165,xxx
22166,xxx
22167,xxx
22168,xxx
22169,xxx
22170,xxx
22171,xxx
22172,xxx
22173,манкираваѫ́
22174,манкиравае́мъ
22175,ма́нкираваете
22176,манкирава́ѫть
22177,манкирава́лъ
22178,манкирава́ли
22179,манкирава́ли
22180,xxx
22181,маринава́иши
22182,ма́ринавала
22183,марширава́ла
22184,марширава́ла
22185,маскирава́си
22186,маскирава́ѫть
22187,маскирава́лъ
22188,маскиравало́
22189,маскирава́ѫть
22190,маскиравала́
22191,маскирава́ли
22192,маскирава́ли
22193,xxx
22194,xxx
22195,ма́ссираваать
22196,мастериѫ́
22197,ма́стериеши
22198,ма́стериѫть
22199,мастери́лъ
22200,мастери́ла
22201,мастери́ла
22202,ма́стерили
22203,материю́
22204,матери́иши
22205,матери́ить
22206,материло́
22207,материли́
22208,матери́мь
22209,матери́мъ
22210,матери́ѫть
22211,матери́лъ
22212,материла́
22213,xxx
22214,xxx
22215,xxx
22216,xxx
22217,xxx
22218,xxx
22219,маячиѫ́
22220,ма́ячиеши
22221,маячие́мъ
22222,ма́ячиѫть
22223,маячи́лъ
22224,ма́ячили
22225,медли́си
22226,медли́ть
22227,медли́ѫть
22228,медли́ѫть
22229,медли́лъ
22230,медли́ли
22231,xxx
22232,xxx
22233,мерии́ши
22234,мери́ли
22235,мери́ли
22236,меркну́ла
22237,ме́ркнули
22238,меси́иши
22239,меси́ать
22240,ме́сила
22241,xxx
22242,xxx
22243,мети́еть
22244,ме́тиете
22245,ме́тила
22246,метили́
22247,xxx
22248,xxx
22249,мё́рзнуѫть
22250,мёрзну́лъ
22251,мёрзну́ла
22252,милитаризираваю́
22253,милитаризирава́иши
22254,милитаризираваи́мъ
22255,ми́литаризиравала
22256,милитаризиравали́
22257,xxx
22258,xxx
22259,мириѫ́
22260,мирие́мъ
22261,ми́риете
22262,ми́рила
22263,ми́рила
22264,мирили́
22265,xxx
22266,xxx
22267,xxx
22268,xxx
22269,xxx
22270,xxx
22271,xxx
22272,xxx
22273,xxx
22274,xxx
22275,xxx
22276,xxx
22277,макну́лъ
22278,малви́мь
22279,малвила́
22280,малвила́
22281,малвило́
22282,мо́лиите
22283,мали́лъ
22284,мали́ли
22285,малкнуѫ́
22286,мо́лкнуѫть
22287,мо́лкнули
22288,мо́лкнули
22289,маладеи́ши
22290,мо́ладеите
22291,младе́лъ
22292,маладела́
22293,xxx
22294,xxx
22295,xxx
22296,марщию́
22297,марщи́ать
22298,марщи́лъ
22299,мастиѫ́
22300,масти́еши
22301,масти́еть
22302,мастие́мъ
22303,мастие́мъ
22304,масти́лъ
22305,мо́стила
22306,xxx
22307,xxx
22308,xxx
22309,xxx
22310,xxx
22311,xxx
22312,xxx
22313,xxx
22314,мачи́лъ
22315,мачи́лъ
22316,мачи́ла
22317,мо́чиеши
22318,мо́чиѫть
22319,мачи́ла
22320,мрачне́мь
22321,мрачне́мъ
22322,мра́чнете
22323,мрачнело́
22324,му́дрииши
22325,му́дрииши
22326,му́дриать
22327,мудри́лъ
22328,му́дрили
22329,xxx
22330,xxx
22331,xxx
22332,xxx
22333,xxx
22334,мусари́си
22335,мусари́ть
22336,му́сарите
22337,мусари́ѫть
22338,мусарило́
22339,мусарило́
22340,мусари́ли
22341,xxx
22342,xxx
22343,xxx
22344,xxx
22345,xxx
22346,мучии́мъ
22347,мучи́ла
22348,мучи́ла
22349,мучиѫ́
22350,му́чиеть
22351,мучие́мъ
22352,му́чиѫть
22353,мучи́ла
22354,мучи́ла
22355,мучи́ла
22356,xxx
22357,xxx
22358,xxx
22359,мы́слииши
22360,мысли́ла
22361,мыслиѫ́
22362,мы́слиеши
22363,мыслие́мъ
22364,мыслие́мъ
22365,мысли́лъ
22366,мысли́ла
22367,xxx
22368,xxx
22369,xxx
22370,xxx
22371,xxx
22372,xxx
22373,xxx
22374,xxx
22375,xxx
22376,xxx
22377,xxx
22378,xxx
22379,xxx
22380,xxx
22381,xxx
22382,xxx
22383,xxx
22384,xxx
22385,xxx
22386,xxx
22387,xxx
22388,xxx
22389,xxx
22390,xxx
22391,xxx
22392,xxx
22393,xxx
22394,xxx
22395,xxx
22396,xxx
22397,xxx
22398,xxx
22399,наглею́
22400,на́глеить
22401,наглеи́те
22402,нагле́ла
22403,xxx
22404,xxx
22405,xxx
22406,xxx
22407,xxx
22408,xxx
22409,xxx
22410,xxx
22411,xxx
22412,xxx
22413,xxx
22414,xxx
22415,xxx
22416,xxx
22417,xxx
22418,xxx
22419,xxx
22420,xxx
22421,xxx
22422,xxx
22423,xxx
22424,xxx
22425,xxx
22426,xxx
22427,xxx
22428,xxx
22429,xxx
22430,xxx
22431,xxx
22432,xxx
22433,xxx
22434,xxx
22435,xxx
22436,xxx
22437,xxx
22438,xxx
22439,xxx
22440,xxx
22441,xxx
22442,xxx
22443,xxx
22444,xxx
22445,xxx
22446,xxx
22447,xxx
22448,xxx
22449,xxx
22450,xxx
22451,xxx
22452,xxx
22453,xxx
22454,xxx
22455,xxx
22456,xxx
22457,xxx
22458,xxx
22459,xxx
22460,xxx
22461,xxx
22462,xxx
22463,xxx
22464,xxx
22465,xxx
22466,xxx
22467,xxx
22468,xxx
22469,xxx
22470,xxx
22471,xxx
22472,xxx
22473,xxx
22474,xxx
22475,xxx
22476,xxx
22477,xxx
22478,xxx
22479,xxx
22480,xxx
22481,xxx
22482,xxx
22483,xxx
22484,xxx
22485,xxx
22486,xxx
22487,xxx
22488,xxx
22489,xxx
22490,xxx
22491,xxx
22492,xxx
22493,xxx
22494,xxx
22495,xxx
22496,xxx
22497,xxx
22498,xxx
22499,xxx
22500,xxx
22501,xxx
22502,xxx
22503,xxx
22504,xxx
22505,xxx
22506,xxx
22507,xxx
22508,xxx
22509,xxx
22510,xxx
22511,xxx
22512,xxx
22513,xxx
22514,xxx
22515,на́силаваеть
22516,насилавае́мъ
22517,насилава́лъ
22518,на́силавали
22519,xxx
22520,xxx
22521,xxx
22522,xxx
22523,xxx
22524,xxx
22525,xxx
22526,xxx
22527,xxx
22528,xxx
22529,xxx
22530,xxx
22531,xxx
22532,xxx
22533,xxx
22534,xxx
22535,xxx
22536,xxx
22537,xxx
22538,xxx
22539,xxx
22540,xxx
22541,xxx
22542,xxx
22543,xxx
22544,xxx
22545,xxx
22546,xxx
22547,xxx
22548,xxx
22549,xxx
22550,xxx
22551,xxx
22552,xxx
22553,xxx
22554,xxx
22555,xxx
22556,xxx
22557,xxx
22558,xxx
22559,xxx
22560,xxx
22561,xxx
22562,xxx
22563,xxx
22564,xxx
22565,xxx
22566,xxx
22567,xxx
22568,xxx
22569,xxx
22570,ницну́мь
22571,ницну́мъ
22572,ни́цнуѫть
22573,ни́цнули
22574,наси́ѫть
22575,наси́лъ
22576,насили́
22577,начѣваю́
22578,но́чиваите
22579,xxx
22580,xxx
22581,xxx
22582,xxx
22583,xxx
22584,xxx
22585,xxx
22586,xxx
22587,xxx
22588,xxx
22589,xxx
22590,xxx
22591,xxx
22592,xxx
22593,xxx
22594,xxx
22595,xxx
22596,xxx
22597,xxx
22598,xxx
22599,xxx
22600,xxx
22601,xxx
22602,xxx
22603,xxx
22604,xxx
22605,xxx
22606,xxx
22607,xxx
22608,xxx
22609,xxx
22610,xxx
22611,xxx
22612,xxx
22613,xxx
22614,xxx
22615,xxx
22616,xxx
22617,xxx
22618,xxx
22619,xxx
22620,xxx
22621,xxx
22622,xxx
22623,xxx
22624,xxx
22625,xxx
22626,xxx
22627,xxx
22628,xxx
22629,xxx
22630,xxx
22631,xxx
22632,xxx
22633,xxx
22634,xxx
22635,xxx
22636,xxx
22637,xxx
22638,xxx
22639,xxx
22640,xxx
22641,xxx
22642,xxx
22643,xxx
22644,xxx
22645,xxx
22646,xxx
22647,xxx
22648,xxx
22649,xxx
22650,xxx
22651,xxx
22652,xxx
22653,xxx
22654,xxx
22655,xxx
22656,xxx
22657,xxx
22658,xxx
22659,xxx
22660,xxx
22661,xxx
22662,xxx
22663,xxx
22664,xxx
22665,xxx
22666,xxx
22667,xxx
22668,xxx
22669,xxx
22670,xxx
22671,xxx
22672,xxx
22673,xxx
22674,xxx
22675,xxx
22676,xxx
22677,xxx
22678,xxx
22679,xxx
22680,xxx
22681,xxx
22682,xxx
22683,xxx
22684,xxx
22685,xxx
22686,xxx
22687,xxx
22688,xxx
22689,xxx
22690,xxx
22691,xxx
22692,xxx
22693,xxx
22694,xxx
22695,xxx
22696,xxx
22697,xxx
22698,xxx
22699,xxx
22700,xxx
22701,xxx
22702,xxx
22703,абруши́еть
22704,абрушило́
22705,xxx
22706,xxx
22707,xxx
22708,xxx
22709,xxx
22710,xxx
22711,xxx
22712,xxx
22713,xxx
22714,xxx
22715,xxx
22716,xxx
22717,xxx
22718,xxx
22719,xxx
22720,xxx
22721,xxx
22722,xxx
22723,xxx
22724,xxx
22725,xxx
22726,xxx
22727,xxx
22728,xxx
22729,xxx
22730,xxx
22731,xxx
22732,xxx
22733,xxx
22734,xxx
22735,xxx
22736,xxx
22737,xxx
22738,xxx
22739,xxx
22740,xxx
22741,xxx
22742,xxx
22743,xxx
22744,xxx
22745,xxx
22746,xxx
22747,xxx
22748,xxx
22749,xxx
22750,xxx
22751,xxx
22752,xxx
22753,xxx
22754,xxx
22755,xxx
22756,xxx
22757,xxx
22758,xxx
22759,xxx
22760,xxx
22761,xxx
22762,xxx
22763,xxx
22764,xxx
22765,xxx
22766,xxx
22767,xxx
22768,xxx
22769,xxx
22770,xxx
22771,xxx
22772,xxx
22773,xxx
22774,xxx
22775,xxx
22776,xxx
22777,xxx
22778,xxx
22779,xxx
22780,аграничиваю́
22781,аграничива́лъ
22782,аграничивало́
22783,xxx
22784,xxx
22785,xxx
22786,xxx
22787,xxx
22788,xxx
22789,xxx
22790,xxx
22791,xxx
22792,xxx
22793,xxx
22794,xxx
22795,xxx
22796,xxx
22797,xxx
22798,xxx
22799,xxx
22800,xxx
22801,xxx
22802,xxx
22803,xxx
22804,xxx
22805,xxx
22806,xxx
22807,xxx
22808,xxx
22809,xxx
22810,xxx
22811,xxx
22812,xxx
22813,xxx
22814,xxx
22815,xxx
22816,xxx
22817,xxx
22818,xxx
22819,xxx
22820,xxx
22821,xxx
22822,xxx
22823,xxx
22824,xxx
22825,xxx
22826,xxx
22827,xxx
22828,xxx
22829,xxx
22830,xxx
22831,xxx
22832,xxx
22833,xxx
22834,xxx
22835,xxx
22836,xxx
22837,xxx
22838,xxx
22839,xxx
22840,xxx
22841,xxx
22842,xxx
22843,xxx
22844,xxx
22845,xxx
22846,xxx
22847,xxx
22848,xxx
22849,xxx
22850,xxx
22851,xxx
22852,xxx
22853,xxx
22854,xxx
22855,xxx
22856,xxx
22857,xxx
22858,xxx
22859,xxx
22860,xxx
22861,xxx
22862,xxx
22863,xxx
22864,xxx
22865,xxx
22866,xxx
22867,xxx
22868,xxx
22869,xxx
22870,xxx
22871,xxx
22872,xxx
22873,xxx
22874,xxx
22875,xxx
22876,xxx
22877,xxx
22878,xxx
22879,xxx
22880,xxx
22881,xxx
22882,xxx
22883,xxx
22884,xxx
22885,xxx
22886,xxx
22887,xxx
22888,xxx
22889,xxx
22890,xxx
22891,xxx
22892,xxx
22893,xxx
22894,xxx
22895,xxx
22896,xxx
22897,xxx
22898,xxx
22899,xxx
22900,xxx
22901,xxx
22902,xxx
22903,xxx
22904,xxx
22905,xxx
22906,xxx
22907,xxx
22908,xxx
22909,xxx
22910,xxx
22911,xxx
22912,xxx
22913,xxx
22914,xxx
22915,xxx
22916,xxx
22917,xxx
22918,xxx
22919,xxx
22920,xxx
22921,xxx
22922,xxx
22923,xxx
22924,xxx
22925,xxx
22926,xxx
22927,xxx
22928,xxx
22929,xxx
22930,xxx
22931,xxx
22932,xxx
22933,xxx
22934,xxx
22935,xxx
22936,xxx
22937,xxx
22938,xxx
22939,xxx
22940,xxx
22941,xxx
22942,xxx
22943,xxx
22944,xxx
22945,xxx
22946,xxx
22947,xxx
22948,xxx
22949,xxx
22950,xxx
22951,xxx
22952,xxx
22953,xxx
22954,xxx
22955,xxx
22956,xxx
22957,xxx
22958,xxx
22959,xxx
22960,xxx
22961,xxx
22962,xxx
22963,xxx
22964,xxx
22965,xxx
22966,xxx
22967,xxx
22968,xxx
22969,xxx
22970,xxx
22971,xxx
22972,xxx
22973,xxx
22974,xxx
22975,xxx
22976,xxx
22977,xxx
22978,xxx
22979,xxx
22980,xxx
22981,xxx
22982,xxx
22983,xxx
22984,xxx
22985,xxx
22986,xxx
22987,xxx
22988,xxx
22989,xxx
22990,xxx
22991,xxx
22992,xxx
22993,xxx
22994,xxx
22995,xxx
22996,xxx
22997,xxx
22998,xxx
22999,xxx
23000,xxx
23001,xxx
23002,xxx
23003,xxx
23004,xxx
23005,xxx
23006,xxx
23007,xxx
23008,xxx
23009,xxx
23010,xxx
23011,xxx
23012,xxx
23013,xxx
23014,xxx
23015,xxx
23016,xxx
23017,xxx
23018,xxx
23019,xxx
23020,xxx
23021,xxx
23022,xxx
23023,xxx
23024,xxx
23025,xxx
23026,xxx
23027,xxx
23028,xxx
23029,xxx
23030,xxx
23031,xxx
23032,xxx
23033,xxx
23034,xxx
23035,xxx
23036,xxx
23037,xxx
23038,xxx
23039,xxx
23040,xxx
23041,xxx
23042,xxx
23043,xxx
23044,xxx
23045,xxx
23046,xxx
23047,xxx
23048,xxx
23049,xxx
23050,xxx
23051,xxx
23052,xxx
23053,xxx
23054,xxx
23055,xxx
23056,xxx
23057,xxx
23058,xxx
23059,xxx
23060,xxx
23061,xxx
23062,xxx
23063,xxx
23064,xxx
23065,xxx
23066,xxx
23067,xxx
23068,xxx
23069,xxx
23070,xxx
23071,xxx
23072,xxx
23073,xxx
23074,xxx
23075,xxx
23076,xxx
23077,xxx
23078,xxx
23079,xxx
23080,xxx
23081,xxx
23082,xxx
23083,xxx
23084,xxx
23085,xxx
23086,xxx
23087,xxx
23088,xxx
23089,xxx
23090,xxx
23091,xxx
23092,xxx
23093,xxx
23094,xxx
23095,xxx
23096,xxx
23097,xxx
23098,xxx
23099,xxx
23100,xxx
23101,xxx
23102,xxx
23103,xxx
23104,xxx
23105,xxx
23106,xxx
23107,xxx
23108,xxx
23109,xxx
23110,xxx
23111,xxx
23112,xxx
23113,xxx
23114,xxx
23115,xxx
23116,xxx
23117,xxx
23118,xxx
23119,xxx
23120,xxx
23121,xxx
23122,xxx
23123,xxx
23124,xxx
23125,xxx
23126,xxx
23127,xxx
23128,xxx
23129,xxx
23130,xxx
23131,xxx
23132,xxx
23133,xxx
23134,xxx
23135,xxx
23136,xxx
23137,xxx
23138,xxx
23139,xxx
23140,xxx
23141,xxx
23142,xxx
23143,xxx
23144,xxx
23145,xxx
23146,ахатие́мъ
23147,о́хатиете
23148,о́хатиете
23149,ахати́ѫть
23150,ахатила́
23151,xxx
23152,xxx
23153,xxx
23154,xxx
23155,xxx
23156,xxx
23157,xxx
23158,xxx
23159,патрулирава́еши
23160,патрулиравае́мъ
23161,па́трулиравала
23162,патрулиравало́
23163,патрулиравали́
23164,xxx
23165,xxx
23166,xxx
23167,xxx
23168,xxx
23169,xxx
23170,xxx
23171,xxx
23172,xxx
23173,xxx
23174,xxx
23175,xxx
23176,xxx
23177,xxx
23178,xxx
23179,xxx
23180,xxx
23181,xxx
23182,привази́еть
23183,прѣ́вазиете
23184,xxx
23185,xxx
23186,xxx
23187,xxx
23188,xxx
23189,xxx
23190,xxx
23191,xxx
23192,xxx
23193,xxx
23194,xxx
23195,xxx
23196,xxx
23197,xxx
23198,xxx
23199,xxx
23200,xxx
23201,xxx
23202,xxx
23203,xxx
23204,xxx
23205,xxx
23206,xxx
23207,xxx
23208,xxx
23209,xxx
23210,xxx
23211,xxx
23212,xxx
23213,xxx
23214,xxx
23215,xxx
23216,xxx
23217,xxx
23218,xxx
23219,xxx
23220,xxx
23221,xxx
23222,xxx
23223,xxx
23224,xxx
23225,xxx
23226,xxx
23227,xxx
23228,xxx
23229,xxx
23230,xxx
23231,xxx
23232,xxx
23233,xxx
23234,xxx
23235,xxx
23236,xxx
23237,xxx
23238,xxx
23239,xxx
23240,xxx
23241,xxx
23242,xxx
23243,xxx
23244,xxx
23245,xxx
23246,xxx
23247,xxx
23248,xxx
23249,xxx
23250,xxx
23251,xxx
23252,xxx
23253,xxx
23254,xxx
23255,xxx
23256,xxx
23257,xxx
23258,xxx
23259,xxx
23260,xxx
23261,xxx
23262,xxx
23263,xxx
23264,xxx
23265,xxx
23266,xxx
23267,xxx
23268,xxx
23269,xxx
23270,xxx
23271,xxx
23272,xxx
23273,xxx
23274,xxx
23275,xxx
23276,xxx
23277,xxx
23278,xxx
23279,xxx
23280,xxx
23281,xxx
23282,xxx
23283,xxx
23284,xxx
23285,xxx
23286,xxx
23287,xxx
23288,xxx
23289,xxx
23290,xxx
23291,xxx
23292,xxx
23293,xxx
23294,xxx
23295,xxx
23296,xxx
23297,xxx
23298,xxx
23299,xxx
23300,xxx
23301,xxx
23302,xxx
23303,xxx
23304,xxx
23305,xxx
23306,xxx
23307,xxx
23308,xxx
23309,xxx
23310,xxx
23311,xxx
23312,xxx
23313,xxx
23314,xxx
23315,xxx
23316,xxx
23317,xxx
23318,xxx
23319,xxx
23320,xxx
23321,xxx
23322,xxx
23323,пиздию́
23324,пизди́мъ
23325,пизди́те
23326,пи́здили
23327,пиздячию́
23328,пиздячи́ить
23329,пиздячии́мъ
23330,пиздячили́
23331,пи́лиѫть
23332,пи́лиѫть
23333,xxx
23334,пи́сываиши
23335,пи́сывали
23336,xxx
23337,xxx
23338,xxx
23339,xxx
23340,xxx
23341,xxx
23342,xxx
23343,xxx
23344,xxx
23345,xxx
23346,xxx
23347,xxx
23348,xxx
23349,xxx
23350,xxx
23351,пладанасию́
23352,пладатвари́лъ
23353,пладатварило́
23354,xxx
23355,xxx
23356,плющи́мъ
23357,плющила́
23358,плющила́
23359,плющило́
23360,xxx
23361,xxx
23362,xxx
23363,xxx
23364,xxx
23365,xxx
23366,xxx
23367,xxx
23368,xxx
23369,xxx
23370,xxx
23371,xxx
23372,xxx
23373,xxx
23374,xxx
23375,xxx
23376,xxx
23377,xxx
23378,xxx
23379,xxx
23380,xxx
23381,xxx
23382,xxx
23383,xxx
23384,xxx
23385,xxx
23386,xxx
23387,xxx
23388,xxx
23389,xxx
23390,xxx
23391,xxx
23392,xxx
23393,xxx
23394,xxx
23395,xxx
23396,xxx
23397,xxx
23398,xxx
23399,xxx
23400,xxx
23401,xxx
23402,xxx
23403,xxx
23404,xxx
23405,xxx
23406,xxx
23407,xxx
23408,xxx
23409,xxx
23410,xxx
23411,xxx
23412,xxx
23413,xxx
23414,xxx
23415,xxx
23416,xxx
23417,xxx
23418,xxx
23419,xxx
23420,xxx
23421,xxx
23422,xxx
23423,xxx
23424,xxx
23425,xxx
23426,xxx
23427,xxx
23428,xxx
23429,xxx
23430,xxx
23431,xxx
23432,xxx
23433,xxx
23434,xxx
23435,xxx
23436,xxx
23437,xxx
23438,xxx
23439,xxx
23440,xxx
23441,xxx
23442,xxx
23443,xxx
23444,xxx
23445,xxx
23446,xxx
23447,xxx
23448,xxx
23449,xxx
23450,xxx
23451,xxx
23452,xxx
23453,xxx
23454,xxx
23455,xxx
23456,xxx
23457,xxx
23458,xxx
23459,xxx
23460,xxx
23461,xxx
23462,xxx
23463,xxx
23464,xxx
23465,xxx
23466,xxx
23467,xxx
23468,xxx
23469,xxx
23470,xxx
23471,xxx
23472,xxx
23473,xxx
23474,xxx
23475,xxx
23476,xxx
23477,xxx
23478,xxx
23479,xxx
23480,xxx
23481,xxx
23482,xxx
23483,xxx
23484,xxx
23485,xxx
23486,xxx
23487,xxx
23488,xxx
23489,xxx
23490,xxx
23491,xxx
23492,xxx
23493,xxx
23494,xxx
23495,xxx
23496,xxx
23497,xxx
23498,xxx
23499,xxx
23500,xxx
23501,xxx
23502,xxx
23503,xxx
23504,xxx
23505,xxx
23506,xxx
23507,xxx
23508,xxx
23509,xxx
23510,xxx
23511,xxx
23512,xxx
23513,xxx
23514,xxx
23515,xxx
23516,xxx
23517,xxx
23518,xxx
23519,xxx
23520,xxx
23521,xxx
23522,xxx
23523,xxx
23524,xxx
23525,xxx
23526,xxx
23527,xxx
23528,xxx
23529,xxx
23530,xxx
23531,xxx
23532,xxx
23533,xxx
23534,xxx
23535,xxx
23536,xxx
23537,xxx
23538,xxx
23539,xxx
23540,xxx
23541,xxx
23542,xxx
23543,xxx
23544,xxx
23545,xxx
23546,xxx
23547,xxx
23548,xxx
23549,xxx
23550,xxx
23551,xxx
23552,xxx
23553,xxx
23554,xxx
23555,xxx
23556,xxx
23557,xxx
23558,xxx
23559,xxx
23560,xxx
23561,xxx
23562,xxx
23563,xxx
23564,xxx
23565,xxx
23566,xxx
23567,xxx
23568,xxx
23569,xxx
23570,xxx
23571,xxx
23572,xxx
23573,xxx
23574,xxx
23575,xxx
23576,xxx
23577,xxx
23578,xxx
23579,xxx
23580,xxx
23581,xxx
23582,xxx
23583,xxx
23584,xxx
23585,xxx
23586,xxx
23587,xxx
23588,xxx
23589,xxx
23590,xxx
23591,xxx
23592,xxx
23593,xxx
23594,xxx
23595,xxx
23596,xxx
23597,xxx
23598,xxx
23599,xxx
23600,xxx
23601,xxx
23602,xxx
23603,xxx
23604,xxx
23605,xxx
23606,xxx
23607,xxx
23608,xxx
23609,xxx
23610,xxx
23611,xxx
23612,xxx
23613,xxx
23614,xxx
23615,xxx
23616,xxx
23617,xxx
23618,xxx
23619,xxx
23620,xxx
23621,xxx
23622,xxx
23623,xxx
23624,xxx
23625,xxx
23626,xxx
23627,xxx
23628,xxx
23629,xxx
23630,xxx
23631,xxx
23632,xxx
23633,xxx
23634,xxx
23635,xxx
23636,xxx
23637,xxx
23638,xxx
23639,xxx
23640,xxx
23641,xxx
23642,парти́мь
23643,парти́мъ
23644,парти́лъ
23645,парти́мь
23646,парти́мъ
23647,парти́те
23648,парти́ла
23649,паручию́
23650,xxx
23651,xxx
23652,xxx
23653,xxx
23654,xxx
23655,xxx
23656,xxx
23657,xxx
23658,xxx
23659,xxx
23660,xxx
23661,xxx
23662,xxx
23663,xxx
23664,xxx
23665,xxx
23666,xxx
23667,xxx
23668,xxx
23669,xxx
23670,xxx
23671,xxx
23672,xxx
23673,xxx
23674,xxx
23675,xxx
23676,xxx
23677,xxx
23678,xxx
23679,xxx
23680,xxx
23681,xxx
23682,xxx
23683,xxx
23684,xxx
23685,xxx
23686,xxx
23687,xxx
23688,xxx
23689,xxx
23690,xxx
23691,xxx
23692,xxx
23693,xxx
23694,xxx
23695,xxx
23696,xxx
23697,xxx
23698,xxx
23699,xxx
23700,xxx
23701,xxx
23702,xxx
23703,xxx
23704,xxx
23705,xxx
23706,xxx
23707,xxx
23708,xxx
23709,xxx
23710,xxx
23711,xxx
23712,пре́вазнасииши
23713,пре́вазнасиать
23714,пре́вазнасили
23715,пре́васхадиеши
23716,превасхадие́те
23717,превасхадие́те
23718,xxx
23719,xxx
23720,xxx
23721,xxx
23722,xxx
23723,xxx
23724,xxx
23725,xxx
23726,xxx
23727,xxx
23728,xxx
23729,xxx
23730,xxx
23731,xxx
23732,xxx
23733,xxx
23734,xxx
23735,xxx
23736,xxx
23737,xxx
23738,xxx
23739,xxx
23740,xxx
23741,xxx
23742,xxx
23743,xxx
23744,xxx
23745,xxx
23746,xxx
23747,xxx
23748,xxx
23749,xxx
23750,xxx
23751,xxx
23752,xxx
23753,xxx
23754,xxx
23755,xxx
23756,xxx
23757,xxx
23758,xxx
23759,xxx
23760,xxx
23761,xxx
23762,xxx
23763,xxx
23764,xxx
23765,xxx
23766,xxx
23767,xxx
23768,xxx
23769,препаднасию́
23770,препаднасии́мъ
23771,xxx
23772,xxx
23773,xxx
23774,xxx
23775,xxx
23776,xxx
23777,xxx
23778,xxx
23779,xxx
23780,xxx
23781,xxx
23782,xxx
23783,xxx
23784,прибиваю́
23785,прибиваю́
23786,прибива́ить
23787,прибива́ать
23788,прибива́ать
23789,прибива́лъ
23790,прибивали́
23791,прибивали́
23792,прибира́иши
23793,прибира́иши
23794,прибира́ать
23795,прибира́лъ
23796,прибирало́
23797,приближаю́
23798,приближаю́
23799,приближа́лъ
23800,приближала́
23801,xxx
23802,xxx
23803,xxx
23804,приветстваваю́
23805,приветствава́ла
23806,привива́мь
23807,привива́мь
23808,привива́ли
23809,при́внасиите
23810,привнасила́
23811,привадие́мъ
23812,привадие́те
23813,xxx
23814,xxx
23815,xxx
23816,xxx
23817,xxx
23818,xxx
23819,xxx
23820,призибаю́
23821,призибаи́мъ
23822,призибаю́
23823,xxx
23824,xxx
23825,xxx
23826,xxx
23827,призлуша́еши
23828,при́злушаете
23829,призлушали́
23830,xxx
23831,xxx
23832,xxx
23833,xxx
23834,xxx
23835,xxx
23836,xxx
23837,xxx
23838,xxx
23839,xxx
23840,xxx
23841,xxx
23842,xxx
23843,призатавляю́
23844,при́затавляить
23845,при́затавляать
23846,при́затавляать
23847,призатавля́лъ
23848,призатавля́ла
23849,при́затавляли
23850,призатавля́мь
23851,призатавля́лъ
23852,xxx
23853,xxx
23854,xxx
23855,xxx
23856,xxx
23857,при́двизаеши
23858,придвизае́мъ
23859,при́двизаѫть
23860,придвиза́лъ
23861,придвизае́те
23862,придвизае́те
23863,при́двизаѫть
23864,придвиза́ла
23865,придвиза́ла
23866,при́двизали
23867,xxx
23868,xxx
23869,xxx
23870,xxx
23871,xxx
23872,xxx
23873,придира́еши
23874,придира́еши
23875,придира́еть
23876,xxx
23877,xxx
23878,xxx
23879,xxx
23880,при́живаиши
23881,при́живаить
23882,при́живаать
23883,прижива́лъ
23884,прижимаю́
23885,при́жимаить
23886,прижима́ла
23887,при́жимаѫть
23888,при́жимаѫть
23889,прижима́ла
23890,призадумыва́мъ
23891,при́задумываѫть
23892,призадумыва́ла
23893,xxx
23894,xxx
23895,xxx
23896,xxx
23897,xxx
23898,xxx
23899,xxx
23900,xxx
23901,xxx
23902,xxx
23903,xxx
23904,xxx
23905,xxx
23906,приципа́мь
23907,при́ципате
23908,приципа́ѫть
23909,приципа́лъ
23910,xxx
23911,xxx
23912,xxx
23913,прицлюча́си
23914,прицлюча́си
23915,прицлючало́
23916,xxx
23917,xxx
23918,xxx
23919,прицрыва́мь
23920,прицрыва́ть
23921,прицрыва́ѫть
23922,прицрыва́лъ
23923,прицрыва́ать
23924,при́црывала
23925,прицрывало́
23926,прицрывали́
23927,xxx
23928,xxx
23929,xxx
23930,xxx
23931,xxx
23932,xxx
23933,xxx
23934,xxx
23935,прилипа́ать
23936,прилипала́
23937,прилипа́ли
23938,xxx
23939,при́миряите
23940,примиря́ать
23941,примиря́ать
23942,примиряю́
23943,примиряи́мъ
23944,примиря́лъ
23945,xxx
23946,xxx
23947,xxx
23948,xxx
23949,xxx
23950,примыка́иши
23951,примыка́ить
23952,при́мыкаите
23953,примыкали́
23954,приница́лъ
23955,приницали́
23956,принимаю́
23957,при́нимаите
23958,при́нимала
23959,принужда́мь
23960,принужда́мъ
23961,принужда́ла
23962,xxx
23963,xxx
23964,xxx
23965,xxx
23966,xxx
23967,xxx
23968,xxx
23969,xxx
23970,xxx
23971,xxx
23972,xxx
23973,xxx
23974,припаркавываю́
23975,при́паркавываиши
23976,при́паркавываать
23977,припаркавыва́ла
23978,при́паркавывали
23979,xxx
23980,xxx
23981,припира́ть
23982,припирала́
23983,припирало́
23984,припира́иши
23985,припирало́
23986,припирали́
23987,приплываю́
23988,приплываи́мъ
23989,при́плываите
23990,xxx
23991,xxx
23992,xxx
23993,xxx
23994,xxx
23995,xxx
23996,при́пухаиши
23997,припухаи́те
23998,приручаи́те
23999,прируча́ла
24000,приручаѫ́
24001,при́ручаеши
24002,при́ручали
24003,xxx
24004,xxx
24005,xxx
24006,xxx
24007,xxx
24008,xxx
24009,xxx
24010,xxx
24011,xxx
24012,xxx
24013,xxx
24014,xxx
24015,xxx
24016,xxx
24017,xxx
24018,при́спасабляиши
24019,приспасабля́те
24020,приспасабля́лъ
24021,приспасабляи́мъ
24022,приспасабля́ла
24023,при́спасабляли
24024,xxx
24025,xxx
24026,xxx
24027,xxx
24028,xxx
24029,xxx
24030,при́ступаите
24031,приступала́
24032,приступало́
24033,приступа́ли
24034,приступа́ли
24035,присужда́мь
24036,присужда́мъ
24037,присужда́лъ
24038,присужда́ли
24039,xxx
24040,xxx
24041,xxx
24042,xxx
24043,пританцавываѫ́
24044,пританцавывае́мъ
24045,пританцавывало́
24046,xxx
24047,притисаи́те
24048,при́тисали
24049,xxx
24050,xxx
24051,при́учате
24052,приуча́лъ
24053,приуча́лъ
24054,приучало́
24055,приуча́ли
24056,xxx
24057,xxx
24058,xxx
24059,xxx
24060,xxx
24061,xxx
24062,xxx
24063,xxx
24064,при́чиняси
24065,причиня́мъ
24066,причиня́лъ
24067,причиня́ла
24068,при́чиняли
24069,при́чиняли
24070,причисля́ла
24071,причита́иши
24072,при́читала
24073,при́читала
24074,причита́иши
24075,при́читаите
24076,причитали́
24077,пришибаѫ́
24078,пришиба́еши
24079,пришибае́мъ
24080,при́шибала
24081,пришибало́
24082,пришибало́
24083,пришиваю́
24084,пришива́лъ
24085,xxx
24086,xxx
24087,xxx
24088,xxx
24089,xxx
24090,xxx
24091,xxx
24092,xxx
24093,xxx
24094,xxx
24095,xxx
24096,xxx
24097,xxx
24098,xxx
24099,xxx
24100,xxx
24101,xxx
24102,xxx
24103,xxx
24104,xxx
24105,xxx
24106,xxx
24107,xxx
24108,xxx
24109,xxx
24110,xxx
24111,xxx
24112,xxx
24113,xxx
24114,xxx
24115,xxx
24116,xxx
24117,xxx
24118,xxx
24119,xxx
24120,xxx
24121,xxx
24122,xxx
24123,xxx
24124,xxx
24125,xxx
24126,xxx
24127,xxx
24128,xxx
24129,xxx
24130,xxx
24131,xxx
24132,xxx
24133,xxx
24134,xxx
24135,xxx
24136,xxx
24137,xxx
24138,xxx
24139,xxx
24140,xxx
24141,xxx
24142,xxx
24143,xxx
24144,xxx
24145,xxx
24146,xxx
24147,xxx
24148,xxx
24149,xxx
24150,xxx
24151,xxx
24152,xxx
24153,xxx
24154,xxx
24155,xxx
24156,xxx
24157,xxx
24158,xxx
24159,xxx
24160,xxx
24161,xxx
24162,xxx
24163,xxx
24164,xxx
24165,xxx
24166,xxx
24167,xxx
24168,xxx
24169,xxx
24170,xxx
24171,xxx
24172,xxx
24173,xxx
24174,xxx
24175,xxx
24176,xxx
24177,xxx
24178,xxx
24179,xxx
24180,xxx
24181,xxx
24182,xxx
24183,xxx
24184,xxx
24185,xxx
24186,xxx
24187,xxx
24188,xxx
24189,xxx
24190,xxx
24191,xxx
24192,xxx
24193,xxx
24194,xxx
24195,xxx
24196,xxx
24197,xxx
24198,xxx
24199,xxx
24200,xxx
24201,xxx
24202,xxx
24203,xxx
24204,xxx
24205,xxx
24206,xxx
24207,xxx
24208,xxx
24209,xxx
24210,xxx
24211,xxx
24212,прасиѫ́
24213,про́сиеши
24214,праси́ла
24215,праси́ла
24216,xxx
24217,xxx
24218,xxx
24219,xxx
24220,xxx
24221,xxx
24222,xxx
24223,xxx
24224,xxx
24225,xxx
24226,xxx
24227,xxx
24228,xxx
24229,xxx
24230,xxx
24231,xxx
24232,xxx
24233,xxx
24234,xxx
24235,xxx
24236,xxx
24237,xxx
24238,xxx
24239,xxx
24240,xxx
24241,xxx
24242,xxx
24243,xxx
24244,xxx
24245,xxx
24246,xxx
24247,пративии́мъ
24248,пративи́лъ
24249,про́тивила
24250,xxx
24251,xxx
24252,xxx
24253,xxx
24254,xxx
24255,xxx
24256,xxx
24257,xxx
24258,xxx
24259,xxx
24260,xxx
24261,xxx
24262,xxx
24263,xxx
24264,xxx
24265,xxx
24266,прачию́
24267,прачии́мъ
24268,про́чиите
24269,прачи́лъ
24270,xxx
24271,xxx
24272,xxx
24273,xxx
24274,xxx
24275,xxx
24276,пружини́мь
24277,пру́жините
24278,пружинила́
24279,пружинила́
24280,xxx
24281,xxx
24282,xxx
24283,xxx
24284,xxx
24285,xxx
24286,xxx
24287,xxx
24288,xxx
24289,xxx
24290,xxx
24291,xxx
24292,xxx
24293,xxx
24294,xxx
24295,xxx
24296,xxx
24297,xxx
24298,xxx
24299,xxx
24300,xxx
24301,xxx
24302,xxx
24303,xxx
24304,xxx
24305,xxx
24306,путешествавае́те
24307,путешествава́лъ
24308,путешествава́ла
24309,путешествава́ла
24310,пухну́си
24311,пухну́си
24312,пу́хнуте
24313,пухнула́
24314,пухнуло́
24315,пухну́ли
24316,пучи́мъ
24317,пучи́лъ
24318,пу́чили
24319,пылию́
24320,пылию́
24321,пы́лиить
24322,пыли́ла
24323,пыли́ла
24324,xxx
24325,xxx
24326,xxx
24327,xxx
24328,xxx
24329,xxx
24330,xxx
24331,xxx
24332,xxx
24333,xxx
24334,xxx
24335,xxx
24336,xxx
24337,xxx
24338,xxx
24339,xxx
24340,xxx
24341,xxx
24342,xxx
24343,радее́ть
24344,ра́деете
24345,раде́ѫть
24346,радела́
24347,радело́
24348,радирава́мь
24349,ра́дираваси
24350,радирава́те
24351,ра́диравали
24352,xxx
24353,xxx
24354,xxx
24355,xxx
24356,xxx
24357,xxx
24358,xxx
24359,xxx
24360,xxx
24361,xxx
24362,xxx
24363,xxx
24364,xxx
24365,xxx
24366,xxx
24367,xxx
24368,xxx
24369,xxx
24370,ра́звадиси
24371,ра́звадить
24372,ра́звадиѫть
24373,ра́звадили
24374,развазие́те
24375,развази́ла
24376,xxx
24377,xxx
24378,xxx
24379,xxx
24380,xxx
24381,xxx
24382,xxx
24383,xxx
24384,xxx
24385,xxx
24386,xxx
24387,xxx
24388,xxx
24389,xxx
24390,xxx
24391,xxx
24392,xxx
24393,xxx
24394,xxx
24395,xxx
24396,xxx
24397,xxx
24398,xxx
24399,xxx
24400,xxx
24401,xxx
24402,xxx
24403,xxx
24404,xxx
24405,xxx
24406,xxx
24407,xxx
24408,xxx
24409,xxx
24410,xxx
24411,xxx
24412,xxx
24413,xxx
24414,xxx
24415,xxx
24416,xxx
24417,xxx
24418,xxx
24419,xxx
24420,xxx
24421,xxx
24422,xxx
24423,xxx
24424,xxx
24425,xxx
24426,xxx
24427,xxx
24428,xxx
24429,xxx
24430,xxx
24431,xxx
24432,xxx
24433,xxx
24434,xxx
24435,xxx
24436,xxx
24437,ра́знасиеши
24438,разнасие́мъ
24439,разнаси́лъ
24440,разнаси́ла
24441,разнасие́мъ
24442,разнаси́лъ
24443,разнаси́ла
24444,ра́знасили
24445,xxx
24446,xxx
24447,xxx
24448,xxx
24449,xxx
24450,xxx
24451,xxx
24452,xxx
24453,xxx
24454,xxx
24455,xxx
24456,xxx
24457,xxx
24458,xxx
24459,xxx
24460,xxx
24461,xxx
24462,xxx
24463,ра́зубеждаиши
24464,ра́зубеждаать
24465,xxx
24466,xxx
24467,xxx
24468,xxx
24469,xxx
24470,xxx
24471,xxx
24472,xxx
24473,xxx
24474,xxx
24475,xxx
24476,xxx
24477,xxx
24478,xxx
24479,xxx
24480,xxx
24481,xxx
24482,xxx
24483,xxx
24484,xxx
24485,xxx
24486,xxx
24487,xxx
24488,xxx
24489,xxx
24490,xxx
24491,xxx
24492,xxx
24493,xxx
24494,xxx
24495,xxx
24496,xxx
24497,xxx
24498,xxx
24499,xxx
24500,xxx
24501,xxx
24502,xxx
24503,xxx
24504,xxx
24505,xxx
24506,xxx
24507,xxx
24508,xxx
24509,xxx
24510,xxx
24511,xxx
24512,xxx
24513,xxx
24514,xxx
24515,xxx
24516,xxx
24517,xxx
24518,xxx
24519,xxx
24520,xxx
24521,xxx
24522,xxx
24523,xxx
24524,xxx
24525,xxx
24526,xxx
24527,xxx
24528,xxx
24529,xxx
24530,xxx
24531,xxx
24532,xxx
24533,xxx
24534,xxx
24535,xxx
24536,xxx
24537,xxx
24538,xxx
24539,xxx
24540,xxx
24541,xxx
24542,xxx
24543,xxx
24544,xxx
24545,xxx
24546,xxx
24547,xxx
24548,xxx
24549,xxx
24550,xxx
24551,xxx
24552,xxx
24553,xxx
24554,xxx
24555,xxx
24556,xxx
24557,xxx
24558,xxx
24559,xxx
24560,xxx
24561,xxx
24562,xxx
24563,xxx
24564,xxx
24565,xxx
24566,xxx
24567,xxx
24568,xxx
24569,xxx
24570,xxx
24571,xxx
24572,xxx
24573,xxx
24574,xxx
24575,xxx
24576,xxx
24577,xxx
24578,xxx
24579,xxx
24580,xxx
24581,xxx
24582,xxx
24583,xxx
24584,xxx
24585,xxx
24586,xxx
24587,xxx
24588,xxx
24589,xxx
24590,xxx
24591,xxx
24592,xxx
24593,xxx
24594,xxx
24595,xxx
24596,xxx
24597,xxx
24598,xxx
24599,xxx
24600,xxx
24601,xxx
24602,xxx
24603,xxx
24604,xxx
24605,xxx
24606,xxx
24607,xxx
24608,xxx
24609,xxx
24610,xxx
24611,xxx
24612,ревнаваѫ́
24613,ревнава́лъ
24614,xxx
24615,xxx
24616,xxx
24617,xxx
24618,xxx
24619,xxx
24620,xxx
24621,xxx
24622,xxx
24623,xxx
24624,xxx
24625,резвиѫ́
24626,резвие́ши
24627,резвие́мъ
24628,резвило́
24629,xxx
24630,xxx
24631,xxx
24632,xxx
24633,xxx
24634,xxx
24635,xxx
24636,xxx
24637,ржавѣѫ́
24638,ржавѣ́ла
24639,xxx
24640,радни́мь
24641,радни́ть
24642,радни́мъ
24643,радни́ѫть
24644,xxx
24645,xxx
24646,xxx
24647,xxx
24648,разавею́
24649,разавеи́те
24650,разавеи́те
24651,ро́иси
24652,раи́ла
24653,ро́или
24654,раи́мь
24655,раи́мь
24656,ро́иѫть
24657,раи́лъ
24658,раката́мъ
24659,раката́мъ
24660,ро́катате
24661,ракатала́
24662,ракатала́
24663,xxx
24664,рубиѫ́
24665,ру́биеть
24666,рубие́те
24667,ру́били
24668,xxx
24669,xxx
24670,рукаблудничаи́ши
24671,ру́каблудничате
24672,рукаблудничало́
24673,рукаблуднича́ли
24674,ру́кадельничаите
24675,рули́еши
24676,рули́еть
24677,рули́лъ
24678,ру́лила
24679,рулило́
24680,xxx
24681,xxx
24682,xxx
24683,руши́мь
24684,руши́мь
24685,руши́те
24686,руши́лъ
24687,руши́ла
24688,ру́шиѫть
24689,руши́ла
24690,руши́ла
24691,xxx
24692,xxx
24693,xxx
24694,xxx
24695,xxx
24696,xxx
24697,xxx
24698,xxx
24699,xxx
24700,xxx
24701,xxx
24702,xxx
24703,xxx
24704,сверлиѫ́
24705,све́рлиеть
24706,сверли́ла
24707,сверли́ла
24708,xxx
24709,xxx
24710,светии́те
24711,све́тиать
24712,свѣтию́
24713,свѣ́тииши
24714,свѣ́тииши
24715,свѣ́тиать
24716,свѣ́тиать
24717,xxx
24718,xxx
24719,xxx
24720,xxx
24721,xxx
24722,xxx
24723,xxx
24724,xxx
24725,xxx
24726,xxx
24727,xxx
24728,xxx
24729,xxx
24730,xxx
24731,xxx
24732,свирепстваваю́
24733,сви́репстваваиши
24734,свирепстваваи́те
24735,свирепствава́лъ
24736,сви́репствавали
24737,xxx
24738,xxx
24739,свади́мь
24740,сво́диси
24741,сво́дить
24742,свади́ла
24743,свади́ла
24744,сво́дили
24745,свази́мь
24746,свази́ла
24747,сво́зили
24748,xxx
24749,xxx
24750,xxx
24751,xxx
24752,xxx
24753,xxx
24754,xxx
24755,xxx
24756,xxx
24757,xxx
24758,xxx
24759,xxx
24760,xxx
24761,xxx
24762,xxx
24763,xxx
24764,xxx
24765,xxx
24766,xxx
24767,xxx
24768,xxx
24769,xxx
24770,xxx
24771,xxx
24772,xxx
24773,xxx
24774,xxx
24775,xxx
24776,xxx
24777,xxx
24778,xxx
24779,xxx
24780,xxx
24781,xxx
24782,xxx
24783,xxx
24784,xxx
24785,xxx
24786,xxx
24787,xxx
24788,xxx
24789,селии́те
24790,се́лиать
24791,сели́лъ
24792,сели́лъ
24793,сели́ла
24794,сели́ла
24795,сели́ла
24796,сѣрди́мь
24797,сѣ́рдиси
24798,сирди́лъ
24799,сирди́ла
24800,xxx
24801,xxx
24802,xxx
24803,xxx
24804,xxx
24805,xxx
24806,xxx
24807,xxx
24808,xxx
24809,xxx
24810,xxx
24811,xxx
24812,xxx
24813,xxx
24814,xxx
24815,xxx
24816,xxx
24817,xxx
24818,xxx
24819,сизналии́ть
24820,си́зналиите
24821,сизнали́ать
24822,сизнали́лъ
24823,сизнали́лъ
24824,сизнали́ли
24825,си́лиить
24826,силии́мъ
24827,си́лиать
24828,xxx
24829,xxx
24830,xxx
24831,xxx
24832,xxx
24833,xxx
24834,xxx
24835,ска́ндалиси
24836,ска́ндалили
24837,xxx
24838,xxx
24839,xxx
24840,xxx
24841,xxx
24842,xxx
24843,xxx
24844,xxx
24845,xxx
24846,xxx
24847,xxx
24848,xxx
24849,xxx
24850,xxx
24851,xxx
24852,xxx
24853,скво́зиеши
24854,сквазие́те
24855,скидываѫ́
24856,ски́дываете
24857,скидыва́лъ
24858,скидыва́ли
24859,xxx
24860,xxx
24861,xxx
24862,xxx
24863,xxx
24864,xxx
24865,xxx
24866,скальзию́
24867,ско́льзииши
24868,скальзии́те
24869,скальзи́ла
24870,скальзи́ла
24871,xxx
24872,xxx
24873,xxx
24874,xxx
24875,xxx
24876,xxx
24877,xxx
24878,xxx
24879,xxx
24880,xxx
24881,xxx
24882,xxx
24883,скручива́ѫть
24884,скручивала́
24885,скручива́ли
24886,скрючивае́мъ
24887,скрючива́ѫть
24888,скрючивала́
24889,ску́лииши
24890,скули́лъ
24891,ску́лили
24892,xxx
24893,xxx
24894,xxx
24895,ску́пить
24896,скупи́ла
24897,xxx
24898,xxx
24899,xxx
24900,xxx
24901,xxx
24902,xxx
24903,xxx
24904,xxx
24905,xxx
24906,xxx
24907,xxx
24908,сле́диить
24909,следии́мъ
24910,сле́диать
24911,следи́ла
24912,xxx
24913,xxx
24914,сле́зиеть
24915,сле́зили
24916,слепи́мъ
24917,слепи́лъ
24918,слепи́ла
24919,слипнуѫ́
24920,слѣпнуе́мъ
24921,слѣпну́лъ
24922,xxx
24923,xxx
24924,xxx
24925,xxx
24926,xxx
24927,xxx
24928,xxx
24929,xxx
24930,служие́ть
24931,служие́мъ
24932,служи́ѫть
24933,служи́ли
24934,xxx
24935,xxx
24936,xxx
24937,xxx
24938,xxx
24939,xxx
24940,xxx
24941,xxx
24942,xxx
24943,xxx
24944,xxx
24945,xxx
24946,xxx
24947,xxx
24948,xxx
24949,xxx
24950,xxx
24951,xxx
24952,xxx
24953,xxx
24954,xxx
24955,смешию́
24956,смешию́
24957,смешии́мъ
24958,xxx
24959,xxx
24960,xxx
24961,xxx
24962,xxx
24963,xxx
24964,xxx
24965,xxx
24966,xxx
24967,xxx
24968,xxx
24969,xxx
24970,xxx
24971,xxx
24972,xxx
24973,смыслиѫ́
24974,смыслие́мъ
24975,смы́слиѫть
24976,смысли́лъ
24977,смысли́ла
24978,смы́слили
24979,xxx
24980,xxx
24981,xxx
24982,xxx
24983,xxx
24984,xxx
24985,xxx
24986,xxx
24987,xxx
24988,xxx
24989,xxx
24990,xxx
24991,xxx
24992,снисхадиѫ́
24993,снисхади́лъ
24994,xxx
24995,xxx
24996,xxx
24997,xxx
24998,xxx
24999,xxx
25000,xxx
25001,xxx
25002,xxx
25003,xxx
25004,xxx
25005,xxx
25006,xxx
25007,xxx
25008,xxx
25009,xxx
25010,xxx
25011,xxx
25012,xxx
25013,xxx
25014,xxx
25015,xxx
25016,xxx
25017,xxx
25018,xxx
25019,xxx
25020,xxx
25021,xxx
25022,xxx
25023,xxx
25024,xxx
25025,xxx
25026,xxx
25027,xxx
25028,xxx
25029,саатнасие́мъ
25030,саатнасило́
25031,саатнаси́ли
25032,саатнасию́
25033,со́атнасиите
25034,саатнаси́ать
25035,саатнаси́ли
25036,xxx
25037,xxx
25038,xxx
25039,xxx
25040,xxx
25041,xxx
25042,xxx
25043,xxx
25044,xxx
25045,xxx
25046,xxx
25047,xxx
25048,xxx
25049,xxx
25050,сарию́
25051,со́риать
25052,сари́ла
25053,сари́ла
25054,xxx
25055,xxx
25056,xxx
25057,xxx
25058,xxx
25059,xxx
25060,xxx
25061,xxx
25062,сахну́мъ
25063,со́хнуте
25064,сахну́ѫть
25065,сахну́ѫть
25066,сахну́ли
25067,xxx
25068,сачи́еши
25069,сачие́мъ
25070,сачи́ѫть
25071,сачи́ѫть
25072,со́чите
25073,сачи́ли
25074,сащурие́ши
25075,сащури́ѫть
25076,сащури́ѫть
25077,сащури́лъ
25078,сащурило́
25079,xxx
25080,xxx
25081,xxx
25082,xxx
25083,xxx
25084,xxx
25085,xxx
25086,xxx
25087,xxx
25088,xxx
25089,xxx
25090,xxx
25091,xxx
25092,списываѫ́
25093,спи́сываете
25094,списыва́ѫть
25095,списывало́
25096,списиваѫ́
25097,спи́сиваете
25098,спи́сиваете
25099,списива́лъ
25100,xxx
25101,сплющиваи́те
25102,сплющива́ла
25103,сплющива́ла
25104,спарию́
25105,спо́риить
25106,спари́ла
25107,спо́рили
25108,xxx
25109,xxx
25110,спрыгивае́ть
25111,спрыгивае́мъ
25112,спрыгивало́
25113,xxx
25114,xxx
25115,xxx
25116,xxx
25117,спугива́иши
25118,спугива́лъ
25119,xxx
25120,xxx
25121,xxx
25122,xxx
25123,xxx
25124,xxx
25125,xxx
25126,xxx
25127,ссарие́те
25128,ссо́риѫть
25129,ссари́лъ
25130,xxx
25131,xxx
25132,стабилизирава́еши
25133,xxx
25134,xxx
25135,xxx
25136,xxx
25137,xxx
25138,xxx
25139,xxx
25140,xxx
25141,xxx
25142,xxx
25143,xxx
25144,xxx
25145,xxx
25146,xxx
25147,xxx
25148,сте́лиеши
25149,сте́лиѫть
25150,сте́лиѫть
25151,стели́ла
25152,xxx
25153,xxx
25154,xxx
25155,xxx
25156,xxx
25157,xxx
25158,xxx
25159,xxx
25160,xxx
25161,xxx
25162,xxx
25163,xxx
25164,стискива́иши
25165,стискивали́
25166,стискивали́
25167,xxx
25168,xxx
25169,xxx
25170,xxx
25171,xxx
25172,xxx
25173,xxx
25174,xxx
25175,xxx
25176,xxx
25177,xxx
25178,xxx
25179,xxx
25180,xxx
25181,xxx
25182,xxx
25183,xxx
25184,стрѣ́миеть
25185,стрѣми́лъ
25186,стрѣ́мили
25187,стрѣ́мили
25188,xxx
25189,xxx
25190,страи́мь
25191,страи́те
25192,xxx
25193,стру́ииши
25194,струи́мъ
25195,струи́ла
25196,стру́или
25197,xxx
25198,xxx
25199,xxx
25200,xxx
25201,студие́мъ
25202,студи́лъ
25203,студи́ла
25204,xxx
25205,xxx
25206,xxx
25207,xxx
25208,xxx
25209,xxx
25210,xxx
25211,сты́диать
25212,стыди́ла
25213,стыну́мь
25214,стыну́те
25215,стыну́лъ
25216,xxx
25217,xxx
25218,xxx
25219,xxx
25220,судила́
25221,судие́ть
25222,суди́ѫть
25223,суди́лъ
25224,судило́
25225,суди́ли
25226,xxx
25227,xxx
25228,сужива́си
25229,суживало́
25230,суживаю́
25231,суживаю́
25232,сужива́лъ
25233,суживала́
25234,сулиѫ́
25235,су́лиеши
25236,сули́лъ
25237,сули́ла
25238,xxx
25239,супие́ши
25240,супи́ѫть
25241,супила́
25242,супила́
25243,су́тулиете
25244,сутулила́
25245,сутули́си
25246,сутули́мъ
25247,сутули́мъ
25248,сутули́ѫть
25249,сутулила́
25250,сутулило́
25251,су́шиѫть
25252,суши́лъ
25253,суши́ла
25254,сушие́мъ
25255,сушие́те
25256,схади́ть
25257,схо́дите
25258,xxx
25259,xxx
25260,xxx
25261,xxx
25262,xxx
25263,считываѫ́
25264,считыва́еши
25265,считыва́еть
25266,считывали́
25267,xxx
25268,xxx
25269,xxx
25270,xxx
25271,xxx
25272,xxx
25273,xxx
25274,xxx
25275,xxx
25276,xxx
25277,xxx
25278,xxx
25279,xxx
25280,xxx
25281,xxx
25282,xxx
25283,xxx
25284,xxx
25285,сыскива́еши
25286,сыскива́еши
25287,сы́скиваете
25288,сы́скивала
25289,сыскивало́
25290,xxx
25291,xxx
25292,xxx
25293,xxx
25294,xxx
25295,xxx
25296,та́ращиси
25297,таращи́мъ
25298,таращи́мь
25299,та́ращиси
25300,таращи́лъ
25301,таращи́ла
25302,xxx
25303,xxx
25304,xxx
25305,xxx
25306,xxx
25307,xxx
25308,твѣрдию́
25309,те́мниать
25310,темни́лъ
25311,те́плииши
25312,те́плииши
25313,те́плиить
25314,тепли́лъ
25315,xxx
25316,xxx
25317,xxx
25318,xxx
25319,xxx
25320,тесниѫ́
25321,те́снили
25322,xxx
25323,xxx
25324,xxx
25325,теши́си
25326,тешила́
25327,тешило́
25328,тирани́ѫть
25329,тирани́лъ
25330,тирани́ли
25331,xxx
25332,xxx
25333,xxx
25334,xxx
25335,xxx
25336,xxx
25337,xxx
25338,xxx
25339,xxx
25340,xxx
25341,xxx
25342,xxx
25343,xxx
25344,то́лпиеши
25345,xxx
25346,то́мили
25347,тамиѫ́
25348,тами́ла
25349,тами́ла
25350,то́нуеши
25351,тану́лъ
25352,тапи́иши
25353,тапи́ать
25354,тапи́лъ
25355,xxx
25356,xxx
25357,xxx
25358,xxx
25359,xxx
25360,xxx
25361,xxx
25362,xxx
25363,xxx
25364,xxx
25365,xxx
25366,xxx
25367,xxx
25368,xxx
25369,xxx
25370,xxx
25371,xxx
25372,xxx
25373,xxx
25374,xxx
25375,xxx
25376,xxx
25377,xxx
25378,xxx
25379,xxx
25380,xxx
25381,тра́нслитерираваѫть
25382,транслитерирава́лъ
25383,транслитерирава́ла
25384,транслитерирава́ла
25385,транслитерирава́ла
25386,транслитерирава́ла
25387,xxx
25388,xxx
25389,xxx
25390,xxx
25391,xxx
25392,xxx
25393,xxx
25394,xxx
25395,xxx
25396,xxx
25397,xxx
25398,xxx
25399,xxx
25400,xxx
25401,xxx
25402,xxx
25403,xxx
25404,xxx
25405,xxx
25406,xxx
25407,xxx
25408,xxx
25409,xxx
25410,xxx
25411,xxx
25412,xxx
25413,xxx
25414,труби́мь
25415,тру́биси
25416,тру́биѫть
25417,труби́ла
25418,тру́били
25419,трудию́
25420,тру́дииши
25421,тру́диать
25422,труди́лъ
25423,труди́ла
25424,труди́ла
25425,тру́дили
25426,xxx
25427,xxx
25428,xxx
25429,xxx
25430,xxx
25431,xxx
25432,тумани́мь
25433,тумани́мъ
25434,туманило́
25435,туманило́
25436,туманило́
25437,xxx
25438,xxx
25439,xxx
25440,xxx
25441,xxx
25442,xxx
25443,тыри́мь
25444,ты́риси
25445,ты́риси
25446,xxx
25447,xxx
25448,xxx
25449,xxx
25450,убрѣга́мъ
25451,у́берегаѫть
25452,уберега́ла
25453,убива́иши
25454,убиваи́мъ
25455,убивало́
25456,убира́еши
25457,у́бираете
25458,у́бирала
25459,у́бирала
25460,убирало́
25461,убываю́
25462,убыва́иши
25463,убываи́мъ
25464,у́бываите
25465,у́бывала
25466,убыстряи́мъ
25467,убыстря́лъ
25468,у́быстряла
25469,убыстряло́
25470,убыстряло́
25471,убыстряли́
25472,увеличиваи́те
25473,у́величиваѫть
25474,у́величивали
25475,xxx
25476,xxx
25477,увечи́ѫть
25478,xxx
25479,xxx
25480,xxx
25481,xxx
25482,xxx
25483,xxx
25484,xxx
25485,xxx
25486,xxx
25487,xxx
25488,xxx
25489,xxx
25490,xxx
25491,увазие́те
25492,увазие́те
25493,у́вазиѫть
25494,xxx
25495,xxx
25496,xxx
25497,увязываи́ши
25498,у́вязываите
25499,увязыва́ать
25500,увязыва́ли
25501,увязыва́мь
25502,увязыва́си
25503,у́вязывате
25504,xxx
25505,xxx
25506,xxx
25507,xxx
25508,xxx
25509,xxx
25510,xxx
25511,xxx
25512,xxx
25513,xxx
25514,xxx
25515,xxx
25516,удивля́мъ
25517,у́дивляѫть
25518,у́дивляѫть
25519,удивля́ла
25520,у́дивляли
25521,удира́ть
25522,у́дирате
25523,у́дирате
25524,у́дирате
25525,удира́лъ
25526,удирала́
25527,уди́ить
25528,удии́мъ
25529,у́дила
25530,удило́
25531,удлиня́еть
25532,удлиняли́
25533,xxx
25534,удаставеря́иши
25535,удаставеря́иши
25536,удаставеря́иши
25537,удаставеря́лъ
25538,удаставеряѫ́
25539,удаставеря́еши
25540,удаставеря́лъ
25541,xxx
25542,xxx
25543,xxx
25544,xxx
25545,удачеря́мь
25546,удачеряла́
25547,удачеряло́
25548,узаканива́лъ
25549,узаканива́ла
25550,xxx
25551,xxx
25552,улавливаи́мъ
25553,у́лавливаите
25554,улавлива́лъ
25555,улавливало́
25556,улаживаи́ши
25557,у́лаживаите
25558,xxx
25559,xxx
25560,xxx
25561,xxx
25562,xxx
25563,xxx
25564,xxx
25565,у́малчиваеши
25566,у́малчиваеть
25567,умалчивае́мъ
25568,умалчивае́те
25569,xxx
25570,у́мнееши
25571,умнее́те
25572,умне́лъ
25573,умне́ла
25574,у́мнели
25575,xxx
25576,xxx
25577,xxx
25578,xxx
25579,xxx
25580,xxx
25581,xxx
25582,унасии́мъ
25583,унаси́ла
25584,у́пакавываиши
25585,упакавываи́мъ
25586,упива́еши
25587,упивае́мъ
25588,упива́ѫть
25589,у́пивала
25590,упира́ать
25591,упира́лъ
25592,упирали́
25593,упира́лъ
25594,упира́ли
25595,xxx
25596,xxx
25597,уплыва́мъ
25598,уплыва́ѫть
25599,уплывала́
25600,уплывало́
25601,xxx
25602,xxx
25603,упарствавае́мъ
25604,упарствава́ѫть
25605,упарствавало́
25606,xxx
25607,xxx
25608,xxx
25609,упатребля́мъ
25610,упатребля́мъ
25611,упатребля́лъ
25612,упатребляло́
25613,xxx
25614,xxx
25615,xxx
25616,xxx
25617,xxx
25618,xxx
25619,xxx
25620,xxx
25621,xxx
25622,xxx
25623,xxx
25624,xxx
25625,xxx
25626,xxx
25627,xxx
25628,xxx
25629,xxx
25630,xxx
25631,xxx
25632,xxx
25633,xxx
25634,xxx
25635,xxx
25636,xxx
25637,xxx
25638,xxx
25639,xxx
25640,xxx
25641,устанавливаи́ши
25642,устанавлива́ать
25643,устилаю́
25644,устилаи́ши
25645,у́стилаите
25646,у́стилаите
25647,устила́лъ
25648,устилала́
25649,устилало́
25650,устилало́
25651,xxx
25652,xxx
25653,xxx
25654,xxx
25655,xxx
25656,xxx
25657,xxx
25658,xxx
25659,xxx
25660,xxx
25661,xxx
25662,усыпляи́ши
25663,xxx
25664,xxx
25665,xxx
25666,xxx
25667,xxx
25668,xxx
25669,xxx
25670,xxx
25671,xxx
25672,утираѫ́
25673,утира́еши
25674,у́тираете
25675,у́тирала
25676,у́тирала
25677,утирало́
25678,утиса́те
25679,утиса́ла
25680,у́тисали
25681,xxx
25682,xxx
25683,xxx
25684,у́труждаеши
25685,утруждае́мъ
25686,утружда́ла
25687,у́труждали
25688,утыка́лъ
25689,у́тыкали
25690,у́тыкать
25691,у́тыкаѫть
25692,xxx
25693,xxx
25694,xxx
25695,xxx
25696,xxx
25697,xxx
25698,xxx
25699,xxx
25700,xxx
25701,xxx
25702,xxx
25703,xxx
25704,xxx
25705,xxx
25706,xxx
25707,xxx
25708,xxx
25709,xxx
25710,xxx
25711,xxx
25712,xxx
25713,xxx
25714,xxx
25715,xxx
25716,xxx
25717,xxx
25718,xxx
25719,xxx
25720,херачиѫ́
25721,хе́рачиете
25722,херачи́лъ
25723,херачили́
25724,xxx
25725,xxx
25726,xxx
25727,xxx
25728,xxx
25729,xxx
25730,xxx
25731,xxx
25732,хме́леиши
25733,хме́леить
25734,хмелеи́те
25735,хме́леать
25736,хмеле́лъ
25737,xxx
25738,xxx
25739,xxx
25740,xxx
25741,xxx
25742,xxx
25743,хали́си
25744,хали́си
25745,хо́лите
25746,хали́лъ
25747,хлади́лъ
25748,халади́лъ
25749,хлади́ла
25750,харании́мъ
25751,харанило́
25752,xxx
25753,xxx
25754,xxx
25755,xxx
25756,xxx
25757,xxx
25758,xxx
25759,xxx
25760,xxx
25761,xxx
25762,xxx
25763,xxx
25764,xxx
25765,xxx
25766,xxx
25767,xxx
25768,xxx
25769,xxx
25770,xxx
25771,xxx
25772,xxx
25773,xxx
25774,xxx
25775,xxx
25776,xxx
25777,xxx
25778,xxx
25779,xxx
25780,xxx
25781,xxx
25782,xxx
25783,xxx
25784,xxx
25785,xxx
25786,xxx
25787,xxx
25788,xxx
25789,xxx
25790,xxx
25791,юлию́
25792,ю́лииши
25793,ю́лиать
25794,юли́лъ
25795,юли́ла
25796,юли́ла
25797,xxx
25798,xxx
25799,xxx
25800,xxx
25801,xxx
25802,xxx
25803,xxx
25804,xxx
25805,претию́
25806,претию́
25807,пре́тииши
25808,пре́тили
25809,видею́
25810,видеи́мъ
25811,ви́дела
25812,видело́
25813,видело́
25814,xxx
25815,xxx
25816,xxx
25817,xxx
25818,xxx
25819,xxx
25820,xxx
25821,xxx
25822,xxx
25823,xxx
25824,xxx
25825,xxx
25826,xxx
25827,xxx
25828,xxx
25829,xxx
25830,бальша́к
25831,бальша́к
25832,бальша́ка
25833,бальшаку́
25834,бальша́к
25835,бальшако́мъ
25836,барѣцу́
25837,бо́рѣцамь
25838,бо́рици
25839,барицо́мъ
25840,бо́рѣци
25841,барѣцѣ́хъ
25842,xxx
25843,xxx
25844,xxx
25845,xxx
25846,xxx
25847,xxx
25848,во́лчаку
25849,во́лчакамь
25850,во́лчаки
25851,во́лчакамъ
25852,во́лчакы
25853,xxx
25854,xxx
25855,xxx
25856,xxx
25857,xxx
25858,xxx
25859,xxx
25860,xxx
25861,xxx
25862,xxx
25863,xxx
25864,xxx
25865,xxx
25866,xxx
25867,xxx
25868,гри́ф
25869,гри́фи
25870,гри́фамъ
25871,гри́фы
25872,гуса́к
25873,гуса́к
25874,гуса́кѣ
25875,гу́сакы
25876,xxx
25877,xxx
25878,xxx
25879,xxx
25880,xxx
25881,xxx
25882,xxx
25883,xxx
25884,xxx
25885,xxx
25886,xxx
25887,xxx
25888,xxx
25889,xxx
25890,xxx
25891,xxx
25892,xxx
25893,xxx
25894,xxx
25895,xxx
25896,xxx
25897,xxx
25898,xxx
25899,xxx
25900,xxx
25901,xxx
25902,xxx
25903,xxx
25904,xxx
25905,xxx
25906,ка́рпъ
25907,ка́т
25908,ка́т
25909,ка́тамъ
25910,ка́ты
25911,xxx
25912,xxx
25913,xxx
25914,xxx
25915,xxx
25916,xxx
25917,xxx
25918,xxx
25919,xxx
25920,xxx
25921,xxx
25922,xxx
25923,xxx
25924,xxx
25925,xxx
25926,xxx
25927,xxx
25928,канё́ка
25929,канё́ка
25930,канёку́
25931,ко́нёки
25932,xxx
25933,xxx
25934,xxx
25935,xxx
25936,xxx
25937,xxx
25938,xxx
25939,кати́ца
25940,кати́ц
25941,ко́тици
25942,кати́ц
25943,катицо́мъ
25944,ко́тици
25945,крабало́ва
25946,крабалаву́
25947,крабало́в
25948,краблаво́мъ
25949,крабалавѣ́хъ
25950,xxx
25951,xxx
25952,xxx
25953,xxx
25954,xxx
25955,xxx
25956,xxx
25957,xxx
25958,xxx
25959,мандари́н
25960,мандари́на
25961,ма́ндаринамь
25962,мандаринѣ́хъ
25963,xxx
25964,xxx
25965,xxx
25966,xxx
25967,мла́таку
25968,мо́латак
25969,мо́латаки
25970,мла́такамъ
25971,мла́такы
25972,xxx
25973,но́сители
25974,насите́льхъ
25975,xxx
25976,xxx
25977,о́базреватели
25978,о́базреватели
25979,xxx
25980,xxx
25981,xxx
25982,xxx
25983,xxx
25984,xxx
25985,xxx
25986,по́ц
25987,пацѣ́хъ
25988,xxx
25989,xxx
25990,пти́чниц
25991,пти́чницу
25992,пти́чницу
25993,пти́чници
25994,пти́чницамъ
25995,пти́чници
25996,пти́чници
25997,xxx
25998,xxx
25999,xxx
26000,xxx
26001,xxx
26002,xxx
26003,xxx
26004,ря́бчица
26005,ря́бчицамь
26006,ря́бчиц
26007,ря́бчицамъ
26008,ря́бчици
26009,сачо́к
26010,сачо́к
26011,сачо́ка
26012,сачо́к
26013,сачо́к
26014,сачо́кы
26015,сачакѣ́хъ
26016,xxx
26017,xxx
26018,xxx
26019,xxx
26020,xxx
26021,xxx
26022,спу́тниц
26023,спу́тницамь
26024,xxx
26025,xxx
26026,xxx
26027,xxx
26028,xxx
26029,xxx
26030,xxx
26031,xxx
26032,xxx
26033,xxx
26034,xxx
26035,xxx
26036,xxx
26037,xxx
26038,xxx
26039,xxx
26040,xxx
26041,xxx
26042,xxx
26043,хлы́съту
26044,хлы́съту
26045,хлы́сътѣ
26046,хлы́съты
26047,хамя́к
26048,xxx
26049,челно́к
26050,челнакѣ́хъ
26051,xxx
26052,xxx
26053,xxx
26054,xxx
26055,xxx
26056,xxx
26057,xxx
26058,ба́бахнуѫть
26059,бабахну́лъ
26060,бабахну́ла
26061,бабахну́ла
26062,xxx
26063,xxx
26064,блесну́ть
26065,бле́снуте
26066,бро́сиѫть
26067,браси́лъ
26068,бро́сиеши
26069,брасие́те
26070,браси́ла
26071,бры́знуси
26072,бры́знуси
26073,xxx
26074,xxx
26075,буркнуи́мъ
26076,буркну́ать
26077,буркну́лъ
26078,xxx
26079,xxx
26080,xxx
26081,xxx
26082,вверии́мъ
26083,вверили́
26084,xxx
26085,xxx
26086,xxx
26087,вгляде́мь
26088,вгляде́мъ
26089,вгля́дете
26090,xxx
26091,xxx
26092,вдахну́еши
26093,вдахну́еть
26094,вдо́хнуете
26095,вдахнуло́
26096,верну́ѫть
26097,вернула́
26098,вернуло́
26099,вернуло́
26100,xxx
26101,xxx
26102,xxx
26103,взбѣсию́
26104,взбѣсию́
26105,взбисии́мъ
26106,взбѣси́те
26107,взбѣ́сили
26108,xxx
26109,xxx
26110,xxx
26111,xxx
26112,xxx
26113,xxx
26114,взви́згнуете
26115,взвизгну́лъ
26116,взвизгнуло́
26117,xxx
26118,xxx
26119,xxx
26120,взвалнаваю́
26121,взвалнаваю́
26122,взвалнаваи́ть
26123,взво́лнаваите
26124,взвалнава́ать
26125,взвалнава́ать
26126,взвалнаваи́ши
26127,xxx
26128,вздёрну́ла
26129,вздражаи́мъ
26130,вздражаи́мъ
26131,вздра́жаать
26132,вздра́жали
26133,вздахну́мъ
26134,вздо́хнуте
26135,xxx
26136,xxx
26137,xxx
26138,xxx
26139,xxx
26140,xxx
26141,xxx
26142,xxx
26143,xxx
26144,взметнула́
26145,взмѣтну́си
26146,взмѣ́тнуте
26147,взмитнуло́
26148,взмакну́ать
26149,взмакну́лъ
26150,взмали́си
26151,взмали́мъ
26152,взмали́ѫть
26153,взмали́лъ
26154,xxx
26155,xxx
26156,xxx
26157,xxx
26158,xxx
26159,xxx
26160,xxx
26161,xxx
26162,xxx
26163,xxx
26164,xxx
26165,xxx
26166,xxx
26167,визгнуе́ши
26168,визгну́ѫть
26169,визгнула́
26170,визгну́ли
26171,визгну́ли
26172,вильнуе́ши
26173,вильнуе́мъ
26174,ви́льнуете
26175,вильну́ѫть
26176,включию́
26177,включии́ть
26178,вклю́чиите
26179,xxx
26180,xxx
26181,xxx
26182,вкуси́ать
26183,вкуси́ать
26184,вкуси́лъ
26185,влепии́мъ
26186,влепи́лъ
26187,влепи́лъ
26188,вле́пили
26189,xxx
26190,xxx
26191,xxx
26192,вли́пнуеть
26193,влипну́лъ
26194,влипну́ла
26195,xxx
26196,xxx
26197,влажи́лъ
26198,влажила́
26199,влажи́ли
26200,влюбие́те
26201,влюби́ла
26202,xxx
26203,вме́стиѫть
26204,вмести́ла
26205,вне́дриите
26206,внедри́лъ
26207,внедри́лъ
26208,внедри́лъ
26209,вни́цнуеть
26210,вницнуе́мъ
26211,xxx
26212,xxx
26213,xxx
26214,xxx
26215,xxx
26216,xxx
26217,xxx
26218,xxx
26219,xxx
26220,xxx
26221,xxx
26222,xxx
26223,ваздержаю́
26224,ваздержаи́мъ
26225,во́здержаите
26226,ваздержало́
26227,xxx
26228,xxx
26229,xxx
26230,xxx
26231,xxx
26232,xxx
26233,xxx
26234,ваззрили́
26235,xxx
26236,xxx
26237,во́нзили
26238,ванзи́мь
26239,ванзи́те
26240,xxx
26241,вапию́
26242,вапи́иши
26243,во́пиите
26244,вапи́ать
26245,xxx
26246,xxx
26247,xxx
26248,xxx
26249,xxx
26250,xxx
26251,xxx
26252,xxx
26253,xxx
26254,xxx
26255,xxx
26256,xxx
26257,во́ссаздаси
26258,вассазда́лъ
26259,во́ссаздали
26260,xxx
26261,xxx
26262,ваткну́мь
26263,во́ткнуте
26264,ваткну́ѫть
26265,xxx
26266,xxx
26267,xxx
26268,xxx
26269,xxx
26270,xxx
26271,xxx
26272,xxx
26273,xxx
26274,xxx
26275,xxx
26276,xxx
26277,вселию́
26278,все́лиите
26279,вселию́
26280,вселию́
26281,вселии́ши
26282,все́лиите
26283,вселила́
26284,xxx
26285,вскиную́
26286,вскинуи́мъ
26287,вски́нуите
26288,вскинуло́
26289,вскинули́
26290,вскинуе́мъ
26291,вскинуло́
26292,вскинули́
26293,вскипѣ́ла
26294,вски́пѣли
26295,xxx
26296,xxx
26297,xxx
26298,xxx
26299,xxx
26300,вскачи́мь
26301,вскачи́ть
26302,вскри́цнуси
26303,вскри́цнуѫть
26304,вскрицну́ла
26305,xxx
26306,xxx
26307,xxx
26308,xxx
26309,xxx
26310,xxx
26311,xxx
26312,xxx
26313,всплесну́еши
26314,всплеснуе́мъ
26315,вспле́снуете
26316,вспле́снула
26317,xxx
26318,xxx
26319,xxx
26320,вспо́мниси
26321,вспо́мнить
26322,вспо́мниѫть
26323,вспу́гнуте
26324,вспугну́ѫть
26325,вспылиѫ́
26326,вспылило́
26327,вспыхну́лъ
26328,xxx
26329,xxx
26330,xxx
26331,встретиѫ́
26332,встрети́еши
26333,встре́тиете
26334,встраи́ѫть
26335,встраи́ли
26336,встраи́ть
26337,встраи́ѫть
26338,встраи́ѫть
26339,встраило́
26340,вступи́си
26341,вступи́ть
26342,вступи́ѫть
26343,вступила́
26344,вступила́
26345,всучи́те
26346,всу́чили
26347,всхлипную́
26348,всхлипнуи́мъ
26349,всхли́пнуите
26350,всхлипнула́
26351,xxx
26352,xxx
26353,xxx
26354,втисну́си
26355,втисну́мъ
26356,втисну́ѫть
26357,втиснула́
26358,втиснуло́
26359,втиснуи́мъ
26360,втиснуло́
26361,втисну́ли
26362,вто́лкаваите
26363,вталкава́ать
26364,вталкавала́
26365,вталкавало́
26366,вталкавало́
26367,втаргну́иши
26368,втаргну́лъ
26369,втаргну́лъ
26370,втаргнуло́
26371,xxx
26372,вцепии́мъ
26373,вце́пиать
26374,xxx
26375,вы́биить
26376,выби́ла
26377,вы́бриеши
26378,выбрие́мъ
26379,вы́бриѫть
26380,выбри́лъ
26381,выбри́ла
26382,выбыи́мъ
26383,xxx
26384,xxx
26385,xxx
26386,xxx
26387,xxx
26388,выверии́ть
26389,вы́вериите
26390,выверила́
26391,вывери́ли
26392,вывѣрну́си
26393,вывирну́ть
26394,вывѣрну́лъ
26395,вывирну́лъ
26396,вывѣрнуло́
26397,выверную́
26398,вывернуи́ши
26399,вывернуи́мъ
26400,вы́вернуите
26401,вывеси́си
26402,вывеси́лъ
26403,xxx
26404,xxx
26405,xxx
26406,xxx
26407,xxx
26408,xxx
26409,xxx
26410,xxx
26411,xxx
26412,xxx
26413,xxx
26414,xxx
26415,xxx
26416,xxx
26417,xxx
26418,xxx
26419,xxx
26420,xxx
26421,xxx
26422,xxx
26423,xxx
26424,xxx
26425,xxx
26426,xxx
26427,xxx
26428,выдирнуѫ́
26429,выдѣрнуе́мъ
26430,выдѣрну́ѫть
26431,выдѣрну́лъ
26432,вы́дѣрнула
26433,выдирнули́
26434,вы́дахнуте
26435,вы́дахнуте
26436,выдахну́лъ
26437,выдахну́еши
26438,вы́дахнуете
26439,xxx
26440,xxx
26441,xxx
26442,xxx
26443,xxx
26444,xxx
26445,xxx
26446,xxx
26447,xxx
26448,xxx
26449,выжѣ́ать
26450,xxx
26451,xxx
26452,xxx
26453,xxx
26454,xxx
26455,xxx
26456,xxx
26457,xxx
26458,xxx
26459,xxx
26460,xxx
26461,xxx
26462,xxx
26463,xxx
26464,xxx
26465,вы́крашиеши
26466,выкрашие́те
26467,выкраши́ла
26468,выкраши́ла
26469,xxx
26470,xxx
26471,xxx
26472,xxx
26473,xxx
26474,xxx
26475,xxx
26476,xxx
26477,xxx
26478,вылепи́мь
26479,вылепило́
26480,вылепи́ли
26481,выли́еши
26482,вы́лиете
26483,выли́ѫть
26484,выли́лъ
26485,вы́лила
26486,вылили́
26487,выли́мь
26488,выли́си
26489,вылило́
26490,вылавиѫ́
26491,вылавие́мъ
26492,вылажию́
26493,вылажи́ить
26494,вы́лажиите
26495,вылажили́
26496,вылажи́ть
26497,вылажило́
26498,вылажи́ли
26499,выламии́ши
26500,выламила́
26501,xxx
26502,xxx
26503,xxx
26504,xxx
26505,вымакнуло́
26506,вы́малвиете
26507,вы́малвиете
26508,вы́малвиете
26509,вымалви́ѫть
26510,вымалвила́
26511,вымастии́ши
26512,вымастии́ть
26513,вымастии́мъ
26514,вымастии́мъ
26515,вы́мастиите
26516,xxx
26517,xxx
26518,xxx
26519,xxx
26520,вынуи́мъ
26521,вынуло́
26522,xxx
26523,xxx
26524,xxx
26525,xxx
26526,xxx
26527,xxx
26528,xxx
26529,выплеснуи́мъ
26530,выплесну́ать
26531,вы́плеснула
26532,выплеснуло́
26533,выплы́мъ
26534,вы́плыѫть
26535,вы́плыѫть
26536,xxx
26537,xxx
26538,xxx
26539,xxx
26540,xxx
26541,xxx
26542,выпраси́мь
26543,выпраси́те
26544,выпраси́ла
26545,xxx
26546,xxx
26547,xxx
26548,xxx
26549,xxx
26550,xxx
26551,xxx
26552,xxx
26553,вырании́ши
26554,вы́раниите
26555,выранило́
26556,xxx
26557,xxx
26558,xxx
26559,xxx
26560,вырыѫ́
26561,вырые́мъ
26562,высвети́мь
26563,высвети́те
26564,высвети́ла
26565,высилило́
26566,высѣли́ли
26567,высѣ́иши
26568,высѣ́ать
26569,высѣло́
26570,высѣли́
26571,xxx
26572,выскальзнуе́ть
26573,выскальзнуе́мъ
26574,выскальзнуе́мъ
26575,вы́скальзнуете
26576,выскальзну́ли
26577,выскачи́еши
26578,выскачи́ѫть
26579,выскачи́лъ
26580,выскачи́лъ
26581,вы́скачила
26582,выскачили́
26583,выследи́мъ
26584,вы́следиѫть
26585,выследи́ла
26586,xxx
26587,xxx
26588,xxx
26589,xxx
26590,xxx
26591,высахну́лъ
26592,высахну́лъ
26593,выспраси́ить
26594,выспрасии́мъ
26595,вы́спрасиите
26596,выспрасили́
26597,xxx
26598,xxx
26599,выстрѣлиѫ́
26600,выстрилие́ть
26601,выстрѣли́ли
26602,выстриѫ́
26603,выстриѫ́
26604,выстри́еши
26605,вы́стрила
26606,выстрили́
26607,выстраие́мъ
26608,выстраие́мъ
26609,выстраило́
26610,выстраи́мь
26611,выстраи́си
26612,выстраило́
26613,xxx
26614,xxx
26615,xxx
26616,xxx
26617,xxx
26618,xxx
26619,xxx
26620,xxx
26621,xxx
26622,xxx
26623,вытвари́ть
26624,вы́тварите
26625,xxx
26626,xxx
26627,вытесни́мь
26628,вытесни́си
26629,вытесни́мъ
26630,вы́талкнуеть
26631,вытапию́
26632,вытапию́
26633,вы́тапиите
26634,вытапили́
26635,xxx
26636,xxx
26637,xxx
26638,xxx
26639,xxx
26640,xxx
26641,xxx
26642,xxx
26643,xxx
26644,xxx
26645,xxx
26646,xxx
26647,вышиѫ́
26648,вы́шиеши
26649,выши́лъ
26650,вы́шили
26651,xxx
26652,xxx
26653,глатну́еть
26654,глатнуе́мъ
26655,гло́тнуете
26656,xxx
26657,xxx
26658,xxx
26659,гракнуѫ́
26660,гракнуе́мъ
26661,гракнула́
26662,грахну́си
26663,грахну́мъ
26664,грахну́лъ
26665,грахну́мъ
26666,гро́хнуте
26667,xxx
26668,xxx
26669,xxx
26670,двинуи́ши
26671,двину́ать
26672,двину́лъ
26673,дерзную́
26674,дерзну́иши
26675,дерзну́лъ
26676,де́рзнула
26677,xxx
26678,дёрну́мъ
26679,дё́рнуѫть
26680,дёрну́ла
26681,дёрну́лъ
26682,дёрну́ла
26683,дё́рнули
26684,xxx
26685,xxx
26686,xxx
26687,даби́иши
26688,дабии́мъ
26689,до́биите
26690,даби́ать
26691,дабы́мь
26692,до́быте
26693,дабы́ѫть
26694,дабыло́
26695,xxx
26696,xxx
26697,дагавариѫ́
26698,дагавари́ѫть
26699,дагавари́лъ
26700,дагаварило́
26701,дагаварили́
26702,xxx
26703,xxx
26704,xxx
26705,xxx
26706,xxx
26707,дажию́
26708,дажии́мъ
26709,до́жиите
26710,дажи́ать
26711,до́жила
26712,xxx
26713,xxx
26714,xxx
26715,xxx
26716,xxx
26717,xxx
26718,xxx
26719,xxx
26720,xxx
26721,xxx
26722,xxx
26723,xxx
26724,xxx
26725,xxx
26726,дакури́мъ
26727,дакури́мъ
26728,до́курите
26729,дакури́ѫть
26730,дакури́лъ
26731,дакурила́
26732,дакурило́
26733,xxx
26734,xxx
26735,xxx
26736,xxx
26737,xxx
26738,xxx
26739,xxx
26740,xxx
26741,дапие́мъ
26742,дапи́лъ
26743,до́пила
26744,до́пила
26745,даплые́мъ
26746,даплые́те
26747,даплые́те
26748,даплы́ла
26749,xxx
26750,xxx
26751,xxx
26752,xxx
26753,xxx
26754,xxx
26755,xxx
26756,xxx
26757,xxx
26758,xxx
26759,xxx
26760,xxx
26761,xxx
26762,xxx
26763,xxx
26764,xxx
26765,xxx
26766,xxx
26767,xxx
26768,xxx
26769,xxx
26770,xxx
26771,xxx
26772,xxx
26773,xxx
26774,xxx
26775,xxx
26776,xxx
26777,дуну́те
26778,дуну́лъ
26779,ёкну́иши
26780,ёкну́ать
26781,xxx
26782,xxx
26783,xxx
26784,xxx
26785,xxx
26786,xxx
26787,xxx
26788,xxx
26789,xxx
26790,xxx
26791,xxx
26792,xxx
26793,xxx
26794,xxx
26795,xxx
26796,xxx
26797,xxx
26798,xxx
26799,xxx
26800,xxx
26801,xxx
26802,xxx
26803,завали́иши
26804,завали́ить
26805,завалии́мъ
26806,за́валила
26807,за́валила
26808,завалило́
26809,xxx
26810,xxx
26811,xxx
26812,xxx
26813,xxx
26814,xxx
26815,завибрираваи́мъ
26816,за́вибрираваать
26817,за́вибрираваать
26818,за́вибриравали
26819,зависну́мь
26820,зависну́си
26821,зависну́ѫть
26822,зависнуло́
26823,xxx
26824,xxx
26825,xxx
26826,xxx
26827,xxx
26828,xxx
26829,xxx
26830,xxx
26831,xxx
26832,xxx
26833,xxx
26834,завысиѫ́
26835,завыси́лъ
26836,xxx
26837,xxx
26838,xxx
26839,xxx
26840,завязну́мъ
26841,завязну́те
26842,за́вязнуѫть
26843,завяну́ать
26844,завянули́
26845,xxx
26846,xxx
26847,загадие́ши
26848,за́гадиете
26849,загадило́
26850,загадило́
26851,xxx
26852,xxx
26853,xxx
26854,xxx
26855,xxx
26856,xxx
26857,xxx
26858,заглушию́
26859,за́глушииши
26860,за́глушииши
26861,за́глушиить
26862,заглушии́те
26863,за́глушиать
26864,заглуши́лъ
26865,загляну́мь
26866,загляну́лъ
26867,загляну́лъ
26868,xxx
26869,xxx
26870,xxx
26871,xxx
26872,xxx
26873,xxx
26874,xxx
26875,xxx
26876,xxx
26877,xxx
26878,xxx
26879,xxx
26880,xxx
26881,xxx
26882,xxx
26883,xxx
26884,xxx
26885,загрузи́ѫть
26886,загрузи́лъ
26887,загрузила́
26888,загрузи́ли
26889,загрузие́ши
26890,за́грузиете
26891,загрязни́иши
26892,загрязни́иши
26893,загрязни́лъ
26894,загуби́мь
26895,загуби́си
26896,загуби́ть
26897,за́губите
26898,загуби́лъ
26899,загубила́
26900,загубило́
26901,xxx
26902,xxx
26903,xxx
26904,xxx
26905,xxx
26906,задавиѫ́
26907,за́давиете
26908,задавила́
26909,задавило́
26910,xxx
26911,задвину́лъ
26912,задвину́ѫть
26913,задвинуло́
26914,задвинуло́
26915,xxx
26916,xxx
26917,xxx
26918,xxx
26919,xxx
26920,xxx
26921,xxx
26922,xxx
26923,xxx
26924,xxx
26925,xxx
26926,xxx
26927,xxx
26928,задуши́ѫть
26929,задушило́
26930,задуши́ли
26931,задыми́ѫть
26932,задымила́
26933,задымило́
26934,задыми́ли
26935,xxx
26936,xxx
26937,xxx
26938,xxx
26939,xxx
26940,xxx
26941,xxx
26942,зажари́еть
26943,зажари́еть
26944,зажарие́мъ
26945,за́жарила
26946,xxx
26947,зажмурии́мъ
26948,зажмури́ать
26949,за́жмуриете
26950,xxx
26951,xxx
26952,xxx
26953,xxx
26954,xxx
26955,xxx
26956,xxx
26957,xxx
26958,xxx
26959,заицную́
26960,заицнуи́те
26961,за́ицнули
26962,заинтрѣсаваи́те
26963,за́интрѣсаваать
26964,заинтирисава́лъ
26965,за́интрѣсавали
26966,за́интирисавали
26967,заинтрѣсаваи́те
26968,заинтризаваю́
26969,за́интризаваиши
26970,заинтризаваи́мъ
26971,заинтризаваи́те
26972,заинтризава́ла
26973,заинтризава́ла
26974,xxx
26975,xxx
26976,закати́лъ
26977,закати́лъ
26978,закатила́
26979,закатило́
26980,закати́ли
26981,закати́мь
26982,закати́ть
26983,закати́мъ
26984,закати́ли
26985,xxx
26986,xxx
26987,xxx
26988,xxx
26989,xxx
26990,закинуи́те
26991,закинуи́те
26992,за́кинуать
26993,закину́лъ
26994,закину́лъ
26995,xxx
26996,за́клиниеши
26997,заклиние́мъ
26998,за́клиниѫть
26999,заклини́лъ
27000,заклини́ла
27001,заклини́ла
27002,за́клинили
27003,xxx
27004,xxx
27005,xxx
27006,xxx
27007,xxx
27008,xxx
27009,xxx
27010,xxx
27011,xxx
27012,xxx
27013,xxx
27014,xxx
27015,xxx
27016,xxx
27017,xxx
27018,xxx
27019,xxx
27020,xxx
27021,закрутиѫ́
27022,закрутие́мъ
27023,закрутие́мъ
27024,закрутила́
27025,закрутиѫ́
27026,закрутие́ть
27027,закрути́ѫть
27028,закрути́лъ
27029,xxx
27030,xxx
27031,закупи́мь
27032,закупи́си
27033,закупи́лъ
27034,закупила́
27035,закупи́ли
27036,закури́ла
27037,за́курили
27038,за́курили
27039,xxx
27040,заладие́мъ
27041,заладие́те
27042,xxx
27043,xxx
27044,xxx
27045,xxx
27046,xxx
27047,xxx
27048,xxx
27049,xxx
27050,xxx
27051,xxx
27052,xxx
27053,замани́мь
27054,замани́ли
27055,xxx
27056,xxx
27057,xxx
27058,xxx
27059,замахну́мь
27060,xxx
27061,xxx
27062,xxx
27063,xxx
27064,xxx
27065,xxx
27066,xxx
27067,xxx
27068,xxx
27069,xxx
27070,xxx
27071,xxx
27072,xxx
27073,xxx
27074,xxx
27075,xxx
27076,xxx
27077,xxx
27078,xxx
27079,xxx
27080,xxx
27081,xxx
27082,xxx
27083,xxx
27084,за́мутиси
27085,замути́лъ
27086,замути́ла
27087,за́мутили
27088,xxx
27089,за́мучила
27090,xxx
27091,xxx
27092,xxx
27093,занизи́мь
27094,занизи́мь
27095,занизи́мъ
27096,за́низиѫть
27097,занизи́ла
27098,xxx
27099,xxx
27100,xxx
27101,запалие́ши
27102,запалило́
27103,xxx
27104,xxx
27105,xxx
27106,xxx
27107,xxx
27108,xxx
27109,xxx
27110,xxx
27111,xxx
27112,xxx
27113,xxx
27114,xxx
27115,xxx
27116,записнуѫ́
27117,за́писнуеши
27118,записнуе́мъ
27119,за́писнуѫть
27120,xxx
27121,xxx
27122,xxx
27123,xxx
27124,xxx
27125,xxx
27126,xxx
27127,xxx
27128,xxx
27129,xxx
27130,xxx
27131,xxx
27132,заправиѫ́
27133,заправила́
27134,xxx
27135,xxx
27136,xxx
27137,xxx
27138,xxx
27139,xxx
27140,xxx
27141,xxx
27142,xxx
27143,xxx
27144,xxx
27145,xxx
27146,xxx
27147,запылило́
27148,запыли́ли
27149,заразии́мъ
27150,зарази́лъ
27151,зарази́ла
27152,зарази́мъ
27153,зарази́мъ
27154,зарази́те
27155,зарази́лъ
27156,xxx
27157,xxx
27158,xxx
27159,xxx
27160,xxx
27161,xxx
27162,xxx
27163,xxx
27164,xxx
27165,xxx
27166,xxx
27167,xxx
27168,за́рубили
27169,заручи́ѫть
27170,заручи́ли
27171,xxx
27172,xxx
27173,xxx
27174,xxx
27175,xxx
27176,засади́си
27177,засади́си
27178,засадило́
27179,xxx
27180,xxx
27181,xxx
27182,засвидетельствавае́мъ
27183,засвидетельствава́лъ
27184,засвидетельствава́лъ
27185,засвидетельствавало́
27186,засвидетельствава́ли
27187,xxx
27188,xxx
27189,xxx
27190,xxx
27191,xxx
27192,xxx
27193,xxx
27194,xxx
27195,xxx
27196,xxx
27197,xxx
27198,xxx
27199,xxx
27200,xxx
27201,xxx
27202,xxx
27203,xxx
27204,xxx
27205,xxx
27206,xxx
27207,застизну́ли
27208,xxx
27209,xxx
27210,xxx
27211,xxx
27212,xxx
27213,xxx
27214,xxx
27215,xxx
27216,xxx
27217,заступии́ши
27218,заступии́ши
27219,заступии́ть
27220,заступи́ли
27221,заступи́ли
27222,за́ступиете
27223,заступи́ѫть
27224,заступи́ѫть
27225,xxx
27226,xxx
27227,за́стыдиете
27228,застыди́ѫть
27229,застыди́ли
27230,застыну́мь
27231,застыну́мь
27232,застыну́те
27233,застыну́те
27234,засунуи́ши
27235,засунуи́ши
27236,засунуло́
27237,засунуло́
27238,xxx
27239,затаи́еши
27240,за́таиете
27241,за́таиете
27242,затаию́
27243,затаи́ить
27244,за́таила
27245,затащило́
27246,затащило́
27247,затащили́
27248,xxx
27249,xxx
27250,xxx
27251,xxx
27252,xxx
27253,xxx
27254,xxx
27255,xxx
27256,xxx
27257,xxx
27258,затисную́
27259,затисну́ла
27260,xxx
27261,xxx
27262,xxx
27263,xxx
27264,xxx
27265,xxx
27266,xxx
27267,xxx
27268,xxx
27269,xxx
27270,xxx
27271,xxx
27272,xxx
27273,xxx
27274,xxx
27275,xxx
27276,xxx
27277,xxx
27278,xxx
27279,xxx
27280,xxx
27281,xxx
27282,xxx
27283,затравие́ши
27284,затравие́мъ
27285,затравие́мъ
27286,за́тратиите
27287,за́тратила
27288,xxx
27289,xxx
27290,xxx
27291,xxx
27292,затрудни́еши
27293,затрудние́мъ
27294,за́трудниете
27295,затруднию́
27296,затрудни́ать
27297,затруднили́
27298,затруднили́
27299,xxx
27300,xxx
27301,xxx
27302,xxx
27303,xxx
27304,затянуи́ши
27305,затянуи́мъ
27306,за́тянуите
27307,затянуло́
27308,затянуло́
27309,затяну́си
27310,затяну́ѫть
27311,xxx
27312,xxx
27313,xxx
27314,зафицсирава́мь
27315,зафицсирава́ать
27316,зафицсирава́лъ
27317,xxx
27318,xxx
27319,захвати́мь
27320,захвати́ѫть
27321,xxx
27322,xxx
27323,xxx
27324,xxx
27325,xxx
27326,xxx
27327,xxx
27328,xxx
27329,xxx
27330,xxx
27331,xxx
27332,xxx
27333,зачасти́ать
27334,xxx
27335,xxx
27336,зачислии́мъ
27337,зачисли́лъ
27338,зачисли́ли
27339,зачисли́ли
27340,xxx
27341,xxx
27342,xxx
27343,xxx
27344,зашиби́мь
27345,зашиби́ть
27346,зашиби́мъ
27347,зашиби́мъ
27348,xxx
27349,xxx
27350,xxx
27351,xxx
27352,xxx
27353,xxx
27354,защити́ть
27355,за́щитите
27356,за́щитите
27357,защити́ѫть
27358,защитило́
27359,защитило́
27360,заяви́ли
27361,xxx
27362,xxx
27363,xxx
27364,xxx
27365,зѣ́внуси
27366,зѣвну́ла
27367,зивну́ла
27368,зѣ́внули
27369,избави́мь
27370,и́збавить
27371,избави́те
27372,и́збавиѫть
27373,избави́ла
27374,избави́ла
27375,избави́ла
27376,изби́ла
27377,и́збили
27378,и́збыить
27379,избы́мъ
27380,избы́лъ
27381,избы́ла
27382,избы́ла
27383,избы́ла
27384,извисти́лъ
27385,извистило́
27386,извѣстили́
27387,изврати́си
27388,и́звратите
27389,изврати́лъ
27390,xxx
27391,xxx
27392,изжи́лъ
27393,изжи́лъ
27394,и́злечиеши
27395,и́злечили
27396,и́злечили
27397,излавиѫ́
27398,излави́еши
27399,излавчи́си
27400,излавчило́
27401,излавчило́
27402,и́злажииши
27403,излажии́мъ
27404,и́злажиать
27405,излажи́лъ
27406,излучи́ать
27407,излучи́лъ
27408,xxx
27409,измельчиѫ́
27410,измельчие́ть
27411,измельчила́
27412,измельчила́
27413,измери́еши
27414,измерие́мъ
27415,измери́ѫть
27416,измерили́
27417,измучаѫ́
27418,измуча́еть
27419,измучае́мъ
27420,измуча́лъ
27421,измучали́
27422,измучи́ѫть
27423,измучи́лъ
27424,измучи́лъ
27425,измучи́ли
27426,xxx
27427,xxx
27428,xxx
27429,xxx
27430,xxx
27431,xxx
27432,xxx
27433,xxx
27434,xxx
27435,изнури́мь
27436,и́знуриѫть
27437,изныю́
27438,изныи́ши
27439,изны́ать
27440,изныло́
27441,изабреси́мъ
27442,и́забресите
27443,изабресла́
27444,изабресло́
27445,изагну́еши
27446,изагнуе́мъ
27447,изагну́лъ
27448,и́загнула
27449,и́загнула
27450,xxx
27451,изащрие́мъ
27452,изащрило́
27453,изранию́
27454,изрании́ши
27455,изрании́ши
27456,израни́ать
27457,изранила́
27458,израни́ли
27459,израни́ли
27460,xxx
27461,xxx
27462,xxx
27463,xxx
27464,изумиѫ́
27465,изумие́ши
27466,изумие́ши
27467,изумие́ть
27468,изумие́ть
27469,изумие́мъ
27470,изумила́
27471,изумила́
27472,изумило́
27473,изучи́мь
27474,xxx
27475,xxx
27476,и́зъясните
27477,изъяснила́
27478,изъясни́си
27479,изъясни́ть
27480,изъясни́мъ
27481,изъясни́лъ
27482,изъяснило́
27483,xxx
27484,xxx
27485,xxx
27486,и́сказиеть
27487,и́сказиѫть
27488,и́сказили
27489,и́сказили
27490,xxx
27491,xxx
27492,xxx
27493,исключи́мъ
27494,исключи́лъ
27495,и́сключили
27496,искриви́ить
27497,искриви́лъ
27498,и́скривила
27499,и́скупите
27500,искупило́
27501,испарии́те
27502,испари́ла
27503,и́спарили
27504,xxx
27505,xxx
27506,xxx
27507,xxx
27508,испещриѫ́
27509,испещрие́мъ
27510,испещрие́те
27511,испещри́лъ
27512,испещри́ла
27513,испещри́ла
27514,исписаю́
27515,исписаи́мъ
27516,и́списаите
27517,исписало́
27518,исписало́
27519,испавида́еши
27520,испавѣдали́
27521,испалнии́мъ
27522,испалнии́те
27523,и́спалниать
27524,испални́ла
27525,испарти́мь
27526,испарти́си
27527,и́спартите
27528,испартила́
27529,испартию́
27530,испартии́мъ
27531,и́спартиите
27532,испарти́ать
27533,и́справиси
27534,исправи́мъ
27535,исправи́ла
27536,и́справили
27537,испугаю́
27538,и́спугаиши
27539,испуга́ла
27540,испуга́ла
27541,и́спугали
27542,и́спугали
27543,и́спустиете
27544,и́спустиете
27545,и́спустиете
27546,иссушили́
27547,иссякнуѫ́
27548,иссякну́еши
27549,иссякнуе́мъ
27550,и́ссякнуете
27551,иссякнули́
27552,xxx
27553,xxx
27554,xxx
27555,xxx
27556,исталкава́еши
27557,исталкава́еть
27558,исталкавало́
27559,истреби́лъ
27560,истреби́ла
27561,истреби́ла
27562,xxx
27563,исхудае́мъ
27564,и́схудаете
27565,исхудала́
27566,исхудало́
27567,исцарапае́ши
27568,исцарапае́мъ
27569,и́сцарапаете
27570,исцарапала́
27571,и́сцелиить
27572,исцели́лъ
27573,исцели́ла
27574,исцели́ла
27575,xxx
27576,xxx
27577,xxx
27578,исчисли́еть
27579,и́счислиете
27580,и́счислиете
27581,исчисли́лъ
27582,исчислили́
27583,xxx
27584,xxx
27585,xxx
27586,xxx
27587,xxx
27588,xxx
27589,xxx
27590,xxx
27591,xxx
27592,xxx
27593,xxx
27594,xxx
27595,xxx
27596,казырну́ать
27597,казырнули́
27598,калыхну́си
27599,калыхну́лъ
27600,калыхнула́
27601,кальну́мь
27602,кальну́ли
27603,кантузи́мь
27604,ко́нтузиси
27605,ко́нтузиѫть
27606,ко́нтузиѫть
27607,ко́нтузиѫть
27608,кантузи́лъ
27609,канчии́мъ
27610,ко́нчиите
27611,канчи́ать
27612,ко́нчила
27613,канчило́
27614,канчии́мъ
27615,ко́нчила
27616,канчило́
27617,канчили́
27618,капнуе́мъ
27619,ко́пнуете
27620,капнуло́
27621,ко́снуете
27622,касну́лъ
27623,каснула́
27624,xxx
27625,xxx
27626,xxx
27627,xxx
27628,xxx
27629,xxx
27630,xxx
27631,xxx
27632,лизнуѫ́
27633,лизнуѫ́
27634,ли́знуѫть
27635,лизну́ла
27636,ламию́
27637,ламии́ть
27638,лами́ать
27639,лами́ли
27640,лапнуѫ́
27641,лапнуе́ши
27642,лапнуе́мъ
27643,лу́пиить
27644,лупи́ла
27645,лу́пили
27646,xxx
27647,xxx
27648,xxx
27649,xxx
27650,xxx
27651,xxx
27652,xxx
27653,мельцну́си
27654,мельцну́мъ
27655,мельцнуло́
27656,мельцну́ли
27657,метную́
27658,метнуи́ши
27659,ме́тнуите
27660,мѣтнуи́ши
27661,мѣ́тнуите
27662,мѣ́тнуите
27663,митну́ать
27664,митнула́
27665,ми́знуеши
27666,мизну́лъ
27667,мизну́ла
27668,мизну́ла
27669,мирию́
27670,мири́ать
27671,мири́ать
27672,мирила́
27673,мо́ргнуиши
27674,маргнуи́мъ
27675,маргнуи́те
27676,мо́ргнуать
27677,матнуи́мъ
27678,матну́ать
27679,матну́ать
27680,матну́си
27681,матну́ть
27682,матну́мъ
27683,матну́мъ
27684,мо́тнуте
27685,матнула́
27686,матнуло́
27687,xxx
27688,набздиѫ́
27689,на́бздиеши
27690,на́бздѣѫть
27691,на́бздили
27692,xxx
27693,xxx
27694,набраси́мь
27695,набраси́мь
27696,на́брасили
27697,набраси́те
27698,на́брасили
27699,на́бухнуете
27700,набухнула́
27701,набухнуло́
27702,набухнуло́
27703,навалиѫ́
27704,навалие́ть
27705,навалила́
27706,навалило́
27707,навали́ѫть
27708,навалило́
27709,xxx
27710,xxx
27711,xxx
27712,навеси́мь
27713,навеси́мь
27714,на́весите
27715,навестию́
27716,на́вестиите
27717,навестило́
27718,xxx
27719,xxx
27720,нависнуе́ши
27721,нависну́ѫть
27722,нависну́ѫть
27723,навредиѫ́
27724,навредила́
27725,навыкну́ѫть
27726,навыкну́лъ
27727,навыкну́лъ
27728,навьючила́
27729,навьючила́
27730,навьючи́ли
27731,навязну́еть
27732,на́вязнуете
27733,навязну́ѫть
27734,на́вязнула
27735,навязнуло́
27736,xxx
27737,xxx
27738,xxx
27739,xxx
27740,xxx
27741,нагаварие́ши
27742,нагаварие́ть
27743,нагаварила́
27744,награбию́
27745,награби́иши
27746,награби́лъ
27747,награбило́
27748,награбили́
27749,нагре́лъ
27750,награмазди́ить
27751,награмазди́ать
27752,награмазди́ать
27753,награмаздило́
27754,нагруби́мъ
27755,нагрубило́
27756,нагруби́ли
27757,нагрузие́мъ
27758,нагрузили́
27759,нагряну́те
27760,надавиѫ́
27761,надавие́ши
27762,надави́ѫть
27763,надавила́
27764,надвину́ть
27765,надвину́лъ
27766,надвинула́
27767,надвину́мь
27768,надвину́ѫть
27769,надвину́лъ
27770,надвину́ли
27771,xxx
27772,надели́си
27773,надели́ѫть
27774,надели́лъ
27775,наделило́
27776,надели́ли
27777,xxx
27778,xxx
27779,xxx
27780,xxx
27781,xxx
27782,xxx
27783,надстраи́мъ
27784,надстраи́ѫть
27785,надстраила́
27786,надстраило́
27787,надстраи́ли
27788,надстраило́
27789,надстраило́
27790,надстраи́ли
27791,xxx
27792,xxx
27793,xxx
27794,надушию́
27795,надушили́
27796,xxx
27797,xxx
27798,xxx
27799,xxx
27800,xxx
27801,xxx
27802,xxx
27803,xxx
27804,xxx
27805,xxx
27806,нажучи́си
27807,нажучи́ть
27808,нажучи́мъ
27809,назарие́ши
27810,на́зариете
27811,назари́ѫть
27812,на́значиеши
27813,назначи́ла
27814,на́зреси
27815,назре́те
27816,назре́лъ
27817,xxx
27818,xxx
27819,xxx
27820,xxx
27821,xxx
27822,xxx
27823,xxx
27824,xxx
27825,накали́ѫть
27826,xxx
27827,на́катиите
27828,xxx
27829,xxx
27830,xxx
27831,накинуѫ́
27832,накинуе́ши
27833,накинуло́
27834,накину́си
27835,накину́мъ
27836,накинула́
27837,накланиѫ́
27838,на́кланиать
27839,наклани́лъ
27840,на́кланили
27841,накапи́си
27842,накапи́ть
27843,накапи́ть
27844,накапи́ѫть
27845,накапи́лъ
27846,накармии́мъ
27847,накармила́
27848,накармило́
27849,накармило́
27850,накраси́иши
27851,накраси́ить
27852,накрасии́мъ
27853,на́красиите
27854,на́красила
27855,на́красила
27856,xxx
27857,xxx
27858,накупию́
27859,накупии́мъ
27860,накупии́мъ
27861,на́купила
27862,налади́мь
27863,налади́мъ
27864,налади́иши
27865,наладии́мъ
27866,наладии́мъ
27867,налади́ать
27868,налади́лъ
27869,xxx
27870,xxx
27871,налепию́
27872,налепии́мъ
27873,на́лепиите
27874,налепи́ать
27875,xxx
27876,xxx
27877,налѣю́
27878,на́лиить
27879,налии́мъ
27880,на́лѣать
27881,налѣ́лъ
27882,налѣ́ла
27883,налавию́
27884,налави́ить
27885,налави́ать
27886,на́лавила
27887,налавили́
27888,налажии́мъ
27889,налажи́лъ
27890,налажила́
27891,налажило́
27892,налажи́ли
27893,налажию́
27894,налажию́
27895,на́лажиите
27896,налажи́ли
27897,xxx
27898,xxx
27899,xxx
27900,xxx
27901,намекнуи́ши
27902,намекнуи́мъ
27903,намекну́ать
27904,на́метиите
27905,намети́ли
27906,наметии́мъ
27907,на́метиите
27908,наметило́
27909,намакнуе́ши
27910,на́макнуете
27911,намакну́ли
27912,намарщи́мь
27913,намарщи́си
27914,намарщи́си
27915,намарщи́ть
27916,намарщи́ли
27917,намарщи́ли
27918,xxx
27919,xxx
27920,намудрию́
27921,намудрии́ть
27922,намудри́ать
27923,намудрила́
27924,xxx
27925,xxx
27926,xxx
27927,xxx
27928,xxx
27929,xxx
27930,xxx
27931,xxx
27932,xxx
27933,напеѫ́
27934,напее́ть
27935,напела́
27936,напело́
27937,напе́ать
27938,напе́ли
27939,xxx
27940,напални́мь
27941,на́палниси
27942,на́палнить
27943,на́палниѫть
27944,xxx
27945,направиѫ́
27946,направие́ть
27947,на́правиете
27948,направи́ѫть
27949,направи́лъ
27950,направи́ли
27951,напрасию́
27952,на́прасииши
27953,напрасии́мъ
27954,на́прасиать
27955,на́прасиать
27956,xxx
27957,xxx
27958,xxx
27959,xxx
27960,xxx
27961,напустило́
27962,напяли́ть
27963,на́пялите
27964,нарастие́ши
27965,нарастие́мъ
27966,на́растиете
27967,xxx
27968,xxx
27969,xxx
27970,xxx
27971,наре́мь
27972,наре́мь
27973,на́реси
27974,наре́мъ
27975,на́реѫть
27976,наре́лъ
27977,наре́ла
27978,наре́ла
27979,нарушие́ши
27980,нарушие́ши
27981,на́рушиете
27982,на́рушиете
27983,наруши́лъ
27984,наруши́лъ
27985,нарушило́
27986,xxx
27987,xxx
27988,наряди́иши
27989,нарядии́мъ
27990,нарядили́
27991,насадию́
27992,насадию́
27993,насади́ить
27994,насади́ать
27995,xxx
27996,xxx
27997,xxx
27998,на́селите
27999,населила́
28000,на́скачиси
28001,на́скачить
28002,наскачи́те
28003,наскачи́те
28004,наскачи́ла
28005,на́сладиеши
28006,насладие́те
28007,наслади́лъ
28008,наслади́ла
28009,xxx
28010,xxx
28011,xxx
28012,xxx
28013,xxx
28014,xxx
28015,настави́мь
28016,на́ставиѫть
28017,настави́лъ
28018,настави́ла
28019,на́стизнуеши
28020,на́стизнуеши
28021,настизнуе́мъ
28022,настизну́ла
28023,xxx
28024,xxx
28025,настражи́ать
28026,настражи́лъ
28027,настаражи́лъ
28028,настражи́лъ
28029,настаражила́
28030,настаражиѫ́
28031,настаражи́ѫть
28032,настражи́ли
28033,настраи́си
28034,на́страите
28035,настраи́ать
28036,настраие́ши
28037,настраие́ть
28038,настраи́ѫть
28039,настраи́лъ
28040,настраило́
28041,настрачиѫ́
28042,настрачие́мъ
28043,на́страчиете
28044,настрачи́лъ
28045,насупию́
28046,насупию́
28047,насупии́мъ
28048,насупи́лъ
28049,насупила́
28050,насупии́ши
28051,насупии́ть
28052,насупии́мъ
28053,насупи́ать
28054,насуши́иши
28055,на́сушила
28056,на́сушила
28057,насушили́
28058,насытию́
28059,насытии́ши
28060,насытии́ши
28061,насыти́лъ
28062,xxx
28063,xxx
28064,натащи́си
28065,натащи́ть
28066,натащи́мъ
28067,на́тащите
28068,натвариѫ́
28069,натвари́еши
28070,натварили́
28071,xxx
28072,xxx
28073,xxx
28074,xxx
28075,наталкну́мь
28076,наталкну́ѫть
28077,наталкну́лъ
28078,наталкнула́
28079,наталкнуло́
28080,наталкну́лъ
28081,наталкну́лъ
28082,на́талкнула
28083,наталкнуло́
28084,натапии́мъ
28085,xxx
28086,натяну́си
28087,натяну́ть
28088,натяну́мъ
28089,натянула́
28090,научию́
28091,научи́иши
28092,научии́мъ
28093,на́учиите
28094,на́учиите
28095,нахлынуѫ́
28096,нахлынуе́ши
28097,нахлынуе́мъ
28098,нахлыну́ли
28099,нахмури́лъ
28100,нахмурила́
28101,нахмурило́
28102,нахмури́мь
28103,нахмури́ѫть
28104,нахмури́лъ
28105,нахмурила́
28106,нахмурило́
28107,нацели́ать
28108,нацелила́
28109,нацепи́си
28110,нацепи́лъ
28111,нацепила́
28112,xxx
28113,xxx
28114,xxx
28115,на́чертииши
28116,начерти́ла
28117,начерти́ла
28118,начисли́мъ
28119,на́числиите
28120,начистию́
28121,начисти́ить
28122,начистии́мъ
28123,начисти́ать
28124,на́чистила
28125,начистило́
28126,нашарие́мъ
28127,нашарие́мъ
28128,нашари́лъ
28129,нашарила́
28130,нашарила́
28131,нашари́ли
28132,xxx
28133,нырну́мь
28134,нырну́мь
28135,ны́рнуси
28136,ны́рнуси
28137,нырну́ла
28138,xxx
28139,xxx
28140,xxx
28141,xxx
28142,xxx
28143,xxx
28144,xxx
28145,xxx
28146,xxx
28147,абвини́мь
28148,абвини́ть
28149,абвинила́
28150,абвисну́мъ
28151,абвисну́лъ
28152,абви́мь
28153,абви́си
28154,абви́мъ
28155,о́бвите
28156,xxx
28157,абгавари́иши
28158,абгавари́ить
28159,абгавари́лъ
28160,о́бгаварила
28161,xxx
28162,xxx
28163,xxx
28164,xxx
28165,xxx
28166,xxx
28167,xxx
28168,xxx
28169,xxx
28170,xxx
28171,xxx
28172,xxx
28173,xxx
28174,абезбали́ѫть
28175,абезвредиѫ́
28176,абезвредие́ши
28177,о́безвредиете
28178,xxx
28179,абездали́еши
28180,о́бездалиете
28181,абездали́ѫть
28182,абездали́лъ
28183,абездалило́
28184,xxx
28185,абезнажиѫ́
28186,абезнажие́мъ
28187,абезнажи́ла
28188,о́безнажили
28189,о́безнажили
28190,xxx
28191,xxx
28192,xxx
28193,абеспечи́иши
28194,абеспечи́ить
28195,абеспечили́
28196,xxx
28197,xxx
28198,аби́еши
28199,абие́мъ
28200,аби́ѫть
28201,аби́ѫть
28202,о́била
28203,xxx
28204,xxx
28205,xxx
28206,аблиѫ́
28207,аблие́ши
28208,о́блиете
28209,аблила́
28210,аблии́мъ
28211,абли́лъ
28212,аблило́
28213,аблило́
28214,о́бличиете
28215,абличи́лъ
28216,о́бличила
28217,xxx
28218,аблакатию́
28219,аблакатию́
28220,xxx
28221,xxx
28222,о́блуписи
28223,о́блупить
28224,аблупи́мъ
28225,аблупи́те
28226,о́блупили
28227,аблупи́мь
28228,аблупи́лъ
28229,аблупи́ла
28230,xxx
28231,xxx
28232,xxx
28233,xxx
28234,xxx
28235,xxx
28236,xxx
28237,xxx
28238,xxx
28239,о́бмрачила
28240,абмрачили́
28241,xxx
28242,абмыи́мъ
28243,о́бмыите
28244,абмы́ать
28245,абмы́лъ
28246,абмыла́
28247,абмыло́
28248,абмы́ли
28249,xxx
28250,xxx
28251,xxx
28252,xxx
28253,xxx
28254,xxx
28255,xxx
28256,xxx
28257,xxx
28258,xxx
28259,xxx
28260,xxx
28261,xxx
28262,xxx
28263,xxx
28264,xxx
28265,xxx
28266,xxx
28267,xxx
28268,xxx
28269,xxx
28270,xxx
28271,xxx
28272,xxx
28273,xxx
28274,xxx
28275,xxx
28276,xxx
28277,xxx
28278,xxx
28279,xxx
28280,xxx
28281,xxx
28282,xxx
28283,xxx
28284,xxx
28285,xxx
28286,xxx
28287,xxx
28288,xxx
28289,xxx
28290,абраниѫ́
28291,абарани́еть
28292,абарание́мъ
28293,абрание́мъ
28294,абрани́ѫть
28295,абранило́
28296,абранили́
28297,абранили́
28298,абрани́лъ
28299,абранила́
28300,абаранило́
28301,абратию́
28302,о́братииши
28303,абратии́те
28304,абратии́те
28305,о́братиать
28306,абрати́лъ
28307,абрати́ла
28308,xxx
28309,о́басабиать
28310,абасаби́лъ
28311,абасаби́ла
28312,о́басабили
28313,xxx
28314,xxx
28315,xxx
28316,xxx
28317,xxx
28318,xxx
28319,xxx
28320,xxx
28321,xxx
28322,xxx
28323,xxx
28324,xxx
28325,xxx
28326,xxx
28327,xxx
28328,xxx
28329,xxx
28330,абручи́мь
28331,абручи́ть
28332,абручи́мъ
28333,о́бручите
28334,абручи́ли
28335,абручи́ли
28336,абручи́си
28337,абручи́ть
28338,абручи́мъ
28339,о́бручите
28340,абручи́ли
28341,о́брушиете
28342,абруши́ѫть
28343,абслужию́
28344,абслужии́ши
28345,о́бслужиите
28346,абслужила́
28347,абслужило́
28348,xxx
28349,xxx
28350,xxx
28351,xxx
28352,xxx
28353,xxx
28354,xxx
28355,xxx
28356,xxx
28357,xxx
28358,абступи́мь
28359,абступи́мь
28360,о́бступиси
28361,абступи́мъ
28362,абступи́ла
28363,о́бступили
28364,абсуди́си
28365,абсуди́си
28366,xxx
28367,xxx
28368,xxx
28369,абугли́еши
28370,абугли́еши
28371,абугли́лъ
28372,xxx
28373,абуѫ́
28374,абу́еши
28375,абу́еть
28376,о́буете
28377,о́буете
28378,абу́ѫть
28379,абуло́
28380,абучию́
28381,абучии́ши
28382,абучила́
28383,о́бучите
28384,xxx
28385,xxx
28386,xxx
28387,xxx
28388,xxx
28389,xxx
28390,xxx
28391,о́бшиите
28392,о́бшила
28393,xxx
28394,xxx
28395,xxx
28396,xxx
28397,xxx
28398,xxx
28399,xxx
28400,xxx
28401,xxx
28402,xxx
28403,xxx
28404,xxx
28405,аглахну́мь
28406,аглахну́си
28407,аглахну́ли
28408,аглушии́мъ
28409,о́глушиите
28410,аглуши́ли
28411,xxx
28412,xxx
28413,агляну́лъ
28414,о́глянуси
28415,агляну́мъ
28416,о́глянули
28417,xxx
28418,xxx
28419,xxx
28420,xxx
28421,xxx
28422,xxx
28423,агали́еть
28424,о́галиете
28425,о́галила
28426,агарчию́
28427,агарчии́мъ
28428,агарчи́ать
28429,агарчило́
28430,агарчили́
28431,агарчию́
28432,агарчи́ить
28433,агарчи́лъ
28434,о́гарчила
28435,о́гарчила
28436,аграби́ать
28437,аграби́лъ
28438,аграбила́
28439,аградие́мъ
28440,о́градиете
28441,о́градиете
28442,агради́ѫть
28443,агради́лъ
28444,аградило́
28445,аградило́
28446,агрызну́мъ
28447,агрызну́ѫть
28448,агрызну́лъ
28449,xxx
28450,xxx
28451,xxx
28452,xxx
28453,xxx
28454,xxx
28455,xxx
28456,xxx
28457,xxx
28458,xxx
28459,xxx
28460,xxx
28461,xxx
28462,xxx
28463,xxx
28464,азвучи́лъ
28465,азвучила́
28466,азвучило́
28467,азвучило́
28468,аздаравиѫ́
28469,аздравие́мъ
28470,о́здравиете
28471,азлии́ши
28472,о́злиите
28473,азли́ать
28474,азлила́
28475,азлило́
28476,азлило́
28477,xxx
28478,xxx
28479,xxx
28480,xxx
28481,xxx
28482,xxx
28483,xxx
28484,о́катиси
28485,о́катиѫть
28486,акати́лъ
28487,акинуѫ́
28488,акину́еши
28489,акинуе́мъ
28490,акину́ѫть
28491,акинуло́
28492,акинули́
28493,акинули́
28494,xxx
28495,аклицну́лъ
28496,аклицну́лъ
28497,аклицну́ла
28498,аканчиѫ́
28499,аканчи́ѫть
28500,xxx
28501,xxx
28502,акрасиѫ́
28503,акрасие́ть
28504,акрепну́мь
28505,акрепну́мъ
28506,о́крепнуте
28507,акрепну́ѫть
28508,акрепну́лъ
28509,о́крестиѫть
28510,акрести́ла
28511,о́крестили
28512,акраши́ть
28513,о́крашите
28514,о́крашите
28515,о́круглить
28516,акругли́мъ
28517,акругли́ла
28518,акругли́ла
28519,о́круглили
28520,о́кунуите
28521,акуну́ать
28522,акуную́
28523,акуну́иши
28524,о́кунула
28525,акунули́
28526,анемеи́ть
28527,о́немеите
28528,анеме́лъ
28529,апрѣди́мь
28530,априди́мь
28531,о́передить
28532,апрѣди́те
28533,апереди́лъ
28534,xxx
28535,xxx
28536,xxx
28537,xxx
28538,xxx
28539,xxx
28540,xxx
28541,xxx
28542,xxx
28543,xxx
28544,xxx
28545,xxx
28546,о́павестиите
28547,апавести́ѫть
28548,апавестила́
28549,апавестила́
28550,апавести́ли
28551,xxx
28552,xxx
28553,апазариѫ́
28554,о́пазариеть
28555,апазарие́те
28556,апазарие́те
28557,xxx
28558,xxx
28559,xxx
28560,апражни́еши
28561,апаражни́еть
28562,апражни́еть
28563,о́пражнила
28564,апрачиѫ́
28565,апарачие́ши
28566,апрачие́ши
28567,о́прачиете
28568,апрачи́лъ
28569,апрачи́ли
28570,апахмели́ать
28571,апахмели́ли
28572,xxx
28573,xxx
28574,xxx
28575,xxx
28576,xxx
28577,xxx
28578,апредели́ить
28579,о́пределила
28580,о́пределила
28581,апределило́
28582,xxx
28583,xxx
28584,о́правергнуте
28585,аправергну́ѫть
28586,аправергну́лъ
28587,аправергнуло́
28588,xxx
28589,xxx
28590,xxx
28591,xxx
28592,xxx
28593,xxx
28594,xxx
28595,xxx
28596,xxx
28597,апустиѫ́
28598,о́пустиете
28599,апусти́ѫть
28600,апустили́
28601,xxx
28602,апухну́ить
28603,апухнуи́мъ
28604,о́пухнуите
28605,о́пухнула
28606,апухнули́
28607,xxx
28608,xxx
28609,рабею́
28610,рабею́
28611,рабеи́мъ
28612,рабеи́те
28613,рабе́ла
28614,асведамиѫ́
28615,асведами́ѫть
28616,асведамии́ши
28617,асведами́ть
28618,асведами́мъ
28619,асведамило́
28620,xxx
28621,xxx
28622,xxx
28623,xxx
28624,xxx
28625,xxx
28626,асвабадию́
28627,асвабадии́те
28628,асвабади́лъ
28629,xxx
28630,xxx
28631,xxx
28632,xxx
28633,xxx
28634,xxx
28635,xxx
28636,асилию́
28637,о́силииши
28638,асили́мъ
28639,xxx
28640,xxx
28641,xxx
28642,xxx
28643,xxx
28644,xxx
28645,xxx
28646,xxx
28647,xxx
28648,xxx
28649,xxx
28650,xxx
28651,xxx
28652,xxx
28653,xxx
28654,xxx
28655,xxx
28656,xxx
28657,xxx
28658,xxx
28659,асмысли́еть
28660,асмыслие́мъ
28661,xxx
28662,xxx
28663,xxx
28664,xxx
28665,xxx
28666,xxx
28667,xxx
28668,xxx
28669,xxx
28670,xxx
28671,астри́мь
28672,о́стриси
28673,о́стриси
28674,астри́лъ
28675,астри́ла
28676,астуди́иши
28677,аступи́иши
28678,аступи́иши
28679,аступии́мъ
28680,аступи́ать
28681,аступи́лъ
28682,о́ступила
28683,астыну́мь
28684,о́стынуть
28685,астыну́ла
28686,астыну́ла
28687,о́сунуси
28688,о́сунуси
28689,о́сунуѫть
28690,о́сунуѫть
28691,асушию́
28692,асушии́мъ
28693,асушии́мъ
28694,xxx
28695,xxx
28696,xxx
28697,xxx
28698,атби́мь
28699,атби́си
28700,атби́си
28701,атби́ѫть
28702,атби́ѫть
28703,атби́лъ
28704,атбило́
28705,атбие́ть
28706,атби́ѫть
28707,атби́лъ
28708,xxx
28709,xxx
28710,xxx
28711,xxx
28712,xxx
28713,xxx
28714,xxx
28715,xxx
28716,xxx
28717,xxx
28718,xxx
28719,xxx
28720,xxx
28721,xxx
28722,xxx
28723,атвинтие́те
28724,о́твинтиѫть
28725,атвинти́ла
28726,xxx
28727,xxx
28728,xxx
28729,xxx
28730,атваратию́
28731,атваратила́
28732,атварати́ли
28733,xxx
28734,xxx
28735,атвыкнуѫ́
28736,атвыкнуе́ши
28737,атвыкнуе́ши
28738,атвыкну́ѫть
28739,атвыкну́ли
28740,xxx
28741,xxx
28742,xxx
28743,атгаварило́
28744,атгаварили́
28745,атгради́мь
28746,атгради́мь
28747,атгради́си
28748,атгради́лъ
28749,атгарадила́
28750,о́тгрузиѫть
28751,атгрузи́ла
28752,атгрузи́ла
28753,xxx
28754,xxx
28755,xxx
28756,xxx
28757,xxx
28758,xxx
28759,xxx
28760,xxx
28761,xxx
28762,xxx
28763,xxx
28764,xxx
28765,xxx
28766,xxx
28767,атдуѫ́
28768,атду́ѫть
28769,атду́лъ
28770,атдула́
28771,атду́ли
28772,атдуѫ́
28773,атдуе́мъ
28774,атду́лъ
28775,xxx
28776,xxx
28777,xxx
28778,xxx
28779,xxx
28780,xxx
28781,xxx
28782,xxx
28783,xxx
28784,xxx
28785,аткиную́
28786,аткиную́
28787,аткинуи́те
28788,о́ткинуать
28789,аткину́ла
28790,о́ткинули
28791,аткиную́
28792,аткину́лъ
28793,аткину́лъ
28794,о́тклицнуите
28795,о́тклицнуите
28796,о́тклицнула
28797,xxx
28798,xxx
28799,xxx
28800,атключию́
28801,атключии́мъ
28802,атключии́мъ
28803,о́тключиите
28804,атключие́мъ
28805,о́тключиете
28806,атключи́лъ
28807,атключили́
28808,xxx
28809,аткрыѫ́
28810,аткрые́ши
28811,аткрые́ть
28812,о́ткусиать
28813,аткуси́ла
28814,аткуси́ла
28815,xxx
28816,xxx
28817,xxx
28818,xxx
28819,xxx
28820,xxx
28821,xxx
28822,xxx
28823,xxx
28824,атлию́
28825,атлии́мъ
28826,о́тлиите
28827,о́тлиите
28828,атлила́
28829,атлила́
28830,атли́ли
28831,атличи́иши
28832,атличи́ать
28833,атличи́ать
28834,атлупию́
28835,о́тлупиать
28836,атлупи́ла
28837,атлупи́ла
28838,атлучи́еши
28839,атлучие́мъ
28840,атлучие́мъ
28841,атлучило́
28842,атлучие́мъ
28843,атлучи́лъ
28844,о́тлучила
28845,атлучило́
28846,xxx
28847,xxx
28848,xxx
28849,xxx
28850,xxx
28851,xxx
28852,xxx
28853,xxx
28854,xxx
28855,xxx
28856,xxx
28857,xxx
28858,xxx
28859,xxx
28860,xxx
28861,атмразиѫ́
28862,атмразие́ши
28863,атмрази́ѫть
28864,атмаразило́
28865,о́тмыете
28866,атмы́ѫть
28867,атмыло́
28868,атмы́ли
28869,xxx
28870,xxx
28871,xxx
28872,xxx
28873,xxx
28874,xxx
28875,xxx
28876,атаждѣствии́ши
28877,атаждѣстви́лъ
28878,атаждѣстви́ли
28879,атажествию́
28880,о́тажествиить
28881,атажествии́мъ
28882,атажествии́мъ
28883,атажествии́те
28884,атажестви́ла
28885,о́тажествили
28886,о́тажествили
28887,xxx
28888,xxx
28889,xxx
28890,xxx
28891,xxx
28892,xxx
28893,xxx
28894,xxx
28895,атпи́си
28896,атпи́мъ
28897,атпи́ѫть
28898,атпи́лъ
28899,атписнуѫ́
28900,атписнуе́ши
28901,атписнуе́мъ
28902,атписну́лъ
28903,о́тплыть
28904,атплы́ла
28905,о́тплыли
28906,xxx
28907,xxx
28908,xxx
28909,xxx
28910,xxx
28911,xxx
28912,xxx
28913,xxx
28914,атпугнуе́ть
28915,атпугнула́
28916,атпугну́ли
28917,xxx
28918,xxx
28919,xxx
28920,xxx
28921,xxx
28922,xxx
28923,xxx
28924,xxx
28925,xxx
28926,xxx
28927,xxx
28928,xxx
28929,атрину́еши
28930,атрину́еть
28931,атринули́
28932,атрубиѫ́
28933,атрыгнуло́
28934,атрыгну́ли
28935,атрые́ть
28936,атрые́ть
28937,атры́ѫть
28938,атрыла́
28939,xxx
28940,xxx
28941,xxx
28942,xxx
28943,xxx
28944,xxx
28945,атслужиѫ́
28946,атслужие́ши
28947,атслужие́мъ
28948,атслужие́мъ
28949,атслужи́ѫть
28950,атслужила́
28951,атслужило́
28952,xxx
28953,xxx
28954,xxx
28955,xxx
28956,xxx
28957,xxx
28958,xxx
28959,xxx
28960,xxx
28961,атступи́лъ
28962,xxx
28963,xxx
28964,xxx
28965,xxx
28966,xxx
28967,xxx
28968,xxx
28969,xxx
28970,xxx
28971,xxx
28972,xxx
28973,xxx
28974,xxx
28975,xxx
28976,xxx
28977,xxx
28978,xxx
28979,xxx
28980,xxx
28981,xxx
28982,атучи́си
28983,атучи́ть
28984,xxx
28985,xxx
28986,xxx
28987,xxx
28988,xxx
28989,атчисли́ѫть
28990,атчисли́лъ
28991,атчислила́
28992,атчислило́
28993,атчудиѫ́
28994,атчуди́еши
28995,атчудие́мъ
28996,атчуди́лъ
28997,атчудили́
28998,атшвырну́ть
28999,атшвырну́мъ
29000,атшвырнула́
29001,атшвырнуло́
29002,атшвырну́ли
29003,xxx
29004,xxx
29005,xxx
29006,xxx
29007,xxx
29008,о́тылииши
29009,о́тылиить
29010,xxx
29011,xxx
29012,xxx
29013,xxx
29014,xxx
29015,ахлади́си
29016,ахлади́си
29017,ахлади́ли
29018,ахнуѫ́
29019,ахну́еши
29020,о́хнуете
29021,ахрани́ла
29022,о́хранили
29023,ахрипнула́
29024,ахрипнуло́
29025,xxx
29026,xxx
29027,xxx
29028,xxx
29029,xxx
29030,xxx
29031,xxx
29032,xxx
29033,xxx
29034,xxx
29035,xxx
29036,прибрасиѫ́
29037,прибраси́лъ
29038,перебраси́ла
29039,прѣ́брасили
29040,прѣ́брасили
29041,xxx
29042,xxx
29043,xxx
29044,xxx
29045,xxx
29046,xxx
29047,xxx
29048,xxx
29049,привирнуе́те
29050,пѣ́рѣвѣрнули
29051,пе́ревернуеши
29052,перевернуе́те
29053,прѣверну́лъ
29054,переверну́лъ
29055,прѣ́вернули
29056,привади́ть
29057,привади́мъ
29058,перевадила́
29059,xxx
29060,xxx
29061,xxx
29062,xxx
29063,xxx
29064,xxx
29065,xxx
29066,xxx
29067,xxx
29068,xxx
29069,xxx
29070,прѣдёрнуѫ́
29071,передёрну́еть
29072,прѣдёрнули́
29073,xxx
29074,xxx
29075,xxx
29076,xxx
29077,xxx
29078,призвании́ть
29079,перезванило́
29080,xxx
29081,xxx
29082,xxx
29083,xxx
29084,xxx
29085,xxx
29086,xxx
29087,xxx
29088,xxx
29089,xxx
29090,xxx
29091,xxx
29092,xxx
29093,xxx
29094,xxx
29095,прѣкрести́мъ
29096,пе́рекрестиѫть
29097,перекрестию́
29098,прѣкрести́те
29099,перекрести́ла
29100,прѣ́крестили
29101,xxx
29102,xxx
29103,xxx
29104,xxx
29105,xxx
29106,xxx
29107,xxx
29108,xxx
29109,xxx
29110,xxx
29111,xxx
29112,xxx
29113,xxx
29114,пе́релажиать
29115,прѣлажи́ла
29116,xxx
29117,xxx
29118,переламию́
29119,прѣламии́мъ
29120,xxx
29121,xxx
29122,xxx
29123,примеси́си
29124,прѣмеси́мъ
29125,примеси́ѫть
29126,прѣмеси́лъ
29127,примеси́ли
29128,перемести́мь
29129,примести́мь
29130,прѣмѣсти́сьи
29131,примисти́си
29132,прѣ́мѣстите
29133,xxx
29134,xxx
29135,xxx
29136,xxx
29137,xxx
29138,xxx
29139,xxx
29140,xxx
29141,xxx
29142,xxx
29143,xxx
29144,перепални́мь
29145,прѣпални́ѫть
29146,xxx
29147,xxx
29148,xxx
29149,xxx
29150,xxx
29151,пересели́лъ
29152,прѣселиѫ́
29153,прѣ́селиить
29154,переселие́те
29155,xxx
29156,xxx
29157,xxx
29158,xxx
29159,прѣскачи́еши
29160,прѣ́скачиите
29161,прѣскачили́
29162,xxx
29163,xxx
29164,xxx
29165,прѣсахнуе́мъ
29166,присахнуе́мъ
29167,пѣ́рѣсахнуѫть
29168,xxx
29169,xxx
29170,xxx
29171,xxx
29172,xxx
29173,переспрасию́
29174,приспрасиѫ́
29175,пе́респрасиить
29176,приспраси́лъ
29177,xxx
29178,xxx
29179,прѣстраиѫ́
29180,перестраи́си
29181,прѣстраие́мъ
29182,пристраи́ѫть
29183,прѣстраи́лъ
29184,пристраила́
29185,пристраи́ли
29186,xxx
29187,xxx
29188,xxx
29189,xxx
29190,xxx
29191,xxx
29192,xxx
29193,xxx
29194,прѣчеркну́мь
29195,перечеркну́си
29196,прѣ́черкнуте
29197,прѣчеркнуло́
29198,перечеркну́ли
29199,xxx
29200,xxx
29201,xxx
29202,xxx
29203,пёрдну́ѫть
29204,пёрдну́ѫть
29205,пёрдну́лъ
29206,пёрднула́
29207,пёрднуло́
29208,пёрную́
29209,пё́рнуиши
29210,пёрнуи́те
29211,пё́рнуать
29212,пёрну́лъ
29213,пёрну́ла
29214,пи́скнуете
29215,пи́скнуете
29216,пискну́лъ
29217,писную́
29218,писную́
29219,писнуи́мъ
29220,пи́снуите
29221,писну́лъ
29222,писну́лъ
29223,пи́снула
29224,пле́ниеть
29225,плени́ла
29226,пле́снуете
29227,плеснуло́
29228,плесну́еши
29229,плесну́лъ
29230,плюнуе́ши
29231,плюну́лъ
29232,плюнула́
29233,плюхнуе́те
29234,плюхну́ла
29235,плюхну́ла
29236,xxx
29237,xxx
29238,xxx
29239,паби́си
29240,паби́ли
29241,xxx
29242,xxx
29243,xxx
29244,xxx
29245,xxx
29246,xxx
29247,xxx
29248,xxx
29249,xxx
29250,xxx
29251,xxx
29252,xxx
29253,xxx
29254,по́брииши
29255,пабрии́мъ
29256,по́бриать
29257,по́бриать
29258,пабри́ла
29259,xxx
29260,пабудие́мъ
29261,пабудило́
29262,пабуди́ли
29263,xxx
29264,пабы́мь
29265,по́быте
29266,пабы́лъ
29267,пабыло́
29268,пабы́ли
29269,xxx
29270,xxx
29271,xxx
29272,xxx
29273,xxx
29274,xxx
29275,xxx
29276,xxx
29277,xxx
29278,xxx
29279,xxx
29280,xxx
29281,xxx
29282,xxx
29283,xxx
29284,xxx
29285,xxx
29286,xxx
29287,xxx
29288,xxx
29289,по́веселиѫть
29290,павесели́лъ
29291,xxx
29292,xxx
29293,xxx
29294,xxx
29295,xxx
29296,xxx
29297,xxx
29298,пависнуи́мъ
29299,пависну́лъ
29300,пависнула́
29301,пависнуло́
29302,пависну́ли
29303,xxx
29304,xxx
29305,xxx
29306,xxx
29307,xxx
29308,xxx
29309,xxx
29310,xxx
29311,по́высииши
29312,павысии́мъ
29313,павысии́те
29314,павысии́те
29315,павыси́ла
29316,павысиѫ́
29317,павысие́мъ
29318,по́высиѫть
29319,павыси́лъ
29320,xxx
29321,xxx
29322,xxx
29323,xxx
29324,xxx
29325,xxx
29326,xxx
29327,xxx
29328,xxx
29329,xxx
29330,xxx
29331,xxx
29332,xxx
29333,xxx
29334,xxx
29335,xxx
29336,xxx
29337,xxx
29338,xxx
29339,xxx
29340,xxx
29341,xxx
29342,по́губиете
29343,xxx
29344,xxx
29345,xxx
29346,xxx
29347,xxx
29348,xxx
29349,xxx
29350,падбиѫ́
29351,по́дбиете
29352,по́дбиете
29353,падби́ѫть
29354,xxx
29355,xxx
29356,xxx
29357,xxx
29358,xxx
29359,xxx
29360,xxx
29361,падвинуѫ́
29362,падвину́еши
29363,падвину́еть
29364,по́двинуете
29365,по́двинуете
29366,по́двинуте
29367,падвину́ѫть
29368,падвину́лъ
29369,по́двыпиете
29370,падвыпили́
29371,падвы́мь
29372,падвы́те
29373,падвы́лъ
29374,падвы́ла
29375,по́двыли
29376,xxx
29377,xxx
29378,по́дгаварииши
29379,по́дгавариить
29380,по́дгавариать
29381,xxx
29382,xxx
29383,xxx
29384,падгатави́иши
29385,xxx
29386,xxx
29387,xxx
29388,xxx
29389,xxx
29390,xxx
29391,xxx
29392,xxx
29393,xxx
29394,падивию́
29395,падивии́мъ
29396,по́дивиите
29397,падивила́
29398,xxx
29399,падкинуе́мъ
29400,по́дкинули
29401,падключиѫ́
29402,падключиѫ́
29403,по́дключиете
29404,падключи́мь
29405,падключи́си
29406,падключи́ть
29407,падключи́ѫть
29408,xxx
29409,xxx
29410,xxx
29411,xxx
29412,xxx
29413,xxx
29414,xxx
29415,падкупию́
29416,падкупии́ши
29417,падкупила́
29418,xxx
29419,падлиѫ́
29420,по́длиеши
29421,падлие́мъ
29422,по́длиѫть
29423,по́длиѫть
29424,xxx
29425,xxx
29426,xxx
29427,xxx
29428,xxx
29429,xxx
29430,падмизну́мь
29431,по́дмизнуси
29432,по́дмизнуѫть
29433,xxx
29434,xxx
29435,xxx
29436,xxx
29437,xxx
29438,xxx
29439,xxx
29440,xxx
29441,xxx
29442,xxx
29443,xxx
29444,xxx
29445,xxx
29446,xxx
29447,xxx
29448,xxx
29449,xxx
29450,xxx
29451,xxx
29452,xxx
29453,xxx
29454,по́дплыиши
29455,падплыи́те
29456,xxx
29457,по́дпрыгнуете
29458,падпустии́те
29459,по́дпустиать
29460,падпусти́ла
29461,по́дпустили
29462,xxx
29463,xxx
29464,xxx
29465,xxx
29466,xxx
29467,xxx
29468,xxx
29469,xxx
29470,xxx
29471,xxx
29472,xxx
29473,xxx
29474,xxx
29475,по́дружиить
29476,падружи́ла
29477,падры́мь
29478,по́дрыси
29479,по́дрыть
29480,падры́лъ
29481,падры́ла
29482,по́дрыли
29483,xxx
29484,xxx
29485,xxx
29486,xxx
29487,xxx
29488,xxx
29489,xxx
29490,xxx
29491,xxx
29492,xxx
29493,xxx
29494,по́дстриеши
29495,по́дстриеши
29496,по́дстриеть
29497,падстрие́те
29498,падстри́ла
29499,падстри́ла
29500,по́дстрили
29501,xxx
29502,xxx
29503,xxx
29504,xxx
29505,падступие́ть
29506,падступи́ѫть
29507,падступи́лъ
29508,падступиѫ́
29509,падступи́ѫть
29510,падсуную́
29511,падсунуи́те
29512,падсуну́лъ
29513,падсуну́ла
29514,xxx
29515,xxx
29516,xxx
29517,xxx
29518,xxx
29519,xxx
29520,xxx
29521,xxx
29522,xxx
29523,xxx
29524,xxx
29525,xxx
29526,xxx
29527,xxx
29528,xxx
29529,по́дчиниси
29530,падчини́лъ
29531,падчини́ла
29532,падчини́ла
29533,падши́мь
29534,по́дшиси
29535,по́дшили
29536,падшутие́ши
29537,падшути́лъ
29538,падшути́лъ
29539,падшути́ли
29540,xxx
29541,xxx
29542,xxx
29543,xxx
29544,xxx
29545,xxx
29546,xxx
29547,xxx
29548,xxx
29549,xxx
29550,xxx
29551,xxx
29552,xxx
29553,xxx
29554,xxx
29555,пажи́иши
29556,по́жиите
29557,по́жиите
29558,пажи́лъ
29559,xxx
29560,xxx
29561,xxx
29562,xxx
29563,xxx
29564,xxx
29565,xxx
29566,xxx
29567,по́злиѫть
29568,пазли́лъ
29569,пазли́ла
29570,по́злили
29571,xxx
29572,xxx
29573,xxx
29574,пазлатию́
29575,по́златиать
29576,по́залатили
29577,xxx
29578,xxx
29579,xxx
29580,xxx
29581,xxx
29582,xxx
29583,xxx
29584,xxx
29585,xxx
29586,xxx
29587,xxx
29588,xxx
29589,xxx
29590,xxx
29591,xxx
29592,xxx
29593,xxx
29594,xxx
29595,xxx
29596,xxx
29597,xxx
29598,xxx
29599,паклатиѫ́
29600,паклати́ла
29601,по́клатили
29602,xxx
29603,xxx
29604,xxx
29605,xxx
29606,xxx
29607,xxx
29608,пакрути́ть
29609,пакрути́ѫть
29610,пакрутила́
29611,пакры́еши
29612,пакры́еть
29613,пакрыли́
29614,пакуси́мъ
29615,пакуси́мъ
29616,пакуси́мъ
29617,по́кусите
29618,пакуси́лъ
29619,пакусила́
29620,xxx
29621,xxx
29622,xxx
29623,xxx
29624,xxx
29625,xxx
29626,xxx
29627,xxx
29628,xxx
29629,xxx
29630,xxx
29631,xxx
29632,xxx
29633,xxx
29634,по́лииши
29635,палии́мъ
29636,пали́ла
29637,пали́ла
29638,по́лиеши
29639,палие́те
29640,пали́лъ
29641,xxx
29642,xxx
29643,палучию́
29644,палучи́лъ
29645,палучи́мь
29646,палучи́лъ
29647,палучило́
29648,палучи́ли
29649,палыхну́си
29650,палыхнуло́
29651,пальстию́
29652,по́льстииши
29653,пальсти́ла
29654,палюби́мь
29655,по́любиси
29656,палюби́те
29657,по́любиѫть
29658,палюби́лъ
29659,xxx
29660,xxx
29661,xxx
29662,xxx
29663,xxx
29664,xxx
29665,xxx
29666,xxx
29667,xxx
29668,xxx
29669,xxx
29670,памрѣщии́мъ
29671,памерещии́те
29672,по́мерещиать
29673,памрѣщи́ла
29674,памерещи́ла
29675,памрищи́ла
29676,xxx
29677,xxx
29678,xxx
29679,xxx
29680,xxx
29681,xxx
29682,памири́мъ
29683,памири́ѫть
29684,памири́ѫть
29685,памири́лъ
29686,памирила́
29687,памири́ли
29688,памири́мь
29689,памири́мъ
29690,памири́мъ
29691,памири́ѫть
29692,xxx
29693,xxx
29694,xxx
29695,xxx
29696,xxx
29697,xxx
29698,xxx
29699,по́мутить
29700,памути́лъ
29701,по́мутили
29702,по́мыслиете
29703,памыслила́
29704,памыслило́
29705,по́мыеши
29706,памы́лъ
29707,xxx
29708,xxx
29709,xxx
29710,xxx
29711,xxx
29712,xxx
29713,xxx
29714,xxx
29715,xxx
29716,xxx
29717,xxx
29718,по́низиеши
29719,по́низиеши
29720,панизие́те
29721,панизи́ла
29722,панизи́ла
29723,паницну́ть
29724,паницну́ѫть
29725,xxx
29726,xxx
29727,xxx
29728,xxx
29729,xxx
29730,xxx
29731,xxx
29732,папи́мъ
29733,папи́ѫть
29734,папи́лъ
29735,xxx
29736,xxx
29737,xxx
29738,xxx
29739,xxx
29740,xxx
29741,xxx
29742,xxx
29743,xxx
29744,xxx
29745,xxx
29746,xxx
29747,xxx
29748,xxx
29749,xxx
29750,xxx
29751,xxx
29752,xxx
29753,xxx
29754,xxx
29755,xxx
29756,xxx
29757,xxx
29758,xxx
29759,xxx
29760,xxx
29761,xxx
29762,xxx
29763,xxx
29764,xxx
29765,xxx
29766,xxx
29767,xxx
29768,xxx
29769,xxx
29770,xxx
29771,xxx
29772,по́рубили
29773,xxx
29774,xxx
29775,xxx
29776,xxx
29777,пархнуи́мъ
29778,пархнуи́те
29779,по́рхнуать
29780,по́рхнуать
29781,пархну́ла
29782,пары́те
29783,пары́те
29784,по́рыѫть
29785,по́рыѫть
29786,по́рыли
29787,по́рыли
29788,xxx
29789,xxx
29790,xxx
29791,xxx
29792,xxx
29793,xxx
29794,xxx
29795,пасрѣбрили́
29796,пасеребри́ѫть
29797,xxx
29798,xxx
29799,xxx
29800,xxx
29801,xxx
29802,xxx
29803,паскупии́мъ
29804,паскупи́лъ
29805,паскупи́ли
29806,паслужию́
29807,по́служииши
29808,паслужии́те
29809,паслужи́лъ
29810,xxx
29811,xxx
29812,xxx
29813,xxx
29814,xxx
29815,xxx
29816,xxx
29817,xxx
29818,xxx
29819,xxx
29820,xxx
29821,xxx
29822,xxx
29823,xxx
29824,xxx
29825,по́стизнуте
29826,по́стизнуте
29827,пастизнуло́
29828,пастизну́ли
29829,пасти́лъ
29830,пастило́
29831,пастило́
29832,xxx
29833,пастрани́ать
29834,пастрани́лъ
29835,пастранила́
29836,пастаранило́
29837,пастранило́
29838,xxx
29839,xxx
29840,паступи́лъ
29841,по́ступила
29842,пастыди́иши
29843,по́стыдила
29844,по́судите
29845,пасуди́ѫть
29846,пасуди́ѫть
29847,пасудила́
29848,пасули́ать
29849,xxx
29850,xxx
29851,xxx
29852,xxx
29853,xxx
29854,xxx
29855,xxx
29856,xxx
29857,xxx
29858,xxx
29859,xxx
29860,xxx
29861,xxx
29862,xxx
29863,xxx
29864,xxx
29865,xxx
29866,xxx
29867,xxx
29868,xxx
29869,xxx
29870,по́тарапить
29871,xxx
29872,xxx
29873,xxx
29874,xxx
29875,по́трѣважиать
29876,патрѣважи́ла
29877,xxx
29878,xxx
29879,xxx
29880,xxx
29881,xxx
29882,патруди́еть
29883,по́трудиете
29884,по́трудиете
29885,патупи́лъ
29886,xxx
29887,патухну́си
29888,патухну́ли
29889,xxx
29890,xxx
29891,паучиѫ́
29892,паучи́еши
29893,паучи́ѫть
29894,по́учила
29895,паучи́еши
29896,паучие́мъ
29897,паучи́лъ
29898,паучило́
29899,пахитиѫ́
29900,пахитиѫ́
29901,пахити́еши
29902,пахити́ѫть
29903,пахитило́
29904,xxx
29905,xxx
29906,xxx
29907,xxx
29908,xxx
29909,по́хранила
29910,по́харанила
29911,xxx
29912,xxx
29913,xxx
29914,xxx
29915,xxx
29916,xxx
29917,xxx
29918,xxx
29919,xxx
29920,xxx
29921,xxx
29922,xxx
29923,xxx
29924,xxx
29925,xxx
29926,xxx
29927,xxx
29928,xxx
29929,пачтию́
29930,по́чтиите
29931,пачти́ли
29932,xxx
29933,xxx
29934,xxx
29935,xxx
29936,xxx
29937,xxx
29938,xxx
29939,xxx
29940,xxx
29941,xxx
29942,xxx
29943,xxx
29944,по́шѣвѣлите
29945,пашѣвѣлила́
29946,пашевели́иши
29947,xxx
29948,xxx
29949,xxx
29950,xxx
29951,xxx
29952,xxx
29953,xxx
29954,xxx
29955,xxx
29956,xxx
29957,пребыю́
29958,пребыю́
29959,пребыи́те
29960,пребы́ла
29961,пре́были
29962,xxx
29963,xxx
29964,xxx
29965,xxx
29966,xxx
29967,превысие́ши
29968,xxx
29969,xxx
29970,прѣдвкуси́лъ
29971,xxx
29972,xxx
29973,xxx
29974,xxx
29975,xxx
29976,xxx
29977,xxx
29978,xxx
29979,xxx
29980,xxx
29981,xxx
29982,xxx
29983,пре́дплажиеши
29984,предплажие́мъ
29985,предпалажие́мъ
29986,xxx
29987,xxx
29988,xxx
29989,xxx
29990,xxx
29991,xxx
29992,xxx
29993,xxx
29994,xxx
29995,xxx
29996,xxx
29997,xxx
29998,xxx
29999,xxx
30000,xxx
30001,xxx
30002,xxx
30003,xxx
30004,xxx
30005,прельсти́си
30006,пре́льстите
30007,xxx
30008,xxx
30009,xxx
30010,xxx
30011,xxx
30012,xxx
30013,xxx
30014,xxx
30015,xxx
30016,xxx
30017,xxx
30018,преступие́ть
30019,пре́ступиете
30020,преступи́лъ
30021,xxx
30022,xxx
30023,xxx
30024,xxx
30025,xxx
30026,xxx
30027,xxx
30028,xxx
30029,xxx
30030,xxx
30031,прибави́еши
30032,прибави́еть
30033,при́бавиете
30034,прибави́си
30035,прибави́ли
30036,прибави́ли
30037,xxx
30038,xxx
30039,при́биеши
30040,прибие́те
30041,приби́лъ
30042,приби́ла
30043,при́били
30044,приблизию́
30045,приблизию́
30046,приблизии́мъ
30047,при́близите
30048,приблизи́ать
30049,приблизи́лъ
30050,приблизи́ли
30051,xxx
30052,xxx
30053,привали́ить
30054,при́валиите
30055,при́валила
30056,привали́иши
30057,привалии́мъ
30058,привали́лъ
30059,приви́мь
30060,приви́мь
30061,приви́мъ
30062,при́вите
30063,приви́ѫть
30064,приви́ѫть
30065,xxx
30066,xxx
30067,xxx
30068,xxx
30069,xxx
30070,xxx
30071,xxx
30072,xxx
30073,при́зладиите
30074,призлади́лъ
30075,призладило́
30076,призладило́
30077,призласию́
30078,призласи́ить
30079,призласи́ить
30080,призласи́лъ
30081,при́зласила
30082,призлушили́
30083,призлянуѫ́
30084,призлянуе́ши
30085,призлянуе́мъ
30086,призлянула́
30087,призлянуло́
30088,призляну́ли
30089,при́знули
30090,призну́ла
30091,призну́ла
30092,призади́мъ
30093,призади́ѫть
30094,xxx
30095,xxx
30096,призрази́иши
30097,призразило́
30098,придави́еши
30099,придави́еши
30100,придави́лъ
30101,придави́лъ
30102,при́давила
30103,при́двинуете
30104,придвину́ѫть
30105,придвинула́
30106,xxx
30107,xxx
30108,xxx
30109,xxx
30110,xxx
30111,xxx
30112,xxx
30113,xxx
30114,придушие́мъ
30115,придуши́лъ
30116,при́душили
30117,при́душили
30118,xxx
30119,xxx
30120,xxx
30121,xxx
30122,прижи́си
30123,прижи́ть
30124,прижило́
30125,приземлило́
30126,xxx
30127,xxx
30128,прицатию́
30129,при́цатииши
30130,при́цатиить
30131,прицатии́те
30132,прициную́
30133,прицинуи́мъ
30134,прицину́ли
30135,прицину́ть
30136,при́цинуте
30137,прицину́ли
30138,прицину́ли
30139,при́цлеиать
30140,при́цлеили
30141,прицлеиѫ́
30142,прицлеие́мъ
30143,прицлючи́ить
30144,при́цлючиите
30145,xxx
30146,прицанчиѫ́
30147,прицанчие́мъ
30148,прицанчи́лъ
30149,при́цанчили
30150,при́цаснуѫть
30151,прицасну́ла
30152,прицрепи́си
30153,прицрепила́
30154,прицрепи́еши
30155,при́црепиете
30156,прицрепили́
30157,прицрицнуѫ́
30158,прицрицнуе́мъ
30159,прицрицнуе́те
30160,при́црыеши
30161,прицрые́те
30162,при́црыѫть
30163,при́црыѫть
30164,при́црыли
30165,при́црыси
30166,прицры́лъ
30167,прицры́ла
30168,при́цупите
30169,прицупи́ѫть
30170,прицупи́лъ
30171,прицури́мь
30172,прицури́ть
30173,прицури́ѫть
30174,прицури́лъ
30175,прицусии́ши
30176,при́цусиите
30177,прицуси́лъ
30178,прицусила́
30179,прилепи́те
30180,при́лепиать
30181,прилепи́лъ
30182,прилепию́
30183,прилепии́мъ
30184,прилепи́лъ
30185,при́лепили
30186,xxx
30187,прилипную́
30188,прилипнула́
30189,при́лажиси
30190,прилажи́мъ
30191,прилажи́ла
30192,прилажи́ла
30193,прилажиѫ́
30194,прилажи́ла
30195,прильну́мь
30196,при́льнуси
30197,при́льнуѫть
30198,приманию́
30199,примании́мъ
30200,примани́лъ
30201,при́манила
30202,при́мѣриете
30203,примири́ѫть
30204,примири́лъ
30205,примѣрило́
30206,при́метиси
30207,при́метить
30208,примети́мъ
30209,примети́те
30210,примети́лъ
30211,примирии́мъ
30212,примири́лъ
30213,примирии́мъ
30214,примирила́
30215,примири́ли
30216,примкную́
30217,примкнуи́мъ
30218,при́мкнуите
30219,примкнула́
30220,примкнуло́
30221,прималкну́ѫть
30222,прималкнула́
30223,примасти́мъ
30224,при́мастили
30225,при́мастили
30226,примасти́лъ
30227,примасти́ла
30228,при́мастили
30229,xxx
30230,xxx
30231,приницну́еть
30232,при́ницнуете
30233,при́ницнула
30234,при́нудить
30235,принуди́ла
30236,принюха́ть
30237,принюха́мъ
30238,при́нюхате
30239,принюха́ѫть
30240,принюхало́
30241,xxx
30242,приабщи́лъ
30243,приабщило́
30244,приаткры́ли
30245,приаткры́мь
30246,приаткры́си
30247,при́аткрыте
30248,приаткрыло́
30249,xxx
30250,xxx
30251,xxx
30252,приписа́ать
30253,приписала́
30254,приписа́ли
30255,при́плыеши
30256,приплые́те
30257,приплы́ла
30258,xxx
30259,припамни́мь
30260,припамни́мь
30261,припамни́ли
30262,припамни́ли
30263,припухную́
30264,при́пухнуить
30265,припухнуи́те
30266,припухну́ла
30267,припухну́ла
30268,припухну́ла
30269,приручиѫ́
30270,приручи́ѫть
30271,приручила́
30272,приручи́мь
30273,приручи́ѫть
30274,приручи́ѫть
30275,присвистную́
30276,при́свистнуить
30277,присвистну́лъ
30278,присваию́
30279,присваи́лъ
30280,присваи́ла
30281,при́сѣлиить
30282,при́силили
30283,xxx
30284,прислание́ши
30285,прислание́ть
30286,при́сланиете
30287,прислани́ѫть
30288,прислании́мъ
30289,прислани́ли
30290,прислуша́мъ
30291,прислуша́ѫть
30292,xxx
30293,xxx
30294,xxx
30295,xxx
30296,xxx
30297,xxx
30298,xxx
30299,при́сниѫть
30300,присни́ла
30301,приставию́
30302,приставии́мъ
30303,приставии́те
30304,при́ставиать
30305,xxx
30306,пристрѣли́мь
30307,пристрили́ть
30308,пристрилила́
30309,пристраиѫ́
30310,пристраие́ши
30311,пристраи́лъ
30312,пристраила́
30313,пристраила́
30314,пристраи́ать
30315,приступи́лъ
30316,при́ступила
30317,приступило́
30318,приступили́
30319,при́судиать
30320,при́судили
30321,при́судили
30322,при́считаеть
30323,присчита́лъ
30324,при́считали
30325,присягну́ть
30326,присягнула́
30327,присягнуло́
30328,при́таииши
30329,при́таить
30330,притаии́те
30331,при́таиать
30332,притаи́лъ
30333,при́таили
30334,при́таиеши
30335,при́таиеть
30336,притаие́мъ
30337,притаи́ла
30338,притащи́мь
30339,притащи́мь
30340,притащи́си
30341,притащи́си
30342,притащи́ѫть
30343,притащи́лъ
30344,притащи́ли
30345,притисну́лъ
30346,при́тиснули
30347,притрану́ать
30348,притрануло́
30349,притрануло́
30350,притяную́
30351,xxx
30352,приучи́си
30353,приучило́
30354,присвати́мь
30355,присвати́ть
30356,присватии́мъ
30357,при́сватите
30358,присватила́
30359,прислебну́мъ
30360,прислебну́ѫть
30361,прислебну́ѫть
30362,прислебнула́
30363,прислебну́ли
30364,прислапну́ѫть
30365,прислапну́лъ
30366,прицѣлие́мъ
30367,прицѣли́ла
30368,прицѣпию́
30369,прицѣпи́иши
30370,прицѣпи́иши
30371,xxx
30372,xxx
30373,причиниѫ́
30374,причиние́ши
30375,причиние́ть
30376,при́чиниете
30377,причини́лъ
30378,причинила́
30379,при́числиеши
30380,при́числиеть
30381,при́числили
30382,пришибиѫ́
30383,пришиби́еши
30384,пришиби́еть
30385,при́шибиете
30386,пришибили́
30387,приши́лъ
30388,пришило́
30389,прищурие́ши
30390,при́щуриете
30391,прищурила́
30392,прищурила́
30393,прищурило́
30394,прищурии́ши
30395,прищури́ать
30396,прищури́лъ
30397,приютиѫ́
30398,приютие́ши
30399,xxx
30400,xxx
30401,xxx
30402,xxx
30403,xxx
30404,xxx
30405,xxx
30406,xxx
30407,про́бииши
30408,про́биить
30409,прабии́мъ
30410,прабии́мъ
30411,прабии́те
30412,праби́ла
30413,праби́мь
30414,про́биси
30415,про́биѫть
30416,xxx
30417,xxx
30418,xxx
30419,xxx
30420,xxx
30421,прабубни́мь
30422,прабубни́мь
30423,прабубни́ть
30424,прабубнило́
30425,прабуди́мь
30426,прабуди́те
30427,прабуди́те
30428,про́будиѫть
30429,про́будиѫть
30430,прабуди́лъ
30431,прабуди́лъ
30432,прабудию́
30433,про́будииши
30434,про́будиать
30435,про́будили
30436,xxx
30437,xxx
30438,xxx
30439,правиние́мъ
30440,правини́ла
30441,правини́ла
30442,про́винили
30443,про́винили
30444,xxx
30445,xxx
30446,xxx
30447,xxx
30448,xxx
30449,прагавариѫ́
30450,прагавари́ла
30451,про́гаварииши
30452,прагаварии́те
30453,про́гавариать
30454,прагавари́ла
30455,xxx
30456,xxx
30457,xxx
30458,xxx
30459,xxx
30460,xxx
30461,xxx
30462,xxx
30463,xxx
30464,xxx
30465,xxx
30466,xxx
30467,xxx
30468,xxx
30469,xxx
30470,xxx
30471,xxx
30472,xxx
30473,xxx
30474,xxx
30475,xxx
30476,xxx
30477,прадвину́лъ
30478,прадвинула́
30479,прадвинуло́
30480,прадвинуѫ́
30481,прадвинуе́ши
30482,прадвину́ѫть
30483,прадвину́лъ
30484,прадвинуло́
30485,прадвину́ли
30486,xxx
30487,xxx
30488,xxx
30489,xxx
30490,xxx
30491,xxx
30492,прадлию́
30493,прадли́иши
30494,прадлили́
30495,xxx
30496,xxx
30497,xxx
30498,xxx
30499,xxx
30500,xxx
30501,xxx
30502,xxx
30503,xxx
30504,xxx
30505,xxx
30506,xxx
30507,xxx
30508,праизрасю́
30509,праизраси́те
30510,праизраси́те
30511,про́израсли
30512,xxx
30513,xxx
30514,xxx
30515,xxx
30516,xxx
30517,xxx
30518,xxx
30519,xxx
30520,xxx
30521,пракисную́
30522,пракисну́ать
30523,пракиснули́
30524,xxx
30525,xxx
30526,xxx
30527,про́крутиите
30528,пракури́иши
30529,пракури́ить
30530,пракури́лъ
30531,xxx
30532,xxx
30533,xxx
30534,xxx
30535,xxx
30536,xxx
30537,пралиѫ́
30538,прали́еши
30539,прали́еть
30540,про́лиете
30541,про́лиете
30542,прали́ѫть
30543,пралили́
30544,прали́еши
30545,прали́лъ
30546,xxx
30547,xxx
30548,xxx
30549,xxx
30550,xxx
30551,xxx
30552,xxx
30553,xxx
30554,xxx
30555,xxx
30556,xxx
30557,xxx
30558,xxx
30559,xxx
30560,xxx
30561,xxx
30562,прамысли́мъ
30563,прамысли́ѫть
30564,прамы́си
30565,прамы́ѫть
30566,прамы́лъ
30567,прамы́лъ
30568,xxx
30569,xxx
30570,xxx
30571,xxx
30572,xxx
30573,пранзиѫ́
30574,пранзие́мъ
30575,пранзи́ли
30576,праницну́лъ
30577,xxx
30578,xxx
30579,xxx
30580,xxx
30581,xxx
30582,xxx
30583,xxx
30584,xxx
30585,xxx
30586,xxx
30587,xxx
30588,xxx
30589,xxx
30590,xxx
30591,xxx
30592,xxx
30593,прапии́те
30594,прапии́те
30595,про́пили
30596,праплы́си
30597,праплы́ть
30598,праплы́мъ
30599,праплыла́
30600,xxx
30601,xxx
30602,xxx
30603,xxx
30604,про́рубите
30605,праруби́лъ
30606,про́рыете
30607,про́рыете
30608,прарыло́
30609,прарыло́
30610,прарыли́
30611,xxx
30612,xxx
30613,xxx
30614,xxx
30615,xxx
30616,xxx
30617,xxx
30618,xxx
30619,xxx
30620,xxx
30621,xxx
30622,xxx
30623,xxx
30624,праслужи́лъ
30625,праслужи́ли
30626,праслыи́мъ
30627,праслыи́мъ
30628,праслыли́
30629,xxx
30630,xxx
30631,xxx
30632,xxx
30633,xxx
30634,xxx
30635,xxx
30636,xxx
30637,прастила́
30638,прасти́ли
30639,прастии́ть
30640,прастии́мъ
30641,прасти́ать
30642,прасти́ать
30643,xxx
30644,xxx
30645,xxx
30646,xxx
30647,xxx
30648,xxx
30649,прастудию́
30650,прастудии́мъ
30651,прастудило́
30652,прастудие́мъ
30653,прастуди́ли
30654,праступии́ши
30655,праступи́лъ
30656,праступило́
30657,про́стынуиши
30658,про́стынуить
30659,прастыну́лъ
30660,про́сунуете
30661,прасунуло́
30662,прасунули́
30663,xxx
30664,xxx
30665,xxx
30666,xxx
30667,xxx
30668,xxx
30669,xxx
30670,пратисну́еши
30671,пратисну́еть
30672,пратиснуе́мъ
30673,пратисну́ѫть
30674,пратисну́лъ
30675,пратиснуѫ́
30676,пратиснуе́мъ
30677,пратисну́ѫть
30678,пратиснули́
30679,праткнула́
30680,xxx
30681,xxx
30682,xxx
30683,xxx
30684,праучиѫ́
30685,про́учили
30686,xxx
30687,xxx
30688,xxx
30689,xxx
30690,xxx
30691,xxx
30692,xxx
30693,xxx
30694,xxx
30695,xxx
30696,прашибие́мъ
30697,про́шибила
30698,прашибили́
30699,xxx
30700,прашие́ть
30701,праши́лъ
30702,праши́ли
30703,xxx
30704,прыснуи́мъ
30705,прысну́ла
30706,прысну́ла
30707,прысну́ла
30708,прысну́ла
30709,xxx
30710,xxx
30711,xxx
30712,пугну́еши
30713,пугну́еши
30714,пу́гнуете
30715,пу́гнула
30716,пугнуло́
30717,пугнули́
30718,пугнули́
30719,пукну́иши
30720,пукну́ать
30721,пукнули́
30722,пу́стииши
30723,пустии́те
30724,пустии́те
30725,пусти́ла
30726,пустиѫ́
30727,пу́стиеши
30728,пустие́те
30729,пусти́ла
30730,пу́стили
30731,ра́збавиить
30732,разбави́лъ
30733,xxx
30734,xxx
30735,xxx
30736,xxx
30737,разбамбие́мъ
30738,ра́збамбиѫть
30739,разбамби́ла
30740,xxx
30741,xxx
30742,разбудие́мъ
30743,ра́збудиете
30744,разбуди́лъ
30745,ра́збухнуѫть
30746,разбухну́лъ
30747,развалии́ть
30748,развалило́
30749,развали́ли
30750,развалии́мъ
30751,развалила́
30752,развалило́
30753,ра́звернуеть
30754,развернуе́те
30755,развернуе́те
30756,ра́звернули
30757,развеселию́
30758,развесели́лъ
30759,ра́звеселила
30760,развеселило́
30761,развеселили́
30762,развѣсѣли́си
30763,развѣсѣлило́
30764,развисилило́
30765,развеси́лъ
30766,развеси́ла
30767,разветвиѫ́
30768,разветвие́мъ
30769,разветви́лъ
30770,разветвило́
30771,xxx
30772,xxx
30773,xxx
30774,ра́звлеите
30775,ра́звлеите
30776,развле́ать
30777,развлели́
30778,xxx
30779,xxx
30780,xxx
30781,xxx
30782,xxx
30783,разваратила́
30784,развратило́
30785,ра́звратиеши
30786,ра́звратиеть
30787,развратие́те
30788,xxx
30789,xxx
30790,xxx
30791,xxx
30792,ра́згавариите
30793,разгавари́ли
30794,разгаварии́ши
30795,разгаварии́ть
30796,разгаварии́мъ
30797,разгаварии́мъ
30798,разгаварило́
30799,xxx
30800,xxx
30801,xxx
30802,ра́зграбите
30803,разграбила́
30804,ра́зграмиать
30805,разграми́ла
30806,ра́згрузиси
30807,ра́згрузиси
30808,разгрузи́мъ
30809,xxx
30810,раздави́мь
30811,раздави́мь
30812,ра́здависи
30813,раздави́мъ
30814,раздави́ла
30815,раздави́ла
30816,раздвиную́
30817,ра́здвинуите
30818,раздвину́лъ
30819,раздвину́ли
30820,раздвинуѫ́
30821,раздвинуѫ́
30822,раздваие́мъ
30823,раздваи́лъ
30824,раздваи́лъ
30825,раздваила́
30826,раздваи́ли
30827,раздели́мь
30828,ра́зделиси
30829,раздели́мъ
30830,раздели́те
30831,ра́зделиѫть
30832,ра́зделиѫть
30833,ра́зделили
30834,раздее́мъ
30835,разде́лъ
30836,разде́ли
30837,разде́ли
30838,раздабы́си
30839,раздабы́мъ
30840,раздабыла́
30841,xxx
30842,ра́здражите
30843,раздражи́ѫть
30844,раздражи́ли
30845,раздразни́иши
30846,ра́здразниите
30847,раздразни́лъ
30848,ра́здразнила
30849,раздразнили́
30850,раздразнили́
30851,раздрабию́
30852,раздрабию́
30853,раздрабии́те
30854,ра́здрабиать
30855,раздраби́ла
30856,xxx
30857,разже́мъ
30858,разже́мъ
30859,ра́зжете
30860,разже́ѫть
30861,разжело́
30862,разже́ли
30863,разинула́
30864,разинуло́
30865,xxx
30866,xxx
30867,xxx
30868,xxx
30869,xxx
30870,различиѫ́
30871,различие́мъ
30872,различие́те
30873,ра́зличиѫть
30874,ра́зличиѫть
30875,различи́лъ
30876,различи́лъ
30877,различие́те
30878,различие́те
30879,различи́ла
30880,различи́ла
30881,разлажие́ть
30882,разлажи́лъ
30883,разлажи́ли
30884,разлажи́ли
30885,разлучию́
30886,ра́злучиать
30887,ра́злюбиси
30888,разлюби́лъ
30889,ра́злюбили
30890,xxx
30891,размахну́си
30892,размахну́ѫть
30893,размахну́ли
30894,размахную́
30895,размахнуи́ши
30896,размахнуи́ть
30897,размахнуи́мъ
30898,размерию́
30899,размери́лъ
30900,размерили́
30901,разместию́
30902,разместии́мъ
30903,ра́зместиите
30904,размести́ать
30905,разместиѫ́
30906,размести́лъ
30907,ра́змразиите
30908,размарази́ать
30909,размаразила́
30910,размыслие́ши
30911,ра́змыслиете
30912,размысли́ли
30913,размякну́мь
30914,размякну́си
30915,размякну́ть
30916,размякну́мъ
30917,размякнула́
30918,размякнуло́
30919,размякну́ли
30920,xxx
30921,xxx
30922,xxx
30923,xxx
30924,xxx
30925,xxx
30926,xxx
30927,xxx
30928,xxx
30929,xxx
30930,xxx
30931,xxx
30932,xxx
30933,xxx
30934,разазли́мь
30935,ра́зазлиси
30936,ра́зазлили
30937,xxx
30938,xxx
30939,xxx
30940,разарии́мъ
30941,ра́зариите
30942,разари́ать
30943,разарие́мъ
30944,разарие́мъ
30945,ра́зариете
30946,xxx
30947,xxx
30948,xxx
30949,xxx
30950,xxx
30951,xxx
30952,разрази́лъ
30953,разрешие́мъ
30954,разрешие́мъ
30955,разрешие́мъ
30956,разреши́ли
30957,разрисавае́мъ
30958,разрисавае́мъ
30959,ра́зрисаваете
30960,разрисава́лъ
30961,разразни́еши
30962,разразни́еть
30963,разрубию́
30964,разруби́ла
30965,ра́зрушиеши
30966,разрушие́мъ
30967,ра́зрушиѫть
30968,ра́зрушили
30969,xxx
30970,xxx
30971,xxx
30972,xxx
30973,разучи́мъ
30974,разучи́ѫть
30975,разучи́ли
30976,разучи́мь
30977,разучи́ѫть
30978,разучило́
30979,разучи́ли
30980,разъяри́лъ
30981,xxx
30982,xxx
30983,xxx
30984,xxx
30985,xxx
30986,xxx
30987,раскали́лъ
30988,xxx
30989,раскати́лъ
30990,раскати́лъ
30991,раскати́ла
30992,раскати́ла
30993,ра́скатили
30994,xxx
30995,xxx
30996,xxx
30997,xxx
30998,xxx
30999,раскину́иши
31000,ра́скинуите
31001,раскинули́
31002,раскину́ть
31003,раскину́лъ
31004,раскисну́лъ
31005,раскиснуло́
31006,xxx
31007,xxx
31008,xxx
31009,xxx
31010,xxx
31011,xxx
31012,xxx
31013,раскраси́мъ
31014,раскраси́ѫть
31015,раскрасило́
31016,раскраи́мь
31017,раскраи́ши
31018,раскраи́лъ
31019,раскраи́ли
31020,раскрутии́мъ
31021,раскрутии́те
31022,раскрути́лъ
31023,раскрути́ла
31024,раскрути́ла
31025,xxx
31026,xxx
31027,раскуси́мь
31028,раскуси́те
31029,ра́скусиѫть
31030,ра́спарииши
31031,распари́лъ
31032,распари́лъ
31033,ра́спарили
31034,xxx
31035,распахную́
31036,распахнуи́мъ
31037,распахнуи́мъ
31038,распахну́лъ
31039,распахнули́
31040,ра́спахнуите
31041,распѣла́
31042,распило́
31043,xxx
31044,xxx
31045,расплави́мь
31046,расплави́мъ
31047,расплави́ла
31048,xxx
31049,расплати́мь
31050,ра́сплатиси
31051,расплати́мъ
31052,ра́сплатиѫть
31053,расплати́ла
31054,xxx
31055,ра́сплющиете
31056,ра́сплющиете
31057,расплющи́лъ
31058,xxx
31059,xxx
31060,xxx
31061,xxx
31062,xxx
31063,расплажии́ть
31064,ра́спалажиите
31065,расплажила́
31066,распалажила́
31067,xxx
31068,ра́справиеть
31069,расправие́мъ
31070,расправие́мъ
31071,расправие́мъ
31072,расправии́те
31073,расправи́лъ
31074,распределию́
31075,ра́спределиите
31076,xxx
31077,xxx
31078,распрями́мь
31079,ра́спрямить
31080,распрями́мъ
31081,распрями́мъ
31082,ра́спрямили
31083,распрямие́мъ
31084,ра́спрямиѫть
31085,распрями́ла
31086,распусти́иши
31087,ра́спустиите
31088,распустили́
31089,распустии́мъ
31090,распусти́лъ
31091,распухнуе́те
31092,распухну́ла
31093,рассадию́
31094,рассади́иши
31095,рассади́ать
31096,рассадили́
31097,ра́ссѣлиси
31098,рассили́лъ
31099,рассѣли́ла
31100,рассели́мъ
31101,рассели́те
31102,ра́сселиѫть
31103,рассели́лъ
31104,рассердиѫ́
31105,ра́ссердиеши
31106,ра́ссердили
31107,рассе́си
31108,рассело́
31109,xxx
31110,xxx
31111,xxx
31112,расслаби́те
31113,ра́сслабиѫть
31114,расслаби́лъ
31115,расслаби́ла
31116,ра́сслабииши
31117,расслабии́те
31118,xxx
31119,xxx
31120,расспрасиѫ́
31121,ра́сспрасиеши
31122,ра́сспрасиеть
31123,расспраси́ла
31124,расставии́мъ
31125,расставила́
31126,расстегнуе́ши
31127,расстегну́ѫть
31128,расстегнула́
31129,расстегну́ли
31130,расстѣли́иши
31131,расстили́ить
31132,ра́сстѣлиите
31133,расстѣли́ать
31134,расстѣли́лъ
31135,ра́сстѣлила
31136,расстели́си
31137,расстели́мъ
31138,расстелила́
31139,расстраии́мъ
31140,расстраии́мъ
31141,расстраи́ать
31142,ра́сстраила
31143,расстраили́
31144,расстраили́
31145,расстраи́си
31146,расстраило́
31147,расстраи́ли
31148,расступии́мъ
31149,расступи́лъ
31150,расступи́ла
31151,ра́ссудиите
31152,рассуди́ать
31153,рассуди́лъ
31154,рассуди́лъ
31155,рассуди́лъ
31156,растащиѫ́
31157,растащи́еши
31158,ра́стащиете
31159,растащи́лъ
31160,ра́стащила
31161,раствари́лъ
31162,раствари́ла
31163,xxx
31164,растапиѫ́
31165,ра́стапиете
31166,растапи́ѫть
31167,растапило́
31168,растапи́ли
31169,растаргнуи́ши
31170,растриважи́мь
31171,растрѣважи́мъ
31172,xxx
31173,растяну́мъ
31174,ра́стянуѫть
31175,ра́стянули
31176,ра́стянуить
31177,ра́стянуать
31178,растяну́лъ
31179,растяну́ла
31180,растяну́ла
31181,ра́стянули
31182,xxx
31183,xxx
31184,xxx
31185,xxx
31186,расчисти́лъ
31187,расшири́мь
31188,расшири́си
31189,расшири́ать
31190,расшифраваю́
31191,расшифравало́
31192,xxx
31193,xxx
31194,рехну́мъ
31195,рехну́ла
31196,реши́лъ
31197,реши́ла
31198,ринуѫ́
31199,рину́лъ
31200,ри́нула
31201,ри́нула
31202,ри́нуете
31203,рину́лъ
31204,xxx
31205,рухну́мь
31206,ру́хнуть
31207,рухну́те
31208,рухну́ла
31209,рухну́ла
31210,сагитирава́мь
31211,сагитираваи́ши
31212,сагитирава́мъ
31213,са́гитиравате
31214,сагитиравало́
31215,сагитиравало́
31216,садану́ѫть
31217,садану́лъ
31218,xxx
31219,xxx
31220,xxx
31221,xxx
31222,xxx
31223,xxx
31224,xxx
31225,xxx
31226,сблизи́мь
31227,сблизи́мь
31228,сбли́зить
31229,сблизи́мъ
31230,сблизи́ла
31231,сбли́зиеть
31232,сблизие́мъ
31233,сбли́зили
31234,сбли́зили
31235,сбалтну́мь
31236,сбо́лтнуте
31237,сбраси́си
31238,сбраси́си
31239,сбро́сите
31240,сбрасило́
31241,xxx
31242,xxx
31243,свергну́си
31244,свергну́си
31245,све́ргнуте
31246,свергну́ѫть
31247,свергну́лъ
31248,свери́иши
31249,свери́ать
31250,свернуѫ́
31251,свернуе́те
31252,сверну́лъ
31253,xxx
31254,xxx
31255,свершие́мъ
31256,свершило́
31257,свеси́те
31258,све́сиѫть
31259,свеси́ла
31260,све́сили
31261,свесиѫ́
31262,свесие́мъ
31263,свесие́те
31264,xxx
31265,xxx
31266,xxx
31267,xxx
31268,xxx
31269,свиснуи́те
31270,сви́снуать
31271,свистнуи́мъ
31272,сви́стнуите
31273,сви́стнула
31274,xxx
31275,сви́снуѫть
31276,сви́снуеши
31277,xxx
31278,xxx
31279,xxx
31280,сги́нуиши
31281,сгинуи́те
31282,сгину́ла
31283,сгину́ла
31284,xxx
31285,сгло́тнуите
31286,сглатну́ать
31287,сглатну́лъ
31288,сглатнула́
31289,xxx
31290,xxx
31291,xxx
31292,сгадию́
31293,сго́диите
31294,сгади́ать
31295,сгади́ать
31296,сгади́лъ
31297,сгади́лъ
31298,сгади́лъ
31299,сгадила́
31300,сгадило́
31301,сгади́ли
31302,сгарбие́те
31303,сгарби́ла
31304,сго́рбили
31305,сго́рбиѫть
31306,xxx
31307,сгруди́иши
31308,сгрудии́мъ
31309,сгру́диите
31310,сгрудили́
31311,сгрузи́ть
31312,сгрузи́мъ
31313,сгрузила́
31314,xxx
31315,xxx
31316,сгуби́лъ
31317,сгуби́ла
31318,сгустию́
31319,сгу́стиать
31320,сгусти́ла
31321,сгу́стить
31322,сгусти́мъ
31323,сгусти́те
31324,сгусти́ла
31325,xxx
31326,xxx
31327,xxx
31328,сдвину́лъ
31329,сдвину́ла
31330,сдвиную́
31331,сдви́нуать
31332,xxx
31333,xxx
31334,xxx
31335,xxx
31336,xxx
31337,xxx
31338,xxx
31339,xxx
31340,сдё́рнуиши
31341,сдё́рнуить
31342,сдё́рнули
31343,сдахну́мь
31344,сдо́хнуть
31345,сдахну́мъ
31346,сдахну́те
31347,сдо́хнули
31348,xxx
31349,xxx
31350,xxx
31351,xxx
31352,xxx
31353,xxx
31354,xxx
31355,xxx
31356,xxx
31357,xxx
31358,xxx
31359,ски́нуать
31360,скину́лъ
31361,скину́ла
31362,скину́ла
31363,склеиѫ́
31364,склеие́мъ
31365,скланию́
31366,склани́ать
31367,склани́лъ
31368,склани́мь
31369,склани́мъ
31370,скланила́
31371,xxx
31372,скальзну́ла
31373,xxx
31374,xxx
31375,xxx
31376,xxx
31377,xxx
31378,xxx
31379,xxx
31380,xxx
31381,сканфузиѫ́
31382,сканфузие́мъ
31383,сканфузи́ѫть
31384,ско́нфузила
31385,сканфузили́
31386,xxx
31387,xxx
31388,xxx
31389,xxx
31390,xxx
31391,xxx
31392,xxx
31393,xxx
31394,ско́пиете
31395,xxx
31396,xxx
31397,xxx
31398,xxx
31399,xxx
31400,скарчило́
31401,скарчи́си
31402,скарчи́ть
31403,скрепие́мъ
31404,скрепи́лъ
31405,скрѣстию́
31406,скристию́
31407,скристи́иши
31408,скрѣстило́
31409,скрѣстили́
31410,скривию́
31411,скриви́иши
31412,скривии́мъ
31413,скривии́мъ
31414,скри́виите
31415,скриви́ать
31416,скривило́
31417,скривили́
31418,скривиѫ́
31419,скривиѫ́
31420,скриви́еши
31421,скривие́мъ
31422,скриви́ѫть
31423,скриви́ѫть
31424,скри́вила
31425,скрипну́мь
31426,скри́пнуте
31427,скрипну́ѫть
31428,скраи́иши
31429,скраии́мъ
31430,скраи́ать
31431,скро́ила
31432,скрути́мь
31433,скрути́мъ
31434,скру́тите
31435,скрутила́
31436,скрути́ли
31437,xxx
31438,xxx
31439,скрю́чиете
31440,скупиѫ́
31441,скупие́мъ
31442,скупи́лъ
31443,скупи́ла
31444,скупи́ла
31445,ску́пили
31446,xxx
31447,xxx
31448,xxx
31449,xxx
31450,сли́пнуать
31451,слипну́лъ
31452,слипну́ла
31453,xxx
31454,xxx
31455,слажию́
31456,слажии́ши
31457,слажии́мъ
31458,сло́жиите
31459,слами́лъ
31460,сло́мила
31461,сламило́
31462,сламили́
31463,xxx
31464,xxx
31465,xxx
31466,слупии́мъ
31467,слупи́ла
31468,xxx
31469,xxx
31470,xxx
31471,xxx
31472,xxx
31473,xxx
31474,xxx
31475,xxx
31476,xxx
31477,xxx
31478,смекную́
31479,сме́ниить
31480,смении́мъ
31481,смени́ла
31482,сме́нили
31483,смению́
31484,сме́нииши
31485,смении́мъ
31486,сме́ниать
31487,смени́лъ
31488,смени́ла
31489,смери́ѫть
31490,смери́ѫть
31491,сме́рила
31492,xxx
31493,xxx
31494,xxx
31495,xxx
31496,сме́стите
31497,смести́ѫть
31498,смѣсти́ѫть
31499,смѣстила́
31500,смѣстило́
31501,смисти́ли
31502,xxx
31503,xxx
31504,xxx
31505,xxx
31506,xxx
31507,xxx
31508,xxx
31509,смири́ѫть
31510,смирила́
31511,смирило́
31512,xxx
31513,смалкнуе́ши
31514,смалкнуе́мъ
31515,смалкнула́
31516,смалкну́ли
31517,xxx
31518,xxx
31519,xxx
31520,xxx
31521,xxx
31522,смарщие́мъ
31523,смо́рщиете
31524,смарщи́лъ
31525,смарщи́мь
31526,смарщи́мъ
31527,смарщи́мъ
31528,смо́рщите
31529,смарщило́
31530,смарщи́ли
31531,xxx
31532,xxx
31533,xxx
31534,смачие́ши
31535,смачи́ѫть
31536,смачи́ѫть
31537,смачи́ли
31538,сму́дриить
31539,сму́дрили
31540,сму́тить
31541,сму́тили
31542,смутиѫ́
31543,сму́тиеши
31544,сму́тиеши
31545,смутие́мъ
31546,сму́тиѫть
31547,смути́ла
31548,xxx
31549,xxx
31550,xxx
31551,xxx
31552,xxx
31553,снизи́мь
31554,сни́зиѫть
31555,снизи́ла
31556,сни́зили
31557,сницную́
31558,сни́цнуиши
31559,сницнуи́мъ
31560,сни́цнуать
31561,сницну́ла
31562,xxx
31563,xxx
31564,xxx
31565,xxx
31566,xxx
31567,xxx
31568,xxx
31569,xxx
31570,xxx
31571,xxx
31572,сагнуло́
31573,сагнули́
31574,сагнули́
31575,xxx
31576,xxx
31577,xxx
31578,xxx
31579,xxx
31580,xxx
31581,xxx
31582,xxx
31583,xxx
31584,xxx
31585,xxx
31586,xxx
31587,xxx
31588,xxx
31589,xxx
31590,xxx
31591,xxx
31592,xxx
31593,xxx
31594,xxx
31595,xxx
31596,xxx
31597,xxx
31598,xxx
31599,xxx
31600,со́крушила
31601,xxx
31602,со́мкнуѫть
31603,со́мкнуѫть
31604,самкну́ла
31605,самкну́ла
31606,со́мкнуить
31607,со́мкнуить
31608,самкнуи́те
31609,со́мкнуать
31610,со́мкнули
31611,xxx
31612,xxx
31613,xxx
31614,xxx
31615,xxx
31616,xxx
31617,xxx
31618,xxx
31619,xxx
31620,xxx
31621,xxx
31622,xxx
31623,xxx
31624,саскучи́мъ
31625,саскучи́лъ
31626,xxx
31627,xxx
31628,xxx
31629,xxx
31630,xxx
31631,xxx
31632,xxx
31633,xxx
31634,xxx
31635,xxx
31636,со́стриси
31637,со́стриси
31638,xxx
31639,xxx
31640,xxx
31641,xxx
31642,xxx
31643,сачинию́
31644,сачинии́ть
31645,сачинии́ть
31646,сачини́лъ
31647,сачинила́
31648,сачини́ли
31649,сащуриѫ́
31650,сащури́ѫть
31651,сащури́ли
31652,xxx
31653,xxx
31654,xxx
31655,спеши́мь
31656,спе́шить
31657,спеши́лъ
31658,спе́шили
31659,xxx
31660,спиздие́мъ
31661,спизди́ла
31662,xxx
31663,xxx
31664,списнуи́ть
31665,списну́ать
31666,списну́лъ
31667,xxx
31668,xxx
31669,сплатие́ть
31670,сплатие́ть
31671,сплатило́
31672,сплатило́
31673,сплюнуе́мъ
31674,сплю́нуѫть
31675,сплюну́лъ
31676,сплюну́ла
31677,сплю́нули
31678,сплющии́ши
31679,сплющи́лъ
31680,сплющи́лъ
31681,xxx
31682,xxx
31683,xxx
31684,спаткнуи́мъ
31685,спаткну́ать
31686,xxx
31687,xxx
31688,xxx
31689,xxx
31690,xxx
31691,xxx
31692,xxx
31693,спрасие́ши
31694,спрасие́ши
31695,спрасию́
31696,спраси́ли
31697,спрыгну́ть
31698,спрыгну́лъ
31699,xxx
31700,xxx
31701,xxx
31702,спу́гнуете
31703,спугну́лъ
31704,спу́стиси
31705,спу́стить
31706,спусти́лъ
31707,xxx
31708,xxx
31709,xxx
31710,xxx
31711,xxx
31712,xxx
31713,xxx
31714,xxx
31715,xxx
31716,xxx
31717,xxx
31718,xxx
31719,xxx
31720,xxx
31721,xxx
31722,xxx
31723,xxx
31724,сраднию́
31725,сраднии́мъ
31726,срадни́ать
31727,срубиѫ́
31728,срубиѫ́
31729,срубие́мъ
31730,срубие́те
31731,срубие́те
31732,сруби́ла
31733,ссуди́мъ
31734,ссуди́ла
31735,ссуди́ла
31736,ссутули́еши
31737,ссутулие́мъ
31738,ссутули́ѫть
31739,ссутулило́
31740,ссутулило́
31741,ссутули́лъ
31742,ссутули́лъ
31743,xxx
31744,xxx
31745,xxx
31746,стесни́мь
31747,сте́сниси
31748,сте́сниси
31749,сте́сниси
31750,стесни́лъ
31751,стесниѫ́
31752,сте́сниеши
31753,стесние́те
31754,сте́сниѫть
31755,стесни́ла
31756,xxx
31757,стисную́
31758,стисну́ать
31759,стисну́лъ
31760,стиснули́
31761,стисну́мъ
31762,стиснуло́
31763,стиснуло́
31764,сталкну́мь
31765,сталкну́си
31766,сто́лкнуте
31767,сталкну́лъ
31768,сталкну́ли
31769,сталпии́мъ
31770,сталпи́ать
31771,сталпи́лъ
31772,сталпила́
31773,сталпи́ли
31774,стапи́иши
31775,стапи́иши
31776,стапи́ить
31777,сто́пила
31778,стапило́
31779,стапили́
31780,xxx
31781,стрельнула́
31782,стрельнуло́
31783,стрельнуло́
31784,xxx
31785,xxx
31786,xxx
31787,xxx
31788,стукну́мь
31789,стукну́мь
31790,стукну́си
31791,сту́кнуте
31792,стукнула́
31793,стукну́ли
31794,стукну́мь
31795,стукну́мъ
31796,сту́кнуте
31797,стукну́ѫть
31798,стукнуло́
31799,стырии́мъ
31800,стыри́лъ
31801,стыри́лъ
31802,суѣтиѫ́
31803,суѣти́лъ
31804,суити́лъ
31805,сузиѫ́
31806,сузи́ли
31807,сузи́мъ
31808,сузи́ѫть
31809,сузи́ли
31810,сузи́ли
31811,сунуи́мъ
31812,су́нуать
31813,су́нуать
31814,су́нуать
31815,суну́лъ
31816,суну́ла
31817,су́нули
31818,xxx
31819,xxx
31820,xxx
31821,xxx
31822,xxx
31823,xxx
31824,xxx
31825,схитри́ать
31826,схитрили́
31827,xxx
31828,сципиѫ́
31829,сцѣ́пила
31830,сципило́
31831,сцѣпиѫ́
31832,сцѣпили́
31833,xxx
31834,сши́биси
31835,сшиби́ла
31836,xxx
31837,xxx
31838,xxx
31839,съёжила́
31840,съёжила́
31841,xxx
31842,xxx
31843,xxx
31844,xxx
31845,сэканами́мь
31846,сэканами́ть
31847,сэканами́мъ
31848,сэканамила́
31849,сэканамила́
31850,сэканамило́
31851,сэканамило́
31852,тесниѫ́
31853,те́сниеть
31854,те́сниѫть
31855,те́сниѫть
31856,те́снили
31857,тисну́ѫть
31858,тисну́лъ
31859,тиснула́
31860,xxx
31861,xxx
31862,то́лкнуеть
31863,талкнуе́те
31864,талкнуе́те
31865,талкну́ла
31866,тапну́мъ
31867,тапну́те
31868,то́пнуѫть
31869,то́пнули
31870,xxx
31871,xxx
31872,xxx
31873,тре́снуте
31874,xxx
31875,убави́лъ
31876,убави́лъ
31877,убавило́
31878,убавили́
31879,xxx
31880,убедиѫ́
31881,убеди́еши
31882,убедило́
31883,xxx
31884,уби́иши
31885,уби́иши
31886,у́била
31887,убило́
31888,xxx
31889,убыю́
31890,убы́ать
31891,xxx
31892,увериѫ́
31893,уверие́мъ
31894,увери́ѫть
31895,увери́лъ
31896,уверную́
31897,увернуи́мъ
31898,у́вить
31899,уви́те
31900,уви́ла
31901,у́вили
31902,у́виить
31903,увии́мъ
31904,увии́те
31905,увалии́ши
31906,у́валиите
31907,ували́ать
31908,xxx
31909,xxx
31910,xxx
31911,xxx
31912,удали́иши
31913,удали́иши
31914,удалили́
31915,удари́еши
31916,удари́еши
31917,у́дариете
31918,у́дариете
31919,удари́ѫть
31920,ударили́
31921,удваие́мъ
31922,удваи́ѫть
31923,у́дваила
31924,удваили́
31925,у́делиѫть
31926,у́делиѫть
31927,удили́мь
31928,удѣли́лъ
31929,удѣли́ла
31930,удѣли́ла
31931,удѣли́ла
31932,xxx
31933,удивиѫ́
31934,удивие́ши
31935,удивие́мъ
31936,удивие́мъ
31937,удиви́лъ
31938,удивила́
31939,удлиниѫ́
31940,у́длиниеши
31941,удлиние́мъ
31942,удлиние́те
31943,удлини́лъ
31944,удавальстваваю́
31945,удавальстваваи́мъ
31946,удавальстваваи́мъ
31947,удавальствавало́
31948,у́давальстваваите
31949,удавальствава́лъ
31950,удавальствава́ли
31951,ужестачию́
31952,ужестачи́иши
31953,ужестачи́лъ
31954,ужестачило́
31955,ужестачили́
31956,xxx
31957,xxx
31958,xxx
31959,xxx
31960,xxx
31961,xxx
31962,xxx
31963,xxx
31964,xxx
31965,xxx
31966,xxx
31967,xxx
31968,xxx
31969,xxx
31970,xxx
31971,xxx
31972,xxx
31973,xxx
31974,улави́си
31975,улави́мъ
31976,улави́лъ
31977,улавило́
31978,xxx
31979,xxx
31980,уменьшию́
31981,уменьшии́мъ
31982,уменьши́ать
31983,уменьши́лъ
31984,уменьшила́
31985,уменьши́ли
31986,умести́мь
31987,умести́мь
31988,у́местить
31989,умести́лъ
31990,у́местиать
31991,умести́лъ
31992,умести́лъ
31993,умести́ла
31994,умнажи́ла
31995,умали́си
31996,умали́мъ
31997,умалило́
31998,умалкную́
31999,у́малкнули
32000,xxx
32001,xxx
32002,xxx
32003,xxx
32004,у́мыать
32005,умы́ла
32006,xxx
32007,xxx
32008,xxx
32009,уныи́мъ
32010,уны́лъ
32011,xxx
32012,xxx
32013,упитала́
32014,упи́мъ
32015,у́плыите
32016,уплы́ать
32017,у́правиете
32018,у́правила
32019,управило́
32020,управили́
32021,упраздни́мь
32022,упраздни́си
32023,упраздни́си
32024,упраздни́ть
32025,у́праздните
32026,упрекную́
32027,упрекнуи́мъ
32028,упрекнуло́
32029,упрекнуло́
32030,упрекнуло́
32031,упрекну́ли
32032,упраси́мь
32033,у́прасиси
32034,у́прасиѫть
32035,у́прасиѫть
32036,упраси́ла
32037,у́прасили
32038,упрастие́мъ
32039,упрастие́мъ
32040,упрасти́ѫть
32041,упрасти́лъ
32042,у́прастила
32043,xxx
32044,урани́мь
32045,урани́си
32046,у́садиеть
32047,усади́лъ
32048,усади́лъ
32049,xxx
32050,xxx
32051,xxx
32052,xxx
32053,xxx
32054,у́силиете
32055,у́силиете
32056,усилила́
32057,ускальзнуе́мъ
32058,ускальзну́ѫть
32059,ускальзну́лъ
32060,ускальзну́лъ
32061,ускари́ѫть
32062,ускари́лъ
32063,ускари́ли
32064,xxx
32065,уславию́
32066,уславии́мъ
32067,услажни́иши
32068,у́слажниите
32069,услужиѫ́
32070,услужие́мъ
32071,у́служиете
32072,услужила́
32073,услужи́ли
32074,услужи́ли
32075,усмехнуи́ши
32076,усмехнуи́мъ
32077,у́смехнуите
32078,усмехну́лъ
32079,xxx
32080,усавѣршѣнствава́лъ
32081,у́савершенстваваиши
32082,усавершенстваваи́те
32083,усавершенствава́ла
32084,усавершенствава́ла
32085,усавершенствава́ла
32086,усапнуѫ́
32087,усапнуе́мъ
32088,xxx
32089,xxx
32090,у́ставиеши
32091,у́ставиеши
32092,у́ставиеть
32093,у́ставиѫть
32094,у́стависи
32095,устави́мъ
32096,у́ставили
32097,xxx
32098,xxx
32099,xxx
32100,xxx
32101,у́стелите
32102,устелило́
32103,устели́ли
32104,устели́ли
32105,устраши́мъ
32106,у́страшите
32107,устраши́лъ
32108,устреми́мь
32109,устреми́те
32110,у́стремили
32111,устремии́те
32112,устреми́ла
32113,у́стремили
32114,устраию́
32115,у́страииши
32116,у́страииши
32117,у́страиать
32118,устраи́лъ
32119,устраи́ла
32120,устраи́ла
32121,устраи́ла
32122,у́сыпиать
32123,усыпи́ла
32124,усыпи́ла
32125,утаию́
32126,утаии́мъ
32127,у́тащиить
32128,утащии́те
32129,утвердиѫ́
32130,утверди́ла
32131,у́твердили
32132,xxx
32133,xxx
32134,xxx
32135,xxx
32136,xxx
32137,xxx
32138,утисну́ѫть
32139,утисну́лъ
32140,утиснула́
32141,уткнуи́те
32142,у́ткнуать
32143,уткну́ла
32144,уткну́мь
32145,у́ткнуть
32146,уткну́мъ
32147,у́ткнуѫть
32148,у́ткнуѫть
32149,уткну́ла
32150,у́ткнули
32151,у́талиеть
32152,утали́ла
32153,утали́ла
32154,утали́ла
32155,утану́мь
32156,у́тануси
32157,у́тануѫть
32158,у́тануѫть
32159,у́танули
32160,утапи́еши
32161,у́тапиете
32162,утапи́ѫть
32163,утапило́
32164,утапили́
32165,утапие́мъ
32166,у́тапиете
32167,утапи́лъ
32168,у́тапила
32169,утапило́
32170,утачи́мъ
32171,утачило́
32172,у́тратиеши
32173,у́тратиѫть
32174,утрати́ла
32175,утруди́ить
32176,утрудии́мъ
32177,утруди́ать
32178,утрудили́
32179,xxx
32180,xxx
32181,у́язвиете
32182,уязвило́
32183,уязви́ли
32184,уязви́ли
32185,фыркную́
32186,фыркную́
32187,фыркнуи́мъ
32188,фыркнуло́
32189,хлебную́
32190,хлебну́иши
32191,хле́бнуите
32192,хле́стнуеть
32193,хлестнуе́мъ
32194,хлестну́ла
32195,хлапную́
32196,хло́пнула
32197,xxx
32198,xxx
32199,xxx
32200,xxx
32201,xxx
32202,xxx
32203,хахатну́мь
32204,хахатну́си
32205,хо́хатнуте
32206,хахатну́ѫть
32207,хахатну́ли
32208,xxx
32209,xxx
32210,xxx
32211,xxx
32212,xxx
32213,xxx
32214,xxx
32215,xxx
32216,xxx
32217,xxx
32218,xxx
32219,xxx
32220,xxx
32221,xxx
32222,xxx
32223,xxx
32224,xxx
32225,xxx
32226,xxx
32227,xxx
32228,xxx
32229,xxx
32230,xxx
32231,xxx
32232,xxx
32233,xxx
32234,юркну́си
32235,юркну́си
32236,юркну́ть
32237,ю́ркнуте
32238,юркну́ли
32239,xxx
32240,а́аки
32241,а́акы
32242,а́акы
32243,xxx
32244,xxx
32245,xxx
32246,xxx
32247,xxx
32248,xxx
32249,xxx
32250,xxx
32251,xxx
32252,абазинькѣ́
32253,абазиньца́мъ
32254,абазиньца́хъ
32255,xxx
32256,xxx
32257,xxx
32258,xxx
32259,xxx
32260,xxx
32261,xxx
32262,xxx
32263,xxx
32264,xxx
32265,xxx
32266,xxx
32267,xxx
32268,xxx
32269,xxx
32270,xxx
32271,абгаматапи́ѣ
32272,абгаматапи́
32273,абгаматапи́ы
32274,а́бгаматапиами
32275,абгаматапиа́хъ
32276,xxx
32277,xxx
32278,а́бдицациѣ
32279,а́бдицации
32280,а́бдицациѣ
32281,а́бдицациамъ
32282,а́бдицациы
32283,абдицациа́хъ
32284,xxx
32285,xxx
32286,абдаминагистѣмиа́
32287,а́бдаминагистѣми
32288,а́бдаминагистѣми
32289,абдаминагистираа́хъ
32290,абдаминагистемиа́
32291,абдаминагистеми́ы
32292,абдаминагистемиѣ́
32293,абдаминагистемиѫ́
32294,а́бдаминагистрамь
32295,абдаминагистериа́мъ
32296,а́бдаминаперицастиы
32297,абдаминаперистациа́мъ
32298,xxx
32299,а́бдаминаскапии
32300,а́бдаминаскапиы
32301,а́бдаминаскапиы
32302,а́бдаминаскапиы
32303,xxx
32304,xxx
32305,xxx
32306,xxx
32307,xxx
32308,xxx
32309,xxx
32310,xxx
32311,xxx
32312,xxx
32313,xxx
32314,xxx
32315,xxx
32316,xxx
32317,xxx
32318,абѣлиа́
32319,абѣли́
32320,абили́
32321,абилиа́мъ
32322,абѣли́ы
32323,а́билиами
32324,xxx
32325,xxx
32326,xxx
32327,xxx
32328,xxx
32329,а́бѣталипапраѣмѣниѣ
32330,а́биталипараимини
32331,а́биталипараиминиы
32332,а́биталипараиминамъ
32333,а́бѣталипараѣмѣтиами
32334,абѣталипапраѣмѣниѣ́хъ
32335,абиталипапраритиа́хъ
32336,xxx
32337,xxx
32338,xxx
32339,xxx
32340,xxx
32341,xxx
32342,xxx
32343,xxx
32344,xxx
32345,xxx
32346,xxx
32347,xxx
32348,абиатрафи́
32349,абиатрафиа́мъ
32350,абиафизилагиа́
32351,абиафизилаги́ы
32352,абиафизилагиа́мъ
32353,абиафизиалагиа́мъ
32354,xxx
32355,xxx
32356,xxx
32357,xxx
32358,xxx
32359,xxx
32360,xxx
32361,а́бластицаю
32362,а́бластицаю
32363,а́бластицаю
32364,а́бластиц
32365,а́бластици
32366,абластица́хъ
32367,xxx
32368,xxx
32369,xxx
32370,xxx
32371,xxx
32372,xxx
32373,xxx
32374,аблютаманиѣ́
32375,аблютаманиа́хъ
32376,xxx
32377,xxx
32378,xxx
32379,а́бмизраци
32380,а́бмизрациамъ
32381,а́бмизрациы
32382,а́бмизрациами
32383,xxx
32384,xxx
32385,xxx
32386,xxx
32387,xxx
32388,xxx
32389,xxx
32390,xxx
32391,xxx
32392,xxx
32393,xxx
32394,xxx
32395,а́баризѣну
32396,а́баризѣнамь
32397,а́баризинамь
32398,а́баризини
32399,а́баризинамъ
32400,а́баризѣны
32401,абаризѣнѣ́хъ
32402,а́баризеньци
32403,а́баризеньци
32404,а́баризеньцаю
32405,а́баризенькаю
32406,а́баризенькы
32407,xxx
32408,xxx
32409,xxx
32410,абрѣ́к
32411,абрѣ́ка
32412,а́брѣкамь
32413,а́брикамь
32414,абрѣ́кѣ
32415,абрѣ́кы
32416,абрикѣ́хъ
32417,xxx
32418,xxx
32419,xxx
32420,xxx
32421,xxx
32422,xxx
32423,xxx
32424,xxx
32425,xxx
32426,xxx
32427,xxx
32428,xxx
32429,xxx
32430,xxx
32431,xxx
32432,xxx
32433,xxx
32434,xxx
32435,xxx
32436,xxx
32437,xxx
32438,xxx
32439,xxx
32440,xxx
32441,xxx
32442,xxx
32443,xxx
32444,xxx
32445,xxx
32446,xxx
32447,xxx
32448,абсарбциѫ́
32449,а́бсарбциаю
32450,а́бсарбциаю
32451,абсарбци́ѣ
32452,а́бсарбциы
32453,абсарбци́ы
32454,а́бсарбциами
32455,абс-пласти́ц
32456,а́бс-пластици
32457,абс-пласти́ци
32458,а́бс-пластици
32459,xxx
32460,xxx
32461,xxx
32462,xxx
32463,xxx
32464,xxx
32465,xxx
32466,xxx
32467,xxx
32468,xxx
32469,xxx
32470,xxx
32471,xxx
32472,xxx
32473,xxx
32474,xxx
32475,xxx
32476,xxx
32477,xxx
32478,xxx
32479,xxx
32480,xxx
32481,xxx
32482,xxx
32483,xxx
32484,xxx
32485,xxx
32486,xxx
32487,xxx
32488,авансцена́
32489,авансце́ны
32490,авансце́нѣ
32491,авансце́н
32492,авансце́н
32493,а́вантюры
32494,а́вантюрѣ
32495,авантюро́ю
32496,авантю́р
32497,авантю́ры
32498,xxx
32499,xxx
32500,xxx
32501,xxx
32502,xxx
32503,аварьца́
32504,аварькѫ́
32505,а́варьцаю
32506,ава́рьцъ
32507,ава́рьцъ
32508,аварьца́хъ
32509,xxx
32510,xxx
32511,xxx
32512,xxx
32513,xxx
32514,xxx
32515,xxx
32516,авиабиле́т
32517,авиабиле́ти
32518,а́виагаризанти
32519,авиагаризанто́мъ
32520,а́виагаризанты
32521,а́виагрупъпаю
32522,а́виагрупъпы
32523,авиагрупъпа́хъ
32524,авиадвизате́ль
32525,авиадвизатели́
32526,авиадвизате́ли
32527,авиадвизате́ли
32528,а́виадвизательми
32529,авиадвизате́льхъ
32530,xxx
32531,xxx
32532,xxx
32533,xxx
32534,xxx
32535,xxx
32536,xxx
32537,xxx
32538,xxx
32539,xxx
32540,xxx
32541,xxx
32542,xxx
32543,xxx
32544,xxx
32545,xxx
32546,xxx
32547,xxx
32548,авиациа́
32549,а́виациы
32550,авиаци́ахъ
32551,xxx
32552,xxx
32553,xxx
32554,xxx
32555,авасьцѫ́
32556,аво́сьцѣ
32557,а́васькы
32558,xxx
32559,австралийьцо́ю
32560,австралийько́ю
32561,а́встралийьцѣ
32562,австрали́йькамъ
32563,австрали́йьци
32564,австрали́йькахъ
32565,xxx
32566,xxx
32567,австрийькѣ́
32568,а́встрийьцаю
32569,а́встрийьцами
32570,а́встрийьками
32571,xxx
32572,xxx
32573,xxx
32574,xxx
32575,xxx
32576,xxx
32577,xxx
32578,xxx
32579,xxx
32580,xxx
32581,xxx
32582,xxx
32583,а́втагѣну
32584,а́втадрезина
32585,а́втадрезинами
32586,автадро́ми
32587,а́втадрами
32588,автадрамѣ́хъ
32589,xxx
32590,xxx
32591,xxx
32592,xxx
32593,xxx
32594,xxx
32595,xxx
32596,авталюбители́
32597,а́вталюбительѭ
32598,а́вталюбительми
32599,xxx
32600,автамашинѣ́
32601,автамашинѣ́
32602,автамашина́мъ
32603,а́втамабильѭ
32604,автамаби́льмъ
32605,автамаби́ли
32606,а́втамабильми
32607,автамаби́льхъ
32608,а́втанамиѣ
32609,а́втанамии
32610,а́втанамиы
32611,xxx
32612,xxx
32613,а́втапакрышьци
32614,а́втапакрышьки
32615,а́втапакрышьцаю
32616,а́втапакрышькаю
32617,а́втапакрышьци
32618,xxx
32619,xxx
32620,xxx
32621,xxx
32622,xxx
32623,xxx
32624,а́втаручьцѣ
32625,а́втаручьцъ
32626,а́втаручькъ
32627,а́втаручьцамъ
32628,автаручьца́хъ
32629,xxx
32630,xxx
32631,xxx
32632,а́втатамиа
32633,автатамиа́хъ
32634,автатамиа́хъ
32635,автахариа́
32636,автахари́ы
32637,автахто́н
32638,автахто́на
32639,автахто́на
32640,автахтано́мъ
32641,авташкала́
32642,авташкала́
32643,а́вташкалаю
32644,авташкала́мъ
32645,xxx
32646,xxx
32647,xxx
32648,xxx
32649,xxx
32650,xxx
32651,xxx
32652,а́гваньцѣ
32653,а́гваньцами
32654,xxx
32655,xxx
32656,xxx
32657,xxx
32658,xxx
32659,xxx
32660,xxx
32661,xxx
32662,xxx
32663,xxx
32664,xxx
32665,xxx
32666,xxx
32667,xxx
32668,xxx
32669,аги́тькы
32670,агитьцѣ́
32671,а́гитьци
32672,аги́тьцъ
32673,а́гитьцами
32674,а́гитьцами
32675,агитьца́хъ
32676,агитька́хъ
32677,xxx
32678,xxx
32679,xxx
32680,xxx
32681,xxx
32682,xxx
32683,xxx
32684,xxx
32685,xxx
32686,аграри́а
32687,xxx
32688,xxx
32689,xxx
32690,агрессару́
32691,агрессо́рѣ
32692,а́грессари
32693,агрессо́р
32694,xxx
32695,xxx
32696,xxx
32697,xxx
32698,аграно́мѣ
32699,а́гранамы
32700,xxx
32701,xxx
32702,xxx
32703,xxx
32704,xxx
32705,xxx
32706,xxx
32707,адвенти́стьцъ
32708,адвенти́стьцахъ
32709,адвенти́стьцахъ
32710,а́двербиала
32711,а́двербиал
32712,а́двербиалы
32713,адвербиалѣ́хъ
32714,xxx
32715,xxx
32716,xxx
32717,xxx
32718,xxx
32719,xxx
32720,xxx
32721,xxx
32722,xxx
32723,xxx
32724,xxx
32725,xxx
32726,xxx
32727,а́дминистрациа
32728,а́дминистрациами
32729,администрациа́хъ
32730,xxx
32731,адапци́ы
32732,адапци́ы
32733,xxx
32734,xxx
32735,xxx
32736,xxx
32737,xxx
32738,xxx
32739,xxx
32740,xxx
32741,xxx
32742,xxx
32743,xxx
32744,xxx
32745,xxx
32746,xxx
32747,xxx
32748,xxx
32749,xxx
32750,xxx
32751,xxx
32752,xxx
32753,xxx
32754,xxx
32755,xxx
32756,xxx
32757,xxx
32758,а́зиатьца
32759,а́зиатьцѣ
32760,а́зиатьцами
32761,а́зиатьками
32762,xxx
32763,xxx
32764,xxx
32765,xxx
32766,xxx
32767,xxx
32768,xxx
32769,xxx
32770,xxx
32771,а́йсберьзъ
32772,а́йсберьгъ
32773,а́йсберьзамь
32774,а́йсберьзы
32775,xxx
32776,xxx
32777,xxx
32778,xxx
32779,xxx
32780,xxx
32781,xxx
32782,xxx
32783,xxx
32784,xxx
32785,xxx
32786,xxx
32787,xxx
32788,xxx
32789,xxx
32790,xxx
32791,xxx
32792,xxx
32793,xxx
32794,xxx
32795,аксла́тли
32796,аксало́тльмъ
32797,аксла́тли
32798,аксало́тльхъ
32799,а́кътъ
32800,а́къта
32801,а́кътъ
32802,а́кътамь
32803,а́къты
32804,xxx
32805,xxx
32806,xxx
32807,xxx
32808,xxx
32809,xxx
32810,xxx
32811,xxx
32812,xxx
32813,xxx
32814,xxx
32815,xxx
32816,xxx
32817,xxx
32818,а́кцептарамь
32819,а́кцептары
32820,xxx
32821,xxx
32822,xxx
32823,xxx
32824,xxx
32825,а́кциаю
32826,акци́
32827,акциа́мъ
32828,акциа́мъ
32829,xxx
32830,xxx
32831,xxx
32832,xxx
32833,xxx
32834,xxx
32835,аларми́зма
32836,аларми́змъ
32837,а́лармизмы
32838,xxx
32839,xxx
32840,xxx
32841,аларми́стьци
32842,xxx
32843,xxx
32844,xxx
32845,албаньца́хъ
32846,xxx
32847,xxx
32848,xxx
32849,алийкимиѣ́
32850,а́лѣйкѣмиаю
32851,а́лѣйкѣмиы
32852,xxx
32853,а́лѣутьцѣ
32854,xxx
32855,xxx
32856,xxx
32857,xxx
32858,xxx
32859,xxx
32860,алжирьца́
32861,алжи́рьцъ
32862,а́лжирьцами
32863,xxx
32864,xxx
32865,xxx
32866,xxx
32867,xxx
32868,xxx
32869,xxx
32870,алкагали́змъ
32871,алкагали́змъ
32872,а́лкагалиц
32873,а́лкагалиц
32874,а́лкагалица
32875,а́лкагалиц
32876,а́лкагалици
32877,xxx
32878,аллати́ва
32879,аллативу́
32880,аллати́в
32881,а́ллативы
32882,а́ллегарии
32883,а́ллегариамъ
32884,а́ллегариами
32885,аллегариа́хъ
32886,xxx
32887,xxx
32888,xxx
32889,xxx
32890,аллерге́н
32891,аллерге́н
32892,аллерге́на
32893,аллергену́
32894,аллерге́нѣ
32895,а́ллергени
32896,а́ллергиы
32897,а́ллергиѣ
32898,а́ллергии
32899,аллерги́ѫ
32900,аллергио́ю
32901,а́ллергиы
32902,xxx
32903,а́ллилуйы
32904,а́ллилуйаю
32905,а́ллилуй
32906,аллилуйа́хъ
32907,xxx
32908,xxx
32909,xxx
32910,xxx
32911,xxx
32912,xxx
32913,а́ллафан
32914,а́ллафанамъ
32915,xxx
32916,xxx
32917,xxx
32918,xxx
32919,а́лапециа
32920,а́лапециы
32921,а́лапециы
32922,а́лапециамъ
32923,а́лапециамъ
32924,xxx
32925,xxx
32926,xxx
32927,xxx
32928,xxx
32929,алхими́ц
32930,алхимицу́
32931,алхими́цѣ
32932,алхими́ц
32933,алхимицо́мъ
32934,алхими́ци
32935,а́лхимиы
32936,алхимио́ю
32937,а́лхимиѣ
32938,а́лхимиы
32939,алхими́ы
32940,алхими́ы
32941,xxx
32942,xxx
32943,xxx
32944,xxx
32945,xxx
32946,xxx
32947,альбини́зма
32948,альбинизму́
32949,альбини́зми
32950,а́льбинизми
32951,альбинизмо́мъ
32952,xxx
32953,xxx
32954,xxx
32955,xxx
32956,xxx
32957,xxx
32958,альманди́ны
32959,xxx
32960,xxx
32961,xxx
32962,xxx
32963,xxx
32964,xxx
32965,а́льтруистьци
32966,а́льтруистьцѣ
32967,а́льтруистьки
32968,альтруистько́ю
32969,а́льтруистьци
32970,xxx
32971,xxx
32972,xxx
32973,xxx
32974,xxx
32975,xxx
32976,xxx
32977,xxx
32978,xxx
32979,xxx
32980,а́мбициаю
32981,а́мбициаю
32982,а́мбициаю
32983,xxx
32984,xxx
32985,амбразура́
32986,амбразу́ры
32987,амбразу́рѣ
32988,амбразура́мъ
32989,а́мбразиѣ
32990,амбрази́амъ
32991,амбрази́ы
32992,xxx
32993,xxx
32994,xxx
32995,xxx
32996,xxx
32997,xxx
32998,xxx
32999,xxx
33000,xxx
33001,xxx
33002,xxx
33003,xxx
33004,xxx
33005,аминакисло́тѫ
33006,аминакисло́т
33007,аминакисло́тамъ
33008,амиадаро́на
33009,амиадаро́н
33010,амиадаро́н
33011,амиадаро́ны
33012,xxx
33013,амнезиа́
33014,амнезиа́
33015,а́мнезиы
33016,амнези́ѫ
33017,амнези́ѫ
33018,амнези́ы
33019,амнистио́ю
33020,а́мнистиы
33021,амнисти́ы
33022,а́мнистиами
33023,xxx
33024,xxx
33025,ампѣрмѣ́тръ
33026,а́мпирмитри
33027,ампѣрмѣтро́мъ
33028,а́мпирмитры
33029,xxx
33030,xxx
33031,а́мпутациы
33032,а́мпутациы
33033,а́мпутациѫ
33034,а́мпутациами
33035,xxx
33036,xxx
33037,xxx
33038,xxx
33039,xxx
33040,xxx
33041,амфетамину́
33042,а́мфетаминамь
33043,амфетами́нѣ
33044,а́мфибрахиа
33045,а́мфибрахиу
33046,а́мфибрахиамь
33047,а́мфибрахии
33048,а́мфибрахиамъ
33049,а́мфибрахиы
33050,xxx
33051,xxx
33052,xxx
33053,xxx
33054,xxx
33055,xxx
33056,xxx
33057,xxx
33058,xxx
33059,xxx
33060,xxx
33061,xxx
33062,xxx
33063,xxx
33064,а́налеммы
33065,а́налемми
33066,а́налеммѣ
33067,анале́ммы
33068,аналаги́ѫ
33069,а́налагиы
33070,xxx
33071,xxx
33072,xxx
33073,xxx
33074,xxx
33075,xxx
33076,а́натамираваниамь
33077,а́натамираваниѣ
33078,а́натамираваниы
33079,а́нафема
33080,а́нафема
33081,а́нафемы
33082,а́нафем
33083,а́нафемамъ
33084,а́нафемы
33085,а́нафемами
33086,анафилаксиа́
33087,анафилакси́
33088,анафилакси́ы
33089,анафилакси́ахъ
33090,а́нафары
33091,а́нафарѫ
33092,а́нафарѣ
33093,xxx
33094,xxx
33095,xxx
33096,xxx
33097,а́нгажираваниы
33098,xxx
33099,xxx
33100,xxx
33101,xxx
33102,а́нгелици
33103,а́нгелици
33104,а́нгелици
33105,ангели́цамъ
33106,ангели́ци
33107,ангел-храните́ль
33108,а́нгел-хранительѭ
33109,а́нгел-хранители
33110,xxx
33111,xxx
33112,xxx
33113,xxx
33114,xxx
33115,xxx
33116,xxx
33117,xxx
33118,англизаци́ахъ
33119,xxx
33120,англици́зма
33121,англици́змъ
33122,англици́зми
33123,англицизмѣ́хъ
33124,англицизмѣ́хъ
33125,xxx
33126,xxx
33127,xxx
33128,xxx
33129,а́нгласферы
33130,а́нгласферы
33131,а́нгласфери
33132,xxx
33133,xxx
33134,xxx
33135,xxx
33136,xxx
33137,xxx
33138,xxx
33139,xxx
33140,xxx
33141,xxx
33142,xxx
33143,xxx
33144,ангальцѣ́
33145,ангалькѫ́
33146,ангалька́мъ
33147,ангалька́хъ
33148,xxx
33149,xxx
33150,xxx
33151,xxx
33152,xxx
33153,андраге́н
33154,андраге́н
33155,а́ндрагенамь
33156,андрагено́мъ
33157,андрагено́мъ
33158,андрагено́мъ
33159,а́ндрагены
33160,андрагенѣ́хъ
33161,xxx
33162,xxx
33163,анемо́н
33164,анемо́на
33165,анемо́н
33166,а́неманамь
33167,а́немани
33168,xxx
33169,xxx
33170,xxx
33171,xxx
33172,а́нестетицѣ
33173,xxx
33174,xxx
33175,xxx
33176,а́низатрапи
33177,xxx
33178,xxx
33179,xxx
33180,xxx
33181,xxx
33182,анимаци́ы
33183,анимаци́ы
33184,а́нимациаю
33185,анимаци́
33186,анимациа́хъ
33187,xxx
33188,xxx
33189,xxx
33190,аннексиа́
33191,аннекси́ы
33192,аннексиѣ́
33193,xxx
33194,xxx
33195,xxx
33196,xxx
33197,xxx
33198,xxx
33199,xxx
33200,xxx
33201,xxx
33202,xxx
33203,xxx
33204,xxx
33205,xxx
33206,xxx
33207,а́нарексиы
33208,а́нарексиы
33209,а́нарексиѣ
33210,а́нарексиаю
33211,а́нарексиы
33212,анарексиа́хъ
33213,xxx
33214,xxx
33215,xxx
33216,xxx
33217,xxx
33218,xxx
33219,xxx
33220,xxx
33221,xxx
33222,xxx
33223,xxx
33224,xxx
33225,xxx
33226,xxx
33227,xxx
33228,xxx
33229,а́нтиматериы
33230,а́нтиматериаю
33231,а́нтиматериы
33232,а́нтиматери
33233,xxx
33234,а́нтинамистьци
33235,а́нтинамистькы
33236,антинами́стьци
33237,а́нтинамистьцами
33238,антиахи́йьци
33239,антиахи́йьцѣ
33240,антиахи́йьцѣ
33241,антипатиа́
33242,антипати́амъ
33243,xxx
33244,xxx
33245,xxx
33246,xxx
33247,xxx
33248,xxx
33249,xxx
33250,xxx
33251,xxx
33252,антисемитьца́
33253,антисеми́тьци
33254,а́нтисемитьками
33255,xxx
33256,xxx
33257,антифаши́сътъ
33258,антифаши́сътѣ
33259,антифашисъто́мъ
33260,антифаши́съты
33261,антифаши́съты
33262,а́нтифашисъты
33263,xxx
33264,антицицло́на
33265,а́нтицицланамь
33266,а́нтицицлани
33267,а́нтицицланы
33268,антицицланѣ́хъ
33269,xxx
33270,xxx
33271,xxx
33272,а́нтлагиѣ
33273,а́нтлагии
33274,а́нтлагиы
33275,антлаги́ы
33276,xxx
33277,xxx
33278,xxx
33279,xxx
33280,xxx
33281,xxx
33282,xxx
33283,xxx
33284,xxx
33285,xxx
33286,xxx
33287,xxx
33288,а́нтрапаними
33289,антрапани́мы
33290,а́нтрапахариѫ
33291,а́нтрапахариаю
33292,а́нтрапахарии
33293,а́нтрапахари
33294,а́нтрапахариамъ
33295,а́нтрапахариы
33296,xxx
33297,xxx
33298,xxx
33299,xxx
33300,анчутьца́
33301,а́нчутькы
33302,а́нчутьцѣ
33303,анчу́тькѫ
33304,анчу́тьцамъ
33305,xxx
33306,xxx
33307,xxx
33308,xxx
33309,xxx
33310,xxx
33311,xxx
33312,xxx
33313,xxx
33314,xxx
33315,xxx
33316,xxx
33317,xxx
33318,xxx
33319,xxx
33320,xxx
33321,xxx
33322,xxx
33323,xxx
33324,xxx
33325,а́пачькы
33326,а́пачьцаю
33327,а́пачьцѣ
33328,а́пачьцами
33329,апачьца́хъ
33330,xxx
33331,xxx
33332,xxx
33333,xxx
33334,xxx
33335,xxx
33336,xxx
33337,xxx
33338,xxx
33339,xxx
33340,xxx
33341,xxx
33342,xxx
33343,а́плицантьцѣ
33344,а́плицантьци
33345,а́плицантьци
33346,аплицантька́хъ
33347,а́пагеу
33348,а́пагеу
33349,а́пагеамь
33350,а́пагеѣ
33351,а́пагеи
33352,а́пагеамъ
33353,xxx
33354,xxx
33355,xxx
33356,xxx
33357,xxx
33358,xxx
33359,а́париаю
33360,xxx
33361,xxx
33362,xxx
33363,xxx
33364,аппѣндэктамиа́
33365,а́ппиндэктамиы
33366,аппѣндэктами́амъ
33367,xxx
33368,xxx
33369,xxx
33370,апплицантьца́
33371,а́пплицантьци
33372,а́пплицантьки
33373,апплица́нтькѫ
33374,апплицациа́
33375,апплицациа́хъ
33376,апплицациа́хъ
33377,xxx
33378,xxx
33379,xxx
33380,xxx
33381,xxx
33382,xxx
33383,xxx
33384,xxx
33385,xxx
33386,xxx
33387,xxx
33388,аптѣчьца́
33389,а́птѣчьци
33390,а́птичькы
33391,аптѣчьца́мъ
33392,а́рабизаци
33393,а́рабизациами
33394,арабизациа́хъ
33395,арабизациа́хъ
33396,xxx
33397,xxx
33398,xxx
33399,xxx
33400,xxx
33401,xxx
33402,xxx
33403,xxx
33404,xxx
33405,xxx
33406,xxx
33407,xxx
33408,xxx
33409,арбаретуму́
33410,а́рбаретумамь
33411,а́рбаретуми
33412,а́рбаретумы
33413,аргентинька́
33414,а́ргентиньци
33415,аргенти́нькамъ
33416,а́ргентиньками
33417,xxx
33418,xxx
33419,xxx
33420,xxx
33421,xxx
33422,xxx
33423,xxx
33424,xxx
33425,xxx
33426,xxx
33427,xxx
33428,xxx
33429,ареала́
33430,арео́лы
33431,ареалѫ́
33432,а́реалы
33433,ареала́мъ
33434,арео́лы
33435,ареала́хъ
33436,xxx
33437,xxx
33438,xxx
33439,xxx
33440,xxx
33441,xxx
33442,xxx
33443,xxx
33444,xxx
33445,xxx
33446,xxx
33447,xxx
33448,арийьцѣ́
33449,ари́йьци
33450,арийьца́хъ
33451,арийька́хъ
33452,аритми́ы
33453,аритмиа́хъ
33454,аритмиа́хъ
33455,а́рифметицѣ
33456,а́рифметици
33457,арифмети́ц
33458,арифмети́ци
33459,арифмети́ци
33460,а́риа
33461,а́риы
33462,а́риѣ
33463,ариа́хъ
33464,а́рькаю
33465,а́рьцѣ
33466,а́рьцамъ
33467,а́рьци
33468,xxx
33469,xxx
33470,xxx
33471,арматурѣ́
33472,а́рматуры
33473,армату́р
33474,армату́ры
33475,xxx
33476,xxx
33477,xxx
33478,xxx
33479,xxx
33480,xxx
33481,xxx
33482,xxx
33483,xxx
33484,xxx
33485,xxx
33486,xxx
33487,xxx
33488,xxx
33489,xxx
33490,xxx
33491,арамѫнькѫ́
33492,арамѫ́ньци
33493,арамѫ́нькы
33494,арамѫньца́хъ
33495,xxx
33496,xxx
33497,xxx
33498,xxx
33499,xxx
33500,артицу́ла
33501,а́ртицуламь
33502,артицуло́мъ
33503,артицулѣ́хъ
33504,xxx
33505,xxx
33506,xxx
33507,xxx
33508,xxx
33509,xxx
33510,xxx
33511,а́ртистьци
33512,а́ртистьци
33513,а́ртистьцѣ
33514,xxx
33515,xxx
33516,xxx
33517,xxx
33518,xxx
33519,xxx
33520,а́румына
33521,а́румын
33522,а́румыни
33523,а́румынамъ
33524,а́румыны
33525,арумыньца́
33526,арумынька́
33527,арумы́ньци
33528,а́румыньци
33529,арумы́ньцъ
33530,архаи́зма
33531,архаи́змы
33532,а́рхаизмы
33533,архангелу́
33534,арханге́ли
33535,а́рхангелы
33536,xxx
33537,xxx
33538,xxx
33539,архиипискапу́
33540,архиѣписко́п
33541,архииписко́пы
33542,архиѣпискапѣ́хъ
33543,xxx
33544,а́рхимандритѣ
33545,а́рхимандрити
33546,а́рхимандрити
33547,а́рхимандриты
33548,архимандритѣ́хъ
33549,архимандритѣ́хъ
33550,xxx
33551,xxx
33552,xxx
33553,xxx
33554,xxx
33555,xxx
33556,xxx
33557,xxx
33558,xxx
33559,xxx
33560,xxx
33561,xxx
33562,xxx
33563,xxx
33564,xxx
33565,xxx
33566,xxx
33567,xxx
33568,xxx
33569,xxx
33570,xxx
33571,xxx
33572,xxx
33573,xxx
33574,xxx
33575,xxx
33576,xxx
33577,xxx
33578,аспира́нтьцѣ
33579,аспира́нтьки
33580,аспира́нтьцъ
33581,аспира́нтьци
33582,а́спирациѫ
33583,а́спирациаю
33584,а́спирациѣ
33585,а́спираци
33586,а́спирациамъ
33587,а́спирациы
33588,аспирациа́хъ
33589,а́сплѣниы
33590,а́сплиниы
33591,а́сплѣниѣ
33592,а́сплѣниѫ
33593,а́сплѣниаю
33594,а́сплиниы
33595,а́сплѣни
33596,а́сплини
33597,а́сплиниы
33598,асплѣниа́хъ
33599,а́ссамблеа
33600,а́ссамблеы
33601,а́ссамблеѣ
33602,xxx
33603,ассизнавани́а
33604,а́ссизнаваниамь
33605,а́ссизнаваниы
33606,ассизнаваниѣ́хъ
33607,ассимиляциа́
33608,ассимиляци́ы
33609,а́ссимиляциаю
33610,а́ссимиляциаю
33611,а́ссимиляциы
33612,ассимиляциа́мъ
33613,ассимиляци́ы
33614,ассимиляциа́хъ
33615,а́ссирийьцъ
33616,а́ссирийьцами
33617,ассирийька́хъ
33618,xxx
33619,xxx
33620,xxx
33621,xxx
33622,xxx
33623,xxx
33624,xxx
33625,xxx
33626,xxx
33627,астениа́
33628,астениа́
33629,а́стениаю
33630,астени́ы
33631,а́стениами
33632,xxx
33633,xxx
33634,xxx
33635,астери́ськъ
33636,астери́сьцѣ
33637,астери́сьцъ
33638,xxx
33639,xxx
33640,а́стмѣ
33641,а́стмы
33642,а́стры
33643,а́стри
33644,а́стръ
33645,а́стры
33646,а́страми
33647,астрабилаги́
33648,астрабилаги́ы
33649,xxx
33650,xxx
33651,xxx
33652,астрлаги́
33653,xxx
33654,xxx
33655,xxx
33656,xxx
33657,xxx
33658,xxx
33659,xxx
33660,xxx
33661,xxx
33662,xxx
33663,xxx
33664,xxx
33665,а́такы
33666,ата́камъ
33667,ата́кы
33668,xxx
33669,xxx
33670,xxx
33671,xxx
33672,xxx
33673,xxx
33674,а́теистьци
33675,атеи́стькѫ
33676,атеистько́ю
33677,атеи́стькахъ
33678,атѣафаби́ѫ
33679,а́тѣафабиы
33680,а́тиафабиы
33681,атиафаби́ы
33682,атѣафаби́ахъ
33683,а́тлетьцѣ
33684,атлетьцо́ю
33685,а́тлетьци
33686,xxx
33687,xxx
33688,атри́
33689,атри́
33690,атриѣ́хъ
33691,xxx
33692,xxx
33693,xxx
33694,xxx
33695,xxx
33696,xxx
33697,xxx
33698,xxx
33699,xxx
33700,xxx
33701,xxx
33702,xxx
33703,xxx
33704,а́удилагиы
33705,аудилаги́ы
33706,аудираванио́
33707,аудиравани́а
33708,а́удираваниѣ
33709,а́удираваниѣ
33710,а́удираваниа
33711,xxx
33712,xxx
33713,xxx
33714,xxx
33715,xxx
33716,xxx
33717,аудито́ра
33718,а́удитарамь
33719,аудитарѣ́хъ
33720,xxx
33721,xxx
33722,xxx
33723,xxx
33724,а́ускультациаю
33725,xxx
33726,xxx
33727,xxx
33728,xxx
33729,xxx
33730,xxx
33731,аутатамиа́
33732,аутатами́ахъ
33733,xxx
33734,xxx
33735,xxx
33736,xxx
33737,xxx
33738,xxx
33739,xxx
33740,xxx
33741,а́фганьцѣ
33742,а́фганьци
33743,а́фганьцъ
33744,а́фганьцамъ
33745,а́фганьцамъ
33746,афганька́хъ
33747,xxx
33748,xxx
33749,а́финяньцаю
33750,xxx
33751,xxx
33752,xxx
33753,xxx
33754,африцаньцо́ю
33755,африца́ньцамъ
33756,африца́нькамъ
33757,а́фрицаньцами
33758,xxx
33759,xxx
33760,афрафаби́ы
33761,афрафаби́и
33762,афрафабиа́хъ
33763,афтиршо́к
33764,афтѣршо́кѣ
33765,а́фтѣршакы
33766,xxx
33767,xxx
33768,аффините́та
33769,аффинитето́мъ
33770,аффините́ты
33771,аффинитетѣ́хъ
33772,xxx
33773,xxx
33774,xxx
33775,xxx
33776,xxx
33777,xxx
33778,xxx
33779,xxx
33780,xxx
33781,xxx
33782,xxx
33783,xxx
33784,xxx
33785,xxx
33786,xxx
33787,xxx
33788,а́эралагиѣ
33789,а́эралаги
33790,xxx
33791,xxx
33792,xxx
33793,xxx
33794,xxx
33795,ба́бёньки
33796,ба́бёнькѫ
33797,ба́бёньцъ
33798,ба́бёнькъ
33799,ба́бёнькамъ
33800,ба́бницу
33801,ба́бницѣ
33802,ба́бниц
33803,ба́бницамъ
33804,ба́бници
33805,бабницѣ́хъ
33806,бабницѣ́хъ
33807,xxx
33808,xxx
33809,xxx
33810,xxx
33811,xxx
33812,xxx
33813,xxx
33814,xxx
33815,xxx
33816,xxx
33817,xxx
33818,ба́гу
33819,ба́гамь
33820,ба́г
33821,ба́гамъ
33822,xxx
33823,xxx
33824,xxx
33825,xxx
33826,xxx
33827,xxx
33828,xxx
33829,xxx
33830,xxx
33831,xxx
33832,базираванио́
33833,базиравани́а
33834,базираванио́мъ
33835,ба́зираваниы
33836,базираваниѣ́хъ
33837,базираваниѣ́хъ
33838,xxx
33839,xxx
33840,байдарьцѣ́
33841,байда́рьцъ
33842,байдарьца́мъ
33843,байдарьца́хъ
33844,xxx
33845,xxx
33846,xxx
33847,ба́калеа
33848,ба́калеы
33849,ба́калеѣ
33850,ба́калеи
33851,ба́калеы
33852,xxx
33853,xxx
33854,xxx
33855,xxx
33856,xxx
33857,xxx
33858,бакла́жьци
33859,баклажьцѣ́
33860,баклажькѣ́
33861,ба́клажьци
33862,ба́клажьками
33863,xxx
33864,xxx
33865,ба́кланьцѣ
33866,ба́кланьци
33867,xxx
33868,бактерилагиа́
33869,ба́ктериалагиы
33870,ба́ктериалагиѣ
33871,бактерилаги́ы
33872,xxx
33873,xxx
33874,xxx
33875,xxx
33876,xxx
33877,xxx
33878,xxx
33879,xxx
33880,xxx
33881,балачьца́
33882,балачьцѣ́
33883,ба́лачькаю
33884,балачьца́мъ
33885,xxx
33886,xxx
33887,xxx
33888,xxx
33889,xxx
33890,xxx
33891,xxx
33892,баллистица́
33893,баллисти́цѣ
33894,xxx
33895,xxx
33896,xxx
33897,xxx
33898,xxx
33899,xxx
33900,xxx
33901,xxx
33902,xxx
33903,xxx
33904,xxx
33905,xxx
33906,xxx
33907,xxx
33908,xxx
33909,xxx
33910,xxx
33911,xxx
33912,xxx
33913,xxx
33914,xxx
33915,ба́нкратства
33916,банкро́тствамь
33917,ба́нкратствѣ
33918,банкро́тства
33919,банкро́тствѣхъ
33920,баначьцѫ́
33921,бано́чьцѣ
33922,бано́чьцъ
33923,бано́чькы
33924,xxx
33925,xxx
33926,xxx
33927,xxx
33928,xxx
33929,xxx
33930,xxx
33931,xxx
33932,xxx
33933,xxx
33934,ба́раку
33935,ба́ракамь
33936,ба́раки
33937,ба́раки
33938,ба́рак
33939,ба́ракамъ
33940,ба́раньци
33941,бара́ньцѫ
33942,бара́ньцамъ
33943,xxx
33944,xxx
33945,xxx
33946,xxx
33947,xxx
33948,барда́ка
33949,барда́кѣ
33950,xxx
33951,бари́
33952,ба́рии
33953,барио́мъ
33954,xxx
33955,xxx
33956,xxx
33957,xxx
33958,xxx
33959,xxx
33960,xxx
33961,xxx
33962,xxx
33963,xxx
33964,xxx
33965,xxx
33966,xxx
33967,xxx
33968,xxx
33969,xxx
33970,xxx
33971,xxx
33972,xxx
33973,xxx
33974,xxx
33975,ба́сканьцѣ
33976,xxx
33977,xxx
33978,xxx
33979,xxx
33980,ба́снамъ
33981,ба́снамъ
33982,xxx
33983,xxx
33984,xxx
33985,xxx
33986,xxx
33987,xxx
33988,xxx
33989,xxx
33990,xxx
33991,xxx
33992,xxx
33993,xxx
33994,xxx
33995,xxx
33996,xxx
33997,xxx
33998,ба́теньци
33999,ба́теньци
34000,ба́теньцамъ
34001,ба́теньцамъ
34002,батеньца́хъ
34003,xxx
34004,ба́траку
34005,ба́трак
34006,ба́траки
34007,ба́тракамъ
34008,ба́тракы
34009,ба́тракы
34010,xxx
34011,xxx
34012,xxx
34013,xxx
34014,xxx
34015,xxx
34016,xxx
34017,xxx
34018,xxx
34019,xxx
34020,xxx
34021,xxx
34022,xxx
34023,xxx
34024,ба́чакамь
34025,ба́шеньци
34026,башеньца́мъ
34027,xxx
34028,xxx
34029,xxx
34030,xxx
34031,xxx
34032,xxx
34033,баянистьца́
34034,ба́янистьци
34035,ба́янистьцѣ
34036,ба́янистьки
34037,баяни́стькѫ
34038,ба́янистьцѣ
34039,баяни́стьцъ
34040,баяни́стьцахъ
34041,xxx
34042,xxx
34043,xxx
34044,xxx
34045,бе́г
34046,бе́гамь
34047,бе́гы
34048,бегѣ́хъ
34049,бѣглѣ́ц
34050,бѣглѣ́ца
34051,бѣ́глѣцамь
34052,биглѣ́ци
34053,xxx
34054,xxx
34055,xxx
34056,бе́гства
34057,бе́гства
34058,бе́гствѣ
34059,бе́гствамъ
34060,xxx
34061,xxx
34062,xxx
34063,xxx
34064,xxx
34065,бедня́жьци
34066,бедня́жькъ
34067,бедня́жьци
34068,бедняку́
34069,бе́дняки
34070,беднякѣ́хъ
34071,бѣдала́гѣ
34072,бѣ́далагы
34073,бидала́г
34074,бѣдалага́мъ
34075,бѣдала́гы
34076,бѣдалага́хъ
34077,бѣ́дствиа
34078,бѣ́дствиамь
34079,бѣ́дствиа
34080,бѣ́дствиы
34081,бе́дуин
34082,бе́дуина
34083,бе́дуина
34084,бе́дуин
34085,бе́дуин
34086,бедуинѣ́хъ
34087,xxx
34088,xxx
34089,бе́збажницѣ
34090,безбажни́цахъ
34091,бе́звкусиа
34092,бе́звкусиа
34093,бе́звкусиамъ
34094,бе́звкусиамъ
34095,бе́звкусиа
34096,бе́звластиа
34097,бе́звластиѣ
34098,бе́звласти
34099,бе́звластиа
34100,бе́звластиы
34101,xxx
34102,xxx
34103,xxx
34104,xxx
34105,xxx
34106,безвали́а
34107,бе́звалиамь
34108,безвалио́мъ
34109,безвалио́мъ
34110,безвали́а
34111,xxx
34112,бѣ́здѣлушьцаю
34113,бѣ́здѣлушьци
34114,xxx
34115,xxx
34116,xxx
34117,xxx
34118,бе́зденежьа
34119,бе́зденежьамь
34120,бе́зденежьа
34121,бе́зденежьа
34122,xxx
34123,xxx
34124,бе́змалвиу
34125,бе́змалвиамь
34126,бе́змалвии
34127,бе́змалвиа
34128,бе́змалви
34129,безмалвиѣ́хъ
34130,xxx
34131,xxx
34132,xxx
34133,xxx
34134,xxx
34135,xxx
34136,xxx
34137,xxx
34138,xxx
34139,xxx
34140,xxx
34141,xxx
34142,xxx
34143,xxx
34144,xxx
34145,xxx
34146,xxx
34147,xxx
34148,xxx
34149,xxx
34150,xxx
34151,xxx
34152,бе́зумиамь
34153,xxx
34154,xxx
34155,xxx
34156,xxx
34157,бе́ллетристици
34158,бе́ллетристици
34159,беллетристи́цамъ
34160,бе́ллетристицами
34161,беллетристи́цахъ
34162,белакравио́
34163,бе́лакравиа
34164,бе́лакравиа
34165,белакрави́а
34166,бе́лакравиѣ
34167,бе́лакравиа
34168,белакрави́а
34169,бе́лакравиы
34170,белакрави́ихъ
34171,xxx
34172,xxx
34173,xxx
34174,xxx
34175,xxx
34176,xxx
34177,бе́ларуськы
34178,бе́ларусьцѣ
34179,бе́ларусьци
34180,бе́ларусьцъ
34181,бе́ларусьцами
34182,беларучьца́
34183,бѣ́лашвийькѫ
34184,бѣ́лашвѣйьцѣ
34185,бѣ́лашвийькъ
34186,бе́лугѣ
34187,бе́лугѣ
34188,бе́луги
34189,бе́луг
34190,бе́лугами
34191,белуга́хъ
34192,бе́луха
34193,бе́лухѣ
34194,бе́лухѣ
34195,бе́лухи
34196,бе́лухами
34197,бе́лухами
34198,xxx
34199,бе́льчанака
34200,бе́льчанака
34201,бе́льчанаку
34202,бе́льчанак
34203,бе́льчанакы
34204,бе́ляка
34205,бе́ляку
34206,бе́лякамь
34207,бе́лякамь
34208,бе́лякы
34209,бензаба́к
34210,бензаба́к
34211,бе́нзабакамь
34212,бензаба́кѣ
34213,бе́нзабаки
34214,бензаба́к
34215,бензабако́мъ
34216,бензакла́ньци
34217,бензакланьцѣ́
34218,бензакланькѣ́
34219,бе́нзакланькаю
34220,бензакла́ньцѣ
34221,бензакаланьца́мъ
34222,xxx
34223,xxx
34224,xxx
34225,xxx
34226,xxx
34227,xxx
34228,xxx
34229,брѣжо́к
34230,брѣ́жакамь
34231,брижако́мъ
34232,брѣжо́кы
34233,брѣжакѣ́хъ
34234,бережакѣ́хъ
34235,xxx
34236,xxx
34237,xxx
34238,xxx
34239,xxx
34240,xxx
34241,xxx
34242,беркели́а
34243,беркели́
34244,беркелио́мъ
34245,беркелио́мъ
34246,бе́ркли
34247,бе́ркли
34248,бе́рклиамъ
34249,бе́рклиы
34250,xxx
34251,берло́гѫ
34252,берлаго́ю
34253,бе́рлагѣ
34254,бе́рлагы
34255,бесёно́к
34256,бесёно́к
34257,бесёнаку́
34258,бе́сёнаки
34259,бе́сёнакы
34260,xxx
34261,xxx
34262,xxx
34263,xxx
34264,xxx
34265,бе́спладиа
34266,бесплади́а
34267,бе́спладиѣ
34268,бе́спладиы
34269,беспакайство́
34270,бе́спакайству
34271,беспако́йствамь
34272,бе́спакайствѣ
34273,бе́спакайства
34274,беспако́йствамъ
34275,беспако́йствамъ
34276,бе́справиу
34277,xxx
34278,xxx
34279,бессили́амь
34280,бе́ссилиѣ
34281,бессили́
34282,бессили́амъ
34283,бессили́амъ
34284,бе́ссилиы
34285,бессили́ѣхъ
34286,бессмертио́
34287,бессмерти́ѣхъ
34288,xxx
34289,xxx
34290,xxx
34291,xxx
34292,xxx
34293,бе́ссанницѣ
34294,бе́ссанниц
34295,бессанница́хъ
34296,xxx
34297,xxx
34298,xxx
34299,бе́сстрашиѣ
34300,бесстраши́амъ
34301,бесстраши́а
34302,бесстраши́а
34303,бесстраши́ихъ
34304,xxx
34305,xxx
34306,xxx
34307,xxx
34308,xxx
34309,xxx
34310,xxx
34311,xxx
34312,xxx
34313,xxx
34314,xxx
34315,xxx
34316,xxx
34317,бе́шенствамь
34318,бе́шенствамь
34319,беше́нстви
34320,бе́шенства
34321,беше́нствъ
34322,бе́шенствы
34323,бе́шенствы
34324,xxx
34325,xxx
34326,xxx
34327,xxx
34328,xxx
34329,xxx
34330,xxx
34331,xxx
34332,xxx
34333,xxx
34334,xxx
34335,xxx
34336,xxx
34337,би́з-мака
34338,би́з-макамь
34339,би́з-макѣ
34340,би́з-мак
34341,би́з-макамъ
34342,xxx
34343,xxx
34344,xxx
34345,xxx
34346,xxx
34347,xxx
34348,xxx
34349,xxx
34350,xxx
34351,xxx
34352,биамарке́р
34353,биамарке́ры
34354,би́амаркеры
34355,xxx
34356,xxx
34357,xxx
34358,xxx
34359,xxx
34360,xxx
34361,xxx
34362,бирма́нькы
34363,бирма́ньцѣ
34364,бирма́ньки
34365,би́рманьци
34366,бирма́ньцъ
34367,бирманьца́мъ
34368,бирманьца́мъ
34369,бирюку́
34370,би́рюкамь
34371,бирю́ки
34372,бирю́к
34373,бирю́кы
34374,бирюкѣ́хъ
34375,xxx
34376,xxx
34377,би́тницамь
34378,би́тниц
34379,би́тници
34380,xxx
34381,xxx
34382,xxx
34383,xxx
34384,би́тьёа
34385,би́тьё
34386,би́тьё
34387,би́тьё
34388,би́тьёамъ
34389,битьёѣ́хъ
34390,благо́
34391,бла́гамь
34392,бла́гамь
34393,благо́мъ
34394,благо́ы
34395,xxx
34396,xxx
34397,xxx
34398,xxx
34399,xxx
34400,xxx
34401,xxx
34402,благаради́а
34403,благради́
34404,xxx
34405,xxx
34406,xxx
34407,xxx
34408,xxx
34409,благачестио́
34410,бла́гачестиа
34411,благачести́
34412,блаженство́
34413,бла́женствѣ
34414,блаже́нствамъ
34415,xxx
34416,xxx
34417,xxx
34418,xxx
34419,xxx
34420,xxx
34421,xxx
34422,xxx
34423,xxx
34424,бле́яниа
34425,бле́яниу
34426,бле́яниы
34427,бле́яниы
34428,xxx
34429,бли́знѣц
34430,бли́знѣцѣ
34431,бли́знѣци
34432,бли́знѣци
34433,бли́знѣци
34434,близнѣцѣ́хъ
34435,xxx
34436,xxx
34437,xxx
34438,xxx
34439,xxx
34440,xxx
34441,бло́га
34442,бло́ги
34443,бло́г
34444,бло́гамъ
34445,xxx
34446,xxx
34447,xxx
34448,xxx
34449,блудни́ца
34450,блудни́ци
34451,блу́дници
34452,xxx
34453,xxx
34454,xxx
34455,xxx
34456,xxx
34457,xxx
34458,блузни́ц
34459,блузни́ци
34460,блу́зници
34461,блу́зници
34462,xxx
34463,xxx
34464,xxx
34465,xxx
34466,xxx
34467,xxx
34468,xxx
34469,xxx
34470,xxx
34471,xxx
34472,бляха́
34473,бляхѫ́
34474,бля́хѣ
34475,бля́хы
34476,бля́х
34477,бля́хами
34478,xxx
34479,xxx
34480,xxx
34481,xxx
34482,xxx
34483,багаты́рь
34484,багаты́рь
34485,багаты́ри
34486,бо́гатырьѭ
34487,бо́гатырьѭ
34488,бо́гатырьми
34489,багачѣ́хъ
34490,xxx
34491,xxx
34492,xxx
34493,xxx
34494,xxx
34495,xxx
34496,багаславио́
34497,багаслави́
34498,бо́гаславиы
34499,багаслави́ѣхъ
34500,xxx
34501,xxx
34502,xxx
34503,xxx
34504,xxx
34505,xxx
34506,xxx
34507,xxx
34508,баеглавьцѣ́
34509,бо́егалавьци
34510,баегалавьца́мъ
34511,xxx
34512,xxx
34513,xxx
34514,xxx
34515,xxx
34516,xxx
34517,бажество́
34518,бо́жествѣ
34519,баже́ствъ
34520,бо́жествы
34521,xxx
34522,xxx
34523,xxx
34524,xxx
34525,xxx
34526,xxx
34527,xxx
34528,xxx
34529,xxx
34530,xxx
34531,xxx
34532,xxx
34533,xxx
34534,xxx
34535,xxx
34536,xxx
34537,xxx
34538,xxx
34539,xxx
34540,xxx
34541,xxx
34542,xxx
34543,xxx
34544,xxx
34545,xxx
34546,xxx
34547,xxx
34548,xxx
34549,xxx
34550,xxx
34551,xxx
34552,бо́лванькаю
34553,бо́лваньками
34554,балваньца́хъ
34555,балгарину́
34556,балгарино́мъ
34557,бо́лгарины
34558,балельщи́ц
34559,балельщи́ц
34560,балельщицу́
34561,бо́лельщицамь
34562,xxx
34563,xxx
34564,xxx
34565,xxx
34566,xxx
34567,xxx
34568,xxx
34569,xxx
34570,бо́льшѣвиц
34571,бо́льшѣвицамь
34572,бо́льшѣвиц
34573,бо́льшѣвицамъ
34574,бо́льшивици
34575,бо́льшѣвици
34576,бо́льшивици
34577,бальшѣвицѣ́хъ
34578,бо́лячьцѣ
34579,баля́чьцѫ
34580,бо́лячькы
34581,баля́чькы
34582,баля́чьцахъ
34583,xxx
34584,xxx
34585,xxx
34586,xxx
34587,бо́мбардира
34588,бо́мбардиру
34589,бо́мбардирамь
34590,бо́мбардири
34591,бо́мбардир
34592,бо́мбардирамъ
34593,бо́мбардирамъ
34594,xxx
34595,xxx
34596,xxx
34597,xxx
34598,бо́нбаньирькы
34599,бо́нбаньѣрьцѣ
34600,банбаньѣ́рькы
34601,бо́ньзи
34602,бо́ньзъ
34603,xxx
34604,xxx
34605,xxx
34606,xxx
34607,xxx
34608,xxx
34609,xxx
34610,xxx
34611,xxx
34612,xxx
34613,xxx
34614,xxx
34615,xxx
34616,xxx
34617,xxx
34618,xxx
34619,xxx
34620,xxx
34621,xxx
34622,xxx
34623,xxx
34624,бо́риѣ
34625,бо́рии
34626,бо́рии
34627,xxx
34628,xxx
34629,xxx
34630,xxx
34631,xxx
34632,xxx
34633,xxx
34634,бо́ртниц
34635,бо́ртницамъ
34636,бо́рщевиц
34637,бо́рщевицу
34638,бо́рщевиц
34639,бо́рщевицамь
34640,бо́рщевици
34641,xxx
34642,xxx
34643,xxx
34644,xxx
34645,xxx
34646,xxx
34647,xxx
34648,xxx
34649,xxx
34650,xxx
34651,бася́к
34652,бася́к
34653,бася́к
34654,бася́кы
34655,xxx
34656,xxx
34657,бо́тиначеку
34658,бо́тиначеки
34659,бо́тиначеки
34660,бо́тиначекы
34661,xxx
34662,xxx
34663,xxx
34664,бачано́к
34665,бачанако́мъ
34666,бо́чанакы
34667,xxx
34668,бо́ярина
34669,бо́ярин
34670,бо́яринамь
34671,бо́яринамъ
34672,бо́ярины
34673,бо́ярыни
34674,бо́ярынѣ
34675,бо́ярыны
34676,бо́ярын
34677,бо́ярын
34678,бо́ярынамъ
34679,xxx
34680,бо́ярышна
34681,бо́ярышны
34682,бо́ярышнамъ
34683,бо́ярышнамъ
34684,баярышна́хъ
34685,брагѣ́
34686,бра́гы
34687,бра́гами
34688,xxx
34689,xxx
34690,брадабре́ы
34691,брадабре́ы
34692,бра́дабреы
34693,бражни́ц
34694,бра́жницамь
34695,бражни́ци
34696,бражни́ци
34697,бражницѣ́хъ
34698,бражницѣ́хъ
34699,бра́зильяньца
34700,бра́зильяньки
34701,бра́зильяньцаю
34702,бра́зильяньцамъ
34703,бразильяньца́хъ
34704,xxx
34705,xxx
34706,xxx
34707,xxx
34708,xxx
34709,xxx
34710,xxx
34711,xxx
34712,бра́такамь
34713,брато́к
34714,брато́к
34715,брато́кы
34716,xxx
34717,xxx
34718,бра́шна
34719,бра́шна
34720,бра́шнамь
34721,xxx
34722,xxx
34723,xxx
34724,xxx
34725,xxx
34726,xxx
34727,бре́дниц
34728,бре́дница
34729,бре́дницу
34730,бре́дниц
34731,бре́дницамъ
34732,xxx
34733,xxx
34734,xxx
34735,бре́ши
34736,бре́ши
34737,бре́шьѭ
34738,бре́шии
34739,xxx
34740,xxx
34741,xxx
34742,бри́з
34743,бри́за
34744,бри́зѣ
34745,бри́зы
34746,xxx
34747,xxx
34748,xxx
34749,xxx
34750,xxx
34751,xxx
34752,бри́таньца
34753,бри́таньци
34754,бри́таньцаю
34755,бри́танькъ
34756,бри́таньцами
34757,xxx
34758,xxx
34759,xxx
34760,xxx
34761,xxx
34762,xxx
34763,xxx
34764,xxx
34765,xxx
34766,xxx
34767,xxx
34768,xxx
34769,xxx
34770,бранекате́ра
34771,бранекате́р
34772,бранекате́р
34773,бранекатеро́мъ
34774,бро́некатеры
34775,бранекатерѣ́хъ
34776,xxx
34777,xxx
34778,xxx
34779,xxx
34780,xxx
34781,xxx
34782,xxx
34783,xxx
34784,xxx
34785,xxx
34786,xxx
34787,xxx
34788,xxx
34789,xxx
34790,xxx
34791,xxx
34792,xxx
34793,бро́ши
34794,бро́шьѭ
34795,бро́шии
34796,бро́шьмъ
34797,бро́шьми
34798,xxx
34799,xxx
34800,брусни́ци
34801,xxx
34802,бу́блица
34803,бу́блиц
34804,бу́блици
34805,бу́блици
34806,xxx
34807,xxx
34808,xxx
34809,xxx
34810,бу́грак
34811,бугракѣ́хъ
34812,xxx
34813,xxx
34814,xxx
34815,xxx
34816,xxx
34817,будёнавьцѣ́
34818,бу́дёнавьци
34819,будёно́вьци
34820,бу́дёнавьками
34821,будёнавька́хъ
34822,xxx
34823,xxx
34824,xxx
34825,xxx
34826,xxx
34827,xxx
34828,xxx
34829,xxx
34830,xxx
34831,xxx
34832,xxx
34833,xxx
34834,xxx
34835,xxx
34836,xxx
34837,xxx
34838,букети́ц
34839,букетицѣ́хъ
34840,xxx
34841,xxx
34842,xxx
34843,xxx
34844,xxx
34845,бу́лавькаю
34846,була́вьцъ
34847,булавька́мъ
34848,xxx
34849,xxx
34850,бу́льдага
34851,бу́льдагамъ
34852,xxx
34853,xxx
34854,xxx
34855,xxx
34856,бѫмажьца́
34857,бѫмажьцѫ́
34858,бѫма́жьци
34859,бѫмажька́хъ
34860,xxx
34861,xxx
34862,xxx
34863,бѫнтавщи́ц
34864,бѫнтавщи́ци
34865,бѫнтавщи́ц
34866,xxx
34867,xxx
34868,xxx
34869,xxx
34870,xxx
34871,xxx
34872,xxx
34873,xxx
34874,xxx
34875,xxx
34876,xxx
34877,xxx
34878,xxx
34879,xxx
34880,xxx
34881,xxx
34882,xxx
34883,xxx
34884,xxx
34885,бу́рундук
34886,бу́рундук
34887,бу́рундуку
34888,бу́рундукамь
34889,буря́ка
34890,бу́рякамь
34891,бу́ряки
34892,бурякѣ́хъ
34893,xxx
34894,xxx
34895,xxx
34896,xxx
34897,xxx
34898,xxx
34899,бути́ц
34900,бу́тици
34901,xxx
34902,xxx
34903,xxx
34904,бу́тылачьци
34905,бутыло́чькъ
34906,бу́тылачьцами
34907,бу́тылачьками
34908,xxx
34909,xxx
34910,xxx
34911,буфетчи́ца
34912,буфетчицу́
34913,бу́фетчицамь
34914,буфетчи́ц
34915,буфетчицо́мъ
34916,буфетчицѣ́хъ
34917,буханьца́
34918,бу́ханьки
34919,бу́ханькы
34920,буха́ньцъ
34921,буха́нькамъ
34922,бухгалтериа́
34923,бу́хгалтериы
34924,бу́хгалтериы
34925,бухгалтери́
34926,бухгалтери́ы
34927,xxx
34928,xxx
34929,xxx
34930,xxx
34931,xxx
34932,xxx
34933,бы́личьцѣ
34934,бы́личьцамъ
34935,быличьца́хъ
34936,xxx
34937,xxx
34938,xxx
34939,xxx
34940,xxx
34941,xxx
34942,xxx
34943,xxx
34944,бэ́би-бѫми
34945,бэ́би-бѫм
34946,бэ́би-бѫмы
34947,xxx
34948,xxx
34949,xxx
34950,xxx
34951,xxx
34952,xxx
34953,xxx
34954,xxx
34955,xxx
34956,xxx
34957,xxx
34958,xxx
34959,xxx
34960,xxx
34961,xxx
34962,xxx
34963,xxx
34964,xxx
34965,ваганетька́
34966,ва́ганетьци
34967,xxx
34968,ва́ганчицамь
34969,ваганчи́ц
34970,ваганчицо́мъ
34971,ваганчи́ци
34972,ваганчи́ци
34973,xxx
34974,xxx
34975,xxx
34976,xxx
34977,xxx
34978,xxx
34979,вазачько́ю
34980,ва́зачьцами
34981,ва́зачьками
34982,вазо́чьцахъ
34983,xxx
34984,xxx
34985,xxx
34986,xxx
34987,xxx
34988,xxx
34989,xxx
34990,xxx
34991,xxx
34992,xxx
34993,xxx
34994,xxx
34995,xxx
34996,xxx
34997,xxx
34998,вакцинациѫ́
34999,вакцинаци́
35000,вакцинациа́мъ
35001,вакцинациа́мъ
35002,вакцинациа́хъ
35003,вакцинациа́хъ
35004,xxx
35005,xxx
35006,xxx
35007,xxx
35008,xxx
35009,xxx
35010,xxx
35011,ва́лици
35012,ва́лиц
35013,ва́лаки
35014,валако́мъ
35015,валакѣ́хъ
35016,валакѣ́хъ
35017,xxx
35018,xxx
35019,xxx
35020,ва́льцириаю
35021,ва́льцириы
35022,ва́нилин
35023,ва́нилинамъ
35024,ванилинѣ́хъ
35025,xxx
35026,xxx
35027,xxx
35028,xxx
35029,xxx
35030,варежьца́
35031,варе́жькѫ
35032,варе́жьцахъ
35033,xxx
35034,ва́риациаю
35035,вариаци́ы
35036,ва́риациами
35037,ва́риациами
35038,xxx
35039,xxx
35040,xxx
35041,xxx
35042,xxx
35043,xxx
35044,xxx
35045,xxx
35046,xxx
35047,xxx
35048,xxx
35049,xxx
35050,xxx
35051,ватрушьца́
35052,ва́трушьци
35053,ва́трушькы
35054,ва́трушьцѣ
35055,ватру́шькъ
35056,ватру́шьцамъ
35057,ватру́шьцахъ
35058,xxx
35059,xxx
35060,xxx
35061,xxx
35062,ва́ххабизми
35063,ва́ххабизмы
35064,ва́ххабизмы
35065,ваххабизмѣ́хъ
35066,xxx
35067,введени́
35068,введени́а
35069,xxx
35070,xxx
35071,xxx
35072,xxx
35073,xxx
35074,xxx
35075,xxx
35076,xxx
35077,xxx
35078,xxx
35079,xxx
35080,xxx
35081,xxx
35082,xxx
35083,xxx
35084,ве́дёрьца
35085,ве́дёрьцамь
35086,ве́дёрьцѣ
35087,ве́дёрьцамъ
35088,xxx
35089,xxx
35090,xxx
35091,xxx
35092,xxx
35093,ве́дущаѣ
35094,ведуща́ахъ
35095,xxx
35096,xxx
35097,xxx
35098,xxx
35099,xxx
35100,xxx
35101,ве́зениа
35102,ве́зениу
35103,ве́зениа
35104,ве́зениамь
35105,ве́зениа
35106,вѣ́ка
35107,вѣ́ка
35108,вѣ́ку
35109,вѣ́камь
35110,вѣ́к
35111,вѣ́кы
35112,вѣ́кы
35113,xxx
35114,xxx
35115,xxx
35116,веленио́
35117,ве́лениа
35118,велени́ѣхъ
35119,xxx
35120,xxx
35121,xxx
35122,xxx
35123,xxx
35124,xxx
35125,xxx
35126,величеству́
35127,величество́
35128,ве́личествамь
35129,величе́ства
35130,ве́личествы
35131,величиу́
35132,величио́
35133,ве́личиа
35134,ве́личиа
35135,величи́а
35136,величи́а
35137,ве́личиы
35138,xxx
35139,ве́лаканюшны
35140,ве́лаканюшны
35141,xxx
35142,xxx
35143,xxx
35144,xxx
35145,ве́льмажи
35146,ве́льмажѣ
35147,ве́льмажи
35148,ве́льмажами
35149,xxx
35150,xxx
35151,xxx
35152,xxx
35153,xxx
35154,xxx
35155,xxx
35156,xxx
35157,xxx
35158,xxx
35159,xxx
35160,xxx
35161,xxx
35162,ве́нчаниа
35163,ве́нчаниа
35164,венчаниѣ́хъ
35165,вѣ́нчицу
35166,вѣ́нчици
35167,винчицѣ́хъ
35168,xxx
35169,xxx
35170,xxx
35171,xxx
35172,вѣ́рдицъты
35173,вѣ́рдицъты
35174,xxx
35175,xxx
35176,xxx
35177,xxx
35178,врѣ́сьцу
35179,ве́ресьцѣ
35180,ве́ресьцъ
35181,вересьцѣ́хъ
35182,верёвачькѫ́
35183,ве́рёвачьцаю
35184,верёвачька́мъ
35185,xxx
35186,xxx
35187,xxx
35188,ве́рмишели
35189,ве́рмишельѭ
35190,ве́рмишели
35191,верму́та
35192,вермуту́
35193,верму́тѣ
35194,верму́ти
35195,ве́рмути
35196,верму́т
35197,xxx
35198,ве́раваниа
35199,ве́раваниу
35200,веравани́
35201,веравани́а
35202,xxx
35203,xxx
35204,xxx
35205,xxx
35206,xxx
35207,ве́раяти
35208,ве́раяти
35209,xxx
35210,xxx
35211,верстальщи́ци
35212,ве́рстальщици
35213,xxx
35214,xxx
35215,xxx
35216,xxx
35217,xxx
35218,xxx
35219,xxx
35220,xxx
35221,xxx
35222,вертуха́
35223,ве́ртухаамь
35224,ве́ртушьки
35225,верту́шькѫ
35226,ве́ртушьци
35227,верту́шьци
35228,верту́шьци
35229,верту́шьцахъ
35230,xxx
35231,xxx
35232,ве́рхушьцѫ
35233,ве́рхушьцъ
35234,ве́рхушьци
35235,верхушьца́хъ
35236,xxx
35237,xxx
35238,ве́ршак
35239,ве́ршаки
35240,ве́ршак
35241,ве́ршакамъ
35242,ве́ршакы
35243,ве́ршакы
35244,xxx
35245,xxx
35246,ве́снушьцаю
35247,весну́шьцѣ
35248,xxx
35249,xxx
35250,xxx
35251,xxx
35252,xxx
35253,xxx
35254,xxx
35255,xxx
35256,xxx
35257,xxx
35258,xxx
35259,xxx
35260,ветераку́
35261,ве́тераки
35262,ве́тераки
35263,ветерако́мъ
35264,xxx
35265,xxx
35266,xxx
35267,ветачьца́
35268,ве́тачьци
35269,ве́тачьцами
35270,вето́чькахъ
35271,вето́ши
35272,вето́шьхъ
35273,xxx
35274,xxx
35275,xxx
35276,xxx
35277,xxx
35278,xxx
35279,xxx
35280,xxx
35281,xxx
35282,xxx
35283,xxx
35284,вечериньцѣ́
35285,вечериньца́мъ
35286,xxx
35287,ве́шаниа
35288,ве́шаниамь
35289,ве́шани
35290,ве́шаниы
35291,вешаниѣ́хъ
35292,ве́щаниа
35293,ве́щаниамь
35294,ве́щаниѣ
35295,вещаниѣ́хъ
35296,вещаниѣ́хъ
35297,вещдо́к
35298,вещдако́мъ
35299,ве́щдакы
35300,вещдакѣ́хъ
35301,вещи́чьцѫ
35302,вещичьцо́ю
35303,вещмешо́кы
35304,веянио́
35305,веяни́а
35306,веяни́амь
35307,ве́янии
35308,вё́рстьцѣ
35309,вё́рстьци
35310,взаимадействиу́
35311,взаимадействиѣ́хъ
35312,взаимадействиѣ́хъ
35313,вза́имазависамь
35314,вза́имазависътии
35315,вза́имазависимасътьмъ
35316,взаимазависимо́сътьхъ
35317,вза́имаатнашѣниа
35318,вза́имаатнашѣниу
35319,взаимаатнашини́а
35320,взаимаатнашѣни́амъ
35321,взаимаатнашѣни́а
35322,взаимаатнашини́а
35323,xxx
35324,xxx
35325,xxx
35326,xxx
35327,xxx
35328,xxx
35329,xxx
35330,xxx
35331,вздра́жаниу
35332,вздо́ражаниы
35333,вздражаниѣ́хъ
35334,xxx
35335,взи́маниа
35336,взи́маниу
35337,взи́маниамь
35338,взи́маниы
35339,xxx
35340,взло́мщици
35341,взло́мщиц
35342,взло́мщицамъ
35343,xxx
35344,xxx
35345,взры́вчатьци
35346,взры́вчатьцѣ
35347,взры́вчатьцъ
35348,взры́вчатькъ
35349,взры́вчатьци
35350,взры́вчатькы
35351,взрывчатьца́хъ
35352,взысканиу́
35353,взы́сканиамь
35354,взы́сканиы
35355,взысканиѣ́хъ
35356,взы́скатели
35357,взя́тиа
35358,взя́тиу
35359,взя́ти
35360,взя́тька
35361,взя́тьцаю
35362,взя́тьцами
35363,взя́тьками
35364,вибраци́ѫ
35365,вибраци́
35366,вибраци́амъ
35367,xxx
35368,xxx
35369,xxx
35370,xxx
35371,xxx
35372,xxx
35373,xxx
35374,xxx
35375,xxx
35376,xxx
35377,xxx
35378,xxx
35379,xxx
35380,xxx
35381,xxx
35382,xxx
35383,xxx
35384,xxx
35385,xxx
35386,ви́зуализациѣ
35387,визуализацио́ю
35388,ви́зуализациы
35389,xxx
35390,ви́цариа
35391,ви́цариу
35392,ви́цариамь
35393,ви́царии
35394,ви́цариамъ
35395,ви́цариы
35396,ви́цариы
35397,xxx
35398,xxx
35399,xxx
35400,xxx
35401,xxx
35402,xxx
35403,xxx
35404,xxx
35405,xxx
35406,xxx
35407,xxx
35408,xxx
35409,xxx
35410,xxx
35411,ви́наделиу
35412,винадели́а
35413,винадели́амь
35414,винадели́а
35415,xxx
35416,xxx
35417,xxx
35418,xxx
35419,xxx
35420,xxx
35421,xxx
35422,xxx
35423,xxx
35424,xxx
35425,xxx
35426,xxx
35427,xxx
35428,xxx
35429,xxx
35430,xxx
35431,xxx
35432,xxx
35433,xxx
35434,xxx
35435,xxx
35436,xxx
35437,xxx
35438,xxx
35439,xxx
35440,xxx
35441,xxx
35442,xxx
35443,xxx
35444,xxx
35445,xxx
35446,xxx
35447,xxx
35448,xxx
35449,xxx
35450,xxx
35451,xxx
35452,xxx
35453,xxx
35454,xxx
35455,xxx
35456,xxx
35457,xxx
35458,вице-спице́ра
35459,вице-спице́ра
35460,вице-спицеру́
35461,вице-спице́рѣ
35462,вице-спицеро́мъ
35463,xxx
35464,вкладчи́ци
35465,вклю́чениа
35466,вклю́чениа
35467,вклю́чени
35468,вклю́чениамъ
35469,вклю́чениа
35470,включениѣ́хъ
35471,xxx
35472,xxx
35473,xxx
35474,xxx
35475,владыкѫ́
35476,влады́кы
35477,влады́кы
35478,вла́дыками
35479,владыка́хъ
35480,xxx
35481,xxx
35482,вле́чениа
35483,вле́чениу
35484,влечени́
35485,влаженио́
35486,вло́жениа
35487,влажени́
35488,вло́жениы
35489,xxx
35490,xxx
35491,xxx
35492,xxx
35493,xxx
35494,xxx
35495,внѣ́дриниа
35496,внѣдрѣни́а
35497,внѣдрѣни́амь
35498,внидрини́амъ
35499,внѣдрѣни́ѣхъ
35500,xxx
35501,xxx
35502,внесени́а
35503,внесени́ѣ
35504,внесенио́мъ
35505,вне́сениы
35506,внесениѣ́хъ
35507,xxx
35508,xxx
35509,xxx
35510,xxx
35511,xxx
35512,вну́чанака
35513,вну́чанак
35514,вну́чанакамь
35515,вну́чанаки
35516,вну́чанак
35517,вну́шинии
35518,вну́шѣниа
35519,вну́шиниа
35520,xxx
35521,xxx
35522,xxx
35523,во́влечениа
35524,во́влечениу
35525,во́влечениу
35526,вавлечени́а
35527,во́влечениа
35528,вавлечени́ѣхъ
35529,xxx
35530,xxx
35531,xxx
35532,xxx
35533,во́дичьци
35534,во́дичькы
35535,во́дичьки
35536,во́дичьцаю
35537,во́дичьци
35538,вадичьца́хъ
35539,xxx
35540,xxx
35541,xxx
35542,xxx
35543,xxx
35544,xxx
35545,xxx
35546,xxx
35547,xxx
35548,вадакра́са
35549,вадакрасу́
35550,во́дакрасамь
35551,вадакра́с
35552,вадакрасо́мъ
35553,вадакрасѣ́хъ
35554,вадала́з
35555,вадала́за
35556,во́далази
35557,вадалазо́мъ
35558,во́далазы
35559,xxx
35560,xxx
35561,xxx
35562,xxx
35563,xxx
35564,xxx
35565,xxx
35566,во́даньца
35567,во́даньцѣ
35568,во́даньцамъ
35569,ваданьца́хъ
35570,xxx
35571,xxx
35572,xxx
35573,xxx
35574,xxx
35575,xxx
35576,xxx
35577,вадараздѣ́ла
35578,вадараздѣ́ла
35579,во́дараздѣламь
35580,во́дараздѣламь
35581,во́дараздѣли
35582,во́дараздили
35583,вадараздѣ́л
35584,вадараздѣ́л
35585,вадараздило́мъ
35586,вадараздѣлѣ́хъ
35587,вадрасе́ли
35588,во́драсели
35589,во́драсели
35590,вадрасе́льмъ
35591,вадрасе́льхъ
35592,xxx
35593,xxx
35594,xxx
35595,xxx
35596,xxx
35597,во́даснабжениа
35598,во́даснабжениа
35599,во́даснабжениа
35600,во́даснабжениа
35601,xxx
35602,xxx
35603,во́дастакамь
35604,во́дастаки
35605,вадастакѣ́хъ
35606,вадачьца́
35607,во́дачькы
35608,во́дачьци
35609,вадо́чьци
35610,xxx
35611,xxx
35612,xxx
35613,xxx
35614,xxx
35615,xxx
35616,xxx
35617,ваенру́к
35618,ваенру́кѣ
35619,ваенрукѣ́хъ
35620,важаку́
35621,во́жакамь
35622,важако́мъ
35623,важа́кы
35624,важдилинио́
35625,важдилиниу́
35626,во́ждѣлѣниамь
35627,важдѣлѣни́ѣ
35628,важдени́а
35629,во́ждениамь
35630,важдени́и
35631,во́ждениа
35632,важдени́а
35633,xxx
35634,xxx
35635,xxx
35636,xxx
35637,xxx
35638,xxx
35639,во́зведениа
35640,во́зведениа
35641,во́зведениѣ
35642,во́зведени
35643,вазведениѣ́хъ
35644,xxx
35645,xxx
35646,xxx
35647,xxx
35648,xxx
35649,вазвышенно́съти
35650,вазвышеннасъти́
35651,вазвышенно́съти
35652,xxx
35653,xxx
35654,xxx
35655,xxx
35656,во́здействиамь
35657,во́здействиѣ
35658,во́здействи
35659,во́здействиа
35660,во́здѣржани
35661,во́здѣржаниа
35662,ваздиржаниѣ́хъ
35663,xxx
35664,xxx
35665,xxx
35666,во́ззваниы
35667,во́ззваниы
35668,ваззрени́а
35669,ваззренио́мъ
35670,вазмезди́ѣ
35671,вазмезди́
35672,вазмезди́
35673,во́змездиы
35674,во́змещениу
35675,во́змещениѣ
35676,xxx
35677,xxx
35678,xxx
35679,во́знаграждени
35680,во́знаграждени
35681,во́знесениа
35682,во́знесениа
35683,во́знесени
35684,во́знесени
35685,во́знесениа
35686,вазницнавѣнио́
35687,вазницнавинио́
35688,во́зницнавѣниу
35689,во́зницнавѣниѣ
35690,во́зницнавѣниа
35691,вазницнавѣни́
35692,вазницнавини́
35693,вазницнавини́а
35694,во́зницнавѣниы
35695,во́зницнавиниы
35696,xxx
35697,xxx
35698,xxx
35699,xxx
35700,xxx
35701,xxx
35702,xxx
35703,xxx
35704,вазабнавлѣни́амь
35705,вазабнавлини́амь
35706,xxx
35707,xxx
35708,xxx
35709,xxx
35710,xxx
35711,вазражденио́
35712,во́зраждении
35713,во́зраждениа
35714,вазраждени́а
35715,вазраждени́ѣхъ
35716,ваите́ль
35717,ваите́ль
35718,ваите́ль
35719,во́ительѭ
35720,ваите́ли
35721,xxx
35722,xxx
35723,xxx
35724,вакали́стькы
35725,вакали́стькъ
35726,вакали́стьци
35727,во́кзальчица
35728,во́кзальчиц
35729,во́кзальчицамь
35730,во́кзальчицѣ
35731,во́кзальчици
35732,xxx
35733,xxx
35734,xxx
35735,xxx
35736,xxx
35737,xxx
35738,xxx
35739,xxx
35740,xxx
35741,валкулаку́
35742,во́лкулакамь
35743,xxx
35744,xxx
35745,xxx
35746,xxx
35747,вла́саки
35748,вла́сакы
35749,власакѣ́хъ
35750,xxx
35751,xxx
35752,xxx
35753,xxx
35754,xxx
35755,xxx
35756,xxx
35757,xxx
35758,xxx
35759,xxx
35760,xxx
35761,xxx
35762,xxx
35763,xxx
35764,xxx
35765,xxx
35766,xxx
35767,валчано́к
35768,валчанаку́
35769,валчано́кѣ
35770,во́лчанаки
35771,валчано́кы
35772,валчано́кы
35773,валчанакѣ́хъ
35774,xxx
35775,во́лыньца
35776,во́лыньцаю
35777,во́лыньки
35778,во́лыньци
35779,xxx
35780,xxx
35781,xxx
35782,xxx
35783,xxx
35784,xxx
35785,xxx
35786,xxx
35787,xxx
35788,xxx
35789,xxx
35790,ваню́чьцамъ
35791,ваню́чьци
35792,во́абражениа
35793,во́абражениамъ
35794,ваабражениѣ́хъ
35795,xxx
35796,вапраси́ц
35797,вапраси́цѣ
35798,во́прасици
35799,вапраси́ц
35800,во́прасици
35801,вапрасицѣ́хъ
35802,вра́вька
35803,вра́вьцѣ
35804,вравьца́хъ
35805,во́раньца
35806,вра́нька
35807,во́раньцъ
35808,вра́нькы
35809,вранькѣ́хъ
35810,xxx
35811,xxx
35812,xxx
35813,xxx
35814,xxx
35815,xxx
35816,xxx
35817,xxx
35818,xxx
35819,xxx
35820,xxx
35821,xxx
35822,xxx
35823,xxx
35824,xxx
35825,xxx
35826,xxx
35827,xxx
35828,xxx
35829,во́скресениѣ
35830,во́скресениы
35831,во́скрешениа
35832,во́скрешении
35833,во́скрешениамъ
35834,во́скрешениа
35835,во́скрешениа
35836,васкрешениѣ́хъ
35837,xxx
35838,xxx
35839,xxx
35840,xxx
35841,xxx
35842,xxx
35843,xxx
35844,xxx
35845,васпраизвѣдѣнио́
35846,во́спраизвѣдѣниа
35847,васпраизвѣдѣнио́мъ
35848,xxx
35849,вассаединениу́
35850,во́ссаединениамь
35851,вассаединени́ѣ
35852,вассаединени́
35853,во́ссаединениы
35854,во́ссазданиа
35855,во́ссазданиамь
35856,во́ссазданиамь
35857,васстанавленио́
35858,во́сстанавлениа
35859,во́сстанавлениа
35860,во́сстанавлениу
35861,васстанавлени́амь
35862,во́сстанавлениы
35863,васстанавлени́ихъ
35864,васхваленио́
35865,васхвалениу́
35866,васхваленио́
35867,васхвалени́ѣ
35868,васхвалени́и
35869,васхвалени́а
35870,васхажденио́
35871,васхаждени́а
35872,васхаждени́амъ
35873,васхаждени́а
35874,во́схаждениы
35875,васхаждени́ѣхъ
35876,васьмёрьца́
35877,васьмё́рькы
35878,васьмё́рьки
35879,васьмёрьца́хъ
35880,васьмёрька́хъ
35881,xxx
35882,xxx
35883,xxx
35884,xxx
35885,xxx
35886,xxx
35887,xxx
35888,во́шьцѣ
35889,во́шьци
35890,вашьца́хъ
35891,вашька́хъ
35892,xxx
35893,xxx
35894,xxx
35895,xxx
35896,вая́ки
35897,во́якы
35898,вая́кы
35899,во́яками
35900,xxx
35901,xxx
35902,xxx
35903,xxx
35904,xxx
35905,xxx
35906,xxx
35907,вредители́
35908,вредите́ль
35909,вредите́лии
35910,вредите́ли
35911,вридитильство́
35912,вридитѣ́льства
35913,врѣдитѣльству́
35914,врѣдитѣльствѣ́хъ
35915,вре́мяпреправаждениа
35916,времяпреправанио́мъ
35917,времяпреправаниѣ́хъ
35918,xxx
35919,вру́чениа
35920,вру́чениамь
35921,вру́чении
35922,вру́чениамъ
35923,xxx
35924,xxx
35925,всасывани́ѣ
35926,всасывани́а
35927,вса́сываниы
35928,всевышни́
35929,всевышни́и
35930,всевышнио́мъ
35931,всевышни́ы
35932,все́знайьки
35933,всезнайьцо́ю
35934,все́знайьцѣ
35935,все́знайьцами
35936,xxx
35937,xxx
35938,xxx
35939,xxx
35940,xxx
35941,xxx
35942,xxx
35943,вспле́сьцъ
35944,вспле́сьца
35945,вспле́сьци
35946,вспле́ськы
35947,всплесьцѣ́хъ
35948,xxx
35949,xxx
35950,вста́вьца
35951,вста́вькѫ
35952,вста́вьцѣ
35953,вста́вьками
35954,xxx
35955,xxx
35956,xxx
35957,xxx
35958,xxx
35959,встре́чьци
35960,встречьца́мъ
35961,встре́чьци
35962,всту́плениу
35963,всту́плениамь
35964,всту́плениамь
35965,всту́плениа
35966,xxx
35967,xxx
35968,xxx
35969,xxx
35970,xxx
35971,xxx
35972,xxx
35973,вѫ́ндиркиндъ
35974,вѫ́ндѣркинди
35975,вѫ́ндѣркиндамъ
35976,вхажденио́
35977,вхаждени́ѣ
35978,вхо́ждениа
35979,xxx
35980,xxx
35981,xxx
35982,xxx
35983,xxx
35984,xxx
35985,вы́ведениа
35986,выведени́амь
35987,вы́ведениа
35988,выведени́а
35989,xxx
35990,xxx
35991,xxx
35992,xxx
35993,xxx
35994,xxx
35995,xxx
35996,выдвиженио́
35997,выдвижени́а
35998,вы́движении
35999,выдвижени́а
36000,выдвижени́ихъ
36001,выдѣлѣниѣ́хъ
36002,xxx
36003,xxx
36004,xxx
36005,xxx
36006,xxx
36007,xxx
36008,xxx
36009,xxx
36010,xxx
36011,xxx
36012,xxx
36013,xxx
36014,xxx
36015,xxx
36016,xxx
36017,вы́кладьци
36018,вы́кладьци
36019,вы́кладькѫ
36020,вы́кладьци
36021,вы́кладькы
36022,вы́ключиниа
36023,вы́ключиниа
36024,вы́ключѣниѣ
36025,вы́ключиниа
36026,вы́ключѣниы
36027,выключиниѣ́хъ
36028,xxx
36029,xxx
36030,xxx
36031,вы́лазьцаю
36032,вы́лазьки
36033,вы́лазьцамъ
36034,вы́лазьци
36035,xxx
36036,xxx
36037,xxx
36038,вынесенио́
36039,вынесени́а
36040,вынесени́а
36041,xxx
36042,xxx
36043,xxx
36044,xxx
36045,xxx
36046,xxx
36047,выпла́вьцѣ
36048,вы́плавькы
36049,выплавьца́мъ
36050,выплавька́мъ
36051,xxx
36052,xxx
36053,xxx
36054,xxx
36055,xxx
36056,xxx
36057,xxx
36058,xxx
36059,xxx
36060,xxx
36061,xxx
36062,xxx
36063,xxx
36064,xxx
36065,xxx
36066,вырадо́к
36067,вырадо́к
36068,вы́радакы
36069,xxx
36070,xxx
36071,xxx
36072,xxx
36073,xxx
36074,xxx
36075,xxx
36076,xxx
36077,xxx
36078,xxx
36079,xxx
36080,xxx
36081,xxx
36082,вы́садьцѣ
36083,вы́селениамь
36084,выселени́
36085,выселени́а
36086,xxx
36087,xxx
36088,xxx
36089,xxx
36090,xxx
36091,xxx
36092,xxx
36093,xxx
36094,xxx
36095,xxx
36096,вытеснени́амь
36097,вытеснени́амь
36098,вы́теснениѣ
36099,вы́теснениы
36100,вытрезвите́лии
36101,вытрезвите́льмъ
36102,вытрезвите́льмъ
36103,вытрезвите́ли
36104,вытрезвите́льхъ
36105,xxx
36106,xxx
36107,xxx
36108,xxx
36109,xxx
36110,xxx
36111,xxx
36112,xxx
36113,xxx
36114,xxx
36115,xxx
36116,xxx
36117,xxx
36118,xxx
36119,xxx
36120,вьетнамьца́
36121,вьетна́мькы
36122,вьетнамькѣ́
36123,вье́тнамькаю
36124,вье́тнамьци
36125,вязальщицу́
36126,вязальщицу́
36127,вязальщи́цѣ
36128,вязальщи́цѣ
36129,xxx
36130,xxx
36131,xxx
36132,га́гарьци
36133,га́гарьци
36134,га́гарьками
36135,га́дальки
36136,га́далькѫ
36137,га́дальци
36138,га́дальцъ
36139,га́дальцами
36140,гадальца́хъ
36141,га́даниа
36142,га́даниу
36143,га́д
36144,га́д
36145,га́ды
36146,xxx
36147,xxx
36148,xxx
36149,xxx
36150,га́зетьци
36151,га́зетьци
36152,га́зетьки
36153,га́зетьками
36154,газетьца́хъ
36155,xxx
36156,xxx
36157,га́зицамь
36158,газицо́мъ
36159,газицѣ́хъ
36160,xxx
36161,xxx
36162,га́йдук
36163,га́йдука
36164,га́йдук
36165,га́йдуки
36166,га́йдук
36167,га́йдукы
36168,га́йдукы
36169,га́ланьци
36170,га́ланьцѣ
36171,га́ланьки
36172,га́ланьци
36173,га́ланьцами
36174,га́ланьками
36175,гала́ньцахъ
36176,xxx
36177,xxx
36178,xxx
36179,xxx
36180,xxx
36181,xxx
36182,xxx
36183,xxx
36184,xxx
36185,га́ллиу
36186,га́ллиѣ
36187,га́лли
36188,xxx
36189,xxx
36190,xxx
36191,xxx
36192,xxx
36193,xxx
36194,xxx
36195,га́лагени
36196,xxx
36197,гама́ка
36198,га́маки
36199,гамакѣ́хъ
36200,xxx
36201,xxx
36202,xxx
36203,xxx
36204,xxx
36205,xxx
36206,xxx
36207,xxx
36208,xxx
36209,xxx
36210,xxx
36211,xxx
36212,xxx
36213,xxx
36214,xxx
36215,xxx
36216,xxx
36217,гарды́
36218,гардъ́
36219,гарды́
36220,га́рдами
36221,xxx
36222,xxx
36223,xxx
36224,xxx
36225,xxx
36226,xxx
36227,xxx
36228,xxx
36229,xxx
36230,xxx
36231,xxx
36232,xxx
36233,xxx
36234,xxx
36235,гармо́шьцѣ
36236,га́рмашьками
36237,xxx
36238,xxx
36239,xxx
36240,га́старбайтери
36241,гастарбайтеро́мъ
36242,гастарбайтеро́мъ
36243,га́старбайтеры
36244,xxx
36245,xxx
36246,xxx
36247,xxx
36248,xxx
36249,xxx
36250,гастрано́м
36251,гастранаму́
36252,гастранамо́мъ
36253,гастранамѣ́хъ
36254,га́ти
36255,га́тии
36256,га́тии
36257,га́ти
36258,гатьхъ
36259,гатьхъ
36260,xxx
36261,xxx
36262,xxx
36263,га́фнии
36264,га́фни
36265,гаче́ка
36266,гачеку́
36267,га́чеки
36268,гачеко́мъ
36269,га́чекы
36270,гварди́ы
36271,гвардиѫ́
36272,гвардиа́мъ
36273,гва́рдиами
36274,xxx
36275,xxx
36276,xxx
36277,xxx
36278,гѣ́й-бракы
36279,гѣй-бракѣ́хъ
36280,xxx
36281,xxx
36282,xxx
36283,ге́й-изданиа
36284,ге́й-изданиа
36285,ге́й-изданиы
36286,гей-издани́ѣхъ
36287,xxx
36288,xxx
36289,xxx
36290,xxx
36291,xxx
36292,xxx
36293,xxx
36294,xxx
36295,xxx
36296,xxx
36297,xxx
36298,xxx
36299,xxx
36300,xxx
36301,xxx
36302,xxx
36303,xxx
36304,xxx
36305,xxx
36306,xxx
36307,xxx
36308,xxx
36309,xxx
36310,xxx
36311,xxx
36312,xxx
36313,xxx
36314,xxx
36315,xxx
36316,xxx
36317,xxx
36318,xxx
36319,xxx
36320,xxx
36321,xxx
36322,xxx
36323,xxx
36324,xxx
36325,xxx
36326,xxx
36327,xxx
36328,генератару́
36329,генерато́ры
36330,ге́нератары
36331,xxx
36332,xxx
36333,xxx
36334,xxx
36335,xxx
36336,xxx
36337,гѣнпракуро́р
36338,гѣ́нпракурари
36339,гѣ́нсѣки
36340,гѣнсѣ́кы
36341,xxx
36342,xxx
36343,геадезиа́
36344,геадезиѫ́
36345,геадези́ѣ
36346,ге́адезиы
36347,ге́адезиы
36348,ге́адезиами
36349,гела́г
36350,гела́га
36351,геало́г
36352,ге́лаги
36353,геалагѣ́хъ
36354,ге́алагиы
36355,ге́лагиы
36356,ге́лагиаю
36357,ге́лаги
36358,ге́алагиами
36359,геалагиа́хъ
36360,геаметрио́ю
36361,ге́аметриы
36362,ге́аметриами
36363,xxx
36364,xxx
36365,xxx
36366,xxx
36367,xxx
36368,xxx
36369,xxx
36370,xxx
36371,xxx
36372,xxx
36373,xxx
36374,xxx
36375,xxx
36376,xxx
36377,xxx
36378,xxx
36379,xxx
36380,xxx
36381,xxx
36382,xxx
36383,xxx
36384,xxx
36385,xxx
36386,xxx
36387,xxx
36388,xxx
36389,xxx
36390,xxx
36391,xxx
36392,ги́драметлы
36393,ги́драметлѣ
36394,гидраме́тлъ
36395,ги́драметлами
36396,ги́драметлами
36397,гидрафайлу́
36398,гидрафо́йлъ
36399,гидрафо́йлы
36400,xxx
36401,xxx
36402,xxx
36403,ги́льдиаю
36404,ги́льди
36405,ги́льдиы
36406,гиль́зы
36407,гильзъ
36408,гиль́зъ
36409,xxx
36410,xxx
36411,xxx
36412,xxx
36413,ги́пербалы
36414,ги́пербалѣ
36415,гипербо́лы
36416,xxx
36417,xxx
36418,xxx
36419,xxx
36420,ги́пъсъ
36421,ги́пъсъ
36422,ги́пъсамь
36423,xxx
36424,xxx
36425,xxx
36426,xxx
36427,xxx
36428,xxx
36429,xxx
36430,xxx
36431,xxx
36432,xxx
36433,xxx
36434,xxx
36435,xxx
36436,гла́нда
36437,гла́нды
36438,гла́нды
36439,гла́ндами
36440,гла́ндами
36441,гланда́хъ
36442,xxx
36443,xxx
36444,xxx
36445,xxx
36446,xxx
36447,xxx
36448,xxx
36449,xxx
36450,xxx
36451,xxx
36452,xxx
36453,глубинька́
36454,глуби́ньки
36455,глу́биньци
36456,глуби́ньцъ
36457,xxx
36458,xxx
36459,xxx
36460,xxx
36461,глу́шнякамь
36462,глу́шняки
36463,глу́шняк
36464,глы́бѣ
36465,глы́бы
36466,глы́б
36467,глы́бамъ
36468,глы́бамъ
36469,xxx
36470,xxx
36471,xxx
36472,xxx
36473,xxx
36474,гни́дѣ
36475,гни́ди
36476,гни́д
36477,гни́дами
36478,xxx
36479,xxx
36480,гнайни́ц
36481,гно́йницамь
36482,гно́йницамь
36483,гнайни́цѣ
36484,гнайни́ци
36485,гно́йници
36486,гнайницѣ́хъ
36487,гнайницѣ́хъ
36488,габли́нѣ
36489,го́блини
36490,габлино́мъ
36491,xxx
36492,xxx
36493,xxx
36494,xxx
36495,xxx
36496,го́внюки
36497,го́внюк
36498,го́внюкы
36499,xxx
36500,xxx
36501,xxx
36502,xxx
36503,xxx
36504,xxx
36505,xxx
36506,xxx
36507,xxx
36508,xxx
36509,гади́ц
36510,гади́ца
36511,гади́ц
36512,го́дицамь
36513,гади́цѣ
36514,гадицо́мъ
36515,го́дини
36516,го́дины
36517,гади́намъ
36518,xxx
36519,xxx
36520,xxx
36521,xxx
36522,xxx
36523,xxx
36524,галландьца́
36525,галла́ндьци
36526,галландьцѫ́
36527,галла́ндьцъ
36528,го́лландьцами
36529,галландьца́хъ
36530,гла́вьцѣ
36531,го́лавьцѣ
36532,гла́вьци
36533,го́лавьци
36534,гла́вьками
36535,xxx
36536,xxx
36537,xxx
36538,xxx
36539,xxx
36540,xxx
36541,xxx
36542,xxx
36543,xxx
36544,xxx
36545,xxx
36546,xxx
36547,xxx
36548,xxx
36549,галубо́к
36550,галубаку́
36551,го́лубакамь
36552,го́лубакамь
36553,xxx
36554,xxx
36555,xxx
36556,xxx
36557,xxx
36558,гами́ца
36559,го́мицамь
36560,гами́цѣ
36561,гами́ц
36562,гамицо́мъ
36563,xxx
36564,xxx
36565,xxx
36566,xxx
36567,го́мафабиа
36568,го́мафабиаю
36569,го́мафабиы
36570,xxx
36571,xxx
36572,го́нениа
36573,го́нениу
36574,го́нениа
36575,ганениѣ́хъ
36576,xxx
36577,xxx
36578,xxx
36579,xxx
36580,xxx
36581,xxx
36582,xxx
36583,xxx
36584,xxx
36585,xxx
36586,xxx
36587,ганщи́ца
36588,го́нщицамь
36589,ганщи́ци
36590,xxx
36591,гапни́ца
36592,гапни́ц
36593,гапницо́мъ
36594,го́пници
36595,xxx
36596,го́рбушьцѣ
36597,го́рбушькы
36598,гарбу́шьци
36599,го́рдынѣ
36600,го́рдыны
36601,го́рдын
36602,го́рениа
36603,го́рениамь
36604,го́рениамъ
36605,гарильца́
36606,гарилька́
36607,го́рильцѣ
36608,го́рилькы
36609,го́рилла
36610,го́риллѣ
36611,го́рилли
36612,го́риллъ
36613,го́риллами
36614,xxx
36615,xxx
36616,xxx
36617,xxx
36618,xxx
36619,го́рлышьци
36620,xxx
36621,xxx
36622,xxx
36623,xxx
36624,xxx
36625,xxx
36626,го́рнякамь
36627,гарня́кѣ
36628,xxx
36629,xxx
36630,xxx
36631,xxx
36632,xxx
36633,xxx
36634,xxx
36635,xxx
36636,xxx
36637,xxx
36638,xxx
36639,xxx
36640,xxx
36641,гаря́чькы
36642,гаря́чьцѣ
36643,гаря́чьки
36644,го́рячькы
36645,гаря́чьцъ
36646,гаря́чьцъ
36647,гарячька́хъ
36648,xxx
36649,xxx
36650,xxx
36651,xxx
36652,xxx
36653,го́сслужащи
36654,го́сслужащиѣ
36655,го́сслужащи
36656,го́сслужащиамъ
36657,xxx
36658,xxx
36659,xxx
36660,го́съта
36661,го́сътъ
36662,го́сътѣ
36663,го́сътамъ
36664,гасътѣ́хъ
36665,xxx
36666,xxx
36667,xxx
36668,xxx
36669,го́тамь
36670,xxx
36671,xxx
36672,xxx
36673,xxx
36674,xxx
36675,xxx
36676,гра́бамь
36677,гра́би
36678,xxx
36679,xxx
36680,xxx
36681,xxx
36682,xxx
36683,xxx
36684,xxx
36685,xxx
36686,xxx
36687,xxx
36688,xxx
36689,xxx
36690,xxx
36691,xxx
36692,xxx
36693,xxx
36694,xxx
36695,граммафо́н
36696,граммафану́
36697,граммафану́
36698,граммафо́н
36699,xxx
36700,xxx
36701,xxx
36702,xxx
36703,xxx
36704,гра́нтъ
36705,гра́нтѣ
36706,гра́нтамъ
36707,грантѣ́хъ
36708,xxx
36709,xxx
36710,xxx
36711,xxx
36712,xxx
36713,xxx
36714,xxx
36715,xxx
36716,xxx
36717,xxx
36718,xxx
36719,xxx
36720,xxx
36721,xxx
36722,xxx
36723,xxx
36724,xxx
36725,xxx
36726,xxx
36727,xxx
36728,xxx
36729,xxx
36730,xxx
36731,xxx
36732,xxx
36733,грѣно́ка
36734,грѣ́наки
36735,гре́чанькы
36736,гре́чаньцѣ
36737,гре́чаньцѣ
36738,гре́чанькы
36739,xxx
36740,xxx
36741,гре́шниц
36742,гре́шницу
36743,гре́шници
36744,xxx
36745,xxx
36746,xxx
36747,грешо́ка
36748,грешо́ка
36749,гре́шакамь
36750,гре́шаки
36751,грешакѣ́хъ
36752,грё́за
36753,грё́зы
36754,грё́заю
36755,грё́заю
36756,грё́зы
36757,грёза́хъ
36758,грибо́ка
36759,гри́бакы
36760,xxx
36761,xxx
36762,xxx
36763,xxx
36764,xxx
36765,xxx
36766,xxx
36767,гро́зъдь
36768,гро́зъди
36769,гро́зъдьѭ
36770,гро́зъди
36771,xxx
36772,гро́т
36773,гро́ту
36774,xxx
36775,xxx
36776,xxx
36777,xxx
36778,xxx
36779,xxx
36780,xxx
36781,xxx
36782,xxx
36783,гру́да
36784,гру́дѣ
36785,гру́дами
36786,гру́дами
36787,xxx
36788,xxx
36789,гру́зу
36790,гру́з
36791,гру́замъ
36792,гру́замъ
36793,гру́зы
36794,грузѣ́хъ
36795,xxx
36796,xxx
36797,xxx
36798,xxx
36799,грузиньцѣ́
36800,грузи́ньцѣ
36801,гру́зиньци
36802,грузиньца́мъ
36803,гру́зиньцами
36804,xxx
36805,xxx
36806,xxx
36807,грузчи́ц
36808,грузчи́ца
36809,грузчи́ци
36810,гру́зчици
36811,xxx
36812,xxx
36813,xxx
36814,гры́зы
36815,гры́зы
36816,гры́з
36817,xxx
36818,xxx
36819,гряда́
36820,грядѣ́
36821,грядѣ́
36822,грядѫ́
36823,гря́даю
36824,гря́ды
36825,xxx
36826,xxx
36827,xxx
36828,xxx
36829,гу́бнушьци
36830,гу́бнушькы
36831,гу́бнушьцѣ
36832,гу́бнушькамъ
36833,xxx
36834,xxx
36835,гу́глафан
36836,гу́глафанамъ
36837,гу́глафаны
36838,гу́дениу
36839,гудени́амь
36840,гу́дениа
36841,гудени́амъ
36842,xxx
36843,xxx
36844,xxx
36845,xxx
36846,xxx
36847,xxx
36848,xxx
36849,xxx
36850,xxx
36851,xxx
36852,xxx
36853,гуляка́
36854,xxx
36855,xxx
36856,xxx
36857,xxx
36858,xxx
36859,xxx
36860,xxx
36861,xxx
36862,xxx
36863,xxx
36864,гу́ртъ
36865,гу́ртъ
36866,гу́ртамь
36867,гу́ртѣ
36868,xxx
36869,xxx
36870,xxx
36871,xxx
36872,xxx
36873,xxx
36874,xxx
36875,xxx
36876,xxx
36877,xxx
36878,xxx
36879,xxx
36880,xxx
36881,xxx
36882,xxx
36883,xxx
36884,xxx
36885,xxx
36886,xxx
36887,xxx
36888,xxx
36889,xxx
36890,xxx
36891,xxx
36892,xxx
36893,да́мачьци
36894,дамо́чьци
36895,да́нница
36896,да́нници
36897,данницѣ́хъ
36898,xxx
36899,xxx
36900,xxx
36901,xxx
36902,датираванио́
36903,да́тираваниамь
36904,да́тираваниы
36905,да́тчаньцѣ
36906,датча́ньци
36907,да́тчаньцами
36908,да́тчаньцами
36909,датча́ньцахъ
36910,xxx
36911,дачни́ц
36912,дачни́ц
36913,дачни́ц
36914,да́чницамь
36915,дачни́ци
36916,xxx
36917,двѣ́рцѣ
36918,двѣ́рци
36919,двѣ́рцѫ
36920,двѣ́рци
36921,двѣ́рцъ
36922,двѣрца́хъ
36923,xxx
36924,xxx
36925,xxx
36926,xxx
36927,xxx
36928,дваежёнство́
36929,дваежё́нствамь
36930,дво́ежёнства
36931,дво́еперстиамь
36932,дво́еперстиамь
36933,дво́етачиѣ
36934,дво́етачиа
36935,дваетачи́амъ
36936,дваетачи́амъ
36937,дваетачи́а
36938,дваетачи́ѣхъ
36939,xxx
36940,xxx
36941,дво́ечница
36942,дво́ечници
36943,дво́ечници
36944,дво́ечницѫ
36945,дво́ечницами
36946,дваечница́хъ
36947,xxx
36948,xxx
36949,дво́йниц
36950,дво́йниц
36951,дво́йници
36952,xxx
36953,xxx
36954,xxx
36955,xxx
36956,xxx
36957,xxx
36958,xxx
36959,xxx
36960,xxx
36961,дво́рянинамь
36962,дварянино́мъ
36963,дво́рянины
36964,дварянинѣ́хъ
36965,дво́ряньца
36966,дво́рянька
36967,дво́ряньцѣ
36968,дво́рянькаю
36969,дво́ряньцъ
36970,дво́ряньцамъ
36971,дво́рянькы
36972,дво́ряньцами
36973,дво́ряньками
36974,дваряньца́хъ
36975,xxx
36976,xxx
36977,xxx
36978,двупирстио́
36979,двупѣрсти́амь
36980,дву́пѣрстиа
36981,двупѣрсти́амъ
36982,дву́пѣрстиы
36983,двуру́чьци
36984,двуручьцѣ́
36985,дву́ручькаю
36986,xxx
36987,xxx
36988,xxx
36989,xxx
36990,xxx
36991,xxx
36992,xxx
36993,xxx
36994,xxx
36995,xxx
36996,xxx
36997,xxx
36998,девиациа́
36999,де́виациы
37000,де́виации
37001,девиаци́ы
37002,де́виациами
37003,xxx
37004,xxx
37005,xxx
37006,xxx
37007,xxx
37008,xxx
37009,xxx
37010,xxx
37011,xxx
37012,девачка-падро́ства
37013,девачка-падраству́
37014,xxx
37015,xxx
37016,xxx
37017,де́вственницаю
37018,де́вственницаю
37019,де́вственници
37020,де́вственници
37021,де́вственницамъ
37022,де́вственници
37023,де́вственницами
37024,xxx
37025,xxx
37026,xxx
37027,де́вятьцаю
37028,девя́тьцѣ
37029,девятька́хъ
37030,xxx
37031,xxx
37032,xxx
37033,xxx
37034,xxx
37035,xxx
37036,xxx
37037,де́журнаа
37038,де́журнааю
37039,xxx
37040,xxx
37041,xxx
37042,xxx
37043,xxx
37044,xxx
37045,xxx
37046,xxx
37047,xxx
37048,xxx
37049,xxx
37050,xxx
37051,xxx
37052,xxx
37053,xxx
37054,xxx
37055,xxx
37056,xxx
37057,xxx
37058,xxx
37059,xxx
37060,действо́
37061,де́йствамь
37062,действо́мъ
37063,действо́
37064,действѣ́хъ
37065,xxx
37066,xxx
37067,xxx
37068,xxx
37069,декалитру́
37070,де́калитрамь
37071,декали́трѣ
37072,xxx
37073,xxx
37074,xxx
37075,xxx
37076,xxx
37077,xxx
37078,xxx
37079,xxx
37080,xxx
37081,xxx
37082,xxx
37083,xxx
37084,xxx
37085,xxx
37086,xxx
37087,деле́цѣ
37088,де́леци
37089,деле́ц
37090,xxx
37091,xxx
37092,xxx
37093,xxx
37094,xxx
37095,xxx
37096,xxx
37097,xxx
37098,xxx
37099,xxx
37100,xxx
37101,xxx
37102,xxx
37103,xxx
37104,xxx
37105,xxx
37106,xxx
37107,xxx
37108,xxx
37109,xxx
37110,xxx
37111,xxx
37112,xxx
37113,xxx
37114,xxx
37115,xxx
37116,деманстра́нтькы
37117,деманстра́нтьци
37118,де́манстрантьцами
37119,де́мпиньза
37120,де́мпиньзамь
37121,де́мпиньги
37122,де́мпиньзи
37123,де́мпиньзы
37124,xxx
37125,xxx
37126,дендрари́а
37127,дендрариу́
37128,дендрари́ѣ
37129,дендрари́и
37130,де́ндрарии
37131,де́ндрариы
37132,xxx
37133,xxx
37134,xxx
37135,xxx
37136,xxx
37137,xxx
37138,xxx
37139,xxx
37140,де́ньзамъ
37141,де́ньзамъ
37142,де́ньзами
37143,xxx
37144,xxx
37145,дѣ́прѣссиаю
37146,дѣ́приссии
37147,xxx
37148,xxx
37149,xxx
37150,xxx
37151,xxx
37152,xxx
37153,xxx
37154,xxx
37155,xxx
37156,дрѣ́веньца
37157,дрѣ́веньцамъ
37158,дрѣвеньца́хъ
37159,дрѣ́варубьци
37160,де́реварубьци
37161,дрѣ́варубькы
37162,дрѣ́варубьцами
37163,дрѣву́шьцѣ
37164,де́ревушьци
37165,де́ревушьцами
37166,дрѣ́вушьками
37167,xxx
37168,дрѣвяньцо́ю
37169,дривянько́ю
37170,де́ревяньцѣ
37171,дрѣ́вяньками
37172,деревя́ньцахъ
37173,дрѣвяшьца́
37174,дрѣвя́шьцахъ
37175,xxx
37176,xxx
37177,xxx
37178,xxx
37179,xxx
37180,xxx
37181,xxx
37182,xxx
37183,xxx
37184,xxx
37185,xxx
37186,xxx
37187,xxx
37188,xxx
37189,xxx
37190,де́спатиѣ
37191,де́спатии
37192,де́спатиами
37193,де́спатиами
37194,де́сятилетиа
37195,десятилети́
37196,де́сятилетиы
37197,дѣсяти́н
37198,дѣ́сятинами
37199,xxx
37200,де́тёнаки
37201,де́тёнаки
37202,детёно́к
37203,де́тёнышамь
37204,детёны́шѣ
37205,xxx
37206,xxx
37207,xxx
37208,xxx
37209,xxx
37210,xxx
37211,xxx
37212,детанато́ры
37213,детанато́ры
37214,xxx
37215,xxx
37216,xxx
37217,xxx
37218,xxx
37219,xxx
37220,xxx
37221,xxx
37222,xxx
37223,xxx
37224,xxx
37225,xxx
37226,дехкани́нѣ
37227,дехкани́н
37228,дехкани́ны
37229,xxx
37230,xxx
37231,децили́тра
37232,децили́тра
37233,децили́тръ
37234,xxx
37235,xxx
37236,xxx
37237,xxx
37238,xxx
37239,xxx
37240,деяни́амъ
37241,деяни́ѣхъ
37242,деяни́ихъ
37243,xxx
37244,xxx
37245,xxx
37246,xxx
37247,xxx
37248,xxx
37249,xxx
37250,xxx
37251,xxx
37252,xxx
37253,xxx
37254,xxx
37255,xxx
37256,xxx
37257,xxx
37258,xxx
37259,xxx
37260,xxx
37261,xxx
37262,xxx
37263,ди́ванчицамь
37264,ди́ванчици
37265,диверсиа́
37266,диверси́
37267,ди́версиами
37268,xxx
37269,дивизио́н
37270,дивизио́нѣ
37271,xxx
37272,xxx
37273,xxx
37274,xxx
37275,xxx
37276,xxx
37277,xxx
37278,xxx
37279,xxx
37280,xxx
37281,xxx
37282,xxx
37283,xxx
37284,xxx
37285,xxx
37286,xxx
37287,xxx
37288,xxx
37289,xxx
37290,xxx
37291,xxx
37292,xxx
37293,xxx
37294,xxx
37295,xxx
37296,xxx
37297,динамица́
37298,динами́цѣ
37299,ди́намици
37300,динамица́хъ
37301,xxx
37302,xxx
37303,xxx
37304,xxx
37305,xxx
37306,xxx
37307,xxx
37308,xxx
37309,xxx
37310,директариа́
37311,директари́ѫ
37312,директари́
37313,директари́ы
37314,директари́ы
37315,ди́рекциы
37316,ди́рекциѫ
37317,дирекциа́хъ
37318,дирижа́бль
37319,дирижабли́
37320,ди́рижабльѭ
37321,ди́рижабльѭ
37322,дирижа́бльмъ
37323,xxx
37324,xxx
37325,xxx
37326,xxx
37327,xxx
37328,xxx
37329,xxx
37330,ди́сплеамь
37331,ди́сплеи
37332,диспразиу́
37333,диспрази́
37334,ди́спразиамь
37335,диспразио́мъ
37336,xxx
37337,xxx
37338,xxx
37339,ди́стрибьютеру
37340,ди́стрибьютерамь
37341,ди́стрибьютери
37342,ди́стрибьютери
37343,ди́стрибьютар
37344,ди́стрибьютари
37345,ди́стрибьютар
37346,ди́сфариы
37347,дисфарио́ю
37348,дисфари́
37349,дисфари́амъ
37350,ди́сфариами
37351,xxx
37352,ди́сциплини
37353,дисципли́н
37354,дисципли́намъ
37355,ди́сциплинами
37356,ди́сциплинами
37357,ди́сциплинами
37358,дисципли́нахъ
37359,дитё́
37360,дитё́
37361,дитё́
37362,дитё́ы
37363,ди́тёнакы
37364,дитёнакѣ́хъ
37365,xxx
37366,xxx
37367,xxx
37368,xxx
37369,ди́фтаньзамь
37370,дифто́ньзѣ
37371,дифто́ньги
37372,дифтаньзо́мъ
37373,xxx
37374,xxx
37375,xxx
37376,xxx
37377,xxx
37378,дневальны́
37379,дневальныу́
37380,дневальны́и
37381,дневальныѣ́хъ
37382,дне́вниц
37383,дне́вницамъ
37384,дневницѣ́хъ
37385,дневницѣ́хъ
37386,дню́хы
37387,дню́хы
37388,дню́хами
37389,днюха́хъ
37390,дабавьца́
37391,дабавьцо́ю
37392,до́бавькы
37393,xxx
37394,xxx
37395,xxx
37396,до́берман-пинчерамь
37397,xxx
37398,xxx
37399,xxx
37400,xxx
37401,xxx
37402,до́бражѣлатѣли
37403,до́бражѣлатѣльѭ
37404,до́бражилатили
37405,до́бражилатили
37406,до́бражѣлатѣльмъ
37407,дабражѣлатѣ́льхъ
37408,xxx
37409,xxx
37410,xxx
37411,xxx
37412,xxx
37413,xxx
37414,xxx
37415,xxx
37416,xxx
37417,давальствиу́
37418,до́вальствиамь
37419,давальстви́ѣ
37420,давальстви́и
37421,до́вальствиа
37422,давальстви́
37423,до́гадьцѣ
37424,до́гадьки
37425,дага́дькѫ
37426,дага́дькы
37427,до́гадьцами
37428,до́гадьками
37429,дага́дьцахъ
37430,до́гѣ
37431,до́гѣ
37432,до́гы
37433,до́гы
37434,даждеви́ц
37435,даждеви́ца
37436,даждевицу́
37437,даждевицу́
37438,до́ждевицамь
37439,даждеви́ци
37440,даждевицѣ́хъ
37441,до́жамь
37442,до́жи
37443,до́жи
37444,xxx
37445,xxx
37446,xxx
37447,до́знаватели
37448,до́знаватели
37449,до́знавательми
37450,дазнавате́льхъ
37451,до́знаниа
37452,до́знаниа
37453,до́знаниамь
37454,до́знаниѣ
37455,до́знаниы
37456,xxx
37457,xxx
37458,xxx
37459,дакладчи́ц
37460,до́кладчици
37461,до́кладчици
37462,дакладчицѣ́хъ
37463,xxx
37464,дактари́шьци
37465,дактари́шьцъ
37466,дактаришька́мъ
37467,до́ктаришьцами
37468,xxx
37469,xxx
37470,далганаси́ца
37471,далганаси́ци
37472,далганасицѣ́хъ
37473,далганасицѣ́хъ
37474,xxx
37475,xxx
37476,xxx
37477,xxx
37478,xxx
37479,до́лжницамь
37480,до́лжницѣ
37481,до́лжници
37482,xxx
37483,xxx
37484,xxx
37485,xxx
37486,xxx
37487,xxx
37488,xxx
37489,xxx
37490,xxx
37491,xxx
37492,xxx
37493,xxx
37494,xxx
37495,xxx
37496,xxx
37497,xxx
37498,xxx
37499,xxx
37500,до́ньза
37501,до́ньзу
37502,xxx
37503,xxx
37504,данасчи́ц
37505,данасчицо́мъ
37506,данасчи́ци
37507,дапечатьца́
37508,до́печатьки
37509,дапечатьцо́ю
37510,дапечатько́ю
37511,дапеча́тькъ
37512,дапеча́тьци
37513,до́пиньзъ
37514,до́пиньгъ
37515,до́пиньзы
37516,xxx
37517,xxx
37518,xxx
37519,xxx
37520,xxx
37521,xxx
37522,xxx
37523,xxx
37524,xxx
37525,xxx
37526,xxx
37527,xxx
37528,до́спех
37529,до́спех
37530,до́спехы
37531,xxx
37532,xxx
37533,до́суга
37534,до́суги
37535,до́суг
37536,до́сугы
37537,до́тациѣ
37538,до́тации
37539,до́тациаю
37540,до́таци
37541,до́тациами
37542,датациа́хъ
37543,xxx
37544,до́ха
37545,до́хы
37546,до́хаю
37547,до́хы
37548,до́хами
37549,даха́хъ
37550,дахляти́ны
37551,дахляти́ны
37552,до́хлятинаю
37553,до́хлятинами
37554,xxx
37555,xxx
37556,xxx
37557,xxx
37558,xxx
37559,xxx
37560,xxx
37561,xxx
37562,xxx
37563,дашкалёно́к
37564,дашкалёно́ки
37565,дашкалёнако́мъ
37566,дашкалёно́кы
37567,xxx
37568,xxx
37569,xxx
37570,xxx
37571,даярьцо́ю
37572,дая́рьци
37573,дая́рьци
37574,xxx
37575,xxx
37576,xxx
37577,xxx
37578,xxx
37579,xxx
37580,xxx
37581,xxx
37582,xxx
37583,xxx
37584,дра́хмаю
37585,дра́хмъ
37586,дра́хмъ
37587,дра́хмы
37588,драхма́хъ
37589,xxx
37590,древесница́
37591,дре́весници
37592,дре́весницѣ
37593,дре́весници
37594,древесни́ци
37595,древесни́цахъ
37596,xxx
37597,xxx
37598,xxx
37599,дрѣ́влянин
37600,дрѣ́влянинамь
37601,дрѣ́влянини
37602,дрѣ́влянини
37603,дрѣ́влянины
37604,дрѣ́влянины
37605,xxx
37606,xxx
37607,xxx
37608,xxx
37609,xxx
37610,древанасаждениу́
37611,древанасаждени́ѣ
37612,древанасаждениѣ́хъ
37613,xxx
37614,xxx
37615,дре́ватёрьцѣ
37616,дре́ватёрькамъ
37617,дре́ватёрьци
37618,xxx
37619,xxx
37620,xxx
37621,xxx
37622,xxx
37623,xxx
37624,xxx
37625,xxx
37626,xxx
37627,xxx
37628,xxx
37629,xxx
37630,xxx
37631,xxx
37632,xxx
37633,дро́бавиц
37634,дро́бавици
37635,дро́бавиц
37636,дро́бавицамъ
37637,дро́бавици
37638,драбавицѣ́хъ
37639,дро́вазагатавьци
37640,дравазагато́вьцѫ
37641,дравазагато́вьцамъ
37642,дравазагато́вьцахъ
37643,дро́васекы
37644,дро́гы
37645,дро́гѫ
37646,дро́гамъ
37647,дро́гы
37648,xxx
37649,xxx
37650,xxx
37651,xxx
37652,xxx
37653,xxx
37654,xxx
37655,xxx
37656,xxx
37657,xxx
37658,xxx
37659,xxx
37660,xxx
37661,xxx
37662,xxx
37663,xxx
37664,xxx
37665,xxx
37666,xxx
37667,ду́биньцаю
37668,дуби́ньцѣ
37669,ду́биньци
37670,ду́биньцами
37671,xxx
37672,xxx
37673,xxx
37674,xxx
37675,xxx
37676,xxx
37677,xxx
37678,xxx
37679,xxx
37680,xxx
37681,xxx
37682,xxx
37683,xxx
37684,xxx
37685,xxx
37686,xxx
37687,дуду́к
37688,дуду́ка
37689,дудуку́
37690,ду́дукамь
37691,дудуко́мъ
37692,ду́дукы
37693,дудукѣ́хъ
37694,дудукѣ́хъ
37695,xxx
37696,xxx
37697,ду́навениамь
37698,ду́навениамь
37699,дунавени́и
37700,дунавенио́мъ
37701,дунавени́а
37702,ду́навениы
37703,xxx
37704,xxx
37705,xxx
37706,xxx
37707,xxx
37708,xxx
37709,дуриа́на
37710,дуриа́нѣ
37711,дуриа́ны
37712,дурианѣ́хъ
37713,xxx
37714,xxx
37715,xxx
37716,xxx
37717,xxx
37718,xxx
37719,xxx
37720,xxx
37721,xxx
37722,xxx
37723,xxx
37724,xxx
37725,xxx
37726,xxx
37727,xxx
37728,xxx
37729,xxx
37730,xxx
37731,xxx
37732,xxx
37733,xxx
37734,xxx
37735,xxx
37736,xxx
37737,дха́рмами
37738,xxx
37739,xxx
37740,xxx
37741,xxx
37742,xxx
37743,xxx
37744,xxx
37745,xxx
37746,xxx
37747,xxx
37748,xxx
37749,xxx
37750,xxx
37751,xxx
37752,xxx
37753,xxx
37754,xxx
37755,xxx
37756,xxx
37757,xxx
37758,xxx
37759,xxx
37760,xxx
37761,xxx
37762,дья́чѣства
37763,дья́чѣству
37764,дья́чиства
37765,дья́чѣства
37766,xxx
37767,xxx
37768,xxx
37769,дя́деньца
37770,дя́деньца
37771,дя́деньцѣ
37772,xxx
37773,xxx
37774,xxx
37775,xxx
37776,xxx
37777,xxx
37778,xxx
37779,xxx
37780,xxx
37781,xxx
37782,xxx
37783,xxx
37784,xxx
37785,xxx
37786,евре́йьци
37787,е́врейьцами
37788,xxx
37789,xxx
37790,xxx
37791,ѣ́врапѣйьцѣ
37792,ѣврапѣ́йьцъ
37793,ѣврапѣ́йьци
37794,еврапиу́
37795,е́врапии
37796,еврапи́
37797,еврапио́мъ
37798,еврапиѣ́хъ
37799,xxx
37800,е́динабарству
37801,е́динабарствѣ
37802,единабарствѣ́хъ
37803,единабарствѣ́хъ
37804,xxx
37805,xxx
37806,xxx
37807,xxx
37808,xxx
37809,xxx
37810,xxx
37811,xxx
37812,xxx
37813,xxx
37814,xxx
37815,xxx
37816,е́пархиѣ
37817,епархи́ы
37818,xxx
37819,xxx
37820,xxx
37821,ипитимьа́
37822,ѣ́питимьы
37823,ѣ́питимьѣ
37824,ѣ́питимьами
37825,ермальца́
37826,е́рмалькы
37827,е́рмальками
37828,ермо́льцахъ
37829,есау́лѣ
37830,есау́л
37831,е́саулы
37832,xxx
37833,xxx
37834,xxx
37835,xxx
37836,xxx
37837,xxx
37838,xxx
37839,ихидна́
37840,ихи́дны
37841,ѣхиднѫ́
37842,ѣхи́дны
37843,xxx
37844,xxx
37845,xxx
37846,xxx
37847,xxx
37848,ё́льцѫ
37849,ё́льцамъ
37850,ё́лькы
37851,ё́лачькы
37852,ёлачько́ю
37853,ёло́чьцъ
37854,xxx
37855,жа́брѫ
37856,жа́брѣ
37857,жа́бры
37858,жабра́хъ
37859,xxx
37860,xxx
37861,xxx
37862,xxx
37863,xxx
37864,xxx
37865,xxx
37866,xxx
37867,xxx
37868,xxx
37869,xxx
37870,xxx
37871,xxx
37872,жа́нрамь
37873,жа́нрѣ
37874,жа́нры
37875,жарго́на
37876,жарго́н
37877,жарго́н
37878,жаргано́мъ
37879,жаравна́
37880,жа́равни
37881,жаро́внамъ
37882,жва́чькы
37883,жва́чьцами
37884,xxx
37885,xxx
37886,xxx
37887,xxx
37888,же́велу
37889,жеве́ламь
37890,xxx
37891,xxx
37892,xxx
37893,xxx
37894,железьцѣ́
37895,железькѣ́
37896,желе́зьцъ
37897,железьца́мъ
37898,xxx
37899,же́лтакамь
37900,же́лтакы
37901,xxx
37902,xxx
37903,xxx
37904,xxx
37905,xxx
37906,женьше́ни
37907,женьше́ньмъ
37908,женьше́ни
37909,же́ньшеньми
37910,xxx
37911,xxx
37912,xxx
37913,xxx
37914,xxx
37915,xxx
37916,же́ртвенницу
37917,же́ртвенницѣ
37918,же́ртвенници
37919,же́ртвенниц
37920,же́ртвенници
37921,же́ртвенници
37922,xxx
37923,xxx
37924,xxx
37925,xxx
37926,xxx
37927,xxx
37928,xxx
37929,xxx
37930,xxx
37931,xxx
37932,xxx
37933,xxx
37934,жёрно́вѣ
37935,жё́рнави
37936,жёрнаво́мъ
37937,жёрнаво́мъ
37938,жёрно́вы
37939,xxx
37940,xxx
37941,xxx
37942,xxx
37943,xxx
37944,xxx
37945,xxx
37946,xxx
37947,xxx
37948,xxx
37949,xxx
37950,xxx
37951,xxx
37952,xxx
37953,xxx
37954,xxx
37955,xxx
37956,xxx
37957,xxx
37958,xxx
37959,жи́льцаю
37960,жи́льцъ
37961,жи́лькъ
37962,жи́льцами
37963,жилька́хъ
37964,xxx
37965,xxx
37966,xxx
37967,xxx
37968,xxx
37969,xxx
37970,xxx
37971,xxx
37972,жо́нглёр
37973,жо́нглёрамъ
37974,жанглёрѣ́хъ
37975,жапашни́ца
37976,жапашни́ц
37977,xxx
37978,xxx
37979,xxx
37980,xxx
37981,xxx
37982,xxx
37983,xxx
37984,xxx
37985,за́бвениу
37986,за́бвениамъ
37987,забвениѣ́хъ
37988,xxx
37989,за́биякѣ
37990,за́бияки
37991,xxx
37992,xxx
37993,xxx
37994,xxx
37995,xxx
37996,за́бывчивасъти
37997,за́бывчивасъти
37998,за́бывчивасътьмъ
37999,за́бывчивасъти
38000,за́бывчивасътьми
38001,за́варьци
38002,за́варьци
38003,за́варьци
38004,зава́рьцъ
38005,зава́рьци
38006,зава́рькы
38007,зава́рькахъ
38008,заведени́амь
38009,за́ведениа
38010,за́ведениы
38011,заведени́ѣхъ
38012,xxx
38013,xxx
38014,заверени́а
38015,заврѣни́а
38016,за́вершениу
38017,за́вершениѣ
38018,завершени́амъ
38019,за́вершениы
38020,завершени́ихъ
38021,xxx
38022,xxx
38023,xxx
38024,xxx
38025,xxx
38026,xxx
38027,за́в
38028,за́ву
38029,за́вамь
38030,за́ви
38031,за́в
38032,за́вамъ
38033,за́вы
38034,за́вы
38035,за́виваниу
38036,за́виваниа
38037,за́виваниа
38038,за́вирушьцѣ
38039,xxx
38040,xxx
38041,xxx
38042,xxx
38043,xxx
38044,xxx
38045,xxx
38046,xxx
38047,xxx
38048,xxx
38049,xxx
38050,xxx
38051,xxx
38052,xxx
38053,xxx
38054,xxx
38055,xxx
38056,за́вязьцъ
38057,за́вязьками
38058,загадьцо́ю
38059,за́гадьци
38060,зага́дьци
38061,за́гадьцами
38062,зага́дьцахъ
38063,xxx
38064,xxx
38065,xxx
38066,xxx
38067,xxx
38068,xxx
38069,xxx
38070,xxx
38071,xxx
38072,xxx
38073,xxx
38074,xxx
38075,xxx
38076,xxx
38077,xxx
38078,xxx
38079,за́гатавьца
38080,за́гатавькы
38081,за́гатавьцами
38082,загатавька́хъ
38083,xxx
38084,xxx
38085,xxx
38086,xxx
38087,xxx
38088,задачьца́мъ
38089,xxx
38090,xxx
38091,за́диржькамъ
38092,задѣржьца́хъ
38093,xxx
38094,xxx
38095,xxx
38096,xxx
38097,xxx
38098,xxx
38099,xxx
38100,xxx
38101,xxx
38102,xxx
38103,за́дак
38104,за́дакѣ
38105,за́дак
38106,за́дакы
38107,xxx
38108,xxx
38109,xxx
38110,xxx
38111,за́думчивасъть
38112,за́думчивасъти
38113,за́думчивасътьѭ
38114,за́думчивасътии
38115,за́думчивасътьми
38116,xxx
38117,xxx
38118,xxx
38119,заёмщи́ц
38120,заёмщицу́
38121,за́ёмщици
38122,заёмщи́ци
38123,за́жизальци
38124,за́жизальцами
38125,за́жизальками
38126,зажиза́льцахъ
38127,зажиза́лькахъ
38128,за́жизаниамъ
38129,за́жизаниы
38130,заземленио́
38131,за́землениы
38132,за́землениы
38133,xxx
38134,xxx
38135,xxx
38136,за́изрываниа
38137,за́изрываниу
38138,за́изрывани
38139,за́изрываниа
38140,за́изрываниы
38141,xxx
38142,заимстваваниу́
38143,заимстваваниу́
38144,заимствавани́ѣ
38145,за́имстваваниа
38146,xxx
38147,зайчано́ка
38148,за́йчанакамь
38149,зайчано́к
38150,xxx
38151,xxx
38152,заказчицу́
38153,за́казчици
38154,заказчи́ци
38155,заказчицѣ́хъ
38156,заказчицѣ́хъ
38157,за́кальца
38158,за́кальцѫ
38159,за́кальци
38160,за́кальцами
38161,за́кладьци
38162,закладько́ю
38163,за́кладьцами
38164,за́клёпьци
38165,за́клёпьки
38166,заклё́пьцъ
38167,заклё́пькы
38168,за́клинаниамь
38169,за́клинаниѣ
38170,за́клинаниа
38171,за́клинаниамъ
38172,xxx
38173,за́каулакы
38174,закреплени́а
38175,закреплени́а
38176,за́креплениамь
38177,закреплени́ѣ
38178,xxx
38179,xxx
38180,xxx
38181,xxx
38182,xxx
38183,xxx
38184,xxx
38185,xxx
38186,xxx
38187,залагу́
38188,залагу́
38189,зало́гѣ
38190,зало́г
38191,зало́гы
38192,xxx
38193,xxx
38194,за́мазьки
38195,за́мазьци
38196,за́мазьцъ
38197,за́мазькы
38198,за́медлениа
38199,за́медлениы
38200,за́медлениы
38201,xxx
38202,заметьцѣ́
38203,заметькѣ́
38204,заме́тьки
38205,заме́тькъ
38206,заметька́хъ
38207,за́мещениу
38208,за́мещениа
38209,xxx
38210,xxx
38211,xxx
38212,за́ма
38213,за́ми
38214,за́м
38215,за́мы
38216,замѣ́хъ
38217,xxx
38218,xxx
38219,xxx
38220,xxx
38221,xxx
38222,xxx
38223,xxx
38224,xxx
38225,xxx
38226,xxx
38227,xxx
38228,xxx
38229,xxx
38230,xxx
38231,xxx
38232,xxx
38233,xxx
38234,xxx
38235,за́мыканиа
38236,за́мыканиа
38237,за́мыканиы
38238,xxx
38239,xxx
38240,xxx
38241,xxx
38242,xxx
38243,xxx
38244,xxx
38245,xxx
38246,xxx
38247,xxx
38248,xxx
38249,xxx
38250,запалнени́а
38251,запалнени́а
38252,за́палнители
38253,за́палнители
38254,за́паньцаю
38255,за́панькаю
38256,за́паньци
38257,за́паньци
38258,xxx
38259,xxx
38260,xxx
38261,xxx
38262,xxx
38263,xxx
38264,xxx
38265,заправьцѣ́
38266,xxx
38267,за́прищиниу
38268,за́прищиниа
38269,за́прищини
38270,за́прѣщѣниа
38271,за́прищиниа
38272,xxx
38273,xxx
38274,xxx
38275,xxx
38276,xxx
38277,xxx
38278,xxx
38279,xxx
38280,xxx
38281,xxx
38282,xxx
38283,зараждени́
38284,зараждени́ѣхъ
38285,xxx
38286,xxx
38287,xxx
38288,xxx
38289,xxx
38290,xxx
38291,xxx
38292,xxx
38293,xxx
38294,за́ряньци
38295,заря́нькѫ
38296,за́ряньцѣ
38297,xxx
38298,xxx
38299,xxx
38300,xxx
38301,xxx
38302,xxx
38303,xxx
38304,xxx
38305,xxx
38306,xxx
38307,xxx
38308,xxx
38309,xxx
38310,xxx
38311,xxx
38312,xxx
38313,за́стенак
38314,за́стенака
38315,за́стенакѣ
38316,за́стенак
38317,застёжьца́
38318,застё́жьци
38319,застёжьцѣ́
38320,застёжькѣ́
38321,застё́жьци
38322,за́стреха
38323,за́стреха
38324,за́стрехы
38325,за́страйьци
38326,застро́йьцамъ
38327,застро́йькахъ
38328,застрайщи́ц
38329,застрайщицу́
38330,за́страйщицамь
38331,за́страйщици
38332,за́страйщици
38333,застрайщи́ц
38334,за́страйщици
38335,xxx
38336,xxx
38337,xxx
38338,xxx
38339,xxx
38340,xxx
38341,xxx
38342,xxx
38343,xxx
38344,xxx
38345,xxx
38346,xxx
38347,xxx
38348,xxx
38349,за́тмениа
38350,за́тмени
38351,за́тмениа
38352,затмениѣ́хъ
38353,xxx
38354,xxx
38355,xxx
38356,xxx
38357,xxx
38358,xxx
38359,xxx
38360,xxx
38361,xxx
38362,за́тяжьцаю
38363,затя́жьцѣ
38364,затя́жькъ
38365,xxx
38366,xxx
38367,xxx
38368,xxx
38369,захватчи́ц
38370,за́хватчицамь
38371,захватчицо́мъ
38372,за́хватчици
38373,xxx
38374,xxx
38375,xxx
38376,xxx
38377,xxx
38378,xxx
38379,xxx
38380,xxx
38381,xxx
38382,xxx
38383,xxx
38384,xxx
38385,xxx
38386,xxx
38387,xxx
38388,xxx
38389,xxx
38390,xxx
38391,xxx
38392,xxx
38393,xxx
38394,заявьца́
38395,за́явьци
38396,за́явькы
38397,за́явьцѣ
38398,за́явьцами
38399,зая́вькахъ
38400,xxx
38401,xxx
38402,xxx
38403,зверёно́ка
38404,зверёно́к
38405,зверёно́кѣ
38406,зверёно́ки
38407,зве́рёнакы
38408,зве́рства
38409,зве́рствъ
38410,зве́рствы
38411,xxx
38412,xxx
38413,xxx
38414,xxx
38415,xxx
38416,xxx
38417,xxx
38418,здра́виа
38419,здра́виа
38420,здра́виа
38421,здра́ви
38422,здра́ви
38423,xxx
38424,xxx
38425,xxx
38426,xxx
38427,здраваахраненио́
38428,здраваахранени́а
38429,здраваахранениу́
38430,здраваахранени́ѣ
38431,здраваахранени́ѣ
38432,здраваахранениѣ́хъ
38433,зе́ваки
38434,зе́вакѣ
38435,зе́вакы
38436,xxx
38437,xxx
38438,xxx
38439,xxx
38440,xxx
38441,xxx
38442,xxx
38443,xxx
38444,xxx
38445,xxx
38446,xxx
38447,зелену́шьци
38448,xxx
38449,xxx
38450,xxx
38451,xxx
38452,xxx
38453,xxx
38454,землетрясениу́
38455,зе́млетрясениа
38456,землетрясени́
38457,землетрясенио́мъ
38458,землетрясени́а
38459,землетрясени́а
38460,землетрясениѣ́хъ
38461,зе́мляка
38462,зе́мляку
38463,зе́млякамь
38464,зе́млякамъ
38465,зе́млякы
38466,зе́млякы
38467,xxx
38468,xxx
38469,xxx
38470,землянину́
38471,земляни́нѣ
38472,зе́млянини
38473,зе́млянини
38474,зе́млянькаю
38475,земля́ньци
38476,xxx
38477,зѣмство́
38478,зимствѣ́
38479,зѣмство́мъ
38480,xxx
38481,зѣнитчи́ц
38482,зѣнитчи́цѣ
38483,зѣнитчи́ц
38484,зѣнитчи́ци
38485,зѣ́нитчици
38486,xxx
38487,xxx
38488,зе́ркальца
38489,зе́ркальцѣ
38490,зе́ркальца
38491,зеркальцѣ́хъ
38492,зѣрнавазьца́
38493,зѣрнаво́зьцъ
38494,xxx
38495,xxx
38496,xxx
38497,xxx
38498,xxx
38499,xxx
38500,xxx
38501,xxx
38502,xxx
38503,xxx
38504,xxx
38505,xxx
38506,xxx
38507,xxx
38508,xxx
38509,xxx
38510,xxx
38511,зладѣйство́
38512,зладѣ́йствамь
38513,зладѣ́йства
38514,xxx
38515,xxx
38516,xxx
38517,xxx
38518,xxx
38519,xxx
38520,xxx
38521,зло́тыа
38522,зло́тыѣ
38523,зло́ты
38524,зло́тыамъ
38525,зло́тыы
38526,xxx
38527,xxx
38528,xxx
38529,xxx
38530,xxx
38531,xxx
38532,змеёно́ки
38533,змеёно́кы
38534,зме́ёнакы
38535,зме́ёнакы
38536,змеёнакѣ́хъ
38537,змѣёнышу́
38538,змѣ́ёнышамь
38539,змѣёны́шѣ
38540,змиёны́ш
38541,змѣёнышѣ́хъ
38542,xxx
38543,xxx
38544,xxx
38545,xxx
38546,xxx
38547,зна́мениу
38548,зна́мениа
38549,знамени́а
38550,зно́а
38551,зно́амь
38552,зно́ы
38553,зо́дчествы
38554,задчиу́
38555,зо́дчии
38556,xxx
38557,xxx
38558,xxx
38559,xxx
38560,xxx
38561,xxx
38562,xxx
38563,xxx
38564,xxx
38565,зо́алаги
38566,зала́г
38567,заалаго́мъ
38568,заалаги́ѣ
38569,зла́гиы
38570,заалаги́
38571,залагиа́мъ
38572,xxx
38573,xxx
38574,xxx
38575,xxx
38576,xxx
38577,xxx
38578,зу́бец
38579,зу́беци
38580,зу́беци
38581,xxx
38582,зу́бачистьци
38583,зу́бачистьки
38584,зу́бачистьцами
38585,xxx
38586,xxx
38587,зубчи́ци
38588,зубчи́ц
38589,зубчи́ци
38590,xxx
38591,xxx
38592,xxx
38593,xxx
38594,xxx
38595,xxx
38596,xxx
38597,xxx
38598,xxx
38599,xxx
38600,xxx
38601,xxx
38602,xxx
38603,и́залькы
38604,и́зальцѣ
38605,и́зальцъ
38606,и́зальцамъ
38607,xxx
38608,xxx
38609,xxx
38610,xxx
38611,xxx
38612,xxx
38613,xxx
38614,xxx
38615,xxx
38616,xxx
38617,xxx
38618,xxx
38619,xxx
38620,xxx
38621,xxx
38622,xxx
38623,xxx
38624,xxx
38625,xxx
38626,xxx
38627,xxx
38628,xxx
38629,xxx
38630,xxx
38631,xxx
38632,xxx
38633,xxx
38634,xxx
38635,xxx
38636,xxx
38637,и́диатьцаю
38638,идио́тьци
38639,идио́тькы
38640,xxx
38641,xxx
38642,xxx
38643,xxx
38644,xxx
38645,xxx
38646,избавленио́
38647,избавлени́а
38648,избавлениу́
38649,и́збавлениамь
38650,избавленио́мъ
38651,избиени́амь
38652,избиени́амь
38653,избиени́ихъ
38654,xxx
38655,избушьца́
38656,избушька́
38657,избу́шьцѫ
38658,избушьцо́ю
38659,и́збушьцѣ
38660,избу́шькамъ
38661,избыто́ка
38662,избыто́ка
38663,и́збытакамь
38664,избыто́кѣ
38665,избытако́мъ
38666,и́збытакы
38667,и́збытакы
38668,xxx
38669,xxx
38670,и́звѣрьзамь
38671,извѣ́рьзѣ
38672,извѣ́рьзѣ
38673,и́звержениу
38674,извержени́амь
38675,и́звержениѣ
38676,и́звержениѣ
38677,извержени́амъ
38678,xxx
38679,xxx
38680,xxx
38681,и́звещении
38682,и́звещениа
38683,xxx
38684,и́звилинѣ
38685,и́звилинѣ
38686,и́звилины
38687,извили́ны
38688,и́звинѣниа
38689,и́звинѣни
38690,и́звининиамъ
38691,извининиѣ́хъ
38692,извлечениу́
38693,и́звлечениамь
38694,извлеченио́мъ
38695,извлечени́а
38696,и́звазчицѣ
38697,и́звазчици
38698,извазчицѣ́хъ
38699,и́звалениа
38700,и́звалениа
38701,и́звалениамъ
38702,извращени́
38703,извращенио́мъ
38704,xxx
38705,xxx
38706,xxx
38707,xxx
38708,xxx
38709,xxx
38710,изго́а
38711,изго́ѣ
38712,изго́ѣ
38713,и́згаи
38714,изго́ы
38715,xxx
38716,xxx
38717,xxx
38718,xxx
38719,xxx
38720,xxx
38721,изжагѣ́
38722,изжага́хъ
38723,и́злишек
38724,и́злишека
38725,и́злишеку
38726,и́злишекамь
38727,и́злишекамь
38728,xxx
38729,xxx
38730,xxx
38731,xxx
38732,xxx
38733,и́злучениамъ
38734,и́злучениамъ
38735,и́злучениы
38736,излучина́
38737,излучина́
38738,излучина́
38739,и́злучинѣ
38740,и́злучины
38741,и́змельчениа
38742,и́змельчениу
38743,и́змельчениу
38744,и́змельчениа
38745,и́змельчениа
38746,и́змельчени
38747,и́змельчени
38748,и́змельчениамъ
38749,и́змельчениы
38750,xxx
38751,xxx
38752,и́змриниа
38753,и́змерениа
38754,и́змриниа
38755,и́змрѣниа
38756,и́змриниамъ
38757,и́змерениа
38758,xxx
38759,xxx
38760,xxx
38761,изнанька́
38762,изнанькѣ́
38763,и́знаньцаю
38764,и́знаньцаю
38765,изна́ньки
38766,изнаньца́хъ
38767,xxx
38768,xxx
38769,xxx
38770,xxx
38771,xxx
38772,xxx
38773,xxx
38774,xxx
38775,xxx
38776,xxx
38777,xxx
38778,xxx
38779,xxx
38780,xxx
38781,xxx
38782,xxx
38783,xxx
38784,xxx
38785,изалято́рѣ
38786,и́залятари
38787,xxx
38788,xxx
38789,xxx
38790,xxx
38791,xxx
38792,xxx
38793,xxx
38794,xxx
38795,xxx
38796,xxx
38797,xxx
38798,xxx
38799,xxx
38800,изреченио́
38801,и́зречениа
38802,и́зречениа
38803,изречени́
38804,изречени́
38805,изречени́
38806,изречени́амъ
38807,и́зречениы
38808,изречени́ѣхъ
38809,и́зумлѣниа
38810,и́зумлиниамъ
38811,и́зумлѣниы
38812,xxx
38813,xxx
38814,xxx
38815,xxx
38816,xxx
38817,xxx
38818,xxx
38819,xxx
38820,xxx
38821,xxx
38822,и́зысканиа
38823,и́зысканиу
38824,и́зысканиамь
38825,и́зысканиамь
38826,и́зысканиѣ
38827,и́зысканиа
38828,изысканиѣ́хъ
38829,изысьцу́
38830,изыську́
38831,изы́ськъ
38832,изы́ськы
38833,и́зысьци
38834,и́зыськы
38835,и́зюминьци
38836,и́зюминьцаю
38837,изюминьца́хъ
38838,xxx
38839,xxx
38840,xxx
38841,xxx
38842,и́цанька
38843,и́цаньцаю
38844,и́цаньцъ
38845,и́цанькы
38846,xxx
38847,и́цъсамь
38848,и́цъсѣ
38849,и́цъсы
38850,ицъсѣ́хъ
38851,xxx
38852,xxx
38853,и́ллюзиѣ
38854,и́ллюзиы
38855,и́ллюзиами
38856,xxx
38857,xxx
38858,xxx
38859,xxx
38860,xxx
38861,xxx
38862,xxx
38863,xxx
38864,xxx
38865,имѣни́а
38866,имини́а
38867,и́мѣниа
38868,имѣни́а
38869,и́мѣниы
38870,xxx
38871,xxx
38872,xxx
38873,xxx
38874,xxx
38875,xxx
38876,xxx
38877,xxx
38878,xxx
38879,xxx
38880,xxx
38881,xxx
38882,xxx
38883,xxx
38884,xxx
38885,xxx
38886,xxx
38887,xxx
38888,xxx
38889,xxx
38890,xxx
38891,xxx
38892,xxx
38893,xxx
38894,xxx
38895,xxx
38896,xxx
38897,xxx
38898,xxx
38899,xxx
38900,xxx
38901,xxx
38902,xxx
38903,xxx
38904,xxx
38905,xxx
38906,xxx
38907,xxx
38908,xxx
38909,xxx
38910,xxx
38911,xxx
38912,xxx
38913,xxx
38914,xxx
38915,и́ндукциы
38916,индукци́ы
38917,xxx
38918,и́ндустриализациаю
38919,индустриализаци́
38920,и́ндустриализациами
38921,индустриализациа́хъ
38922,и́ндустриы
38923,и́ндустрии
38924,индустрио́ю
38925,индустрио́ю
38926,и́ндустриы
38927,индустри́
38928,индустри́амъ
38929,индустри́амъ
38930,xxx
38931,xxx
38932,xxx
38933,xxx
38934,и́нженериа
38935,и́нженериѫ
38936,и́нженериы
38937,и́нженериы
38938,инженериа́хъ
38939,xxx
38940,xxx
38941,xxx
38942,xxx
38943,инкрустираваниу́
38944,инкрустиравани́
38945,инкрустиравани́а
38946,и́нкрустираваниы
38947,xxx
38948,xxx
38949,xxx
38950,xxx
38951,xxx
38952,xxx
38953,xxx
38954,xxx
38955,xxx
38956,xxx
38957,xxx
38958,xxx
38959,xxx
38960,xxx
38961,xxx
38962,xxx
38963,xxx
38964,xxx
38965,xxx
38966,xxx
38967,xxx
38968,xxx
38969,xxx
38970,и́нстанциы
38971,и́нстанциы
38972,и́нстанциы
38973,и́нстанциами
38974,xxx
38975,xxx
38976,xxx
38977,xxx
38978,xxx
38979,xxx
38980,xxx
38981,xxx
38982,xxx
38983,xxx
38984,xxx
38985,xxx
38986,xxx
38987,xxx
38988,интервьюе́р
38989,xxx
38990,xxx
38991,xxx
38992,xxx
38993,и́нтернисътамь
38994,интерни́съты
38995,интернисътѣ́хъ
38996,интернисътѣ́хъ
38997,xxx
38998,xxx
38999,xxx
39000,xxx
39001,xxx
39002,xxx
39003,xxx
39004,xxx
39005,xxx
39006,xxx
39007,xxx
39008,xxx
39009,xxx
39010,xxx
39011,xxx
39012,xxx
39013,xxx
39014,xxx
39015,xxx
39016,инфицираванио́
39017,инфициравани́а
39018,инфициравани́амь
39019,инфициравани́
39020,инфициравани́а
39021,xxx
39022,xxx
39023,xxx
39024,xxx
39025,xxx
39026,xxx
39027,xxx
39028,xxx
39029,xxx
39030,xxx
39031,xxx
39032,xxx
39033,xxx
39034,xxx
39035,xxx
39036,xxx
39037,ипатекѫ́
39038,ипате́кы
39039,xxx
39040,xxx
39041,ираньца́
39042,ираньцо́ю
39043,ира́нькамъ
39044,и́ридиа
39045,и́ридиѣ
39046,и́ридиамъ
39047,и́ридиы
39048,и́ридиы
39049,xxx
39050,xxx
39051,xxx
39052,xxx
39053,ирландьца́
39054,ирландька́
39055,и́рландьцаю
39056,ирла́ндьки
39057,искаженио́
39058,и́скажениамь
39059,искажени́
39060,искаженио́мъ
39061,искажени́а
39062,искажени́а
39063,искажениѣ́хъ
39064,xxx
39065,xxx
39066,xxx
39067,xxx
39068,xxx
39069,xxx
39070,xxx
39071,и́скуплениа
39072,и́скуплениа
39073,и́скуплениамь
39074,и́скуплени
39075,искуплениѣ́хъ
39076,xxx
39077,xxx
39078,искушинио́
39079,искушѣни́а
39080,искушѣни́а
39081,искушини́а
39082,искушѣни́ѣ
39083,искушѣни́
39084,искушѣнио́мъ
39085,искушѣнио́мъ
39086,искушини́а
39087,xxx
39088,xxx
39089,xxx
39090,xxx
39091,xxx
39092,xxx
39093,xxx
39094,xxx
39095,xxx
39096,xxx
39097,xxx
39098,и́сландькѫ
39099,и́сландьцаю
39100,исландьца́хъ
39101,и́спаньца
39102,и́спаньцѣ
39103,и́спаньцѣ
39104,и́спаньци
39105,и́спарениа
39106,испарени́амъ
39107,xxx
39108,xxx
39109,xxx
39110,xxx
39111,xxx
39112,xxx
39113,xxx
39114,и́спалнениа
39115,и́спалнениу
39116,и́спалнениѣ
39117,и́спалнениа
39118,и́спалнениы
39119,испалнениѣ́хъ
39120,xxx
39121,xxx
39122,и́справлиниа
39123,и́справлѣниу
39124,и́справлѣниамь
39125,и́справлѣниы
39126,xxx
39127,xxx
39128,xxx
39129,xxx
39130,xxx
39131,испражненио́
39132,и́спражнениамь
39133,испражнени́
39134,испражненио́мъ
39135,испражненио́мъ
39136,испражнени́а
39137,xxx
39138,испытанио́
39139,испытани́а
39140,испытани́а
39141,испытаниу́
39142,испытани́и
39143,и́спытаниы
39144,xxx
39145,xxx
39146,и́стериы
39147,и́стериѫ
39148,и́стери
39149,и́стери
39150,и́стериами
39151,и́стериами
39152,и́стец
39153,и́стецу
39154,и́стецамь
39155,и́стецамь
39156,и́стецѣ
39157,и́стецамъ
39158,и́стеци
39159,истечени́а
39160,истеченио́
39161,истечени́а
39162,и́стечениы
39163,xxx
39164,xxx
39165,и́стираниѣ
39166,и́стираниа
39167,и́стираниа
39168,xxx
39169,xxx
39170,xxx
39171,xxx
39172,xxx
39173,xxx
39174,истащѣнио́
39175,истащѣни́а
39176,истащѣни́а
39177,истащини́а
39178,истащини́а
39179,истука́на
39180,истукану́
39181,и́стуканамь
39182,и́стуканы
39183,xxx
39184,xxx
39185,xxx
39186,и́сцелениа
39187,и́сцелениа
39188,и́сцелениу
39189,и́счислениу
39190,и́счислении
39191,xxx
39192,xxx
39193,xxx
39194,xxx
39195,xxx
39196,йо́гурту
39197,йо́гурту
39198,йо́гурту
39199,йо́гуртъ
39200,йо́гуртамь
39201,йо́гурти
39202,йо́гурты
39203,xxx
39204,xxx
39205,xxx
39206,xxx
39207,xxx
39208,ка́бак
39209,ка́бакѣ
39210,ка́бакы
39211,xxx
39212,xxx
39213,ка́биньцѣ
39214,каби́нькы
39215,ка́биньками
39216,xxx
39217,xxx
39218,xxx
39219,xxx
39220,xxx
39221,xxx
39222,кавы́чьци
39223,ка́вычьцами
39224,кавычьца́хъ
39225,xxx
39226,xxx
39227,xxx
39228,ка́дмиу
39229,ка́дмиамь
39230,ка́дмиы
39231,ка́дмиы
39232,ка́дмиы
39233,xxx
39234,кады́кѣ
39235,кады́ки
39236,ка́дыки
39237,кадыко́мъ
39238,кады́кы
39239,ка́зашька
39240,ка́зашьци
39241,ка́зашьцѣ
39242,ка́зашьци
39243,xxx
39244,xxx
39245,xxx
39246,xxx
39247,xxx
39248,ка́кашьца
39249,ка́кашька
39250,ка́кашькаю
39251,ка́кашькы
39252,ка́кашьками
39253,какашька́хъ
39254,xxx
39255,xxx
39256,xxx
39257,xxx
39258,xxx
39259,кале́кы
39260,xxx
39261,xxx
39262,xxx
39263,xxx
39264,ка́лиамь
39265,кали́
39266,кали́ы
39267,калиѣ́хъ
39268,xxx
39269,ка́линьци
39270,ка́линькѫ
39271,ка́линьцаю
39272,ка́линьцѣ
39273,ка́линьци
39274,xxx
39275,xxx
39276,xxx
39277,xxx
39278,калмыку́
39279,ка́лмыкы
39280,калмыкѣ́хъ
39281,xxx
39282,xxx
39283,xxx
39284,xxx
39285,xxx
39286,кальциу́
39287,xxx
39288,xxx
39289,xxx
39290,xxx
39291,xxx
39292,xxx
39293,xxx
39294,xxx
39295,xxx
39296,xxx
39297,xxx
39298,xxx
39299,xxx
39300,xxx
39301,камерге́рѣ
39302,ка́мергери
39303,ка́мергери
39304,камерге́р
39305,камергеро́мъ
39306,xxx
39307,xxx
39308,ка́мертан
39309,ка́мертану
39310,ка́мертани
39311,ка́мертан
39312,ка́мертанамъ
39313,xxx
39314,xxx
39315,xxx
39316,xxx
39317,xxx
39318,ка́млейьцѣ
39319,камлейьцо́ю
39320,ка́млейькы
39321,камле́йьцъ
39322,ка́млейьцами
39323,xxx
39324,xxx
39325,ка́мпаниаю
39326,ка́мпаниѣ
39327,ка́мпаниы
39328,кампаниа́хъ
39329,канадьца́
39330,кана́дьцѣ
39331,канадька́мъ
39332,xxx
39333,xxx
39334,xxx
39335,xxx
39336,xxx
39337,xxx
39338,xxx
39339,xxx
39340,xxx
39341,xxx
39342,xxx
39343,xxx
39344,xxx
39345,xxx
39346,xxx
39347,xxx
39348,xxx
39349,xxx
39350,xxx
39351,xxx
39352,xxx
39353,xxx
39354,xxx
39355,xxx
39356,xxx
39357,xxx
39358,xxx
39359,xxx
39360,xxx
39361,ка́нта
39362,ка́нту
39363,ка́нту
39364,ка́нти
39365,ка́нюк
39366,ка́нюки
39367,xxx
39368,xxx
39369,xxx
39370,xxx
39371,капельца́
39372,капельцѣ́
39373,ка́пельцаю
39374,xxx
39375,xxx
39376,xxx
39377,xxx
39378,xxx
39379,xxx
39380,xxx
39381,xxx
39382,xxx
39383,ка́паэйрами
39384,капаэ́йрахъ
39385,капъпы́ы
39386,капъпѣ́
39387,капъпѣ́
39388,капъпъ
39389,ка́пъпами
39390,xxx
39391,xxx
39392,xxx
39393,xxx
39394,xxx
39395,xxx
39396,xxx
39397,xxx
39398,xxx
39399,xxx
39400,xxx
39401,xxx
39402,xxx
39403,xxx
39404,xxx
39405,xxx
39406,xxx
39407,xxx
39408,xxx
39409,xxx
39410,xxx
39411,xxx
39412,xxx
39413,xxx
39414,xxx
39415,xxx
39416,xxx
39417,xxx
39418,xxx
39419,xxx
39420,xxx
39421,xxx
39422,xxx
39423,xxx
39424,xxx
39425,xxx
39426,xxx
39427,xxx
39428,xxx
39429,xxx
39430,xxx
39431,карлицу́
39432,карлицо́мъ
39433,xxx
39434,xxx
39435,xxx
39436,xxx
39437,xxx
39438,xxx
39439,xxx
39440,xxx
39441,xxx
39442,ка́рсътѣ
39443,ка́рсътамъ
39444,карсътѣ́хъ
39445,xxx
39446,xxx
39447,xxx
39448,xxx
39449,xxx
39450,xxx
39451,xxx
39452,ка́ртаньци
39453,ка́ртаньцаю
39454,ка́ртаньцъ
39455,картанька́хъ
39456,xxx
39457,xxx
39458,xxx
39459,xxx
39460,xxx
39461,xxx
39462,xxx
39463,xxx
39464,xxx
39465,xxx
39466,xxx
39467,xxx
39468,xxx
39469,xxx
39470,xxx
39471,xxx
39472,xxx
39473,xxx
39474,xxx
39475,xxx
39476,xxx
39477,xxx
39478,xxx
39479,xxx
39480,xxx
39481,xxx
39482,xxx
39483,xxx
39484,xxx
39485,xxx
39486,xxx
39487,xxx
39488,xxx
39489,xxx
39490,касъта́
39491,касътѣ́
39492,касъ́тѣ
39493,ка́съты
39494,ка́сътами
39495,xxx
39496,xxx
39497,ка́страциаю
39498,ка́страциы
39499,кастрациа́хъ
39500,xxx
39501,xxx
39502,xxx
39503,кастрю́льци
39504,кастрю́льцъ
39505,кастрюльца́мъ
39506,ка́стрюльцами
39507,ка́тальцѣ
39508,ка́тальцаю
39509,ка́талькы
39510,ка́тальцамъ
39511,ка́талькамъ
39512,ка́тальцами
39513,ка́тальцами
39514,ка́таниа
39515,ка́таниу
39516,ка́таниу
39517,катани́амъ
39518,xxx
39519,xxx
39520,xxx
39521,xxx
39522,xxx
39523,xxx
39524,xxx
39525,xxx
39526,xxx
39527,xxx
39528,xxx
39529,xxx
39530,xxx
39531,xxx
39532,xxx
39533,xxx
39534,xxx
39535,xxx
39536,xxx
39537,xxx
39538,xxx
39539,xxx
39540,xxx
39541,катитѣ́р
39542,ка́тѣтѣри
39543,катѣтѣ́ры
39544,катитѣ́ры
39545,катитирѣ́хъ
39546,xxx
39547,xxx
39548,xxx
39549,xxx
39550,xxx
39551,xxx
39552,xxx
39553,xxx
39554,xxx
39555,xxx
39556,xxx
39557,катушьцѫ́
39558,ка́тушьци
39559,кату́шьцъ
39560,кату́шькъ
39561,xxx
39562,xxx
39563,xxx
39564,xxx
39565,xxx
39566,xxx
39567,xxx
39568,xxx
39569,кафешько́ю
39570,ка́фешьцѣ
39571,кафе́шькамъ
39572,xxx
39573,xxx
39574,xxx
39575,xxx
39576,качаку́
39577,качо́кѣ
39578,ка́чаки
39579,качако́мъ
39580,xxx
39581,xxx
39582,xxx
39583,xxx
39584,xxx
39585,xxx
39586,xxx
39587,xxx
39588,xxx
39589,xxx
39590,xxx
39591,ква́нтамь
39592,ква́нтъ
39593,xxx
39594,ква́рты
39595,ква́рты
39596,ква́ртъ
39597,кварта́хъ
39598,xxx
39599,xxx
39600,ква́ртирьца
39601,ква́ртирьцѣ
39602,ква́ртирьцѣ
39603,ква́ртирьцами
39604,xxx
39605,ква́сѣ
39606,ква́с
39607,ква́с
39608,ква́с
39609,ква́сы
39610,квасѣ́хъ
39611,xxx
39612,xxx
39613,кво́руми
39614,кварумо́мъ
39615,квару́мы
39616,кво́таю
39617,кво́таю
39618,кво́тамъ
39619,кво́тами
39620,квата́хъ
39621,ке́йсъ
39622,ке́йсамь
39623,ке́йсамь
39624,ке́йси
39625,ке́йсамъ
39626,ке́йсы
39627,кейсѣ́хъ
39628,ке́къса
39629,ке́късамь
39630,ке́къси
39631,ке́късы
39632,xxx
39633,xxx
39634,xxx
39635,xxx
39636,xxx
39637,xxx
39638,ке́нта
39639,ке́нтамь
39640,ке́нтѣ
39641,ке́нти
39642,ке́нтъ
39643,ке́нты
39644,кентѣ́хъ
39645,xxx
39646,xxx
39647,xxx
39648,xxx
39649,xxx
39650,xxx
39651,xxx
39652,xxx
39653,xxx
39654,xxx
39655,xxx
39656,xxx
39657,xxx
39658,xxx
39659,xxx
39660,xxx
39661,ки́битьци
39662,xxx
39663,киво́к
39664,ки́вакамь
39665,киво́кѣ
39666,ки́ваки
39667,кивакѣ́хъ
39668,xxx
39669,xxx
39670,xxx
39671,xxx
39672,xxx
39673,xxx
39674,xxx
39675,xxx
39676,xxx
39677,ки́лту
39678,ки́лти
39679,ки́лти
39680,ки́лти
39681,ки́лтъ
39682,ки́лты
39683,килтѣ́хъ
39684,xxx
39685,xxx
39686,xxx
39687,xxx
39688,xxx
39689,xxx
39690,xxx
39691,xxx
39692,xxx
39693,xxx
39694,xxx
39695,xxx
39696,xxx
39697,xxx
39698,xxx
39699,xxx
39700,xxx
39701,xxx
39702,ки́пи
39703,ки́пѫ
39704,ки́паю
39705,ки́памъ
39706,ки́пами
39707,кипенио́
39708,кипенио́
39709,кипени́а
39710,xxx
39711,xxx
39712,xxx
39713,кипчаку́
39714,кипча́к
39715,ки́пчакамь
39716,ки́пчаки
39717,кипчакѣ́хъ
39718,киргизьца́
39719,ки́ргизьки
39720,ки́ргизькы
39721,ки́ргизьцами
39722,кирги́зькахъ
39723,xxx
39724,кирзѣ́ѣ
39725,ки́рзы
39726,кирза́мъ
39727,ки́са
39728,ки́са
39729,ки́сы
39730,ки́си
39731,ки́сы
39732,ки́сами
39733,киса́хъ
39734,xxx
39735,xxx
39736,xxx
39737,xxx
39738,xxx
39739,xxx
39740,xxx
39741,xxx
39742,xxx
39743,ки́стачькы
39744,ки́стачьцѣ
39745,ки́стачьцѣ
39746,кисто́чьцамъ
39747,xxx
39748,xxx
39749,xxx
39750,xxx
39751,xxx
39752,xxx
39753,киталаву́
39754,ки́тлави
39755,ки́тлави
39756,китлаво́мъ
39757,китало́вы
39758,xxx
39759,xxx
39760,xxx
39761,xxx
39762,кия́ньцѣ
39763,ки́яньци
39764,кияньца́мъ
39765,кияньца́хъ
39766,xxx
39767,xxx
39768,xxx
39769,xxx
39770,xxx
39771,кла́ди
39772,xxx
39773,xxx
39774,xxx
39775,xxx
39776,xxx
39777,xxx
39778,xxx
39779,xxx
39780,xxx
39781,xxx
39782,кле́псидры
39783,кле́псидри
39784,кле́псидръ
39785,xxx
39786,xxx
39787,xxx
39788,xxx
39789,xxx
39790,клетачьца́мъ
39791,xxx
39792,xxx
39793,xxx
39794,xxx
39795,xxx
39796,xxx
39797,xxx
39798,xxx
39799,xxx
39800,xxx
39801,xxx
39802,xxx
39803,xxx
39804,xxx
39805,xxx
39806,xxx
39807,кли́ница
39808,кли́ници
39809,кли́ници
39810,кли́ницѣ
39811,кли́ницѫ
39812,xxx
39813,xxx
39814,xxx
39815,xxx
39816,xxx
39817,xxx
39818,кли́нак
39819,кли́накамъ
39820,кли́накы
39821,кли́накы
39822,xxx
39823,кли́п
39824,кли́пи
39825,кли́памъ
39826,кли́пы
39827,клипѣ́хъ
39828,xxx
39829,xxx
39830,xxx
39831,xxx
39832,xxx
39833,xxx
39834,xxx
39835,xxx
39836,xxx
39837,клаа́кы
39838,клаакѫ́
39839,кло́аками
39840,клабу́к
39841,кло́букамь
39842,кло́буки
39843,кло́букы
39844,кло́букы
39845,клабукѣ́хъ
39846,xxx
39847,xxx
39848,xxx
39849,xxx
39850,xxx
39851,xxx
39852,xxx
39853,кло́унамь
39854,клау́нѣ
39855,клау́ни
39856,клауно́мъ
39857,клауно́мъ
39858,клау́ны
39859,xxx
39860,xxx
39861,xxx
39862,xxx
39863,xxx
39864,клумбѣ́
39865,клу́мбаю
39866,клу́мбы
39867,клу́мбами
39868,клумба́хъ
39869,xxx
39870,xxx
39871,xxx
39872,клю́кавьци
39873,клю́кавьцаю
39874,клю́кавьци
39875,ключи́ца
39876,ключи́ц
39877,ключи́цѣ
39878,клю́чици
39879,кля́късѫ
39880,кля́късы
39881,кля́късъ
39882,клякъса́хъ
39883,кля́па
39884,кля́пи
39885,xxx
39886,xxx
39887,xxx
39888,xxx
39889,xxx
39890,xxx
39891,xxx
39892,кне́хъту
39893,кне́хътамь
39894,кне́хътамъ
39895,xxx
39896,xxx
39897,xxx
39898,кни́жечьцѣ
39899,книже́чьцъ
39900,книже́чьцъ
39901,xxx
39902,xxx
39903,xxx
39904,xxx
39905,кнапачьцѣ́
39906,кно́пачькаю
39907,кнапо́чьцѣ
39908,кнапо́чьцъ
39909,кнапо́чьцъ
39910,кно́пачьцами
39911,xxx
39912,xxx
39913,xxx
39914,xxx
39915,xxx
39916,xxx
39917,xxx
39918,xxx
39919,xxx
39920,xxx
39921,xxx
39922,ко́бъза
39923,ко́бъзи
39924,ко́бъзамъ
39925,ко́бъзами
39926,ко́бъзами
39927,xxx
39928,ко́бурѣ
39929,кабу́р
39930,ко́бурами
39931,кабы́льцъ
39932,кабы́лькы
39933,ко́бь
39934,ко́бьѭ
39935,ко́бьѭ
39936,xxx
39937,кавбайьца́
39938,ко́вбайьци
39939,ко́вбайьки
39940,кавбо́йьцамъ
39941,кавбо́йьци
39942,xxx
39943,xxx
39944,xxx
39945,xxx
39946,xxx
39947,ко́вёр-самалёти
39948,ко́вёр-самалёты
39949,кавёр-самалётѣ́хъ
39950,ко́врижьцаю
39951,ко́врижьцъ
39952,ко́врижьцъ
39953,ко́врижьцами
39954,ко́вриц
39955,ко́врицамь
39956,ко́врици
39957,ко́врици
39958,ко́врици
39959,xxx
39960,xxx
39961,xxx
39962,ко́диравьца
39963,ко́диравькѫ
39964,ко́диравьцѣ
39965,ко́диравьцѣ
39966,ко́диравькы
39967,xxx
39968,xxx
39969,xxx
39970,казѣро́га
39971,казѣро́га
39972,казирагу́
39973,казѣро́г
39974,казираго́мъ
39975,казы́рь
39976,казыри́
39977,ко́зырьѭ
39978,ко́зыри
39979,казы́рии
39980,казы́рьмъ
39981,xxx
39982,xxx
39983,xxx
39984,xxx
39985,xxx
39986,xxx
39987,какетьца́
39988,ко́кетькы
39989,какетьцо́ю
39990,каке́тькъ
39991,ко́кетьцами
39992,xxx
39993,xxx
39994,ко́кильѭ
39995,ко́килии
39996,ко́кильмъ
39997,xxx
39998,xxx
39999,xxx
40000,ко́къси
40001,ко́късъ
40002,xxx
40003,xxx
40004,xxx
40005,xxx
40006,xxx
40007,xxx
40008,ко́лба
40009,ко́лбѣ
40010,ко́лбъ
40011,ко́лбы
40012,ко́лбами
40013,ко́лбасьци
40014,калбасько́ю
40015,калба́сьцамъ
40016,ко́лбасьцами
40017,калба́ськахъ
40018,ко́лбачьци
40019,ко́лдунѣ
40020,ко́лдуни
40021,калдунѣ́хъ
40022,калдуньа́
40023,калду́ньы
40024,калдуньа́хъ
40025,калдуньа́хъ
40026,xxx
40027,xxx
40028,ко́леньци
40029,кале́ньцѫ
40030,калечьцо́
40031,калечьцо́
40032,кале́чьцамь
40033,ко́лечьца
40034,xxx
40035,xxx
40036,xxx
40037,xxx
40038,xxx
40039,xxx
40040,xxx
40041,xxx
40042,ко́лицамь
40043,кали́ци
40044,ко́лици
40045,ко́лици
40046,кали́ц
40047,калицѣ́хъ
40048,каллигио́ю
40049,каллѣги́амъ
40050,каллѣги́ы
40051,каллѣги́ахъ
40052,xxx
40053,xxx
40054,xxx
40055,xxx
40056,xxx
40057,xxx
40058,xxx
40059,xxx
40060,кла́дьцаю
40061,xxx
40062,xxx
40063,xxx
40064,xxx
40065,xxx
40066,xxx
40067,xxx
40068,xxx
40069,xxx
40070,xxx
40071,xxx
40072,xxx
40073,xxx
40074,xxx
40075,кла́ниа
40076,кла́ниѣ
40077,ко́ланиаю
40078,кла́ниаю
40079,кла́нии
40080,кла́ниы
40081,кла́ньци
40082,кла́нькаю
40083,кла́ньцъ
40084,кланька́хъ
40085,xxx
40086,xxx
40087,xxx
40088,xxx
40089,xxx
40090,xxx
40091,xxx
40092,xxx
40093,xxx
40094,xxx
40095,xxx
40096,xxx
40097,xxx
40098,xxx
40099,xxx
40100,калуну́
40101,ко́лунамь
40102,xxx
40103,xxx
40104,xxx
40105,xxx
40106,xxx
40107,xxx
40108,xxx
40109,xxx
40110,xxx
40111,xxx
40112,xxx
40113,xxx
40114,xxx
40115,xxx
40116,xxx
40117,калы́мьцѫ
40118,ко́лымьци
40119,калы́мьцъ
40120,калы́мьцъ
40121,калы́мьцамъ
40122,ко́лымьками
40123,xxx
40124,xxx
40125,xxx
40126,калыше́ка
40127,ко́лышекамь
40128,калыше́ки
40129,ко́лышеки
40130,калыше́кы
40131,калышекѣ́хъ
40132,калышекѣ́хъ
40133,ко́льта
40134,ко́льта
40135,ко́льтамь
40136,ко́льтѣ
40137,xxx
40138,xxx
40139,калючьца́
40140,калючька́
40141,калю́чькы
40142,калю́чьки
40143,ко́лючьци
40144,ко́лючькы
40145,калю́чьцъ
40146,калючька́мъ
40147,калю́чьци
40148,калючьца́хъ
40149,калюшька́
40150,калюшькѣ́
40151,ко́люшьцаю
40152,калю́шьцѣ
40153,калю́шьки
40154,ко́люшьци
40155,калю́шьцъ
40156,калядьцѫ́
40157,калядька́хъ
40158,xxx
40159,xxx
40160,ко́мандаваниѣ
40161,ко́мандаваниа
40162,ко́мандаваниамъ
40163,xxx
40164,xxx
40165,xxx
40166,ко́мбинациы
40167,ко́мбинациы
40168,ко́мбинации
40169,ко́мбинациѫ
40170,ко́мбинации
40171,ко́мбинациамъ
40172,ко́мбинациы
40173,xxx
40174,xxx
40175,xxx
40176,ко́мдив
40177,ко́мдиву
40178,ко́мдиви
40179,ко́мдив
40180,ко́мдивамъ
40181,камдивѣ́хъ
40182,xxx
40183,xxx
40184,xxx
40185,xxx
40186,xxx
40187,xxx
40188,ками́ц
40189,xxx
40190,xxx
40191,xxx
40192,xxx
40193,xxx
40194,xxx
40195,ко́миссианери
40196,ко́миссианеры
40197,камиссианерѣ́хъ
40198,xxx
40199,xxx
40200,каммѣнтатару́
40201,каммѣнтатаро́мъ
40202,ко́ммѣнтатары
40203,ко́мминтатары
40204,камминтатарѣ́хъ
40205,xxx
40206,ко́ммерциы
40207,ко́ммерциѫ
40208,ко́ммерциами
40209,ко́ммѫна
40210,ко́ммѫны
40211,ко́ммѫнамъ
40212,ко́ммѫны
40213,ко́ммѫнами
40214,xxx
40215,xxx
40216,xxx
40217,xxx
40218,xxx
40219,xxx
40220,xxx
40221,xxx
40222,xxx
40223,xxx
40224,xxx
40225,xxx
40226,ко́мнатьцъ
40227,ко́мнатьци
40228,ко́мнатьками
40229,xxx
40230,xxx
40231,камаку́
40232,ко́макамь
40233,ко́макы
40234,xxx
40235,xxx
40236,xxx
40237,xxx
40238,xxx
40239,xxx
40240,xxx
40241,xxx
40242,кампетенци́ѫ
40243,кампетенцио́ю
40244,кампетенци́
40245,кампетенци́амъ
40246,ко́мпетенциами
40247,кампетенци́ахъ
40248,xxx
40249,xxx
40250,xxx
40251,xxx
40252,xxx
40253,xxx
40254,xxx
40255,xxx
40256,xxx
40257,xxx
40258,xxx
40259,xxx
40260,xxx
40261,xxx
40262,xxx
40263,xxx
40264,xxx
40265,xxx
40266,xxx
40267,xxx
40268,xxx
40269,камфартабельно́съть
40270,камфартабельнасъти́
40271,камфартабельно́съть
40272,камфартабельно́сътьмъ
40273,ко́мфартабельнасътьми
40274,xxx
40275,xxx
40276,ко́нвенциы
40277,ко́нвенциѫ
40278,ко́нвенциы
40279,ко́нвенциы
40280,ко́нвенциамъ
40281,ко́нвенциы
40282,канверсиа́хъ
40283,xxx
40284,xxx
40285,xxx
40286,xxx
40287,xxx
40288,xxx
40289,ко́нденсатару
40290,ко́нденсатарамъ
40291,ко́нденсатары
40292,канденсатарѣ́хъ
40293,xxx
40294,xxx
40295,xxx
40296,xxx
40297,ко́ндыри
40298,xxx
40299,xxx
40300,xxx
40301,xxx
40302,xxx
40303,xxx
40304,xxx
40305,xxx
40306,xxx
40307,xxx
40308,xxx
40309,xxx
40310,кансервато́р
40311,кансервато́рѣ
40312,кансервато́ри
40313,xxx
40314,xxx
40315,xxx
40316,xxx
40317,xxx
40318,xxx
40319,xxx
40320,xxx
40321,xxx
40322,xxx
40323,канспираци́ѣ
40324,канспирациа́мъ
40325,ко́нспирациами
40326,xxx
40327,xxx
40328,xxx
40329,ко́нсул
40330,xxx
40331,xxx
40332,xxx
40333,xxx
40334,xxx
40335,xxx
40336,кансультаци́ы
40337,кансультаци́ы
40338,кансультациѣ́
40339,кансультациѫ́
40340,кансультаци́
40341,ко́нсультациами
40342,ко́нсультациами
40343,кансультациа́хъ
40344,xxx
40345,xxx
40346,xxx
40347,xxx
40348,xxx
40349,xxx
40350,xxx
40351,xxx
40352,xxx
40353,xxx
40354,xxx
40355,xxx
40356,xxx
40357,xxx
40358,xxx
40359,xxx
40360,xxx
40361,xxx
40362,xxx
40363,xxx
40364,xxx
40365,xxx
40366,xxx
40367,xxx
40368,xxx
40369,xxx
40370,xxx
40371,xxx
40372,ко́нтура
40373,ко́нтур
40374,ко́нтурамь
40375,xxx
40376,xxx
40377,кану́рѫ
40378,кану́р
40379,кану́ры
40380,xxx
40381,ко́нфрѣнциѣ
40382,ко́нфрѣнциаю
40383,ко́нференциѣ
40384,ко́нфрѣнциы
40385,ко́нфринциы
40386,ко́нфессиы
40387,ко́нфессиаю
40388,ко́нфессиами
40389,канфессиа́хъ
40390,ко́нфетьки
40391,ко́нфетьки
40392,ко́нфетьцамъ
40393,ко́нфетькы
40394,xxx
40395,канфискаци́ы
40396,канфискациѣ́
40397,ко́нфискациаю
40398,канфискаци́
40399,канфискациа́мъ
40400,ко́нфискациами
40401,канфарьца́
40402,ко́нфарьци
40403,канфо́рькъ
40404,канфо́рьцахъ
40405,канфо́рькахъ
40406,xxx
40407,xxx
40408,xxx
40409,xxx
40410,канцепциа́
40411,канцепци́ы
40412,канцепци́ы
40413,канцепци́ы
40414,ко́нцепциами
40415,канцепциа́хъ
40416,xxx
40417,ко́нцавьки
40418,ко́нцавьцамъ
40419,ко́нцавьци
40420,канчи́ца
40421,ко́нчицамь
40422,ко́нчинѣ
40423,канчино́ю
40424,канчино́ю
40425,ко́нчины
40426,ко́нчинами
40427,xxx
40428,xxx
40429,xxx
40430,xxx
40431,xxx
40432,xxx
40433,xxx
40434,xxx
40435,xxx
40436,xxx
40437,xxx
40438,xxx
40439,xxx
40440,капи́рьци
40441,капи́рьцѣ
40442,ко́пирьцами
40443,xxx
40444,xxx
40445,xxx
40446,xxx
40447,xxx
40448,xxx
40449,xxx
40450,капти́лькы
40451,ко́птилькаю
40452,капти́льцъ
40453,ко́птильны
40454,каптильно́ю
40455,ко́птильни
40456,ко́пчениа
40457,ко́пчениу
40458,капчени́
40459,ко́пыламь
40460,капы́лѣ
40461,капыло́мъ
40462,капы́лы
40463,ко́пылы
40464,ко́пылы
40465,xxx
40466,xxx
40467,караблѣкрушѣни́
40468,карабликрушини́амъ
40469,ко́раблѣкрушѣниы
40470,xxx
40471,xxx
40472,xxx
40473,xxx
40474,xxx
40475,xxx
40476,xxx
40477,xxx
40478,xxx
40479,xxx
40480,xxx
40481,xxx
40482,xxx
40483,xxx
40484,xxx
40485,каржи́ц
40486,каржи́ца
40487,каржи́ца
40488,ко́ржицамь
40489,ко́ржици
40490,ко́ржици
40491,ко́ржици
40492,xxx
40493,ко́рзиньци
40494,ко́рзинькаю
40495,ко́рзиньцѣ
40496,ко́рзиньцъ
40497,ко́рзинькъ
40498,ко́рзинькы
40499,xxx
40500,xxx
40501,xxx
40502,xxx
40503,xxx
40504,xxx
40505,xxx
40506,xxx
40507,кармленио́
40508,ко́рмлениамь
40509,кармлени́а
40510,кармлени́а
40511,xxx
40512,xxx
40513,xxx
40514,xxx
40515,xxx
40516,xxx
40517,xxx
40518,xxx
40519,xxx
40520,xxx
40521,xxx
40522,xxx
40523,xxx
40524,xxx
40525,xxx
40526,кра́вька
40527,кра́вьци
40528,кра́вьцѣ
40529,кра́вьцаю
40530,кра́вькы
40531,xxx
40532,xxx
40533,xxx
40534,xxx
40535,кра́ньцѣ
40536,кра́нькы
40537,ко́раньци
40538,xxx
40539,xxx
40540,xxx
40541,xxx
40542,ко́ррекциы
40543,ко́ррекциы
40544,ко́ррекциами
40545,xxx
40546,кра́разиѣ
40547,ко́рразиы
40548,ко́рразиамъ
40549,кра́разиы
40550,ко́рразиы
40551,каррупциане́рѣ
40552,каррупциане́ри
40553,ко́ррупцианеры
40554,xxx
40555,ко́рту
40556,ко́ртамь
40557,ко́ртѣ
40558,ко́рты
40559,картѣ́хъ
40560,картѣ́хъ
40561,каршу́нѣ
40562,каршу́н
40563,xxx
40564,xxx
40565,xxx
40566,xxx
40567,xxx
40568,xxx
40569,xxx
40570,карюшьцѫ́
40571,ко́рюшьцаю
40572,карю́шьцъ
40573,карю́шькъ
40574,карю́шьци
40575,xxx
40576,ко́сичькы
40577,ко́сичьцѣ
40578,ко́сичьки
40579,касичько́ю
40580,каси́чьцъ
40581,каси́чьцахъ
40582,ко́смалагиа
40583,ко́смлагиаю
40584,ко́смлагиами
40585,xxx
40586,xxx
40587,xxx
40588,xxx
40589,xxx
40590,xxx
40591,xxx
40592,xxx
40593,xxx
40594,ко́стачьцаю
40595,ко́стачьками
40596,xxx
40597,xxx
40598,xxx
40599,xxx
40600,xxx
40601,касты́льмъ
40602,касты́ли
40603,ко́стыльми
40604,касты́льхъ
40605,ко́стяшька
40606,ко́стяшьцамъ
40607,ко́стяшькы
40608,ко́сулы
40609,касу́ламъ
40610,ко́сяк
40611,ко́сякѣ
40612,касякѣ́хъ
40613,xxx
40614,xxx
40615,xxx
40616,xxx
40617,ко́тиравьца
40618,ко́тиравьки
40619,ко́тиравькаю
40620,ко́тиравьцъ
40621,ко́тиравьцамъ
40622,катиравьца́хъ
40623,xxx
40624,xxx
40625,xxx
40626,xxx
40627,xxx
40628,xxx
40629,xxx
40630,xxx
40631,xxx
40632,xxx
40633,xxx
40634,xxx
40635,xxx
40636,xxx
40637,xxx
40638,xxx
40639,xxx
40640,xxx
40641,xxx
40642,xxx
40643,xxx
40644,xxx
40645,ко́шечьцаю
40646,ко́шечьцамъ
40647,xxx
40648,xxx
40649,xxx
40650,xxx
40651,xxx
40652,xxx
40653,xxx
40654,xxx
40655,xxx
40656,xxx
40657,xxx
40658,кра́па
40659,кра́пу
40660,кра́пу
40661,кра́памь
40662,кра́п
40663,крапѣ́хъ
40664,xxx
40665,xxx
40666,xxx
40667,xxx
40668,xxx
40669,xxx
40670,кра́сатьцаю
40671,кра́сатьци
40672,xxx
40673,xxx
40674,xxx
40675,xxx
40676,xxx
40677,xxx
40678,xxx
40679,xxx
40680,xxx
40681,xxx
40682,xxx
40683,xxx
40684,xxx
40685,xxx
40686,xxx
40687,xxx
40688,xxx
40689,xxx
40690,xxx
40691,xxx
40692,xxx
40693,xxx
40694,xxx
40695,xxx
40696,xxx
40697,xxx
40698,xxx
40699,xxx
40700,xxx
40701,xxx
40702,xxx
40703,xxx
40704,xxx
40705,кре́плениа
40706,кре́плениу
40707,креплени́
40708,креплени́амъ
40709,креплени́амъ
40710,креплени́а
40711,крепастничеству́
40712,кре́пастничествамь
40713,кре́пастничества
40714,кре́пастничествы
40715,крепастничествѣ́хъ
40716,xxx
40717,крести́цѣ
40718,крестицо́мъ
40719,крестни́ц
40720,крестницу́
40721,кре́стници
40722,крестни́ц
40723,крестницо́мъ
40724,xxx
40725,xxx
40726,xxx
40727,кре́стьяньцами
40728,крестьянька́хъ
40729,кре́тинамь
40730,крети́нѣ
40731,крети́ны
40732,кре́тины
40733,крещенио́
40734,кре́щениа
40735,крещени́
40736,крещенио́мъ
40737,крещенио́мъ
40738,крещениѣ́хъ
40739,кривдѣ́
40740,кривдѫ́
40741,кри́вды
40742,xxx
40743,xxx
40744,xxx
40745,xxx
40746,xxx
40747,кри́пътамъ
40748,кри́пъты
40749,кри́пътами
40750,xxx
40751,кри́са
40752,кри́самь
40753,кри́си
40754,кри́сы
40755,xxx
40756,xxx
40757,xxx
40758,xxx
40759,xxx
40760,крава́тьци
40761,кро́ватькаю
40762,крава́тьцѣ
40763,крава́тькъ
40764,краватьца́мъ
40765,кро́ватьцами
40766,кро́ватьцами
40767,xxx
40768,xxx
40769,xxx
40770,xxx
40771,xxx
40772,xxx
40773,xxx
40774,xxx
40775,xxx
40776,xxx
40777,xxx
40778,xxx
40779,xxx
40780,xxx
40781,кро́пилу
40782,крапи́ла
40783,кро́пилѣ
40784,xxx
40785,кро́съсу
40786,кро́съси
40787,кро́съсы
40788,красъсѣ́хъ
40789,кро́ссавьца
40790,кро́ссавьцѣ
40791,кро́ссавьки
40792,кро́ссавькаю
40793,кро́ссавьцъ
40794,крассавька́хъ
40795,xxx
40796,xxx
40797,xxx
40798,кругазо́ра
40799,кругазо́ра
40800,кру́газарамь
40801,кругазо́ры
40802,xxx
40803,xxx
40804,xxx
40805,xxx
40806,xxx
40807,кру́жениу
40808,кружени́ѣхъ
40809,xxx
40810,xxx
40811,xxx
40812,кру́па
40813,кру́пѫ
40814,кру́паю
40815,крупинькѣ́
40816,крупи́ньцѣ
40817,кру́пиньци
40818,кру́пинькы
40819,крупчатьцѫ́
40820,крупча́тьцѣ
40821,крупча́тьци
40822,крупча́тькы
40823,кру́шениа
40824,кру́шениу
40825,крушени́а
40826,крушени́амь
40827,крушени́амь
40828,кру́шениѣ
40829,крушени́
40830,кру́шениы
40831,крушени́ѣхъ
40832,кры́лечьца
40833,кры́лечьца
40834,кры́лечьца
40835,кры́лечьца
40836,кры́лечька
40837,кры́лышьца
40838,кры́лышьцу
40839,кры́лышьцѣ
40840,кры́лышька
40841,xxx
40842,xxx
40843,xxx
40844,кры́са
40845,кры́сы
40846,кры́сы
40847,кры́сѣ
40848,крю́чакамь
40849,крю́чаки
40850,крючо́к
40851,крючакѣ́хъ
40852,xxx
40853,xxx
40854,xxx
40855,xxx
40856,xxx
40857,ксенафаби́ѫ
40858,ксенафабио́ю
40859,ксе́нафабии
40860,ксенафаби́
40861,ксенафаби́амъ
40862,ксѣракапи́ѣ
40863,ксиракапи́и
40864,ксё́ндъзъ
40865,ксё́ндъза
40866,ксё́ндъзы
40867,ксёндъзѣ́хъ
40868,кси́лафану
40869,кси́лафану
40870,кси́лафанамь
40871,куби́ци
40872,ку́бици
40873,кубицѣ́хъ
40874,ку́биньцѣ
40875,куби́ньцамъ
40876,ку́баку
40877,ку́бак
40878,ку́бакамь
40879,ку́бакѣ
40880,ку́бакы
40881,кубаме́тръ
40882,кубаметру́
40883,кубаме́тръ
40884,ку́баметрамь
40885,кубаме́трѣ
40886,кубаме́три
40887,кубаме́тры
40888,кубри́ц
40889,кубри́ц
40890,xxx
40891,xxx
40892,xxx
40893,xxx
40894,xxx
40895,xxx
40896,ку́вшиньци
40897,ку́вшиньцѫ
40898,ку́вшиньки
40899,ку́вшинькъ
40900,ку́вшиньци
40901,xxx
40902,xxx
40903,xxx
40904,xxx
40905,xxx
40906,xxx
40907,xxx
40908,xxx
40909,xxx
40910,xxx
40911,xxx
40912,xxx
40913,xxx
40914,xxx
40915,xxx
40916,кулёку́
40917,кулё́к
40918,ку́лёкамь
40919,кулё́ки
40920,ку́лиц
40921,ку́лицу
40922,ку́лици
40923,ку́лици
40924,ку́льтъ
40925,ку́льтамь
40926,ку́льты
40927,культѣ́хъ
40928,xxx
40929,xxx
40930,xxx
40931,xxx
40932,xxx
40933,xxx
40934,xxx
40935,xxx
40936,xxx
40937,xxx
40938,xxx
40939,ку́нштюк
40940,ку́нштюку
40941,ку́нштюк
40942,ку́нштюки
40943,ку́нштюкамъ
40944,кунштюкѣ́хъ
40945,ку́па
40946,ку́пы
40947,ку́пи
40948,ку́пы
40949,xxx
40950,xxx
40951,xxx
40952,xxx
40953,xxx
40954,xxx
40955,xxx
40956,xxx
40957,xxx
40958,xxx
40959,xxx
40960,xxx
40961,xxx
40962,xxx
40963,xxx
40964,xxx
40965,xxx
40966,xxx
40967,xxx
40968,xxx
40969,xxx
40970,xxx
40971,xxx
40972,xxx
40973,xxx
40974,xxx
40975,xxx
40976,ку́рду
40977,ку́рду
40978,ку́рдамь
40979,ку́рдамь
40980,ку́рдѣ
40981,ку́рди
40982,ку́рды
40983,курдѣ́хъ
40984,xxx
40985,xxx
40986,xxx
40987,xxx
40988,xxx
40989,курени́а
40990,курениу́
40991,куренио́
40992,курени́
40993,xxx
40994,xxx
40995,xxx
40996,xxx
40997,куро́ки
40998,куро́к
40999,куро́кы
41000,xxx
41001,xxx
41002,xxx
41003,xxx
41004,xxx
41005,xxx
41006,xxx
41007,xxx
41008,xxx
41009,xxx
41010,xxx
41011,xxx
41012,куртачькѣ́
41013,куртачьцѫ́
41014,ку́ртачьцаю
41015,ку́ртачьци
41016,ку́ртачьками
41017,xxx
41018,xxx
41019,xxx
41020,xxx
41021,ку́су
41022,ку́су
41023,ку́сы
41024,ку́сы
41025,кусѣ́хъ
41026,xxx
41027,xxx
41028,xxx
41029,xxx
41030,xxx
41031,ку́тузьци
41032,ку́тузьцѣ
41033,ку́тузьки
41034,ку́тузькы
41035,ку́тузьцамъ
41036,ку́харьцѣ
41037,ку́харьци
41038,ку́харьци
41039,ку́харьками
41040,кухо́ньци
41041,кухо́ньцъ
41042,куханьца́мъ
41043,ку́ханьцами
41044,куханьца́хъ
41045,xxx
41046,xxx
41047,ку́шака
41048,ку́шака
41049,ку́шаки
41050,ку́шакы
41051,ку́шакы
41052,ку́шетьци
41053,кушетьцо́ю
41054,ку́шетькы
41055,кшатриа́
41056,кшатри́ы
41057,кшатриѣ́
41058,кшатриѫ́
41059,кша́триаю
41060,кшатри́
41061,кыпча́к
41062,кы́пчакамь
41063,кыпча́ки
41064,кы́пчаки
41065,кы́пчакы
41066,кыпчакѣ́хъ
41067,xxx
41068,кю́ри
41069,кю́риамь
41070,кю́риамь
41071,кю́риѣ
41072,кюриѣ́хъ
41073,xxx
41074,xxx
41075,xxx
41076,ла́вьци
41077,ла́вьцѣ
41078,ла́вьки
41079,ла́вьци
41080,ла́вьци
41081,лавачька́
41082,ла́вачьци
41083,ла́вачькы
41084,ла́вачьки
41085,ла́вачьцами
41086,xxx
41087,xxx
41088,xxx
41089,xxx
41090,xxx
41091,xxx
41092,xxx
41093,xxx
41094,xxx
41095,xxx
41096,xxx
41097,xxx
41098,xxx
41099,xxx
41100,xxx
41101,ладашьца́
41102,ладо́шьцамъ
41103,ладо́шьцамъ
41104,ла́дашьками
41105,xxx
41106,xxx
41107,xxx
41108,xxx
41109,лазийька́
41110,ла́зѣйьцѣ
41111,ла́зѣйьци
41112,лазѣ́йьцъ
41113,xxx
41114,ла́зутчицу
41115,ла́зутчицу
41116,ла́зутчицамъ
41117,xxx
41118,xxx
41119,xxx
41120,xxx
41121,xxx
41122,xxx
41123,xxx
41124,xxx
41125,xxx
41126,xxx
41127,xxx
41128,xxx
41129,лакамьцѣ́
41130,лакамька́мъ
41131,xxx
41132,xxx
41133,xxx
41134,ла́мантинамь
41135,ламанти́н
41136,ламанти́ны
41137,xxx
41138,xxx
41139,xxx
41140,xxx
41141,ла́ндушьци
41142,xxx
41143,xxx
41144,ла́ньцами
41145,ла́ньками
41146,ланьца́хъ
41147,xxx
41148,xxx
41149,xxx
41150,xxx
41151,xxx
41152,xxx
41153,xxx
41154,xxx
41155,xxx
41156,xxx
41157,xxx
41158,xxx
41159,xxx
41160,xxx
41161,xxx
41162,xxx
41163,лаасьца́
41164,лаасьцо́ю
41165,ла́асьцѣ
41166,ла́аськи
41167,лао́сьци
41168,ла́аськами
41169,лаатяни́н
41170,лаатянину́
41171,лаатяни́н
41172,лаатянинѣ́хъ
41173,ла́пьцаю
41174,ла́пьци
41175,xxx
41176,ларё́к
41177,ларёку́
41178,ларё́ки
41179,ларё́к
41180,ларё́к
41181,ларёко́мъ
41182,ларёко́мъ
41183,xxx
41184,xxx
41185,xxx
41186,xxx
41187,ла́стица
41188,xxx
41189,xxx
41190,xxx
41191,xxx
41192,xxx
41193,xxx
41194,xxx
41195,xxx
41196,xxx
41197,xxx
41198,ла́тьцами
41199,xxx
41200,xxx
41201,xxx
41202,ла́тышьцѣ
41203,ла́тышьцѫ
41204,ла́тышьцами
41205,ла́тышьками
41206,латышьца́хъ
41207,латышьца́хъ
41208,xxx
41209,xxx
41210,xxx
41211,xxx
41212,xxx
41213,xxx
41214,xxx
41215,лева́к
41216,лева́ка
41217,ле́вакамь
41218,лева́ки
41219,левако́мъ
41220,xxx
41221,лѣ́гианѣ
41222,лѣ́гиани
41223,xxx
41224,xxx
41225,xxx
41226,xxx
41227,легкамыслио́
41228,ле́гкамыслиа
41229,легкамысли́амь
41230,легкамысли́амь
41231,легкамысли́
41232,легкамысли́амъ
41233,легкамысли́ихъ
41234,xxx
41235,xxx
41236,лежаку́
41237,лежа́кѣ
41238,ле́жакы
41239,лѣ́йб-кучѣры
41240,лѣ́йб-кучиры
41241,лейкемиа́
41242,лейкеми́
41243,лейкемиа́мъ
41244,лейкеми́ы
41245,лейкемиа́хъ
41246,xxx
41247,xxx
41248,xxx
41249,xxx
41250,ле́йтенанта
41251,ле́йтенантъ
41252,ле́йтенантамь
41253,ле́йтенанти
41254,ле́йтенантамъ
41255,лейтенантѣ́хъ
41256,лейтенантѣ́хъ
41257,xxx
41258,ле́ка
41259,ле́ку
41260,ле́камь
41261,ле́кы
41262,лекѣ́хъ
41263,xxx
41264,xxx
41265,ле́ксици
41266,лекси́ц
41267,ле́ксицами
41268,лексицо́нѣ
41269,лексицо́нѣ
41270,xxx
41271,xxx
41272,xxx
41273,xxx
41274,xxx
41275,xxx
41276,лѣ́нтачька
41277,лѣ́нтачьци
41278,лѣ́нтачькы
41279,лѣ́нтачьцамъ
41280,лѣ́нтачькамъ
41281,лѣ́нтачьци
41282,лѣ́нтачьками
41283,леапа́рдѣ
41284,леапа́рдъ
41285,леапардѣ́хъ
41286,xxx
41287,xxx
41288,липё́шькамъ
41289,липё́шькы
41290,лѣ́пёшьцами
41291,лѣ́пьца
41292,лѣ́пьци
41293,лѣ́пьцѣ
41294,лѣ́пьцѣ
41295,лѣ́пькы
41296,лѣ́пькамъ
41297,xxx
41298,ле́сеньцаю
41299,ле́сеньцами
41300,ле́сеньками
41301,xxx
41302,xxx
41303,ле́сьцѣ
41304,ле́сьци
41305,ле́ськы
41306,лесаведени́а
41307,ле́саведениамь
41308,ле́саведениа
41309,лесаведени́а
41310,xxx
41311,лесавазвращени́а
41312,лесавазвращениу́
41313,ле́савазвращениа
41314,лесавазвращениѣ́хъ
41315,xxx
41316,xxx
41317,xxx
41318,xxx
41319,ле́савазабнавлениа
41320,ле́савазабнавлениѣ
41321,лесавазабнавлени́а
41322,xxx
41323,xxx
41324,xxx
41325,xxx
41326,xxx
41327,xxx
41328,xxx
41329,xxx
41330,xxx
41331,xxx
41332,лесанасажденио́
41333,лесанасаждени́
41334,лесанасажденио́мъ
41335,ле́санасаждениы
41336,лесаахраненио́
41337,лесаахранениу́
41338,xxx
41339,xxx
41340,xxx
41341,xxx
41342,xxx
41343,лѣ́сапильцѣ
41344,лѣ́сапильки
41345,лѣ́сапилькы
41346,лѣсапильца́хъ
41347,xxx
41348,xxx
41349,лесасе́кѫ
41350,лесасе́камъ
41351,ле́сасеками
41352,xxx
41353,xxx
41354,лесаспусьцу́
41355,лесаспусьцу́
41356,лесаспу́сьцъ
41357,лесаспу́сьцъ
41358,лесаспу́ськъ
41359,лесаспу́ськы
41360,xxx
41361,xxx
41362,xxx
41363,xxx
41364,xxx
41365,xxx
41366,xxx
41367,лесахимио́ю
41368,ле́сахимиѣ
41369,лесахими́амъ
41370,xxx
41371,xxx
41372,ле́чениа
41373,ле́чениамь
41374,ле́чениѣ
41375,ле́чении
41376,ле́чени
41377,ле́чениамъ
41378,xxx
41379,xxx
41380,xxx
41381,xxx
41382,xxx
41383,xxx
41384,xxx
41385,xxx
41386,xxx
41387,xxx
41388,либрациа́
41389,либрацио́ю
41390,либраци́амъ
41391,ли́брациами
41392,xxx
41393,xxx
41394,xxx
41395,xxx
41396,xxx
41397,xxx
41398,xxx
41399,xxx
41400,xxx
41401,xxx
41402,xxx
41403,xxx
41404,xxx
41405,xxx
41406,лизаблю́да
41407,лизаблю́да
41408,лизаблю́д
41409,ли́заблюдамь
41410,лизаблюдо́мъ
41411,лизаблюдѣ́хъ
41412,xxx
41413,xxx
41414,xxx
41415,xxx
41416,xxx
41417,xxx
41418,xxx
41419,xxx
41420,xxx
41421,xxx
41422,xxx
41423,xxx
41424,xxx
41425,xxx
41426,xxx
41427,xxx
41428,ли́мфацит
41429,ли́мфацитамь
41430,ли́мфацитѣ
41431,лимфацитѣ́хъ
41432,xxx
41433,xxx
41434,xxx
41435,xxx
41436,ли́сёнака
41437,ли́сёнакы
41438,ли́сёнакы
41439,xxx
41440,xxx
41441,xxx
41442,xxx
41443,xxx
41444,xxx
41445,xxx
41446,xxx
41447,xxx
41448,xxx
41449,xxx
41450,xxx
41451,ли́стачека
41452,ли́стачека
41453,ли́стачек
41454,ли́стачеки
41455,ли́стачек
41456,ли́стачекы
41457,листачекѣ́хъ
41458,xxx
41459,xxx
41460,xxx
41461,xxx
41462,xxx
41463,xxx
41464,литургиѣ́
41465,литурги́
41466,литургиа́хъ
41467,литургиа́хъ
41468,xxx
41469,xxx
41470,лисаде́йькы
41471,ли́садейьцаю
41472,лисаде́йьцъ
41473,лисадейьца́хъ
41474,xxx
41475,xxx
41476,xxx
41477,xxx
41478,xxx
41479,xxx
41480,xxx
41481,xxx
41482,xxx
41483,xxx
41484,ли́цемерьца
41485,ли́цемерьцѣ
41486,ли́цемерьки
41487,ли́цемерьцъ
41488,xxx
41489,xxx
41490,xxx
41491,xxx
41492,xxx
41493,xxx
41494,xxx
41495,xxx
41496,xxx
41497,xxx
41498,лабатами́ы
41499,лабатамиѣ́
41500,ло́батамиаю
41501,лабатами́ѣ
41502,лабатами́
41503,лабатамиа́мъ
41504,лабатамиа́мъ
41505,лабатря́са
41506,лабатря́сѣ
41507,лабатрясо́мъ
41508,лабатря́сы
41509,ло́батрясы
41510,xxx
41511,лавела́са
41512,лавела́са
41513,лавеласу́
41514,лавела́с
41515,лавела́сѣ
41516,лавела́сы
41517,ло́веласы
41518,xxx
41519,xxx
41520,ло́вушьцѣ
41521,ло́вушькы
41522,xxx
41523,xxx
41524,ло́гици
41525,ло́гицѫ
41526,ло́гицаю
41527,ло́гици
41528,ло́гицамъ
41529,ло́гици
41530,ло́гицами
41531,xxx
41532,xxx
41533,xxx
41534,xxx
41535,xxx
41536,ладачьца́
41537,ладо́чьцѫ
41538,ладо́чьцъ
41539,ладо́чькъ
41540,ло́дыжьца
41541,ло́дыжьци
41542,ло́дыжьцаю
41543,ло́дыжьцамъ
41544,xxx
41545,xxx
41546,xxx
41547,xxx
41548,xxx
41549,xxx
41550,xxx
41551,xxx
41552,xxx
41553,ло́жечьцѣ
41554,ло́жечькы
41555,xxx
41556,xxx
41557,xxx
41558,xxx
41559,xxx
41560,xxx
41561,xxx
41562,xxx
41563,xxx
41564,xxx
41565,лакамати́ва
41566,лакамативо́мъ
41567,лакамативо́мъ
41568,ло́камативы
41569,xxx
41570,xxx
41571,ло́макы
41572,лама́к
41573,xxx
41574,xxx
41575,xxx
41576,ламти́ц
41577,ламти́ц
41578,ламти́ци
41579,ло́нданьца
41580,ло́нданьци
41581,xxx
41582,xxx
41583,xxx
41584,ло́патьци
41585,ло́патьцамъ
41586,ло́патьци
41587,ласку́т
41588,ласкуту́
41589,ласку́т
41590,ласкуто́мъ
41591,xxx
41592,xxx
41593,xxx
41594,xxx
41595,лашадьца́
41596,лашадьцѣ́
41597,лашадьца́хъ
41598,лаша́к
41599,лашакѣ́хъ
41600,xxx
41601,xxx
41602,xxx
41603,xxx
41604,xxx
41605,лужайькѣ́
41606,лужа́йьцѣ
41607,лужа́йькъ
41608,лужайьца́хъ
41609,xxx
41610,xxx
41611,xxx
41612,xxx
41613,xxx
41614,xxx
41615,xxx
41616,xxx
41617,xxx
41618,xxx
41619,львёно́ка
41620,львёно́кы
41621,львё́накы
41622,xxx
41623,xxx
41624,xxx
41625,xxx
41626,xxx
41627,xxx
41628,xxx
41629,xxx
41630,xxx
41631,xxx
41632,xxx
41633,xxx
41634,xxx
41635,xxx
41636,xxx
41637,xxx
41638,xxx
41639,xxx
41640,xxx
41641,xxx
41642,xxx
41643,xxx
41644,xxx
41645,xxx
41646,xxx
41647,xxx
41648,xxx
41649,xxx
41650,xxx
41651,xxx
41652,xxx
41653,xxx
41654,xxx
41655,xxx
41656,xxx
41657,xxx
41658,xxx
41659,xxx
41660,xxx
41661,ля́жьци
41662,ля́жьци
41663,ляжьца́хъ
41664,ля́мьцами
41665,xxx
41666,xxx
41667,xxx
41668,xxx
41669,xxx
41670,xxx
41671,xxx
41672,xxx
41673,xxx
41674,xxx
41675,xxx
41676,xxx
41677,магни́
41678,магниу́
41679,магни́ы
41680,xxx
41681,xxx
41682,xxx
41683,xxx
41684,xxx
41685,xxx
41686,xxx
41687,xxx
41688,xxx
41689,xxx
41690,xxx
41691,xxx
41692,xxx
41693,xxx
41694,мазо́к
41695,мазо́кѣ
41696,мазако́мъ
41697,мазо́кы
41698,мазакѣ́хъ
41699,мазу́рькѫ
41700,ма́зурьци
41701,ма́зурьци
41702,мазу́рьцъ
41703,мазу́рьцамъ
41704,xxx
41705,xxx
41706,xxx
41707,xxx
41708,xxx
41709,xxx
41710,xxx
41711,xxx
41712,xxx
41713,xxx
41714,ма́какы
41715,мака́к
41716,макака́мъ
41717,xxx
41718,македаньца́
41719,македо́нькы
41720,ма́кеданьцаю
41721,македо́ньцѣ
41722,македо́ньки
41723,ма́кеданькы
41724,ма́кеданьками
41725,xxx
41726,xxx
41727,xxx
41728,xxx
41729,xxx
41730,xxx
41731,xxx
41732,макрако́смъ
41733,макрако́смъ
41734,макрако́сми
41735,ма́ксимѫм
41736,ма́ксимѫм
41737,ма́ксимѫму
41738,ма́ксимѫм
41739,ма́ксимѫмамь
41740,ма́ксимѫми
41741,ма́ксимѫми
41742,ма́ксимѫмы
41743,макушьцо́ю
41744,маку́шьцъ
41745,ма́кушьцами
41746,ма́лайзийьцѣ
41747,ма́лайзийьци
41748,ма́лайзийькы
41749,малайзийьца́хъ
41750,ма́лайьца
41751,ма́лайька
41752,ма́лайьцѣ
41753,ма́лайьцѣ
41754,ма́лайьцѣ
41755,ма́лайьцами
41756,ма́лайьками
41757,малайьца́хъ
41758,xxx
41759,xxx
41760,xxx
41761,xxx
41762,xxx
41763,xxx
41764,xxx
41765,xxx
41766,ма́лийьки
41767,ма́лийьцаю
41768,ма́лийьцами
41769,ма́лийьками
41770,малийька́хъ
41771,малакравио́
41772,ма́лакравиамь
41773,малакрави́
41774,малакравио́мъ
41775,малакрави́а
41776,ма́лалетьцѣ
41777,ма́лалетьцѫ
41778,ма́лалетькы
41779,xxx
41780,xxx
41781,xxx
41782,xxx
41783,xxx
41784,xxx
41785,xxx
41786,xxx
41787,xxx
41788,xxx
41789,xxx
41790,мальтийьца́
41791,мальтийька́
41792,ма́льтийьцѣ
41793,ма́льтийьци
41794,мальти́йькы
41795,ма́льчишьца
41796,ма́льчишькѫ
41797,ма́льчишьцаю
41798,ма́льчишьцѣ
41799,ма́льчишьцамъ
41800,ма́лютьки
41801,малю́тькѫ
41802,ма́лютьцѣ
41803,ма́лютьки
41804,ма́лютьци
41805,ма́лютькы
41806,малю́тьцамъ
41807,ма́лявьца
41808,ма́лявьцѣ
41809,ма́лявьци
41810,xxx
41811,xxx
41812,xxx
41813,xxx
41814,xxx
41815,xxx
41816,ма́мьца
41817,ма́мьцамъ
41818,xxx
41819,xxx
41820,xxx
41821,xxx
41822,xxx
41823,xxx
41824,xxx
41825,xxx
41826,xxx
41827,xxx
41828,xxx
41829,xxx
41830,xxx
41831,xxx
41832,ма́ндрагарѣ
41833,ма́ндрагарѫ
41834,ма́ндрагары
41835,ма́ндрагары
41836,ма́ндрагар
41837,ма́ндрагары
41838,xxx
41839,xxx
41840,xxx
41841,xxx
41842,xxx
41843,xxx
41844,ма́некени
41845,ма́некен
41846,ма́некены
41847,xxx
41848,xxx
41849,xxx
41850,xxx
41851,ма́ницюри
41852,маницю́ры
41853,маницюрѣ́хъ
41854,маницюрѣ́хъ
41855,xxx
41856,xxx
41857,xxx
41858,xxx
41859,ма́ниа
41860,ма́ниа
41861,ма́ниѣ
41862,ма́ниаю
41863,ма́ниаю
41864,ма́ниѣ
41865,ма́ни
41866,ма́ниами
41867,ма́ньцъ
41868,ма́ньци
41869,ма́нькы
41870,ма́ньками
41871,мантиѣ́
41872,ма́нтиаю
41873,манти́
41874,мантиа́мъ
41875,манти́ы
41876,ма́нтиами
41877,xxx
41878,xxx
41879,xxx
41880,ма́ньяк
41881,ма́ньяк
41882,ма́ньяки
41883,марафо́ны
41884,xxx
41885,ма́ргарина
41886,ма́ргарины
41887,xxx
41888,xxx
41889,xxx
41890,xxx
41891,xxx
41892,xxx
41893,xxx
41894,xxx
41895,xxx
41896,xxx
41897,xxx
41898,ма́радёр
41899,ма́радёрѣ
41900,ма́радёры
41901,xxx
41902,xxx
41903,xxx
41904,xxx
41905,xxx
41906,xxx
41907,xxx
41908,мартирлаги́а
41909,ма́ртирлагии
41910,мартиралагио́мъ
41911,ма́ртирлагиы
41912,xxx
41913,xxx
41914,xxx
41915,ма́ртышьца
41916,ма́ртышькы
41917,ма́ртышьцаю
41918,ма́ртышьки
41919,ма́ртышькы
41920,ма́ртышькъ
41921,ма́ртышьци
41922,xxx
41923,xxx
41924,xxx
41925,xxx
41926,xxx
41927,xxx
41928,маршрутизато́р
41929,маршрутизатару́
41930,ма́ршрутизатари
41931,маршрутизато́р
41932,ма́ршрутьцъ
41933,ма́ршрутьками
41934,ма́сьци
41935,ма́ськи
41936,ма́сьцѫ
41937,ма́сьцамъ
41938,xxx
41939,xxx
41940,xxx
41941,xxx
41942,xxx
41943,ма́слабайьцѣ
41944,ма́слабайьци
41945,ма́слабайьцами
41946,ма́слабайнѣ
41947,маслабо́йнъ
41948,ма́сладельны
41949,ма́сладельны
41950,ма́сладельнаю
41951,ма́сладельнѣ
41952,ма́сладельнами
41953,xxx
41954,xxx
41955,xxx
41956,xxx
41957,массо́вьки
41958,ма́ссавьци
41959,ма́ссавьци
41960,массавьца́мъ
41961,массавьца́хъ
41962,мастеро́ка
41963,мастеро́ки
41964,ма́стераки
41965,ма́стераки
41966,мастеро́кы
41967,мастеракѣ́хъ
41968,ма́стици
41969,ма́стицамъ
41970,ма́стицамъ
41971,ма́стици
41972,мастица́хъ
41973,xxx
41974,xxx
41975,xxx
41976,xxx
41977,xxx
41978,xxx
41979,xxx
41980,xxx
41981,xxx
41982,матери́ѫ
41983,матери́ѫ
41984,матери́амъ
41985,xxx
41986,xxx
41987,xxx
41988,xxx
41989,xxx
41990,xxx
41991,xxx
41992,xxx
41993,xxx
41994,ма́тушьцѣ
41995,ма́тушькы
41996,ма́тушьцъ
41997,ма́тушьцамъ
41998,ма́тушькамъ
41999,ма́тушькы
42000,ма́тушьцами
42001,xxx
42002,xxx
42003,xxx
42004,ма́фиа
42005,ма́фиа
42006,ма́фиѫ
42007,ма́фиаю
42008,ма́фии
42009,ма́фиами
42010,xxx
42011,xxx
42012,xxx
42013,махо́рькы
42014,махарьцѣ́
42015,махо́рьци
42016,ма́харьцами
42017,ма́чехы
42018,маче́хахъ
42019,xxx
42020,xxx
42021,машинистьца́
42022,ма́шинистьци
42023,ма́шинистьцѣ
42024,ма́шинистьцѣ
42025,ма́шинистьки
42026,xxx
42027,ма́шиньцѣ
42028,маши́нькъ
42029,маши́ньци
42030,маши́ньци
42031,ма́шиньцами
42032,маши́ньцахъ
42033,xxx
42034,ма́шинастраениамь
42035,ма́шинастраениѣ
42036,ма́шинастраениа
42037,ма́шинастраени
42038,xxx
42039,xxx
42040,xxx
42041,xxx
42042,мгнавенио́
42043,мгно́вениа
42044,мгнавени́а
42045,мгно́вениѣ
42046,мгно́вениа
42047,мгнавени́
42048,xxx
42049,xxx
42050,xxx
42051,xxx
42052,xxx
42053,xxx
42054,xxx
42055,xxx
42056,xxx
42057,xxx
42058,xxx
42059,xxx
42060,xxx
42061,xxx
42062,xxx
42063,медицо́мъ
42064,ме́дици
42065,ме́дици
42066,медицѣ́хъ
42067,ме́длительнасъти
42068,ме́длительнасъти
42069,ме́длительнасъти
42070,ме́длительнасътии
42071,ме́длительнасътьмъ
42072,ме́длительнасътьми
42073,xxx
42074,xxx
42075,медпѫ́нкътъ
42076,ме́дпѫнкътамь
42077,медпѫ́нкъти
42078,ме́дпѫнкъти
42079,ме́дпѫнкъти
42080,xxx
42081,xxx
42082,медя́к
42083,ме́дякамь
42084,медя́ньки
42085,медя́ньци
42086,ме́дяньцами
42087,ме́дяньцами
42088,xxx
42089,xxx
42090,xxx
42091,xxx
42092,xxx
42093,мѣзу́зѣ
42094,мизу́з
42095,мѣзу́зы
42096,мѣ́зузами
42097,xxx
42098,мейтнериу́
42099,мейтнери́и
42100,ме́йтнерии
42101,мейтнери́ы
42102,мейтнериѣ́хъ
42103,xxx
42104,меладиа́
42105,мелади́ы
42106,меладиѫ́
42107,мелади́ѣ
42108,мелади́
42109,xxx
42110,xxx
42111,xxx
42112,xxx
42113,менделеви́а
42114,менделеви́а
42115,ме́нделевиамь
42116,ме́нделевиамь
42117,менделевио́мъ
42118,менделевиѣ́хъ
42119,xxx
42120,xxx
42121,xxx
42122,xxx
42123,xxx
42124,xxx
42125,xxx
42126,меньшеви́ц
42127,меньшеви́ца
42128,меньшевицо́мъ
42129,ме́ньшевици
42130,ме́ньшевици
42131,меньшевицѣ́хъ
42132,ме́режьци
42133,мрѣ́жьцами
42134,мерзля́ка
42135,ме́рзляки
42136,ме́рзлякы
42137,xxx
42138,xxx
42139,xxx
42140,мѣ́рьки
42141,мѣ́рьцѣ
42142,мѣ́рьцъ
42143,мѣ́рьцамъ
42144,мирька́хъ
42145,xxx
42146,xxx
42147,xxx
42148,xxx
42149,xxx
42150,xxx
42151,xxx
42152,xxx
42153,xxx
42154,xxx
42155,xxx
42156,xxx
42157,xxx
42158,мессе́дъжъ
42159,мессе́дъжъ
42160,мессе́дъжи
42161,ме́сседъжи
42162,xxx
42163,местечьцѣ́хъ
42164,мѣ́станахаждѣниа
42165,мѣ́станахаждѣниа
42166,мѣ́станахаждиниа
42167,мѣ́станахаждѣниа
42168,мѣ́станахаждѣниа
42169,мѣ́станахаждѣниа
42170,ме́стаплажениа
42171,ме́стаплажениы
42172,местраждени́а
42173,местаражденио́
42174,ме́страждениы
42175,xxx
42176,xxx
42177,xxx
42178,xxx
42179,xxx
42180,xxx
42181,ме́таниа
42182,ме́тании
42183,ме́таниы
42184,ме́таниы
42185,метаниѣ́хъ
42186,xxx
42187,xxx
42188,xxx
42189,xxx
42190,xxx
42191,xxx
42192,xxx
42193,xxx
42194,xxx
42195,xxx
42196,xxx
42197,ме́тени
42198,ме́тениамъ
42199,xxx
42200,xxx
42201,xxx
42202,ме́тьци
42203,ме́тькы
42204,ме́тьцѣ
42205,ме́тьци
42206,метадицѫ́
42207,ме́тадицаю
42208,метади́ц
42209,метадица́мъ
42210,ме́тадицами
42211,xxx
42212,xxx
42213,xxx
42214,метанимиа́
42215,метаними́ы
42216,метанимиѣ́
42217,метанимиѣ́
42218,ме́танимиами
42219,ме́танимиами
42220,метанимиа́хъ
42221,ме́трици
42222,ме́трицаю
42223,ме́трици
42224,метрица́хъ
42225,ме́трлагиа
42226,ме́трлаги
42227,ме́трлаги
42228,ме́тралагиами
42229,xxx
42230,ме́трапалиа
42231,ме́трапалиѣ
42232,ме́трапалиаю
42233,ме́трапалиѣ
42234,ме́трапалиѣ
42235,ме́трапалиы
42236,ме́трапалиами
42237,метрапалиа́хъ
42238,xxx
42239,xxx
42240,меценату́
42241,меценату́
42242,меценатѣ́хъ
42243,xxx
42244,xxx
42245,xxx
42246,xxx
42247,xxx
42248,xxx
42249,мѣ́чтаниа
42250,мичтани́а
42251,мѣ́чтаниа
42252,мичтани́а
42253,мѣ́чтаниы
42254,мичтани́ихъ
42255,мешальца́
42256,ме́шальци
42257,ме́шальцѣ
42258,ме́шальки
42259,xxx
42260,мишачѣ́к
42261,мѣшачѣ́кѣ
42262,мѣшачѣ́кы
42263,мѣ́шачѣкы
42264,ме́щаньци
42265,ме́щанькы
42266,меща́ньцъ
42267,меща́ньцамъ
42268,ме́щаньцами
42269,ми́залькъ
42270,ми́залькамъ
42271,мизальца́хъ
42272,xxx
42273,xxx
42274,xxx
42275,xxx
42276,xxx
42277,xxx
42278,xxx
42279,xxx
42280,ми́зансцена
42281,ми́зансценѫ
42282,ми́зансцен
42283,ми́зансценамъ
42284,ми́зансцены
42285,xxx
42286,xxx
42287,xxx
42288,xxx
42289,xxx
42290,xxx
42291,xxx
42292,xxx
42293,xxx
42294,xxx
42295,xxx
42296,xxx
42297,xxx
42298,xxx
42299,мицрачи́п
42300,мицрачи́пѣ
42301,мицрачи́пи
42302,ми́црачипи
42303,мицрачи́п
42304,мицрачипо́мъ
42305,мицрачипѣ́хъ
42306,xxx
42307,xxx
42308,xxx
42309,xxx
42310,милашьцѣ́
42311,милашькѣ́
42312,милашьцѫ́
42313,ми́лашьцаю
42314,ми́лашьци
42315,мила́шьцъ
42316,ми́лашьцами
42317,xxx
42318,ми́литаризациѣ
42319,ми́литаризациы
42320,ми́литаризациамъ
42321,ми́литаризациы
42322,ми́литаризациами
42323,xxx
42324,xxx
42325,xxx
42326,xxx
42327,xxx
42328,xxx
42329,xxx
42330,xxx
42331,xxx
42332,xxx
42333,xxx
42334,xxx
42335,xxx
42336,xxx
42337,xxx
42338,xxx
42339,xxx
42340,xxx
42341,xxx
42342,xxx
42343,xxx
42344,xxx
42345,xxx
42346,xxx
42347,xxx
42348,xxx
42349,xxx
42350,xxx
42351,xxx
42352,xxx
42353,xxx
42354,ми́нираваниа
42355,ми́нираваниа
42356,ми́нираваниу
42357,ми́нираваниа
42358,ми́нираваниамь
42359,xxx
42360,xxx
42361,xxx
42362,xxx
42363,xxx
42364,xxx
42365,xxx
42366,xxx
42367,xxx
42368,xxx
42369,xxx
42370,xxx
42371,xxx
42372,xxx
42373,xxx
42374,минча́ньци
42375,ми́нчаньцаю
42376,минча́ньки
42377,ми́нчаньци
42378,минча́ньци
42379,xxx
42380,xxx
42381,xxx
42382,xxx
42383,xxx
42384,xxx
42385,xxx
42386,xxx
42387,xxx
42388,xxx
42389,xxx
42390,xxx
42391,xxx
42392,xxx
42393,xxx
42394,ми́тахандриа
42395,ми́тахандриѣ
42396,ми́тахандри
42397,митахандриа́хъ
42398,митахандриа́хъ
42399,xxx
42400,xxx
42401,xxx
42402,xxx
42403,xxx
42404,ми́флагии
42405,ми́флагиаю
42406,ми́флагиы
42407,ми́флагиами
42408,xxx
42409,xxx
42410,xxx
42411,xxx
42412,xxx
42413,xxx
42414,xxx
42415,мно́гаславиа
42416,мнагаслави́
42417,мнагаслави́амъ
42418,xxx
42419,мнагатачио́
42420,мнагатачи́а
42421,мнагатачи́ѣ
42422,мно́гатачиа
42423,мнагатачи́
42424,мно́житель
42425,мно́жители
42426,мно́жители
42427,мно́жителии
42428,мно́жительми
42429,xxx
42430,мо́вѣшьца
42431,мо́вѣшьцѣ
42432,мо́вѣшьцъ
42433,xxx
42434,xxx
42435,xxx
42436,мо́гильцаю
42437,мо́гильцѣ
42438,мо́гильци
42439,мо́гильцами
42440,магильца́хъ
42441,магуще́ства
42442,мо́гуществамь
42443,магуще́ствѣ
42444,магуще́ства
42445,магуществѣ́хъ
42446,xxx
42447,xxx
42448,xxx
42449,xxx
42450,xxx
42451,мо́дератар
42452,xxx
42453,xxx
42454,мадистька́мъ
42455,мади́стькы
42456,мо́дистьцами
42457,xxx
42458,xxx
42459,xxx
42460,xxx
42461,xxx
42462,xxx
42463,мо́заицѣ
42464,мо́заици
42465,мазаи́цамъ
42466,мо́йьца
42467,мо́йьцаю
42468,мо́йькъ
42469,мо́йькы
42470,майька́хъ
42471,xxx
42472,xxx
42473,xxx
42474,xxx
42475,xxx
42476,xxx
42477,xxx
42478,xxx
42479,xxx
42480,xxx
42481,мо́либден
42482,мо́либден
42483,мо́либдена
42484,мо́либденамь
42485,маллю́сьцъ
42486,маллюсьцо́мъ
42487,маллю́сьци
42488,xxx
42489,xxx
42490,xxx
42491,младажё́на
42492,младажёну́
42493,мла́дажёнамь
42494,маладажё́нѣ
42495,мла́дажёни
42496,младажёно́мъ
42497,маладажё́ны
42498,младажё́ны
42499,мла́дчиц
42500,мла́дчицамь
42501,мла́дчицѣ
42502,мла́дчици
42503,xxx
42504,xxx
42505,xxx
42506,xxx
42507,xxx
42508,xxx
42509,xxx
42510,xxx
42511,мо́мардицѣ
42512,мо́мардицѫ
42513,мо́мардици
42514,мо́мардицами
42515,мо́нархиы
42516,манархи́
42517,xxx
42518,манашьца́
42519,манашьцо́ю
42520,манашько́ю
42521,мана́шькамъ
42522,мана́шьци
42523,мана́шьцахъ
42524,мо́нгальки
42525,манго́льцахъ
42526,xxx
42527,xxx
42528,мо́нетьци
42529,манетьцо́ю
42530,xxx
42531,xxx
42532,xxx
42533,xxx
42534,мо́нитара
42535,мо́нитару
42536,мо́нитар
42537,мо́нитары
42538,xxx
42539,xxx
42540,манаграфиа́
42541,манаграфиѣ́
42542,манаграфиѫ́
42543,манаграфи́ы
42544,xxx
42545,xxx
42546,xxx
42547,xxx
42548,xxx
42549,xxx
42550,xxx
42551,манапане́ль
42552,манапане́ли
42553,мо́напанели
42554,манапане́лии
42555,манапане́ли
42556,мо́напанельми
42557,xxx
42558,xxx
42559,манапальца́
42560,манапо́льци
42561,манапо́льци
42562,манапальцѣ́
42563,манапальцѣ́
42564,xxx
42565,xxx
42566,мо́натѣизмъ
42567,мо́натѣизмамь
42568,мо́натѣизмѣ
42569,мо́натизмъ
42570,манатѣизмѣ́хъ
42571,xxx
42572,xxx
42573,xxx
42574,xxx
42575,xxx
42576,xxx
42577,xxx
42578,xxx
42579,xxx
42580,xxx
42581,xxx
42582,xxx
42583,xxx
42584,xxx
42585,xxx
42586,xxx
42587,xxx
42588,xxx
42589,xxx
42590,мо́рдачьци
42591,мо́рдачьцъ
42592,мо́рдачьци
42593,мо́ркавьци
42594,мо́ркавьци
42595,марко́вьцамъ
42596,мо́ркавьцами
42597,xxx
42598,xxx
42599,xxx
42600,xxx
42601,мразилька́
42602,маразильца́мъ
42603,марази́льци
42604,мра́зильцами
42605,xxx
42606,мо́рфлагии
42607,мо́рфлагиамъ
42608,марфлагиа́хъ
42609,xxx
42610,xxx
42611,мо́рщиньци
42612,марщиньца́хъ
42613,марщиньца́хъ
42614,xxx
42615,масквичьца́
42616,масквичько́ю
42617,маскви́чькы
42618,маскви́чькахъ
42619,маски́та
42620,мо́скитамь
42621,маски́тѣ
42622,маски́тѣ
42623,маски́т
42624,маски́ты
42625,масти́ц
42626,мастицу́
42627,масти́цѣ
42628,масти́ци
42629,мастицо́мъ
42630,xxx
42631,xxx
42632,xxx
42633,xxx
42634,xxx
42635,xxx
42636,xxx
42637,xxx
42638,xxx
42639,xxx
42640,xxx
42641,xxx
42642,матралле́р
42643,матралле́ра
42644,матаралле́ра
42645,матралле́р
42646,матараллеро́мъ
42647,матраллерѣ́хъ
42648,xxx
42649,xxx
42650,xxx
42651,xxx
42652,xxx
42653,xxx
42654,xxx
42655,xxx
42656,машанька́
42657,мо́шаньки
42658,машо́ньцъ
42659,машо́нькъ
42660,машо́ньцамъ
42661,мо́шаньками
42662,xxx
42663,xxx
42664,xxx
42665,xxx
42666,xxx
42667,xxx
42668,xxx
42669,мра́кабесиу
42670,мра́кабесиамь
42671,мра́кабесиамъ
42672,мра́кабесиа
42673,xxx
42674,xxx
42675,xxx
42676,xxx
42677,xxx
42678,xxx
42679,xxx
42680,мудре́ца
42681,му́дрецамь
42682,мудре́ци
42683,xxx
42684,xxx
42685,xxx
42686,xxx
42687,xxx
42688,xxx
42689,xxx
42690,xxx
42691,xxx
42692,xxx
42693,xxx
42694,xxx
42695,xxx
42696,xxx
42697,xxx
42698,xxx
42699,мужичо́ка
42700,му́жичаки
42701,мужичако́мъ
42702,му́жичакы
42703,му́жичакы
42704,му́жичакы
42705,xxx
42706,xxx
42707,xxx
42708,xxx
42709,xxx
42710,xxx
42711,xxx
42712,xxx
42713,xxx
42714,xxx
42715,xxx
42716,xxx
42717,xxx
42718,xxx
42719,xxx
42720,xxx
42721,xxx
42722,xxx
42723,xxx
42724,мутагѣну́
42725,мутагѣ́н
42726,мутагѣно́мъ
42727,xxx
42728,xxx
42729,xxx
42730,xxx
42731,мутациѫ́
42732,мутаци́ѣ
42733,мутаци́ы
42734,му́тациами
42735,xxx
42736,xxx
42737,xxx
42738,xxx
42739,xxx
42740,xxx
42741,xxx
42742,xxx
42743,xxx
42744,xxx
42745,xxx
42746,му́чениа
42747,мученио́мъ
42748,му́чениы
42749,xxx
42750,xxx
42751,xxx
42752,xxx
42753,xxx
42754,мщени́а
42755,мще́ниа
42756,мще́ниа
42757,мщенио́мъ
42758,xxx
42759,xxx
42760,xxx
42761,xxx
42762,мы́шелавьци
42763,мы́шелавьцѫ
42764,мы́шелавьци
42765,мы́шелавькы
42766,мышленио́
42767,мышленио́
42768,мышленио́мъ
42769,мышлени́а
42770,мышано́к
42771,мышанако́мъ
42772,мышано́кы
42773,мы́шанакы
42774,мы́шьяк
42775,мы́шьяка
42776,мы́шьякамъ
42777,мы́шьякы
42778,xxx
42779,xxx
42780,xxx
42781,xxx
42782,xxx
42783,xxx
42784,xxx
42785,xxx
42786,xxx
42787,xxx
42788,xxx
42789,xxx
42790,мясару́бьцѫ
42791,мясарубьцо́ю
42792,мя́сарубьки
42793,мясару́бьцъ
42794,мя́сарубьцами
42795,мясару́бьцахъ
42796,xxx
42797,xxx
42798,xxx
42799,мячи́ц
42800,мя́чицамь
42801,мячицо́мъ
42802,мячи́ци
42803,мя́чици
42804,мячицѣ́хъ
42805,xxx
42806,xxx
42807,на́бег
42808,на́бегу
42809,на́бегамь
42810,на́бег
42811,xxx
42812,xxx
42813,xxx
42814,на́брасак
42815,на́брасаку
42816,на́брасакамь
42817,на́брасаки
42818,на́брасакамъ
42819,xxx
42820,xxx
42821,xxx
42822,xxx
42823,xxx
42824,xxx
42825,xxx
42826,xxx
42827,xxx
42828,xxx
42829,на́вивьца
42830,на́вивькѫ
42831,на́вивьцаю
42832,на́вивьцамъ
42833,на́вивьци
42834,на́вивьцами
42835,xxx
42836,xxx
42837,на́визациа
42838,на́визациы
42839,на́визациѫ
42840,на́визациаю
42841,на́визациы
42842,на́вадьцаю
42843,на́вадьки
42844,xxx
42845,навадчи́ц
42846,навадчи́ц
42847,xxx
42848,xxx
42849,нагайьца́
42850,нагайька́
42851,нага́йькѫ
42852,на́гайьци
42853,нага́йькы
42854,на́гайьцами
42855,xxx
42856,xxx
42857,xxx
42858,на́гавар
42859,нагаварѣ́хъ
42860,xxx
42861,xxx
42862,xxx
42863,xxx
42864,xxx
42865,xxx
42866,xxx
42867,xxx
42868,нагру́зьцѣ
42869,нагрузьца́мъ
42870,на́грузьцами
42871,нагрузька́хъ
42872,на́дбавьци
42873,на́дбавьци
42874,на́дбавьки
42875,на́дбавьцами
42876,на́дграбиа
42877,на́дграбиамь
42878,на́дграбиѣ
42879,xxx
42880,xxx
42881,на́дкаленница
42882,на́дкаленницу
42883,на́дкаленницѣ
42884,на́дкаленници
42885,на́дкаленниц
42886,на́дкаленниц
42887,xxx
42888,xxx
42889,xxx
42890,xxx
42891,xxx
42892,xxx
42893,надстрайькѫ́
42894,на́дстрайьци
42895,надстро́йьцъ
42896,надстрайьца́мъ
42897,надстрайька́хъ
42898,xxx
42899,xxx
42900,xxx
42901,xxx
42902,xxx
42903,xxx
42904,xxx
42905,на́живьки
42906,наживьцо́ю
42907,на́живьци
42908,на́живьцами
42909,на́живьцами
42910,xxx
42911,xxx
42912,назиданио́
42913,назидани́ѣ
42914,на́зиданиа
42915,на́зиданиы
42916,xxx
42917,xxx
42918,xxx
42919,xxx
42920,xxx
42921,xxx
42922,xxx
42923,xxx
42924,на́каливаниу
42925,на́каливаниу
42926,накаливани́амь
42927,на́каливаниы
42928,на́каливаниы
42929,xxx
42930,накидьца́
42931,на́кидькы
42932,на́кладьцѣ
42933,накладьцо́ю
42934,на́кладьцѣ
42935,наклейькѫ́
42936,на́клейьци
42937,накле́йькъ
42938,наклейьца́мъ
42939,наклейька́мъ
42940,xxx
42941,xxx
42942,xxx
42943,xxx
42944,xxx
42945,xxx
42946,наканични́ц
42947,наканѣчни́цѣ
42948,на́канѣчници
42949,наканѣчни́ц
42950,наканѣчни́ц
42951,наканѣчницо́мъ
42952,на́канѣчници
42953,налаживанио́
42954,на́лаживаниу
42955,на́лаживаниу
42956,налаживани́а
42957,налаживани́ѣхъ
42958,xxx
42959,xxx
42960,xxx
42961,xxx
42962,xxx
42963,xxx
42964,xxx
42965,xxx
42966,xxx
42967,xxx
42968,на́лагавиц
42969,на́лагавица
42970,на́лагавицамь
42971,на́лагавици
42972,на́лагавиц
42973,налагавицѣ́хъ
42974,xxx
42975,xxx
42976,xxx
42977,xxx
42978,xxx
42979,xxx
42980,xxx
42981,xxx
42982,xxx
42983,xxx
42984,xxx
42985,xxx
42986,xxx
42987,xxx
42988,xxx
42989,на́наметръ
42990,на́наметръ
42991,на́наметра
42992,на́наметръ
42993,на́наметры
42994,на́наметры
42995,нанаметрѣ́хъ
42996,нанатехнлагио́ю
42997,на́натехнлагиѣ
42998,xxx
42999,xxx
43000,xxx
43001,xxx
43002,xxx
43003,xxx
43004,xxx
43005,напёрсто́к
43006,напёрсто́кѣ
43007,напёрсто́к
43008,напёрстако́мъ
43009,на́пёрстакы
43010,написанио́
43011,написани́а
43012,написаниу́
43013,написанио́
43014,xxx
43015,xxx
43016,xxx
43017,xxx
43018,xxx
43019,xxx
43020,xxx
43021,xxx
43022,xxx
43023,xxx
43024,xxx
43025,xxx
43026,xxx
43027,наращиванио́
43028,наращиванио́
43029,на́ращиваниѣ
43030,на́ращиваниа
43031,наращивани́
43032,наращивани́
43033,наращивани́амъ
43034,наращивани́а
43035,xxx
43036,xxx
43037,xxx
43038,на́резьци
43039,на́резьцъ
43040,на́резькы
43041,на́резьцами
43042,на́резьками
43043,нарезьца́хъ
43044,xxx
43045,на́речиа
43046,xxx
43047,xxx
43048,xxx
43049,xxx
43050,xxx
43051,xxx
43052,xxx
43053,наркати́ц
43054,наркати́ц
43055,наркати́ца
43056,на́ркатици
43057,наркатицо́мъ
43058,наркати́ци
43059,на́ркатици
43060,на́радишьца
43061,наради́шькамь
43062,наради́шькъ
43063,наради́шька
43064,на́радишьци
43065,xxx
43066,xxx
43067,xxx
43068,xxx
43069,xxx
43070,xxx
43071,xxx
43072,xxx
43073,на́рушители
43074,на́рушительмъ
43075,на́рушители
43076,на́рушительми
43077,xxx
43078,xxx
43079,xxx
43080,xxx
43081,xxx
43082,xxx
43083,на́силии
43084,на́силиа
43085,на́силиа
43086,насилиѣ́хъ
43087,насилиѣ́хъ
43088,xxx
43089,xxx
43090,xxx
43091,xxx
43092,xxx
43093,xxx
43094,xxx
43095,на́следиа
43096,наследио́мъ
43097,на́следиы
43098,xxx
43099,xxx
43100,xxx
43101,xxx
43102,xxx
43103,на́смѣшьцѫ
43104,на́смѣшьцаю
43105,xxx
43106,xxx
43107,xxx
43108,на́стайьци
43109,насто́йьци
43110,настайька́хъ
43111,xxx
43112,xxx
43113,на́страйьци
43114,на́страйькъ
43115,на́страйьци
43116,на́страйьцами
43117,на́страйщиц
43118,на́страйщиц
43119,на́страйщици
43120,xxx
43121,нати́сьца
43122,нати́сьцѣ
43123,на́тисьци
43124,натри́
43125,натри́а
43126,на́трии
43127,натриѣ́хъ
43128,xxx
43129,xxx
43130,xxx
43131,xxx
43132,xxx
43133,xxx
43134,xxx
43135,xxx
43136,xxx
43137,xxx
43138,на́тяжьци
43139,на́тяжьцаю
43140,на́тяжьцъ
43141,на́тяжьцъ
43142,xxx
43143,xxx
43144,xxx
43145,xxx
43146,xxx
43147,xxx
43148,xxx
43149,xxx
43150,xxx
43151,на́хадьци
43152,нахадьцо́ю
43153,нахо́дьцахъ
43154,xxx
43155,xxx
43156,xxx
43157,xxx
43158,xxx
43159,xxx
43160,xxx
43161,xxx
43162,xxx
43163,на́цистьца
43164,на́цистькаю
43165,на́цистьци
43166,на́цистьцами
43167,xxx
43168,xxx
43169,xxx
43170,xxx
43171,xxx
43172,начинанио́
43173,на́чинаниу
43174,начинани́амь
43175,начинани́
43176,на́чинаниы
43177,xxx
43178,нашествио́
43179,нашестви́а
43180,на́шествиѣ
43181,нашестви́амъ
43182,нашестви́ѣхъ
43183,не́брежениѣ
43184,небрежени́амъ
43185,не́брежениы
43186,xxx
43187,невежа́
43188,невежѣ́
43189,неве́жи
43190,невежа́мъ
43191,неве́жи
43192,неве́жи
43193,невежа́хъ
43194,xxx
43195,xxx
43196,xxx
43197,неверио́
43198,невери́амь
43199,невери́ѣхъ
43200,xxx
43201,xxx
43202,нѣвѣстьца́
43203,нѣ́вистьки
43204,нѣвѣ́стьци
43205,xxx
43206,xxx
43207,xxx
43208,xxx
43209,невыпалненио́
43210,не́выпалнениамь
43211,невыпалненио́мъ
43212,xxx
43213,xxx
43214,xxx
43215,xxx
43216,xxx
43217,не́гритяньцѣ
43218,негритя́ньцѫ
43219,негритя́нькѫ
43220,негритя́ньци
43221,не́гритяньцами
43222,не́гритяньками
43223,xxx
43224,не́дельци
43225,не́дельцаю
43226,не́дельци
43227,не́дельци
43228,не́дельцъ
43229,недержанио́
43230,не́держаниамь
43231,недержани́ѣ
43232,недержани́
43233,не́даверчивасъть
43234,не́даверчивасъти
43235,не́даверчивасъти
43236,xxx
43237,недаимьца́
43238,не́даимьцѣ
43239,недапустимо́съти
43240,не́дапустимасъти
43241,недапустимо́сътьмъ
43242,недапустимо́съти
43243,не́дапустимасътьми
43244,недаразуменио́
43245,недаразумени́и
43246,не́даразумениа
43247,не́даразумениа
43248,недаразуменио́мъ
43249,недауменио́
43250,недауменио́
43251,не́даумениу
43252,недаумени́а
43253,не́даумениѣ
43254,недаумени́ѣхъ
43255,недаумени́ихъ
43256,xxx
43257,xxx
43258,нежданчицу́
43259,нежданчи́ц
43260,нежданчи́ц
43261,не́жданчици
43262,нежданчицо́мъ
43263,нежеланио́
43264,не́забудькы
43265,не́забудькъ
43266,не́забудьцамъ
43267,не́забудькы
43268,нѣзнанио́
43269,низнанио́
43270,нѣ́знаниа
43271,нѣзнани́амь
43272,нѣ́знаниа
43273,нѣ́знаниа
43274,xxx
43275,не́испалнениа
43276,неиспалнени́а
43277,не́испалнениы
43278,xxx
43279,xxx
43280,xxx
43281,xxx
43282,xxx
43283,xxx
43284,нѣкрафилиѫ́
43285,нѣкрафилиа́мъ
43286,xxx
43287,xxx
43288,xxx
43289,xxx
43290,xxx
43291,xxx
43292,xxx
43293,xxx
43294,xxx
43295,xxx
43296,xxx
43297,xxx
43298,xxx
43299,xxx
43300,xxx
43301,xxx
43302,не́любави
43303,не́любави
43304,нелюбо́вьхъ
43305,не́люди
43306,не́людьми
43307,нелю́дьхъ
43308,не́мькы
43309,не́мьци
43310,не́мькы
43311,не́мьцъ
43312,не́мькъ
43313,не́мьцамъ
43314,xxx
43315,xxx
43316,xxx
43317,немо́щь
43318,немо́щь
43319,немо́щии
43320,немо́щьмъ
43321,немо́щи
43322,xxx
43323,xxx
43324,неабхадимо́съти
43325,неабхадимо́съти
43326,неабхадимо́съти
43327,неабхадимо́съть
43328,не́абхадимасътьми
43329,xxx
43330,xxx
43331,нѣадназначнасъти́
43332,xxx
43333,неадабренио́
43334,не́адабрениу
43335,не́адабрениѣ
43336,не́адабрении
43337,неадабрени́ихъ
43338,нелаги́зма
43339,нелаги́змѣ
43340,нелаги́змъ
43341,нелагизмо́мъ
43342,xxx
43343,xxx
43344,xxx
43345,xxx
43346,xxx
43347,xxx
43348,xxx
43349,xxx
43350,xxx
43351,xxx
43352,неатлажьца́
43353,неатлажьцѣ́
43354,неатло́жьцѣ
43355,неатло́жьки
43356,неатло́жькъ
43357,xxx
43358,xxx
43359,xxx
43360,xxx
43361,xxx
43362,не́павинавениа
43363,не́павинавениа
43364,не́павинавени
43365,не́павинавениа
43366,xxx
43367,xxx
43368,xxx
43369,не́падчинениу
43370,не́падчинениа
43371,не́падчинениамъ
43372,не́падчинениа
43373,xxx
43374,xxx
43375,xxx
43376,xxx
43377,xxx
43378,xxx
43379,xxx
43380,xxx
43381,xxx
43382,xxx
43383,xxx
43384,нѣ́птуни
43385,нѣ́птуниѣ
43386,нѣ́птунии
43387,нѣ́птунии
43388,нѣ́птуниамъ
43389,xxx
43390,xxx
43391,xxx
43392,xxx
43393,xxx
43394,xxx
43395,xxx
43396,xxx
43397,xxx
43398,xxx
43399,xxx
43400,xxx
43401,xxx
43402,xxx
43403,xxx
43404,не́сениу
43405,не́сениамь
43406,не́сениамь
43407,не́сениы
43408,не́саблюдениа
43409,не́саблюдениа
43410,не́саблюдениа
43411,не́саблюдени
43412,не́саблюдениамъ
43413,не́саблюдениы
43414,не́саблюдениы
43415,несавместимо́съти
43416,несавместимо́сътии
43417,несавместимо́сътьмъ
43418,несагласи́а
43419,несагласиу́
43420,не́сагласиа
43421,несагласи́
43422,xxx
43423,xxx
43424,xxx
43425,xxx
43426,xxx
43427,xxx
43428,xxx
43429,нетерпени́а
43430,нетерпениу́
43431,нетерпени́
43432,xxx
43433,xxx
43434,xxx
43435,xxx
43436,xxx
43437,xxx
43438,xxx
43439,xxx
43440,xxx
43441,xxx
43442,xxx
43443,xxx
43444,не́увязьцѣ
43445,неувя́зьци
43446,xxx
43447,не́удабствамъ
43448,не́удабства
43449,xxx
43450,xxx
43451,xxx
43452,xxx
43453,xxx
43454,xxx
43455,xxx
43456,нефриту́
43457,нефри́т
43458,не́фрити
43459,нефри́ты
43460,xxx
43461,xxx
43462,xxx
43463,xxx
43464,xxx
43465,не́хватьцаю
43466,нехва́тьцѣ
43467,нехватьца́мъ
43468,xxx
43469,xxx
43470,xxx
43471,xxx
43472,xxx
43473,xxx
43474,xxx
43475,xxx
43476,xxx
43477,xxx
43478,xxx
43479,xxx
43480,xxx
43481,xxx
43482,xxx
43483,xxx
43484,xxx
43485,xxx
43486,xxx
43487,xxx
43488,xxx
43489,xxx
43490,xxx
43491,xxx
43492,xxx
43493,xxx
43494,xxx
43495,xxx
43496,xxx
43497,xxx
43498,xxx
43499,xxx
43500,но́белиа
43501,но́белиѣ
43502,но́белии
43503,но́белиамъ
43504,но́белиы
43505,xxx
43506,но́вациы
43507,но́ваци
43508,xxx
43509,xxx
43510,xxx
43511,xxx
43512,xxx
43513,xxx
43514,но́винькы
43515,но́винькъ
43516,но́виньцамъ
43517,но́виньци
43518,но́виньцами
43519,навиньца́хъ
43520,но́вавведениу
43521,нававведени́
43522,нававведени́ѣхъ
43523,xxx
43524,но́вастрайьца
43525,но́вастрайьца
43526,но́вастрайьци
43527,но́вастрайькамъ
43528,но́вастрайькы
43529,но́вастрайьцами
43530,навастрайьца́хъ
43531,навастрайька́хъ
43532,xxx
43533,xxx
43534,но́гатака
43535,но́гатакы
43536,но́гатакы
43537,xxx
43538,xxx
43539,xxx
43540,xxx
43541,xxx
43542,но́женьци
43543,но́женьци
43544,но́женьцъ
43545,наженьца́хъ
43546,нажицо́мъ
43547,нажицо́мъ
43548,нажицѣ́хъ
43549,но́жьца
43550,но́жьки
43551,но́жькаю
43552,но́жьцѣ
43553,но́жьцами
43554,но́жавьцѣ
43555,но́жавьцѣ
43556,нажо́вьцамъ
43557,нажанька́
43558,но́жаньцѣ
43559,но́жаньцѣ
43560,но́жаньци
43561,нажо́ньцамъ
43562,нажо́нькы
43563,xxx
43564,xxx
43565,xxx
43566,xxx
43567,xxx
43568,xxx
43569,xxx
43570,xxx
43571,xxx
43572,xxx
43573,xxx
43574,xxx
43575,но́рвѣжьца
43576,но́рвижька
43577,но́рвѣжьцѣ
43578,но́рвѣжьцаю
43579,но́рвижькаю
43580,xxx
43581,xxx
43582,xxx
43583,xxx
43584,наси́ц
43585,наси́ци
43586,но́сици
43587,наси́ци
43588,но́стальгии
43589,настальзио́ю
43590,настальзи́
43591,но́стальзиами
43592,настальги́ахъ
43593,xxx
43594,xxx
43595,xxx
43596,но́тьца
43597,но́тьцъ
43598,но́тькамъ
43599,xxx
43600,xxx
43601,xxx
43602,науту́
43603,науто́мъ
43604,начёвьца́
43605,начё́вьцъ
43606,начё́вьцамъ
43607,но́чёвьцами
43608,но́чькы
43609,но́чьцѣ
43610,но́чьки
43611,начьца́хъ
43612,xxx
43613,но́члежьци
43614,начле́жьцамъ
43615,начле́жьцахъ
43616,xxx
43617,но́шениѣ
43618,но́шениа
43619,но́шениамъ
43620,нашениѣ́хъ
43621,xxx
43622,xxx
43623,xxx
43624,xxx
43625,xxx
43626,xxx
43627,xxx
43628,xxx
43629,xxx
43630,xxx
43631,xxx
43632,нуклеу́с
43633,нуклеу́сѣ
43634,нуклеу́сы
43635,ну́клеусы
43636,xxx
43637,xxx
43638,xxx
43639,xxx
43640,xxx
43641,xxx
43642,xxx
43643,xxx
43644,xxx
43645,xxx
43646,xxx
43647,xxx
43648,xxx
43649,xxx
43650,xxx
43651,xxx
43652,xxx
43653,ня́нечькы
43654,ня́нечьки
43655,няне́чькѫ
43656,нянечьцо́ю
43657,няне́чьцъ
43658,ня́ньцаю
43659,ня́ньци
43660,няньца́хъ
43661,xxx
43662,xxx
43663,xxx
43664,xxx
43665,абаи́м
43666,абаи́м
43667,абаи́мы
43668,о́бакъшами
43669,о́батурамь
43670,xxx
43671,xxx
43672,xxx
43673,xxx
43674,xxx
43675,xxx
43676,xxx
43677,xxx
43678,xxx
43679,абизваживаѣмо́съти
43680,о́бѣзваживаѣмасъти
43681,абѣзваживаѣмо́съти
43682,абизваживаимо́сътьхъ
43683,xxx
43684,xxx
43685,абѣзьяньца́
43686,о́бѣзьяньцаю
43687,абѣзья́ньцъ
43688,абизьянька́мъ
43689,абѣзья́ньци
43690,о́безьяначелавака
43691,абезьяначелавѣ́хъ
43692,о́билиськамь
43693,абѣли́сьцѣ
43694,о́билиськи
43695,о́билиськы
43696,xxx
43697,xxx
43698,о́бъжи
43699,о́бъжи
43700,о́бъжѫ
43701,о́бъжаю
43702,о́бъжаю
43703,о́бъжи
43704,о́бъжами
43705,xxx
43706,xxx
43707,xxx
43708,xxx
43709,xxx
43710,xxx
43711,о́бидчици
43712,о́бидчиц
43713,о́бидчицамъ
43714,о́билиа
43715,о́билиу
43716,абили́а
43717,абили́
43718,абили́амъ
43719,xxx
43720,xxx
43721,xxx
43722,xxx
43723,xxx
43724,абладате́ли
43725,абладате́ли
43726,о́бладатели
43727,абладате́льмъ
43728,о́блачьцу
43729,о́блачьца
43730,о́блачьца
43731,аблачькѣ́хъ
43732,xxx
43733,абливани́а
43734,абливани́а
43735,о́бливаниа
43736,аблизациѣ́
43737,аблизациа́мъ
43738,аблизаци́ы
43739,аблизациа́хъ
43740,xxx
43741,xxx
43742,xxx
43743,xxx
43744,xxx
43745,xxx
43746,xxx
43747,xxx
43748,о́бламака
43749,о́бламаку
43750,о́бламакамь
43751,о́бламакы
43752,абманщицу́
43753,о́бманщици
43754,о́бманщици
43755,о́бмраки
43756,о́бмракамъ
43757,о́бмракы
43758,о́бмаракы
43759,xxx
43760,xxx
43761,xxx
43762,xxx
43763,xxx
43764,xxx
43765,о́багащѣниа
43766,о́багащиниу
43767,о́багащѣниамъ
43768,о́багревательѭ
43769,о́багреватели
43770,о́багревателии
43771,о́багревательми
43772,xxx
43773,xxx
43774,xxx
43775,xxx
43776,xxx
43777,абажатели́
43778,о́бажатели
43779,абажате́лии
43780,абажате́льмъ
43781,абажате́ли
43782,xxx
43783,xxx
43784,о́базначениа
43785,о́базначениа
43786,о́базначениа
43787,о́базначени
43788,о́базначениа
43789,о́базначениы
43790,абазначениѣ́хъ
43791,xxx
43792,xxx
43793,xxx
43794,xxx
43795,xxx
43796,xxx
43797,xxx
43798,абало́чьци
43799,абалачьцѫ́
43800,о́блачькаю
43801,абало́чьцѣ
43802,о́блачькы
43803,аблачька́мъ
43804,xxx
43805,абаро́ньци
43806,абра́нькы
43807,абра́ньцѣ
43808,абра́ньки
43809,абаро́ньцъ
43810,абранька́мъ
43811,абра́ньци
43812,абраньца́хъ
43813,абараньца́хъ
43814,xxx
43815,xxx
43816,xxx
43817,xxx
43818,xxx
43819,xxx
43820,xxx
43821,xxx
43822,xxx
43823,xxx
43824,абрезо́к
43825,абрезаку́
43826,абрезо́к
43827,абрезо́кы
43828,xxx
43829,xxx
43830,xxx
43831,xxx
43832,xxx
43833,xxx
43834,xxx
43835,xxx
43836,xxx
43837,абрыво́к
43838,абрыво́кѣ
43839,о́брываки
43840,абрыво́к
43841,абрывако́мъ
43842,xxx
43843,xxx
43844,абсда́ч
43845,о́бслуга
43846,о́бслугѫ
43847,о́бслугы
43848,о́бслугамъ
43849,о́бтекатели
43850,о́бтекательми
43851,абу́х
43852,абу́х
43853,абу́хѣ
43854,абухо́мъ
43855,абухо́мъ
43856,xxx
43857,о́бушака
43858,о́бушаку
43859,о́бушаки
43860,о́бушакамъ
43861,о́бушакы
43862,о́бушакы
43863,xxx
43864,xxx
43865,xxx
43866,xxx
43867,xxx
43868,абща́кы
43869,о́бщакы
43870,xxx
43871,xxx
43872,xxx
43873,xxx
43874,xxx
43875,xxx
43876,xxx
43877,абъёмчи́ц
43878,о́бъёмчици
43879,абъёмчицо́мъ
43880,абъёмчи́ци
43881,абъёмчи́ци
43882,xxx
43883,xxx
43884,xxx
43885,xxx
43886,xxx
43887,xxx
43888,xxx
43889,xxx
43890,xxx
43891,xxx
43892,абыча́
43893,абыча́
43894,абыча́ы
43895,абыча́ы
43896,абыча́ы
43897,о́бычаы
43898,абычаѣ́хъ
43899,xxx
43900,xxx
43901,аваци́ы
43902,аваци́ы
43903,о́вациы
43904,аваци́
43905,аваци́
43906,xxx
43907,о́вечьци
43908,авечько́ю
43909,о́вечьци
43910,аве́чькъ
43911,о́вечьками
43912,о́владениа
43913,о́владениа
43914,о́владениы
43915,о́вцебык
43916,о́вцебыку
43917,о́вцебык
43918,о́вцебыкамъ
43919,авцебыкѣ́хъ
43920,о́вчарька
43921,о́вчарьци
43922,о́вчарьци
43923,о́вчарькы
43924,о́вчарьцами
43925,о́вчарьцами
43926,xxx
43927,xxx
43928,xxx
43929,о́глядькы
43930,о́глядькы
43931,агля́дькъ
43932,о́глядьцами
43933,агля́дьцахъ
43934,xxx
43935,xxx
43936,xxx
43937,агниво́
43938,о́гнива
43939,xxx
43940,xxx
43941,xxx
43942,xxx
43943,xxx
43944,xxx
43945,xxx
43946,xxx
43947,о́грызаки
43948,агрызо́к
43949,xxx
43950,xxx
43951,xxx
43952,xxx
43953,xxx
43954,xxx
43955,xxx
43956,xxx
43957,xxx
43958,xxx
43959,xxx
43960,xxx
43961,xxx
43962,xxx
43963,xxx
43964,xxx
43965,адиначька́
43966,адино́чьцамъ
43967,адино́чькы
43968,о́диначьцами
43969,о́диначьками
43970,xxx
43971,xxx
43972,xxx
43973,xxx
43974,xxx
43975,xxx
43976,xxx
43977,xxx
43978,xxx
43979,xxx
43980,xxx
43981,xxx
43982,xxx
43983,xxx
43984,xxx
43985,xxx
43986,xxx
43987,xxx
43988,xxx
43989,аживите́льмъ
43990,аживите́льмъ
43991,аживите́льмъ
43992,аживите́льхъ
43993,xxx
43994,xxx
43995,xxx
43996,xxx
43997,xxx
43998,xxx
43999,xxx
44000,xxx
44001,xxx
44002,xxx
44003,xxx
44004,xxx
44005,xxx
44006,xxx
44007,xxx
44008,xxx
44009,xxx
44010,о́ккупациа
44011,о́ккупациѫ
44012,о́ккупациаю
44013,о́ккупациаю
44014,о́ккупациамъ
44015,xxx
44016,xxx
44017,xxx
44018,xxx
44019,xxx
44020,xxx
44021,xxx
44022,xxx
44023,xxx
44024,xxx
44025,о́краськи
44026,о́красьци
44027,xxx
44028,xxx
44029,о́криц
44030,о́крица
44031,о́крици
44032,о́крицамъ
44033,о́крици
44034,о́крашьци
44035,о́крашьки
44036,о́крашьцамъ
44037,о́крашьци
44038,о́крашькы
44039,xxx
44040,xxx
44041,xxx
44042,xxx
44043,xxx
44044,xxx
44045,xxx
44046,xxx
44047,xxx
44048,xxx
44049,xxx
44050,xxx
44051,xxx
44052,xxx
44053,xxx
44054,xxx
44055,акуро́к
44056,алади́цѣ
44057,алади́ци
44058,о́ладици
44059,алади́ци
44060,аладицѣ́хъ
44061,о́леат
44062,о́леата
44063,о́леат
44064,алеатѣ́хъ
44065,xxx
44066,xxx
44067,о́лицитвариниа
44068,о́лицѣтварѣниу
44069,о́лицѣтварѣниамь
44070,алицѣтварѣниѣ́хъ
44071,xxx
44072,xxx
44073,xxx
44074,xxx
44075,xxx
44076,о́мбудсмени
44077,о́мбудсмены
44078,о́мбудсмены
44079,xxx
44080,xxx
44081,амѣрзѣнио́
44082,амирзинио́
44083,о́мирзиниа
44084,амѣрзѣни́а
44085,о́мирзиниа
44086,о́мавениа
44087,о́мавениа
44088,о́мавениа
44089,о́мавениѣ
44090,о́мавениамъ
44091,xxx
44092,xxx
44093,xxx
44094,о́маграфи
44095,амаграфо́мъ
44096,амаграфо́мъ
44097,xxx
44098,xxx
44099,xxx
44100,аму́та
44101,амуту́
44102,о́мути
44103,аму́т
44104,амуто́мъ
44105,амутѣ́хъ
44106,xxx
44107,xxx
44108,xxx
44109,о́ницъсамь
44110,аницъсѣ́хъ
44111,о́нклагиы
44112,о́нклагиаю
44113,о́нклагиами
44114,xxx
44115,xxx
44116,xxx
44117,xxx
44118,xxx
44119,xxx
44120,антлагиа́
44121,антлагиѣ́
44122,о́нтлагиаю
44123,антлагиа́хъ
44124,апалубьца́
44125,о́палубьцѣ
44126,о́палубьки
44127,апалубьцо́ю
44128,апалубько́ю
44129,о́палубькы
44130,апалу́бьцъ
44131,апалу́бьцахъ
44132,апалу́бькахъ
44133,xxx
44134,xxx
44135,xxx
44136,аперато́ра
44137,xxx
44138,xxx
44139,xxx
44140,xxx
44141,о́печатьца
44142,о́печатька
44143,о́печатьци
44144,о́печатькы
44145,о́печатьками
44146,о́пёнаки
44147,апёно́к
44148,апёнако́мъ
44149,о́пёнакы
44150,о́писаниамь
44151,о́писаниамь
44152,аписани́ѣ
44153,аписани́
44154,аписаниѣ́хъ
44155,xxx
44156,xxx
44157,xxx
44158,xxx
44159,xxx
44160,xxx
44161,xxx
44162,xxx
44163,xxx
44164,xxx
44165,xxx
44166,xxx
44167,xxx
44168,xxx
44169,xxx
44170,xxx
44171,xxx
44172,xxx
44173,xxx
44174,xxx
44175,xxx
44176,xxx
44177,xxx
44178,xxx
44179,xxx
44180,xxx
44181,xxx
44182,xxx
44183,xxx
44184,о́правьца
44185,о́правьцѣ
44186,о́правьцѣ
44187,о́правьцамъ
44188,о́правьцамъ
44189,апресните́ли
44190,апресните́ли
44191,апресните́льмъ
44192,о́преснительми
44193,о́преснительми
44194,апресните́льхъ
44195,апричнина́
44196,апрични́ны
44197,апричнинѫ́
44198,апричнинѫ́
44199,о́причнинаю
44200,апричнина́мъ
44201,xxx
44202,xxx
44203,xxx
44204,xxx
44205,xxx
44206,xxx
44207,xxx
44208,xxx
44209,xxx
44210,xxx
44211,аптими́змъ
44212,аптими́змѣ
44213,аптими́змы
44214,о́птимисъту
44215,о́птимисътъ
44216,о́птимисътъ
44217,о́птимисътъ
44218,о́птимисъты
44219,о́птимисъты
44220,аптимисътѣ́хъ
44221,xxx
44222,xxx
44223,о́пусканиа
44224,о́пусканиа
44225,о́пускани
44226,о́пусканиы
44227,о́пусканиы
44228,апусканиѣ́хъ
44229,апусканиѣ́хъ
44230,xxx
44231,xxx
44232,xxx
44233,xxx
44234,xxx
44235,xxx
44236,xxx
44237,xxx
44238,xxx
44239,арганизаваннасъти́
44240,о́рганизаваннасъти
44241,о́рганизаваннасъти
44242,арганизаванно́сътьмъ
44243,арганизаванно́сътьмъ
44244,о́рганизаваннасътьми
44245,арганизаванно́сътьхъ
44246,xxx
44247,xxx
44248,арешеку́
44249,о́решеки
44250,арлёно́ка
44251,арлёно́к
44252,арлёно́кѣ
44253,xxx
44254,xxx
44255,xxx
44256,xxx
44257,xxx
44258,араграфиѣ́
44259,о́раграфиаю
44260,араграфиа́мъ
44261,араграфи́ы
44262,артадакси́ѫ
44263,артадаксио́ю
44264,xxx
44265,xxx
44266,xxx
44267,xxx
44268,xxx
44269,xxx
44270,xxx
44271,xxx
44272,xxx
44273,xxx
44274,о́саньца
44275,о́саньци
44276,о́саньцѣ
44277,о́санькаю
44278,о́санькы
44279,о́саньцами
44280,xxx
44281,о́свежитель
44282,о́свежительми
44283,xxx
44284,xxx
44285,xxx
44286,xxx
44287,xxx
44288,xxx
44289,xxx
44290,xxx
44291,xxx
44292,xxx
44293,xxx
44294,асело́к
44295,xxx
44296,о́сетиньцаю
44297,о́сетинькамъ
44298,о́сетиньцами
44299,xxx
44300,xxx
44301,аскла́к
44302,о́склакамь
44303,о́скалакамь
44304,асклако́мъ
44305,xxx
44306,о́слёнаку
44307,о́слёнаки
44308,xxx
44309,асми́
44310,асмиу́
44311,асмиу́
44312,о́смии
44313,xxx
44314,xxx
44315,xxx
44316,xxx
44317,xxx
44318,xxx
44319,аснавате́ли
44320,аснавате́лии
44321,аснавате́льмъ
44322,о́снавательми
44323,xxx
44324,xxx
44325,xxx
44326,xxx
44327,xxx
44328,xxx
44329,о́сабняку
44330,о́сабнякамь
44331,о́сабняк
44332,асабнякѣ́хъ
44333,xxx
44334,xxx
44335,xxx
44336,xxx
44337,ассуари́а
44338,ассуари́
44339,о́ссуариамь
44340,ассуари́ѣ
44341,о́ссуарии
44342,о́ссуарии
44343,ассуарио́мъ
44344,ассуари́ы
44345,xxx
44346,xxx
44347,xxx
44348,астраво́ка
44349,астраво́ка
44350,астравакѣ́хъ
44351,xxx
44352,xxx
44353,астывани́а
44354,о́стываниамь
44355,астывани́
44356,о́стываниы
44357,о́стываниы
44358,астываниѣ́хъ
44359,xxx
44360,xxx
44361,xxx
44362,xxx
44363,xxx
44364,xxx
44365,xxx
44366,xxx
44367,xxx
44368,xxx
44369,xxx
44370,xxx
44371,xxx
44372,xxx
44373,xxx
44374,xxx
44375,о́тверстиа
44376,о́тверстиу
44377,атверсти́ѣхъ
44378,атветчи́ца
44379,атветчи́ци
44380,о́тветчици
44381,xxx
44382,о́тгаварьки
44383,о́тгаварьцъ
44384,атгласо́ка
44385,атгласо́кѣ
44386,атгласако́мъ
44387,атгласо́кы
44388,xxx
44389,xxx
44390,атда́чѫ
44391,о́тдачѣ
44392,атда́ч
44393,атда́чы
44394,xxx
44395,xxx
44396,xxx
44397,атжи́за
44398,атжизу́
44399,xxx
44400,xxx
44401,xxx
44402,xxx
44403,xxx
44404,xxx
44405,xxx
44406,xxx
44407,xxx
44408,xxx
44409,xxx
44410,xxx
44411,xxx
44412,xxx
44413,о́ткрытаы
44414,аткрытао́ю
44415,аткрыта́
44416,аткрыта́
44417,аткрыта́ы
44418,xxx
44419,xxx
44420,xxx
44421,xxx
44422,xxx
44423,xxx
44424,xxx
44425,xxx
44426,xxx
44427,xxx
44428,о́тмразаку
44429,о́тмразак
44430,о́тмразакы
44431,атмразакѣ́хъ
44432,атмывани́а
44433,о́тмываниамь
44434,атмывани́ѣ
44435,о́тмываниа
44436,атмыванио́мъ
44437,xxx
44438,xxx
44439,xxx
44440,xxx
44441,xxx
44442,о́табражениу
44443,о́табражениѣ
44444,о́табражениа
44445,о́табражени
44446,о́табражениа
44447,о́табражениа
44448,xxx
44449,xxx
44450,xxx
44451,xxx
44452,xxx
44453,xxx
44454,xxx
44455,xxx
44456,о́тправьци
44457,о́тправьцѣ
44458,атправько́ю
44459,xxx
44460,xxx
44461,xxx
44462,xxx
44463,xxx
44464,xxx
44465,xxx
44466,xxx
44467,атрѣзаку́
44468,атрѣзо́кѣ
44469,атрѣзо́кы
44470,xxx
44471,xxx
44472,xxx
44473,xxx
44474,xxx
44475,xxx
44476,xxx
44477,атрисо́вькѫ
44478,о́трисавьци
44479,атрисо́вькахъ
44480,xxx
44481,xxx
44482,о́трастаку
44483,о́трастаку
44484,о́трастакѣ
44485,о́трастаки
44486,о́трастакы
44487,о́трачѣства
44488,о́трачиства
44489,о́трачѣствъ
44490,xxx
44491,xxx
44492,xxx
44493,xxx
44494,xxx
44495,xxx
44496,xxx
44497,xxx
44498,xxx
44499,xxx
44500,xxx
44501,xxx
44502,xxx
44503,xxx
44504,xxx
44505,xxx
44506,атставьцо́ю
44507,о́тставьцѣ
44508,о́тставьци
44509,атста́вьцъ
44510,атста́вьци
44511,xxx
44512,xxx
44513,xxx
44514,xxx
44515,xxx
44516,xxx
44517,xxx
44518,xxx
44519,xxx
44520,xxx
44521,xxx
44522,xxx
44523,xxx
44524,xxx
44525,xxx
44526,аттяжьцѣ́
44527,о́ттяжьцаю
44528,аттяжьца́хъ
44529,о́тхаднаѣ
44530,атхадна́ѫ
44531,атхаднао́ю
44532,о́тхаднаы
44533,атхадна́
44534,о́тхаднаами
44535,xxx
44536,xxx
44537,xxx
44538,xxx
44539,о́тцавства
44540,о́тцавстви
44541,о́тцавствамъ
44542,о́тцавствы
44543,о́тцавствы
44544,xxx
44545,xxx
44546,xxx
44547,xxx
44548,xxx
44549,xxx
44550,xxx
44551,xxx
44552,xxx
44553,xxx
44554,xxx
44555,xxx
44556,xxx
44557,xxx
44558,xxx
44559,xxx
44560,xxx
44561,xxx
44562,xxx
44563,xxx
44564,афтальмалаги́ы
44565,xxx
44566,о́хапьца
44567,о́хапьца
44568,о́хапьцѣ
44569,о́хапьцъ
44570,xxx
44571,xxx
44572,xxx
44573,xxx
44574,xxx
44575,xxx
44576,xxx
44577,xxx
44578,xxx
44579,xxx
44580,xxx
44581,xxx
44582,ачѣ́рьцъ
44583,ачѣ́рьца
44584,ачѣ́рьца
44585,ачечни́ца
44586,ачечни́ц
44587,ачечни́ц
44588,ачечни́ци
44589,xxx
44590,xxx
44591,xxx
44592,xxx
44593,xxx
44594,xxx
44595,о́шейницамь
44596,о́шейници
44597,xxx
44598,xxx
44599,павадо́ка
44600,павадаку́
44601,павадо́к
44602,павадо́к
44603,павадакѣ́хъ
44604,xxx
44605,xxx
44606,xxx
44607,xxx
44608,xxx
44609,па́дениа
44610,па́дениу
44611,падени́ѣхъ
44612,xxx
44613,xxx
44614,xxx
44615,xxx
44616,xxx
44617,xxx
44618,xxx
44619,xxx
44620,па́злу
44621,па́злъ
44622,па́злы
44623,па́злы
44624,пазлѣ́хъ
44625,па́зницу
44626,па́зниц
44627,xxx
44628,xxx
44629,па́китици
44630,пакѣтицѣ́хъ
44631,пакѣтицѣ́хъ
44632,xxx
44633,xxx
44634,xxx
44635,xxx
44636,па́кла
44637,па́клы
44638,пако́вьци
44639,пако́вьцѣ
44640,пако́вьки
44641,пако́вьци
44642,xxx
44643,xxx
44644,xxx
44645,xxx
44646,xxx
44647,xxx
44648,xxx
44649,xxx
44650,xxx
44651,xxx
44652,xxx
44653,палеаантрапалио́ю
44654,палеаантрапали́амъ
44655,па́леаантрапалиами
44656,xxx
44657,xxx
44658,xxx
44659,xxx
44660,xxx
44661,xxx
44662,xxx
44663,xxx
44664,xxx
44665,xxx
44666,xxx
44667,xxx
44668,xxx
44669,xxx
44670,па́лиѣ
44671,пали́ы
44672,xxx
44673,xxx
44674,xxx
44675,палачькѫ́
44676,палачьца́мъ
44677,палачька́мъ
44678,пало́чькы
44679,палачька́хъ
44680,xxx
44681,xxx
44682,xxx
44683,xxx
44684,xxx
44685,xxx
44686,па́льмаю
44687,па́льмы
44688,па́льмъ
44689,па́льмамъ
44690,па́льмами
44691,xxx
44692,xxx
44693,xxx
44694,xxx
44695,xxx
44696,xxx
44697,xxx
44698,xxx
44699,па́мятьцѣ
44700,па́мятьци
44701,па́мятьцамъ
44702,па́мятькамъ
44703,па́мятьками
44704,xxx
44705,xxx
44706,xxx
44707,xxx
44708,xxx
44709,xxx
44710,xxx
44711,xxx
44712,xxx
44713,xxx
44714,xxx
44715,xxx
44716,xxx
44717,xxx
44718,xxx
44719,xxx
44720,па́н
44721,па́ны
44722,xxx
44723,xxx
44724,xxx
44725,xxx
44726,xxx
44727,xxx
44728,xxx
44729,xxx
44730,xxx
44731,xxx
44732,xxx
44733,xxx
44734,xxx
44735,xxx
44736,xxx
44737,xxx
44738,xxx
44739,xxx
44740,xxx
44741,xxx
44742,xxx
44743,параднао́
44744,парадно́а
44745,па́раднаѣ
44746,па́раднаи
44747,па́раднаа
44748,xxx
44749,xxx
44750,xxx
44751,xxx
44752,xxx
44753,xxx
44754,xxx
44755,xxx
44756,xxx
44757,xxx
44758,xxx
44759,xxx
44760,xxx
44761,xxx
44762,xxx
44763,xxx
44764,xxx
44765,xxx
44766,xxx
44767,парѣйдалиа́
44768,па́рийдалии
44769,па́рѣйдалиы
44770,парийдали́
44771,парийдали́амъ
44772,парѣйдали́ы
44773,па́рийдалиами
44774,парѣйдали́ахъ
44775,парийдали́ахъ
44776,xxx
44777,xxx
44778,па́ренёк
44779,па́ренёку
44780,па́ренёк
44781,па́ренёкы
44782,па́ренёкы
44783,паренёкѣ́хъ
44784,xxx
44785,xxx
44786,xxx
44787,xxx
44788,xxx
44789,xxx
44790,париа́
44791,па́риѣ
44792,парио́ю
44793,пари́амъ
44794,пари́ахъ
44795,па́ркавьци
44796,па́ркавьки
44797,па́ркавьци
44798,па́ркавькы
44799,па́ркавькъ
44800,па́ркавькы
44801,xxx
44802,xxx
44803,xxx
44804,xxx
44805,xxx
44806,xxx
44807,xxx
44808,xxx
44809,xxx
44810,xxx
44811,xxx
44812,паради́ы
44813,парадиѣ́
44814,па́радиы
44815,паради́
44816,парадиа́хъ
44817,xxx
44818,xxx
44819,xxx
44820,xxx
44821,xxx
44822,xxx
44823,паро́чьци
44824,парачькѣ́
44825,паро́чьцъ
44826,xxx
44827,xxx
44828,xxx
44829,xxx
44830,xxx
44831,xxx
44832,xxx
44833,xxx
44834,xxx
44835,партнё́рствѣ
44836,партнёрство́мъ
44837,партнё́рства
44838,xxx
44839,партарьзо́мъ
44840,парто́рьзы
44841,xxx
44842,xxx
44843,xxx
44844,па́ри
44845,па́р
44846,пара́хъ
44847,па́секѫ
44848,па́секѫ
44849,па́секаю
44850,па́секы
44851,па́сек
44852,xxx
44853,xxx
44854,xxx
44855,xxx
44856,xxx
44857,xxx
44858,xxx
44859,xxx
44860,па́ссиѣ
44861,па́ссиамъ
44862,па́ссиами
44863,xxx
44864,xxx
44865,xxx
44866,xxx
44867,xxx
44868,xxx
44869,xxx
44870,xxx
44871,xxx
44872,xxx
44873,xxx
44874,xxx
44875,xxx
44876,xxx
44877,xxx
44878,патлаги́ы
44879,паталаги́ы
44880,паталагиа́хъ
44881,xxx
44882,xxx
44883,xxx
44884,xxx
44885,xxx
44886,xxx
44887,па́триархиа
44888,па́триархиа
44889,па́триархиы
44890,па́триархи
44891,па́триархиамъ
44892,па́триархиы
44893,па́триархиами
44894,xxx
44895,xxx
44896,xxx
44897,xxx
44898,xxx
44899,па́трулираваниа
44900,па́трулиравании
44901,па́трулираваниамъ
44902,па́трулираваниы
44903,патрулираваниѣ́хъ
44904,xxx
44905,xxx
44906,xxx
44907,xxx
44908,xxx
44909,xxx
44910,xxx
44911,xxx
44912,певе́ц
44913,певе́ца
44914,певе́ца
44915,певе́цѣ
44916,пе́веци
44917,певе́ци
44918,xxx
44919,xxx
44920,xxx
44921,xxx
44922,xxx
44923,xxx
44924,xxx
44925,xxx
44926,xxx
44927,xxx
44928,педицюру́
44929,педицю́рѣ
44930,педицю́р
44931,xxx
44932,xxx
44933,пѣ́йзанин
44934,пѣ́йзанинамъ
44935,пѣ́йзанины
44936,пѣ́йзанины
44937,пѣ́йзанины
44938,xxx
44939,xxx
44940,xxx
44941,xxx
44942,xxx
44943,xxx
44944,xxx
44945,xxx
44946,xxx
44947,xxx
44948,xxx
44949,xxx
44950,xxx
44951,xxx
44952,xxx
44953,xxx
44954,xxx
44955,xxx
44956,пеначка-тенькѫ́
44957,пе́начка-теньци
44958,пеначка-теньца́ы
44959,пе́нсианерьци
44960,пе́нсианерьцамъ
44961,xxx
44962,xxx
44963,xxx
44964,xxx
44965,xxx
44966,xxx
44967,xxx
44968,xxx
44969,xxx
44970,xxx
44971,xxx
44972,xxx
44973,xxx
44974,xxx
44975,xxx
44976,xxx
44977,xxx
44978,xxx
44979,xxx
44980,пе́ребраньцаю
44981,прѣ́браньцамъ
44982,прѣ́браськы
44983,пе́ребрасьцѣ
44984,xxx
44985,xxx
44986,прѣвазьца́
44987,пѣ́рѣвазьцаю
44988,прѣвазчицу́
44989,пе́ревазчицамь
44990,перевазчицѣ́хъ
44991,xxx
44992,xxx
44993,xxx
44994,xxx
44995,xxx
44996,xxx
44997,xxx
44998,xxx
44999,прѣвязьцѣ́
45000,привязькѫ́
45001,прѣ́вязьцаю
45002,прѣвязьца́мъ
45003,xxx
45004,прѣ́грузькы
45005,прѣ́грузьцъ
45006,пе́регрузьцамъ
45007,прѣ́грузькы
45008,xxx
45009,xxx
45010,xxx
45011,xxx
45012,xxx
45013,xxx
45014,xxx
45015,xxx
45016,xxx
45017,пе́редельца
45018,прѣ́дельци
45019,прѣ́делькѫ
45020,прѣ́делькы
45021,xxx
45022,xxx
45023,xxx
45024,передня́ѫ
45025,прѣ́дняи
45026,прѣ́дняами
45027,пе́редаваы
45028,прѣ́даваы
45029,передава́ѫ
45030,прѣ́дак
45031,прѣ́дак
45032,прѣ́дакы
45033,пѣ́рѣдакы
45034,прѣ́дакы
45035,придышька́
45036,прѣды́шьци
45037,пѣрѣды́шьци
45038,прѣ́дышьцаю
45039,прѣ́дышьци
45040,пѣрѣды́шьцъ
45041,приды́шькъ
45042,придышька́мъ
45043,xxx
45044,xxx
45045,xxx
45046,xxx
45047,xxx
45048,xxx
45049,xxx
45050,xxx
45051,xxx
45052,xxx
45053,xxx
45054,прѣкли́чьци
45055,перекличьцѣ́
45056,прикличькѫ́
45057,прѣ́кличьцаю
45058,прѣ́кличькаю
45059,перекли́чьцѣ
45060,прикли́чьки
45061,прѣкличьца́хъ
45062,xxx
45063,xxx
45064,xxx
45065,xxx
45066,xxx
45067,xxx
45068,xxx
45069,прѣ́меньки
45070,прѣ́меньци
45071,прѣменнао́ю
45072,прѣменна́
45073,прѣменна́ы
45074,прѣменна́ахъ
45075,xxx
45076,xxx
45077,прѣ́наёмамь
45078,прѣнаё́мѣ
45079,перенаё́мы
45080,прѣ́направлѣниа
45081,прѣнаправлѣни́амъ
45082,пѣрѣнаправлѣни́амъ
45083,принаправлини́а
45084,прѣ́населениа
45085,прѣ́населениу
45086,перенаселени́а
45087,принаселени́амь
45088,прѣ́населениѣ
45089,прѣ́населениа
45090,перенаселени́амъ
45091,принаселени́амъ
45092,xxx
45093,xxx
45094,xxx
45095,xxx
45096,прѣ́ациньки
45097,прѣацѣ́ньци
45098,прѣ́ацѣньцами
45099,xxx
45100,xxx
45101,xxx
45102,xxx
45103,xxx
45104,xxx
45105,прѣписьцѣ́
45106,переписьцѣ́
45107,приписькѫ́
45108,прѣ́письци
45109,переписьца́хъ
45110,xxx
45111,xxx
45112,xxx
45113,xxx
45114,xxx
45115,xxx
45116,xxx
45117,xxx
45118,прѣ́распределениа
45119,прѣ́распределениа
45120,пе́рераспределениу
45121,прѣ́распределениѣ
45122,прирасприделениѣ́хъ
45123,xxx
45124,xxx
45125,xxx
45126,xxx
45127,xxx
45128,xxx
45129,прѣ́стрельца
45130,прѣ́стрелькы
45131,прѣ́стрельки
45132,пристрелька́хъ
45133,xxx
45134,xxx
45135,прѣсыльца́
45136,прѣ́сыльци
45137,прѣ́сыльки
45138,присы́лькъ
45139,прѣсы́льци
45140,пѣ́рѣсыльцами
45141,прѣ́сыльками
45142,прѣустрайство́
45143,прѣустро́йствѣхъ
45144,xxx
45145,xxx
45146,xxx
45147,прѣ́ца
45148,xxx
45149,xxx
45150,прѣчница́
45151,прѣ́чници
45152,пе́речници
45153,пе́речницѣ
45154,прични́цамъ
45155,прѣчни́ци
45156,пе́речницами
45157,пришее́ка
45158,пе́решеки
45159,прѣше́к
45160,прѣше́кы
45161,прѣшекѣ́хъ
45162,перешекѣ́хъ
45163,xxx
45164,xxx
45165,пе́рипетиы
45166,перипети́ѫ
45167,перипети́
45168,перипети́амъ
45169,xxx
45170,перифериа́
45171,пе́рифериы
45172,перламу́тръ
45173,перламу́тръ
45174,перламутру́
45175,пе́рламутрамь
45176,пе́рламутри
45177,перламу́тръ
45178,перламутро́мъ
45179,перламу́тры
45180,пе́рламутры
45181,пе́рмяку
45182,пе́рмяки
45183,пе́рмякамъ
45184,пе́рмякы
45185,пермякѣ́хъ
45186,xxx
45187,xxx
45188,xxx
45189,xxx
45190,xxx
45191,xxx
45192,xxx
45193,xxx
45194,xxx
45195,xxx
45196,xxx
45197,xxx
45198,xxx
45199,xxx
45200,xxx
45201,xxx
45202,xxx
45203,пѣсѣ́ца
45204,писѣ́ца
45205,писицу́
45206,пѣ́сѣцамь
45207,пѣсѣцо́мъ
45208,пѣсѣцѣ́хъ
45209,xxx
45210,xxx
45211,xxx
45212,пе́сачницаю
45213,песачни́цѣ
45214,песачни́ци
45215,песачни́ц
45216,пе́сачницами
45217,пе́ссимисъта
45218,пе́ссимисътъ
45219,пе́ссимисътамь
45220,пе́ссимисътъ
45221,пессимисътѣ́хъ
45222,xxx
45223,xxx
45224,xxx
45225,xxx
45226,пистици́д
45227,пѣстици́да
45228,пистици́да
45229,пистици́ди
45230,xxx
45231,xxx
45232,xxx
45233,xxx
45234,xxx
45235,xxx
45236,xxx
45237,xxx
45238,xxx
45239,петушо́к
45240,петушаку́
45241,пе́тушакамь
45242,петушакѣ́хъ
45243,xxx
45244,пѣча́тьци
45245,пѣча́тьци
45246,пичатькѣ́
45247,пѣ́чатькы
45248,пѣчатьца́мъ
45249,xxx
45250,xxx
45251,xxx
45252,xxx
45253,xxx
45254,xxx
45255,xxx
45256,пѣ́чиниги
45257,пѣчѣнѣго́мъ
45258,xxx
45259,xxx
45260,xxx
45261,xxx
45262,xxx
45263,xxx
45264,xxx
45265,xxx
45266,xxx
45267,xxx
45268,xxx
45269,xxx
45270,xxx
45271,xxx
45272,xxx
45273,xxx
45274,xxx
45275,пи́анистьци
45276,пиани́стькахъ
45277,xxx
45278,xxx
45279,пивасицу́
45280,пиваси́цѣ
45281,пиваси́ци
45282,пивасицо́мъ
45283,xxx
45284,xxx
45285,xxx
45286,xxx
45287,xxx
45288,xxx
45289,xxx
45290,xxx
45291,xxx
45292,xxx
45293,xxx
45294,xxx
45295,xxx
45296,пизме́а
45297,пизме́ѣ
45298,пизме́ѣ
45299,пизме́
45300,пизмеѣ́хъ
45301,xxx
45302,xxx
45303,xxx
45304,xxx
45305,пи́здѣц
45306,пи́здѣцамъ
45307,пи́здици
45308,xxx
45309,xxx
45310,xxx
45311,xxx
45312,xxx
45313,xxx
45314,xxx
45315,пиздюку́
45316,пиздюку́
45317,пиздю́к
45318,пи́здюкамь
45319,пи́здюки
45320,пиздюко́мъ
45321,пиздю́кы
45322,пиздю́шькы
45323,пиздю́шьцъ
45324,пиздюшьца́мъ
45325,пи́здюшьцами
45326,пиздюшьца́хъ
45327,пиздюшька́хъ
45328,xxx
45329,xxx
45330,xxx
45331,xxx
45332,xxx
45333,xxx
45334,пицапчи́ц
45335,пицапчи́ц
45336,пи́цапчици
45337,xxx
45338,пи́цетчицамь
45339,пи́цетчици
45340,пи́цетчици
45341,пицетчи́ц
45342,пицетчи́ци
45343,пицетчицѣ́хъ
45344,xxx
45345,xxx
45346,xxx
45347,пицни́ца
45348,пицни́ц
45349,пи́цницамь
45350,пицни́цѣ
45351,пицни́ци
45352,xxx
45353,xxx
45354,xxx
45355,xxx
45356,xxx
45357,пилизри́м
45358,пилизримо́мъ
45359,пилизри́мы
45360,xxx
45361,xxx
45362,xxx
45363,xxx
45364,xxx
45365,xxx
45366,xxx
45367,xxx
45368,xxx
45369,xxx
45370,xxx
45371,xxx
45372,xxx
45373,пинг-по́ньга
45374,пинг-по́ньзѣ
45375,пинг-по́ньзъ
45376,пинг-паньзѣ́хъ
45377,xxx
45378,xxx
45379,xxx
45380,пи́анерьци
45381,пи́анерьки
45382,пиане́рьцамъ
45383,пиане́рькахъ
45384,xxx
45385,xxx
45386,xxx
45387,xxx
45388,пи́пица
45389,пи́пѣцамь
45390,пи́пѣци
45391,пи́пици
45392,пиписьца́
45393,пипи́ськы
45394,xxx
45395,xxx
45396,xxx
45397,xxx
45398,xxx
45399,xxx
45400,xxx
45401,xxx
45402,xxx
45403,xxx
45404,xxx
45405,xxx
45406,xxx
45407,xxx
45408,xxx
45409,xxx
45410,xxx
45411,xxx
45412,xxx
45413,xxx
45414,xxx
45415,xxx
45416,xxx
45417,xxx
45418,xxx
45419,xxx
45420,xxx
45421,xxx
45422,xxx
45423,пи́сеца
45424,пи́сецѣ
45425,пи́сеци
45426,пи́сеци
45427,пи́сеци
45428,пи́сец
45429,пи́сец
45430,пи́сецамъ
45431,пи́сеци
45432,пи́сеци
45433,пи́сеци
45434,пи́сеци
45435,xxx
45436,xxx
45437,xxx
45438,xxx
45439,xxx
45440,xxx
45441,xxx
45442,xxx
45443,xxx
45444,xxx
45445,xxx
45446,пиццериа́
45447,пи́ццериѣ
45448,пи́ццерии
45449,пи́ццериы
45450,пиццери́ахъ
45451,xxx
45452,xxx
45453,xxx
45454,xxx
45455,xxx
45456,xxx
45457,xxx
45458,плавницу́
45459,пла́вницамь
45460,плавницо́мъ
45461,плавницѣ́хъ
45462,xxx
45463,xxx
45464,xxx
45465,плазма́
45466,пла́змаю
45467,пла́зми
45468,пла́змъ
45469,плазма́мъ
45470,xxx
45471,xxx
45472,xxx
45473,xxx
45474,xxx
45475,xxx
45476,xxx
45477,пла́нираваниа
45478,пла́ниравани
45479,xxx
45480,xxx
45481,xxx
45482,xxx
45483,xxx
45484,xxx
45485,xxx
45486,xxx
45487,xxx
45488,xxx
45489,xxx
45490,xxx
45491,xxx
45492,xxx
45493,пла́тельщица
45494,пла́тельщица
45495,пла́тельщици
45496,xxx
45497,xxx
45498,xxx
45499,xxx
45500,пла́тачеки
45501,платачекѣ́хъ
45502,платачекѣ́хъ
45503,xxx
45504,xxx
45505,xxx
45506,xxx
45507,xxx
45508,xxx
45509,пла́хами
45510,плаха́хъ
45511,плаха́хъ
45512,xxx
45513,xxx
45514,xxx
45515,xxx
45516,xxx
45517,xxx
45518,xxx
45519,xxx
45520,xxx
45521,плѣбисци́т
45522,плѣ́бисцитамь
45523,плѣбисци́т
45524,xxx
45525,xxx
45526,xxx
45527,xxx
45528,xxx
45529,xxx
45530,xxx
45531,xxx
45532,xxx
45533,плѣмяшьца́
45534,плѣмяшьцо́ю
45535,плѣмя́шьцамъ
45536,плимя́шькамъ
45537,плѣ́мяшьками
45538,плѣмя́ша
45539,плимяшу́
45540,плимя́ши
45541,плѣмя́ш
45542,плимя́ши
45543,плѣмяшѣ́хъ
45544,пле́нниц
45545,пле́нниц
45546,пле́нницу
45547,пле́нницѣ
45548,пле́нницамъ
45549,пленницѣ́хъ
45550,xxx
45551,xxx
45552,xxx
45553,xxx
45554,xxx
45555,xxx
45556,xxx
45557,xxx
45558,xxx
45559,xxx
45560,xxx
45561,xxx
45562,xxx
45563,xxx
45564,плѣ́ши
45565,плѣ́ши
45566,плѣ́ши
45567,xxx
45568,xxx
45569,xxx
45570,пло́веца
45571,пло́вец
45572,пло́вецѣ
45573,пло́веци
45574,пло́веци
45575,пло́драдиа
45576,пло́дарадиу
45577,пло́драдиа
45578,пло́драдиы
45579,xxx
45580,xxx
45581,пло́скастапиа
45582,пласкастапи́
45583,xxx
45584,xxx
45585,xxx
45586,пло́тниц
45587,пло́тниц
45588,пло́тници
45589,пло́тници
45590,пло́тници
45591,xxx
45592,xxx
45593,xxx
45594,xxx
45595,xxx
45596,плу́гамь
45597,плу́гы
45598,плу́гы
45599,плу́гы
45600,плугѣ́хъ
45601,xxx
45602,xxx
45603,xxx
45604,xxx
45605,xxx
45606,плу́таниамь
45607,плу́таниамь
45608,плутанио́мъ
45609,xxx
45610,xxx
45611,xxx
45612,xxx
45613,xxx
45614,xxx
45615,пне́вмании
45616,пне́вманиѫ
45617,пне́вманиамъ
45618,пневманиа́хъ
45619,пневманиа́хъ
45620,пабе́г
45621,по́беги
45622,пабе́г
45623,пабрати́мѣ
45624,по́братими
45625,пабрати́мы
45626,xxx
45627,xxx
45628,xxx
45629,павадька́
45630,пава́дьци
45631,павадьцѣ́
45632,по́вадьци
45633,пава́дьцъ
45634,пава́дьци
45635,по́вадьцами
45636,xxx
45637,xxx
45638,xxx
45639,xxx
45640,по́велители
45641,павелите́лии
45642,павелите́ли
45643,по́веренны
45644,по́веренны
45645,xxx
45646,xxx
45647,xxx
45648,xxx
45649,xxx
45650,xxx
45651,xxx
45652,xxx
45653,xxx
45654,xxx
45655,xxx
45656,xxx
45657,xxx
45658,паветри́
45659,xxx
45660,xxx
45661,xxx
45662,xxx
45663,xxx
45664,xxx
45665,xxx
45666,xxx
45667,xxx
45668,xxx
45669,xxx
45670,xxx
45671,xxx
45672,xxx
45673,по́глатитѣлии
45674,xxx
45675,пагаво́рькы
45676,пагаварьцѣ́
45677,xxx
45678,xxx
45679,xxx
45680,пагремушьца́
45681,пагрему́шьцамъ
45682,по́гремушьцами
45683,xxx
45684,xxx
45685,xxx
45686,xxx
45687,xxx
45688,паграмщи́ца
45689,паграмщи́ци
45690,паграмщицѣ́хъ
45691,паграмщицѣ́хъ
45692,по́грамщици
45693,по́грамщици
45694,паграмщи́ц
45695,xxx
45696,xxx
45697,xxx
45698,xxx
45699,xxx
45700,xxx
45701,падача́
45702,по́дачы
45703,пада́ч
45704,пада́ч
45705,пада́чы
45706,xxx
45707,xxx
45708,xxx
45709,xxx
45710,xxx
45711,падви́за
45712,падви́зѣ
45713,падвизѣ́хъ
45714,xxx
45715,xxx
45716,xxx
45717,xxx
45718,xxx
45719,xxx
45720,xxx
45721,xxx
45722,xxx
45723,падваху́
45724,падваху́
45725,по́двахамь
45726,падвахѣ́хъ
45727,xxx
45728,xxx
45729,xxx
45730,xxx
45731,xxx
45732,xxx
45733,xxx
45734,xxx
45735,xxx
45736,xxx
45737,xxx
45738,xxx
45739,xxx
45740,xxx
45741,xxx
45742,падёнщи́ца
45743,падёнщи́цѣ
45744,по́дёнщици
45745,паджизательница́
45746,по́джизательницѣ
45747,паджизательни́цамъ
45748,xxx
45749,паджо́г
45750,паджо́г
45751,паджагу́
45752,xxx
45753,xxx
45754,по́диум
45755,по́диуми
45756,по́диумы
45757,xxx
45758,xxx
45759,xxx
45760,xxx
45761,xxx
45762,xxx
45763,падкладьца́
45764,падкладьца́
45765,по́дкладьцаю
45766,падкла́дьцѣ
45767,падкладьца́мъ
45768,xxx
45769,xxx
45770,xxx
45771,xxx
45772,xxx
45773,xxx
45774,xxx
45775,xxx
45776,xxx
45777,xxx
45778,падлецу́
45779,падле́цѣ
45780,падле́ц
45781,xxx
45782,xxx
45783,xxx
45784,xxx
45785,xxx
45786,xxx
45787,xxx
45788,xxx
45789,xxx
45790,по́дмнажества
45791,по́дмнажества
45792,по́дмнажеству
45793,по́дмнажеству
45794,по́дмнажества
45795,падмнажествѣ́хъ
45796,xxx
45797,по́днажиу
45798,по́днажиа
45799,по́днажиа
45800,xxx
45801,xxx
45802,xxx
45803,xxx
45804,xxx
45805,xxx
45806,падано́к
45807,по́данакамь
45808,падано́к
45809,xxx
45810,xxx
45811,xxx
45812,xxx
45813,xxx
45814,xxx
45815,xxx
45816,xxx
45817,xxx
45818,по́дписаниу
45819,падписани́амь
45820,по́дписаниѣ
45821,падписани́амъ
45822,xxx
45823,xxx
45824,xxx
45825,xxx
45826,xxx
45827,xxx
45828,xxx
45829,по́драстаку
45830,по́драстакы
45831,по́драстакы
45832,xxx
45833,xxx
45834,xxx
45835,xxx
45836,xxx
45837,xxx
45838,xxx
45839,падрядчи́ц
45840,по́дрядчицамь
45841,по́дрядчици
45842,xxx
45843,xxx
45844,xxx
45845,xxx
45846,по́дсказьцѣ
45847,по́дсказьци
45848,по́дсказьци
45849,падска́зьцамъ
45850,падсластители́
45851,по́дсластительми
45852,по́дсластительми
45853,xxx
45854,xxx
45855,xxx
45856,xxx
45857,xxx
45858,xxx
45859,xxx
45860,xxx
45861,xxx
45862,xxx
45863,по́дставьци
45864,по́дставьцѣ
45865,по́дставьцѣ
45866,падста́вькѫ
45867,по́дставьки
45868,падста́вьцамъ
45869,по́дставьцами
45870,xxx
45871,xxx
45872,xxx
45873,xxx
45874,xxx
45875,по́дстрекатели
45876,по́дстрекатели
45877,по́дстрекатели
45878,падстрекате́льхъ
45879,падстрекательству́
45880,падстрекате́льствѣ
45881,падстрекательство́а
45882,падстрекательствѣ́хъ
45883,xxx
45884,xxx
45885,xxx
45886,xxx
45887,xxx
45888,xxx
45889,xxx
45890,xxx
45891,по́душечьцъ
45892,по́душечькъ
45893,падхали́м
45894,падхали́мы
45895,xxx
45896,xxx
45897,xxx
45898,xxx
45899,xxx
45900,xxx
45901,xxx
45902,xxx
45903,xxx
45904,xxx
45905,xxx
45906,xxx
45907,xxx
45908,xxx
45909,xxx
45910,xxx
45911,xxx
45912,xxx
45913,xxx
45914,xxx
45915,xxx
45916,xxx
45917,пазити́вѣ
45918,по́зитиви
45919,пазитивѣ́хъ
45920,пазициа́
45921,пазици́ы
45922,пазициѣ́
45923,пазициѣ́
45924,по́зициы
45925,по́зициы
45926,по́знаниа
45927,по́знаниа
45928,по́знаниа
45929,по́знаниа
45930,по́знаниы
45931,xxx
45932,xxx
45933,xxx
45934,xxx
45935,xxx
45936,xxx
45937,xxx
45938,xxx
45939,xxx
45940,xxx
45941,пакланницѣ́
45942,пакланницѣ́
45943,пакланницѫ́
45944,по́кланницаю
45945,пакланница́мъ
45946,пакайница́
45947,по́кайници
45948,пакайни́цамъ
45949,пакайни́цахъ
45950,пакайни́цахъ
45951,пакравители́
45952,пакравители́
45953,по́кравительѭ
45954,по́кравители
45955,пакравите́льмъ
45956,по́крытиа
45957,по́крытиа
45958,по́крытии
45959,по́крытиы
45960,xxx
45961,xxx
45962,пакупательница́
45963,по́купательницѣ
45964,по́купательницѣ
45965,пакупательни́ц
45966,xxx
45967,xxx
45968,xxx
45969,xxx
45970,xxx
45971,xxx
45972,xxx
45973,xxx
45974,xxx
45975,xxx
45976,xxx
45977,палеми́цѣ
45978,xxx
45979,xxx
45980,xxx
45981,xxx
45982,пализрафи́
45983,пализрафи́
45984,пализрафи́ы
45985,пализрафи́ахъ
45986,xxx
45987,xxx
45988,xxx
45989,xxx
45990,xxx
45991,xxx
45992,xxx
45993,xxx
45994,xxx
45995,палиткатаржани́нѣ
45996,палиткатаржанинѣ́хъ
45997,xxx
45998,xxx
45999,xxx
46000,xxx
46001,xxx
46002,xxx
46003,палица́
46004,по́лицаамь
46005,палица́ѣ
46006,палица́
46007,палица́
46008,по́лициаю
46009,по́лициы
46010,по́лициами
46011,палициа́хъ
46012,xxx
46013,xxx
46014,xxx
46015,xxx
46016,xxx
46017,xxx
46018,xxx
46019,xxx
46020,xxx
46021,xxx
46022,xxx
46023,xxx
46024,xxx
46025,xxx
46026,xxx
46027,xxx
46028,xxx
46029,xxx
46030,xxx
46031,пла́вицамь
46032,пла́вици
46033,по́лавици
46034,плави́ци
46035,пла́виньцѣ
46036,по́лавиньци
46037,пла́винькы
46038,пла́вицѣ
46039,пла́вици
46040,плави́ци
46041,плави́цахъ
46042,xxx
46043,xxx
46044,xxx
46045,xxx
46046,палани́
46047,плани́ы
46048,xxx
46049,xxx
46050,xxx
46051,xxx
46052,xxx
46053,xxx
46054,xxx
46055,xxx
46056,xxx
46057,xxx
46058,xxx
46059,xxx
46060,xxx
46061,xxx
46062,xxx
46063,xxx
46064,xxx
46065,xxx
46066,xxx
46067,xxx
46068,xxx
46069,xxx
46070,xxx
46071,xxx
46072,xxx
46073,xxx
46074,по́лугадиѣ
46075,по́лугадиа
46076,по́луимы
46077,по́луимаю
46078,по́луимы
46079,палуима́хъ
46080,xxx
46081,xxx
46082,xxx
46083,xxx
46084,по́лучательници
46085,палучательни́ц
46086,xxx
46087,xxx
46088,xxx
46089,xxx
46090,xxx
46091,xxx
46092,xxx
46093,xxx
46094,xxx
46095,xxx
46096,xxx
46097,xxx
46098,xxx
46099,по́лушариа
46100,по́лушари
46101,по́лушариамъ
46102,по́лушариы
46103,xxx
46104,xxx
46105,по́лчанинамь
46106,по́лчанинамь
46107,по́лчанини
46108,по́лчанины
46109,xxx
46110,xxx
46111,xxx
46112,пальзаватѣ́ли
46113,пальзаватѣ́ли
46114,по́льзаватѣльѭ
46115,пальзаватѣ́льмъ
46116,пальзаватѣ́льхъ
46117,xxx
46118,xxx
46119,xxx
46120,xxx
46121,xxx
46122,xxx
46123,xxx
46124,паляни́нѣ
46125,паляни́нѣ
46126,паляни́н
46127,по́лянины
46128,паляньца́
46129,палянька́
46130,паля́ньци
46131,паля́ньки
46132,паля́ньцъ
46133,паля́нькъ
46134,палянька́мъ
46135,паляньца́хъ
46136,xxx
46137,xxx
46138,xxx
46139,xxx
46140,xxx
46141,по́мещиц
46142,по́мещицамъ
46143,по́мещици
46144,xxx
46145,xxx
46146,xxx
46147,xxx
46148,xxx
46149,xxx
46150,xxx
46151,xxx
46152,xxx
46153,xxx
46154,xxx
46155,xxx
46156,xxx
46157,памащница́
46158,памащница́
46159,по́мащници
46160,по́мащници
46161,xxx
46162,xxx
46163,пантифи́ц
46164,пантифи́ц
46165,пантифи́ц
46166,пантифи́ц
46167,пантифи́ц
46168,пантифицо́мъ
46169,пантифи́ци
46170,по́нтифици
46171,xxx
46172,xxx
46173,xxx
46174,xxx
46175,xxx
46176,папёно́ка
46177,папави́ч
46178,папавичо́мъ
46179,по́павичы
46180,папавичѣ́хъ
46181,xxx
46182,xxx
46183,xxx
46184,xxx
46185,xxx
46186,xxx
46187,xxx
46188,xxx
46189,по́правьци
46190,по́правькы
46191,паправьца́хъ
46192,xxx
46193,xxx
46194,xxx
46195,xxx
46196,по́прашайьки
46197,по́прашайькъ
46198,по́прашайькамъ
46199,папрашайьца́хъ
46200,по́пулизми
46201,по́пулизмъ
46202,по́пулизмамъ
46203,по́пулизмамъ
46204,по́пулизмы
46205,по́пуляциѣ
46206,по́пуляциами
46207,xxx
46208,xxx
46209,xxx
46210,xxx
46211,xxx
46212,xxx
46213,xxx
46214,xxx
46215,xxx
46216,xxx
46217,по́рицаниа
46218,по́рицаниѣ
46219,по́рицани
46220,по́рицаниы
46221,xxx
46222,xxx
46223,xxx
46224,по́рнухы
46225,по́рнухи
46226,по́рнухы
46227,xxx
46228,прасёно́ка
46229,парасёнаку́
46230,парасёно́кѣ
46231,пра́сёнакы
46232,xxx
46233,парашо́ка
46234,парашо́кѣ
46235,прашо́кы
46236,xxx
46237,xxx
46238,партни́сы
46239,партниса́мъ
46240,по́ртнисами
46241,партниса́хъ
46242,xxx
46243,xxx
46244,xxx
46245,xxx
46246,xxx
46247,xxx
46248,xxx
46249,xxx
46250,xxx
46251,xxx
46252,xxx
46253,xxx
46254,xxx
46255,xxx
46256,xxx
46257,xxx
46258,xxx
46259,по́ручицу
46260,по́ручицу
46261,по́ручицамь
46262,по́ручици
46263,по́ручици
46264,парч́ы
46265,парчѣ́
46266,парчѫ́
46267,парч́ѣ
46268,парчъ
46269,парчы́
46270,xxx
46271,xxx
46272,xxx
46273,xxx
46274,xxx
46275,xxx
46276,xxx
46277,xxx
46278,xxx
46279,xxx
46280,xxx
46281,по́сёлакамь
46282,пасёло́кѣ
46283,по́сёлаки
46284,xxx
46285,xxx
46286,xxx
46287,по́сланиа
46288,по́слани
46289,по́сланиамъ
46290,пасланиѣ́хъ
46291,xxx
46292,xxx
46293,паследавате́льмъ
46294,паследавате́льхъ
46295,паслелагу́
46296,паслело́гѣ
46297,паслело́г
46298,паслелаго́мъ
46299,паслелагѣ́хъ
46300,паслеславио́
46301,паслеславиу́
46302,паслеславиу́
46303,по́слеславиамь
46304,паслеслави́ѣ
46305,паслеславиѣ́хъ
46306,паславица́
46307,паславицо́ю
46308,по́славицѣ
46309,по́славици
46310,паслави́цамъ
46311,паслави́ци
46312,паслави́цахъ
46313,по́слушаниа
46314,паслушани́а
46315,паслушани́ѣхъ
46316,xxx
46317,xxx
46318,xxx
46319,xxx
46320,xxx
46321,пасальство́
46322,по́сальству
46323,пасо́льствъ
46324,пасо́х
46325,пасо́х
46326,по́сахы
46327,xxx
46328,xxx
46329,xxx
46330,паставьца́
46331,по́ставьци
46332,по́ставькы
46333,по́ставьки
46334,паставько́ю
46335,паста́вькъ
46336,паста́вьцамъ
46337,паставщи́ц
46338,паставщи́ц
46339,xxx
46340,xxx
46341,xxx
46342,xxx
46343,пастпа́ньца
46344,пастпа́ньца
46345,пастпа́нькъ
46346,по́стрелёнаки
46347,пастрелёно́к
46348,пастрелёнако́мъ
46349,пастрелёно́кы
46350,по́стрелёнакы
46351,пастрелёнакѣ́хъ
46352,xxx
46353,xxx
46354,xxx
46355,xxx
46356,xxx
46357,xxx
46358,xxx
46359,xxx
46360,пасыльны́
46361,по́сыльныамь
46362,пасыльны́
46363,пасыльны́ы
46364,xxx
46365,по́сягатѣльства
46366,по́сягатѣльству
46367,по́сягатѣльства
46368,пасягатѣльствѣ́хъ
46369,пасягатѣльствѣ́хъ
46370,патаскушька́
46371,патаску́шькы
46372,по́таскушьцаю
46373,по́тинциы
46374,по́тинции
46375,по́тинциы
46376,по́тинциы
46377,по́тѣнциами
46378,xxx
46379,xxx
46380,xxx
46381,xxx
46382,патехѣ́
46383,по́техы
46384,пате́хы
46385,патеха́хъ
46386,xxx
46387,xxx
46388,xxx
46389,xxx
46390,патамство́
46391,пато́мствамь
46392,по́тамства
46393,пато́мствамъ
46394,пато́мства
46395,по́тамствы
46396,xxx
46397,xxx
46398,xxx
46399,xxx
46400,xxx
46401,xxx
46402,xxx
46403,xxx
46404,xxx
46405,xxx
46406,xxx
46407,xxx
46408,xxx
46409,xxx
46410,по́целу
46411,по́целуамь
46412,по́целу
46413,по́целуы
46414,по́целуы
46415,пачемучька́
46416,пачему́чьцѫ
46417,пачему́чькъ
46418,пачему́чькамъ
46419,пачему́чьцахъ
46420,xxx
46421,xxx
46422,xxx
46423,xxx
46424,xxx
46425,xxx
46426,xxx
46427,пачитательни́цѫ
46428,пачитательни́ц
46429,пачитательни́цамъ
46430,xxx
46431,xxx
46432,xxx
46433,xxx
46434,xxx
46435,xxx
46436,xxx
46437,xxx
46438,xxx
46439,xxx
46440,xxx
46441,по́этицамъ
46442,по́этицамъ
46443,паэтица́хъ
46444,xxx
46445,xxx
46446,xxx
46447,xxx
46448,xxx
46449,пра́бабушьки
46450,пра́бабушьцаю
46451,пра́бабушьцѣ
46452,пра́бабушьцъ
46453,пра́бабушькъ
46454,пра́бабушьцамъ
46455,прабабушька́хъ
46456,правдападаби́амь
46457,пра́вдападабиа
46458,правдападаби́а
46459,правдападаби́ѣхъ
46460,правдападаби́ѣхъ
46461,xxx
46462,xxx
46463,xxx
46464,xxx
46465,правлени́а
46466,правлениу́
46467,правленио́мъ
46468,пра́влениы
46469,xxx
46470,пра́ванарушениа
46471,пра́ванарушениа
46472,пра́ванарушениу
46473,праванарушени́а
46474,пра́ванарушениа
46475,праванарушени́амъ
46476,xxx
46477,xxx
46478,xxx
46479,xxx
46480,xxx
46481,xxx
46482,xxx
46483,прадедушьцо́ю
46484,прадеду́шьцамъ
46485,прадеду́шьци
46486,пра́зднества
46487,пра́зднества
46488,пра́зднествамь
46489,xxx
46490,xxx
46491,xxx
46492,xxx
46493,xxx
46494,xxx
46495,xxx
46496,xxx
46497,xxx
46498,xxx
46499,пра́парщицамь
46500,пра́парщици
46501,пра́парщици
46502,пра́правнукы
46503,пра́правнукы
46504,пра́правнукы
46505,xxx
46506,xxx
46507,xxx
46508,xxx
46509,xxx
46510,xxx
46511,прарадитѣ́ли
46512,прарадитѣ́ли
46513,прарадитѣ́льхъ
46514,пра́х
46515,пра́хамъ
46516,xxx
46517,xxx
46518,xxx
46519,xxx
46520,xxx
46521,xxx
46522,xxx
46523,xxx
46524,пра́языки
46525,пра́языки
46526,праязыкѣ́хъ
46527,преамбула́
46528,преамбу́лы
46529,преамбулѣ́
46530,преамбу́лы
46531,пребывани́а
46532,пребывани́а
46533,пребывани́амь
46534,xxx
46535,xxx
46536,xxx
46537,xxx
46538,xxx
46539,xxx
46540,xxx
46541,xxx
46542,xxx
46543,xxx
46544,прѣ́даниа
46545,придани́
46546,придани́а
46547,прѣ́даниы
46548,придани́ихъ
46549,xxx
46550,xxx
46551,xxx
46552,xxx
46553,xxx
46554,xxx
46555,xxx
46556,xxx
46557,xxx
46558,xxx
46559,xxx
46560,xxx
46561,xxx
46562,xxx
46563,xxx
46564,xxx
46565,xxx
46566,предвадите́ль
46567,предвадите́лии
46568,пре́ддвериу
46569,пре́ддвериа
46570,xxx
46571,xxx
46572,xxx
46573,предислави́амь
46574,предислави́ѣхъ
46575,пре́дкрылаку
46576,пре́дкрылакамь
46577,пре́дкрылакы
46578,xxx
46579,xxx
46580,xxx
46581,предаставлени́а
46582,предаставлени́амь
46583,предаставлени́амъ
46584,предатвращенио́
46585,предатвращени́
46586,предатвращени́
46587,предатвращени́а
46588,предахраните́ли
46589,предахраните́ли
46590,предахранители́
46591,пре́дахранители
46592,пре́дахранительми
46593,пре́дахранительми
46594,прѣ́дписаниѣ
46595,придписани́
46596,прѣдписани́а
46597,xxx
46598,xxx
46599,xxx
46600,xxx
46601,xxx
46602,пре́дпасыльцѣ
46603,пре́дпасыльцѫ
46604,пре́дпасылькѫ
46605,пре́дпасыльцаю
46606,предпасыльца́хъ
46607,предпринимательница́
46608,пре́дпринимательници
46609,пре́дпринимательници
46610,пре́дпринимательницѣ
46611,пре́дпринимательницами
46612,xxx
46613,xxx
46614,xxx
46615,xxx
46616,xxx
46617,председательству́
46618,председательство́ѣ
46619,председательство́мъ
46620,пре́дсердиа
46621,пре́дсердиамь
46622,пре́дсердии
46623,пре́дсердиа
46624,пре́дсерди
46625,пре́дсердиа
46626,xxx
46627,xxx
46628,xxx
46629,xxx
46630,пре́дчувствиа
46631,пре́дчувствиѣ
46632,предчувствиѣ́хъ
46633,xxx
46634,xxx
46635,xxx
46636,xxx
46637,xxx
46638,xxx
46639,xxx
46640,xxx
46641,xxx
46642,xxx
46643,xxx
46644,xxx
46645,xxx
46646,xxx
46647,xxx
46648,xxx
46649,xxx
46650,xxx
46651,xxx
46652,xxx
46653,xxx
46654,xxx
46655,xxx
46656,xxx
46657,xxx
46658,презумпци́ы
46659,презумпциѣ́
46660,презумпци́ѣ
46661,xxx
46662,xxx
46663,xxx
46664,xxx
46665,xxx
46666,xxx
46667,xxx
46668,xxx
46669,прѣлюбадѣйьцѫ́
46670,прилюбадѣ́йьки
46671,прѣлюбадѣйьца́мъ
46672,прилюбадийька́мъ
46673,прѣ́любадѣйьцами
46674,пре́людиѣ
46675,пре́людиы
46676,прелюди́ахъ
46677,xxx
46678,xxx
46679,xxx
46680,xxx
46681,xxx
46682,xxx
46683,xxx
46684,преабражени́а
46685,преабражени́амъ
46686,xxx
46687,xxx
46688,xxx
46689,xxx
46690,xxx
46691,xxx
46692,xxx
46693,xxx
46694,xxx
46695,xxx
46696,xxx
46697,xxx
46698,xxx
46699,препуци́
46700,препуци́
46701,пре́пуциы
46702,прѣпятстви́
46703,прѣпятствиѣ́хъ
46704,xxx
46705,xxx
46706,пре́свитериани
46707,пре́свитерианиамъ
46708,пре́свитерианиы
46709,xxx
46710,преследаватели́
46711,преследавате́ль
46712,пре́следавательѭ
46713,преследавате́ли
46714,пре́следаватели
46715,пре́следаватели
46716,преследавате́лии
46717,преследавате́ли
46718,xxx
46719,xxx
46720,пре́сс-канферциѣ
46721,пре́сс-канфрѣнциѣ
46722,пресс-канферни́ци
46723,пресс-канфирци́ахъ
46724,xxx
46725,xxx
46726,xxx
46727,xxx
46728,xxx
46729,xxx
46730,xxx
46731,xxx
46732,xxx
46733,прѣ́тѣндѣнтьцѣ
46734,прѣ́тиндинтьки
46735,прѣ́тѣндѣнтьци
46736,xxx
46737,xxx
46738,xxx
46739,xxx
46740,xxx
46741,xxx
46742,xxx
46743,xxx
46744,xxx
46745,xxx
46746,xxx
46747,xxx
46748,xxx
46749,xxx
46750,xxx
46751,при́бавьци
46752,при́бавьци
46753,при́бавьцъ
46754,при́бавьцамъ
46755,прибавленио́
46756,прибавлени́а
46757,при́бавлениа
46758,при́бавлениы
46759,при́ближениа
46760,при́ближениу
46761,приближениѣ́хъ
46762,прибо́
46763,прибо́
46764,прибо́
46765,при́баамь
46766,xxx
46767,xxx
46768,xxx
46769,xxx
46770,xxx
46771,xxx
46772,xxx
46773,xxx
46774,при́ведениу
46775,при́ведениу
46776,приведени́амь
46777,при́ведениа
46778,при́ведениа
46779,приведени́ихъ
46780,при́верженька
46781,при́верженьци
46782,xxx
46783,привѣсаку́
46784,при́вѣсаки
46785,привисакѣ́хъ
46786,при́ветствиа
46787,при́ветстви
46788,при́ветствиамъ
46789,при́видѣниа
46790,при́видиниа
46791,при́видѣниу
46792,при́видѣниа
46793,при́видини
46794,при́видѣниамъ
46795,xxx
46796,xxx
46797,xxx
46798,при́влечениы
46799,привлечени́ихъ
46800,при́ваднениа
46801,приваднени́амь
46802,при́ваднении
46803,приваднени́
46804,приваднени́
46805,приваднени́
46806,приваднени́а
46807,при́выканиѣ
46808,при́вязькы
46809,привязьца́мъ
46810,при́вязьцами
46811,призра́ки
46812,призарако́мъ
46813,при́зракы
46814,призракѣ́хъ
46815,xxx
46816,xxx
46817,xxx
46818,xxx
46819,xxx
46820,xxx
46821,xxx
46822,xxx
46823,придумьца́
46824,приду́мьци
46825,при́думьцаю
46826,приду́мьцъ
46827,приду́мькы
46828,придуро́к
46829,придуро́кы
46830,придыханио́
46831,при́дыханиу
46832,при́дыханиѣ
46833,при́дыхании
46834,при́дыханиа
46835,придыхани́ихъ
46836,xxx
46837,xxx
46838,xxx
46839,xxx
46840,xxx
46841,xxx
46842,xxx
46843,xxx
46844,при́ёмчици
46845,при́ёмчици
46846,xxx
46847,xxx
46848,xxx
46849,xxx
46850,при́звук
46851,при́звукамъ
46852,при́звукы
46853,призвукѣ́хъ
46854,призвукѣ́хъ
46855,приземленио́
46856,при́землениу
46857,при́землениѣ
46858,при́землениы
46859,xxx
46860,xxx
46861,призра́кѣ
46862,призрако́мъ
46863,призракѣ́хъ
46864,xxx
46865,xxx
46866,xxx
46867,xxx
46868,xxx
46869,при́иськи
46870,при́иськи
46871,при́исьцъ
46872,xxx
46873,xxx
46874,прицащи́ца
46875,прицащи́ци
46876,прицлючени́а
46877,прицлючени́и
46878,прицлючени́а
46879,прицлючениѣ́хъ
46880,xxx
46881,xxx
46882,xxx
46883,xxx
46884,xxx
46885,xxx
46886,при́цреплениа
46887,при́цреплениу
46888,прицреплени́амь
46889,xxx
46890,xxx
46891,xxx
46892,xxx
46893,прилажени́а
46894,прилажени́амь
46895,прилажени́
46896,прилажени́амъ
46897,прилажени́а
46898,при́лажениы
46899,при́маньца
46900,при́маньцаю
46901,при́маньцъ
46902,при́маньци
46903,при́маньцами
46904,при́менениа
46905,при́менениу
46906,при́менениамь
46907,при́менениамъ
46908,применениѣ́хъ
46909,xxx
46910,xxx
46911,при́мирениа
46912,при́мирениа
46913,при́мирени
46914,примирениѣ́хъ
46915,xxx
46916,принашени́а
46917,при́нашениы
46918,xxx
46919,xxx
46920,при́нуждениа
46921,при́нуждениу
46922,при́нуждениу
46923,при́нуждениа
46924,xxx
46925,xxx
46926,xxx
46927,xxx
46928,xxx
46929,xxx
46930,xxx
46931,при́абщениа
46932,приабщени́амъ
46933,приабщени́а
46934,приабщени́а
46935,xxx
46936,xxx
46937,xxx
46938,при́парьцѣ
46939,при́парьки
46940,при́парьци
46941,при́парьцами
46942,при́парьцами
46943,xxx
46944,xxx
46945,xxx
46946,xxx
46947,приписька́
46948,приписьцѣ́
46949,при́письци
46950,приписьца́мъ
46951,приписька́мъ
46952,xxx
46953,xxx
46954,xxx
46955,xxx
46956,xxx
46957,xxx
46958,xxx
46959,xxx
46960,при́ручениѣ
46961,при́ручениамъ
46962,при́садьци
46963,при́садьки
46964,приса́дькъ
46965,приса́дькы
46966,приса́дьцахъ
46967,при́сваениѣ
46968,присваени́
46969,присваени́амъ
46970,xxx
46971,xxx
46972,xxx
46973,приставьцѣ́
46974,при́ставькаю
46975,приста́вькъ
46976,приставьца́мъ
46977,xxx
46978,xxx
46979,xxx
46980,при́суждѣниа
46981,при́суждѣниамь
46982,при́суждѣниѣ
46983,присуждѣниѣ́хъ
46984,xxx
46985,xxx
46986,xxx
46987,xxx
46988,при́теснениа
46989,при́теснениа
46990,при́теснениу
46991,притеснениѣ́хъ
46992,xxx
46993,xxx
46994,xxx
46995,xxx
46996,xxx
46997,xxx
46998,xxx
46999,xxx
47000,xxx
47001,xxx
47002,xxx
47003,притяжени́а
47004,притяжени́а
47005,притяжениу́
47006,притяжениѣ́хъ
47007,xxx
47008,xxx
47009,xxx
47010,xxx
47011,xxx
47012,xxx
47013,xxx
47014,xxx
47015,xxx
47016,xxx
47017,xxx
47018,xxx
47019,xxx
47020,xxx
47021,xxx
47022,причиненио́
47023,причинени́ѣ
47024,xxx
47025,xxx
47026,xxx
47027,при́шествии
47028,при́шествиа
47029,при́шествиы
47030,xxx
47031,xxx
47032,xxx
47033,xxx
47034,xxx
47035,xxx
47036,xxx
47037,прабе́г
47038,прабе́га
47039,прабегу́
47040,про́бегы
47041,прабегѣ́хъ
47042,xxx
47043,xxx
47044,xxx
47045,xxx
47046,xxx
47047,xxx
47048,xxx
47049,xxx
47050,xxx
47051,xxx
47052,xxx
47053,xxx
47054,xxx
47055,xxx
47056,xxx
47057,xxx
47058,xxx
47059,xxx
47060,правинциѣ́
47061,правинциѫ́
47062,правинциа́мъ
47063,правинци́ы
47064,правинциа́хъ
47065,xxx
47066,правадницо́ю
47067,правакато́р
47068,правакатару́
47069,правакато́ры
47070,xxx
47071,xxx
47072,xxx
47073,xxx
47074,про́варствамь
47075,про́варстви
47076,про́гѫ
47077,про́ги
47078,про́гы
47079,прага́хъ
47080,xxx
47081,xxx
47082,xxx
47083,xxx
47084,xxx
47085,xxx
47086,xxx
47087,xxx
47088,xxx
47089,xxx
47090,xxx
47091,про́грамматар
47092,про́грамматару
47093,про́грамматарѣ
47094,про́грамматарамъ
47095,про́грамматары
47096,праграмматарѣ́хъ
47097,праграммька́
47098,праграммькѫ́
47099,праграммьца́мъ
47100,прагрессиа́
47101,прагрессиа́хъ
47102,прадавальстви́а
47103,прадавальстви́а
47104,прадавальствиѣ́хъ
47105,xxx
47106,xxx
47107,прадуктивно́съть
47108,прадуктивнасъти́
47109,про́дуктивнасътьѭ
47110,прадуктивно́сътьмъ
47111,прадуктивно́съти
47112,про́дукциа
47113,про́дукци
47114,про́дукциами
47115,про́дукциами
47116,xxx
47117,xxx
47118,xxx
47119,xxx
47120,xxx
47121,xxx
47122,xxx
47123,праекциѣ́
47124,праекциѣ́
47125,праекциѫ́
47126,праекциа́мъ
47127,праекци́ы
47128,про́екциами
47129,xxx
47130,xxx
47131,xxx
47132,xxx
47133,xxx
47134,xxx
47135,xxx
47136,xxx
47137,xxx
47138,праживаниу́
47139,про́живаниы
47140,праживаниѣ́хъ
47141,празаи́ц
47142,празаи́цѣ
47143,празаицѣ́хъ
47144,xxx
47145,xxx
47146,xxx
47147,xxx
47148,про́изравшиа
47149,про́изравшиамь
47150,про́изравшиы
47151,xxx
47152,xxx
47153,xxx
47154,xxx
47155,xxx
47156,xxx
47157,xxx
47158,xxx
47159,xxx
47160,праисшестви́а
47161,праисшестви́амь
47162,про́исшествии
47163,про́исшествиа
47164,праисшестви́а
47165,xxx
47166,xxx
47167,xxx
47168,пракладьцо́ю
47169,про́кладьцѣ
47170,про́кладьки
47171,пракла́дьцамъ
47172,пракла́дькахъ
47173,xxx
47174,xxx
47175,xxx
47176,праклятиу́
47177,праклятиу́
47178,xxx
47179,xxx
47180,xxx
47181,xxx
47182,xxx
47183,xxx
47184,xxx
47185,xxx
47186,xxx
47187,xxx
47188,xxx
47189,xxx
47190,xxx
47191,xxx
47192,xxx
47193,xxx
47194,xxx
47195,xxx
47196,xxx
47197,xxx
47198,xxx
47199,xxx
47200,xxx
47201,xxx
47202,xxx
47203,xxx
47204,xxx
47205,xxx
47206,xxx
47207,xxx
47208,xxx
47209,прамети́а
47210,праметиу́
47211,праметио́мъ
47212,xxx
47213,про́мываниу
47214,прамывани́амь
47215,про́мываниѣ
47216,прамывани́а
47217,прамывани́а
47218,xxx
47219,xxx
47220,праницани́а
47221,праницани́
47222,праницанио́мъ
47223,праницани́а
47224,xxx
47225,xxx
47226,xxx
47227,xxx
47228,xxx
47229,xxx
47230,xxx
47231,про́пажи
47232,про́пажи
47233,прапа́жамъ
47234,прапа́жи
47235,xxx
47236,xxx
47237,xxx
47238,xxx
47239,xxx
47240,xxx
47241,xxx
47242,xxx
47243,прапитанио́
47244,про́питаниа
47245,прапитани́а
47246,прапитани́ихъ
47247,xxx
47248,xxx
47249,xxx
47250,xxx
47251,xxx
47252,xxx
47253,про́парциѫ
47254,про́парциамъ
47255,про́парциами
47256,прапарциа́хъ
47257,про́пусканиа
47258,про́пусканиу
47259,про́пусканиамь
47260,про́пусканиамъ
47261,xxx
47262,xxx
47263,xxx
47264,xxx
47265,xxx
47266,xxx
47267,xxx
47268,xxx
47269,xxx
47270,xxx
47271,праре́хы
47272,про́рехами
47273,прареха́хъ
47274,xxx
47275,прараче́ства
47276,пррачеству́
47277,прра́чества
47278,прраче́ствъ
47279,прраче́ства
47280,прасветите́ли
47281,прасветите́ли
47282,xxx
47283,xxx
47284,xxx
47285,xxx
47286,xxx
47287,xxx
47288,xxx
47289,xxx
47290,xxx
47291,xxx
47292,xxx
47293,xxx
47294,xxx
47295,про́стака
47296,про́стака
47297,про́стаки
47298,про́стак
47299,про́стакы
47300,прасте́ца
47301,про́стецамь
47302,прасте́цѣ
47303,праститутькѫ́
47304,праститу́тьцѣ
47305,праститу́тьки
47306,праститутьца́мъ
47307,праститу́тьци
47308,про́ститутьками
47309,xxx
47310,xxx
47311,xxx
47312,прастарѣчио́
47313,прастарѣчи́ѣ
47314,прастарѣчи́а
47315,прастарѣчи́а
47316,xxx
47317,xxx
47318,xxx
47319,xxx
47320,xxx
47321,xxx
47322,праступо́к
47323,про́ступакамь
47324,праступакѣ́хъ
47325,праступакѣ́хъ
47326,xxx
47327,xxx
47328,xxx
47329,xxx
47330,xxx
47331,xxx
47332,xxx
47333,xxx
47334,xxx
47335,xxx
47336,xxx
47337,xxx
47338,xxx
47339,xxx
47340,xxx
47341,xxx
47342,xxx
47343,xxx
47344,xxx
47345,xxx
47346,xxx
47347,xxx
47348,xxx
47349,xxx
47350,xxx
47351,xxx
47352,xxx
47353,xxx
47354,xxx
47355,xxx
47356,xxx
47357,xxx
47358,про́фарьгъ
47359,про́фарьга
47360,про́фарьзѣ
47361,про́фарьги
47362,xxx
47363,xxx
47364,xxx
47365,xxx
47366,xxx
47367,xxx
47368,xxx
47369,xxx
47370,про́хаднаа
47371,про́хаднаѣ
47372,про́хаднааю
47373,про́хаднаамъ
47374,xxx
47375,xxx
47376,xxx
47377,xxx
47378,xxx
47379,xxx
47380,xxx
47381,працѣнтщи́цѣ
47382,працѣнтщи́ц
47383,про́цѣнтщици
47384,працѣнтщицѣ́хъ
47385,про́центщицѣ
47386,про́центщицѣ
47387,працентщи́цахъ
47388,працессиа́
47389,про́цессиы
47390,xxx
47391,xxx
47392,xxx
47393,xxx
47394,xxx
47395,xxx
47396,xxx
47397,xxx
47398,xxx
47399,xxx
47400,xxx
47401,про́шиствиа
47402,про́шѣствиа
47403,прашѣствиѣ́хъ
47404,xxx
47405,xxx
47406,xxx
47407,пру́дица
47408,пру́диц
47409,пру́диц
47410,пру́диц
47411,пру́дици
47412,пру́дици
47413,пру́дици
47414,пружинькѫ́
47415,пружи́ньцъ
47416,пружи́нькъ
47417,пружиньца́мъ
47418,пружи́ньци
47419,пру́тиц
47420,пру́тицу
47421,пру́тицамь
47422,пру́тици
47423,пру́тицамъ
47424,пру́тици
47425,прыщи́ц
47426,прыщи́ца
47427,пры́щицамь
47428,прыщи́цѣ
47429,пры́щици
47430,xxx
47431,xxx
47432,xxx
47433,xxx
47434,xxx
47435,xxx
47436,xxx
47437,прямаугальни́ц
47438,прямаугальни́ц
47439,прямаугальни́ц
47440,прямаугальницу́
47441,прямаугальницу́
47442,пря́маугальницамь
47443,xxx
47444,xxx
47445,xxx
47446,xxx
47447,псарнѣ́
47448,псарнѣ́
47449,пса́рны
47450,псарна́мъ
47451,псарна́мъ
47452,xxx
47453,xxx
47454,xxx
47455,xxx
47456,xxx
47457,xxx
47458,пси́сиатриа
47459,пси́сиатръ
47460,пси́сиатру
47461,пси́сиатры
47462,пси́сиатры
47463,псисиатрѣ́хъ
47464,псиси́ц
47465,псиси́цахъ
47466,xxx
47467,xxx
47468,xxx
47469,пси́слаг
47470,пси́слагамь
47471,пси́слагамь
47472,пси́слаг
47473,пси́слагы
47474,псислагѣ́хъ
47475,xxx
47476,xxx
47477,xxx
47478,xxx
47479,xxx
47480,xxx
47481,xxx
47482,xxx
47483,xxx
47484,пси́сушьцаю
47485,пси́сушьци
47486,псисушьца́мъ
47487,xxx
47488,xxx
47489,пта́хѣ
47490,пта́хи
47491,пта́хѣ
47492,птаха́хъ
47493,xxx
47494,xxx
47495,пу́блицациаю
47496,пу́блицациы
47497,пу́блицациы
47498,xxx
47499,xxx
47500,xxx
47501,xxx
47502,xxx
47503,xxx
47504,xxx
47505,xxx
47506,xxx
47507,xxx
47508,xxx
47509,xxx
47510,xxx
47511,xxx
47512,xxx
47513,пузырё́к
47514,пу́зырёки
47515,пузырё́кы
47516,пу́зырёкы
47517,пузырёкѣ́хъ
47518,xxx
47519,xxx
47520,xxx
47521,xxx
47522,xxx
47523,xxx
47524,xxx
47525,xxx
47526,xxx
47527,xxx
47528,xxx
47529,пѫнктуацио́ю
47530,пѫнктуаци́
47531,пѫнктуаци́
47532,пѫнктуаци́ы
47533,пѫнктуаци́ы
47534,xxx
47535,xxx
47536,пупси́ц
47537,пу́псицамь
47538,пупси́цѣ
47539,пупсицо́мъ
47540,xxx
47541,пу́стельзаю
47542,пу́стельзы
47543,пусте́льзъ
47544,пу́стельзами
47545,xxx
47546,xxx
47547,xxx
47548,xxx
47549,xxx
47550,xxx
47551,xxx
47552,пустышьцѫ́
47553,пу́стышьцаю
47554,пустышьца́мъ
47555,пусты́шьци
47556,пустя́ка
47557,пустя́ка
47558,пустя́кѣ
47559,пустя́кы
47560,пу́стякы
47561,путаньца́
47562,пу́таньцѣ
47563,пу́таньци
47564,пута́нькы
47565,пута́ньцахъ
47566,xxx
47567,xxx
47568,xxx
47569,пу́тница
47570,пу́тниц
47571,пу́тници
47572,xxx
47573,xxx
47574,xxx
47575,xxx
47576,xxx
47577,xxx
47578,пу́шкинизму
47579,пу́шкинизмамь
47580,пу́шкинизмамъ
47581,пушкинизмѣ́хъ
47582,xxx
47583,xxx
47584,пчѣлавадство́
47585,пчѣлаво́дствѣ
47586,xxx
47587,xxx
47588,пчельницу́
47589,пчельни́цѣ
47590,xxx
47591,xxx
47592,xxx
47593,пылиньца́
47594,пылинька́
47595,пылинькѫ́
47596,пыли́ньцѣ
47597,пыли́нькы
47598,пыльни́ц
47599,пы́льници
47600,пы́льници
47601,пы́реамь
47602,пы́реы
47603,пыреѣ́хъ
47604,xxx
47605,xxx
47606,xxx
47607,xxx
47608,xxx
47609,xxx
47610,xxx
47611,xxx
47612,xxx
47613,xxx
47614,xxx
47615,пята́к
47616,пята́к
47617,пя́таки
47618,пята́к
47619,пятако́мъ
47620,пя́такы
47621,xxx
47622,xxx
47623,xxx
47624,xxx
47625,xxx
47626,ра́батьцѣ
47627,ра́батьки
47628,ра́батьцаю
47629,ра́батькы
47630,xxx
47631,xxx
47632,xxx
47633,xxx
47634,рабфа́ка
47635,ра́бфакамь
47636,ра́бфакамь
47637,ра́бфаки
47638,xxx
47639,xxx
47640,xxx
47641,xxx
47642,xxx
47643,xxx
47644,ра́внавесиа
47645,ра́внавеси
47646,равнаденстви́амь
47647,ра́внаденствиа
47648,равнаденстви́амъ
47649,xxx
47650,xxx
47651,xxx
47652,xxx
47653,xxx
47654,xxx
47655,xxx
47656,xxx
47657,xxx
47658,xxx
47659,xxx
47660,xxx
47661,радиациа́
47662,радиаци́ѣ
47663,ра́диациами
47664,радиациа́хъ
47665,ра́ди
47666,ра́диу
47667,ра́дии
47668,ра́диы
47669,ра́диы
47670,xxx
47671,xxx
47672,xxx
47673,xxx
47674,xxx
47675,xxx
47676,xxx
47677,xxx
47678,xxx
47679,xxx
47680,xxx
47681,xxx
47682,xxx
47683,xxx
47684,xxx
47685,xxx
47686,xxx
47687,xxx
47688,xxx
47689,xxx
47690,xxx
47691,xxx
47692,xxx
47693,xxx
47694,xxx
47695,xxx
47696,xxx
47697,развѣ́дьци
47698,ра́звѣдьци
47699,ра́звѣдьцами
47700,ра́звидьками
47701,ра́звёрстька
47702,ра́звёрстькаю
47703,ра́звёрстьци
47704,ра́звильцамъ
47705,ра́звильци
47706,xxx
47707,xxx
47708,xxx
47709,xxx
47710,развя́зькѫ
47711,развя́зьцъ
47712,разгадьцѫ́
47713,разгадькѫ́
47714,ра́згаварницамь
47715,ра́згаварници
47716,ра́згаварници
47717,разгрузьцо́ю
47718,ра́згрузьци
47719,ра́згрузьками
47720,разгру́зьцахъ
47721,разгру́зьцахъ
47722,xxx
47723,xxx
47724,xxx
47725,xxx
47726,xxx
47727,xxx
47728,xxx
47729,xxx
47730,xxx
47731,xxx
47732,xxx
47733,xxx
47734,xxx
47735,xxx
47736,xxx
47737,xxx
47738,xxx
47739,xxx
47740,xxx
47741,разлуко́ю
47742,ра́злукѣ
47743,ра́злуками
47744,xxx
47745,xxx
47746,xxx
47747,ра́зминьцѣ
47748,ра́зминьци
47749,ра́зминькъ
47750,ра́зминьцамъ
47751,xxx
47752,xxx
47753,xxx
47754,xxx
47755,xxx
47756,xxx
47757,xxx
47758,xxx
47759,xxx
47760,xxx
47761,xxx
47762,xxx
47763,xxx
47764,xxx
47765,xxx
47766,xxx
47767,xxx
47768,xxx
47769,xxx
47770,xxx
47771,xxx
47772,xxx
47773,xxx
47774,xxx
47775,xxx
47776,xxx
47777,разрушите́ль
47778,разрушите́ль
47779,разрушите́ль
47780,xxx
47781,разрыхлитѣ́ль
47782,разрыхлитѣли́
47783,разрыхлитѣ́ли
47784,разрядьца́
47785,ра́зрядьцѣ
47786,ра́зрядьцѣ
47787,разря́дькахъ
47788,xxx
47789,xxx
47790,xxx
47791,xxx
47792,xxx
47793,xxx
47794,xxx
47795,xxx
47796,xxx
47797,xxx
47798,xxx
47799,xxx
47800,xxx
47801,xxx
47802,xxx
47803,xxx
47804,xxx
47805,xxx
47806,xxx
47807,xxx
47808,xxx
47809,xxx
47810,xxx
47811,xxx
47812,xxx
47813,xxx
47814,xxx
47815,xxx
47816,xxx
47817,xxx
47818,ра́кетьци
47819,ра́кетьци
47820,раке́тьцамъ
47821,раке́тькахъ
47822,xxx
47823,xxx
47824,xxx
47825,xxx
47826,xxx
47827,xxx
47828,xxx
47829,xxx
47830,xxx
47831,xxx
47832,xxx
47833,ра́нькы
47834,ра́ньцамъ
47835,ра́ньцами
47836,xxx
47837,xxx
47838,xxx
47839,xxx
47840,xxx
47841,xxx
47842,xxx
47843,xxx
47844,ра́систькы
47845,ра́систьцѣ
47846,ра́систькы
47847,ра́систьцами
47848,xxx
47849,xxx
47850,xxx
47851,xxx
47852,xxx
47853,xxx
47854,xxx
47855,xxx
47856,ра́сквартираваниа
47857,расквартиравани́а
47858,xxx
47859,xxx
47860,xxx
47861,раскладушьца́
47862,раскладушькѫ́
47863,ра́складушьцаю
47864,раскладу́шьцъ
47865,ра́складушьцами
47866,xxx
47867,xxx
47868,xxx
47869,ра́скрутьцѣ
47870,раскру́тьцъ
47871,раскру́тьци
47872,ра́скрытиа
47873,ра́скрытиа
47874,ра́скрыти
47875,ра́скрытиы
47876,ра́скрытиы
47877,ра́списьца
47878,ра́списьца
47879,ра́списьци
47880,ра́списькаю
47881,ра́списьки
47882,xxx
47883,xxx
47884,xxx
47885,xxx
47886,xxx
47887,xxx
47888,xxx
47889,ра́спарядители
47890,ра́спарядители
47891,ра́спарядительѭ
47892,ра́спарядители
47893,ра́спарядителии
47894,xxx
47895,xxx
47896,xxx
47897,xxx
47898,распрастраните́ли
47899,ра́спрастранительми
47900,xxx
47901,xxx
47902,xxx
47903,xxx
47904,xxx
47905,xxx
47906,xxx
47907,xxx
47908,xxx
47909,xxx
47910,xxx
47911,xxx
47912,xxx
47913,xxx
47914,xxx
47915,xxx
47916,xxx
47917,xxx
47918,ра́ссказчица
47919,ра́ссказчиц
47920,xxx
47921,xxx
47922,xxx
47923,xxx
47924,xxx
47925,xxx
47926,xxx
47927,xxx
47928,xxx
47929,xxx
47930,xxx
47931,xxx
47932,xxx
47933,xxx
47934,xxx
47935,xxx
47936,xxx
47937,xxx
47938,xxx
47939,xxx
47940,xxx
47941,xxx
47942,xxx
47943,xxx
47944,xxx
47945,xxx
47946,xxx
47947,xxx
47948,xxx
47949,xxx
47950,xxx
47951,xxx
47952,xxx
47953,xxx
47954,xxx
47955,xxx
47956,растяжьца́хъ
47957,расхитите́ли
47958,ра́схитительѭ
47959,расхитите́ли
47960,расхитите́льхъ
47961,xxx
47962,xxx
47963,ра́сцветьци
47964,расцветьцо́ю
47965,расцве́тькъ
47966,расцве́тьцахъ
47967,расцинька́мъ
47968,ра́сцѣньцами
47969,расцинька́хъ
47970,ра́счёськы
47971,расчё́сьцъ
47972,расчё́ськъ
47973,ра́счёсьцами
47974,xxx
47975,xxx
47976,xxx
47977,xxx
47978,xxx
47979,xxx
47980,ра́фица
47981,ра́фицу
47982,ра́фици
47983,ра́фиц
47984,ра́фицамъ
47985,ра́фици
47986,xxx
47987,xxx
47988,xxx
47989,xxx
47990,xxx
47991,рациа́
47992,раци́
47993,раци́ы
47994,xxx
47995,xxx
47996,xxx
47997,xxx
47998,xxx
47999,xxx
48000,xxx
48001,xxx
48002,xxx
48003,xxx
48004,xxx
48005,xxx
48006,рвени́а
48007,рвениу́
48008,рве́ниамь
48009,рвени́и
48010,рве́ниа
48011,рвенио́мъ
48012,xxx
48013,xxx
48014,xxx
48015,xxx
48016,xxx
48017,xxx
48018,xxx
48019,xxx
48020,xxx
48021,реалиа́
48022,ре́алиы
48023,ре́алиѣ
48024,ре́алиѣ
48025,реали́ы
48026,реали́ахъ
48027,xxx
48028,xxx
48029,xxx
48030,xxx
48031,xxx
48032,xxx
48033,xxx
48034,ре́буси
48035,ребу́с
48036,xxx
48037,xxx
48038,xxx
48039,ревизиа́
48040,ревизиѣ́
48041,ревизиѫ́
48042,ревизи́и
48043,ревизиа́мъ
48044,ревизиа́мъ
48045,ревизиа́хъ
48046,ре́визар
48047,ре́визарамь
48048,xxx
48049,xxx
48050,xxx
48051,xxx
48052,xxx
48053,xxx
48054,xxx
48055,xxx
48056,xxx
48057,xxx
48058,ригѣ́нтъши
48059,рѣ́гинтъшаю
48060,рѣ́гѣнтъши
48061,ригинтъша́мъ
48062,ре́гиан
48063,ре́гиана
48064,регианѣ́хъ
48065,xxx
48066,xxx
48067,xxx
48068,xxx
48069,xxx
48070,xxx
48071,xxx
48072,xxx
48073,xxx
48074,xxx
48075,xxx
48076,xxx
48077,xxx
48078,xxx
48079,xxx
48080,xxx
48081,ре́дкаллегиѣ
48082,ре́дкаллегиѣ
48083,ре́дкаллегиамъ
48084,ре́дкаллегиамъ
48085,xxx
48086,xxx
48087,xxx
48088,xxx
48089,xxx
48090,xxx
48091,xxx
48092,xxx
48093,xxx
48094,xxx
48095,xxx
48096,xxx
48097,резерфарди́
48098,ре́зерфардии
48099,резерфарди́
48100,резерфардио́мъ
48101,xxx
48102,xxx
48103,рѣ́зиньцѣ
48104,рѣ́зиньцъ
48105,рѣ́зиньцами
48106,ре́зистару
48107,ре́зистар
48108,xxx
48109,xxx
48110,ре́залюциы
48111,ре́залюциѫ
48112,ре́залюциамъ
48113,ре́залюциы
48114,резалюциа́хъ
48115,резана́нса
48116,резанансо́мъ
48117,резана́нсы
48118,xxx
48119,xxx
48120,xxx
48121,xxx
48122,xxx
48123,xxx
48124,xxx
48125,xxx
48126,xxx
48127,xxx
48128,ре́квием
48129,ре́квиему
48130,ре́квиему
48131,ре́квиемамь
48132,ре́квиемы
48133,реквиемѣ́хъ
48134,xxx
48135,реканструкциа́
48136,реканструкцио́ю
48137,реканструкцио́ю
48138,реканструкци́амъ
48139,реканструкци́ы
48140,реканструкци́ахъ
48141,xxx
48142,ре́курсиы
48143,ре́курсиѣ
48144,рекурсио́ю
48145,ре́курсиѣ
48146,рекурси́ы
48147,xxx
48148,xxx
48149,xxx
48150,xxx
48151,xxx
48152,релизиа́
48153,ре́лизии
48154,релизио́ю
48155,ре́лизиы
48156,ре́лицвиы
48157,ре́лицвиы
48158,ре́лицвиѣ
48159,ре́лицвиами
48160,xxx
48161,xxx
48162,xxx
48163,xxx
48164,xxx
48165,ре́марькы
48166,ре́марьцѣ
48167,рема́рькъ
48168,рема́рьцамъ
48169,xxx
48170,ре́мешака
48171,ре́мешакамь
48172,ре́мешак
48173,ре́мешакы
48174,ринига́та
48175,ринига́т
48176,рѣ́нѣгатамь
48177,ринига́ти
48178,ринигато́мъ
48179,рѣнѣга́ты
48180,ренесса́нсъ
48181,ренесса́нса
48182,ренессансу́
48183,ренесса́нсъ
48184,ренесса́нсы
48185,рениу́
48186,ре́ниамь
48187,ренио́мъ
48188,xxx
48189,xxx
48190,xxx
48191,ре́нтгении
48192,рентгени́
48193,рентгени́ы
48194,xxx
48195,xxx
48196,xxx
48197,xxx
48198,xxx
48199,xxx
48200,xxx
48201,xxx
48202,xxx
48203,xxx
48204,xxx
48205,xxx
48206,xxx
48207,xxx
48208,xxx
48209,xxx
48210,xxx
48211,рѣ́плици
48212,рѣ́плици
48213,рѣ́плици
48214,рѣ́плицами
48215,xxx
48216,xxx
48217,xxx
48218,xxx
48219,репрессиа́
48220,репресси́
48221,репрессиа́хъ
48222,репри́зѫ
48223,репри́зы
48224,рѣ́прадукциѣ
48225,рѣпрадукци́
48226,рѣ́прадукциами
48227,рѣпрадукци́ахъ
48228,рипрадукци́ахъ
48229,рѣ́птилиа
48230,рѣ́птилии
48231,рѣ́птилиѫ
48232,рѣ́птилиаю
48233,рѣ́птилии
48234,рѣ́птилиамъ
48235,xxx
48236,xxx
48237,рѣ́скрипътамь
48238,рѣ́скрипътамь
48239,рѣ́скрипътѣ
48240,рѣ́скрипъти
48241,рѣ́скрипъты
48242,xxx
48243,xxx
48244,xxx
48245,xxx
48246,xxx
48247,xxx
48248,xxx
48249,xxx
48250,xxx
48251,xxx
48252,xxx
48253,xxx
48254,ре́сурсамь
48255,ре́сурсѣ
48256,ре́сурси
48257,ре́сурси
48258,ре́сурсы
48259,xxx
48260,xxx
48261,xxx
48262,xxx
48263,xxx
48264,xxx
48265,рефера́т
48266,реферату́
48267,рефера́тѣ
48268,ре́ферати
48269,ре́ферати
48270,рефера́т
48271,реферато́мъ
48272,референду́ма
48273,рефринду́ми
48274,референдумѣ́хъ
48275,ре́флексиы
48276,рефлексиа́хъ
48277,xxx
48278,xxx
48279,ре́фарматарѣ
48280,ре́фарматарѣ
48281,ре́фарматари
48282,ре́фарматары
48283,рефарматарѣ́хъ
48284,xxx
48285,xxx
48286,xxx
48287,xxx
48288,xxx
48289,xxx
48290,xxx
48291,ре́цензиа
48292,ре́цензиѫ
48293,ре́цензиаю
48294,ре́цензиамъ
48295,ре́цензиами
48296,xxx
48297,xxx
48298,xxx
48299,рецесси́ѫ
48300,рецесси́
48301,рецесси́ы
48302,рецесси́ы
48303,рецесси́ахъ
48304,xxx
48305,xxx
48306,ре́чьца
48307,ре́чьки
48308,ре́чькаю
48309,ре́чьци
48310,ре́чьци
48311,ре́чьцами
48312,xxx
48313,ре́чушьцѣ
48314,ре́чушьци
48315,xxx
48316,xxx
48317,xxx
48318,xxx
48319,xxx
48320,рѣ́шька
48321,рѣ́шьци
48322,рѣ́шьци
48323,xxx
48324,xxx
48325,xxx
48326,xxx
48327,xxx
48328,xxx
48329,xxx
48330,xxx
48331,xxx
48332,xxx
48333,xxx
48334,xxx
48335,xxx
48336,xxx
48337,xxx
48338,xxx
48339,xxx
48340,xxx
48341,xxx
48342,xxx
48343,xxx
48344,xxx
48345,xxx
48346,xxx
48347,xxx
48348,xxx
48349,xxx
48350,xxx
48351,xxx
48352,xxx
48353,xxx
48354,xxx
48355,xxx
48356,xxx
48357,xxx
48358,xxx
48359,xxx
48360,xxx
48361,xxx
48362,ро́биниаю
48363,ро́биниы
48364,xxx
48365,xxx
48366,рагали́ца
48367,рагали́цѣ
48368,xxx
48369,ро́гажи
48370,ро́гажамъ
48371,xxx
48372,xxx
48373,xxx
48374,xxx
48375,xxx
48376,ро́дители
48377,ро́дительѭ
48378,ро́дители
48379,ро́дители
48380,радите́льхъ
48381,xxx
48382,xxx
48383,xxx
48384,xxx
48385,xxx
48386,ро́давспамажениа
48387,ро́давспамажени
48388,ро́давспамажениа
48389,ро́давспамажениы
48390,ро́дадендран
48391,ро́дадендрана
48392,ро́дадендрану
48393,ро́дадендранѣ
48394,xxx
48395,xxx
48396,ро́ениамъ
48397,ро́ениы
48398,xxx
48399,xxx
48400,xxx
48401,xxx
48402,xxx
48403,xxx
48404,xxx
48405,разачьца́
48406,разо́чькѫ
48407,ро́зачьци
48408,разо́чьцъ
48409,ро́зачьцами
48410,ро́зачьцами
48411,ро́зысьца
48412,ро́зыськъ
48413,ро́зыськи
48414,ро́зысьци
48415,ро́к-групъпаю
48416,рак-гру́пъпи
48417,рак-групъпа́мъ
48418,рак-групъпа́мъ
48419,рак-групъпа́хъ
48420,xxx
48421,xxx
48422,ро́лиц
48423,ро́лицу
48424,ро́лицамь
48425,ро́лицѣ
48426,ро́лиц
48427,ро́лици
48428,xxx
48429,xxx
48430,рамбицу́
48431,рамби́ци
48432,ро́мбици
48433,рамбицѣ́хъ
48434,рамбицѣ́хъ
48435,xxx
48436,xxx
48437,xxx
48438,xxx
48439,xxx
48440,xxx
48441,ро́синьца
48442,ро́синька
48443,ро́синьки
48444,расиньца́хъ
48445,распи́сь
48446,ро́ссияньцѫ
48447,ро́ссиянькаю
48448,ро́ссияньцамъ
48449,ро́ссияньцами
48450,рассы́пь
48451,рассы́пь
48452,рассы́пьмъ
48453,ро́ссыпьми
48454,xxx
48455,xxx
48456,раставщи́цѣ
48457,раставщи́ци
48458,ро́ставщици
48459,xxx
48460,xxx
48461,xxx
48462,xxx
48463,xxx
48464,xxx
48465,ро́стаку
48466,ро́стакамь
48467,ро́стаки
48468,расяньца́
48469,ро́сяньцаю
48470,расяньца́мъ
48471,расянька́хъ
48472,xxx
48473,xxx
48474,рубѣ́ца
48475,ру́бѣцамь
48476,рубѣ́цѣ
48477,ру́бѣци
48478,рубѣ́ц
48479,рубиди́а
48480,ру́бидиамь
48481,рубидио́мъ
48482,рубиди́ы
48483,xxx
48484,xxx
48485,xxx
48486,xxx
48487,xxx
48488,xxx
48489,xxx
48490,xxx
48491,xxx
48492,xxx
48493,xxx
48494,ружьецо́
48495,ружьецу́
48496,ружьецо́мъ
48497,xxx
48498,xxx
48499,xxx
48500,xxx
48501,xxx
48502,xxx
48503,xxx
48504,xxx
48505,xxx
48506,xxx
48507,xxx
48508,xxx
48509,ру́кабитьа
48510,ру́кабитьа
48511,ру́кабитьѣ
48512,ру́кабитьы
48513,ру́кабитьы
48514,xxx
48515,xxx
48516,рукаделио́
48517,ру́каделии
48518,рукадели́а
48519,рукадели́а
48520,ру́каделиы
48521,рукадели́ѣхъ
48522,руканажьца́
48523,xxx
48524,xxx
48525,xxx
48526,ру́капись
48527,ру́каписьѭ
48528,ру́каписи
48529,ру́каписи
48530,xxx
48531,xxx
48532,xxx
48533,xxx
48534,xxx
48535,xxx
48536,xxx
48537,xxx
48538,xxx
48539,xxx
48540,xxx
48541,xxx
48542,xxx
48543,xxx
48544,xxx
48545,xxx
48546,xxx
48547,xxx
48548,xxx
48549,русаку́
48550,руса́кы
48551,руса́кы
48552,русакѣ́хъ
48553,ру́сальца
48554,ру́сальцѫ
48555,ру́салькаю
48556,ру́сальцамъ
48557,ру́сальками
48558,xxx
48559,xxx
48560,xxx
48561,xxx
48562,xxx
48563,xxx
48564,xxx
48565,xxx
48566,ру́сафабиѣ
48567,ру́сафабии
48568,ру́сафабиѫ
48569,ру́сафабиы
48570,ру́сафабиамъ
48571,xxx
48572,xxx
48573,xxx
48574,рутени́
48575,рутени́
48576,рутениѣ́хъ
48577,ручеёко́мъ
48578,ручеёкѣ́хъ
48579,xxx
48580,xxx
48581,xxx
48582,xxx
48583,xxx
48584,xxx
48585,рушѣнио́мъ
48586,ру́шѣниы
48587,рушѣниѣ́хъ
48588,xxx
48589,xxx
48590,xxx
48591,xxx
48592,xxx
48593,ры́бакамь
48594,рыба́кѣ
48595,рыбако́мъ
48596,рыба́кы
48597,xxx
48598,xxx
48599,xxx
48600,xxx
48601,xxx
48602,xxx
48603,xxx
48604,xxx
48605,xxx
48606,рыблавьца́
48607,рыбало́вьци
48608,ры́блавьками
48609,xxx
48610,xxx
48611,xxx
48612,xxx
48613,xxx
48614,xxx
48615,рыдани́а
48616,ры́даниамь
48617,рыдани́а
48618,ры́даниы
48619,ры́зарпан
48620,ры́зарпанѣ
48621,ры́зарпанамъ
48622,рыса́ка
48623,рыса́кѣ
48624,ры́саки
48625,ры́сакы
48626,рысакѣ́хъ
48627,xxx
48628,ры́чани
48629,ры́чаниамъ
48630,xxx
48631,xxx
48632,xxx
48633,xxx
48634,xxx
48635,xxx
48636,xxx
48637,xxx
48638,xxx
48639,xxx
48640,xxx
48641,xxx
48642,са́блаю
48643,са́блы
48644,са́блы
48645,са́бламъ
48646,xxx
48647,са́га
48648,са́гѫ
48649,xxx
48650,xxx
48651,xxx
48652,xxx
48653,xxx
48654,xxx
48655,xxx
48656,xxx
48657,xxx
48658,xxx
48659,xxx
48660,xxx
48661,xxx
48662,са́йгакамь
48663,xxx
48664,са́клы
48665,са́клы
48666,са́клѫ
48667,са́клъ
48668,са́клы
48669,xxx
48670,xxx
48671,xxx
48672,xxx
48673,xxx
48674,xxx
48675,xxx
48676,xxx
48677,xxx
48678,xxx
48679,са́лакѫ
48680,са́лаками
48681,салака́хъ
48682,са́ла
48683,са́ламъ
48684,са́лы
48685,са́лы
48686,са́латапькы
48687,салатапьцо́ю
48688,салато́пьцамъ
48689,салато́пьцахъ
48690,xxx
48691,xxx
48692,xxx
48693,xxx
48694,xxx
48695,xxx
48696,xxx
48697,xxx
48698,салфетьца́
48699,са́лфетькы
48700,са́лфетьцѣ
48701,са́лфетьки
48702,салфе́тькѫ
48703,салфетьцо́ю
48704,салфето́чьцъ
48705,салфето́чьцъ
48706,са́лфетачьцами
48707,салфето́чьцахъ
48708,салфето́чькахъ
48709,xxx
48710,xxx
48711,xxx
48712,xxx
48713,xxx
48714,xxx
48715,xxx
48716,xxx
48717,xxx
48718,xxx
48719,xxx
48720,xxx
48721,xxx
48722,xxx
48723,самавали́а
48724,самавали́а
48725,самавалио́
48726,самавали́и
48727,самавалио́мъ
48728,самавалио́мъ
48729,xxx
48730,xxx
48731,xxx
48732,xxx
48733,xxx
48734,xxx
48735,са́мазабвениа
48736,са́мазабвении
48737,са́мазабвениа
48738,са́мазабвениамъ
48739,xxx
48740,xxx
48741,xxx
48742,xxx
48743,са́макрутьци
48744,са́макрутьци
48745,са́макрутьцѫ
48746,xxx
48747,xxx
48748,xxx
48749,xxx
48750,xxx
48751,xxx
48752,xxx
48753,xxx
48754,xxx
48755,xxx
48756,xxx
48757,xxx
48758,xxx
48759,xxx
48760,xxx
48761,xxx
48762,xxx
48763,xxx
48764,xxx
48765,xxx
48766,xxx
48767,са́маащущиниа
48768,са́маащущѣниа
48769,самаащущѣни́
48770,самаащущѣни́а
48771,самаащущини́ихъ
48772,xxx
48773,xxx
48774,са́масахранениамь
48775,са́масахранениа
48776,саматы́к
48777,саматы́кѣ
48778,са́матыки
48779,саматыко́мъ
48780,саматыкѣ́хъ
48781,са́мауважениѣ
48782,самауважени́амъ
48783,са́мауважениы
48784,xxx
48785,xxx
48786,xxx
48787,самаудавлѣтвари́а
48788,самаудавлитвираниу́
48789,самаудавлитвирани́и
48790,са́маудавлѣтвариа
48791,самаудавлитвирани́
48792,самаудавлитвирани́а
48793,са́мауправлениа
48794,са́мауправлениѣ
48795,са́мауправлениа
48796,са́маутвирждиниа
48797,са́маутвѣрждѣниамъ
48798,са́маутвѣрждѣниы
48799,самаучька́
48800,самау́чьци
48801,самаучьцѣ́
48802,самахо́дькы
48803,са́махадьцаю
48804,са́махадькаю
48805,самахадьца́хъ
48806,xxx
48807,xxx
48808,xxx
48809,xxx
48810,xxx
48811,xxx
48812,са́нгриамъ
48813,сангриа́хъ
48814,xxx
48815,xxx
48816,xxx
48817,xxx
48818,санита́рькы
48819,санита́рьцѣ
48820,санита́рьцѣ
48821,са́нитарьцами
48822,xxx
48823,xxx
48824,xxx
48825,xxx
48826,xxx
48827,xxx
48828,xxx
48829,xxx
48830,xxx
48831,xxx
48832,xxx
48833,xxx
48834,xxx
48835,xxx
48836,xxx
48837,саранчу́к
48838,саранчу́ка
48839,саранчуку́
48840,саранчу́к
48841,са́ранчукамь
48842,саранчу́к
48843,саранчуко́мъ
48844,xxx
48845,xxx
48846,xxx
48847,са́тирицамь
48848,са́тирици
48849,са́тирици
48850,са́тирици
48851,xxx
48852,xxx
48853,xxx
48854,xxx
48855,xxx
48856,xxx
48857,xxx
48858,xxx
48859,xxx
48860,xxx
48861,xxx
48862,xxx
48863,xxx
48864,xxx
48865,xxx
48866,xxx
48867,xxx
48868,xxx
48869,сбо́ѣ
48870,сбо́и
48871,сбо́и
48872,сбаѣ́хъ
48873,xxx
48874,xxx
48875,xxx
48876,xxx
48877,сбо́рниц
48878,сбо́рници
48879,сбо́рници
48880,xxx
48881,xxx
48882,xxx
48883,xxx
48884,xxx
48885,xxx
48886,xxx
48887,xxx
48888,xxx
48889,xxx
48890,xxx
48891,xxx
48892,xxx
48893,xxx
48894,xxx
48895,xxx
48896,xxx
48897,xxx
48898,xxx
48899,xxx
48900,xxx
48901,xxx
48902,xxx
48903,xxx
48904,xxx
48905,xxx
48906,сверкани́а
48907,сверкани́ѣ
48908,све́рканиы
48909,сверканиѣ́хъ
48910,xxx
48911,све́рстница
48912,све́рстници
48913,све́рстници
48914,све́рстници
48915,xxx
48916,xxx
48917,xxx
48918,xxx
48919,xxx
48920,xxx
48921,xxx
48922,xxx
48923,xxx
48924,xxx
48925,xxx
48926,xxx
48927,xxx
48928,све́тляки
48929,светля́к
48930,светля́к
48931,све́тлякы
48932,xxx
48933,xxx
48934,xxx
48935,xxx
48936,xxx
48937,xxx
48938,xxx
48939,xxx
48940,xxx
48941,xxx
48942,xxx
48943,xxx
48944,xxx
48945,xxx
48946,xxx
48947,сви́ницамь
48948,свинѣ́ц
48949,свинѣцѣ́хъ
48950,xxx
48951,xxx
48952,xxx
48953,сви́стульца
48954,сви́стульца
48955,сви́стульци
48956,сви́стульци
48957,xxx
48958,xxx
48959,xxx
48960,xxx
48961,xxx
48962,xxx
48963,xxx
48964,xxx
48965,сво́дницамь
48966,сво́дницѣ
48967,сво́дници
48968,xxx
48969,xxx
48970,xxx
48971,свая́к
48972,свая́к
48973,сво́яки
48974,свая́к
48975,свая́к
48976,свая́к
48977,сваякѣ́хъ
48978,xxx
48979,xxx
48980,xxx
48981,xxx
48982,xxx
48983,xxx
48984,xxx
48985,xxx
48986,xxx
48987,xxx
48988,xxx
48989,xxx
48990,сго́раниа
48991,сгарани́а
48992,сго́раниа
48993,сго́раниа
48994,сгарани́
48995,сго́раниы
48996,сго́раниы
48997,xxx
48998,xxx
48999,xxx
49000,сде́рживаниу
49001,сдерживаниѣ́хъ
49002,xxx
49003,се́врюгѫ
49004,се́врюгаю
49005,се́врюг
49006,се́врюгами
49007,се́врюгами
49008,севрюга́хъ
49009,xxx
49010,xxx
49011,xxx
49012,xxx
49013,xxx
49014,xxx
49015,xxx
49016,xxx
49017,xxx
49018,сейсмалагиѣ́
49019,сейсмлаги́
49020,xxx
49021,xxx
49022,xxx
49023,xxx
49024,xxx
49025,xxx
49026,xxx
49027,xxx
49028,xxx
49029,xxx
49030,xxx
49031,xxx
49032,xxx
49033,xxx
49034,xxx
49035,xxx
49036,xxx
49037,сѣксла́г
49038,сѣксало́г
49039,сѣксало́га
49040,xxx
49041,xxx
49042,xxx
49043,xxx
49044,xxx
49045,xxx
49046,се́кциа
49047,се́кциѫ
49048,се́кциамъ
49049,секциа́хъ
49050,секциа́хъ
49051,xxx
49052,сѣ́лѣзёньцѣ
49053,сѣ́лѣзёньцаю
49054,сѣ́лизёнькъ
49055,сѣ́лѣзёньци
49056,сѣ́лизёньками
49057,xxx
49058,се́лекциы
49059,xxx
49060,xxx
49061,xxx
49062,xxx
49063,xxx
49064,xxx
49065,се́льца
49066,се́льцѣ
49067,се́льцамъ
49068,се́льци
49069,сельчани́н
49070,сельчани́н
49071,сельчанино́мъ
49072,сельчанино́мъ
49073,селянино́мъ
49074,селяни́ны
49075,семанти́ци
49076,семанти́ци
49077,семантицѣ́
49078,xxx
49079,се́мействамь
49080,семе́йствѣ
49081,семе́йстви
49082,семе́йствъ
49083,семейство́мъ
49084,семейство́мъ
49085,xxx
49086,xxx
49087,xxx
49088,xxx
49089,xxx
49090,xxx
49091,xxx
49092,се́миструньцами
49093,се́миструньками
49094,xxx
49095,се́мплиньгъ
49096,се́мплиньзѣ
49097,се́мплиньзы
49098,xxx
49099,семьяни́н
49100,семьянину́
49101,се́мьянины
49102,семяньцѣ́
49103,семя́ньцъ
49104,се́мяньцами
49105,xxx
49106,xxx
49107,xxx
49108,xxx
49109,xxx
49110,xxx
49111,сенсациа́
49112,се́нсациаю
49113,се́нсациы
49114,се́нсациами
49115,xxx
49116,xxx
49117,xxx
49118,xxx
49119,xxx
49120,xxx
49121,xxx
49122,xxx
49123,xxx
49124,се́рвакамь
49125,се́рвакамь
49126,се́рвак
49127,xxx
49128,xxx
49129,xxx
49130,xxx
49131,xxx
49132,xxx
49133,xxx
49134,xxx
49135,xxx
49136,xxx
49137,xxx
49138,xxx
49139,xxx
49140,xxx
49141,се́риы
49142,се́риѣ
49143,се́рии
49144,се́риы
49145,сериа́хъ
49146,xxx
49147,xxx
49148,серпухавчани́н
49149,серпухавчани́на
49150,серпухавчанино́мъ
49151,xxx
49152,xxx
49153,сессиа́
49154,се́ссиы
49155,се́ссиы
49156,се́ссиы
49157,сесси́
49158,сесси́амъ
49159,xxx
49160,xxx
49161,xxx
49162,xxx
49163,xxx
49164,xxx
49165,xxx
49166,xxx
49167,xxx
49168,xxx
49169,xxx
49170,сетчатьцо́ю
49171,се́тчатьцѣ
49172,се́тчатьки
49173,сетча́тькъ
49174,сетча́тькамъ
49175,xxx
49176,xxx
49177,xxx
49178,xxx
49179,сжатио́
49180,сжати́амь
49181,сжати́
49182,сжа́тиы
49183,сибарги́
49184,сибарги́а
49185,сибаргиу́
49186,xxx
49187,xxx
49188,xxx
49189,xxx
49190,xxx
49191,xxx
49192,xxx
49193,xxx
49194,xxx
49195,xxx
49196,xxx
49197,xxx
49198,xxx
49199,xxx
49200,xxx
49201,xxx
49202,xxx
49203,xxx
49204,xxx
49205,силави́ц
49206,силави́ц
49207,силави́ц
49208,xxx
49209,xxx
49210,xxx
49211,си́мвалицѣ
49212,симвалица́хъ
49213,си́мметриѣ
49214,симметри́ѫ
49215,си́мметриы
49216,симметри́амъ
49217,си́мметриами
49218,симметри́ахъ
49219,xxx
49220,xxx
49221,xxx
49222,си́муляциѣ
49223,симуляци́амъ
49224,симуляци́ахъ
49225,симфаниа́
49226,симфанио́ю
49227,симфани́ахъ
49228,xxx
49229,xxx
49230,xxx
49231,xxx
49232,xxx
49233,xxx
49234,xxx
49235,си́нѣкдаха
49236,си́никдахи
49237,си́нѣкдахы
49238,xxx
49239,xxx
49240,xxx
49241,xxx
49242,xxx
49243,xxx
49244,xxx
49245,xxx
49246,xxx
49247,xxx
49248,си́нафабиаю
49249,xxx
49250,xxx
49251,xxx
49252,xxx
49253,xxx
49254,си́нтѣзатару
49255,си́нтѣзатарамь
49256,си́нтизатари
49257,xxx
49258,xxx
49259,xxx
49260,xxx
49261,xxx
49262,xxx
49263,xxx
49264,xxx
49265,xxx
49266,xxx
49267,xxx
49268,xxx
49269,xxx
49270,xxx
49271,си́тецамь
49272,си́тецѣ
49273,си́теци
49274,си́теци
49275,ситецѣ́хъ
49276,xxx
49277,xxx
49278,xxx
49279,xxx
49280,xxx
49281,xxx
49282,xxx
49283,xxx
49284,xxx
49285,xxx
49286,xxx
49287,xxx
49288,xxx
49289,xxx
49290,xxx
49291,xxx
49292,ска́кальки
49293,ска́кальци
49294,ска́кальци
49295,ска́кальцъ
49296,ска́калькъ
49297,xxx
49298,xxx
49299,скальпиравани́а
49300,скальпираванио́
49301,ска́льпираваниамь
49302,скальпиравани́а
49303,xxx
49304,ска́меечькѫ
49305,ска́меечьцѣ
49306,ска́меечьци
49307,скамеечьца́хъ
49308,скамейьца́
49309,скамейьцѫ́
49310,ска́мейьцами
49311,скамейьца́хъ
49312,скамейька́хъ
49313,ска́мьѫ
49314,ска́мьъ
49315,ска́мьамъ
49316,ска́мьы
49317,ска́мьами
49318,скамьа́хъ
49319,xxx
49320,xxx
49321,xxx
49322,xxx
49323,ска́ндиамь
49324,ска́ндиамъ
49325,сканиравани́
49326,ска́нираваниы
49327,ска́нираваниы
49328,ска́ни
49329,ска́нь
49330,ска́нь
49331,ска́ни
49332,ска́ньмъ
49333,ска́ни
49334,ска́ньми
49335,xxx
49336,xxx
49337,xxx
49338,xxx
49339,xxx
49340,скачиваниу́
49341,ска́чиваниамь
49342,ска́чиваниы
49343,скачаку́
49344,скачо́к
49345,ска́чакамь
49346,скачо́к
49347,скачако́мъ
49348,xxx
49349,xxx
49350,сквѣ́рнаславиу
49351,сквѣ́рнаславиа
49352,сквѣ́рнаслави
49353,сквѣ́рнаслави
49354,сквѣ́рнаславиа
49355,сквѣ́рнаславиы
49356,xxx
49357,xxx
49358,xxx
49359,xxx
49360,xxx
49361,xxx
49362,xxx
49363,xxx
49364,xxx
49365,xxx
49366,xxx
49367,xxx
49368,xxx
49369,xxx
49370,xxx
49371,складираванио́
49372,скла́дираваниа
49373,скла́дираваниу
49374,скла́дираваниу
49375,складиравани́а
49376,скла́дираваниа
49377,складиравани́
49378,xxx
49379,xxx
49380,скле́иваниа
49381,склеивани́а
49382,скле́иваниа
49383,xxx
49384,xxx
49385,xxx
49386,xxx
49387,xxx
49388,xxx
49389,xxx
49390,xxx
49391,xxx
49392,xxx
49393,xxx
49394,xxx
49395,xxx
49396,xxx
49397,xxx
49398,xxx
49399,xxx
49400,xxx
49401,скамараху́
49402,скамаро́хѣ
49403,ско́мрахи
49404,скамра́хы
49405,скамра́хы
49406,xxx
49407,xxx
49408,xxx
49409,xxx
49410,xxx
49411,xxx
49412,xxx
49413,xxx
49414,xxx
49415,xxx
49416,xxx
49417,скрагаварьца́
49418,скра́гаварькы
49419,скрагаварько́ю
49420,скрагаво́рьцъ
49421,xxx
49422,xxx
49423,xxx
49424,xxx
49425,xxx
49426,xxx
49427,xxx
49428,xxx
49429,xxx
49430,скрамни́ц
49431,скрамни́ца
49432,скрамницо́мъ
49433,скрамни́ци
49434,xxx
49435,xxx
49436,xxx
49437,xxx
49438,xxx
49439,xxx
49440,xxx
49441,скря́гы
49442,скряга́хъ
49443,xxx
49444,xxx
49445,xxx
49446,xxx
49447,xxx
49448,xxx
49449,ску́пецу
49450,ску́пецамь
49451,ску́пецѣ
49452,ску́пец
49453,ску́пеци
49454,xxx
49455,xxx
49456,xxx
49457,xxx
49458,xxx
49459,xxx
49460,xxx
49461,xxx
49462,xxx
49463,xxx
49464,сла́вяньци
49465,xxx
49466,xxx
49467,сла́дкаежьци
49468,xxx
49469,xxx
49470,xxx
49471,сле́гѣ
49472,сле́гами
49473,слега́хъ
49474,слега́хъ
49475,сле́ньга
49476,сле́ньзу
49477,сле́ньги
49478,сленьгѣ́хъ
49479,слепе́ца
49480,слепе́ц
49481,сле́пецамь
49482,сле́пеци
49483,слепецо́мъ
49484,xxx
49485,xxx
49486,xxx
49487,xxx
49488,xxx
49489,xxx
49490,xxx
49491,слава́к
49492,славако́мъ
49493,слава́кы
49494,сло́вачьцѣ
49495,сло́вачьки
49496,сло́вачьци
49497,слава́чьцамъ
49498,xxx
49499,xxx
49500,xxx
49501,xxx
49502,xxx
49503,xxx
49504,сло́вница
49505,сло́вницамь
49506,сло́вници
49507,сло́вници
49508,славницѣ́хъ
49509,xxx
49510,xxx
49511,xxx
49512,xxx
49513,xxx
49514,xxx
49515,xxx
49516,сло́вцу
49517,сло́вцу
49518,сло́вцамь
49519,сло́вцамь
49520,сло́вци
49521,сло́вцъ
49522,сло́вцъ
49523,xxx
49524,сланёно́к
49525,сланёно́ки
49526,сланёно́к
49527,сланёно́к
49528,слу́гы
49529,слуга́мъ
49530,слу́жаньци
49531,слу́жаньцѣ
49532,слу́жаньци
49533,служа́ньцъ
49534,служа́ньцамъ
49535,слу́жаньцами
49536,xxx
49537,xxx
49538,xxx
49539,xxx
49540,xxx
49541,xxx
49542,xxx
49543,xxx
49544,xxx
49545,xxx
49546,смазывани́амъ
49547,смазывани́ѣхъ
49548,сма́йла
49549,сма́йлѣ
49550,сма́йлѣ
49551,сма́йли
49552,сма́йли
49553,xxx
49554,xxx
49555,xxx
49556,xxx
49557,xxx
49558,xxx
49559,xxx
49560,xxx
49561,xxx
49562,xxx
49563,смельча́к
49564,смельча́к
49565,смѣ́ртницамь
49566,смѣ́ртници
49567,смѣ́ртници
49568,смѣ́ртници
49569,сме́рчу
49570,сме́рчъ
49571,сме́рчъ
49572,смерчѣ́хъ
49573,xxx
49574,xxx
49575,xxx
49576,xxx
49577,xxx
49578,xxx
49579,xxx
49580,смо́киньза
49581,смо́киньгы
49582,xxx
49583,xxx
49584,xxx
49585,xxx
49586,xxx
49587,xxx
49588,смаляни́н
49589,смалянину́
49590,смаляни́н
49591,смо́лянини
49592,смаляни́ны
49593,смо́лянины
49594,смо́лянины
49595,xxx
49596,xxx
49597,смуглянькѣ́
49598,смугля́ньки
49599,сму́глянькы
49600,смугля́ньци
49601,xxx
49602,xxx
49603,xxx
49604,xxx
49605,смягчени́а
49606,смя́гчениѣ
49607,смягчени́амъ
49608,смягчени́ѣхъ
49609,смя́тениамь
49610,смятени́
49611,смятени́а
49612,снабжѣнио́
49613,снабжинио́
49614,снабжиниу́
49615,сна́бжѣниамь
49616,снабжѣни́ѣ
49617,снабжѣни́ѣ
49618,снабжини́и
49619,снабжѣни́
49620,снабжѣнио́мъ
49621,снабжѣни́а
49622,снабжиниѣ́хъ
49623,xxx
49624,xxx
49625,xxx
49626,xxx
49627,xxx
49628,xxx
49629,xxx
49630,снегави́ц
49631,снегави́ца
49632,снегави́ц
49633,сне́гавицамь
49634,снегави́ци
49635,xxx
49636,xxx
49637,xxx
49638,xxx
49639,xxx
49640,xxx
49641,снисхаждинио́
49642,снисхаждѣни́амь
49643,снисхаждини́амъ
49644,снисхаждѣни́ѣхъ
49645,xxx
49646,xxx
49647,xxx
49648,xxx
49649,xxx
49650,сно́хы
49651,сно́хи
49652,сно́хамъ
49653,сно́хами
49654,снаха́ч
49655,снахачо́мъ
49656,xxx
49657,сня́тиа
49658,сня́тиѣ
49659,сняти́
49660,сняти́а
49661,xxx
49662,xxx
49663,xxx
49664,xxx
49665,xxx
49666,xxx
49667,xxx
49668,xxx
49669,xxx
49670,сабирани́а
49671,сабирани́а
49672,сабираниу́
49673,сабиранио́
49674,со́бираниамь
49675,сабирани́
49676,сабиранио́мъ
49677,сабирани́а
49678,сабираниѣ́хъ
49679,саблазнитѣ́ль
49680,саблазнитѣ́лии
49681,со́блазнитѣльми
49682,саблазнитѣ́льхъ
49683,xxx
49684,xxx
49685,xxx
49686,xxx
49687,xxx
49688,xxx
49689,xxx
49690,xxx
49691,xxx
49692,xxx
49693,xxx
49694,xxx
49695,xxx
49696,xxx
49697,xxx
49698,xxx
49699,xxx
49700,xxx
49701,xxx
49702,xxx
49703,xxx
49704,xxx
49705,xxx
49706,xxx
49707,xxx
49708,xxx
49709,савершенналетио́
49710,xxx
49711,xxx
49712,xxx
49713,xxx
49714,со́вершенству
49715,саветница́
49716,со́ветници
49717,со́ветчицамь
49718,саветчи́ци
49719,саветчи́ци
49720,савитчица́
49721,савѣтчи́ци
49722,савѣтчи́цѣ
49723,савѣтчица́хъ
49724,савёнаку́
49725,савёнаку́
49726,со́вёнакамь
49727,савёнако́мъ
49728,савёнакѣ́хъ
49729,со́вместительства
49730,савместительство́ѣхъ
49731,савместите́льствихъ
49732,xxx
49733,xxx
49734,xxx
49735,xxx
49736,xxx
49737,xxx
49738,xxx
49739,xxx
49740,xxx
49741,xxx
49742,xxx
49743,xxx
49744,xxx
49745,xxx
49746,xxx
49747,xxx
49748,со́дамиа
49749,со́дамиы
49750,со́дамиы
49751,со́дамиѣ
49752,со́дамиѫ
49753,садружество́
49754,со́дружествамь
49755,садружество́мъ
49756,садруже́ства
49757,садруже́ства
49758,со́дружествы
49759,садружествѣ́хъ
49760,садружествѣ́хъ
49761,xxx
49762,со́звездиа
49763,со́звездиа
49764,со́звездиу
49765,со́звездиамь
49766,со́звездиѣ
49767,со́звездиы
49768,xxx
49769,xxx
49770,xxx
49771,xxx
49772,саискательницѫ́
49773,со́искательницаю
49774,саискательни́ц
49775,саискательни́ц
49776,со́искательницами
49777,со́искательницами
49778,xxx
49779,xxx
49780,xxx
49781,xxx
49782,xxx
49783,xxx
49784,xxx
49785,xxx
49786,сакалёно́к
49787,сакалёно́к
49788,со́калёнаки
49789,сакалёнако́мъ
49790,сакалёнакѣ́хъ
49791,xxx
49792,xxx
49793,xxx
49794,сакрытио́
49795,со́крытиѣ
49796,со́крытии
49797,со́крытиа
49798,сакрыти́амъ
49799,сакрыти́амъ
49800,сакрыти́ѣхъ
49801,салдатицу́
49802,со́лдатици
49803,со́лдатици
49804,xxx
49805,xxx
49806,xxx
49807,xxx
49808,xxx
49809,xxx
49810,xxx
49811,xxx
49812,xxx
49813,xxx
49814,xxx
49815,xxx
49816,xxx
49817,xxx
49818,xxx
49819,xxx
49820,салавейьцо́
49821,сла́вейька
49822,со́лавейьца
49823,xxx
49824,xxx
49825,xxx
49826,xxx
49827,со́ламиньца
49828,сла́миньки
49829,сла́минькаю
49830,со́ламиньцамъ
49831,со́ламиньцами
49832,xxx
49833,xxx
49834,xxx
49835,xxx
49836,xxx
49837,xxx
49838,xxx
49839,xxx
49840,саляньца́
49841,саляньца́
49842,саляньцѣ́
49843,со́ляньцаю
49844,со́лянькаю
49845,саляньца́мъ
49846,со́ляньцами
49847,со́ляньками
49848,салярьца́
49849,саля́рьци
49850,xxx
49851,xxx
49852,со́натины
49853,со́натинѣ
49854,со́натини
49855,со́натинѫ
49856,xxx
49857,xxx
49858,xxx
49859,со́абществъ
49860,саабществѣ́хъ
49861,xxx
49862,саабщницо́ю
49863,со́абщници
49864,со́абщницами
49865,саатветстви́а
49866,саатветствиу́
49867,саатветствио́мъ
49868,со́атветствиы
49869,xxx
49870,xxx
49871,со́пѣрницѣ
49872,сапѣрни́цѫ
49873,сапѣрницо́ю
49874,со́пѣрници
49875,со́пирници
49876,со́пѣрницами
49877,со́пирницами
49878,саперниче́ствамь
49879,саперниче́ствъ
49880,саперниче́ства
49881,xxx
49882,xxx
49883,xxx
49884,xxx
49885,xxx
49886,xxx
49887,xxx
49888,со́паставлениѣ
49889,со́паставлении
49890,со́паставлени
49891,со́паставлениы
49892,со́прѣдсѣдатѣли
49893,сапридсидатѣ́льмъ
49894,сапрѣдсѣдатѣ́ли
49895,сапрѣдсѣдатѣ́льхъ
49896,xxx
49897,xxx
49898,xxx
49899,xxx
49900,xxx
49901,со́рнякамь
49902,со́рнякы
49903,со́рнякы
49904,сарнякѣ́хъ
49905,xxx
49906,сартиро́вьцамъ
49907,сартиро́вьци
49908,сартиро́вькы
49909,xxx
49910,xxx
49911,xxx
49912,xxx
49913,xxx
49914,xxx
49915,со́саниа
49916,со́саниу
49917,сасани́амь
49918,xxx
49919,xxx
49920,xxx
49921,xxx
49922,xxx
49923,со́седства
49924,со́седства
49925,со́седствъ
49926,со́седствъ
49927,со́седствамъ
49928,xxx
49929,саставители́
49930,со́ставительми
49931,xxx
49932,xxx
49933,xxx
49934,xxx
49935,xxx
49936,xxx
49937,xxx
49938,xxx
49939,xxx
49940,xxx
49941,xxx
49942,сатни́цѣ
49943,сатни́ци
49944,xxx
49945,xxx
49946,xxx
49947,xxx
49948,xxx
49949,xxx
49950,xxx
49951,xxx
49952,xxx
49953,со́цветиа
49954,со́цвети
49955,сациниани́на
49956,сациниани́на
49957,сацинианину́
49958,сациниани́н
49959,сациниани́н
49960,сациниани́ны
49961,xxx
49962,со́цилагии
49963,со́циалагиы
49964,со́цилагиы
49965,со́цилагиами
49966,сациу́м
49967,со́циуми
49968,сациу́мы
49969,сациу́мы
49970,со́циумы
49971,xxx
49972,xxx
49973,xxx
49974,сачувстви́а
49975,со́чувствиа
49976,сачувстви́
49977,со́чувствиы
49978,xxx
49979,xxx
49980,xxx
49981,xxx
49982,xxx
49983,со́а
49984,со́ѫ
49985,со́ѣ
49986,со́амъ
49987,саа́хъ
49988,xxx
49989,xxx
49990,xxx
49991,xxx
49992,xxx
49993,спа́змъ
49994,спа́зма
49995,спа́зму
49996,спа́змъ
49997,спа́змѣ
49998,спа́зми
49999,спа́змъ
50000,xxx
50001,xxx
50002,xxx
50003,xxx
50004,спасенио́мъ
50005,спа́сениы
50006,xxx
50007,xxx
50008,спе́каниа
50009,спе́каниѣ
50010,xxx
50011,xxx
50012,спекуляци́
50013,спе́лелагиа
50014,спе́лелагиы
50015,спелелагиа́хъ
50016,xxx
50017,xxx
50018,xxx
50019,xxx
50020,xxx
50021,xxx
50022,спе́хѣ
50023,спе́х
50024,спе́хамъ
50025,спе́хы
50026,xxx
50027,xxx
50028,специфи́ци
50029,спе́цифицаю
50030,специфи́цѣ
50031,специфи́ци
50032,специфи́ци
50033,xxx
50034,xxx
50035,xxx
50036,специа́
50037,спе́циы
50038,спе́циы
50039,xxx
50040,xxx
50041,xxx
50042,xxx
50043,спе́цпредствавитель
50044,спе́цпредствавители
50045,спецпредставите́льхъ
50046,xxx
50047,xxx
50048,xxx
50049,xxx
50050,xxx
50051,xxx
50052,xxx
50053,xxx
50054,xxx
50055,xxx
50056,xxx
50057,xxx
50058,xxx
50059,xxx
50060,сплетни́цѣ
50061,сплетни́ц
50062,сплетни́ци
50063,xxx
50064,xxx
50065,xxx
50066,xxx
50067,xxx
50068,xxx
50069,спли́чаньца
50070,спли́чаньцаю
50071,спли́чаньцѣ
50072,спли́чаньцъ
50073,спли́чанькамъ
50074,спли́чаньцами
50075,спличаньца́хъ
50076,xxx
50077,xxx
50078,спакайствио́
50079,спо́кайствиа
50080,спо́кайствиу
50081,спо́кайствиѣ
50082,xxx
50083,xxx
50084,xxx
50085,xxx
50086,xxx
50087,xxx
50088,xxx
50089,xxx
50090,xxx
50091,xxx
50092,спряженио́
50093,спряжени́
50094,спряжени́
50095,xxx
50096,xxx
50097,xxx
50098,xxx
50099,xxx
50100,сравниванио́
50101,сра́вниваниу
50102,сравнивани́амь
50103,сравнивани́амь
50104,сра́вниваниѣ
50105,сра́вниваниы
50106,xxx
50107,сра́льна
50108,сра́льнъ
50109,сра́льнамъ
50110,сральна́хъ
50111,сральна́хъ
50112,xxx
50113,xxx
50114,xxx
50115,xxx
50116,xxx
50117,сре́датачиамь
50118,средатачиѣ́хъ
50119,xxx
50120,xxx
50121,xxx
50122,xxx
50123,xxx
50124,xxx
50125,срадство́
50126,срадству́
50127,срадство́
50128,сро́дствы
50129,xxx
50130,xxx
50131,xxx
50132,ста́билизациа
50133,ста́билизациы
50134,ста́билизаци
50135,ста́билизациамъ
50136,ста́диѣ
50137,ста́диаю
50138,ста́диы
50139,xxx
50140,xxx
50141,xxx
50142,xxx
50143,xxx
50144,стаканчи́ц
50145,стаканчи́ц
50146,стаканчи́ца
50147,ста́канчици
50148,стаканчи́ц
50149,стаканчи́ци
50150,ста́ли
50151,ста́льми
50152,стамесьцѣ́
50153,ста́месьци
50154,ста́месьцами
50155,xxx
50156,xxx
50157,xxx
50158,xxx
50159,xxx
50160,xxx
50161,xxx
50162,xxx
50163,xxx
50164,xxx
50165,станавленио́
50166,станавлени́а
50167,ста́навлениа
50168,станавлени́амъ
50169,станавлени́а
50170,станавлени́ѣхъ
50171,ста́наки
50172,ста́накамъ
50173,станакѣ́хъ
50174,xxx
50175,xxx
50176,xxx
50177,xxx
50178,xxx
50179,старѣнио́
50180,ста́рѣниа
50181,xxx
50182,xxx
50183,xxx
50184,xxx
50185,xxx
50186,xxx
50187,xxx
50188,xxx
50189,xxx
50190,xxx
50191,xxx
50192,xxx
50193,xxx
50194,xxx
50195,xxx
50196,ста́тистици
50197,ста́тистици
50198,ста́тистиц
50199,xxx
50200,xxx
50201,xxx
50202,xxx
50203,ста́туа
50204,ста́туѣ
50205,ста́туѣ
50206,ста́туамъ
50207,ста́туами
50208,ста́туами
50209,статуа́хъ
50210,xxx
50211,xxx
50212,xxx
50213,сте́арини
50214,сте́арини
50215,xxx
50216,xxx
50217,xxx
50218,xxx
50219,сте́каниа
50220,сте́каниу
50221,сте́каниу
50222,сте́каниамь
50223,сте́каниы
50224,сте́кальщицу
50225,сте́кальщицамь
50226,сте́кальщици
50227,стекальщицѣ́хъ
50228,стекальщицѣ́хъ
50229,стелла́ж
50230,сте́ллажамь
50231,сте́ллажи
50232,стелла́жи
50233,xxx
50234,xxx
50235,xxx
50236,xxx
50237,xxx
50238,xxx
50239,xxx
50240,xxx
50241,xxx
50242,xxx
50243,xxx
50244,xxx
50245,xxx
50246,xxx
50247,xxx
50248,xxx
50249,xxx
50250,xxx
50251,xxx
50252,xxx
50253,xxx
50254,стѣ́рьсъ
50255,стѣ́рьси
50256,стѣрьсѣ́хъ
50257,xxx
50258,xxx
50259,xxx
50260,xxx
50261,xxx
50262,xxx
50263,xxx
50264,xxx
50265,xxx
50266,xxx
50267,xxx
50268,сти́листица
50269,сти́листица
50270,xxx
50271,xxx
50272,xxx
50273,xxx
50274,стимуляци́ы
50275,стимуляци́ы
50276,стимуляциѣ́
50277,стимуляци́
50278,сти́муляциами
50279,стимуляциа́хъ
50280,сти́пендиы
50281,сти́пендиѣ
50282,сти́пендиѫ
50283,сти́пендиами
50284,стипендиа́хъ
50285,сти́ральца
50286,сти́ралька
50287,сти́ральци
50288,сти́ральцѣ
50289,xxx
50290,xxx
50291,xxx
50292,сто́лбѣцамь
50293,сто́лбѣцамъ
50294,сто́лбѣци
50295,сто́лбици
50296,xxx
50297,сто́лбняк
50298,сто́лбняку
50299,сто́лбняк
50300,сто́лбняки
50301,сто́лбняк
50302,сто́лбнякы
50303,xxx
50304,сталешница́
50305,сто́лешницѣ
50306,сталешни́цѫ
50307,сталешни́цамъ
50308,сто́лешницами
50309,xxx
50310,xxx
50311,xxx
50312,xxx
50313,xxx
50314,сто́парицу
50315,сто́парицѣ
50316,сто́парицамъ
50317,сто́парици
50318,стапарицѣ́хъ
50319,xxx
50320,xxx
50321,xxx
50322,xxx
50323,стра́нница
50324,стра́нницѣ
50325,стра́нници
50326,сто́ранницаю
50327,стра́нниц
50328,стая́ка
50329,сто́яниа
50330,стаяни́
50331,стаяни́
50332,стаяни́амъ
50333,стаяни́а
50334,xxx
50335,xxx
50336,xxx
50337,xxx
50338,стражни́ц
50339,стражни́ца
50340,стражницу́
50341,стра́жницамь
50342,стражницо́мъ
50343,стра́жници
50344,стра́жници
50345,xxx
50346,xxx
50347,xxx
50348,xxx
50349,стра́нниц
50350,стра́нниц
50351,стра́нницѣ
50352,xxx
50353,xxx
50354,xxx
50355,стра́нствиа
50356,стра́нствиу
50357,странстви́амь
50358,странстви́амь
50359,странстви́
50360,странстви́а
50361,стра́нствиы
50362,стра́тегиѣ
50363,стра́тегиаю
50364,стра́теги
50365,стратегиа́хъ
50366,страте́г
50367,страте́гѣ
50368,стра́теги
50369,стратего́мъ
50370,xxx
50371,xxx
50372,xxx
50373,xxx
50374,xxx
50375,xxx
50376,xxx
50377,xxx
50378,xxx
50379,стре́лецу
50380,стре́лецамь
50381,стре́лецѣ
50382,стре́лец
50383,стре́леци
50384,стре́леци
50385,стрелецѣ́хъ
50386,xxx
50387,xxx
50388,xxx
50389,xxx
50390,xxx
50391,xxx
50392,xxx
50393,стрехѣ́
50394,стре́хи
50395,стре́х
50396,стреха́хъ
50397,xxx
50398,xxx
50399,xxx
50400,xxx
50401,xxx
50402,xxx
50403,xxx
50404,xxx
50405,xxx
50406,xxx
50407,xxx
50408,xxx
50409,xxx
50410,стро́ганинѣ
50411,стро́ганины
50412,страгани́намъ
50413,страгани́ны
50414,xxx
50415,xxx
50416,xxx
50417,странци́
50418,стро́нциы
50419,xxx
50420,xxx
50421,xxx
50422,xxx
50423,xxx
50424,xxx
50425,xxx
50426,xxx
50427,xxx
50428,xxx
50429,стру́га
50430,стру́гамъ
50431,стру́гамъ
50432,xxx
50433,xxx
50434,xxx
50435,xxx
50436,стряпна́
50437,стряпна́
50438,стря́пны
50439,стряпна́мъ
50440,стря́пнами
50441,xxx
50442,xxx
50443,xxx
50444,xxx
50445,xxx
50446,xxx
50447,xxx
50448,xxx
50449,xxx
50450,сту́льчицу
50451,сту́льчици
50452,сту́льчици
50453,xxx
50454,xxx
50455,xxx
50456,xxx
50457,xxx
50458,xxx
50459,xxx
50460,xxx
50461,xxx
50462,xxx
50463,xxx
50464,стя́га
50465,стя́г
50466,стя́гы
50467,стягѣ́хъ
50468,xxx
50469,xxx
50470,су́блимациа
50471,су́блимациѣ
50472,су́блимациѣ
50473,су́блимации
50474,су́блимациы
50475,xxx
50476,xxx
50477,xxx
50478,xxx
50479,xxx
50480,xxx
50481,xxx
50482,xxx
50483,xxx
50484,xxx
50485,xxx
50486,xxx
50487,xxx
50488,xxx
50489,xxx
50490,су́дакамь
50491,судакѣ́хъ
50492,xxx
50493,xxx
50494,xxx
50495,xxx
50496,xxx
50497,xxx
50498,xxx
50499,судра́гамъ
50500,суеверио́
50501,су́евериа
50502,суевери́амь
50503,суевери́а
50504,xxx
50505,xxx
50506,xxx
50507,xxx
50508,xxx
50509,xxx
50510,xxx
50511,xxx
50512,xxx
50513,xxx
50514,xxx
50515,xxx
50516,xxx
50517,сумасшествио́
50518,сумасшествио́
50519,су́масшествиѣ
50520,су́масшествии
50521,xxx
50522,xxx
50523,xxx
50524,xxx
50525,xxx
50526,су́мрака
50527,су́мрака
50528,су́мракамь
50529,су́мраки
50530,су́мраки
50531,су́мракы
50532,су́мракы
50533,су́мракы
50534,сумракѣ́хъ
50535,сунду́ки
50536,су́ндуки
50537,су́ндукы
50538,сундукѣ́хъ
50539,су́ндучакамь
50540,су́ндучакѣ
50541,су́ндучак
50542,су́ндучакы
50543,су́ндучакы
50544,xxx
50545,xxx
50546,xxx
50547,xxx
50548,xxx
50549,су́пчицамь
50550,су́пчицамь
50551,супчи́ци
50552,су́пчици
50553,супчи́ци
50554,xxx
50555,xxx
50556,xxx
50557,xxx
50558,xxx
50559,су́слица
50560,су́слицу
50561,су́слиц
50562,су́слици
50563,суслицѣ́хъ
50564,суслицѣ́хъ
50565,суспензи́амъ
50566,су́спензари
50567,су́спензариа
50568,су́спензариа
50569,су́спензарии
50570,су́спензариы
50571,суспензариѣ́хъ
50572,xxx
50573,xxx
50574,xxx
50575,xxx
50576,xxx
50577,xxx
50578,xxx
50579,xxx
50580,xxx
50581,xxx
50582,xxx
50583,сухаручьца́
50584,су́харучьцѣ
50585,сухару́чьцъ
50586,сухару́чькамъ
50587,сухару́чькы
50588,су́харучьками
50589,xxx
50590,xxx
50591,суши-ба́р
50592,суши-ба́р
50593,су́ши-бари
50594,суши-ба́ры
50595,су́ши-бары
50596,xxx
50597,xxx
50598,xxx
50599,xxx
50600,xxx
50601,xxx
50602,xxx
50603,xxx
50604,xxx
50605,xxx
50606,xxx
50607,сфрагистица́
50608,сфра́гистици
50609,сфрагисти́ци
50610,xxx
50611,xxx
50612,xxx
50613,схадство́
50614,схо́дствамь
50615,схадство́
50616,схадствѣ́хъ
50617,схадствѣ́хъ
50618,xxx
50619,xxx
50620,сце́нариамь
50621,сце́нариѣ
50622,сце́нариы
50623,сце́нариы
50624,сце́нариы
50625,xxx
50626,xxx
50627,xxx
50628,xxx
50629,xxx
50630,xxx
50631,счастливчи́ц
50632,счастливчи́ц
50633,счастливчи́ца
50634,счастливчицу́
50635,счастливчи́цѣ
50636,счастливчи́цѣ
50637,сча́стливчици
50638,xxx
50639,xxx
50640,xxx
50641,xxx
50642,xxx
50643,xxx
50644,сывратьца́
50645,сывратьцѣ́
50646,сывратькѣ́
50647,сы́вратьцаю
50648,сы́варатьцами
50649,сывратьца́хъ
50650,сываратьца́хъ
50651,сы́нишьци
50652,сы́нишьцаю
50653,сы́нишьки
50654,сы́нишьцамъ
50655,сы́нишьцами
50656,xxx
50657,xxx
50658,сы́начеки
50659,сыначе́к
50660,xxx
50661,xxx
50662,xxx
50663,xxx
50664,сыщицу́
50665,сыщи́ц
50666,сы́щици
50667,сыщи́ци
50668,xxx
50669,xxx
50670,xxx
50671,xxx
50672,xxx
50673,xxx
50674,xxx
50675,xxx
50676,xxx
50677,xxx
50678,xxx
50679,сяжаку́
50680,ся́жаки
50681,сяжо́к
50682,сяжо́кы
50683,ся́жакы
50684,xxx
50685,xxx
50686,xxx
50687,xxx
50688,та́бельщицу
50689,xxx
50690,xxx
50691,xxx
50692,xxx
50693,xxx
50694,xxx
50695,xxx
50696,xxx
50697,xxx
50698,табуляциа́
50699,та́буляциы
50700,табуляци́амъ
50701,табуляци́амъ
50702,табуляци́ы
50703,та́буляциами
50704,табуляци́ахъ
50705,xxx
50706,xxx
50707,та́вра
50708,та́вру
50709,та́врѣ
50710,таврѣ́хъ
50711,xxx
50712,xxx
50713,xxx
50714,xxx
50715,xxx
50716,xxx
50717,xxx
50718,xxx
50719,xxx
50720,xxx
50721,та́ймъ
50722,та́ймъ
50723,та́ймы
50724,таймѣ́хъ
50725,та́йниц
50726,та́йницамь
50727,та́йницѣ
50728,та́йниц
50729,xxx
50730,xxx
50731,xxx
50732,xxx
50733,xxx
50734,xxx
50735,xxx
50736,xxx
50737,xxx
50738,xxx
50739,xxx
50740,xxx
50741,та́лиѣ
50742,та́лиами
50743,таллиу́
50744,та́ллиы
50745,та́ллиы
50746,xxx
50747,xxx
50748,xxx
50749,xxx
50750,xxx
50751,та́льяньци
50752,та́льяньцаю
50753,та́льяньцами
50754,xxx
50755,xxx
50756,xxx
50757,xxx
50758,xxx
50759,xxx
50760,xxx
50761,xxx
50762,xxx
50763,xxx
50764,xxx
50765,xxx
50766,xxx
50767,xxx
50768,xxx
50769,xxx
50770,xxx
50771,xxx
50772,танцавщи́ц
50773,танцавщицу́
50774,та́нцавщици
50775,та́нцавщици
50776,танцавщицо́мъ
50777,танцавщи́ци
50778,танцавщицѣ́хъ
50779,xxx
50780,xxx
50781,xxx
50782,та́пачьци
50783,та́пачьцѣ
50784,та́пачькы
50785,тапачька́хъ
50786,та́рѣ
50787,та́раю
50788,та́рѣ
50789,та́рамъ
50790,та́рамъ
50791,та́ры
50792,тарело́чьци
50793,та́релачьци
50794,та́релачькы
50795,тарело́чьцъ
50796,тарелачьца́мъ
50797,тарелачьца́мъ
50798,xxx
50799,та́тарька
50800,та́тарьцаю
50801,та́тарькаю
50802,та́тарьцъ
50803,татарьца́хъ
50804,xxx
50805,xxx
50806,xxx
50807,xxx
50808,та́чанькы
50809,тачаньца́мъ
50810,xxx
50811,xxx
50812,xxx
50813,xxx
50814,xxx
50815,xxx
50816,xxx
50817,xxx
50818,xxx
50819,тво́рѣц
50820,тво́рѣц
50821,те́г
50822,те́г
50823,те́г
50824,те́ги
50825,те́г
50826,те́гы
50827,xxx
50828,xxx
50829,xxx
50830,xxx
50831,xxx
50832,xxx
50833,xxx
50834,xxx
50835,xxx
50836,xxx
50837,те́лебагаславиамь
50838,телебагаславио́мъ
50839,телебагаслави́а
50840,телебагаславиѣ́хъ
50841,те́лезрительѭ
50842,те́лезрители
50843,телезрите́лии
50844,те́лезрительми
50845,телезрите́льхъ
50846,телекаме́рѫ
50847,телекаме́р
50848,телекаме́рамъ
50849,xxx
50850,xxx
50851,xxx
50852,xxx
50853,xxx
50854,xxx
50855,xxx
50856,xxx
50857,xxx
50858,телефаниа́
50859,телефани́ы
50860,телефани́ы
50861,телефаниѣ́
50862,тѣ́лагрѣйьцѣ
50863,тѣ́лагрѣйьцѫ
50864,тѣ́лагрѣйьци
50865,тѣ́лагрѣйьцамъ
50866,xxx
50867,xxx
50868,xxx
50869,тѣ́льняшьци
50870,тѣльня́шьцѫ
50871,те́матицѣ
50872,те́матици
50873,темати́ц
50874,темати́цамъ
50875,темати́цамъ
50876,темати́ци
50877,те́матицами
50878,xxx
50879,xxx
50880,те́нденциа
50881,те́нденциа
50882,те́нденциѣ
50883,те́нденции
50884,xxx
50885,xxx
50886,те́ннисисътамь
50887,те́ннисисъти
50888,xxx
50889,теало́г
50890,тела́г
50891,тела́га
50892,телагу́
50893,телаго́мъ
50894,xxx
50895,теарети́ца
50896,теаретицу́
50897,теарети́ц
50898,теарети́ц
50899,теарети́ци
50900,xxx
50901,xxx
50902,xxx
50903,xxx
50904,xxx
50905,те́пласнабжениамь
50906,те́пласнабжениамь
50907,тепласнабженио́мъ
50908,те́пласнабжениы
50909,xxx
50910,xxx
50911,xxx
50912,xxx
50913,те́рапиа
50914,те́рапии
50915,те́рапиаю
50916,те́рапиы
50917,тѣрби́
50918,тирби́
50919,тѣрбио́мъ
50920,xxx
50921,терзани́а
50922,терзани́амъ
50923,те́рзаниы
50924,xxx
50925,xxx
50926,xxx
50927,xxx
50928,xxx
50929,xxx
50930,xxx
50931,те́рминлагиа
50932,те́рминлагиы
50933,xxx
50934,xxx
50935,xxx
50936,терни́а
50937,терни́а
50938,терни́амь
50939,те́рнии
50940,те́рниа
50941,терни́
50942,xxx
50943,xxx
50944,xxx
50945,xxx
50946,xxx
50947,xxx
50948,xxx
50949,xxx
50950,xxx
50951,xxx
50952,xxx
50953,xxx
50954,xxx
50955,xxx
50956,xxx
50957,xxx
50958,xxx
50959,xxx
50960,xxx
50961,xxx
50962,xxx
50963,xxx
50964,xxx
50965,xxx
50966,xxx
50967,xxx
50968,xxx
50969,xxx
50970,тетрадьца́хъ
50971,xxx
50972,xxx
50973,xxx
50974,xxx
50975,xxx
50976,те́хнециѣ
50977,те́хнеции
50978,техницу́м
50979,техницуму́
50980,техницу́м
50981,техницу́мы
50982,технлагиѣ́
50983,те́хнлагиы
50984,те́хнлагиами
50985,те́хнлагиами
50986,технла́га
50987,те́хналаги
50988,те́хнлагы
50989,те́хнлагы
50990,технапа́рьцъ
50991,технапарьцу́
50992,те́хнапарьцамь
50993,технапарьцо́мъ
50994,те́хнапарьци
50995,те́хнарука
50996,те́хнарук
50997,те́хнарукамъ
50998,xxx
50999,xxx
51000,xxx
51001,xxx
51002,xxx
51003,xxx
51004,xxx
51005,xxx
51006,xxx
51007,xxx
51008,xxx
51009,xxx
51010,xxx
51011,xxx
51012,тизрёно́к
51013,тизрёно́кѣ
51014,ти́зрёнаки
51015,тизрёнакѣ́хъ
51016,xxx
51017,xxx
51018,xxx
51019,xxx
51020,xxx
51021,xxx
51022,ти́ньзъ
51023,ти́ньгъ
51024,ти́ньзу
51025,ти́ньзамь
51026,ти́ньзамъ
51027,ти́ньгамъ
51028,тиньзѣ́хъ
51029,xxx
51030,xxx
51031,ти́палагиѣ
51032,ти́плагиаю
51033,ти́плагиамъ
51034,xxx
51035,xxx
51036,xxx
51037,xxx
51038,xxx
51039,xxx
51040,xxx
51041,xxx
51042,xxx
51043,xxx
51044,xxx
51045,xxx
51046,xxx
51047,xxx
51048,xxx
51049,xxx
51050,тисахо́дьцѣ
51051,xxx
51052,xxx
51053,xxx
51054,xxx
51055,xxx
51056,xxx
51057,xxx
51058,xxx
51059,xxx
51060,xxx
51061,то́варьцаю
51062,то́варькаю
51063,тава́рьцѣ
51064,тава́рькъ
51065,тава́рьци
51066,xxx
51067,xxx
51068,xxx
51069,то́гѣ
51070,то́гамъ
51071,то́ждества
51072,то́ждеству
51073,таждествѣ́хъ
51074,таждествѣ́хъ
51075,xxx
51076,xxx
51077,xxx
51078,xxx
51079,xxx
51080,xxx
51081,xxx
51082,xxx
51083,xxx
51084,xxx
51085,xxx
51086,xxx
51087,xxx
51088,xxx
51089,xxx
51090,талмачѣ́хъ
51091,xxx
51092,талстя́к
51093,талстя́ка
51094,талстякѣ́хъ
51095,талстякѣ́хъ
51096,талстякѣ́хъ
51097,xxx
51098,xxx
51099,xxx
51100,xxx
51101,xxx
51102,xxx
51103,xxx
51104,xxx
51105,xxx
51106,xxx
51107,xxx
51108,xxx
51109,xxx
51110,xxx
51111,xxx
51112,xxx
51113,xxx
51114,xxx
51115,xxx
51116,xxx
51117,xxx
51118,xxx
51119,xxx
51120,xxx
51121,xxx
51122,xxx
51123,то́ницамь
51124,тани́цѣ
51125,то́ници
51126,таницо́мъ
51127,тани́ци
51128,то́ници
51129,то́ници
51130,xxx
51131,xxx
51132,xxx
51133,xxx
51134,xxx
51135,xxx
51136,xxx
51137,xxx
51138,xxx
51139,xxx
51140,xxx
51141,xxx
51142,тапаними́цѣ
51143,тапаними́ци
51144,xxx
51145,xxx
51146,xxx
51147,таре́ц
51148,таре́ци
51149,тарецѣ́хъ
51150,то́ржества
51151,то́ри
51152,то́ри
51153,то́риы
51154,то́риы
51155,тариѣ́хъ
51156,xxx
51157,xxx
51158,xxx
51159,xxx
51160,xxx
51161,xxx
51162,xxx
51163,xxx
51164,xxx
51165,xxx
51166,xxx
51167,xxx
51168,xxx
51169,травлы́ы
51170,травлѣ́
51171,тра́влы
51172,травлъ
51173,тра́вмаю
51174,травма́мъ
51175,тра́вмами
51176,травма́хъ
51177,трагеди́ѫ
51178,трагеди́
51179,трагеди́амъ
51180,трагеди́ахъ
51181,xxx
51182,xxx
51183,xxx
51184,траѣктарио́ю
51185,тра́иктариами
51186,xxx
51187,xxx
51188,xxx
51189,xxx
51190,тра́ктавьци
51191,xxx
51192,xxx
51193,xxx
51194,xxx
51195,xxx
51196,xxx
51197,xxx
51198,xxx
51199,xxx
51200,xxx
51201,xxx
51202,xxx
51203,транслитерациа́
51204,транслитераци́ѫ
51205,тра́нслитерациѣ
51206,транслитераци́
51207,xxx
51208,xxx
51209,xxx
51210,xxx
51211,тра́нспартиравьцѣ
51212,транспартиро́вьцѫ
51213,транспартиравько́ю
51214,тра́нспартиравьцѣ
51215,тра́нспартиравькы
51216,тра́нспартиравьцами
51217,транссексуа́л
51218,транссексуа́ла
51219,транссексуалу́
51220,транссексуа́л
51221,транссексуа́л
51222,транссексуало́мъ
51223,транссексуа́лы
51224,xxx
51225,xxx
51226,xxx
51227,xxx
51228,xxx
51229,трансфабиѣ́
51230,трансфаби́ѣ
51231,трансфаби́и
51232,трансфабиа́хъ
51233,трансфабиа́хъ
51234,xxx
51235,xxx
51236,xxx
51237,xxx
51238,xxx
51239,xxx
51240,xxx
51241,xxx
51242,xxx
51243,xxx
51244,требуши́н
51245,требуши́н
51246,требушина́хъ
51247,xxx
51248,xxx
51249,xxx
51250,xxx
51251,xxx
51252,xxx
51253,xxx
51254,xxx
51255,xxx
51256,xxx
51257,xxx
51258,xxx
51259,xxx
51260,xxx
51261,xxx
51262,xxx
51263,xxx
51264,xxx
51265,xxx
51266,xxx
51267,xxx
51268,xxx
51269,xxx
51270,xxx
51271,трени́ньгъ
51272,трени́ньзы
51273,тринага́
51274,трѣно́гы
51275,трѣ́нагы
51276,трѣ́нагами
51277,xxx
51278,xxx
51279,xxx
51280,xxx
51281,xxx
51282,xxx
51283,xxx
51284,xxx
51285,xxx
51286,xxx
51287,тре́ш
51288,тре́шу
51289,тре́ш
51290,тре́шѣ
51291,тре́шамъ
51292,xxx
51293,xxx
51294,xxx
51295,xxx
51296,три́бѫналамь
51297,трибѫна́ли
51298,три́бѫнали
51299,трибѫна́л
51300,трибѫна́л
51301,xxx
51302,xxx
51303,xxx
51304,xxx
51305,xxx
51306,xxx
51307,xxx
51308,xxx
51309,xxx
51310,xxx
51311,xxx
51312,xxx
51313,xxx
51314,xxx
51315,xxx
51316,xxx
51317,xxx
51318,xxx
51319,три́фтаньзъ
51320,три́фтаньзъ
51321,три́фтаньгъ
51322,три́фтаньзъ
51323,три́фтаньзы
51324,трифтаньзѣ́хъ
51325,xxx
51326,xxx
51327,xxx
51328,xxx
51329,xxx
51330,xxx
51331,xxx
51332,xxx
51333,xxx
51334,xxx
51335,xxx
51336,xxx
51337,xxx
51338,xxx
51339,xxx
51340,xxx
51341,xxx
51342,xxx
51343,xxx
51344,xxx
51345,xxx
51346,тро́стница
51347,тро́стницу
51348,тро́стниц
51349,тро́стницамь
51350,тро́стницамь
51351,тро́стницамь
51352,тро́стниц
51353,тро́стници
51354,трастницѣ́хъ
51355,xxx
51356,xxx
51357,xxx
51358,xxx
51359,xxx
51360,xxx
51361,xxx
51362,xxx
51363,xxx
51364,xxx
51365,xxx
51366,xxx
51367,xxx
51368,xxx
51369,xxx
51370,xxx
51371,xxx
51372,xxx
51373,xxx
51374,xxx
51375,xxx
51376,xxx
51377,xxx
51378,xxx
51379,xxx
51380,xxx
51381,xxx
51382,xxx
51383,xxx
51384,трэ́ш
51385,трэ́шамь
51386,трэ́шамъ
51387,xxx
51388,xxx
51389,xxx
51390,xxx
51391,xxx
51392,xxx
51393,xxx
51394,xxx
51395,тря́пачьцѣ
51396,тря́пачьци
51397,тряпо́чьцамъ
51398,тряпо́чьци
51399,тря́сагузьцаю
51400,трясагу́зьцъ
51401,трясагузьца́хъ
51402,трясагузька́хъ
51403,ту́грици
51404,ту́гриц
51405,ту́грици
51406,ту́грици
51407,xxx
51408,xxx
51409,xxx
51410,xxx
51411,xxx
51412,xxx
51413,xxx
51414,xxx
51415,xxx
51416,xxx
51417,тума́ка
51418,тума́ка
51419,тумако́мъ
51420,тумако́мъ
51421,xxx
51422,туницо́ю
51423,туницо́ю
51424,ту́ницѣ
51425,ту́ници
51426,туни́цамъ
51427,туни́ци
51428,ту́ницами
51429,xxx
51430,xxx
51431,xxx
51432,xxx
51433,xxx
51434,xxx
51435,ту́ристьцаю
51436,ту́ристькаю
51437,ту́ристьци
51438,ту́ристькы
51439,тури́стьци
51440,ту́ристьками
51441,xxx
51442,xxx
51443,xxx
51444,xxx
51445,xxx
51446,xxx
51447,xxx
51448,xxx
51449,xxx
51450,ту́рчаньци
51451,ту́рчанькы
51452,турча́ньцамъ
51453,турча́ньцамъ
51454,ту́рчаньцами
51455,ту́рчанакамь
51456,турчано́ки
51457,турчано́к
51458,ту́рчанакы
51459,ту́рчанакы
51460,xxx
51461,xxx
51462,ту́савщица
51463,ту́савщицу
51464,ту́савщици
51465,ту́савщиц
51466,xxx
51467,xxx
51468,xxx
51469,xxx
51470,xxx
51471,xxx
51472,xxx
51473,xxx
51474,xxx
51475,xxx
51476,xxx
51477,xxx
51478,xxx
51479,xxx
51480,xxx
51481,ту́шканчиц
51482,ту́шканчици
51483,ту́шканчицамъ
51484,ту́шканчици
51485,xxx
51486,xxx
51487,тщани́амь
51488,тща́ниы
51489,тща́ниы
51490,тщани́ѣхъ
51491,тще́славиу
51492,тщеслави́ѣхъ
51493,тылави́ца
51494,тылави́ц
51495,ты́лавици
51496,тылавицо́мъ
51497,тылави́ци
51498,ты́лавици
51499,ты́лавици
51500,xxx
51501,xxx
51502,xxx
51503,тычи́ньци
51504,тычиньцѣ́
51505,ты́чинькаю
51506,ты́чиньци
51507,тычи́ньцъ
51508,тю́бетейьки
51509,тю́бетейьцѣ
51510,тю́бетейьки
51511,тюбете́йьцамъ
51512,тю́бетейьками
51513,тюби́цѣ
51514,xxx
51515,xxx
51516,xxx
51517,xxx
51518,xxx
51519,xxx
51520,xxx
51521,xxx
51522,xxx
51523,тя́гла
51524,тя́гламь
51525,тя́гла
51526,тя́глъ
51527,тя́гламъ
51528,xxx
51529,xxx
51530,xxx
51531,xxx
51532,xxx
51533,тя́гатениамь
51534,тя́гатениамь
51535,тягатени́
51536,тя́гатениы
51537,тягатениѣ́хъ
51538,xxx
51539,xxx
51540,у́азицѣ
51541,уазицѣ́хъ
51542,xxx
51543,xxx
51544,xxx
51545,убеди́мь
51546,у́бедите
51547,убеди́ѫть
51548,убеди́лъ
51549,у́беждениа
51550,убеждени́амъ
51551,убеждени́а
51552,убеждени́ѣхъ
51553,у́блюдака
51554,у́блюдакамь
51555,xxx
51556,xxx
51557,xxx
51558,xxx
51559,убыто́к
51560,убытако́мъ
51561,убыто́кы
51562,убытакѣ́хъ
51563,убытакѣ́хъ
51564,увалени́
51565,увале́ни
51566,увале́ньхъ
51567,xxx
51568,xxx
51569,xxx
51570,увальнениѣ́хъ
51571,xxx
51572,xxx
51573,xxx
51574,xxx
51575,xxx
51576,xxx
51577,угаво́ра
51578,у́гаварамь
51579,угаварѣ́хъ
51580,xxx
51581,xxx
51582,xxx
51583,xxx
51584,xxx
51585,xxx
51586,xxx
51587,xxx
51588,xxx
51589,xxx
51590,xxx
51591,xxx
51592,xxx
51593,xxx
51594,у́далениу
51595,у́далениа
51596,у́далениамъ
51597,у́далениамъ
51598,у́далениы
51599,у́дарениа
51600,у́дарениамь
51601,у́дарениа
51602,ударениѣ́хъ
51603,xxx
51604,xxx
51605,у́дваениа
51606,у́дваениа
51607,у́дваениамь
51608,xxx
51609,xxx
51610,xxx
51611,удильщи́ц
51612,удильщи́цѣ
51613,удильщицо́мъ
51614,у́длинитель
51615,у́длинители
51616,у́длинители
51617,у́длинительми
51618,у́длинительми
51619,xxx
51620,xxx
51621,у́дабрениа
51622,у́дабрениа
51623,у́дабрениа
51624,у́дабрении
51625,xxx
51626,xxx
51627,xxx
51628,xxx
51629,xxx
51630,xxx
51631,xxx
51632,xxx
51633,xxx
51634,xxx
51635,xxx
51636,xxx
51637,xxx
51638,xxx
51639,xxx
51640,xxx
51641,xxx
51642,xxx
51643,xxx
51644,у́ёбаку
51645,xxx
51646,xxx
51647,xxx
51648,xxx
51649,xxx
51650,xxx
51651,xxx
51652,xxx
51653,xxx
51654,xxx
51655,узело́к
51656,узело́кѣ
51657,узело́к
51658,узело́кы
51659,узело́кы
51660,у́зелакы
51661,xxx
51662,xxx
51663,xxx
51664,xxx
51665,xxx
51666,узни́ца
51667,узни́цѣ
51668,у́зници
51669,у́зници
51670,xxx
51671,xxx
51672,xxx
51673,xxx
51674,xxx
51675,xxx
51676,указьца́
51677,у́казьки
51678,ука́зьцамъ
51679,ука́зьци
51680,ука́зькы
51681,ука́зьцахъ
51682,укла́дьци
51683,укла́дькъ
51684,xxx
51685,xxx
51686,у́клейьки
51687,у́клейькаю
51688,у́клейьцами
51689,у́клейьками
51690,xxx
51691,xxx
51692,xxx
51693,xxx
51694,xxx
51695,xxx
51696,xxx
51697,xxx
51698,xxx
51699,xxx
51700,xxx
51701,xxx
51702,xxx
51703,xxx
51704,у́лыбачьци
51705,у́лыбачькы
51706,улыбо́чьцъ
51707,улыбо́чьци
51708,xxx
51709,xxx
51710,xxx
51711,xxx
51712,xxx
51713,умилениу́
51714,умилениѣ́хъ
51715,xxx
51716,xxx
51717,xxx
51718,xxx
51719,xxx
51720,xxx
51721,xxx
51722,xxx
51723,xxx
51724,xxx
51725,умнаженио́
51726,умнажени́
51727,умнажениѣ́хъ
51728,у́мазаключениа
51729,у́мазаключени
51730,умазаключениѣ́хъ
51731,xxx
51732,умапамраченио́
51733,умапамрачени́амь
51734,у́мапамрачениѣ
51735,у́мапамрачении
51736,умапамрачени́а
51737,xxx
51738,xxx
51739,xxx
51740,xxx
51741,xxx
51742,xxx
51743,xxx
51744,xxx
51745,xxx
51746,xxx
51747,xxx
51748,xxx
51749,xxx
51750,xxx
51751,xxx
51752,унынио́
51753,уныни́а
51754,уныни́
51755,у́ныниы
51756,уныниѣ́хъ
51757,xxx
51758,xxx
51759,xxx
51760,xxx
51761,xxx
51762,у́платниниа
51763,уплатнини́а
51764,уплатнѣни́а
51765,уплатнини́а
51766,у́паениа
51767,xxx
51768,xxx
51769,xxx
51770,xxx
51771,xxx
51772,у́прачениа
51773,упрачени́а
51774,упращени́а
51775,упращени́а
51776,упращени́амь
51777,у́пращениѣ
51778,у́пращениа
51779,упращени́а
51780,у́пряжьци
51781,упря́жьцъ
51782,упря́жькъ
51783,у́пряжьцами
51784,xxx
51785,xxx
51786,xxx
51787,xxx
51788,xxx
51789,xxx
51790,xxx
51791,xxx
51792,xxx
51793,xxx
51794,xxx
51795,xxx
51796,xxx
51797,xxx
51798,xxx
51799,xxx
51800,xxx
51801,xxx
51802,xxx
51803,xxx
51804,xxx
51805,xxx
51806,xxx
51807,xxx
51808,xxx
51809,xxx
51810,xxx
51811,xxx
51812,xxx
51813,урчани́а
51814,урчани́
51815,урчанио́мъ
51816,урчани́а
51817,урчани́а
51818,урчани́а
51819,у́рчаниы
51820,xxx
51821,xxx
51822,xxx
51823,xxx
51824,у́сваиниу
51825,у́сваѣниамь
51826,у́сваиниамь
51827,усердио́
51828,у́сердиу
51829,усерди́амь
51830,у́сицу
51831,у́сицѣ
51832,у́сици
51833,у́сици
51834,у́сици
51835,у́сиц
51836,у́силениа
51837,у́силени
51838,у́силени
51839,усилениѣ́хъ
51840,усилители́
51841,усилители́
51842,усилите́льхъ
51843,xxx
51844,xxx
51845,услажнени́амь
51846,у́слажнениа
51847,услажнени́
51848,у́слажнениы
51849,услажнени́ихъ
51850,у́сматрениу
51851,у́сматрениа
51852,у́сматрениа
51853,усматрени́
51854,усматрени́а
51855,xxx
51856,xxx
51857,xxx
51858,xxx
51859,xxx
51860,xxx
51861,xxx
51862,xxx
51863,xxx
51864,xxx
51865,xxx
51866,у́стау
51867,у́стаѣ
51868,у́стаы
51869,у́стаы
51870,у́странениа
51871,у́странени
51872,у́стремлени
51873,у́стремлениамъ
51874,устремлениѣ́хъ
51875,xxx
51876,xxx
51877,xxx
51878,xxx
51879,xxx
51880,xxx
51881,xxx
51882,xxx
51883,xxx
51884,ута́йьци
51885,ута́йьцѣ
51886,утайька́мъ
51887,у́тайьками
51888,утехѣ́
51889,утехѣ́
51890,уте́хи
51891,утеха́хъ
51892,xxx
51893,xxx
51894,xxx
51895,утёно́ка
51896,утёно́ка
51897,у́тёнакамь
51898,утёно́к
51899,утёно́кы
51900,xxx
51901,у́тапиаю
51902,у́тапиами
51903,xxx
51904,xxx
51905,утачнѣни́амь
51906,у́тачнѣниѣ
51907,у́тачнѣниа
51908,утачнѣни́
51909,утачнини́
51910,xxx
51911,xxx
51912,xxx
51913,xxx
51914,xxx
51915,xxx
51916,xxx
51917,xxx
51918,xxx
51919,xxx
51920,xxx
51921,у́хмыльцѣ
51922,ухмы́льци
51923,у́хмыльцами
51924,xxx
51925,xxx
51926,xxx
51927,xxx
51928,xxx
51929,xxx
51930,xxx
51931,xxx
51932,xxx
51933,xxx
51934,xxx
51935,xxx
51936,xxx
51937,xxx
51938,xxx
51939,у́щельа
51940,у́щельи
51941,у́щельа
51942,xxx
51943,xxx
51944,xxx
51945,xxx
51946,xxx
51947,xxx
51948,xxx
51949,xxx
51950,xxx
51951,xxx
51952,xxx
51953,xxx
51954,xxx
51955,xxx
51956,xxx
51957,фа́йла
51958,фа́йлу
51959,фа́йлы
51960,фа́йлы
51961,факело́к
51962,факелако́мъ
51963,факелакѣ́хъ
51964,xxx
51965,факельщи́ци
51966,xxx
51967,фа́ктариали
51968,фактариа́лы
51969,фактариалѣ́хъ
51970,xxx
51971,xxx
51972,xxx
51973,фа́льсифицаци
51974,фа́льсифицациамъ
51975,фа́льсифицациами
51976,фа́льсифицациами
51977,фальсифицациа́хъ
51978,xxx
51979,xxx
51980,xxx
51981,xxx
51982,xxx
51983,xxx
51984,xxx
51985,xxx
51986,xxx
51987,xxx
51988,xxx
51989,xxx
51990,фа́натици
51991,фа́натиц
51992,фа́натицамъ
51993,фа́натици
51994,xxx
51995,xxx
51996,xxx
51997,xxx
51998,фа́нтастицѫ
51999,фа́нтастицамъ
52000,фа́нтастицами
52001,фантастица́хъ
52002,фантастица́хъ
52003,xxx
52004,фа́ры
52005,фа́раю
52006,фа́ры
52007,xxx
52008,xxx
52009,xxx
52010,xxx
52011,xxx
52012,xxx
52013,xxx
52014,xxx
52015,xxx
52016,фарцавька́
52017,фарцо́вьци
52018,фа́рцавьцаю
52019,фарцо́вьцѣ
52020,фарцо́вьки
52021,фарцо́вьци
52022,фарцавщи́ц
52023,фарцавщи́ц
52024,фарцавщи́ца
52025,фарцавщи́ц
52026,фарцавщи́ци
52027,фа́рцавщици
52028,xxx
52029,xxx
52030,xxx
52031,xxx
52032,xxx
52033,xxx
52034,xxx
52035,xxx
52036,xxx
52037,xxx
52038,xxx
52039,xxx
52040,xxx
52041,xxx
52042,xxx
52043,xxx
52044,xxx
52045,xxx
52046,xxx
52047,xxx
52048,xxx
52049,xxx
52050,xxx
52051,xxx
52052,xxx
52053,фимини́зма
52054,фѣминизму́
52055,фѣ́минизмамь
52056,фѣ́минизмамь
52057,фѣминизмо́мъ
52058,фѣ́минизмы
52059,фе́министька
52060,фе́министьцѣ
52061,фе́министькъ
52062,фе́министьцамъ
52063,фе́министьцами
52064,фе́министьцами
52065,xxx
52066,xxx
52067,xxx
52068,xxx
52069,xxx
52070,xxx
52071,xxx
52072,xxx
52073,xxx
52074,xxx
52075,xxx
52076,xxx
52077,фермерство́
52078,фе́рмии
52079,фермио́мъ
52080,фе́рмиы
52081,xxx
52082,xxx
52083,xxx
52084,xxx
52085,xxx
52086,xxx
52087,фе́а
52088,фе́ѣ
52089,фе́ы
52090,феа́хъ
52091,фи́альци
52092,фиа́лькы
52093,фи́альцами
52094,xxx
52095,xxx
52096,xxx
52097,xxx
52098,xxx
52099,xxx
52100,физу́рьцъ
52101,фи́зурьцами
52102,xxx
52103,xxx
52104,xxx
52105,xxx
52106,xxx
52107,xxx
52108,фи́зрукы
52109,фи́зрукы
52110,xxx
52111,xxx
52112,филарманиѫ́
52113,фи́ларманиаю
52114,филармани́
52115,филиа́л
52116,филиало́мъ
52117,филиа́лы
52118,филиа́лы
52119,xxx
52120,xxx
52121,xxx
52122,xxx
52123,xxx
52124,xxx
52125,xxx
52126,xxx
52127,xxx
52128,xxx
52129,xxx
52130,xxx
52131,xxx
52132,xxx
52133,xxx
52134,xxx
52135,xxx
52136,xxx
52137,xxx
52138,xxx
52139,xxx
52140,флажаку́
52141,флажако́мъ
52142,флажакѣ́хъ
52143,xxx
52144,xxx
52145,фла́ньзу
52146,фла́ньгу
52147,фла́ньзѣ
52148,фла́ньгъ
52149,фла́ньгы
52150,фланьзѣ́хъ
52151,xxx
52152,xxx
52153,xxx
52154,xxx
52155,xxx
52156,xxx
52157,xxx
52158,xxx
52159,фле́йцѣ
52160,фле́йци
52161,фле́йци
52162,фле́йци
52163,флейцѣ́хъ
52164,xxx
52165,xxx
52166,xxx
52167,xxx
52168,xxx
52169,xxx
52170,xxx
52171,xxx
52172,фло́тилиаю
52173,фло́тилиы
52174,фло́тилиами
52175,фло́тилиами
52176,флатилиа́хъ
52177,флатилиа́хъ
52178,xxx
52179,xxx
52180,фабиа́
52181,фабиѫ́
52182,фо́биы
52183,фаби́ы
52184,xxx
52185,xxx
52186,xxx
52187,xxx
52188,xxx
52189,xxx
52190,xxx
52191,фанарицѣ́хъ
52192,фанарщи́ца
52193,фанарщи́цѣ
52194,фанарщи́ц
52195,фо́нарщици
52196,фанарщицѣ́хъ
52197,xxx
52198,xxx
52199,xxx
52200,xxx
52201,xxx
52202,xxx
52203,xxx
52204,фо́нлаги
52205,фо́нлаг
52206,фо́нлаг
52207,фанлагѣ́хъ
52208,фанлагѣ́хъ
52209,xxx
52210,xxx
52211,фармали́змъ
52212,фо́рмализмамь
52213,фармализмо́мъ
52214,фармализмо́мъ
52215,xxx
52216,фармациа́
52217,фо́рмациы
52218,фармаци́ѫ
52219,фармаци́ѫ
52220,фармаци́
52221,фармаци́амъ
52222,фармаци́амъ
52223,фармаци́ы
52224,xxx
52225,xxx
52226,xxx
52227,xxx
52228,xxx
52229,xxx
52230,xxx
52231,xxx
52232,xxx
52233,xxx
52234,xxx
52235,xxx
52236,xxx
52237,xxx
52238,xxx
52239,xxx
52240,xxx
52241,xxx
52242,xxx
52243,xxx
52244,xxx
52245,xxx
52246,xxx
52247,xxx
52248,xxx
52249,xxx
52250,xxx
52251,xxx
52252,xxx
52253,xxx
52254,xxx
52255,xxx
52256,xxx
52257,xxx
52258,xxx
52259,xxx
52260,xxx
52261,xxx
52262,фо́тасессиы
52263,фо́тасессии
52264,фатасессио́ю
52265,фатасесси́ы
52266,фо́тасессиами
52267,xxx
52268,xxx
52269,xxx
52270,xxx
52271,xxx
52272,xxx
52273,xxx
52274,фра́нциѣ
52275,фра́нци
52276,фра́нциы
52277,фра́нциы
52278,xxx
52279,xxx
52280,xxx
52281,xxx
52282,xxx
52283,xxx
52284,xxx
52285,xxx
52286,xxx
52287,xxx
52288,xxx
52289,xxx
52290,xxx
52291,фро́нтавиц
52292,фро́нтавиц
52293,фро́нтавицамь
52294,фро́нтавици
52295,фро́нтавици
52296,фро́нтавици
52297,xxx
52298,xxx
52299,xxx
52300,xxx
52301,xxx
52302,xxx
52303,xxx
52304,xxx
52305,xxx
52306,xxx
52307,xxx
52308,xxx
52309,xxx
52310,xxx
52311,xxx
52312,xxx
52313,xxx
52314,фурунку́ла
52315,фурунку́ла
52316,xxx
52317,xxx
52318,xxx
52319,xxx
52320,xxx
52321,xxx
52322,xxx
52323,xxx
52324,xxx
52325,xxx
52326,xxx
52327,xxx
52328,xxx
52329,xxx
52330,xxx
52331,xxx
52332,xxx
52333,xxx
52334,xxx
52335,xxx
52336,xxx
52337,xxx
52338,xxx
52339,xxx
52340,xxx
52341,xxx
52342,xxx
52343,xxx
52344,xxx
52345,xxx
52346,xxx
52347,xxx
52348,xxx
52349,xxx
52350,xxx
52351,xxx
52352,ха́нукы
52353,ха́нукы
52354,ха́нуками
52355,xxx
52356,xxx
52357,харзѣ́
52358,харзъ
52359,харзы́
52360,хартиѣ́
52361,харти́и
52362,ха́ртиы
52363,харти́
52364,xxx
52365,xxx
52366,xxx
52367,xxx
52368,xxx
52369,xxx
52370,xxx
52371,xxx
52372,xxx
52373,xxx
52374,xxx
52375,хасси́
52376,хасси́и
52377,ха́ссии
52378,хасси́ы
52379,хассиѣ́хъ
52380,хассиѣ́хъ
52381,хата́
52382,хаты́
52383,ха́ты
52384,ха́тами
52385,хачи́ца
52386,хачицу́
52387,ха́чици
52388,xxx
52389,хва́таниу
52390,хватани́амь
52391,хва́таниа
52392,хва́таниа
52393,хва́таниы
52394,xxx
52395,xxx
52396,xxx
52397,xxx
52398,хвасти́ца
52399,хвастицу́
52400,хвастицу́
52401,хво́стицамь
52402,хвасти́цѣ
52403,хво́стици
52404,хвастицѣ́хъ
52405,xxx
52406,xxx
52407,xxx
52408,xxx
52409,xxx
52410,xxx
52411,xxx
52412,xxx
52413,xxx
52414,xxx
52415,xxx
52416,xxx
52417,xxx
52418,xxx
52419,xxx
52420,xxx
52421,xxx
52422,xxx
52423,xxx
52424,xxx
52425,xxx
52426,xxx
52427,xxx
52428,xxx
52429,хи́та
52430,хи́ту
52431,хи́т
52432,хи́ти
52433,хи́т
52434,хи́т
52435,хи́щениа
52436,хи́щениу
52437,хладабо́йнъ
52438,хла́дабайнами
52439,хладабо́йнахъ
52440,xxx
52441,xxx
52442,xxx
52443,xxx
52444,xxx
52445,xxx
52446,xxx
52447,xxx
52448,xxx
52449,хлясти́ца
52450,хля́стицамь
52451,хлясти́ц
52452,хлясти́ц
52453,хлясти́ци
52454,xxx
52455,xxx
52456,xxx
52457,xxx
52458,xxx
52459,xxx
52460,xxx
52461,xxx
52462,хадула́
52463,хо́дули
52464,хаду́л
52465,хаду́лы
52466,хаду́лы
52467,хо́ждениамъ
52468,хаждениѣ́хъ
52469,хо́зяйьци
52470,хазя́йьцахъ
52471,хазя́йьцахъ
52472,хо́зяйстваваниа
52473,xxx
52474,xxx
52475,xxx
52476,xxx
52477,xxx
52478,хо́лмиц
52479,хо́лмицѣ
52480,хо́лмици
52481,xxx
52482,xxx
52483,xxx
52484,хо́лсъта
52485,хо́лсътамь
52486,хо́лсъти
52487,хо́лсъты
52488,хо́лсъты
52489,халсътѣ́хъ
52490,xxx
52491,xxx
52492,xxx
52493,xxx
52494,xxx
52495,хо́рватьци
52496,хо́рватьцаю
52497,хо́рватьци
52498,хо́рватькы
52499,хо́рда
52500,хо́рдѣ
52501,хо́рди
52502,хо́рды
52503,хо́рдамъ
52504,хо́рдамъ
52505,хо́рды
52506,хо́рдами
52507,хо́рдами
52508,xxx
52509,харё́кѣ
52510,харё́к
52511,xxx
52512,xxx
52513,xxx
52514,хо́ругви
52515,хо́ругвьѭ
52516,хо́ругви
52517,хо́ругви
52518,хо́ругви
52519,хо́ругви
52520,хо́ругвьмъ
52521,хо́ругвьми
52522,xxx
52523,xxx
52524,xxx
52525,xxx
52526,xxx
52527,xxx
52528,xxx
52529,xxx
52530,xxx
52531,xxx
52532,xxx
52533,xxx
52534,xxx
52535,xxx
52536,xxx
52537,xxx
52538,xxx
52539,xxx
52540,xxx
52541,xxx
52542,xxx
52543,xxx
52544,xxx
52545,xxx
52546,xxx
52547,хра́п
52548,хра́п
52549,хра́памь
52550,хра́памъ
52551,хра́пы
52552,хре́навьцѣ
52553,хре́навьцамъ
52554,хре́навькы
52555,xxx
52556,xxx
52557,xxx
52558,xxx
52559,xxx
52560,xxx
52561,хри́па
52562,хри́п
52563,хри́п
52564,xxx
52565,xxx
52566,xxx
52567,xxx
52568,хро́ница
52569,хро́ница
52570,хро́ници
52571,хро́ници
52572,хро́ницами
52573,хро́нлагиы
52574,хро́нлагиаю
52575,хро́налагиамъ
52576,хро́нлагиамъ
52577,xxx
52578,xxx
52579,xxx
52580,xxx
52581,xxx
52582,худру́к
52583,ху́друки
52584,худруко́мъ
52585,худру́кы
52586,худрукѣ́хъ
52587,xxx
52588,xxx
52589,xxx
52590,xxx
52591,хунта́
52592,ху́нтаю
52593,ху́нтаю
52594,ху́нты
52595,хун́т
52596,хунта́мъ
52597,хун́ты
52598,хунта́хъ
52599,xxx
52600,xxx
52601,xxx
52602,xxx
52603,xxx
52604,xxx
52605,ца́плѣ
52606,ца́плаю
52607,ца́плы
52608,царе́внъ
52609,ца́цьки
52610,ца́цьцъ
52611,ца́цькамъ
52612,ца́цькы
52613,xxx
52614,xxx
52615,xxx
52616,xxx
52617,xxx
52618,xxx
52619,цензо́р
52620,цензо́р
52621,цензо́ра
52622,цензару́
52623,цензарѣ́хъ
52624,цензарѣ́хъ
52625,xxx
52626,xxx
52627,xxx
52628,xxx
52629,xxx
52630,xxx
52631,xxx
52632,xxx
52633,центуриану́
52634,це́нтуриани
52635,центурианѣ́хъ
52636,xxx
52637,xxx
52638,цѣпо́чьцѣ
52639,цѣпо́чьцъ
52640,цѣ́пачьцами
52641,цѣ́пачьками
52642,цѣпачьца́хъ
52643,xxx
52644,xxx
52645,xxx
52646,xxx
52647,xxx
52648,xxx
52649,ци́цлана
52650,ци́цлану
52651,ци́цланамъ
52652,xxx
52653,xxx
52654,xxx
52655,xxx
52656,xxx
52657,xxx
52658,xxx
52659,ци́ньцъ
52660,ци́нькамъ
52661,ци́ньци
52662,циркану́
52663,циркану́
52664,цирканѣ́хъ
52665,xxx
52666,xxx
52667,ци́стернѣ
52668,ци́стернаю
52669,xxx
52670,xxx
52671,xxx
52672,xxx
52673,xxx
52674,xxx
52675,xxx
52676,xxx
52677,xxx
52678,xxx
52679,xxx
52680,xxx
52681,xxx
52682,xxx
52683,xxx
52684,xxx
52685,xxx
52686,xxx
52687,xxx
52688,xxx
52689,ча́дра
52690,ча́дры
52691,ча́дръ
52692,ча́драмъ
52693,чадра́хъ
52694,xxx
52695,xxx
52696,чакра́
52697,чакрѣ́
52698,чаќри
52699,ча́кры
52700,чалма́
52701,чалмы́
52702,xxx
52703,ча́ры
52704,ча́раю
52705,ча́ры
52706,ча́рамъ
52707,ча́рамъ
52708,ча́ры
52709,xxx
52710,ча́савнаю
52711,ча́савнъ
52712,ча́савны
52713,ча́савны
52714,xxx
52715,xxx
52716,xxx
52717,xxx
52718,xxx
52719,xxx
52720,xxx
52721,xxx
52722,xxx
52723,xxx
52724,чебо́ль
52725,чебали́
52726,xxx
52727,xxx
52728,xxx
52729,xxx
52730,xxx
52731,xxx
52732,xxx
52733,xxx
52734,xxx
52735,черёмуха́
52736,черёму́хы
52737,че́рёмухы
52738,черёмуха́мъ
52739,xxx
52740,xxx
52741,xxx
52742,xxx
52743,xxx
52744,xxx
52745,xxx
52746,xxx
52747,xxx
52748,xxx
52749,xxx
52750,xxx
52751,xxx
52752,xxx
52753,xxx
52754,чѣтвёрьцо́ю
52755,чѣ́твёрьци
52756,чѣтвё́рьцамъ
52757,че́ченьца
52758,че́ченьци
52759,че́ченьцамъ
52760,xxx
52761,xxx
52762,xxx
52763,xxx
52764,xxx
52765,xxx
52766,xxx
52767,чё́ртачьцѣ
52768,чё́ртачьки
52769,чёрто́чькъ
52770,xxx
52771,xxx
52772,xxx
52773,xxx
52774,чизе́ли
52775,чизе́льмъ
52776,xxx
52777,xxx
52778,xxx
52779,xxx
52780,xxx
52781,xxx
52782,xxx
52783,xxx
52784,xxx
52785,xxx
52786,xxx
52787,xxx
52788,xxx
52789,xxx
52790,xxx
52791,xxx
52792,xxx
52793,xxx
52794,xxx
52795,xxx
52796,xxx
52797,xxx
52798,xxx
52799,xxx
52800,xxx
52801,xxx
52802,xxx
52803,xxx
52804,шабе́рѣ
52805,ша́бери
52806,шабе́р
52807,шабе́р
52808,шабё́р
52809,шабё́ра
52810,шабё́р
52811,шабё́р
52812,шабё́р
52813,шабёрѣ́хъ
52814,ша́бланамь
52815,ша́бланѣ
52816,ша́бланамъ
52817,ша́бланы
52818,ша́вьци
52819,ша́вьцаю
52820,ша́вьками
52821,xxx
52822,ша́йьцѣ
52823,ша́йьки
52824,xxx
52825,xxx
52826,xxx
52827,xxx
52828,xxx
52829,xxx
52830,ша́льѭ
52831,ша́ли
52832,ша́лии
52833,xxx
52834,xxx
52835,xxx
52836,xxx
52837,xxx
52838,xxx
52839,xxx
52840,xxx
52841,xxx
52842,xxx
52843,xxx
52844,xxx
52845,xxx
52846,xxx
52847,xxx
52848,xxx
52849,xxx
52850,xxx
52851,шатёру́
52852,шатё́р
52853,шатёро́мъ
52854,ша́ттлу
52855,ша́ттлъ
52856,ша́ттламь
52857,ша́ттламь
52858,ша́ттлъ
52859,ша́ттлы
52860,шаттлѣ́хъ
52861,шафе́ра
52862,ша́фери
52863,шафе́р
52864,шаферо́мъ
52865,ша́феры
52866,xxx
52867,xxx
52868,xxx
52869,xxx
52870,xxx
52871,шахтё́ра
52872,шахтё́ра
52873,шахтё́рѣ
52874,шахтё́р
52875,шахтё́р
52876,xxx
52877,xxx
52878,xxx
52879,xxx
52880,xxx
52881,xxx
52882,xxx
52883,xxx
52884,xxx
52885,xxx
52886,xxx
52887,xxx
52888,швѣллѣ́р
52889,швѣллѣ́ра
52890,швѣ́ллѣры
52891,xxx
52892,xxx
52893,xxx
52894,шеке́ли
52895,шеке́ли
52896,шеке́льхъ
52897,xxx
52898,xxx
52899,xxx
52900,xxx
52901,xxx
52902,ше́нкель
52903,ше́нкели
52904,ше́нкели
52905,ше́нкели
52906,ше́нкельѭ
52907,ше́нкелии
52908,шѣ́ншѣльѭ
52909,шиншѣ́ли
52910,шѣ́патны
52911,шѣ́патнѣ
52912,xxx
52913,xxx
52914,xxx
52915,xxx
52916,xxx
52917,xxx
52918,шѣстёрьца́
52919,xxx
52920,xxx
52921,xxx
52922,xxx
52923,xxx
52924,xxx
52925,xxx
52926,xxx
52927,xxx
52928,xxx
52929,xxx
52930,xxx
52931,xxx
52932,xxx
52933,xxx
52934,xxx
52935,xxx
52936,xxx
52937,xxx
52938,xxx
52939,xxx
52940,ши́ньца
52941,ши́ньци
52942,ши́ньцами
52943,xxx
52944,xxx
52945,xxx
52946,xxx
52947,xxx
52948,xxx
52949,шиферу́
52950,ши́ферамь
52951,шифе́рѣ
52952,xxx
52953,xxx
52954,xxx
52955,шка́ла
52956,шка́лаю
52957,шка́лами
52958,xxx
52959,xxx
52960,xxx
52961,шква́лы
52962,шквалѣ́хъ
52963,шквалѣ́хъ
52964,xxx
52965,xxx
52966,шкипе́р
52967,шкипе́р
52968,шки́пери
52969,шки́пери
52970,шкипе́ры
52971,xxx
52972,xxx
52973,шку́рьцамъ
52974,шла́ка
52975,шла́ку
52976,шла́кѣ
52977,шла́ки
52978,шла́к
52979,шла́кы
52980,шлакѣ́хъ
52981,xxx
52982,xxx
52983,xxx
52984,xxx
52985,xxx
52986,шлепаку́
52987,шлепаку́
52988,шлепо́к
52989,шлепо́кы
52990,шле́пакы
52991,xxx
52992,xxx
52993,xxx
52994,xxx
52995,xxx
52996,шлю́пьцѣ
52997,шлю́пьцѣ
52998,шлю́пьци
52999,шлюпьца́мъ
53000,шля́геры
53001,шля́пьки
53002,шля́пьцамъ
53003,шля́пьци
53004,xxx
53005,шницѣ́ли
53006,шницѣ́ль
53007,шни́цили
53008,шнабе́ль
53009,шнабе́ли
53010,шнабели́
53011,шнабе́ль
53012,шно́бели
53013,шно́бельми
53014,шнабе́льхъ
53015,xxx
53016,xxx
53017,xxx
53018,xxx
53019,xxx
53020,xxx
53021,xxx
53022,xxx
53023,шпа́ли
53024,шпа́лѣ
53025,шпа́лы
53026,шпа́лы
53027,шпате́ль
53028,шпате́ли
53029,шпа́тельми
53030,шпахте́ли
53031,шпахте́ли
53032,шпи́льци
53033,шпи́льцъ
53034,шпи́льци
53035,шпи́льци
53036,шпильца́хъ
53037,xxx
53038,xxx
53039,xxx
53040,шпинде́ли
53041,шпинде́ли
53042,шпинде́лии
53043,шпинде́льхъ
53044,xxx
53045,xxx
53046,xxx
53047,xxx
53048,xxx
53049,шра́му
53050,шра́мамь
53051,шра́м
53052,шра́мамъ
53053,шра́мы
53054,шреде́р
53055,шредеру́
53056,шре́дери
53057,шреде́ры
53058,шре́деры
53059,шре́деры
53060,xxx
53061,xxx
53062,xxx
53063,xxx
53064,xxx
53065,xxx
53066,штабе́ли
53067,штабели́
53068,штабе́льмъ
53069,шта́ммамь
53070,шта́ммѣ
53071,штаммѣ́хъ
53072,xxx
53073,xxx
53074,штѣкѣ́рѣ
53075,штѣ́кѣри
53076,штѣ́кѣри
53077,штикиро́мъ
53078,штѣкѣрѣ́хъ
53079,штемпе́ль
53080,штемпе́ли
53081,ште́мпельми
53082,штемпе́льхъ
53083,штепсе́ль
53084,штепсе́ли
53085,ште́псели
53086,штепсе́лии
53087,штепсе́ли
53088,штепсе́ли
53089,xxx
53090,xxx
53091,штисе́ли
53092,штисе́ли
53093,штисе́ли
53094,штисе́лии
53095,xxx
53096,xxx
53097,xxx
53098,xxx
53099,xxx
53100,xxx
53101,xxx
53102,xxx
53103,xxx
53104,xxx
53105,xxx
53106,xxx
53107,xxx
53108,xxx
53109,xxx
53110,xxx
53111,xxx
53112,xxx
53113,xxx
53114,xxx
53115,шту́церамь
53116,шту́цери
53117,шту́цер
53118,шту́цер
53119,шту́церамъ
53120,штучькѫ́
53121,шту́чьцаю
53122,шту́чьцъ
53123,шты́к
53124,шты́ки
53125,шты́ки
53126,шты́кы
53127,шты́кы
53128,шты́кы
53129,шу́бьци
53130,шубьца́мъ
53131,шубька́мъ
53132,шу́лѣр
53133,шу́лѣрамъ
53134,шулирѣ́хъ
53135,xxx
53136,xxx
53137,шу́хѣру
53138,шу́хѣрамъ
53139,шухѣрѣ́хъ
53140,xxx
53141,xxx
53142,xxx
53143,xxx
53144,xxx
53145,xxx
53146,xxx
53147,xxx
53148,xxx
53149,щего́л
53150,щегало́мъ
53151,щегалѣ́хъ
53152,xxx
53153,xxx
53154,ще́лчаки
53155,щелчакѣ́хъ
53156,щёго́ли
53157,щёго́лии
53158,щёго́льмъ
53159,щё́лак
53160,щё́лакамь
53161,щё́лакѣ
53162,xxx
53163,xxx
53164,xxx
53165,xxx
53166,xxx
53167,xxx
53168,xxx
53169,xxx
53170,xxx
53171,xxx
53172,xxx
53173,эвалюциа́
53174,эвалюци́ѫ
53175,эвалюци́
53176,эвалюци́ы
53177,эвалюци́ахъ
53178,xxx
53179,xxx
53180,xxx
53181,xxx
53182,xxx
53183,xxx
53184,xxx
53185,э́йнштейнии
53186,э́йнштейни
53187,э́йнштейниы
53188,э́йнштейниы
53189,xxx
53190,xxx
53191,э́калагу
53192,э́клагу
53193,э́клагѣ
53194,э́калаги
53195,эклагѣ́хъ
53196,э́канамиы
53197,э́канамиы
53198,э́канамиы
53199,эканами́амъ
53200,э́канамиами
53201,эканами́ахъ
53202,эканами́ахъ
53203,э́касистема
53204,э́касистемы
53205,э́касистеми
53206,э́касистемѫ
53207,э́касистемамъ
53208,э́касистемы
53209,экасистема́хъ
53210,экранизациѫ́
53211,экранизациа́хъ
53212,xxx
53213,xxx
53214,xxx
53215,xxx
53216,xxx
53217,xxx
53218,xxx
53219,xxx
53220,xxx
53221,xxx
53222,xxx
53223,xxx
53224,xxx
53225,xxx
53226,xxx
53227,э́кспедитар
53228,э́кспедитар
53229,xxx
53230,xxx
53231,xxx
53232,xxx
53233,xxx
53234,xxx
53235,xxx
53236,xxx
53237,xxx
53238,xxx
53239,xxx
53240,xxx
53241,xxx
53242,xxx
53243,xxx
53244,xxx
53245,xxx
53246,xxx
53247,xxx
53248,xxx
53249,э́кстрапаляциѣ
53250,э́кстрапаляциы
53251,э́кстрапаляциы
53252,xxx
53253,xxx
53254,xxx
53255,xxx
53256,xxx
53257,xxx
53258,xxx
53259,xxx
53260,элевато́ра
53261,элевато́ри
53262,э́леватари
53263,элеватаро́мъ
53264,xxx
53265,xxx
53266,xxx
53267,xxx
53268,xxx
53269,xxx
53270,xxx
53271,xxx
53272,xxx
53273,xxx
53274,xxx
53275,xxx
53276,xxx
53277,xxx
53278,xxx
53279,xxx
53280,xxx
53281,xxx
53282,xxx
53283,xxx
53284,э́лектрафан
53285,э́лектрафана
53286,э́лектрафану
53287,э́лектрафани
53288,э́лектрафаны
53289,электрафанѣ́хъ
53290,xxx
53291,xxx
53292,xxx
53293,xxx
53294,э́литы
53295,э́литѣ
53296,элли́пъса
53297,элли́пъса
53298,эллипъсѣ́хъ
53299,э́мбриан
53300,э́мбрианамь
53301,э́мбриан
53302,э́миссиы
53303,xxx
53304,xxx
53305,э́ндемиц
53306,э́ндемиц
53307,э́ндемицамь
53308,э́ндемици
53309,э́ндемици
53310,xxx
53311,xxx
53312,xxx
53313,xxx
53314,энтрапи́ѣ
53315,э́нтрапиы
53316,энтрапи́
53317,энтрапи́
53318,энтрапи́ы
53319,э́нтрапиами
53320,xxx
53321,xxx
53322,xxx
53323,xxx
53324,xxx
53325,xxx
53326,xxx
53327,xxx
53328,э́питафиа
53329,э́питафиы
53330,э́питафи
53331,э́питафиами
53332,эпифизу́
53333,эпифи́з
53334,эпифизо́мъ
53335,эпифизо́мъ
53336,эпифи́зы
53337,э́пифизы
53338,xxx
53339,xxx
53340,xxx
53341,xxx
53342,xxx
53343,xxx
53344,xxx
53345,э́пахы
53346,э́пахѣ
53347,э́пахы
53348,эпо́х
53349,xxx
53350,xxx
53351,xxx
53352,э́рдельтерьа
53353,э́рдельтерьамь
53354,э́рдельтерьѣ
53355,э́рдельтерьы
53356,эрдельтерьерѣ́хъ
53357,э́рекциаю
53358,эрекциа́хъ
53359,xxx
53360,э́рлифътамь
53361,эрли́фъти
53362,эрлифътѣ́хъ
53363,эразиа́
53364,э́разиѣ
53365,эрази́ы
53366,э́разиами
53367,эрази́ахъ
53368,э́ратицѣ
53369,эратицо́ю
53370,э́ратицѣ
53371,xxx
53372,xxx
53373,xxx
53374,xxx
53375,xxx
53376,xxx
53377,э́рцгерцагинаю
53378,э́рцгерцагины
53379,эрцгерцагина́мъ
53380,xxx
53381,э́скадрильы
53382,эскадри́льамъ
53383,xxx
53384,xxx
53385,xxx
53386,xxx
53387,xxx
53388,э́стетици
53389,э́стетици
53390,э́стетицаю
53391,э́стетици
53392,э́стетицами
53393,эстетица́хъ
53394,эстиваци́ахъ
53395,xxx
53396,xxx
53397,xxx
53398,xxx
53399,xxx
53400,эсхатлаги́ы
53401,эсхатлагиѣ́
53402,эсхатлаги́ѣ
53403,эсхаталаги́ѣ
53404,эсхатлаги́ы
53405,xxx
53406,xxx
53407,xxx
53408,xxx
53409,xxx
53410,xxx
53411,xxx
53412,xxx
53413,этицетьцо́ю
53414,э́тицетьцами
53415,этице́тьцахъ
53416,xxx
53417,xxx
53418,этиалаги́ѫ
53419,этилагио́ю
53420,э́тилагиы
53421,этиалаги́
53422,этиалаги́амъ
53423,xxx
53424,этнла́га
53425,этнлагу́
53426,этнлагу́
53427,э́тнлаги
53428,этнла́гы
53429,этнлагѣ́хъ
53430,э́тнанимица
53431,э́тнанимици
53432,э́тнанимицаю
53433,э́тнанимици
53434,э́тнанимиц
53435,э́тнанимицамъ
53436,этнанимица́хъ
53437,xxx
53438,xxx
53439,xxx
53440,xxx
53441,xxx
53442,xxx
53443,xxx
53444,xxx
53445,xxx
53446,xxx
53447,xxx
53448,xxx
53449,xxx
53450,xxx
53451,xxx
53452,xxx
53453,xxx
53454,xxx
53455,xxx
53456,э́якуляциаю
53457,э́якуляциами
53458,xxx
53459,xxx
53460,юбиля́ры
53461,ю́биляры
53462,xxx
53463,xxx
53464,xxx
53465,юдафабиа́
53466,ю́дафабиами
53467,xxx
53468,xxx
53469,xxx
53470,xxx
53471,xxx
53472,ю́неца
53473,юнецѣ́хъ
53474,юнецѣ́хъ
53475,юнецѣ́хъ
53476,xxx
53477,юстиравьца́
53478,юстиро́вьки
53479,юстиравька́мъ
53480,ю́стиравьцами
53481,я́блачьца
53482,я́блачьцамъ
53483,я́блачьцамъ
53484,я́блачька
53485,яблачькѣ́хъ
53486,я́вьца
53487,я́вькы
53488,я́вьцамъ
53489,я́вьцами
53490,явька́хъ
53491,xxx
53492,xxx
53493,xxx
53494,xxx
53495,xxx
53496,xxx
53497,ягадьцо́ю
53498,яго́дьцъ
53499,xxx
53500,xxx
53501,xxx
53502,xxx
53503,я́зва
53504,я́звами
53505,xxx
53506,xxx
53507,xxx
53508,xxx
53509,я́йцеклетьци
53510,я́йцеклетьцѣ
53511,я́йцеклетьцѣ
53512,яйцекле́тьцамъ
53513,я́йцеклетьками
53514,яли́ц
53515,ялицо́мъ
53516,xxx
53517,xxx
53518,xxx
53519,я́мьцѣ
53520,я́мьцѫ
53521,я́мьки
53522,я́мьци
53523,я́мьцамъ
53524,я́мькамъ
53525,я́мьци
53526,ямьца́хъ
53527,я́мачьци
53528,я́мачькы
53529,я́мачьки
53530,ямо́чькахъ
53531,ямщи́ци
53532,ямщи́ц
53533,я́мщици
53534,ямщицѣ́хъ
53535,xxx
53536,япо́ньцѫ
53537,я́паньцами
53538,я́пашьцѣ
53539,я́пашьцамъ
53540,япашьца́хъ
53541,xxx
53542,xxx
53543,xxx
53544,xxx
53545,xxx
53546,яса́ка
53547,я́сакамь
53548,яса́ки
53549,яса́к
53550,ясако́мъ
53551,я́сакы
53552,яшма́
53553,яшмы́ы
53554,яшмѣ́
53555,яшмѫ́
53556,я́шмаю
53557,яшмѣ́ѣ
53558,я́шмы
53559,яшмъ
53560,яшма́мъ
53561,xxx
53562,xxx
53563,xxx
53564,xxx
53565,xxx
53566,xxx
53567,xxx
53568,xxx
53569,xxx
53570,xxx
53571,xxx
53572,xxx
53573,xxx
53574,xxx
53575,xxx
53576,xxx
53577,xxx
53578,xxx
53579,xxx
53580,xxx
53581,xxx
53582,xxx
53583,xxx
53584,xxx
53585,xxx
53586,xxx
53587,xxx
53588,xxx
53589,xxx
53590,xxx
53591,xxx
53592,xxx
53593,xxx
53594,xxx
53595,xxx
53596,xxx
53597,xxx
53598,xxx
53599,а́кациы
53600,а́кациѣ
53601,а́кации
53602,а́кациаю
53603,а́кациы
53604,а́каци
53605,а́каци
53606,а́кациамъ
53607,а́кациамъ
53608,а́кациы
53609,xxx
53610,xxx
53611,xxx
53612,xxx
53613,xxx
53614,xxx
53615,xxx
53616,а́лкагаль
53617,а́лкагали
53618,а́лкагальѭ
53619,а́ллюзиа
53620,а́ллюзиѣ
53621,а́ллюзии
53622,xxx
53623,альтернативо́ю
53624,альтернати́вы
53625,xxx
53626,xxx
53627,xxx
53628,xxx
53629,xxx
53630,xxx
53631,а́натаму
53632,а́натамѣ
53633,а́натами
53634,а́натам
53635,а́натамы
53636,xxx
53637,xxx
53638,анестези́ы
53639,а́нестезиаю
53640,анестези́ѣ
53641,xxx
53642,xxx
53643,xxx
53644,xxx
53645,xxx
53646,xxx
53647,xxx
53648,xxx
53649,xxx
53650,xxx
53651,xxx
53652,xxx
53653,xxx
53654,xxx
53655,аптека́
53656,аптекѫ́
53657,xxx
53658,xxx
53659,а́рми
53660,а́рмиами
53661,а́рмиами
53662,а́рмянину
53663,а́рмянинамь
53664,а́рмянинѣ
53665,а́рмяньцѫ
53666,а́рмяньцамъ
53667,артери́амъ
53668,xxx
53669,xxx
53670,xxx
53671,xxx
53672,xxx
53673,xxx
53674,xxx
53675,а́удиенциы
53676,аудитариа́
53677,аудитариѣ́
53678,а́удитариаю
53679,аудитари́ы
53680,xxx
53681,xxx
53682,xxx
53683,xxx
53684,xxx
53685,xxx
53686,xxx
53687,xxx
53688,xxx
53689,xxx
53690,xxx
53691,xxx
53692,xxx
53693,xxx
53694,ба́ллъ
53695,ба́лла
53696,ба́ллъ
53697,ба́ллѣ
53698,ба́лли
53699,ба́лли
53700,xxx
53701,xxx
53702,xxx
53703,xxx
53704,xxx
53705,xxx
53706,xxx
53707,xxx
53708,xxx
53709,xxx
53710,xxx
53711,xxx
53712,xxx
53713,xxx
53714,xxx
53715,xxx
53716,xxx
53717,xxx
53718,xxx
53719,xxx
53720,xxx
53721,xxx
53722,xxx
53723,xxx
53724,xxx
53725,xxx
53726,xxx
53727,xxx
53728,xxx
53729,батареа́
53730,ба́тареы
53731,ба́тареи
53732,батаре́
53733,батаре́амъ
53734,ба́тареами
53735,xxx
53736,башма́ка
53737,ба́шмакамь
53738,башма́ки
53739,ба́шмакы
53740,башнѫ́
53741,башнъ
53742,башны́ы
53743,башны́ы
53744,ба́шнами
53745,башна́хъ
53746,xxx
53747,xxx
53748,xxx
53749,xxx
53750,бе́здействиу
53751,бе́здействиѣ
53752,бездействиѣ́хъ
53753,xxx
53754,xxx
53755,xxx
53756,xxx
53757,xxx
53758,xxx
53759,xxx
53760,xxx
53761,xxx
53762,xxx
53763,xxx
53764,xxx
53765,xxx
53766,xxx
53767,xxx
53768,xxx
53769,билети́ца
53770,билетицу́
53771,би́летицамь
53772,билети́ц
53773,билетицо́мъ
53774,би́летици
53775,xxx
53776,xxx
53777,xxx
53778,би́алаг
53779,би́лагиы
53780,би́алагиѣ
53781,xxx
53782,xxx
53783,xxx
53784,xxx
53785,xxx
53786,xxx
53787,xxx
53788,xxx
53789,xxx
53790,xxx
53791,xxx
53792,xxx
53793,xxx
53794,xxx
53795,бло́хѣ
53796,бло́х
53797,бло́хами
53798,xxx
53799,xxx
53800,xxx
53801,xxx
53802,xxx
53803,xxx
53804,xxx
53805,бо́ецамъ
53806,бо́ецамъ
53807,xxx
53808,xxx
53809,xxx
53810,xxx
53811,xxx
53812,xxx
53813,xxx
53814,xxx
53815,xxx
53816,xxx
53817,xxx
53818,xxx
53819,xxx
53820,xxx
53821,xxx
53822,бо́мжъ
53823,бо́мжъ
53824,xxx
53825,xxx
53826,бо́радавьца
53827,бо́радавьцѣ
53828,бра́давьцаю
53829,бо́радавьцѣ
53830,бра́давькъ
53831,брадавьца́хъ
53832,бо́рща
53833,бо́рщу
53834,бо́рщъ
53835,бо́рщамь
53836,бо́рщамъ
53837,бо́рщы
53838,бо́рщы
53839,барщѣ́хъ
53840,xxx
53841,xxx
53842,xxx
53843,бо́тинак
53844,бо́тинаку
53845,xxx
53846,xxx
53847,бре́га
53848,бре́гамь
53849,бре́гѣ
53850,бре́гамъ
53851,xxx
53852,xxx
53853,брюхо́
53854,брюхо́а
53855,брюхо́а
53856,брюхѣ́и
53857,брю́ха
53858,брю́ха
53859,брюхо́
53860,xxx
53861,бу́кашьци
53862,бука́шьцъ
53863,бу́кашьцами
53864,xxx
53865,xxx
53866,xxx
53867,xxx
53868,xxx
53869,xxx
53870,xxx
53871,xxx
53872,бу́тыльцаю
53873,буты́льцѣ
53874,бу́тыльцами
53875,xxx
53876,xxx
53877,xxx
53878,xxx
53879,xxx
53880,xxx
53881,xxx
53882,xxx
53883,xxx
53884,ва́ленак
53885,ва́ленак
53886,ва́ленаки
53887,ва́ленак
53888,ва́ленакы
53889,xxx
53890,xxx
53891,xxx
53892,xxx
53893,xxx
53894,xxx
53895,xxx
53896,xxx
53897,xxx
53898,xxx
53899,xxx
53900,xxx
53901,xxx
53902,вдахнавѣни́амь
53903,вдо́хнавѣниа
53904,вдахнавѣни́а
53905,вдахнавини́ихъ
53906,xxx
53907,xxx
53908,xxx
53909,xxx
53910,xxx
53911,верблю́да
53912,ве́рблюдамь
53913,ве́рблюды
53914,верблюдѣ́хъ
53915,xxx
53916,ве́рёвьцѣ
53917,ве́рёвьцаю
53918,xxx
53919,xxx
53920,xxx
53921,xxx
53922,верстаку́
53923,верстаку́
53924,ве́рстакамь
53925,верста́кѣ
53926,ве́рстакы
53927,xxx
53928,xxx
53929,xxx
53930,xxx
53931,вѣ́тьцаю
53932,вѣ́тьци
53933,вѣ́тьками
53934,xxx
53935,вешалька́
53936,веша́льцамъ
53937,xxx
53938,xxx
53939,xxx
53940,xxx
53941,xxx
53942,xxx
53943,xxx
53944,xxx
53945,xxx
53946,xxx
53947,xxx
53948,xxx
53949,xxx
53950,xxx
53951,xxx
53952,xxx
53953,xxx
53954,xxx
53955,xxx
53956,xxx
53957,xxx
53958,влияниу́
53959,вли́яниамь
53960,вли́яниа
53961,влияни́а
53962,xxx
53963,xxx
53964,xxx
53965,xxx
53966,xxx
53967,вни́маниу
53968,вни́маниу
53969,вни́маниамъ
53970,вни́маниа
53971,вни́маниы
53972,вниманиѣ́хъ
53973,xxx
53974,во́дитель
53975,во́дитель
53976,во́дители
53977,во́дителии
53978,во́дители
53979,во́дительми
53980,во́дительми
53981,во́дьца
53982,во́дьци
53983,во́дьцаю
53984,во́дькамъ
53985,вадапа́да
53986,во́дападамь
53987,вадапа́дѣ
53988,вадапа́д
53989,вадапа́д
53990,xxx
53991,xxx
53992,xxx
53993,xxx
53994,во́звращениа
53995,во́звращени
53996,во́звращениамъ
53997,во́звращениы
53998,xxx
53999,xxx
54000,xxx
54001,xxx
54002,во́зражениа
54003,во́зражениу
54004,во́зражениѣ
54005,xxx
54006,во́йсьцъ
54007,xxx
54008,xxx
54009,xxx
54010,xxx
54011,xxx
54012,xxx
54013,xxx
54014,xxx
54015,xxx
54016,во́леизъявлениа
54017,во́леизъявлениамъ
54018,во́леизъявлениа
54019,во́льцъ
54020,во́льки
54021,во́льцамъ
54022,во́льци
54023,во́лнениа
54024,во́лнениамь
54025,во́лнении
54026,во́лнениамъ
54027,валнениѣ́хъ
54028,xxx
54029,xxx
54030,xxx
54031,во́адушевлениа
54032,во́адушевлениа
54033,во́адушевлениамъ
54034,во́аружении
54035,во́аружениа
54036,во́плащениѣ
54037,во́плащении
54038,ваплащени́
54039,ваплащени́а
54040,во́плащениы
54041,xxx
54042,xxx
54043,xxx
54044,xxx
54045,васпалени́а
54046,васпалени́
54047,васпаленио́мъ
54048,васпалени́а
54049,xxx
54050,xxx
54051,xxx
54052,xxx
54053,во́сстаниу
54054,во́сстаниа
54055,во́сстаниа
54056,во́сстаниы
54057,xxx
54058,xxx
54059,xxx
54060,xxx
54061,xxx
54062,xxx
54063,впе́чатлениа
54064,впе́чатлениу
54065,xxx
54066,xxx
54067,xxx
54068,втарженио́
54069,втарженио́
54070,xxx
54071,xxx
54072,xxx
54073,xxx
54074,xxx
54075,xxx
54076,xxx
54077,xxx
54078,xxx
54079,xxx
54080,вывадаку́
54081,вывадо́к
54082,вывадо́к
54083,вывадако́мъ
54084,вывадакѣ́хъ
54085,xxx
54086,xxx
54087,xxx
54088,xxx
54089,xxx
54090,xxx
54091,xxx
54092,вы́палнениу
54093,вы́палнени
54094,вы́палнениа
54095,вы́палнениа
54096,xxx
54097,xxx
54098,xxx
54099,xxx
54100,xxx
54101,xxx
54102,xxx
54103,xxx
54104,xxx
54105,вы́ставькаю
54106,выста́вьци
54107,выставьца́хъ
54108,вы́ступлениа
54109,вы́ступлениа
54110,вы́ступлениа
54111,выступлениѣ́хъ
54112,xxx
54113,xxx
54114,xxx
54115,xxx
54116,xxx
54117,xxx
54118,xxx
54119,xxx
54120,xxx
54121,гадюка́
54122,гадюкѫ́
54123,га́дюкаю
54124,га́дюкаю
54125,гадюка́мъ
54126,xxx
54127,га́лстук
54128,га́лстук
54129,га́лстук
54130,га́лстукамъ
54131,га́рантиѫ
54132,га́рантиы
54133,га́рантиами
54134,га́рантиами
54135,гарантиа́хъ
54136,xxx
54137,xxx
54138,xxx
54139,ге́рбу
54140,ге́рбъ
54141,гербѣ́хъ
54142,xxx
54143,xxx
54144,xxx
54145,xxx
54146,xxx
54147,xxx
54148,ги́д
54149,ги́ду
54150,ги́дамъ
54151,гидѣ́хъ
54152,xxx
54153,xxx
54154,xxx
54155,xxx
54156,xxx
54157,xxx
54158,xxx
54159,xxx
54160,xxx
54161,xxx
54162,xxx
54163,xxx
54164,xxx
54165,xxx
54166,го́рба
54167,го́рба
54168,xxx
54169,xxx
54170,xxx
54171,го́рлинька
54172,го́рлиньки
54173,гарлиньца́хъ
54174,xxx
54175,xxx
54176,xxx
54177,xxx
54178,xxx
54179,гаршо́к
54180,гаршо́кѣ
54181,гаршо́кы
54182,xxx
54183,xxx
54184,xxx
54185,xxx
54186,xxx
54187,го́съть
54188,го́съти
54189,го́сътии
54190,грави́и
54191,гра́вии
54192,грави́
54193,гравио́мъ
54194,xxx
54195,xxx
54196,xxx
54197,xxx
54198,xxx
54199,xxx
54200,гри́пъпа
54201,гри́пъпамъ
54202,гри́пъпы
54203,гро́зы
54204,гро́зи
54205,гро́з
54206,xxx
54207,xxx
54208,xxx
54209,xxx
54210,гру́зъди
54211,гру́зъдьѭ
54212,гру́зъди
54213,гру́зъдьмъ
54214,гру́зъди
54215,гру́зъдьхъ
54216,xxx
54217,гру́нтъ
54218,гру́нтѣ
54219,гру́нти
54220,гру́нтъ
54221,гру́нтамъ
54222,гру́нты
54223,xxx
54224,гря́зи
54225,гря́зьмъ
54226,гря́зи
54227,гря́зьхъ
54228,гря́зьхъ
54229,гу́бы
54230,гу́бѣ
54231,гу́би
54232,гу́бѣ
54233,гу́б
54234,гу́бами
54235,гу́дак
54236,гу́дак
54237,гудакѣ́хъ
54238,гу́сь
54239,гу́сьмъ
54240,гу́сьми
54241,гу́сьми
54242,гюрза́
54243,гюрза́
54244,гюрзѣ́
54245,гюрзѣ́
54246,гюрзъ
54247,гюрзъ
54248,да́влини
54249,да́влѣниа
54250,да́влѣниы
54251,да́влиниы
54252,давлиниѣ́хъ
54253,да́маю
54254,да́мѣ
54255,да́мы
54256,да́мами
54257,дама́хъ
54258,да́ни
54259,да́ньѭ
54260,да́нии
54261,да́ньхъ
54262,да́р
54263,да́рамь
54264,xxx
54265,xxx
54266,xxx
54267,дво́реци
54268,дво́реци
54269,xxx
54270,xxx
54271,де́жи
54272,xxx
54273,действиу́
54274,действи́а
54275,де́йствиы
54276,xxx
54277,xxx
54278,xxx
54279,xxx
54280,xxx
54281,xxx
54282,xxx
54283,дефици́т
54284,дефици́т
54285,де́фицитамь
54286,де́фицитамь
54287,дефици́ты
54288,xxx
54289,xxx
54290,xxx
54291,xxx
54292,xxx
54293,xxx
54294,xxx
54295,xxx
54296,xxx
54297,xxx
54298,xxx
54299,xxx
54300,xxx
54301,xxx
54302,xxx
54303,xxx
54304,xxx
54305,xxx
54306,xxx
54307,xxx
54308,xxx
54309,xxx
54310,xxx
54311,xxx
54312,xxx
54313,xxx
54314,xxx
54315,xxx
54316,ди́скатекѣ
54317,ди́скатекы
54318,ди́скатеками
54319,xxx
54320,xxx
54321,xxx
54322,дистрафиа́
54323,дистрафи́
54324,дистрафи́
54325,ди́страфиами
54326,ди́страфиами
54327,ди́страфиами
54328,дистрафи́ахъ
54329,xxx
54330,xxx
54331,xxx
54332,xxx
54333,xxx
54334,до́вериамь
54335,даверио́мъ
54336,давери́а
54337,давериѣ́хъ
54338,xxx
54339,xxx
54340,xxx
54341,xxx
54342,xxx
54343,даказатѣльство́
54344,даказатѣ́льствѣ
54345,даказатѣ́льстви
54346,xxx
54347,xxx
54348,xxx
54349,xxx
54350,xxx
54351,xxx
54352,xxx
54353,xxx
54354,xxx
54355,xxx
54356,xxx
54357,xxx
54358,xxx
54359,xxx
54360,xxx
54361,xxx
54362,xxx
54363,xxx
54364,xxx
54365,даста́вькамъ
54366,даста́вьцахъ
54367,xxx
54368,xxx
54369,xxx
54370,xxx
54371,дастапримечательнасъти́
54372,дастапримечательно́съть
54373,дастапримечательно́съти
54374,дастапримечательно́съти
54375,xxx
54376,до́чи
54377,до́чьмъ
54378,до́чьми
54379,дачьхъ
54380,дро́жьѭ
54381,дро́жи
54382,дро́жьхъ
54383,xxx
54384,xxx
54385,ду́гы
54386,ду́г
54387,ду́гами
54388,xxx
54389,xxx
54390,xxx
54391,xxx
54392,xxx
54393,дура́к
54394,дура́к
54395,ду́раки
54396,ду́раки
54397,xxx
54398,xxx
54399,xxx
54400,xxx
54401,xxx
54402,xxx
54403,xxx
54404,xxx
54405,xxx
54406,xxx
54407,xxx
54408,xxx
54409,xxx
54410,xxx
54411,xxx
54412,xxx
54413,жа́твы
54414,xxx
54415,xxx
54416,xxx
54417,xxx
54418,же́релѣ
54419,жрѣ́ла
54420,жрѣ́лы
54421,жрилѣ́хъ
54422,xxx
54423,xxx
54424,xxx
54425,жѣто́н
54426,житано́мъ
54427,жѣ́таны
54428,жѣ́таны
54429,xxx
54430,xxx
54431,жите́ль
54432,жи́тельѭ
54433,жи́тельѭ
54434,жите́льмъ
54435,xxx
54436,xxx
54437,xxx
54438,жу́к
54439,жу́ки
54440,жу́кы
54441,жукѣ́хъ
54442,xxx
54443,xxx
54444,xxx
54445,xxx
54446,xxx
54447,xxx
54448,xxx
54449,xxx
54450,xxx
54451,xxx
54452,xxx
54453,xxx
54454,xxx
54455,xxx
54456,xxx
54457,xxx
54458,xxx
54459,xxx
54460,за́висимасъти
54461,за́висимасътии
54462,зависимо́сътьхъ
54463,xxx
54464,xxx
54465,xxx
54466,за́втрак
54467,за́втракѣ
54468,за́втрак
54469,xxx
54470,xxx
54471,xxx
54472,xxx
54473,xxx
54474,xxx
54475,xxx
54476,xxx
54477,закалькѣ́
54478,зако́льци
54479,xxx
54480,xxx
54481,xxx
54482,xxx
54483,xxx
54484,xxx
54485,xxx
54486,xxx
54487,xxx
54488,xxx
54489,xxx
54490,xxx
54491,xxx
54492,xxx
54493,xxx
54494,xxx
54495,xxx
54496,xxx
54497,xxx
54498,xxx
54499,за́рядьци
54500,за́рядьцъ
54501,за́рядьци
54502,за́рядьками
54503,за́рѣ
54504,за́рѫ
54505,за́раю
54506,за́р
54507,за́рамъ
54508,за́сик
54509,за́сикамъ
54510,за́сѣками
54511,xxx
54512,xxx
54513,xxx
54514,застёжка-малниа́
54515,за́стёжка-малниѣ
54516,за́стёжка-малнии
54517,застёжка-мални́
54518,застёжка-мални́амъ
54519,застёжка-мални́ы
54520,застёжка-мални́ы
54521,xxx
54522,xxx
54523,xxx
54524,xxx
54525,xxx
54526,xxx
54527,xxx
54528,xxx
54529,xxx
54530,xxx
54531,xxx
54532,xxx
54533,xxx
54534,xxx
54535,xxx
54536,xxx
54537,xxx
54538,xxx
54539,xxx
54540,xxx
54541,xxx
54542,зда́ниа
54543,здани́а
54544,здани́
54545,зда́ниы
54546,xxx
54547,xxx
54548,xxx
54549,земледелио́
54550,земледели́и
54551,зе́мледелиы
54552,xxx
54553,xxx
54554,xxx
54555,xxx
54556,xxx
54557,xxx
54558,xxx
54559,xxx
54560,зи́мавщици
54561,зимавщицѣ́хъ
54562,xxx
54563,знакамство́
54564,знако́мства
54565,знакамствѣ́хъ
54566,зна́ниѣ
54567,знани́амъ
54568,знато́к
54569,зна́такамь
54570,знато́кы
54571,значенио́
54572,зна́чениу
54573,значени́амъ
54574,значени́а
54575,значо́ка
54576,значо́кѣ
54577,значо́кѣ
54578,значако́мъ
54579,xxx
54580,xxx
54581,xxx
54582,xxx
54583,заапа́рька
54584,заапа́рьцъ
54585,заапа́рькъ
54586,зо́апарькы
54587,зрачаку́
54588,зрачако́мъ
54589,зра́чакы
54590,зра́чакы
54591,xxx
54592,xxx
54593,xxx
54594,xxx
54595,xxx
54596,xxx
54597,xxx
54598,xxx
54599,xxx
54600,xxx
54601,xxx
54602,xxx
54603,xxx
54604,xxx
54605,xxx
54606,xxx
54607,xxx
54608,xxx
54609,xxx
54610,xxx
54611,xxx
54612,xxx
54613,xxx
54614,xxx
54615,xxx
54616,xxx
54617,и́зрека
54618,и́зрек
54619,и́зрек
54620,и́зраки
54621,и́зраки
54622,и́зракамъ
54623,изракѣ́хъ
54624,и́зрушьцаю
54625,и́зрушькы
54626,и́зрушьцамъ
54627,и́деѣ
54628,и́деи
54629,иде́
54630,иде́ы
54631,и́деами
54632,xxx
54633,xxx
54634,извести́а
54635,известио́
54636,и́звестиы
54637,xxx
54638,xxx
54639,xxx
54640,xxx
54641,xxx
54642,xxx
54643,xxx
54644,xxx
54645,и́зделиа
54646,и́зделиу
54647,и́зделиамь
54648,и́зделиѣ
54649,излажени́амь
54650,излажени́
54651,и́зменениамь
54652,и́зменениѣ
54653,и́зменениа
54654,и́зменениамъ
54655,и́зменениа
54656,xxx
54657,и́зучениу
54658,и́зучениа
54659,изучениѣ́хъ
54660,xxx
54661,xxx
54662,xxx
54663,xxx
54664,xxx
54665,xxx
54666,xxx
54667,xxx
54668,xxx
54669,xxx
54670,xxx
54671,xxx
54672,xxx
54673,xxx
54674,xxx
54675,xxx
54676,xxx
54677,xxx
54678,xxx
54679,xxx
54680,xxx
54681,xxx
54682,xxx
54683,xxx
54684,xxx
54685,xxx
54686,xxx
54687,xxx
54688,xxx
54689,xxx
54690,инструкци́ы
54691,инструкциѣ́
54692,и́нструкциаю
54693,и́нструкциы
54694,и́нструкциы
54695,инструкциа́хъ
54696,инструментари́а
54697,и́нструментариамь
54698,инструментариѣ́хъ
54699,xxx
54700,xxx
54701,xxx
54702,xxx
54703,xxx
54704,и́нфляциа
54705,и́нфляциы
54706,и́нфляциы
54707,инфляциа́хъ
54708,xxx
54709,xxx
54710,xxx
54711,xxx
54712,xxx
54713,xxx
54714,и́сключѣниѣ
54715,xxx
54716,xxx
54717,xxx
54718,xxx
54719,и́старица
54720,и́старица
54721,и́старицу
54722,и́стариц
54723,и́стариы
54724,и́стариы
54725,и́стариы
54726,и́стариами
54727,xxx
54728,xxx
54729,xxx
54730,xxx
54731,ито́г
54732,ито́га
54733,ито́га
54734,и́тагамь
54735,и́таги
54736,ито́гы
54737,xxx
54738,xxx
54739,xxx
54740,xxx
54741,xxx
54742,xxx
54743,ка́блукамь
54744,ка́блуки
54745,ка́блукы
54746,ка́блукы
54747,xxx
54748,xxx
54749,xxx
54750,xxx
54751,xxx
54752,xxx
54753,ка́литьцъ
54754,ка́литьци
54755,xxx
54756,xxx
54757,xxx
54758,xxx
54759,xxx
54760,ка́марькѫ
54761,ка́марьки
54762,ка́марьци
54763,ка́марьцамъ
54764,ка́марьками
54765,xxx
54766,xxx
54767,xxx
54768,xxx
54769,xxx
54770,xxx
54771,xxx
54772,xxx
54773,xxx
54774,карты́ы
54775,картѫ́
54776,картѣ́ѣ
54777,картъ
54778,карты́ы
54779,ка́ртами
54780,xxx
54781,картиньца́
54782,карти́нькѫ
54783,ка́ртачьци
54784,картачько́ю
54785,ка́ртачьци
54786,карто́чькамъ
54787,ка́ртачьками
54788,карташьца́
54789,карташьцо́ю
54790,карто́шьцъ
54791,ка́сатьцѣ
54792,каса́тьцъ
54793,каса́тьцамъ
54794,каса́тькы
54795,касъсѣ́
54796,касъсѣ́
54797,ка́съсами
54798,касъса́хъ
54799,xxx
54800,xxx
54801,ка́таку
54802,ка́такамь
54803,ка́такы
54804,xxx
54805,xxx
54806,xxx
54807,xxx
54808,xxx
54809,xxx
54810,xxx
54811,xxx
54812,xxx
54813,xxx
54814,xxx
54815,xxx
54816,xxx
54817,xxx
54818,xxx
54819,xxx
54820,xxx
54821,xxx
54822,кефи́рѣ
54823,ки́ламетръ
54824,ки́ламетръ
54825,ки́ламетрѣ
54826,ки́ламетръ
54827,ки́ламетрамъ
54828,ки́ламетры
54829,ки́ламетры
54830,ки́асьцамь
54831,кио́ськы
54832,ки́асьци
54833,киасьцѣ́хъ
54834,xxx
54835,xxx
54836,ки́съти
54837,ки́сътии
54838,ки́сътьмъ
54839,кисътьхъ
54840,ки́ту
54841,ки́ти
54842,ки́т
54843,ки́тамъ
54844,ки́ты
54845,xxx
54846,xxx
54847,xxx
54848,xxx
54849,xxx
54850,xxx
54851,кла́да
54852,кла́ды
54853,кладѣ́хъ
54854,xxx
54855,xxx
54856,кла́съсъ
54857,кла́съсъ
54858,кла́съсамь
54859,кла́съси
54860,кла́съсы
54861,клеёньца́
54862,кле́ёньцами
54863,клеёньца́хъ
54864,xxx
54865,xxx
54866,xxx
54867,xxx
54868,xxx
54869,xxx
54870,xxx
54871,xxx
54872,xxx
54873,кло́па
54874,кло́памь
54875,кло́п
54876,кло́пы
54877,клачо́к
54878,клачо́кы
54879,клу́бницѣ
54880,клу́бницѣ
54881,клу́бницѣ
54882,клу́бници
54883,клу́бници
54884,клубо́к
54885,клубако́мъ
54886,xxx
54887,xxx
54888,xxx
54889,xxx
54890,кну́ти
54891,кну́т
54892,кну́т
54893,кну́тамъ
54894,кну́ты
54895,xxx
54896,xxx
54897,xxx
54898,xxx
54899,кабыла́
54900,кабыло́ю
54901,ко́былы
54902,кабы́л
54903,кабы́лы
54904,ко́былами
54905,xxx
54906,xxx
54907,xxx
54908,xxx
54909,xxx
54910,xxx
54911,xxx
54912,ко́дѣ
54913,ко́дамъ
54914,ко́дамъ
54915,ко́дамъ
54916,кадѣ́хъ
54917,казырё́к
54918,казырё́к
54919,казырё́ка
54920,казырё́ка
54921,казырё́кѣ
54922,казырёко́мъ
54923,ко́зырёкы
54924,xxx
54925,xxx
54926,xxx
54927,xxx
54928,xxx
54929,xxx
54930,xxx
54931,xxx
54932,xxx
54933,xxx
54934,каллекциа́
54935,ко́ллекции
54936,каллекци́ахъ
54937,xxx
54938,xxx
54939,калпа́кы
54940,xxx
54941,xxx
54942,xxx
54943,ко́лясьци
54944,каля́сьци
54945,xxx
54946,xxx
54947,камедиа́
54948,камеди́
54949,камеди́ахъ
54950,xxx
54951,xxx
54952,xxx
54953,xxx
54954,xxx
54955,xxx
54956,xxx
54957,xxx
54958,xxx
54959,xxx
54960,кампазито́ры
54961,xxx
54962,xxx
54963,xxx
54964,xxx
54965,xxx
54966,xxx
54967,xxx
54968,xxx
54969,xxx
54970,xxx
54971,xxx
54972,xxx
54973,ко́ндицианери
54974,кандициане́ры
54975,кандициане́ры
54976,ко́ндицианеры
54977,ко́ндицианеры
54978,кандицианерѣ́хъ
54979,xxx
54980,xxx
54981,xxx
54982,xxx
54983,xxx
54984,xxx
54985,xxx
54986,xxx
54987,xxx
54988,xxx
54989,xxx
54990,xxx
54991,ко́нюшны
54992,каню́шнъ
54993,каню́шны
54994,ко́пейьцѣ
54995,капе́йькъ
54996,xxx
54997,xxx
54998,капчицу́
54999,капчи́цѣ
55000,капчи́ц
55001,капчицо́мъ
55002,ко́рзинѣ
55003,ко́рзинаю
55004,ко́рзинаю
55005,ко́рзины
55006,ко́рзины
55007,карзина́хъ
55008,xxx
55009,xxx
55010,ко́рмушьцѣ
55011,ко́рмушькаю
55012,ко́рмушьци
55013,кармушька́хъ
55014,xxx
55015,xxx
55016,xxx
55017,xxx
55018,xxx
55019,xxx
55020,xxx
55021,xxx
55022,xxx
55023,xxx
55024,касатька́
55025,ко́сатьцаю
55026,xxx
55027,xxx
55028,xxx
55029,xxx
55030,xxx
55031,xxx
55032,xxx
55033,xxx
55034,кастю́ма
55035,кастюмо́мъ
55036,кастю́мы
55037,кастюмѣ́хъ
55038,кастя́ка
55039,кастяко́мъ
55040,кастя́кы
55041,кастя́кы
55042,касы́ньцѣ
55043,касы́нькъ
55044,касыньца́мъ
55045,касы́ньци
55046,xxx
55047,xxx
55048,ко́тамъ
55049,ко́ты
55050,катѣ́хъ
55051,xxx
55052,xxx
55053,xxx
55054,xxx
55055,ко́фъты
55056,ко́фъты
55057,ко́фтачькы
55058,кафто́чьцъ
55059,кафтачьца́мъ
55060,ко́фтачьцами
55061,xxx
55062,xxx
55063,xxx
55064,xxx
55065,xxx
55066,xxx
55067,xxx
55068,xxx
55069,xxx
55070,xxx
55071,xxx
55072,кра́бу
55073,кра́бѣ
55074,кра́бы
55075,xxx
55076,xxx
55077,xxx
55078,xxx
55079,xxx
55080,xxx
55081,xxx
55082,xxx
55083,кре́ветьцѣ
55084,xxx
55085,xxx
55086,xxx
55087,xxx
55088,xxx
55089,xxx
55090,xxx
55091,xxx
55092,крали́ц
55093,кралицу́
55094,кро́лици
55095,крали́ц
55096,крали́ци
55097,крали́ци
55098,кро́т
55099,кро́ту
55100,кро́т
55101,кро́тамь
55102,кро́ты
55103,xxx
55104,xxx
55105,xxx
55106,xxx
55107,кружо́к
55108,кружо́кы
55109,кружо́кы
55110,кружакѣ́хъ
55111,xxx
55112,xxx
55113,xxx
55114,xxx
55115,xxx
55116,xxx
55117,xxx
55118,xxx
55119,xxx
55120,xxx
55121,xxx
55122,ку́кушьками
55123,кукушьца́хъ
55124,xxx
55125,xxx
55126,xxx
55127,xxx
55128,xxx
55129,xxx
55130,xxx
55131,xxx
55132,ку́сак
55133,ку́сакы
55134,ку́сакы
55135,кусакѣ́хъ
55136,ку́стица
55137,ку́стицѣ
55138,ку́стици
55139,ку́стиц
55140,кустицѣ́хъ
55141,ку́сътъ
55142,ку́сътамь
55143,ку́съти
55144,кусътѣ́хъ
55145,xxx
55146,xxx
55147,xxx
55148,xxx
55149,xxx
55150,xxx
55151,xxx
55152,xxx
55153,xxx
55154,xxx
55155,xxx
55156,xxx
55157,лампачьца́
55158,ла́мпачьци
55159,ла́мпачьки
55160,лампо́чьци
55161,xxx
55162,xxx
55163,xxx
55164,xxx
55165,xxx
55166,xxx
55167,xxx
55168,xxx
55169,xxx
55170,xxx
55171,xxx
55172,xxx
55173,xxx
55174,ластачьца́
55175,ла́стачьцѣ
55176,ла́стачьци
55177,ласто́чькамъ
55178,ле́йька
55179,ле́йьци
55180,ле́йьцѫ
55181,ле́йьци
55182,ле́йьками
55183,лейька́хъ
55184,xxx
55185,xxx
55186,xxx
55187,xxx
55188,ле́пестак
55189,ле́пестакы
55190,ле́сбияньцѣ
55191,ле́сбиянькамъ
55192,лесбиянька́хъ
55193,xxx
55194,xxx
55195,xxx
55196,xxx
55197,лётчи́ца
55198,лё́тчицамь
55199,лё́тчицамь
55200,лётчи́цѣ
55201,лётчи́цѣ
55202,лётчи́ци
55203,лётчи́ци
55204,xxx
55205,xxx
55206,xxx
55207,xxx
55208,xxx
55209,xxx
55210,xxx
55211,xxx
55212,xxx
55213,xxx
55214,xxx
55215,xxx
55216,xxx
55217,xxx
55218,xxx
55219,xxx
55220,xxx
55221,ли́шениамь
55222,ли́шениа
55223,лишени́
55224,лишенио́мъ
55225,лабо́ка
55226,лабо́ка
55227,лабо́к
55228,лабо́к
55229,лабакѣ́хъ
55230,xxx
55231,ло́дьцѣ
55232,ло́дьци
55233,ло́дьцами
55234,ло́жьцѫ
55235,ло́жьци
55236,ло́жьци
55237,xxx
55238,xxx
55239,xxx
55240,xxx
55241,xxx
55242,xxx
55243,xxx
55244,xxx
55245,xxx
55246,xxx
55247,xxx
55248,xxx
55249,xxx
55250,xxx
55251,xxx
55252,xxx
55253,xxx
55254,xxx
55255,xxx
55256,xxx
55257,xxx
55258,xxx
55259,xxx
55260,xxx
55261,xxx
55262,xxx
55263,xxx
55264,лато́ка
55265,лато́ка
55266,ло́такамь
55267,лато́кѣ
55268,ло́таки
55269,лато́кы
55270,латакѣ́хъ
55271,xxx
55272,xxx
55273,xxx
55274,xxx
55275,xxx
55276,xxx
55277,xxx
55278,xxx
55279,xxx
55280,xxx
55281,xxx
55282,xxx
55283,ля́гушькы
55284,ля́гушьцѣ
55285,ля́гушьцѣ
55286,лягу́шьцъ
55287,лягу́шьцамъ
55288,магазино́мъ
55289,ма́ги
55290,ма́гиами
55291,xxx
55292,xxx
55293,xxx
55294,ма́йькы
55295,ма́йьцѣ
55296,ма́йькѫ
55297,ма́йьцаю
55298,xxx
55299,xxx
55300,xxx
55301,xxx
55302,xxx
55303,мальчи́ц
55304,мальчи́ц
55305,мальчицо́мъ
55306,мальчицѣ́хъ
55307,мамачьца́
55308,ма́мачькы
55309,мамо́чьцѫ
55310,мамо́чьци
55311,ма́мачьками
55312,xxx
55313,xxx
55314,ма́рьца
55315,ма́рьки
55316,ма́рьцамъ
55317,xxx
55318,xxx
55319,xxx
55320,xxx
55321,xxx
55322,xxx
55323,xxx
55324,xxx
55325,xxx
55326,xxx
55327,xxx
55328,xxx
55329,xxx
55330,xxx
55331,xxx
55332,матѣрицо́мъ
55333,xxx
55334,xxx
55335,xxx
55336,xxx
55337,xxx
55338,махинациѣ́
55339,махинациѫ́
55340,махинаци́ѣ
55341,ма́хинациы
55342,махинациа́мъ
55343,ма́хинациами
55344,мая́ка
55345,ма́якамь
55346,мая́кѣ
55347,мая́к
55348,xxx
55349,xxx
55350,xxx
55351,меду́зы
55352,меду́зы
55353,медуза́хъ
55354,xxx
55355,xxx
55356,xxx
55357,ме́ждаметиы
55358,мело́чи
55359,мело́чи
55360,мело́чи
55361,мело́чи
55362,ме́лачьми
55363,xxx
55364,xxx
55365,xxx
55366,xxx
55367,xxx
55368,xxx
55369,xxx
55370,xxx
55371,xxx
55372,xxx
55373,xxx
55374,xxx
55375,xxx
55376,xxx
55377,xxx
55378,xxx
55379,xxx
55380,xxx
55381,xxx
55382,xxx
55383,xxx
55384,мешо́ка
55385,мешо́ка
55386,мешакѣ́хъ
55387,мешакѣ́хъ
55388,мизрациѣ́
55389,ми́зрациаю
55390,мизраци́ѣ
55391,ми́зрациы
55392,мизрациа́хъ
55393,xxx
55394,xxx
55395,xxx
55396,xxx
55397,xxx
55398,ми́лициа
55399,ми́лициа
55400,ми́лициѣ
55401,ми́лициамъ
55402,милициа́хъ
55403,ми́ласердиа
55404,ми́ласердиа
55405,ми́ласердиамъ
55406,ми́ласердиа
55407,ми́ласердиа
55408,xxx
55409,xxx
55410,xxx
55411,xxx
55412,xxx
55413,xxx
55414,xxx
55415,xxx
55416,ми́нутачьцаю
55417,ми́нутачькы
55418,минутачьца́хъ
55419,мину́иши
55420,мину́ить
55421,мину́ать
55422,минуло́
55423,минули́
55424,xxx
55425,мнениу́
55426,мненио́
55427,мнени́ѣ
55428,мнениѣ́хъ
55429,xxx
55430,мо́зжечакамь
55431,xxx
55432,xxx
55433,xxx
55434,xxx
55435,xxx
55436,xxx
55437,xxx
55438,xxx
55439,xxx
55440,xxx
55441,xxx
55442,xxx
55443,маря́ка
55444,маря́к
55445,маря́ки
55446,маря́к
55447,xxx
55448,xxx
55449,мра́к
55450,мра́ки
55451,мра́ки
55452,мра́камъ
55453,мра́кы
55454,мракѣ́хъ
55455,мудаку́
55456,му́даки
55457,му́дакы
55458,xxx
55459,xxx
55460,xxx
55461,xxx
55462,xxx
55463,xxx
55464,xxx
55465,xxx
55466,xxx
55467,xxx
55468,xxx
55469,xxx
55470,xxx
55471,xxx
55472,xxx
55473,на́влачьци
55474,на́влачьки
55475,на́валачьцѣ
55476,на́влачьки
55477,на́влачьцами
55478,на́валачьцами
55479,xxx
55480,xxx
55481,xxx
55482,xxx
55483,xxx
55484,xxx
55485,xxx
55486,xxx
55487,xxx
55488,xxx
55489,xxx
55490,накалька́
55491,накальцѣ́
55492,нако́льцѣ
55493,нако́льцъ
55494,нако́лькъ
55495,наличио́
55496,налагу́
55497,на́лагамь
55498,на́лагы
55499,xxx
55500,xxx
55501,xxx
55502,xxx
55503,xxx
55504,xxx
55505,намё́к
55506,на́мёкамь
55507,намё́к
55508,намёкѣ́хъ
55509,xxx
55510,xxx
55511,xxx
55512,xxx
55513,xxx
55514,xxx
55515,xxx
55516,xxx
55517,xxx
55518,xxx
55519,xxx
55520,xxx
55521,xxx
55522,xxx
55523,xxx
55524,насмо́рьцъ
55525,насмо́рька
55526,на́смарьци
55527,насмо́рьцъ
55528,xxx
55529,xxx
55530,xxx
55531,xxx
55532,наука́
55533,наукѫ́
55534,нау́к
55535,нау́кы
55536,на́уками
55537,xxx
55538,xxx
55539,xxx
55540,xxx
55541,xxx
55542,наци́ѣ
55543,на́циы
55544,нациа́хъ
55545,на́чинькы
55546,на́чиньки
55547,начи́ньцъ
55548,xxx
55549,xxx
55550,xxx
55551,xxx
55552,xxx
55553,недаверио́
55554,не́давериу
55555,не́давериы
55556,xxx
55557,xxx
55558,xxx
55559,xxx
55560,xxx
55561,xxx
55562,не́крамантъ
55563,не́краманти
55564,не́крамантамъ
55565,не́краманты
55566,xxx
55567,xxx
55568,xxx
55569,xxx
55570,не́пристайнасътьѭ
55571,xxx
55572,xxx
55573,xxx
55574,xxx
55575,xxx
55576,xxx
55577,xxx
55578,xxx
55579,xxx
55580,xxx
55581,xxx
55582,xxx
55583,xxx
55584,xxx
55585,xxx
55586,xxx
55587,xxx
55588,xxx
55589,xxx
55590,xxx
55591,xxx
55592,xxx
55593,насаку́
55594,насо́к
55595,но́саки
55596,xxx
55597,xxx
55598,xxx
55599,xxx
55600,xxx
55601,xxx
55602,xxx
55603,xxx
55604,xxx
55605,xxx
55606,xxx
55607,xxx
55608,xxx
55609,xxx
55610,xxx
55611,xxx
55612,xxx
55613,xxx
55614,xxx
55615,абитанио́
55616,о́битаниамь
55617,абитани́
55618,о́битаниы
55619,абитаниѣ́хъ
55620,xxx
55621,о́блака
55622,о́блаку
55623,о́блакѣ
55624,о́блак
55625,о́блакамъ
55626,аблакѣ́хъ
55627,xxx
55628,xxx
55629,xxx
55630,xxx
55631,xxx
55632,xxx
55633,xxx
55634,xxx
55635,xxx
55636,xxx
55637,xxx
55638,xxx
55639,xxx
55640,xxx
55641,xxx
55642,xxx
55643,xxx
55644,xxx
55645,абстаятельство́
55646,абстаятельству́
55647,о́бстаятельствамь
55648,абстаятельство́мъ
55649,абстаятельство́мъ
55650,о́бстаятельствы
55651,xxx
55652,xxx
55653,xxx
55654,о́бустрайству
55655,абустро́йства
55656,абустро́йствихъ
55657,xxx
55658,xxx
55659,xxx
55660,xxx
55661,xxx
55662,xxx
55663,о́бъятиы
55664,абъятиѣ́хъ
55665,абязате́льствъ
55666,абязательство́мъ
55667,абязате́льства
55668,аво́щѣ
55669,аво́щ
55670,аващо́мъ
55671,xxx
55672,xxx
55673,xxx
55674,xxx
55675,xxx
55676,xxx
55677,xxx
55678,xxx
55679,xxx
55680,xxx
55681,xxx
55682,аграничени́а
55683,xxx
55684,xxx
55685,xxx
55686,xxx
55687,xxx
55688,адиначество́
55689,адиначествъ
55690,о́диначествы
55691,xxx
55692,xxx
55693,xxx
55694,xxx
55695,xxx
55696,xxx
55697,xxx
55698,xxx
55699,xxx
55700,xxx
55701,xxx
55702,xxx
55703,xxx
55704,xxx
55705,xxx
55706,акашьцо́
55707,ако́шьцъ
55708,ако́шьца
55709,ако́шьцѣхъ
55710,о́кунь
55711,о́куни
55712,о́куньѭ
55713,о́куни
55714,о́куни
55715,о́куни
55716,аливьца́
55717,али́вькѫ
55718,о́ливьки
55719,али́вьцъ
55720,али́вьцъ
55721,али́вьци
55722,али́вьцахъ
55723,xxx
55724,xxx
55725,xxx
55726,xxx
55727,xxx
55728,xxx
55729,xxx
55730,xxx
55731,xxx
55732,xxx
55733,арбитѣ́
55734,арбитѣ́
55735,о́рбиты
55736,арби́ты
55737,арбита́хъ
55738,xxx
55739,xxx
55740,xxx
55741,xxx
55742,xxx
55743,арашѣни́амь
55744,о́рашѣниа
55745,о́рашиниа
55746,арашини́амъ
55747,арашини́а
55748,арашѣни́ѣхъ
55749,о́рудиа
55750,о́рудиы
55751,аружио́
55752,о́ружиу
55753,аружи́а
55754,о́ружиы
55755,о́ружиы
55756,арфаграфиа́
55757,арфаграфиѫ́
55758,о́рфаграфиы
55759,арфаграфи́ы
55760,xxx
55761,xxx
55762,xxx
55763,xxx
55764,xxx
55765,xxx
55766,xxx
55767,xxx
55768,xxx
55769,xxx
55770,xxx
55771,xxx
55772,xxx
55773,xxx
55774,xxx
55775,xxx
55776,xxx
55777,xxx
55778,xxx
55779,xxx
55780,xxx
55781,xxx
55782,xxx
55783,xxx
55784,xxx
55785,xxx
55786,xxx
55787,xxx
55788,xxx
55789,xxx
55790,xxx
55791,xxx
55792,xxx
55793,xxx
55794,xxx
55795,о́тдых
55796,о́тдых
55797,о́тдыхамь
55798,о́тдыхи
55799,о́тдых
55800,атдыхѣ́хъ
55801,xxx
55802,xxx
55803,xxx
55804,xxx
55805,xxx
55806,о́течеству
55807,о́течеству
55808,о́течествѣ
55809,о́течествамъ
55810,о́течествамъ
55811,о́течества
55812,о́ткрытиу
55813,о́ткрытиа
55814,о́ткрыти
55815,атличио́мъ
55816,атличи́а
55817,о́тличиы
55818,xxx
55819,xxx
55820,атправитѣ́ль
55821,атправитѣ́ли
55822,о́тправитѣльми
55823,атправитѣ́льхъ
55824,xxx
55825,xxx
55826,xxx
55827,о́трицаниа
55828,о́трицаниамь
55829,о́трицаниамь
55830,о́трицаниа
55831,атрыво́к
55832,атрыво́ка
55833,атрываку́
55834,атрываку́
55835,атрыво́к
55836,атрывакѣ́хъ
55837,xxx
55838,xxx
55839,xxx
55840,xxx
55841,xxx
55842,xxx
55843,xxx
55844,о́тсутстви
55845,о́тсутствиа
55846,xxx
55847,xxx
55848,xxx
55849,xxx
55850,xxx
55851,xxx
55852,xxx
55853,xxx
55854,xxx
55855,аце́ньцѫ
55856,о́ценьци
55857,xxx
55858,xxx
55859,xxx
55860,xxx
55861,xxx
55862,xxx
55863,xxx
55864,xxx
55865,па́дла
55866,па́длы
55867,па́длами
55868,па́длами
55869,па́дламь
55870,па́длы
55871,паё́ка
55872,па́ёкы
55873,xxx
55874,xxx
55875,xxx
55876,xxx
55877,xxx
55878,па́латьцѣ
55879,па́латьцѣ
55880,па́латьки
55881,па́латьцамъ
55882,xxx
55883,xxx
55884,xxx
55885,xxx
55886,xxx
55887,xxx
55888,xxx
55889,xxx
55890,xxx
55891,xxx
55892,xxx
55893,xxx
55894,xxx
55895,xxx
55896,xxx
55897,xxx
55898,xxx
55899,xxx
55900,xxx
55901,xxx
55902,xxx
55903,xxx
55904,xxx
55905,xxx
55906,па́ртиы
55907,па́ртиаю
55908,па́ртии
55909,па́ртиы
55910,па́ртиы
55911,па́рти
55912,па́ртиамъ
55913,партиа́хъ
55914,xxx
55915,xxx
55916,xxx
55917,xxx
55918,xxx
55919,xxx
55920,xxx
55921,xxx
55922,xxx
55923,xxx
55924,xxx
55925,xxx
55926,xxx
55927,xxx
55928,xxx
55929,xxx
55930,xxx
55931,xxx
55932,xxx
55933,xxx
55934,пашна́
55935,пашнѫ́
55936,пашна́хъ
55937,xxx
55938,xxx
55939,xxx
55940,пе́йзажамь
55941,пейза́ж
55942,пейзажѣ́хъ
55943,xxx
55944,xxx
55945,xxx
55946,пе́нсиаю
55947,пе́нсиы
55948,пенсиа́мъ
55949,xxx
55950,xxx
55951,пепельни́ци
55952,пепельницѣ́
55953,пепельни́ц
55954,пепельница́хъ
55955,пе́рвенствамь
55956,перве́нствѣ
55957,перве́нствъ
55958,первенствѣ́хъ
55959,первенствѣ́хъ
55960,прѣ́бежчици
55961,пе́ребежчици
55962,xxx
55963,xxx
55964,перевадчи́ц
55965,прѣвадчицо́мъ
55966,привадчицо́мъ
55967,перевадчи́ци
55968,xxx
55969,xxx
55970,xxx
55971,xxx
55972,xxx
55973,xxx
55974,прѣ́градькѫ
55975,прѣ́градьцаю
55976,прѣ́градькаю
55977,прѣ́градьки
55978,прѣ́градьцъ
55979,прѣ́градькы
55980,прѣ́градьками
55981,xxx
55982,xxx
55983,xxx
55984,xxx
55985,xxx
55986,xxx
55987,xxx
55988,xxx
55989,xxx
55990,xxx
55991,xxx
55992,пѣ́рѣкрёстакамь
55993,прикрёсто́к
55994,xxx
55995,xxx
55996,xxx
55997,xxx
55998,xxx
55999,xxx
56000,xxx
56001,прѣсадьца́
56002,пересадьца́
56003,прѣ́садьки
56004,xxx
56005,прѣ́страйька
56006,пе́рестрайьци
56007,xxx
56008,xxx
56009,xxx
56010,xxx
56011,xxx
56012,xxx
56013,xxx
56014,xxx
56015,xxx
56016,xxx
56017,xxx
56018,xxx
56019,xxx
56020,xxx
56021,xxx
56022,xxx
56023,xxx
56024,xxx
56025,xxx
56026,xxx
56027,xxx
56028,пе́рчатьци
56029,перча́тьцъ
56030,перчатьца́хъ
56031,xxx
56032,xxx
56033,xxx
56034,петициа́
56035,петици́ы
56036,петициѣ́
56037,пе́тициы
56038,xxx
56039,пѣ́тух
56040,пѣ́туха
56041,пѣ́тухамь
56042,пѣ́тухи
56043,пѣ́тухи
56044,питухѣ́хъ
56045,xxx
56046,xxx
56047,xxx
56048,xxx
56049,xxx
56050,пи́джакамь
56051,xxx
56052,xxx
56053,xxx
56054,xxx
56055,xxx
56056,xxx
56057,xxx
56058,xxx
56059,xxx
56060,xxx
56061,xxx
56062,пиражо́к
56063,пиражо́к
56064,пиражо́к
56065,пи́ражаки
56066,пиражо́к
56067,пиражако́мъ
56068,пиражо́кы
56069,пи́сакы
56070,пи́сакѣ
56071,xxx
56072,xxx
56073,xxx
56074,xxx
56075,xxx
56076,xxx
56077,xxx
56078,xxx
56079,xxx
56080,xxx
56081,xxx
56082,пиявьцѣ́
56083,пи́явьци
56084,xxx
56085,xxx
56086,пламѫ́
56087,пла́мы
56088,xxx
56089,xxx
56090,плато́к
56091,плато́к
56092,плато́ка
56093,пла́таки
56094,платако́мъ
56095,пла́такы
56096,платакѣ́хъ
56097,xxx
56098,xxx
56099,xxx
56100,xxx
56101,xxx
56102,xxx
56103,xxx
56104,xxx
56105,xxx
56106,xxx
56107,xxx
56108,xxx
56109,xxx
56110,xxx
56111,плаща́дьци
56112,плащадьцѣ́
56113,плаща́дьки
56114,плащадьца́мъ
56115,плаща́дьци
56116,пло́щадьцами
56117,плащадьца́хъ
56118,xxx
56119,xxx
56120,xxx
56121,xxx
56122,xxx
56123,xxx
56124,xxx
56125,пабедители́
56126,по́бедители
56127,пабедите́лии
56128,по́бедительми
56129,пабрижьо́
56130,по́бережьѣ
56131,по́бережьы
56132,по́брижьы
56133,xxx
56134,xxx
56135,xxx
56136,по́вадака
56137,по́вадакѣ
56138,по́вадакѣ
56139,по́вадаки
56140,павадакѣ́хъ
56141,павязьца́
56142,павязьцѫ́
56143,по́вязьками
56144,павязьца́хъ
56145,xxx
56146,xxx
56147,xxx
56148,xxx
56149,xxx
56150,xxx
56151,xxx
56152,xxx
56153,по́дбрадаки
56154,падбрадо́к
56155,падбрадако́мъ
56156,xxx
56157,xxx
56158,по́двязьци
56159,по́двязьцѣ
56160,по́двязькѫ
56161,по́двязькаю
56162,по́двязькъ
56163,по́двязьцами
56164,падвязьца́хъ
56165,падвязька́хъ
56166,падгато́вьци
56167,падгато́вьци
56168,по́дгатавьци
56169,падгато́вьци
56170,xxx
56171,xxx
56172,xxx
56173,xxx
56174,xxx
56175,xxx
56176,xxx
56177,xxx
56178,xxx
56179,падняти́а
56180,паднятиу́
56181,по́днятиамь
56182,паднятио́мъ
56183,xxx
56184,xxx
56185,xxx
56186,xxx
56187,xxx
56188,xxx
56189,xxx
56190,xxx
56191,xxx
56192,xxx
56193,xxx
56194,xxx
56195,xxx
56196,xxx
56197,xxx
56198,xxx
56199,xxx
56200,пазвано́ка
56201,пазвано́кѣ
56202,по́званаки
56203,пазвано́к
56204,xxx
56205,xxx
56206,xxx
56207,xxx
56208,xxx
56209,xxx
56210,xxx
56211,xxx
56212,xxx
56213,xxx
56214,паказате́ли
56215,паказатели́
56216,паказате́ль
56217,паказате́лии
56218,паказате́ли
56219,паказате́льхъ
56220,xxx
56221,xxx
56222,xxx
56223,xxx
56224,xxx
56225,xxx
56226,xxx
56227,xxx
56228,xxx
56229,по́литрука
56230,по́литрук
56231,по́литруки
56232,по́литрукы
56233,палитрукѣ́хъ
56234,по́лнамачиа
56235,палнамачи́амъ
56236,xxx
56237,xxx
56238,xxx
56239,xxx
56240,xxx
56241,xxx
56242,xxx
56243,по́латенцѣ
56244,пла́тенца
56245,пла́тенци
56246,xxx
56247,xxx
56248,xxx
56249,xxx
56250,xxx
56251,xxx
56252,xxx
56253,xxx
56254,xxx
56255,xxx
56256,по́ляка
56257,по́ляк
56258,по́лякамь
56259,по́ляки
56260,по́лякы
56261,палякѣ́хъ
56262,памеха́
56263,по́мехаю
56264,xxx
56265,xxx
56266,xxx
56267,xxx
56268,xxx
56269,xxx
56270,xxx
56271,xxx
56272,паниманио́
56273,паниманиу́
56274,по́ниманиа
56275,xxx
56276,xxx
56277,xxx
56278,по́няти
56279,по́нятиа
56280,панятиѣ́хъ
56281,панятиѣ́хъ
56282,xxx
56283,по́печители
56284,по́печителии
56285,папутчицу́
56286,папутчицѣ́хъ
56287,xxx
56288,xxx
56289,xxx
56290,xxx
56291,пра́гу
56292,пра́гу
56293,пра́г
56294,пра́г
56295,xxx
56296,xxx
56297,xxx
56298,xxx
56299,xxx
56300,xxx
56301,xxx
56302,xxx
56303,xxx
56304,xxx
56305,xxx
56306,xxx
56307,парциа́
56308,по́рциы
56309,парци́
56310,парци́ы
56311,парци́ахъ
56312,пасадьца́
56313,пасадькѫ́
56314,по́садьцаю
56315,паса́дьцѣ
56316,пасадька́мъ
56317,паследстви́амъ
56318,xxx
56319,xxx
56320,пасабио́
56321,пасаби́а
56322,пасабио́
56323,пасабио́мъ
56324,пасабио́мъ
56325,пасаби́а
56326,xxx
56327,xxx
56328,xxx
56329,xxx
56330,по́ступакамь
56331,по́ступаки
56332,по́ступакы
56333,xxx
56334,xxx
56335,xxx
56336,xxx
56337,xxx
56338,xxx
56339,патла́ки
56340,паталако́мъ
56341,патлакѣ́хъ
56342,патамаку́
56343,по́тамаки
56344,по́требители
56345,xxx
56346,xxx
56347,xxx
56348,xxx
56349,xxx
56350,xxx
56351,xxx
56352,xxx
56353,xxx
56354,xxx
56355,xxx
56356,xxx
56357,xxx
56358,xxx
56359,xxx
56360,xxx
56361,xxx
56362,xxx
56363,xxx
56364,xxx
56365,xxx
56366,xxx
56367,xxx
56368,xxx
56369,xxx
56370,xxx
56371,xxx
56372,xxx
56373,пра́вамь
56374,пра́вамь
56375,правѣ́
56376,право́
56377,право́мъ
56378,пра́ва
56379,пра́здниц
56380,пра́здницамь
56381,пра́здниц
56382,пра́здници
56383,прѣвасхадство́
56384,прѣвасхо́дствамь
56385,прѣ́васхадствѣ
56386,прѣ́васхадства
56387,прѣвасхо́дствъ
56388,прѣвасхо́дства
56389,привасхо́дства
56390,прѣ́васхадствы
56391,прѣ́васхадствы
56392,xxx
56393,xxx
56394,xxx
56395,xxx
56396,xxx
56397,предло́га
56398,предлагу́
56399,предло́гѣ
56400,предло́гы
56401,предло́гы
56402,xxx
56403,xxx
56404,xxx
56405,предприяти́а
56406,предприятиу́
56407,предприятио́
56408,пре́дприятиа
56409,предприяти́
56410,предприяти́а
56411,предприяти́а
56412,прѣдсѣдатѣ́ли
56413,прѣдсѣдатѣ́льмъ
56414,прѣ́дсѣдатѣльми
56415,представите́ль
56416,представите́ли
56417,представите́ли
56418,представите́льхъ
56419,xxx
56420,xxx
56421,xxx
56422,xxx
56423,xxx
56424,xxx
56425,xxx
56426,xxx
56427,преминую́
56428,преминую́
56429,пре́минули
56430,премиа́
56431,пре́миѣ
56432,пре́миы
56433,преми́
56434,преми́амъ
56435,преми́амъ
56436,преми́ы
56437,препадавате́ль
56438,пре́падавательѭ
56439,пре́падаватели
56440,препадавате́лии
56441,препадавате́льмъ
56442,препадавате́льмъ
56443,xxx
56444,xxx
56445,xxx
56446,xxx
56447,пре́тензиы
56448,пре́тензии
56449,претензио́ю
56450,претензи́ахъ
56451,xxx
56452,xxx
56453,xxx
56454,xxx
56455,прививькѣ́
56456,при́вивьци
56457,прививьца́мъ
56458,приви́вьци
56459,привычьцѣ́
56460,привы́чьцъ
56461,привычьца́мъ
56462,призлашениу́
56463,xxx
56464,xxx
56465,xxx
56466,xxx
56467,xxx
56468,xxx
56469,xxx
56470,xxx
56471,xxx
56472,признаку́
56473,признако́мъ
56474,признакѣ́хъ
56475,xxx
56476,xxx
56477,xxx
56478,xxx
56479,xxx
56480,xxx
56481,xxx
56482,xxx
56483,xxx
56484,xxx
56485,xxx
56486,xxx
56487,xxx
56488,xxx
56489,xxx
56490,xxx
56491,xxx
56492,xxx
56493,xxx
56494,xxx
56495,xxx
56496,xxx
56497,xxx
56498,xxx
56499,xxx
56500,xxx
56501,xxx
56502,xxx
56503,xxx
56504,xxx
56505,xxx
56506,xxx
56507,xxx
56508,xxx
56509,про́дажами
56510,прада́жахъ
56511,xxx
56512,xxx
56513,xxx
56514,xxx
56515,xxx
56516,xxx
56517,xxx
56518,xxx
56519,xxx
56520,xxx
56521,xxx
56522,xxx
56523,xxx
56524,xxx
56525,xxx
56526,xxx
56527,xxx
56528,xxx
56529,xxx
56530,праизво́дствъ
56531,праизво́дства
56532,xxx
56533,xxx
56534,xxx
56535,xxx
56536,прасёло́к
56537,прасёло́ка
56538,про́сёлаки
56539,xxx
56540,xxx
56541,xxx
56542,xxx
56543,xxx
56544,xxx
56545,xxx
56546,xxx
56547,xxx
56548,xxx
56549,xxx
56550,xxx
56551,про́тивабарствамь
56552,про́тивабарстви
56553,про́тивабарствы
56554,пративадействи́амь
56555,пративадействи́амъ
56556,пративадействи́амъ
56557,про́тивадействиы
56558,про́тивадействиы
56559,про́тиваплажнасъти
56560,про́тиваплажнасътьѭ
56561,про́тиваплажнасъти
56562,про́тиваплажнасътьми
56563,пративарѣчио́
56564,про́тиварѣчиа
56565,пративаричи́а
56566,пративаричи́амь
56567,xxx
56568,xxx
56569,xxx
56570,xxx
56571,xxx
56572,xxx
56573,xxx
56574,xxx
56575,про́фессиѣ
56576,про́фессиамъ
56577,xxx
56578,xxx
56579,xxx
56580,xxx
56581,xxx
56582,xxx
56583,xxx
56584,xxx
56585,xxx
56586,xxx
56587,xxx
56588,xxx
56589,xxx
56590,xxx
56591,xxx
56592,про́щаниа
56593,про́щаниу
56594,про́щании
56595,про́щани
56596,про́щаниамъ
56597,про́щаниа
56598,про́щаниы
56599,пращаниѣ́хъ
56600,xxx
56601,xxx
56602,xxx
56603,xxx
56604,xxx
56605,xxx
56606,пря́ницамь
56607,пря́ницѣ
56608,пряницѣ́хъ
56609,пси́самь
56610,пси́сѣ
56611,пси́с
56612,птенецу́
56613,птене́ци
56614,птене́ц
56615,птенецѣ́хъ
56616,xxx
56617,пу́блица
56618,пу́блицѣ
56619,пу́блицѣ
56620,пу́блицами
56621,xxx
56622,xxx
56623,xxx
56624,xxx
56625,xxx
56626,xxx
56627,xxx
56628,xxx
56629,xxx
56630,xxx
56631,xxx
56632,xxx
56633,xxx
56634,xxx
56635,xxx
56636,xxx
56637,пу́рьзѣ
56638,пурьза́хъ
56639,xxx
56640,xxx
56641,xxx
56642,пу́тишиствиа
56643,пу́тѣшѣствиа
56644,xxx
56645,xxx
56646,xxx
56647,xxx
56648,xxx
56649,xxx
56650,xxx
56651,xxx
56652,xxx
56653,xxx
56654,xxx
56655,xxx
56656,xxx
56657,xxx
56658,xxx
56659,xxx
56660,xxx
56661,xxx
56662,xxx
56663,xxx
56664,пя́тёрьци
56665,пя́тёрьцѣ
56666,пя́тёрьци
56667,пя́тёрьцами
56668,пя́тёрьками
56669,пя́тна
56670,пя́тна
56671,xxx
56672,xxx
56673,xxx
56674,xxx
56675,xxx
56676,xxx
56677,xxx
56678,xxx
56679,xxx
56680,xxx
56681,xxx
56682,xxx
56683,xxx
56684,xxx
56685,xxx
56686,xxx
56687,разбарькѣ́
56688,разбо́рьцѣ
56689,разбо́рьки
56690,разбо́рьцъ
56691,разбо́рьцъ
56692,разбарьца́мъ
56693,разбарька́мъ
56694,ра́збарьцами
56695,развалина́
56696,ра́звалинѣ
56697,развали́н
56698,развали́ны
56699,ра́звалинами
56700,разведчицѣ́хъ
56701,ра́звитиа
56702,ра́звитиа
56703,ра́звитиа
56704,ра́звитиу
56705,ра́звитиамь
56706,xxx
56707,xxx
56708,xxx
56709,xxx
56710,xxx
56711,разгаво́р
56712,разгаво́ра
56713,ра́згаварамь
56714,ра́згавары
56715,различио́
56716,различиу́
56717,ра́зличиа
56718,различи́
56719,различио́мъ
56720,различиѣ́хъ
56721,различиѣ́хъ
56722,xxx
56723,xxx
56724,xxx
56725,xxx
56726,xxx
56727,xxx
56728,xxx
56729,xxx
56730,xxx
56731,xxx
56732,xxx
56733,xxx
56734,xxx
56735,xxx
56736,xxx
56737,ракушьца́
56738,xxx
56739,xxx
56740,xxx
56741,ра́мьцѣ
56742,ра́мьцѣ
56743,ра́мькъ
56744,ра́мькы
56745,ра́мьками
56746,рамьца́хъ
56747,xxx
56748,xxx
56749,xxx
56750,расписаниѣ́хъ
56751,xxx
56752,xxx
56753,xxx
56754,xxx
56755,xxx
56756,xxx
56757,xxx
56758,xxx
56759,xxx
56760,рассро́чьци
56761,рассрачьцѫ́
56762,ра́ссрачьцами
56763,xxx
56764,xxx
56765,xxx
56766,xxx
56767,xxx
56768,xxx
56769,xxx
56770,xxx
56771,xxx
56772,реакци́ѣ
56773,xxx
56774,xxx
56775,рѣвалюци́ы
56776,рѣ́валюциы
56777,ривалюциа́мъ
56778,редакцио́ю
56779,ре́дакциы
56780,рѣ́диськи
56781,рѣ́дисьцаю
56782,рѣ́диськаю
56783,рѣ́диськы
56784,ре́дьцѣ
56785,ре́дьцамъ
56786,ре́дьцами
56787,xxx
56788,xxx
56789,xxx
56790,ре́жиссёр
56791,ре́жиссёра
56792,ре́жиссёры
56793,xxx
56794,xxx
56795,xxx
56796,xxx
56797,xxx
56798,xxx
56799,xxx
56800,xxx
56801,xxx
56802,xxx
56803,xxx
56804,xxx
56805,xxx
56806,xxx
56807,xxx
56808,xxx
56809,xxx
56810,репетициа́
56811,ре́петициаю
56812,репетици́
56813,репетици́
56814,репетици́ы
56815,xxx
56816,xxx
56817,xxx
56818,xxx
56819,xxx
56820,xxx
56821,xxx
56822,xxx
56823,xxx
56824,xxx
56825,ре́шениа
56826,ре́шениамь
56827,ре́шениа
56828,решениѣ́хъ
56829,ре́шётьки
56830,решё́тьцамъ
56831,решё́тьцахъ
56832,ри́сунак
56833,ри́сунаки
56834,ри́сунаки
56835,ри́сунакамъ
56836,рисунакѣ́хъ
56837,xxx
56838,xxx
56839,xxx
56840,ро́диньцѣ
56841,ро́диньци
56842,xxx
56843,xxx
56844,xxx
56845,радаслави́ѣ
56846,радаслави́ѣ
56847,ро́даславиа
56848,радаслави́
56849,радаславио́мъ
56850,xxx
56851,xxx
56852,xxx
56853,xxx
56854,ражденио́
56855,раждени́а
56856,раждениу́
56857,ражденио́
56858,ро́ждениа
56859,раждениѣ́хъ
56860,xxx
56861,xxx
56862,xxx
56863,ро́зетьци
56864,ро́зетькѫ
56865,ро́зетькъ
56866,разетьца́хъ
56867,xxx
56868,рамашьца́
56869,рамашьца́
56870,рама́шьцѫ
56871,рамашько́ю
56872,рама́шьцъ
56873,xxx
56874,xxx
56875,xxx
56876,xxx
56877,xxx
56878,xxx
56879,xxx
56880,ру́башькы
56881,ру́башьки
56882,рубашьцо́ю
56883,рубашько́ю
56884,руба́шьцъ
56885,ру́башьками
56886,xxx
56887,xxx
56888,xxx
56889,xxx
56890,xxx
56891,xxx
56892,xxx
56893,xxx
56894,xxx
56895,xxx
56896,xxx
56897,xxx
56898,xxx
56899,xxx
56900,рю́кзака
56901,рю́кзакѣ
56902,рю́кзакы
56903,рюкзакѣ́хъ
56904,xxx
56905,xxx
56906,xxx
56907,xxx
56908,xxx
56909,xxx
56910,xxx
56911,xxx
56912,xxx
56913,xxx
56914,xxx
56915,xxx
56916,xxx
56917,xxx
56918,xxx
56919,xxx
56920,xxx
56921,xxx
56922,xxx
56923,xxx
56924,xxx
56925,санкциа́
56926,са́нкциѣ
56927,санкци́ахъ
56928,санкци́ахъ
56929,сапо́г
56930,сапагу́
56931,сапо́ги
56932,сапо́г
56933,сапо́гы
56934,xxx
56935,xxx
56936,xxx
56937,xxx
56938,xxx
56939,xxx
56940,xxx
56941,xxx
56942,xxx
56943,xxx
56944,xxx
56945,xxx
56946,xxx
56947,xxx
56948,xxx
56949,све́чаю
56950,све́ч
56951,све́чы
56952,све́чами
56953,свеча́хъ
56954,xxx
56955,xxx
56956,xxx
56957,xxx
56958,xxx
56959,xxx
56960,xxx
56961,xxx
56962,xxx
56963,xxx
56964,xxx
56965,свя́зываниа
56966,связывани́а
56967,связывани́а
56968,xxx
56969,xxx
56970,xxx
56971,xxx
56972,xxx
56973,xxx
56974,сдви́з
56975,сдви́з
56976,сдви́з
56977,сдвизѣ́хъ
56978,xxx
56979,xxx
56980,xxx
56981,xxx
56982,xxx
56983,xxx
56984,xxx
56985,xxx
56986,xxx
56987,xxx
56988,xxx
56989,xxx
56990,се́кслагиѫ
56991,се́ксалаги
56992,се́кслаги
56993,xxx
56994,xxx
56995,xxx
56996,xxx
56997,xxx
56998,xxx
56999,xxx
57000,xxx
57001,xxx
57002,xxx
57003,xxx
57004,xxx
57005,xxx
57006,xxx
57007,xxx
57008,се́рьзѫ
57009,се́рьзы
57010,се́рьзамъ
57011,се́рьзамъ
57012,се́рьзами
57013,xxx
57014,xxx
57015,xxx
57016,xxx
57017,сё́мьзы
57018,сё́мьзаю
57019,си́за
57020,си́зи
57021,си́з
57022,xxx
57023,синяку́
57024,синя́ки
57025,си́няки
57026,синя́к
57027,си́някы
57028,синякѣ́хъ
57029,xxx
57030,xxx
57031,xxx
57032,xxx
57033,xxx
57034,xxx
57035,xxx
57036,xxx
57037,xxx
57038,си́туациѣ
57039,си́туациы
57040,си́туациы
57041,си́туациами
57042,ска́лы
57043,ска́лы
57044,xxx
57045,сквазня́ка
57046,скво́зняки
57047,скваре́ц
57048,скво́реци
57049,скво́реци
57050,xxx
57051,xxx
57052,скептицизмѣ́хъ
57053,xxx
57054,xxx
57055,скапе́ц
57056,скапе́ци
57057,ско́пеци
57058,xxx
57059,xxx
57060,xxx
57061,xxx
57062,xxx
57063,xxx
57064,xxx
57065,xxx
57066,xxx
57067,славѣ́
57068,славѫ́
57069,сла́ваю
57070,сла́ви
57071,сла́вы
57072,xxx
57073,xxx
57074,следавате́лии
57075,следавате́льмъ
57076,следстви́а
57077,следстви́
57078,сле́дствиы
57079,xxx
57080,xxx
57081,слизня́к
57082,слизня́ка
57083,слизня́к
57084,сли́знякамь
57085,слизня́кѣ
57086,сли́зняки
57087,слизняко́мъ
57088,слизня́кы
57089,сло́г
57090,сло́га
57091,сло́гу
57092,сло́гамь
57093,сло́гамь
57094,сло́гѣ
57095,сло́гамъ
57096,xxx
57097,xxx
57098,xxx
57099,xxx
57100,xxx
57101,xxx
57102,xxx
57103,xxx
57104,xxx
57105,xxx
57106,сабака́
57107,сабакѣ́
57108,со́бакаю
57109,саба́кы
57110,xxx
57111,xxx
57112,xxx
57113,со́браниа
57114,со́браниа
57115,со́браниамъ
57116,со́бытиа
57117,со́бытиу
57118,xxx
57119,xxx
57120,xxx
57121,xxx
57122,xxx
57123,xxx
57124,xxx
57125,xxx
57126,xxx
57127,со́гласиа
57128,со́гласиу
57129,со́гласиѣ
57130,со́гласиы
57131,xxx
57132,со́действиамь
57133,садействи́
57134,садействи́а
57135,со́действиы
57136,xxx
57137,сазданио́
57138,со́зданиа
57139,саздани́амь
57140,со́знаниа
57141,со́знаниа
57142,со́знаниа
57143,со́знаниамъ
57144,со́знаниы
57145,xxx
57146,со́лнца
57147,со́лнца
57148,со́лнцамь
57149,со́лнцѣ
57150,со́лнца
57151,со́лнца
57152,со́лнца
57153,xxx
57154,xxx
57155,со́абражениа
57156,саабражени́
57157,со́абражениы
57158,xxx
57159,xxx
57160,xxx
57161,xxx
57162,xxx
57163,xxx
57164,xxx
57165,xxx
57166,xxx
57167,xxx
57168,xxx
57169,xxx
57170,xxx
57171,xxx
57172,xxx
57173,xxx
57174,xxx
57175,xxx
57176,xxx
57177,саславио́
57178,саславиу́
57179,со́славиы
57180,саславиѣ́хъ
57181,xxx
57182,xxx
57183,xxx
57184,xxx
57185,xxx
57186,xxx
57187,xxx
57188,xxx
57189,xxx
57190,xxx
57191,со́участиа
57192,со́участиы
57193,со́хы
57194,со́х
57195,со́хамъ
57196,саха́хъ
57197,xxx
57198,xxx
57199,xxx
57200,xxx
57201,xxx
57202,спа́льны
57203,спальна́хъ
57204,xxx
57205,xxx
57206,xxx
57207,xxx
57208,xxx
57209,xxx
57210,xxx
57211,xxx
57212,xxx
57213,xxx
57214,xxx
57215,xxx
57216,xxx
57217,xxx
57218,xxx
57219,xxx
57220,xxx
57221,xxx
57222,xxx
57223,xxx
57224,xxx
57225,xxx
57226,xxx
57227,сравнени́а
57228,сра́внениа
57229,сравнени́а
57230,сравнениѣ́хъ
57231,сравнениѣ́хъ
57232,сра́жении
57233,сражени́
57234,сражени́амъ
57235,сра́жениы
57236,сре́дствамь
57237,xxx
57238,xxx
57239,xxx
57240,xxx
57241,xxx
57242,xxx
57243,xxx
57244,xxx
57245,xxx
57246,xxx
57247,ста́нциы
57248,ста́нциами
57249,станциа́хъ
57250,xxx
57251,xxx
57252,xxx
57253,xxx
57254,xxx
57255,xxx
57256,xxx
57257,xxx
57258,стегѫ́
57259,сте́гаю
57260,сте́гаю
57261,xxx
57262,xxx
57263,xxx
57264,xxx
57265,xxx
57266,xxx
57267,xxx
57268,xxx
57269,xxx
57270,xxx
57271,xxx
57272,xxx
57273,xxx
57274,xxx
57275,сталѣтио́
57276,сталитиу́
57277,сталѣти́ѣ
57278,сталѣтио́мъ
57279,сталѣтио́мъ
57280,сталитиѣ́хъ
57281,xxx
57282,xxx
57283,xxx
57284,стлаваѣ́
57285,сталаваѣ́
57286,сталаваѫ́
57287,xxx
57288,стаяньца́
57289,стаянька́
57290,сто́яньцѣ
57291,стая́ньци
57292,страна́
57293,странѣ́
57294,странѫ́
57295,стра́н
57296,страна́мъ
57297,xxx
57298,xxx
57299,xxx
57300,xxx
57301,xxx
57302,xxx
57303,xxx
57304,стра́хавьци
57305,стра́хавьцѫ
57306,стра́хавькамъ
57307,страхавьца́хъ
57308,страхавщи́ци
57309,стра́хавщици
57310,xxx
57311,xxx
57312,xxx
57313,xxx
57314,стро́ительстви
57315,страите́льства
57316,страите́льства
57317,xxx
57318,xxx
57319,xxx
57320,xxx
57321,xxx
57322,xxx
57323,xxx
57324,xxx
57325,xxx
57326,xxx
57327,xxx
57328,xxx
57329,xxx
57330,xxx
57331,xxx
57332,xxx
57333,xxx
57334,сушильцѣ́
57335,су́шильцаю
57336,су́шильци
57337,сушильца́хъ
57338,xxx
57339,xxx
57340,xxx
57341,xxx
57342,xxx
57343,xxx
57344,xxx
57345,xxx
57346,сюрту́ка
57347,сю́ртуки
57348,сюрту́к
57349,сюрту́кы
57350,xxx
57351,xxx
57352,xxx
57353,xxx
57354,та́баки
57355,таблетька́
57356,таблетьца́мъ
57357,таблетьца́мъ
57358,xxx
57359,xxx
57360,xxx
57361,xxx
57362,xxx
57363,xxx
57364,xxx
57365,та́рельцѣ
57366,тарелько́ю
57367,xxx
57368,xxx
57369,xxx
57370,тво́рчества
57371,тво́рчествѣ
57372,тварче́ствъ
57373,тво́рчествы
57374,тво́рчествы
57375,xxx
57376,xxx
57377,те́левизарамь
57378,телевизо́ри
57379,телевизо́р
57380,телевизо́ры
57381,те́левизары
57382,телевизарѣ́хъ
57383,телега́
57384,телега́
57385,телегѣ́
57386,теле́г
57387,телега́мъ
57388,телега́хъ
57389,xxx
57390,xxx
57391,xxx
57392,xxx
57393,xxx
57394,xxx
57395,xxx
57396,xxx
57397,xxx
57398,xxx
57399,xxx
57400,телёно́к
57401,телёно́кѣ
57402,телёно́кѣ
57403,те́лёнаки
57404,телёно́кы
57405,те́лёнакы
57406,телёнакѣ́хъ
57407,xxx
57408,xxx
57409,xxx
57410,xxx
57411,те́лахранитель
57412,те́лахранитель
57413,те́лахранительѭ
57414,те́лахранительѭ
57415,те́лахранители
57416,те́лахранители
57417,тѣ́лятины
57418,тѣ́лятинаю
57419,тѣ́лятинамъ
57420,тѣ́лятинами
57421,xxx
57422,xxx
57423,xxx
57424,xxx
57425,xxx
57426,те́ариы
57427,те́ариѣ
57428,те́арии
57429,те́ариѣ
57430,те́ариѣ
57431,теариа́хъ
57432,xxx
57433,xxx
57434,xxx
57435,xxx
57436,xxx
57437,xxx
57438,xxx
57439,те́рритариы
57440,территарио́ю
57441,те́рритариы
57442,территари́амъ
57443,территари́амъ
57444,территари́ы
57445,территари́ахъ
57446,xxx
57447,xxx
57448,xxx
57449,xxx
57450,xxx
57451,xxx
57452,тёщѣ́
57453,тёщѫ́
57454,тё́щаю
57455,тё́щѣ
57456,тё́щами
57457,тё́щами
57458,xxx
57459,xxx
57460,xxx
57461,xxx
57462,тка́нь
57463,тка́ни
57464,тка́ньѭ
57465,тка́ни
57466,тка́нии
57467,xxx
57468,xxx
57469,талщъ
57470,xxx
57471,xxx
57472,xxx
57473,xxx
57474,xxx
57475,xxx
57476,xxx
57477,xxx
57478,xxx
57479,xxx
57480,xxx
57481,xxx
57482,xxx
57483,xxx
57484,xxx
57485,xxx
57486,xxx
57487,xxx
57488,xxx
57489,xxx
57490,xxx
57491,xxx
57492,xxx
57493,xxx
57494,xxx
57495,xxx
57496,xxx
57497,тревагѫ́
57498,тре́вагаю
57499,трениро́вьцамъ
57500,xxx
57501,xxx
57502,xxx
57503,тро́еперстиамь
57504,тро́еперстиа
57505,траеперстиѣ́хъ
57506,xxx
57507,xxx
57508,xxx
57509,xxx
57510,xxx
57511,xxx
57512,xxx
57513,xxx
57514,xxx
57515,xxx
57516,xxx
57517,xxx
57518,xxx
57519,xxx
57520,xxx
57521,xxx
57522,xxx
57523,xxx
57524,xxx
57525,xxx
57526,xxx
57527,xxx
57528,xxx
57529,xxx
57530,xxx
57531,тя́гами
57532,xxx
57533,xxx
57534,xxx
57535,xxx
57536,xxx
57537,xxx
57538,xxx
57539,xxx
57540,xxx
57541,xxx
57542,увлеченио́
57543,увлечени́а
57544,у́влечениы
57545,xxx
57546,xxx
57547,у́дивлениу
57548,у́дивлениу
57549,у́дивлениа
57550,у́дивлениамъ
57551,удивлениѣ́хъ
57552,xxx
57553,удавальстви́а
57554,удавальствиу́
57555,у́давальствиамь
57556,у́давальствиамь
57557,у́давальствиы
57558,xxx
57559,xxx
57560,xxx
57561,xxx
57562,xxx
57563,xxx
57564,xxx
57565,xxx
57566,xxx
57567,xxx
57568,xxx
57569,xxx
57570,xxx
57571,улучшѣни́а
57572,у́лучшѣниы
57573,xxx
57574,xxx
57575,xxx
57576,уменио́
57577,умени́ѣ
57578,умени́
57579,уменьшенио́
57580,у́меньшениу
57581,уменьшени́амь
57582,у́меньшениѣ
57583,уменьшени́
57584,xxx
57585,xxx
57586,у́нижениа
57587,у́нижениамь
57588,у́нижени
57589,у́нижениамъ
57590,унижениѣ́хъ
57591,xxx
57592,xxx
57593,xxx
57594,xxx
57595,xxx
57596,xxx
57597,xxx
57598,у́правлениа
57599,у́правлениѣ
57600,у́правлении
57601,у́правлениа
57602,у́правлениамъ
57603,у́пражнениу
57604,у́пражнениамь
57605,у́пражнениѣ
57606,у́пражнени
57607,у́пражнени
57608,xxx
57609,xxx
57610,xxx
57611,xxx
57612,xxx
57613,xxx
57614,xxx
57615,xxx
57616,xxx
57617,ускариниу́
57618,ускарѣнио́
57619,ускарѣниѣ́хъ
57620,услави́амь
57621,xxx
57622,xxx
57623,успе́ха
57624,успехо́мъ
57625,успе́хы
57626,xxx
57627,xxx
57628,xxx
57629,xxx
57630,xxx
57631,xxx
57632,xxx
57633,уступьца́мъ
57634,xxx
57635,утверждени́
57636,утвержденио́мъ
57637,утверждени́а
57638,утешенио́
57639,утешениѣ́хъ
57640,xxx
57641,xxx
57642,xxx
57643,xxx
57644,xxx
57645,xxx
57646,xxx
57647,xxx
57648,xxx
57649,xxx
57650,xxx
57651,xxx
57652,xxx
57653,xxx
57654,xxx
57655,xxx
57656,xxx
57657,xxx
57658,xxx
57659,xxx
57660,xxx
57661,xxx
57662,xxx
57663,xxx
57664,xxx
57665,xxx
57666,xxx
57667,xxx
57668,xxx
57669,фе́йерверьца
57670,фе́йерверьцу
57671,фе́йерверьцѣ
57672,фе́йерверьцамъ
57673,xxx
57674,xxx
57675,xxx
57676,xxx
57677,филла́га
57678,филало́гѣ
57679,филалаго́мъ
57680,филлаго́мъ
57681,филлагѣ́хъ
57682,филлагѣ́хъ
57683,фи́ласафиа
57684,фи́ласафиаю
57685,фи́ласафиы
57686,фи́ласафиамъ
57687,фи́ласафиы
57688,xxx
57689,xxx
57690,xxx
57691,xxx
57692,xxx
57693,фини́ц
57694,фини́ц
57695,фини́ца
57696,финицу́
57697,фи́ницамь
57698,фи́ници
57699,финицѣ́хъ
57700,xxx
57701,xxx
57702,xxx
57703,xxx
57704,xxx
57705,фи́сташьци
57706,фи́сташьцѣ
57707,фиста́шьци
57708,фиста́шьцахъ
57709,xxx
57710,фла́га
57711,фла́ги
57712,xxx
57713,xxx
57714,xxx
57715,xxx
57716,xxx
57717,xxx
57718,xxx
57719,xxx
57720,xxx
57721,xxx
57722,xxx
57723,xxx
57724,фракци́ы
57725,фракциѫ́
57726,фра́кциы
57727,фракци́
57728,фра́кциами
57729,xxx
57730,xxx
57731,xxx
57732,xxx
57733,xxx
57734,фѫнду́к
57735,фѫнду́к
57736,фѫ́ндукамь
57737,фѫнду́кы
57738,xxx
57739,фура́жьцѣ
57740,фура́жьки
57741,фу́ражьци
57742,фура́жькы
57743,фуражьца́хъ
57744,xxx
57745,xxx
57746,xxx
57747,xxx
57748,xxx
57749,xxx
57750,xxx
57751,xxx
57752,хво́съту
57753,хво́сътамь
57754,хво́съти
57755,хво́съты
57756,хвасътѣ́хъ
57757,хи́миц
57758,хи́мици
57759,хи́мици
57760,хи́миц
57761,хи́мици
57762,химицѣ́хъ
57763,хи́миѣ
57764,хи́миамъ
57765,хи́миы
57766,хи́миами
57767,химиа́хъ
57768,химчи́стькы
57769,химчистьцѫ́
57770,химчи́стьцѣ
57771,химчистька́мъ
57772,химчистьца́хъ
57773,xxx
57774,xxx
57775,xxx
57776,xxx
57777,хи́щниц
57778,хи́щници
57779,хи́щници
57780,хи́щници
57781,хи́щници
57782,xxx
57783,xxx
57784,xxx
57785,xxx
57786,xxx
57787,xxx
57788,xxx
57789,xxx
57790,xxx
57791,xxx
57792,xxx
57793,xxx
57794,xxx
57795,xxx
57796,xxx
57797,xxx
57798,xxx
57799,xxx
57800,ца́ри
57801,ца́ри
57802,ца́ри
57803,центне́ри
57804,це́нтнери
57805,xxx
57806,xxx
57807,xxx
57808,xxx
57809,xxx
57810,xxx
57811,це́ркавь
57812,це́ркави
57813,це́ркави
57814,це́ркавии
57815,це́ркави
57816,церко́вьхъ
57817,xxx
57818,xxx
57819,xxx
57820,xxx
57821,xxx
57822,xxx
57823,ци́рьца
57824,ци́рькъ
57825,ци́рьцамь
57826,ци́рькамь
57827,ци́рьцъ
57828,xxx
57829,xxx
57830,xxx
57831,xxx
57832,xxx
57833,ча́шьца
57834,ча́шьцѣ
57835,ча́шьцамъ
57836,ча́шьцами
57837,xxx
57838,xxx
57839,чрѣ́шнаю
57840,чѣ́рѣшны
57841,чесно́ка
57842,чеснаку́
57843,чесно́к
57844,че́снакамь
57845,че́снаки
57846,xxx
57847,xxx
57848,xxx
57849,чехало́мъ
57850,чехалѣ́хъ
57851,чистька́
57852,чистьцѣ́
57853,чистькъ
57854,чистьци́
57855,чучѣ́ла
57856,чу́чилы
57857,чучѣ́лѣхъ
57858,xxx
57859,xxx
57860,xxx
57861,ша́пьца
57862,ша́пьци
57863,ша́пьцѣ
57864,ша́пькаю
57865,ша́пьци
57866,шапька́хъ
57867,xxx
57868,xxx
57869,xxx
57870,xxx
57871,xxx
57872,ша́шьки
57873,ша́шьцаю
57874,ша́шьци
57875,ша́шьци
57876,ша́шьками
57877,шва́бра
57878,шва́бри
57879,шва́браю
57880,шва́браю
57881,шва́брѣ
57882,шва́брамъ
57883,шва́брами
57884,швабра́хъ
57885,шедевру́
57886,шеде́връ
57887,ше́деври
57888,xxx
57889,xxx
57890,xxx
57891,xxx
57892,xxx
57893,ши́нели
57894,ши́нельмъ
57895,ши́нельми
57896,ши́нельми
57897,шине́льхъ
57898,xxx
57899,xxx
57900,xxx
57901,xxx
57902,xxx
57903,xxx
57904,xxx
57905,xxx
57906,xxx
57907,xxx
57908,xxx
57909,xxx
57910,xxx
57911,xxx
57912,xxx
57913,xxx
57914,шафё́р
57915,шпи́ану
57916,шпи́ану
57917,шпи́ан
57918,шпи́анѣ
57919,шпи́анамъ
57920,шпи́аны
57921,шпи́аны
57922,xxx
57923,штапо́р
57924,штапо́ра
57925,што́парамь
57926,штапо́рѣ
57927,штапо́ры
57928,xxx
57929,xxx
57930,шту́кы
57931,штукѫ́
57932,шту́кы
57933,штука́мъ
57934,штука́мъ
57935,штука́хъ
57936,xxx
57937,xxx
57938,xxx
57939,xxx
57940,шутьца́
57941,шутьцѣ́
57942,шу́тькаю
57943,шутьци́
57944,xxx
57945,xxx
57946,xxx
57947,xxx
57948,xxx
57949,xxx
57950,щу́ка
57951,щу́кѣ
57952,щу́кы
57953,щу́кы
57954,щу́кы
57955,xxx
57956,xxx
57957,эклагиѣ́
57958,эклаги́
57959,э́клагиами
57960,xxx
57961,xxx
57962,xxx
57963,xxx
57964,xxx
57965,электрицу́
57966,э́лектрицамь
57967,электри́цѣ
57968,электрицо́мъ
57969,электрицѣ́хъ
57970,электричьца́
57971,э́лектричьци
57972,электричьцо́ю
57973,э́лектричьцѣ
57974,электри́чькъ
57975,xxx
57976,xxx
57977,xxx
57978,э́мациаю
57979,э́мациаю
57980,эмаци́
57981,эмаци́ы
57982,энергиѣ́
57983,энерги́ы
57984,энергиа́хъ
57985,xxx
57986,xxx
57987,xxx
57988,э́пидемиѣ
57989,э́пидемии
57990,э́пидемиы
57991,эпидеми́амъ
57992,эпидеми́ы
57993,эскалато́ра
57994,э́скалатарамь
57995,э́скалатари
57996,эскалато́ры
57997,эта́ж
57998,этажу́
57999,э́тажамь
58000,эта́ж
58001,xxx
58002,xxx
58003,xxx
58004,xxx
58005,xxx
58006,xxx
58007,xxx
58008,xxx
58009,юмари́сътѣ
58010,юмари́съти
58011,юмари́сътъ
58012,xxx
58013,xxx
58014,xxx
58015,xxx
58016,я́блака
58017,я́блаку
58018,я́блаку
58019,ябло́камь
58020,я́блакѣ
58021,xxx
58022,xxx
58023,xxx
58024,xxx
58025,xxx
58026,xxx
58027,xxx
58028,xxx
58029,xxx
58030,xxx
58031,xxx
58032,xxx
58033,xxx
58034,xxx
58035,я́дра
58036,я́дра
58037,я́драмъ
58038,ядрѣ́хъ
58039,xxx
58040,xxx
58041,xxx
58042,xxx
58043,xxx
58044,xxx
58045,xxx
58046,xxx
58047,xxx
58048,xxx
58049,xxx
58050,ярлы́ка
58051,ярлы́ки
58052,я́рмарьци
58053,я́рмарькы
58054,я́рмарьци
58055,я́рмарькы
58056,xxx
58057,xxx
58058,xxx
58059,xxx
58060,xxx
58061,xxx
58062,xxx
58063,xxx
58064,xxx
58065,xxx
58066,я́хъты
58067,я́хъты
58068,я́хътамъ
58069,я́хъты
58070,яхъта́хъ
58071,xxx
58072,xxx
58073,xxx
58074,ячме́нь
58075,ячме́ньмъ
58076,ячме́ни
58077,ячме́ни
58078,яще́ра
58079,яще́рѣ
58080,я́щери
58081,яще́р
58082,я́щеры
58083,я́щеры
58084,xxx
58085,xxx
58086,xxx
58087,xxx
58088,xxx
58089,xxx
58090,xxx
58091,xxx
58092,xxx
58093,xxx
58094,xxx
58095,xxx
58096,xxx
58097,xxx
58098,xxx
58099,xxx
58100,xxx
58101,а́втаганьцу
58102,а́втаганьцъ
58103,а́втаганькамь
58104,а́втаганьцѣ
58105,а́втаганьци
58106,а́втаганьци
58107,автаганьцѣ́хъ
58108,xxx
58109,xxx
58110,xxx
58111,а́втарскиа
58112,а́втарскиа
58113,а́втарскиа
58114,а́втарскиа
58115,а́втарскиамъ
58116,xxx
58117,xxx
58118,xxx
58119,xxx
58120,xxx
58121,xxx
58122,xxx
58123,адгезиа́
58124,а́дгезиы
58125,адгези́
58126,xxx
58127,xxx
58128,xxx
58129,xxx
58130,xxx
58131,xxx
58132,xxx
58133,xxx
58134,xxx
58135,xxx
58136,а́лии
58137,а́ли
58138,а́лиы
58139,xxx
58140,а́ллатрапиы
58141,аллатрапиа́хъ
58142,альпинизму́
58143,альпини́змъ
58144,а́льпинизми
58145,альпинизмо́мъ
58146,а́льпинизмы
58147,альпинизмѣ́хъ
58148,а́льтруизмамь
58149,альтруи́змы
58150,альтруизмѣ́хъ
58151,xxx
58152,xxx
58153,xxx
58154,xxx
58155,амузиа́
58156,амузиа́
58157,а́музиы
58158,амузиа́мъ
58159,а́музиами
58160,амузиа́хъ
58161,xxx
58162,xxx
58163,xxx
58164,xxx
58165,а́нглафабиѣ
58166,а́нглафабиы
58167,а́ндрафабиы
58168,а́ндрафабии
58169,а́ндрафабии
58170,а́ндрафабиы
58171,андрафаби́амъ
58172,а́ндрафабиами
58173,а́немиы
58174,а́немии
58175,а́немиамъ
58176,а́нилин
58177,а́нилинамъ
58178,антраплаги́
58179,антраплаги́ы
58180,xxx
58181,xxx
58182,xxx
58183,xxx
58184,xxx
58185,xxx
58186,а́ргининамь
58187,а́ргининѣ
58188,а́ргининамъ
58189,а́ргинины
58190,xxx
58191,xxx
58192,арменлагиѣ́
58193,арменлагиа́хъ
58194,а́рхелагиы
58195,а́рхелагиамъ
58196,а́рхелагиы
58197,xxx
58198,xxx
58199,xxx
58200,xxx
58201,xxx
58202,xxx
58203,xxx
58204,а́странамиы
58205,а́странамиѣ
58206,астранамио́ю
58207,xxx
58208,xxx
58209,а́тлетица
58210,а́тлетицаю
58211,а́тлетици
58212,а́тлетици
58213,атлетица́хъ
58214,xxx
58215,xxx
58216,xxx
58217,xxx
58218,xxx
58219,xxx
58220,xxx
58221,афели́
58222,а́фелии
58223,афели́ы
58224,афелиѣ́хъ
58225,афелиѣ́хъ
58226,xxx
58227,xxx
58228,ба́блу
58229,ба́блъ
58230,ба́блъ
58231,xxx
58232,xxx
58233,xxx
58234,xxx
58235,ба́литариевыа
58236,ба́литариевыа
58237,ба́литариевыѣ
58238,ба́литариевыамъ
58239,xxx
58240,xxx
58241,xxx
58242,xxx
58243,xxx
58244,xxx
58245,xxx
58246,xxx
58247,ба́шли
58248,ба́шлъ
58249,ба́шлъ
58250,ба́шлы
58251,ба́шлы
58252,xxx
58253,бѣ́збажиа
58254,бѣ́збажиу
58255,бѣ́збажиа
58256,бѣ́збажиа
58257,бѣзбажиѣ́хъ
58258,бѣ́збрачиа
58259,бѣ́збрачиы
58260,бе́зветриѣ
58261,бе́зветриа
58262,безветри́амъ
58263,безветри́а
58264,xxx
58265,xxx
58266,xxx
58267,бе́зъятиа
58268,бе́зъятиа
58269,безъяти́амъ
58270,xxx
58271,xxx
58272,xxx
58273,xxx
58274,xxx
58275,xxx
58276,xxx
58277,xxx
58278,xxx
58279,xxx
58280,xxx
58281,xxx
58282,xxx
58283,xxx
58284,xxx
58285,xxx
58286,xxx
58287,xxx
58288,xxx
58289,xxx
58290,бо́гаматерьѭ
58291,xxx
58292,бра́тваю
58293,бра́твѣ
58294,бра́тви
58295,бра́твъ
58296,бра́твами
58297,брати́
58298,бра́чущиесѣ
58299,брачущие́сѫ
58300,бра́чущиеси
58301,брачущие́с
58302,бра́чущиесами
58303,xxx
58304,бритьёу́
58305,бри́тьёамь
58306,бритьё́
58307,бритьёо́мъ
58308,бритьёо́мъ
58309,xxx
58310,xxx
58311,xxx
58312,xxx
58313,xxx
58314,xxx
58315,xxx
58316,бры́зьзъ
58317,брю́ханагиа
58318,xxx
58319,xxx
58320,xxx
58321,xxx
58322,буржуази́ы
58323,буржуазиѫ́
58324,буржуазиа́хъ
58325,бы́лау
58326,бы́лаы
58327,было́ѣхъ
58328,xxx
58329,xxx
58330,xxx
58331,xxx
58332,xxx
58333,xxx
58334,xxx
58335,ва́куум
58336,ва́куму
58337,ва́куумамь
58338,ва́куумѣ
58339,ва́куумѣ
58340,ва́куумамъ
58341,вакуумѣ́хъ
58342,ва́рьцѣ
58343,ва́рькамъ
58344,ва́рьци
58345,ва́рьцами
58346,xxx
58347,xxx
58348,xxx
58349,xxx
58350,xxx
58351,xxx
58352,xxx
58353,xxx
58354,xxx
58355,xxx
58356,xxx
58357,xxx
58358,xxx
58359,xxx
58360,xxx
58361,xxx
58362,xxx
58363,xxx
58364,xxx
58365,xxx
58366,xxx
58367,xxx
58368,xxx
58369,xxx
58370,xxx
58371,xxx
58372,вместительно́съти
58373,вме́стительнасъти
58374,вме́стительнасътьми
58375,xxx
58376,xxx
58377,xxx
58378,xxx
58379,вадаизмѣщѣни́а
58380,вадаизмѣщѣни́ѣхъ
58381,xxx
58382,во́йсьцѫ
58383,во́йсьцѣ
58384,во́йськи
58385,во́йсьци
58386,вайсьца́хъ
58387,xxx
58388,валапю́к
58389,во́лапюки
58390,валапю́кы
58391,во́лапюкы
58392,xxx
58393,xxx
58394,xxx
58395,xxx
58396,xxx
58397,вратъцѣ́
58398,варатъцѫ́
58399,вратъцѫ́
58400,во́ратъцаю
58401,вра́тъцаю
58402,варо́тъцъ
58403,вратъца́мъ
58404,вра́тъцами
58405,врафили́
58406,врафили́
58407,врафили́ы
58408,врафили́ахъ
58409,во́сьца
58410,во́сьцамь
58411,во́сьцѣ
58412,во́ськъ
58413,во́сьци
58414,во́ськы
58415,xxx
58416,xxx
58417,xxx
58418,xxx
58419,xxx
58420,xxx
58421,xxx
58422,xxx
58423,xxx
58424,xxx
58425,xxx
58426,xxx
58427,гальби́ц
58428,гальби́ц
58429,ге́геманиѣ
58430,ге́геманиами
58431,ге́геманиами
58432,гегеманиа́хъ
58433,xxx
58434,xxx
58435,генитали́
58436,генитали́ы
58437,ге́ниталиы
58438,xxx
58439,xxx
58440,xxx
58441,xxx
58442,xxx
58443,xxx
58444,xxx
58445,xxx
58446,xxx
58447,xxx
58448,xxx
58449,xxx
58450,xxx
58451,глабализациѣ́
58452,глабализаци́и
58453,глу́бь
58454,глу́би
58455,глу́би
58456,глу́би
58457,xxx
58458,xxx
58459,xxx
58460,гно́йничакамь
58461,гнайничо́кѣ
58462,xxx
58463,xxx
58464,гну́су
58465,гну́су
58466,гну́с
58467,гну́самъ
58468,xxx
58469,xxx
58470,xxx
58471,xxx
58472,xxx
58473,xxx
58474,xxx
58475,xxx
58476,гра́бильцъ
58477,гра́бильцу
58478,гра́бильцъ
58479,гра́бѣльцѣ
58480,гра́бѣльци
58481,гра́бильци
58482,xxx
58483,xxx
58484,xxx
58485,xxx
58486,xxx
58487,дальнѣйшѣо́
58488,дальнѣйшѣу́
58489,дальнийшио́
58490,да́льнийшиамь
58491,да́льнѣйшѣа
58492,дальнѣйшѣ́
58493,дальнѣйшѣо́мъ
58494,дальнийшѣ́а
58495,да́льнѣйшѣы
58496,данныо́
58497,да́нныамь
58498,да́нныа
58499,да́нныа
58500,данныо́мъ
58501,да́нныыы
58502,xxx
58503,xxx
58504,xxx
58505,xxx
58506,xxx
58507,xxx
58508,xxx
58509,xxx
58510,xxx
58511,дейтери́и
58512,дейтерио́мъ
58513,де́йтериы
58514,дейтериѣ́хъ
58515,де́лириа
58516,де́лириу
58517,де́лири
58518,де́лириамъ
58519,xxx
58520,xxx
58521,xxx
58522,xxx
58523,xxx
58524,xxx
58525,xxx
58526,xxx
58527,xxx
58528,xxx
58529,xxx
58530,xxx
58531,джо́ггиньзъ
58532,джо́ггиньза
58533,джо́ггиньгу
58534,джо́ггиньзѣ
58535,джо́ггиньзи
58536,джо́ггиньзъ
58537,джаги́ньга
58538,джаги́ньзѣ
58539,xxx
58540,xxx
58541,xxx
58542,xxx
58543,xxx
58544,xxx
58545,xxx
58546,до́машниа
58547,дамашниѣ́хъ
58548,до́спех
58549,до́спехамь
58550,до́спехамь
58551,до́спехи
58552,до́спехи
58553,до́спехы
58554,xxx
58555,xxx
58556,xxx
58557,древнио́
58558,дре́вниамь
58559,дре́вниамь
58560,xxx
58561,xxx
58562,xxx
58563,xxx
58564,xxx
58565,древпласти́ца
58566,дре́впластици
58567,древпласти́ц
58568,древпласти́ц
58569,xxx
58570,дро́жъжамь
58571,дро́жъжѣ
58572,дро́жъжи
58573,дро́жъжамъ
58574,дро́жъжи
58575,xxx
58576,xxx
58577,xxx
58578,xxx
58579,xxx
58580,xxx
58581,xxx
58582,жа́бру
58583,жа́брѣ
58584,жа́брамъ
58585,xxx
58586,xxx
58587,xxx
58588,жра́твѣ
58589,жратва́хъ
58590,жратва́хъ
58591,xxx
58592,xxx
58593,xxx
58594,за́дварькъ
58595,за́дварька
58596,за́дварькъ
58597,за́дварьци
58598,за́дварьцъ
58599,за́дварьцамъ
58600,замра́зькъ
58601,замразьцу́
58602,замра́зькъ
58603,замразьцо́мъ
58604,замра́зькы
58605,xxx
58606,xxx
58607,xxx
58608,xxx
58609,зо́ахариа
58610,зо́ахариы
58611,зо́ахариѣ
58612,зо́ахариѣ
58613,зо́ахариѣ
58614,зо́ахари
58615,xxx
58616,xxx
58617,xxx
58618,xxx
58619,xxx
58620,xxx
58621,xxx
58622,xxx
58623,xxx
58624,xxx
58625,xxx
58626,xxx
58627,xxx
58628,xxx
58629,xxx
58630,xxx
58631,xxx
58632,xxx
58633,xxx
58634,xxx
58635,xxx
58636,xxx
58637,xxx
58638,xxx
58639,xxx
58640,xxx
58641,истреблениу́
58642,истребленио́мъ
58643,и́стреблениы
58644,и́стреблениы
58645,иттерби́
58646,иттерби́а
58647,и́ттербиамь
58648,и́ттербиы
58649,xxx
58650,xxx
58651,кавы́чьцѣ
58652,кавы́чьцѣ
58653,кавы́чьцъ
58654,ка́вычьци
58655,ка́збек
58656,ка́збек
58657,ка́збекѣ
58658,ка́збекамъ
58659,казбекѣ́хъ
58660,xxx
58661,xxx
58662,xxx
58663,xxx
58664,xxx
58665,xxx
58666,xxx
58667,xxx
58668,xxx
58669,ка́йфъ
58670,ка́йфа
58671,ка́йфу
58672,xxx
58673,xxx
58674,xxx
58675,xxx
58676,xxx
58677,xxx
58678,xxx
58679,xxx
58680,xxx
58681,xxx
58682,xxx
58683,xxx
58684,xxx
58685,xxx
58686,xxx
58687,xxx
58688,xxx
58689,xxx
58690,xxx
58691,xxx
58692,ка́ртъ
58693,ка́ртъ
58694,ка́ртъ
58695,xxx
58696,xxx
58697,xxx
58698,xxx
58699,xxx
58700,xxx
58701,xxx
58702,xxx
58703,ки́нзаю
58704,ки́нзы
58705,кинза́мъ
58706,кинза́мъ
58707,ки́нзами
58708,xxx
58709,ко́жураю
58710,кажу́рѣ
58711,кажура́мъ
58712,кажура́мъ
58713,xxx
58714,xxx
58715,xxx
58716,xxx
58717,xxx
58718,xxx
58719,xxx
58720,xxx
58721,карто́чьцъ
58722,картачьцу́
58723,карто́чькъ
58724,ко́ртачькамь
58725,карто́чьцъ
58726,xxx
58727,xxx
58728,ко́сьба
58729,ко́сьбы
58730,ко́сьбѣ
58731,ко́сьби
58732,ко́сьбаю
58733,ко́сьбаю
58734,ко́сьби
58735,ко́сьбы
58736,ко́сьбы
58737,ко́сьбамъ
58738,ко́сьбы
58739,xxx
58740,xxx
58741,xxx
58742,xxx
58743,xxx
58744,xxx
58745,xxx
58746,xxx
58747,xxx
58748,xxx
58749,xxx
58750,xxx
58751,xxx
58752,xxx
58753,xxx
58754,xxx
58755,xxx
58756,xxx
58757,xxx
58758,xxx
58759,xxx
58760,xxx
58761,xxx
58762,xxx
58763,xxx
58764,xxx
58765,xxx
58766,xxx
58767,xxx
58768,xxx
58769,xxx
58770,xxx
58771,xxx
58772,xxx
58773,xxx
58774,xxx
58775,xxx
58776,xxx
58777,xxx
58778,xxx
58779,xxx
58780,xxx
58781,xxx
58782,xxx
58783,xxx
58784,xxx
58785,xxx
58786,xxx
58787,xxx
58788,xxx
58789,xxx
58790,xxx
58791,xxx
58792,xxx
58793,лицемери́а
58794,лицемериу́
58795,ли́цемериамь
58796,лицемерио́мъ
58797,ли́цемериы
58798,ли́цемериы
58799,xxx
58800,xxx
58801,xxx
58802,xxx
58803,ласасёвыо́
58804,ласасёвыо́
58805,ласасёвы́
58806,ласасёвыѣ́хъ
58807,xxx
58808,xxx
58809,xxx
58810,xxx
58811,xxx
58812,xxx
58813,xxx
58814,xxx
58815,xxx
58816,xxx
58817,xxx
58818,xxx
58819,xxx
58820,xxx
58821,ма́натьца
58822,ма́натькамь
58823,ма́натькамъ
58824,манатьцѣ́хъ
58825,xxx
58826,xxx
58827,xxx
58828,xxx
58829,xxx
58830,ма́стурбациы
58831,мастурбаци́ахъ
58832,xxx
58833,xxx
58834,xxx
58835,xxx
58836,xxx
58837,xxx
58838,xxx
58839,xxx
58840,xxx
58841,xxx
58842,xxx
58843,xxx
58844,xxx
58845,xxx
58846,xxx
58847,xxx
58848,xxx
58849,xxx
58850,xxx
58851,xxx
58852,меркури́
58853,меркури́а
58854,меркури́
58855,меркури́ѣ
58856,меркури́ы
58857,ме́ркуриы
58858,меркуриѣ́хъ
58859,мѣ́сячныа
58860,мѣ́сячныа
58861,мѣ́сячныамъ
58862,мѣ́сячныамъ
58863,мѣ́сячныы
58864,мѣсячныѣ́хъ
58865,xxx
58866,xxx
58867,xxx
58868,xxx
58869,xxx
58870,xxx
58871,xxx
58872,xxx
58873,xxx
58874,xxx
58875,xxx
58876,xxx
58877,мле́ка
58878,мле́ка
58879,мле́ку
58880,мле́ка
58881,мле́камъ
58882,млекѣ́хъ
58883,xxx
58884,xxx
58885,xxx
58886,xxx
58887,xxx
58888,xxx
58889,xxx
58890,xxx
58891,xxx
58892,xxx
58893,мла́чьцъ
58894,мо́лачьцъ
58895,мангалиѣ́
58896,мо́нгалиаю
58897,мангали́ы
58898,мангалиа́хъ
58899,манагамиѣ́
58900,манагамиѫ́
58901,манагами́ы
58902,мо́нагамиами
58903,xxx
58904,xxx
58905,xxx
58906,xxx
58907,xxx
58908,xxx
58909,xxx
58910,xxx
58911,xxx
58912,xxx
58913,xxx
58914,xxx
58915,xxx
58916,xxx
58917,xxx
58918,xxx
58919,xxx
58920,xxx
58921,xxx
58922,xxx
58923,xxx
58924,xxx
58925,xxx
58926,наличныо́
58927,наличны́а
58928,наличны́а
58929,на́личны
58930,наличныѣ́хъ
58931,нападьцѣ́хъ
58932,xxx
58933,xxx
58934,xxx
58935,xxx
58936,xxx
58937,xxx
58938,xxx
58939,xxx
58940,xxx
58941,xxx
58942,xxx
58943,xxx
58944,xxx
58945,xxx
58946,xxx
58947,нибыти́а
58948,нѣ́бытиа
58949,нибытио́мъ
58950,не́ведениу
58951,неведени́амь
58952,неведени́амь
58953,неведени́
58954,неведени́
58955,неведени́амъ
58956,xxx
58957,невинавно́съть
58958,не́винавнасътьѭ
58959,не́винавнасътьѭ
58960,невинавно́съти
58961,xxx
58962,xxx
58963,xxx
58964,неизбежно́съть
58965,неизбежно́съти
58966,неизбежнасъти́
58967,неизбежно́съти
58968,неизбежно́сътии
58969,неизбежно́съти
58970,не́избежнасътьми
58971,неизвестно́съти
58972,не́известнасътьѭ
58973,не́известнасътьѭ
58974,неизвестно́съти
58975,xxx
58976,xxx
58977,xxx
58978,xxx
58979,xxx
58980,xxx
58981,xxx
58982,xxx
58983,xxx
58984,xxx
58985,xxx
58986,xxx
58987,xxx
58988,xxx
58989,xxx
58990,xxx
58991,xxx
58992,xxx
58993,xxx
58994,xxx
58995,xxx
58996,xxx
58997,xxx
58998,xxx
58999,xxx
59000,но́сильцу
59001,но́сильцъ
59002,но́сильцъ
59003,но́силькы
59004,насилькѣ́хъ
59005,xxx
59006,xxx
59007,xxx
59008,xxx
59009,xxx
59010,xxx
59011,xxx
59012,xxx
59013,xxx
59014,xxx
59015,xxx
59016,xxx
59017,xxx
59018,xxx
59019,xxx
59020,xxx
59021,xxx
59022,о́баснаваннасъть
59023,о́баснаваннасъти
59024,xxx
59025,xxx
59026,xxx
59027,xxx
59028,xxx
59029,xxx
59030,xxx
59031,xxx
59032,xxx
59033,xxx
59034,xxx
59035,о́гласьци
59036,агла́сьцамъ
59037,агла́сьцахъ
59038,xxx
59039,xxx
59040,xxx
59041,азо́рства
59042,азарству́
59043,о́зарствамь
59044,о́зарства
59045,азарство́мъ
59046,азарствѣ́хъ
59047,о́пасьцѣ
59048,о́паськы
59049,о́пасьцамъ
59050,о́пасьцамъ
59051,xxx
59052,xxx
59053,xxx
59054,апи́
59055,о́пиы
59056,о́пиум
59057,о́пиума
59058,о́пиуму
59059,о́пиумамь
59060,о́пиуми
59061,о́пиумамъ
59062,о́пиумы
59063,о́пиумы
59064,апиумѣ́хъ
59065,xxx
59066,xxx
59067,о́садькъ
59068,о́садьца
59069,о́садьца
59070,xxx
59071,xxx
59072,xxx
59073,xxx
59074,xxx
59075,xxx
59076,xxx
59077,о́станьцамь
59078,астаньцѣ́хъ
59079,xxx
59080,xxx
59081,xxx
59082,xxx
59083,xxx
59084,xxx
59085,палеанталагиа́
59086,палеантлагиа́
59087,палеанталагио́ю
59088,палеантлаги́ахъ
59089,xxx
59090,xxx
59091,па́ницѣ
59092,па́ници
59093,па́ниц
59094,па́ницамъ
59095,па́ници
59096,паница́хъ
59097,xxx
59098,xxx
59099,xxx
59100,xxx
59101,xxx
59102,xxx
59103,xxx
59104,xxx
59105,xxx
59106,xxx
59107,xxx
59108,патетицѫ́
59109,патети́цѣ
59110,патетица́хъ
59111,па́тла
59112,па́тлу
59113,па́тли
59114,xxx
59115,xxx
59116,xxx
59117,xxx
59118,пе́рекати-пала
59119,прѣ́кати-пала
59120,прѣ́кати-палѣ
59121,перекати-палѣ́хъ
59122,пе́ризели
59123,пе́ризелии
59124,xxx
59125,xxx
59126,xxx
59127,xxx
59128,xxx
59129,xxx
59130,xxx
59131,xxx
59132,пессими́змъ
59133,пессими́змъ
59134,пессими́змы
59135,пета́ньца
59136,петаньцо́мъ
59137,пета́нькы
59138,петаньцѣ́хъ
59139,xxx
59140,xxx
59141,xxx
59142,xxx
59143,xxx
59144,xxx
59145,xxx
59146,xxx
59147,xxx
59148,пла́внамь
59149,пла́внъ
59150,пла́вны
59151,xxx
59152,xxx
59153,xxx
59154,xxx
59155,xxx
59156,пло́сказубъцѣ
59157,пло́сказубъци
59158,пло́сказубъци
59159,пло́сказубъци
59160,xxx
59161,xxx
59162,xxx
59163,xxx
59164,xxx
59165,xxx
59166,падмага́
59167,падмагѫ́
59168,по́дмагаю
59169,по́дмагаю
59170,по́дмагы
59171,падмо́г
59172,падмага́хъ
59173,паднагатна́
59174,паднагатнаа́мъ
59175,паднагатна́ы
59176,паднагатнаа́хъ
59177,xxx
59178,xxx
59179,по́даплёка
59180,по́даплёкѣ
59181,по́даплёк
59182,xxx
59183,xxx
59184,xxx
59185,по́зёрствѣ
59186,по́зёрствѣ
59187,по́зёрствы
59188,xxx
59189,xxx
59190,xxx
59191,xxx
59192,xxx
59193,палминуту́
59194,палминуту́
59195,палмину́тѣ
59196,палминуто́мъ
59197,xxx
59198,xxx
59199,xxx
59200,xxx
59201,xxx
59202,xxx
59203,xxx
59204,xxx
59205,xxx
59206,xxx
59207,xxx
59208,xxx
59209,xxx
59210,xxx
59211,xxx
59212,xxx
59213,xxx
59214,xxx
59215,xxx
59216,по́сидельцамь
59217,по́сидельцамь
59218,пасиде́льки
59219,пасиде́лькы
59220,пасидельцѣ́хъ
59221,xxx
59222,пасрѣдство́
59223,пасридство́
59224,пасрѣ́дствѣ
59225,пасрѣ́дства
59226,xxx
59227,xxx
59228,пастаянство́
59229,по́стаянства
59230,пастая́нства
59231,по́стаянствѣ
59232,пастая́нствъ
59233,пастая́нствъ
59234,патраха́мъ
59235,по́трахами
59236,xxx
59237,xxx
59238,xxx
59239,по́читаниу
59240,по́читаниа
59241,по́читаниамь
59242,по́читаниѣ
59243,по́читаниа
59244,пачитаниѣ́хъ
59245,xxx
59246,xxx
59247,xxx
59248,xxx
59249,xxx
59250,прѣдыстари́ы
59251,прѣдыстари́
59252,прѣдыстари́ы
59253,xxx
59254,xxx
59255,xxx
59256,xxx
59257,xxx
59258,xxx
59259,xxx
59260,xxx
59261,xxx
59262,xxx
59263,xxx
59264,xxx
59265,xxx
59266,xxx
59267,xxx
59268,xxx
59269,xxx
59270,xxx
59271,xxx
59272,xxx
59273,xxx
59274,xxx
59275,про́тестантства
59276,про́тестантства
59277,пу́тинизмъ
59278,пу́тинизми
59279,пу́тинизми
59280,пу́тинизмъ
59281,путинизмѣ́хъ
59282,путинизмѣ́хъ
59283,xxx
59284,xxx
59285,xxx
59286,xxx
59287,xxx
59288,xxx
59289,xxx
59290,xxx
59291,xxx
59292,xxx
59293,xxx
59294,xxx
59295,xxx
59296,xxx
59297,xxx
59298,xxx
59299,xxx
59300,xxx
59301,xxx
59302,ра́скапьцъ
59303,ра́скапькы
59304,xxx
59305,xxx
59306,xxx
59307,xxx
59308,реалиу́
59309,реали́
59310,реалио́мъ
59311,ре́алиы
59312,ребяти́шьца
59313,ребяти́шьца
59314,ребяти́шька
59315,ребяти́шьцъ
59316,ребятишьцѣ́хъ
59317,ре́бятьцу
59318,ре́бятьцамь
59319,ре́бятькамь
59320,ре́бятьци
59321,ребятьцѣ́хъ
59322,xxx
59323,xxx
59324,xxx
59325,xxx
59326,xxx
59327,рейтузу́
59328,ре́йтузамь
59329,рейту́зѣ
59330,рейту́з
59331,xxx
59332,xxx
59333,xxx
59334,xxx
59335,xxx
59336,ре́шительнасътьѭ
59337,ре́шительнасъти
59338,решительно́сътии
59339,решительно́сътьхъ
59340,xxx
59341,xxx
59342,xxx
59343,xxx
59344,xxx
59345,xxx
59346,xxx
59347,xxx
59348,xxx
59349,xxx
59350,xxx
59351,xxx
59352,xxx
59353,xxx
59354,xxx
59355,xxx
59356,xxx
59357,xxx
59358,xxx
59359,ро́скаши
59360,ро́скаши
59361,ро́скашии
59362,ро́скашьми
59363,раско́шьхъ
59364,рауми́ньза
59365,рауминьзу́
59366,рауминьгу́
59367,ро́уминьгамь
59368,рауминьго́мъ
59369,ро́уминьгы
59370,xxx
59371,xxx
59372,xxx
59373,xxx
59374,xxx
59375,xxx
59376,xxx
59377,xxx
59378,саѣнтлагиѣ́
59379,саинтлагиѣ́
59380,саѣнтлаги́
59381,са́ѣнталагиами
59382,саѣнталагиа́хъ
59383,xxx
59384,xxx
59385,xxx
59386,xxx
59387,xxx
59388,xxx
59389,са́ни
59390,са́намъ
59391,са́ны
59392,са́ну
59393,са́ны
59394,санѣ́хъ
59395,xxx
59396,xxx
59397,са́турналиа
59398,са́турнали
59399,са́турнали
59400,са́турналиамъ
59401,сатурналиѣ́хъ
59402,сатурналиѣ́хъ
59403,сва́тавствамь
59404,сва́тавствѣ
59405,сва́тавстви
59406,сва́тавства
59407,сва́тавствамъ
59408,xxx
59409,xxx
59410,xxx
59411,xxx
59412,xxx
59413,xxx
59414,се́ленлагиѫ
59415,се́леналагиы
59416,се́ленлагиы
59417,сё́рфиньзъ
59418,сё́рфиньзамь
59419,сё́рфиньзамь
59420,сё́рфиньзи
59421,xxx
59422,xxx
59423,си́зу
59424,си́зѣ
59425,си́завыа
59426,си́завыа
59427,си́завыу
59428,сизавы́амь
59429,сизавы́ѣхъ
59430,сизавы́ихъ
59431,xxx
59432,xxx
59433,xxx
59434,xxx
59435,си́налагиѣ
59436,си́нлагии
59437,си́нлагиѣ
59438,си́нлаги
59439,xxx
59440,xxx
59441,xxx
59442,xxx
59443,сла́вистицѣ
59444,сла́вистицами
59445,сла́вистицами
59446,xxx
59447,xxx
59448,xxx
59449,xxx
59450,xxx
59451,xxx
59452,xxx
59453,xxx
59454,xxx
59455,xxx
59456,xxx
59457,xxx
59458,xxx
59459,xxx
59460,слу́ха
59461,слу́ха
59462,слу́ху
59463,слу́х
59464,слу́хамь
59465,xxx
59466,xxx
59467,сма́гаю
59468,смага́хъ
59469,xxx
59470,xxx
59471,сме́ршу
59472,сме́ршамь
59473,сме́ршамь
59474,сме́ршѣ
59475,смехуё́чьцъ
59476,смехуёчьцу́
59477,смехуё́чьцѣ
59478,смехуё́чькъ
59479,со́вдепиа
59480,со́вдепиѫ
59481,со́вдепиѫ
59482,сажитио́
59483,со́житиу
59484,со́житиу
59485,со́житиу
59486,сажити́
59487,сажити́амъ
59488,сажити́ѣхъ
59489,со́зиданиамь
59490,со́зиданиамь
59491,со́зиданиа
59492,со́зиданиы
59493,самавыо́
59494,самавы́
59495,самавыѣ́хъ
59496,xxx
59497,саабразительно́сътьмъ
59498,xxx
59499,xxx
59500,xxx
59501,спа́зматалагиа
59502,спа́зматлагиѣ
59503,спа́зматалагиѫ
59504,спа́зматалагиѣ
59505,спа́зматлагиы
59506,спа́зматалаги
59507,спа́зматлагиы
59508,спа́м
59509,спа́ми
59510,спа́ми
59511,спа́мы
59512,спа́мы
59513,спѣ́ллиньзѣ
59514,спѣ́ллиньзамъ
59515,спѣ́ллиньзы
59516,спѣллиньзѣ́хъ
59517,xxx
59518,специфично́съти
59519,специфичнасъти́
59520,специфично́сътии
59521,специфично́сътьмъ
59522,xxx
59523,xxx
59524,xxx
59525,xxx
59526,спи́ртнаа
59527,спи́ртнаа
59528,спи́ртнаа
59529,спи́ртнаамь
59530,спи́ртнаа
59531,спи́ртна
59532,спиртнаѣ́хъ
59533,сра́м
59534,сра́м
59535,сра́м
59536,xxx
59537,xxx
59538,xxx
59539,xxx
59540,xxx
59541,xxx
59542,xxx
59543,xxx
59544,xxx
59545,сти́биуму
59546,сти́биумамь
59547,сти́биуми
59548,сти́биумы
59549,xxx
59550,xxx
59551,xxx
59552,xxx
59553,xxx
59554,xxx
59555,xxx
59556,сче́тавадствамь
59557,сче́тавадства
59558,счетаво́дствъ
59559,счетавадство́мъ
59560,сче́тавадствы
59561,счетавадствѣ́хъ
59562,та́йьги
59563,та́йьзъ
59564,та́йьгъ
59565,xxx
59566,та́пачьцъ
59567,та́пачьку
59568,та́пачькамь
59569,та́пачьцамъ
59570,xxx
59571,xxx
59572,xxx
59573,xxx
59574,xxx
59575,xxx
59576,xxx
59577,xxx
59578,xxx
59579,телаги́ы
59580,те́лагиаю
59581,те́алагиаю
59582,те́лагиы
59583,телагиа́мъ
59584,телаги́ы
59585,теасафио́ю
59586,теасафи́
59587,xxx
59588,xxx
59589,xxx
59590,xxx
59591,xxx
59592,xxx
59593,xxx
59594,xxx
59595,xxx
59596,xxx
59597,xxx
59598,xxx
59599,xxx
59600,xxx
59601,xxx
59602,xxx
59603,xxx
59604,xxx
59605,xxx
59606,xxx
59607,xxx
59608,xxx
59609,xxx
59610,xxx
59611,xxx
59612,xxx
59613,xxx
59614,xxx
59615,требу́хы
59616,требухѫ́
59617,требу́х
59618,требуха́мъ
59619,тре́бухами
59620,тре́скавыу
59621,тре́скавыамъ
59622,xxx
59623,xxx
59624,xxx
59625,xxx
59626,xxx
59627,три́благиаю
59628,три́балагиаю
59629,три́цтракѣ
59630,xxx
59631,xxx
59632,xxx
59633,xxx
59634,xxx
59635,xxx
59636,xxx
59637,xxx
59638,xxx
59639,тру́сицѣ
59640,тру́сиц
59641,тру́сиц
59642,тру́сици
59643,тру́сици
59644,xxx
59645,xxx
59646,xxx
59647,xxx
59648,xxx
59649,xxx
59650,xxx
59651,xxx
59652,xxx
59653,xxx
59654,xxx
59655,xxx
59656,xxx
59657,xxx
59658,xxx
59659,xxx
59660,xxx
59661,xxx
59662,xxx
59663,у́нбибиа
59664,у́нбибиу
59665,у́нбибиѣ
59666,у́нбибиы
59667,xxx
59668,xxx
59669,xxx
59670,xxx
59671,xxx
59672,xxx
59673,унбитри́
59674,унбитриу́
59675,унбитри́и
59676,унбитри́
59677,унбитри́ы
59678,у́нунбии
59679,унунби́
59680,унунби́ы
59681,xxx
59682,xxx
59683,xxx
59684,xxx
59685,xxx
59686,xxx
59687,xxx
59688,xxx
59689,xxx
59690,xxx
59691,xxx
59692,у́нунтриа
59693,у́нунтриа
59694,у́нунтриамъ
59695,xxx
59696,xxx
59697,уралагиа́
59698,у́ралагиы
59699,у́рлагиы
59700,урлаги́ы
59701,у́рлагиами
59702,xxx
59703,xxx
59704,xxx
59705,xxx
59706,устилька́
59707,усти́льци
59708,усти́льци
59709,xxx
59710,xxx
59711,xxx
59712,xxx
59713,xxx
59714,xxx
59715,xxx
59716,xxx
59717,фѣкали́а
59718,фѣкалиу́
59719,фикали́
59720,фѣкали́ы
59721,фѣ́калиы
59722,фе́лляциы
59723,фе́лляциы
59724,фелляци́амъ
59725,фи́зкультураю
59726,фи́зкультуры
59727,физкульту́р
59728,физкультура́мъ
59729,физкультура́мъ
59730,xxx
59731,xxx
59732,xxx
59733,фо́льзѣ
59734,фо́льзи
59735,фо́льзѫ
59736,фо́льзаю
59737,фо́льзамъ
59738,фо́льзами
59739,фо́нлагиы
59740,фо́нлагиѫ
59741,фо́нлагиаю
59742,фо́нлаги
59743,xxx
59744,xxx
59745,xxx
59746,xxx
59747,xxx
59748,xxx
59749,xxx
59750,фтизиатриа́
59751,фтизиатриа́
59752,фтизиатриѣ́
59753,фтизиатриѣ́
59754,фти́зиатриаю
59755,фтизиатри́ѣ
59756,фтизиатри́ы
59757,фу́сьсѣ
59758,фу́сьсѫ
59759,фу́сьхѫ
59760,фу́сьхаю
59761,фу́сьсъ
59762,фу́сьсамъ
59763,фу́сьхы
59764,фу́сьхами
59765,фусьха́хъ
59766,хамса́
59767,хамсѣ́
59768,xxx
59769,xxx
59770,xxx
59771,xxx
59772,xxx
59773,xxx
59774,xxx
59775,xxx
59776,xxx
59777,xxx
59778,xxx
59779,xxx
59780,xxx
59781,xxx
59782,xxx
59783,xxx
59784,xxx
59785,xxx
59786,xxx
59787,xxx
59788,xxx
59789,xxx
59790,xxx
59791,ху́да
59792,ху́ду
59793,ху́да
59794,ху́дамъ
59795,ху́да
59796,xxx
59797,xxx
59798,xxx
59799,xxx
59800,xxx
59801,xxx
59802,xxx
59803,xxx
59804,xxx
59805,xxx
59806,xxx
59807,xxx
59808,xxx
59809,xxx
59810,xxx
59811,xxx
59812,xxx
59813,xxx
59814,xxx
59815,xxx
59816,xxx
59817,xxx
59818,xxx
59819,xxx
59820,xxx
59821,ша́вермѣ
59822,ша́вермы
59823,ша́вермы
59824,шаве́рмы
59825,ша́рму
59826,ша́рмы
59827,xxx
59828,ши́ци
59829,ши́ц
59830,ши́цамъ
59831,шицѣ́хъ
59832,xxx
59833,xxx
59834,xxx
59835,xxx
59836,xxx
59837,xxx
59838,xxx
59839,xxx
59840,xxx
59841,xxx
59842,xxx
59843,xxx
59844,xxx
59845,xxx
59846,шпа́на
59847,шпа́наю
59848,шпана́хъ
59849,xxx
59850,xxx
59851,э́йфарии
59852,э́йфариаю
59853,э́йфариы
59854,э́йфариами
59855,экспресси́ѣ
59856,э́кспрессиы
59857,xxx
59858,xxx
59859,эпилепсиѫ́
59860,э́пилепсиаю
59861,э́пилепсиами
59862,э́пилепсиами
59863,xxx
59864,xxx
59865,xxx
59866,xxx
59867,xxx
59868,xxx
59869,xxx
59870,xxx
59871,я́зыказнаниа
59872,я́зыказнаниа
59873,я́зыказнаниы
59874,xxx
59875,xxx
59876,xxx
59877,xxx
59878,xxx
59879,xxx
59880,xxx
59881,xxx
59882,xxx
59883,xxx
59884,xxx
59885,xxx
59886,xxx
59887,xxx
59888,да́тскии
59889,датски́
59890,датскио́мъ
59891,датски́ы
59892,да́тскиы
59893,дре́вневерхнемеци
59894,дре́вневерхнемециамь
59895,дре́вневерхненицамъ
59896,xxx
59897,xxx
59898,xxx
59899,xxx
59900,xxx
59901,xxx
59902,xxx
59903,xxx
59904,xxx
59905,xxx
59906,xxx
59907,xxx
59908,нарвежски́а
59909,нарвежскиу́
59910,но́рвежскиамь
59911,персидски́а
59912,персидски́
59913,персидски́и
59914,по́лицейскии
59915,по́лицейскиы
59916,xxx
59917,xxx
59918,xxx
59919,сиживаю́
59920,сижива́лъ
59921,сижива́ли
59922,xxx
59923,слыхива́си
59924,слыхивала́
59925,xxx
59926,xxx
59927,xxx
59928,xxx
59929,xxx
59930,xxx
59931,услыха́иши
59932,услыха́ать
59933,услыха́ать
59934,услыхали́
59935,виднею́
59936,видне́иши
59937,видне́иши
59938,виднеи́мъ
59939,видне́лъ
59940,ви́днела
59941,xxx
59942,палдаро́г
59943,палдаро́га
59944,по́лдараги
59945,палдра́г
59946,палдра́гы
59947,палдрагѣ́хъ
59948,xxx
59949,xxx
59950,xxx
59951,xxx
59952,xxx
59953,xxx
59954,xxx
59955,пачуди́си
59956,пачуди́ѫть
59957,xxx
59958,xxx
59959,xxx
59960,xxx
59961,xxx
59962,xxx
59963,xxx
59964,xxx
59965,xxx
59966,твари́еши
59967,тво́риете
59968,тварило́
59969,ташни́лъ
59970,ташни́ла
59971,то́шнили
59972,хатѣю́
59973,хатѣи́ть
59974,хо́тѣите
59975,хатѣла́
59976,хатѣло́
59977,xxx
59978,xxx
59979,xxx
59980,xxx
59981,xxx
59982,недастае́мъ
59983,недаста́ѫть
59984,не́дастала
59985,xxx
59986,xxx
59987,xxx
59988,xxx
59989,смѣркную́
59990,смѣркнуи́ши
59991,смиркнуи́ши
59992,смѣркну́ать
59993,xxx
59994,xxx
59995,разо́к
59996,разо́к
59997,ра́закамь
59998,разо́ки
59999,разако́мъ
